ISO-10303-21;
HEADER;
FILE_DESCRIPTION(('Keyboard Case Plate - left_switch_plate'),'2;1');
FILE_NAME('left_switch_plate.stp','2025-01-01T00:00:00',(''),(''),'','','');
FILE_SCHEMA(('AUTOMOTIVE_DESIGN { 1 0 10303 214 1 1 1 1 }'));
ENDSEC;
DATA;
#1 = CARTESIAN_POINT('',(9.15626300,59.06016000,1.50000000));
#2 = VERTEX_POINT('',#1);
#3 = CARTESIAN_POINT('',(22.95626300,59.06016000,1.50000000));
#4 = VERTEX_POINT('',#3);
#5 = CARTESIAN_POINT('',(22.95626300,45.26016000,1.50000000));
#6 = VERTEX_POINT('',#5);
#7 = CARTESIAN_POINT('',(9.15626300,45.26016000,1.50000000));
#8 = VERTEX_POINT('',#7);
#9 = CARTESIAN_POINT('',(9.15626300,59.06016000,1.50000000));
#10 = DIRECTION('',(1.00000000,0.00000000,0.00000000));
#11 = VECTOR('',#10,13.80000000);
#12 = LINE('',#9,#11);
#13 = EDGE_CURVE('',#2,#4,#12,.T.);
#14 = CARTESIAN_POINT('',(22.95626300,59.06016000,1.50000000));
#15 = DIRECTION('',(0.00000000,-1.00000000,0.00000000));
#16 = VECTOR('',#15,13.80000000);
#17 = LINE('',#14,#16);
#18 = EDGE_CURVE('',#4,#6,#17,.T.);
#19 = CARTESIAN_POINT('',(22.95626300,45.26016000,1.50000000));
#20 = DIRECTION('',(-1.00000000,0.00000000,0.00000000));
#21 = VECTOR('',#20,13.80000000);
#22 = LINE('',#19,#21);
#23 = EDGE_CURVE('',#6,#8,#22,.T.);
#24 = CARTESIAN_POINT('',(9.15626300,45.26016000,1.50000000));
#25 = DIRECTION('',(0.00000000,1.00000000,0.00000000));
#26 = VECTOR('',#25,13.80000000);
#27 = LINE('',#24,#26);
#28 = EDGE_CURVE('',#8,#2,#27,.T.);
#29 = ORIENTED_EDGE('',*,*,#13,.F.);
#30 = ORIENTED_EDGE('',*,*,#18,.F.);
#31 = ORIENTED_EDGE('',*,*,#23,.F.);
#32 = ORIENTED_EDGE('',*,*,#28,.F.);
#33 = EDGE_LOOP('',(#29,#30,#31,#32));
#34 = CARTESIAN_POINT('',(9.15626300,59.06016000,0.00000000));
#35 = VERTEX_POINT('',#34);
#36 = CARTESIAN_POINT('',(22.95626300,59.06016000,0.00000000));
#37 = VERTEX_POINT('',#36);
#38 = CARTESIAN_POINT('',(22.95626300,45.26016000,0.00000000));
#39 = VERTEX_POINT('',#38);
#40 = CARTESIAN_POINT('',(9.15626300,45.26016000,0.00000000));
#41 = VERTEX_POINT('',#40);
#42 = CARTESIAN_POINT('',(9.15626300,59.06016000,0.00000000));
#43 = DIRECTION('',(1.00000000,0.00000000,0.00000000));
#44 = VECTOR('',#43,13.80000000);
#45 = LINE('',#42,#44);
#46 = EDGE_CURVE('',#35,#37,#45,.T.);
#47 = CARTESIAN_POINT('',(22.95626300,59.06016000,0.00000000));
#48 = DIRECTION('',(0.00000000,-1.00000000,0.00000000));
#49 = VECTOR('',#48,13.80000000);
#50 = LINE('',#47,#49);
#51 = EDGE_CURVE('',#37,#39,#50,.T.);
#52 = CARTESIAN_POINT('',(22.95626300,45.26016000,0.00000000));
#53 = DIRECTION('',(-1.00000000,0.00000000,0.00000000));
#54 = VECTOR('',#53,13.80000000);
#55 = LINE('',#52,#54);
#56 = EDGE_CURVE('',#39,#41,#55,.T.);
#57 = CARTESIAN_POINT('',(9.15626300,45.26016000,0.00000000));
#58 = DIRECTION('',(0.00000000,1.00000000,0.00000000));
#59 = VECTOR('',#58,13.80000000);
#60 = LINE('',#57,#59);
#61 = EDGE_CURVE('',#41,#35,#60,.T.);
#62 = ORIENTED_EDGE('',*,*,#46,.T.);
#63 = ORIENTED_EDGE('',*,*,#51,.T.);
#64 = ORIENTED_EDGE('',*,*,#56,.T.);
#65 = ORIENTED_EDGE('',*,*,#61,.T.);
#66 = EDGE_LOOP('',(#62,#63,#64,#65));
#67 = CARTESIAN_POINT('',(47.50656300,37.64156000,1.50000000));
#68 = VERTEX_POINT('',#67);
#69 = CARTESIAN_POINT('',(61.30656300,37.64156000,1.50000000));
#70 = VERTEX_POINT('',#69);
#71 = CARTESIAN_POINT('',(61.30656300,23.84156000,1.50000000));
#72 = VERTEX_POINT('',#71);
#73 = CARTESIAN_POINT('',(47.50656300,23.84156000,1.50000000));
#74 = VERTEX_POINT('',#73);
#75 = CARTESIAN_POINT('',(47.50656300,37.64156000,1.50000000));
#76 = DIRECTION('',(1.00000000,0.00000000,0.00000000));
#77 = VECTOR('',#76,13.80000000);
#78 = LINE('',#75,#77);
#79 = EDGE_CURVE('',#68,#70,#78,.T.);
#80 = CARTESIAN_POINT('',(61.30656300,37.64156000,1.50000000));
#81 = DIRECTION('',(0.00000000,-1.00000000,0.00000000));
#82 = VECTOR('',#81,13.80000000);
#83 = LINE('',#80,#82);
#84 = EDGE_CURVE('',#70,#72,#83,.T.);
#85 = CARTESIAN_POINT('',(61.30656300,23.84156000,1.50000000));
#86 = DIRECTION('',(-1.00000000,0.00000000,0.00000000));
#87 = VECTOR('',#86,13.80000000);
#88 = LINE('',#85,#87);
#89 = EDGE_CURVE('',#72,#74,#88,.T.);
#90 = CARTESIAN_POINT('',(47.50656300,23.84156000,1.50000000));
#91 = DIRECTION('',(0.00000000,1.00000000,0.00000000));
#92 = VECTOR('',#91,13.80000000);
#93 = LINE('',#90,#92);
#94 = EDGE_CURVE('',#74,#68,#93,.T.);
#95 = ORIENTED_EDGE('',*,*,#79,.F.);
#96 = ORIENTED_EDGE('',*,*,#84,.F.);
#97 = ORIENTED_EDGE('',*,*,#89,.F.);
#98 = ORIENTED_EDGE('',*,*,#94,.F.);
#99 = EDGE_LOOP('',(#95,#96,#97,#98));
#100 = CARTESIAN_POINT('',(47.50656300,37.64156000,0.00000000));
#101 = VERTEX_POINT('',#100);
#102 = CARTESIAN_POINT('',(61.30656300,37.64156000,0.00000000));
#103 = VERTEX_POINT('',#102);
#104 = CARTESIAN_POINT('',(61.30656300,23.84156000,0.00000000));
#105 = VERTEX_POINT('',#104);
#106 = CARTESIAN_POINT('',(47.50656300,23.84156000,0.00000000));
#107 = VERTEX_POINT('',#106);
#108 = CARTESIAN_POINT('',(47.50656300,37.64156000,0.00000000));
#109 = DIRECTION('',(1.00000000,0.00000000,0.00000000));
#110 = VECTOR('',#109,13.80000000);
#111 = LINE('',#108,#110);
#112 = EDGE_CURVE('',#101,#103,#111,.T.);
#113 = CARTESIAN_POINT('',(61.30656300,37.64156000,0.00000000));
#114 = DIRECTION('',(0.00000000,-1.00000000,0.00000000));
#115 = VECTOR('',#114,13.80000000);
#116 = LINE('',#113,#115);
#117 = EDGE_CURVE('',#103,#105,#116,.T.);
#118 = CARTESIAN_POINT('',(61.30656300,23.84156000,0.00000000));
#119 = DIRECTION('',(-1.00000000,0.00000000,0.00000000));
#120 = VECTOR('',#119,13.80000000);
#121 = LINE('',#118,#120);
#122 = EDGE_CURVE('',#105,#107,#121,.T.);
#123 = CARTESIAN_POINT('',(47.50656300,23.84156000,0.00000000));
#124 = DIRECTION('',(0.00000000,1.00000000,0.00000000));
#125 = VECTOR('',#124,13.80000000);
#126 = LINE('',#123,#125);
#127 = EDGE_CURVE('',#107,#101,#126,.T.);
#128 = ORIENTED_EDGE('',*,*,#112,.T.);
#129 = ORIENTED_EDGE('',*,*,#117,.T.);
#130 = ORIENTED_EDGE('',*,*,#122,.T.);
#131 = ORIENTED_EDGE('',*,*,#127,.T.);
#132 = EDGE_LOOP('',(#128,#129,#130,#131));
#133 = CARTESIAN_POINT('',(66.75356300,34.81416000,1.50000000));
#134 = VERTEX_POINT('',#133);
#135 = CARTESIAN_POINT('',(80.55356300,34.81416000,1.50000000));
#136 = VERTEX_POINT('',#135);
#137 = CARTESIAN_POINT('',(80.55356300,21.01416000,1.50000000));
#138 = VERTEX_POINT('',#137);
#139 = CARTESIAN_POINT('',(66.75356300,21.01416000,1.50000000));
#140 = VERTEX_POINT('',#139);
#141 = CARTESIAN_POINT('',(66.75356300,34.81416000,1.50000000));
#142 = DIRECTION('',(1.00000000,0.00000000,0.00000000));
#143 = VECTOR('',#142,13.80000000);
#144 = LINE('',#141,#143);
#145 = EDGE_CURVE('',#134,#136,#144,.T.);
#146 = CARTESIAN_POINT('',(80.55356300,34.81416000,1.50000000));
#147 = DIRECTION('',(0.00000000,-1.00000000,0.00000000));
#148 = VECTOR('',#147,13.80000000);
#149 = LINE('',#146,#148);
#150 = EDGE_CURVE('',#136,#138,#149,.T.);
#151 = CARTESIAN_POINT('',(80.55356300,21.01416000,1.50000000));
#152 = DIRECTION('',(-1.00000000,0.00000000,0.00000000));
#153 = VECTOR('',#152,13.80000000);
#154 = LINE('',#151,#153);
#155 = EDGE_CURVE('',#138,#140,#154,.T.);
#156 = CARTESIAN_POINT('',(66.75356300,21.01416000,1.50000000));
#157 = DIRECTION('',(0.00000000,1.00000000,0.00000000));
#158 = VECTOR('',#157,13.80000000);
#159 = LINE('',#156,#158);
#160 = EDGE_CURVE('',#140,#134,#159,.T.);
#161 = ORIENTED_EDGE('',*,*,#145,.F.);
#162 = ORIENTED_EDGE('',*,*,#150,.F.);
#163 = ORIENTED_EDGE('',*,*,#155,.F.);
#164 = ORIENTED_EDGE('',*,*,#160,.F.);
#165 = EDGE_LOOP('',(#161,#162,#163,#164));
#166 = CARTESIAN_POINT('',(66.75356300,34.81416000,0.00000000));
#167 = VERTEX_POINT('',#166);
#168 = CARTESIAN_POINT('',(80.55356300,34.81416000,0.00000000));
#169 = VERTEX_POINT('',#168);
#170 = CARTESIAN_POINT('',(80.55356300,21.01416000,0.00000000));
#171 = VERTEX_POINT('',#170);
#172 = CARTESIAN_POINT('',(66.75356300,21.01416000,0.00000000));
#173 = VERTEX_POINT('',#172);
#174 = CARTESIAN_POINT('',(66.75356300,34.81416000,0.00000000));
#175 = DIRECTION('',(1.00000000,0.00000000,0.00000000));
#176 = VECTOR('',#175,13.80000000);
#177 = LINE('',#174,#176);
#178 = EDGE_CURVE('',#167,#169,#177,.T.);
#179 = CARTESIAN_POINT('',(80.55356300,34.81416000,0.00000000));
#180 = DIRECTION('',(0.00000000,-1.00000000,0.00000000));
#181 = VECTOR('',#180,13.80000000);
#182 = LINE('',#179,#181);
#183 = EDGE_CURVE('',#169,#171,#182,.T.);
#184 = CARTESIAN_POINT('',(80.55356300,21.01416000,0.00000000));
#185 = DIRECTION('',(-1.00000000,0.00000000,0.00000000));
#186 = VECTOR('',#185,13.80000000);
#187 = LINE('',#184,#186);
#188 = EDGE_CURVE('',#171,#173,#187,.T.);
#189 = CARTESIAN_POINT('',(66.75356300,21.01416000,0.00000000));
#190 = DIRECTION('',(0.00000000,1.00000000,0.00000000));
#191 = VECTOR('',#190,13.80000000);
#192 = LINE('',#189,#191);
#193 = EDGE_CURVE('',#173,#167,#192,.T.);
#194 = ORIENTED_EDGE('',*,*,#178,.T.);
#195 = ORIENTED_EDGE('',*,*,#183,.T.);
#196 = ORIENTED_EDGE('',*,*,#188,.T.);
#197 = ORIENTED_EDGE('',*,*,#193,.T.);
#198 = EDGE_LOOP('',(#194,#195,#196,#197));
#199 = CARTESIAN_POINT('',(98.77839721,79.33857504,1.50000000));
#200 = VERTEX_POINT('',#199);
#201 = CARTESIAN_POINT('',(112.52588404,78.13582579,1.50000000));
#202 = VERTEX_POINT('',#201);
#203 = CARTESIAN_POINT('',(111.32313479,64.38833896,1.50000000));
#204 = VERTEX_POINT('',#203);
#205 = CARTESIAN_POINT('',(97.57564796,65.59108821,1.50000000));
#206 = VERTEX_POINT('',#205);
#207 = CARTESIAN_POINT('',(98.77839721,79.33857504,1.50000000));
#208 = DIRECTION('',(0.99619470,-0.08715574,0.00000000));
#209 = VECTOR('',#208,13.80000000);
#210 = LINE('',#207,#209);
#211 = EDGE_CURVE('',#200,#202,#210,.T.);
#212 = CARTESIAN_POINT('',(112.52588404,78.13582579,1.50000000));
#213 = DIRECTION('',(-0.08715574,-0.99619470,0.00000000));
#214 = VECTOR('',#213,13.80000000);
#215 = LINE('',#212,#214);
#216 = EDGE_CURVE('',#202,#204,#215,.T.);
#217 = CARTESIAN_POINT('',(111.32313479,64.38833896,1.50000000));
#218 = DIRECTION('',(-0.99619470,0.08715574,0.00000000));
#219 = VECTOR('',#218,13.80000000);
#220 = LINE('',#217,#219);
#221 = EDGE_CURVE('',#204,#206,#220,.T.);
#222 = CARTESIAN_POINT('',(97.57564796,65.59108821,1.50000000));
#223 = DIRECTION('',(0.08715574,0.99619470,0.00000000));
#224 = VECTOR('',#223,13.80000000);
#225 = LINE('',#222,#224);
#226 = EDGE_CURVE('',#206,#200,#225,.T.);
#227 = ORIENTED_EDGE('',*,*,#211,.F.);
#228 = ORIENTED_EDGE('',*,*,#216,.F.);
#229 = ORIENTED_EDGE('',*,*,#221,.F.);
#230 = ORIENTED_EDGE('',*,*,#226,.F.);
#231 = EDGE_LOOP('',(#227,#228,#229,#230));
#232 = CARTESIAN_POINT('',(98.77839721,79.33857504,0.00000000));
#233 = VERTEX_POINT('',#232);
#234 = CARTESIAN_POINT('',(112.52588404,78.13582579,0.00000000));
#235 = VERTEX_POINT('',#234);
#236 = CARTESIAN_POINT('',(111.32313479,64.38833896,0.00000000));
#237 = VERTEX_POINT('',#236);
#238 = CARTESIAN_POINT('',(97.57564796,65.59108821,0.00000000));
#239 = VERTEX_POINT('',#238);
#240 = CARTESIAN_POINT('',(98.77839721,79.33857504,0.00000000));
#241 = DIRECTION('',(0.99619470,-0.08715574,0.00000000));
#242 = VECTOR('',#241,13.80000000);
#243 = LINE('',#240,#242);
#244 = EDGE_CURVE('',#233,#235,#243,.T.);
#245 = CARTESIAN_POINT('',(112.52588404,78.13582579,0.00000000));
#246 = DIRECTION('',(-0.08715574,-0.99619470,0.00000000));
#247 = VECTOR('',#246,13.80000000);
#248 = LINE('',#245,#247);
#249 = EDGE_CURVE('',#235,#237,#248,.T.);
#250 = CARTESIAN_POINT('',(111.32313479,64.38833896,0.00000000));
#251 = DIRECTION('',(-0.99619470,0.08715574,0.00000000));
#252 = VECTOR('',#251,13.80000000);
#253 = LINE('',#250,#252);
#254 = EDGE_CURVE('',#237,#239,#253,.T.);
#255 = CARTESIAN_POINT('',(97.57564796,65.59108821,0.00000000));
#256 = DIRECTION('',(0.08715574,0.99619470,0.00000000));
#257 = VECTOR('',#256,13.80000000);
#258 = LINE('',#255,#257);
#259 = EDGE_CURVE('',#239,#233,#258,.T.);
#260 = ORIENTED_EDGE('',*,*,#244,.T.);
#261 = ORIENTED_EDGE('',*,*,#249,.T.);
#262 = ORIENTED_EDGE('',*,*,#254,.T.);
#263 = ORIENTED_EDGE('',*,*,#259,.T.);
#264 = EDGE_LOOP('',(#260,#261,#262,#263));
#265 = CARTESIAN_POINT('',(76.68866300,77.88796000,1.50000000));
#266 = VERTEX_POINT('',#265);
#267 = CARTESIAN_POINT('',(90.48866300,77.88796000,1.50000000));
#268 = VERTEX_POINT('',#267);
#269 = CARTESIAN_POINT('',(90.48866300,64.08796000,1.50000000));
#270 = VERTEX_POINT('',#269);
#271 = CARTESIAN_POINT('',(76.68866300,64.08796000,1.50000000));
#272 = VERTEX_POINT('',#271);
#273 = CARTESIAN_POINT('',(76.68866300,77.88796000,1.50000000));
#274 = DIRECTION('',(1.00000000,0.00000000,0.00000000));
#275 = VECTOR('',#274,13.80000000);
#276 = LINE('',#273,#275);
#277 = EDGE_CURVE('',#266,#268,#276,.T.);
#278 = CARTESIAN_POINT('',(90.48866300,77.88796000,1.50000000));
#279 = DIRECTION('',(0.00000000,-1.00000000,0.00000000));
#280 = VECTOR('',#279,13.80000000);
#281 = LINE('',#278,#280);
#282 = EDGE_CURVE('',#268,#270,#281,.T.);
#283 = CARTESIAN_POINT('',(90.48866300,64.08796000,1.50000000));
#284 = DIRECTION('',(-1.00000000,0.00000000,0.00000000));
#285 = VECTOR('',#284,13.80000000);
#286 = LINE('',#283,#285);
#287 = EDGE_CURVE('',#270,#272,#286,.T.);
#288 = CARTESIAN_POINT('',(76.68866300,64.08796000,1.50000000));
#289 = DIRECTION('',(0.00000000,1.00000000,0.00000000));
#290 = VECTOR('',#289,13.80000000);
#291 = LINE('',#288,#290);
#292 = EDGE_CURVE('',#272,#266,#291,.T.);
#293 = ORIENTED_EDGE('',*,*,#277,.F.);
#294 = ORIENTED_EDGE('',*,*,#282,.F.);
#295 = ORIENTED_EDGE('',*,*,#287,.F.);
#296 = ORIENTED_EDGE('',*,*,#292,.F.);
#297 = EDGE_LOOP('',(#293,#294,#295,#296));
#298 = CARTESIAN_POINT('',(76.68866300,77.88796000,0.00000000));
#299 = VERTEX_POINT('',#298);
#300 = CARTESIAN_POINT('',(90.48866300,77.88796000,0.00000000));
#301 = VERTEX_POINT('',#300);
#302 = CARTESIAN_POINT('',(90.48866300,64.08796000,0.00000000));
#303 = VERTEX_POINT('',#302);
#304 = CARTESIAN_POINT('',(76.68866300,64.08796000,0.00000000));
#305 = VERTEX_POINT('',#304);
#306 = CARTESIAN_POINT('',(76.68866300,77.88796000,0.00000000));
#307 = DIRECTION('',(1.00000000,0.00000000,0.00000000));
#308 = VECTOR('',#307,13.80000000);
#309 = LINE('',#306,#308);
#310 = EDGE_CURVE('',#299,#301,#309,.T.);
#311 = CARTESIAN_POINT('',(90.48866300,77.88796000,0.00000000));
#312 = DIRECTION('',(0.00000000,-1.00000000,0.00000000));
#313 = VECTOR('',#312,13.80000000);
#314 = LINE('',#311,#313);
#315 = EDGE_CURVE('',#301,#303,#314,.T.);
#316 = CARTESIAN_POINT('',(90.48866300,64.08796000,0.00000000));
#317 = DIRECTION('',(-1.00000000,0.00000000,0.00000000));
#318 = VECTOR('',#317,13.80000000);
#319 = LINE('',#316,#318);
#320 = EDGE_CURVE('',#303,#305,#319,.T.);
#321 = CARTESIAN_POINT('',(76.68866300,64.08796000,0.00000000));
#322 = DIRECTION('',(0.00000000,1.00000000,0.00000000));
#323 = VECTOR('',#322,13.80000000);
#324 = LINE('',#321,#323);
#325 = EDGE_CURVE('',#305,#299,#324,.T.);
#326 = ORIENTED_EDGE('',*,*,#310,.T.);
#327 = ORIENTED_EDGE('',*,*,#315,.T.);
#328 = ORIENTED_EDGE('',*,*,#320,.T.);
#329 = ORIENTED_EDGE('',*,*,#325,.T.);
#330 = EDGE_LOOP('',(#326,#327,#328,#329));
#331 = CARTESIAN_POINT('',(105.01216300,57.10176000,1.50000000));
#332 = VERTEX_POINT('',#331);
#333 = CARTESIAN_POINT('',(118.81216300,57.10176000,1.50000000));
#334 = VERTEX_POINT('',#333);
#335 = CARTESIAN_POINT('',(118.81216300,43.30176000,1.50000000));
#336 = VERTEX_POINT('',#335);
#337 = CARTESIAN_POINT('',(105.01216300,43.30176000,1.50000000));
#338 = VERTEX_POINT('',#337);
#339 = CARTESIAN_POINT('',(105.01216300,57.10176000,1.50000000));
#340 = DIRECTION('',(1.00000000,0.00000000,0.00000000));
#341 = VECTOR('',#340,13.80000000);
#342 = LINE('',#339,#341);
#343 = EDGE_CURVE('',#332,#334,#342,.T.);
#344 = CARTESIAN_POINT('',(118.81216300,57.10176000,1.50000000));
#345 = DIRECTION('',(0.00000000,-1.00000000,0.00000000));
#346 = VECTOR('',#345,13.80000000);
#347 = LINE('',#344,#346);
#348 = EDGE_CURVE('',#334,#336,#347,.T.);
#349 = CARTESIAN_POINT('',(118.81216300,43.30176000,1.50000000));
#350 = DIRECTION('',(-1.00000000,0.00000000,0.00000000));
#351 = VECTOR('',#350,13.80000000);
#352 = LINE('',#349,#351);
#353 = EDGE_CURVE('',#336,#338,#352,.T.);
#354 = CARTESIAN_POINT('',(105.01216300,43.30176000,1.50000000));
#355 = DIRECTION('',(0.00000000,1.00000000,0.00000000));
#356 = VECTOR('',#355,13.80000000);
#357 = LINE('',#354,#356);
#358 = EDGE_CURVE('',#338,#332,#357,.T.);
#359 = ORIENTED_EDGE('',*,*,#343,.F.);
#360 = ORIENTED_EDGE('',*,*,#348,.F.);
#361 = ORIENTED_EDGE('',*,*,#353,.F.);
#362 = ORIENTED_EDGE('',*,*,#358,.F.);
#363 = EDGE_LOOP('',(#359,#360,#361,#362));
#364 = CARTESIAN_POINT('',(105.01216300,57.10176000,0.00000000));
#365 = VERTEX_POINT('',#364);
#366 = CARTESIAN_POINT('',(118.81216300,57.10176000,0.00000000));
#367 = VERTEX_POINT('',#366);
#368 = CARTESIAN_POINT('',(118.81216300,43.30176000,0.00000000));
#369 = VERTEX_POINT('',#368);
#370 = CARTESIAN_POINT('',(105.01216300,43.30176000,0.00000000));
#371 = VERTEX_POINT('',#370);
#372 = CARTESIAN_POINT('',(105.01216300,57.10176000,0.00000000));
#373 = DIRECTION('',(1.00000000,0.00000000,0.00000000));
#374 = VECTOR('',#373,13.80000000);
#375 = LINE('',#372,#374);
#376 = EDGE_CURVE('',#365,#367,#375,.T.);
#377 = CARTESIAN_POINT('',(118.81216300,57.10176000,0.00000000));
#378 = DIRECTION('',(0.00000000,-1.00000000,0.00000000));
#379 = VECTOR('',#378,13.80000000);
#380 = LINE('',#377,#379);
#381 = EDGE_CURVE('',#367,#369,#380,.T.);
#382 = CARTESIAN_POINT('',(118.81216300,43.30176000,0.00000000));
#383 = DIRECTION('',(-1.00000000,0.00000000,0.00000000));
#384 = VECTOR('',#383,13.80000000);
#385 = LINE('',#382,#384);
#386 = EDGE_CURVE('',#369,#371,#385,.T.);
#387 = CARTESIAN_POINT('',(105.01216300,43.30176000,0.00000000));
#388 = DIRECTION('',(0.00000000,1.00000000,0.00000000));
#389 = VECTOR('',#388,13.80000000);
#390 = LINE('',#387,#389);
#391 = EDGE_CURVE('',#371,#365,#390,.T.);
#392 = ORIENTED_EDGE('',*,*,#376,.T.);
#393 = ORIENTED_EDGE('',*,*,#381,.T.);
#394 = ORIENTED_EDGE('',*,*,#386,.T.);
#395 = ORIENTED_EDGE('',*,*,#391,.T.);
#396 = EDGE_LOOP('',(#392,#393,#394,#395));
#397 = CARTESIAN_POINT('',(85.86056300,55.36756000,1.50000000));
#398 = VERTEX_POINT('',#397);
#399 = CARTESIAN_POINT('',(99.66056300,55.36756000,1.50000000));
#400 = VERTEX_POINT('',#399);
#401 = CARTESIAN_POINT('',(99.66056300,41.56756000,1.50000000));
#402 = VERTEX_POINT('',#401);
#403 = CARTESIAN_POINT('',(85.86056300,41.56756000,1.50000000));
#404 = VERTEX_POINT('',#403);
#405 = CARTESIAN_POINT('',(85.86056300,55.36756000,1.50000000));
#406 = DIRECTION('',(1.00000000,0.00000000,0.00000000));
#407 = VECTOR('',#406,13.80000000);
#408 = LINE('',#405,#407);
#409 = EDGE_CURVE('',#398,#400,#408,.T.);
#410 = CARTESIAN_POINT('',(99.66056300,55.36756000,1.50000000));
#411 = DIRECTION('',(0.00000000,-1.00000000,0.00000000));
#412 = VECTOR('',#411,13.80000000);
#413 = LINE('',#410,#412);
#414 = EDGE_CURVE('',#400,#402,#413,.T.);
#415 = CARTESIAN_POINT('',(99.66056300,41.56756000,1.50000000));
#416 = DIRECTION('',(-1.00000000,0.00000000,0.00000000));
#417 = VECTOR('',#416,13.80000000);
#418 = LINE('',#415,#417);
#419 = EDGE_CURVE('',#402,#404,#418,.T.);
#420 = CARTESIAN_POINT('',(85.86056300,41.56756000,1.50000000));
#421 = DIRECTION('',(0.00000000,1.00000000,0.00000000));
#422 = VECTOR('',#421,13.80000000);
#423 = LINE('',#420,#422);
#424 = EDGE_CURVE('',#404,#398,#423,.T.);
#425 = ORIENTED_EDGE('',*,*,#409,.F.);
#426 = ORIENTED_EDGE('',*,*,#414,.F.);
#427 = ORIENTED_EDGE('',*,*,#419,.F.);
#428 = ORIENTED_EDGE('',*,*,#424,.F.);
#429 = EDGE_LOOP('',(#425,#426,#427,#428));
#430 = CARTESIAN_POINT('',(85.86056300,55.36756000,0.00000000));
#431 = VERTEX_POINT('',#430);
#432 = CARTESIAN_POINT('',(99.66056300,55.36756000,0.00000000));
#433 = VERTEX_POINT('',#432);
#434 = CARTESIAN_POINT('',(99.66056300,41.56756000,0.00000000));
#435 = VERTEX_POINT('',#434);
#436 = CARTESIAN_POINT('',(85.86056300,41.56756000,0.00000000));
#437 = VERTEX_POINT('',#436);
#438 = CARTESIAN_POINT('',(85.86056300,55.36756000,0.00000000));
#439 = DIRECTION('',(1.00000000,0.00000000,0.00000000));
#440 = VECTOR('',#439,13.80000000);
#441 = LINE('',#438,#440);
#442 = EDGE_CURVE('',#431,#433,#441,.T.);
#443 = CARTESIAN_POINT('',(99.66056300,55.36756000,0.00000000));
#444 = DIRECTION('',(0.00000000,-1.00000000,0.00000000));
#445 = VECTOR('',#444,13.80000000);
#446 = LINE('',#443,#445);
#447 = EDGE_CURVE('',#433,#435,#446,.T.);
#448 = CARTESIAN_POINT('',(99.66056300,41.56756000,0.00000000));
#449 = DIRECTION('',(-1.00000000,0.00000000,0.00000000));
#450 = VECTOR('',#449,13.80000000);
#451 = LINE('',#448,#450);
#452 = EDGE_CURVE('',#435,#437,#451,.T.);
#453 = CARTESIAN_POINT('',(85.86056300,41.56756000,0.00000000));
#454 = DIRECTION('',(0.00000000,1.00000000,0.00000000));
#455 = VECTOR('',#454,13.80000000);
#456 = LINE('',#453,#455);
#457 = EDGE_CURVE('',#437,#431,#456,.T.);
#458 = ORIENTED_EDGE('',*,*,#442,.T.);
#459 = ORIENTED_EDGE('',*,*,#447,.T.);
#460 = ORIENTED_EDGE('',*,*,#452,.T.);
#461 = ORIENTED_EDGE('',*,*,#457,.T.);
#462 = EDGE_LOOP('',(#458,#459,#460,#461));
#463 = CARTESIAN_POINT('',(28.40576300,59.12276000,1.50000000));
#464 = VERTEX_POINT('',#463);
#465 = CARTESIAN_POINT('',(42.20576300,59.12276000,1.50000000));
#466 = VERTEX_POINT('',#465);
#467 = CARTESIAN_POINT('',(42.20576300,45.32276000,1.50000000));
#468 = VERTEX_POINT('',#467);
#469 = CARTESIAN_POINT('',(28.40576300,45.32276000,1.50000000));
#470 = VERTEX_POINT('',#469);
#471 = CARTESIAN_POINT('',(28.40576300,59.12276000,1.50000000));
#472 = DIRECTION('',(1.00000000,0.00000000,0.00000000));
#473 = VECTOR('',#472,13.80000000);
#474 = LINE('',#471,#473);
#475 = EDGE_CURVE('',#464,#466,#474,.T.);
#476 = CARTESIAN_POINT('',(42.20576300,59.12276000,1.50000000));
#477 = DIRECTION('',(0.00000000,-1.00000000,0.00000000));
#478 = VECTOR('',#477,13.80000000);
#479 = LINE('',#476,#478);
#480 = EDGE_CURVE('',#466,#468,#479,.T.);
#481 = CARTESIAN_POINT('',(42.20576300,45.32276000,1.50000000));
#482 = DIRECTION('',(-1.00000000,0.00000000,0.00000000));
#483 = VECTOR('',#482,13.80000000);
#484 = LINE('',#481,#483);
#485 = EDGE_CURVE('',#468,#470,#484,.T.);
#486 = CARTESIAN_POINT('',(28.40576300,45.32276000,1.50000000));
#487 = DIRECTION('',(0.00000000,1.00000000,0.00000000));
#488 = VECTOR('',#487,13.80000000);
#489 = LINE('',#486,#488);
#490 = EDGE_CURVE('',#470,#464,#489,.T.);
#491 = ORIENTED_EDGE('',*,*,#475,.F.);
#492 = ORIENTED_EDGE('',*,*,#480,.F.);
#493 = ORIENTED_EDGE('',*,*,#485,.F.);
#494 = ORIENTED_EDGE('',*,*,#490,.F.);
#495 = EDGE_LOOP('',(#491,#492,#493,#494));
#496 = CARTESIAN_POINT('',(28.40576300,59.12276000,0.00000000));
#497 = VERTEX_POINT('',#496);
#498 = CARTESIAN_POINT('',(42.20576300,59.12276000,0.00000000));
#499 = VERTEX_POINT('',#498);
#500 = CARTESIAN_POINT('',(42.20576300,45.32276000,0.00000000));
#501 = VERTEX_POINT('',#500);
#502 = CARTESIAN_POINT('',(28.40576300,45.32276000,0.00000000));
#503 = VERTEX_POINT('',#502);
#504 = CARTESIAN_POINT('',(28.40576300,59.12276000,0.00000000));
#505 = DIRECTION('',(1.00000000,0.00000000,0.00000000));
#506 = VECTOR('',#505,13.80000000);
#507 = LINE('',#504,#506);
#508 = EDGE_CURVE('',#497,#499,#507,.T.);
#509 = CARTESIAN_POINT('',(42.20576300,59.12276000,0.00000000));
#510 = DIRECTION('',(0.00000000,-1.00000000,0.00000000));
#511 = VECTOR('',#510,13.80000000);
#512 = LINE('',#509,#511);
#513 = EDGE_CURVE('',#499,#501,#512,.T.);
#514 = CARTESIAN_POINT('',(42.20576300,45.32276000,0.00000000));
#515 = DIRECTION('',(-1.00000000,0.00000000,0.00000000));
#516 = VECTOR('',#515,13.80000000);
#517 = LINE('',#514,#516);
#518 = EDGE_CURVE('',#501,#503,#517,.T.);
#519 = CARTESIAN_POINT('',(28.40576300,45.32276000,0.00000000));
#520 = DIRECTION('',(0.00000000,1.00000000,0.00000000));
#521 = VECTOR('',#520,13.80000000);
#522 = LINE('',#519,#521);
#523 = EDGE_CURVE('',#503,#497,#522,.T.);
#524 = ORIENTED_EDGE('',*,*,#508,.T.);
#525 = ORIENTED_EDGE('',*,*,#513,.T.);
#526 = ORIENTED_EDGE('',*,*,#518,.T.);
#527 = ORIENTED_EDGE('',*,*,#523,.T.);
#528 = EDGE_LOOP('',(#524,#525,#526,#527));
#529 = CARTESIAN_POINT('',(9.15626300,41.46516000,1.50000000));
#530 = VERTEX_POINT('',#529);
#531 = CARTESIAN_POINT('',(22.95626300,41.46516000,1.50000000));
#532 = VERTEX_POINT('',#531);
#533 = CARTESIAN_POINT('',(22.95626300,27.66516000,1.50000000));
#534 = VERTEX_POINT('',#533);
#535 = CARTESIAN_POINT('',(9.15626300,27.66516000,1.50000000));
#536 = VERTEX_POINT('',#535);
#537 = CARTESIAN_POINT('',(9.15626300,41.46516000,1.50000000));
#538 = DIRECTION('',(1.00000000,0.00000000,0.00000000));
#539 = VECTOR('',#538,13.80000000);
#540 = LINE('',#537,#539);
#541 = EDGE_CURVE('',#530,#532,#540,.T.);
#542 = CARTESIAN_POINT('',(22.95626300,41.46516000,1.50000000));
#543 = DIRECTION('',(0.00000000,-1.00000000,0.00000000));
#544 = VECTOR('',#543,13.80000000);
#545 = LINE('',#542,#544);
#546 = EDGE_CURVE('',#532,#534,#545,.T.);
#547 = CARTESIAN_POINT('',(22.95626300,27.66516000,1.50000000));
#548 = DIRECTION('',(-1.00000000,0.00000000,0.00000000));
#549 = VECTOR('',#548,13.80000000);
#550 = LINE('',#547,#549);
#551 = EDGE_CURVE('',#534,#536,#550,.T.);
#552 = CARTESIAN_POINT('',(9.15626300,27.66516000,1.50000000));
#553 = DIRECTION('',(0.00000000,1.00000000,0.00000000));
#554 = VECTOR('',#553,13.80000000);
#555 = LINE('',#552,#554);
#556 = EDGE_CURVE('',#536,#530,#555,.T.);
#557 = ORIENTED_EDGE('',*,*,#541,.F.);
#558 = ORIENTED_EDGE('',*,*,#546,.F.);
#559 = ORIENTED_EDGE('',*,*,#551,.F.);
#560 = ORIENTED_EDGE('',*,*,#556,.F.);
#561 = EDGE_LOOP('',(#557,#558,#559,#560));
#562 = CARTESIAN_POINT('',(9.15626300,41.46516000,0.00000000));
#563 = VERTEX_POINT('',#562);
#564 = CARTESIAN_POINT('',(22.95626300,41.46516000,0.00000000));
#565 = VERTEX_POINT('',#564);
#566 = CARTESIAN_POINT('',(22.95626300,27.66516000,0.00000000));
#567 = VERTEX_POINT('',#566);
#568 = CARTESIAN_POINT('',(9.15626300,27.66516000,0.00000000));
#569 = VERTEX_POINT('',#568);
#570 = CARTESIAN_POINT('',(9.15626300,41.46516000,0.00000000));
#571 = DIRECTION('',(1.00000000,0.00000000,0.00000000));
#572 = VECTOR('',#571,13.80000000);
#573 = LINE('',#570,#572);
#574 = EDGE_CURVE('',#563,#565,#573,.T.);
#575 = CARTESIAN_POINT('',(22.95626300,41.46516000,0.00000000));
#576 = DIRECTION('',(0.00000000,-1.00000000,0.00000000));
#577 = VECTOR('',#576,13.80000000);
#578 = LINE('',#575,#577);
#579 = EDGE_CURVE('',#565,#567,#578,.T.);
#580 = CARTESIAN_POINT('',(22.95626300,27.66516000,0.00000000));
#581 = DIRECTION('',(-1.00000000,0.00000000,0.00000000));
#582 = VECTOR('',#581,13.80000000);
#583 = LINE('',#580,#582);
#584 = EDGE_CURVE('',#567,#569,#583,.T.);
#585 = CARTESIAN_POINT('',(9.15626300,27.66516000,0.00000000));
#586 = DIRECTION('',(0.00000000,1.00000000,0.00000000));
#587 = VECTOR('',#586,13.80000000);
#588 = LINE('',#585,#587);
#589 = EDGE_CURVE('',#569,#563,#588,.T.);
#590 = ORIENTED_EDGE('',*,*,#574,.T.);
#591 = ORIENTED_EDGE('',*,*,#579,.T.);
#592 = ORIENTED_EDGE('',*,*,#584,.T.);
#593 = ORIENTED_EDGE('',*,*,#589,.T.);
#594 = EDGE_LOOP('',(#590,#591,#592,#593));
#595 = CARTESIAN_POINT('',(47.50656300,55.23656000,1.50000000));
#596 = VERTEX_POINT('',#595);
#597 = CARTESIAN_POINT('',(61.30656300,55.23656000,1.50000000));
#598 = VERTEX_POINT('',#597);
#599 = CARTESIAN_POINT('',(61.30656300,41.43656000,1.50000000));
#600 = VERTEX_POINT('',#599);
#601 = CARTESIAN_POINT('',(47.50656300,41.43656000,1.50000000));
#602 = VERTEX_POINT('',#601);
#603 = CARTESIAN_POINT('',(47.50656300,55.23656000,1.50000000));
#604 = DIRECTION('',(1.00000000,0.00000000,0.00000000));
#605 = VECTOR('',#604,13.80000000);
#606 = LINE('',#603,#605);
#607 = EDGE_CURVE('',#596,#598,#606,.T.);
#608 = CARTESIAN_POINT('',(61.30656300,55.23656000,1.50000000));
#609 = DIRECTION('',(0.00000000,-1.00000000,0.00000000));
#610 = VECTOR('',#609,13.80000000);
#611 = LINE('',#608,#610);
#612 = EDGE_CURVE('',#598,#600,#611,.T.);
#613 = CARTESIAN_POINT('',(61.30656300,41.43656000,1.50000000));
#614 = DIRECTION('',(-1.00000000,0.00000000,0.00000000));
#615 = VECTOR('',#614,13.80000000);
#616 = LINE('',#613,#615);
#617 = EDGE_CURVE('',#600,#602,#616,.T.);
#618 = CARTESIAN_POINT('',(47.50656300,41.43656000,1.50000000));
#619 = DIRECTION('',(0.00000000,1.00000000,0.00000000));
#620 = VECTOR('',#619,13.80000000);
#621 = LINE('',#618,#620);
#622 = EDGE_CURVE('',#602,#596,#621,.T.);
#623 = ORIENTED_EDGE('',*,*,#607,.F.);
#624 = ORIENTED_EDGE('',*,*,#612,.F.);
#625 = ORIENTED_EDGE('',*,*,#617,.F.);
#626 = ORIENTED_EDGE('',*,*,#622,.F.);
#627 = EDGE_LOOP('',(#623,#624,#625,#626));
#628 = CARTESIAN_POINT('',(47.50656300,55.23656000,0.00000000));
#629 = VERTEX_POINT('',#628);
#630 = CARTESIAN_POINT('',(61.30656300,55.23656000,0.00000000));
#631 = VERTEX_POINT('',#630);
#632 = CARTESIAN_POINT('',(61.30656300,41.43656000,0.00000000));
#633 = VERTEX_POINT('',#632);
#634 = CARTESIAN_POINT('',(47.50656300,41.43656000,0.00000000));
#635 = VERTEX_POINT('',#634);
#636 = CARTESIAN_POINT('',(47.50656300,55.23656000,0.00000000));
#637 = DIRECTION('',(1.00000000,0.00000000,0.00000000));
#638 = VECTOR('',#637,13.80000000);
#639 = LINE('',#636,#638);
#640 = EDGE_CURVE('',#629,#631,#639,.T.);
#641 = CARTESIAN_POINT('',(61.30656300,55.23656000,0.00000000));
#642 = DIRECTION('',(0.00000000,-1.00000000,0.00000000));
#643 = VECTOR('',#642,13.80000000);
#644 = LINE('',#641,#643);
#645 = EDGE_CURVE('',#631,#633,#644,.T.);
#646 = CARTESIAN_POINT('',(61.30656300,41.43656000,0.00000000));
#647 = DIRECTION('',(-1.00000000,0.00000000,0.00000000));
#648 = VECTOR('',#647,13.80000000);
#649 = LINE('',#646,#648);
#650 = EDGE_CURVE('',#633,#635,#649,.T.);
#651 = CARTESIAN_POINT('',(47.50656300,41.43656000,0.00000000));
#652 = DIRECTION('',(0.00000000,1.00000000,0.00000000));
#653 = VECTOR('',#652,13.80000000);
#654 = LINE('',#651,#653);
#655 = EDGE_CURVE('',#635,#629,#654,.T.);
#656 = ORIENTED_EDGE('',*,*,#640,.T.);
#657 = ORIENTED_EDGE('',*,*,#645,.T.);
#658 = ORIENTED_EDGE('',*,*,#650,.T.);
#659 = ORIENTED_EDGE('',*,*,#655,.T.);
#660 = EDGE_LOOP('',(#656,#657,#658,#659));
#661 = CARTESIAN_POINT('',(125.55044071,88.25877129,1.50000000));
#662 = VERTEX_POINT('',#661);
#663 = CARTESIAN_POINT('',(137.50159129,81.35877129,1.50000000));
#664 = VERTEX_POINT('',#663);
#665 = CARTESIAN_POINT('',(130.60159129,69.40762071,1.50000000));
#666 = VERTEX_POINT('',#665);
#667 = CARTESIAN_POINT('',(118.65044071,76.30762071,1.50000000));
#668 = VERTEX_POINT('',#667);
#669 = CARTESIAN_POINT('',(125.55044071,88.25877129,1.50000000));
#670 = DIRECTION('',(0.86602540,-0.50000000,0.00000000));
#671 = VECTOR('',#670,13.80000000);
#672 = LINE('',#669,#671);
#673 = EDGE_CURVE('',#662,#664,#672,.T.);
#674 = CARTESIAN_POINT('',(137.50159129,81.35877129,1.50000000));
#675 = DIRECTION('',(-0.50000000,-0.86602540,0.00000000));
#676 = VECTOR('',#675,13.80000000);
#677 = LINE('',#674,#676);
#678 = EDGE_CURVE('',#664,#666,#677,.T.);
#679 = CARTESIAN_POINT('',(130.60159129,69.40762071,1.50000000));
#680 = DIRECTION('',(-0.86602540,0.50000000,0.00000000));
#681 = VECTOR('',#680,13.80000000);
#682 = LINE('',#679,#681);
#683 = EDGE_CURVE('',#666,#668,#682,.T.);
#684 = CARTESIAN_POINT('',(118.65044071,76.30762071,1.50000000));
#685 = DIRECTION('',(0.50000000,0.86602540,0.00000000));
#686 = VECTOR('',#685,13.80000000);
#687 = LINE('',#684,#686);
#688 = EDGE_CURVE('',#668,#662,#687,.T.);
#689 = ORIENTED_EDGE('',*,*,#673,.F.);
#690 = ORIENTED_EDGE('',*,*,#678,.F.);
#691 = ORIENTED_EDGE('',*,*,#683,.F.);
#692 = ORIENTED_EDGE('',*,*,#688,.F.);
#693 = EDGE_LOOP('',(#689,#690,#691,#692));
#694 = CARTESIAN_POINT('',(125.55044071,88.25877129,0.00000000));
#695 = VERTEX_POINT('',#694);
#696 = CARTESIAN_POINT('',(137.50159129,81.35877129,0.00000000));
#697 = VERTEX_POINT('',#696);
#698 = CARTESIAN_POINT('',(130.60159129,69.40762071,0.00000000));
#699 = VERTEX_POINT('',#698);
#700 = CARTESIAN_POINT('',(118.65044071,76.30762071,0.00000000));
#701 = VERTEX_POINT('',#700);
#702 = CARTESIAN_POINT('',(125.55044071,88.25877129,0.00000000));
#703 = DIRECTION('',(0.86602540,-0.50000000,0.00000000));
#704 = VECTOR('',#703,13.80000000);
#705 = LINE('',#702,#704);
#706 = EDGE_CURVE('',#695,#697,#705,.T.);
#707 = CARTESIAN_POINT('',(137.50159129,81.35877129,0.00000000));
#708 = DIRECTION('',(-0.50000000,-0.86602540,0.00000000));
#709 = VECTOR('',#708,13.80000000);
#710 = LINE('',#707,#709);
#711 = EDGE_CURVE('',#697,#699,#710,.T.);
#712 = CARTESIAN_POINT('',(130.60159129,69.40762071,0.00000000));
#713 = DIRECTION('',(-0.86602540,0.50000000,0.00000000));
#714 = VECTOR('',#713,13.80000000);
#715 = LINE('',#712,#714);
#716 = EDGE_CURVE('',#699,#701,#715,.T.);
#717 = CARTESIAN_POINT('',(118.65044071,76.30762071,0.00000000));
#718 = DIRECTION('',(0.50000000,0.86602540,0.00000000));
#719 = VECTOR('',#718,13.80000000);
#720 = LINE('',#717,#719);
#721 = EDGE_CURVE('',#701,#695,#720,.T.);
#722 = ORIENTED_EDGE('',*,*,#706,.T.);
#723 = ORIENTED_EDGE('',*,*,#711,.T.);
#724 = ORIENTED_EDGE('',*,*,#716,.T.);
#725 = ORIENTED_EDGE('',*,*,#721,.T.);
#726 = EDGE_LOOP('',(#722,#723,#724,#725));
#727 = CARTESIAN_POINT('',(66.75356300,52.40916000,1.50000000));
#728 = VERTEX_POINT('',#727);
#729 = CARTESIAN_POINT('',(80.55356300,52.40916000,1.50000000));
#730 = VERTEX_POINT('',#729);
#731 = CARTESIAN_POINT('',(80.55356300,38.60916000,1.50000000));
#732 = VERTEX_POINT('',#731);
#733 = CARTESIAN_POINT('',(66.75356300,38.60916000,1.50000000));
#734 = VERTEX_POINT('',#733);
#735 = CARTESIAN_POINT('',(66.75356300,52.40916000,1.50000000));
#736 = DIRECTION('',(1.00000000,0.00000000,0.00000000));
#737 = VECTOR('',#736,13.80000000);
#738 = LINE('',#735,#737);
#739 = EDGE_CURVE('',#728,#730,#738,.T.);
#740 = CARTESIAN_POINT('',(80.55356300,52.40916000,1.50000000));
#741 = DIRECTION('',(0.00000000,-1.00000000,0.00000000));
#742 = VECTOR('',#741,13.80000000);
#743 = LINE('',#740,#742);
#744 = EDGE_CURVE('',#730,#732,#743,.T.);
#745 = CARTESIAN_POINT('',(80.55356300,38.60916000,1.50000000));
#746 = DIRECTION('',(-1.00000000,0.00000000,0.00000000));
#747 = VECTOR('',#746,13.80000000);
#748 = LINE('',#745,#747);
#749 = EDGE_CURVE('',#732,#734,#748,.T.);
#750 = CARTESIAN_POINT('',(66.75356300,38.60916000,1.50000000));
#751 = DIRECTION('',(0.00000000,1.00000000,0.00000000));
#752 = VECTOR('',#751,13.80000000);
#753 = LINE('',#750,#752);
#754 = EDGE_CURVE('',#734,#728,#753,.T.);
#755 = ORIENTED_EDGE('',*,*,#739,.F.);
#756 = ORIENTED_EDGE('',*,*,#744,.F.);
#757 = ORIENTED_EDGE('',*,*,#749,.F.);
#758 = ORIENTED_EDGE('',*,*,#754,.F.);
#759 = EDGE_LOOP('',(#755,#756,#757,#758));
#760 = CARTESIAN_POINT('',(66.75356300,52.40916000,0.00000000));
#761 = VERTEX_POINT('',#760);
#762 = CARTESIAN_POINT('',(80.55356300,52.40916000,0.00000000));
#763 = VERTEX_POINT('',#762);
#764 = CARTESIAN_POINT('',(80.55356300,38.60916000,0.00000000));
#765 = VERTEX_POINT('',#764);
#766 = CARTESIAN_POINT('',(66.75356300,38.60916000,0.00000000));
#767 = VERTEX_POINT('',#766);
#768 = CARTESIAN_POINT('',(66.75356300,52.40916000,0.00000000));
#769 = DIRECTION('',(1.00000000,0.00000000,0.00000000));
#770 = VECTOR('',#769,13.80000000);
#771 = LINE('',#768,#770);
#772 = EDGE_CURVE('',#761,#763,#771,.T.);
#773 = CARTESIAN_POINT('',(80.55356300,52.40916000,0.00000000));
#774 = DIRECTION('',(0.00000000,-1.00000000,0.00000000));
#775 = VECTOR('',#774,13.80000000);
#776 = LINE('',#773,#775);
#777 = EDGE_CURVE('',#763,#765,#776,.T.);
#778 = CARTESIAN_POINT('',(80.55356300,38.60916000,0.00000000));
#779 = DIRECTION('',(-1.00000000,0.00000000,0.00000000));
#780 = VECTOR('',#779,13.80000000);
#781 = LINE('',#778,#780);
#782 = EDGE_CURVE('',#765,#767,#781,.T.);
#783 = CARTESIAN_POINT('',(66.75356300,38.60916000,0.00000000));
#784 = DIRECTION('',(0.00000000,1.00000000,0.00000000));
#785 = VECTOR('',#784,13.80000000);
#786 = LINE('',#783,#785);
#787 = EDGE_CURVE('',#767,#761,#786,.T.);
#788 = ORIENTED_EDGE('',*,*,#772,.T.);
#789 = ORIENTED_EDGE('',*,*,#777,.T.);
#790 = ORIENTED_EDGE('',*,*,#782,.T.);
#791 = ORIENTED_EDGE('',*,*,#787,.T.);
#792 = EDGE_LOOP('',(#788,#789,#790,#791));
#793 = CARTESIAN_POINT('',(85.86056300,37.77256000,1.50000000));
#794 = VERTEX_POINT('',#793);
#795 = CARTESIAN_POINT('',(99.66056300,37.77256000,1.50000000));
#796 = VERTEX_POINT('',#795);
#797 = CARTESIAN_POINT('',(99.66056300,23.97256000,1.50000000));
#798 = VERTEX_POINT('',#797);
#799 = CARTESIAN_POINT('',(85.86056300,23.97256000,1.50000000));
#800 = VERTEX_POINT('',#799);
#801 = CARTESIAN_POINT('',(85.86056300,37.77256000,1.50000000));
#802 = DIRECTION('',(1.00000000,0.00000000,0.00000000));
#803 = VECTOR('',#802,13.80000000);
#804 = LINE('',#801,#803);
#805 = EDGE_CURVE('',#794,#796,#804,.T.);
#806 = CARTESIAN_POINT('',(99.66056300,37.77256000,1.50000000));
#807 = DIRECTION('',(0.00000000,-1.00000000,0.00000000));
#808 = VECTOR('',#807,13.80000000);
#809 = LINE('',#806,#808);
#810 = EDGE_CURVE('',#796,#798,#809,.T.);
#811 = CARTESIAN_POINT('',(99.66056300,23.97256000,1.50000000));
#812 = DIRECTION('',(-1.00000000,0.00000000,0.00000000));
#813 = VECTOR('',#812,13.80000000);
#814 = LINE('',#811,#813);
#815 = EDGE_CURVE('',#798,#800,#814,.T.);
#816 = CARTESIAN_POINT('',(85.86056300,23.97256000,1.50000000));
#817 = DIRECTION('',(0.00000000,1.00000000,0.00000000));
#818 = VECTOR('',#817,13.80000000);
#819 = LINE('',#816,#818);
#820 = EDGE_CURVE('',#800,#794,#819,.T.);
#821 = ORIENTED_EDGE('',*,*,#805,.F.);
#822 = ORIENTED_EDGE('',*,*,#810,.F.);
#823 = ORIENTED_EDGE('',*,*,#815,.F.);
#824 = ORIENTED_EDGE('',*,*,#820,.F.);
#825 = EDGE_LOOP('',(#821,#822,#823,#824));
#826 = CARTESIAN_POINT('',(85.86056300,37.77256000,0.00000000));
#827 = VERTEX_POINT('',#826);
#828 = CARTESIAN_POINT('',(99.66056300,37.77256000,0.00000000));
#829 = VERTEX_POINT('',#828);
#830 = CARTESIAN_POINT('',(99.66056300,23.97256000,0.00000000));
#831 = VERTEX_POINT('',#830);
#832 = CARTESIAN_POINT('',(85.86056300,23.97256000,0.00000000));
#833 = VERTEX_POINT('',#832);
#834 = CARTESIAN_POINT('',(85.86056300,37.77256000,0.00000000));
#835 = DIRECTION('',(1.00000000,0.00000000,0.00000000));
#836 = VECTOR('',#835,13.80000000);
#837 = LINE('',#834,#836);
#838 = EDGE_CURVE('',#827,#829,#837,.T.);
#839 = CARTESIAN_POINT('',(99.66056300,37.77256000,0.00000000));
#840 = DIRECTION('',(0.00000000,-1.00000000,0.00000000));
#841 = VECTOR('',#840,13.80000000);
#842 = LINE('',#839,#841);
#843 = EDGE_CURVE('',#829,#831,#842,.T.);
#844 = CARTESIAN_POINT('',(99.66056300,23.97256000,0.00000000));
#845 = DIRECTION('',(-1.00000000,0.00000000,0.00000000));
#846 = VECTOR('',#845,13.80000000);
#847 = LINE('',#844,#846);
#848 = EDGE_CURVE('',#831,#833,#847,.T.);
#849 = CARTESIAN_POINT('',(85.86056300,23.97256000,0.00000000));
#850 = DIRECTION('',(0.00000000,1.00000000,0.00000000));
#851 = VECTOR('',#850,13.80000000);
#852 = LINE('',#849,#851);
#853 = EDGE_CURVE('',#833,#827,#852,.T.);
#854 = ORIENTED_EDGE('',*,*,#838,.T.);
#855 = ORIENTED_EDGE('',*,*,#843,.T.);
#856 = ORIENTED_EDGE('',*,*,#848,.T.);
#857 = ORIENTED_EDGE('',*,*,#853,.T.);
#858 = EDGE_LOOP('',(#854,#855,#856,#857));
#859 = CARTESIAN_POINT('',(85.86056300,20.17756000,1.50000000));
#860 = VERTEX_POINT('',#859);
#861 = CARTESIAN_POINT('',(99.66056300,20.17756000,1.50000000));
#862 = VERTEX_POINT('',#861);
#863 = CARTESIAN_POINT('',(99.66056300,6.37756000,1.50000000));
#864 = VERTEX_POINT('',#863);
#865 = CARTESIAN_POINT('',(85.86056300,6.37756000,1.50000000));
#866 = VERTEX_POINT('',#865);
#867 = CARTESIAN_POINT('',(85.86056300,20.17756000,1.50000000));
#868 = DIRECTION('',(1.00000000,0.00000000,0.00000000));
#869 = VECTOR('',#868,13.80000000);
#870 = LINE('',#867,#869);
#871 = EDGE_CURVE('',#860,#862,#870,.T.);
#872 = CARTESIAN_POINT('',(99.66056300,20.17756000,1.50000000));
#873 = DIRECTION('',(0.00000000,-1.00000000,0.00000000));
#874 = VECTOR('',#873,13.80000000);
#875 = LINE('',#872,#874);
#876 = EDGE_CURVE('',#862,#864,#875,.T.);
#877 = CARTESIAN_POINT('',(99.66056300,6.37756000,1.50000000));
#878 = DIRECTION('',(-1.00000000,0.00000000,0.00000000));
#879 = VECTOR('',#878,13.80000000);
#880 = LINE('',#877,#879);
#881 = EDGE_CURVE('',#864,#866,#880,.T.);
#882 = CARTESIAN_POINT('',(85.86056300,6.37756000,1.50000000));
#883 = DIRECTION('',(0.00000000,1.00000000,0.00000000));
#884 = VECTOR('',#883,13.80000000);
#885 = LINE('',#882,#884);
#886 = EDGE_CURVE('',#866,#860,#885,.T.);
#887 = ORIENTED_EDGE('',*,*,#871,.F.);
#888 = ORIENTED_EDGE('',*,*,#876,.F.);
#889 = ORIENTED_EDGE('',*,*,#881,.F.);
#890 = ORIENTED_EDGE('',*,*,#886,.F.);
#891 = EDGE_LOOP('',(#887,#888,#889,#890));
#892 = CARTESIAN_POINT('',(85.86056300,20.17756000,0.00000000));
#893 = VERTEX_POINT('',#892);
#894 = CARTESIAN_POINT('',(99.66056300,20.17756000,0.00000000));
#895 = VERTEX_POINT('',#894);
#896 = CARTESIAN_POINT('',(99.66056300,6.37756000,0.00000000));
#897 = VERTEX_POINT('',#896);
#898 = CARTESIAN_POINT('',(85.86056300,6.37756000,0.00000000));
#899 = VERTEX_POINT('',#898);
#900 = CARTESIAN_POINT('',(85.86056300,20.17756000,0.00000000));
#901 = DIRECTION('',(1.00000000,0.00000000,0.00000000));
#902 = VECTOR('',#901,13.80000000);
#903 = LINE('',#900,#902);
#904 = EDGE_CURVE('',#893,#895,#903,.T.);
#905 = CARTESIAN_POINT('',(99.66056300,20.17756000,0.00000000));
#906 = DIRECTION('',(0.00000000,-1.00000000,0.00000000));
#907 = VECTOR('',#906,13.80000000);
#908 = LINE('',#905,#907);
#909 = EDGE_CURVE('',#895,#897,#908,.T.);
#910 = CARTESIAN_POINT('',(99.66056300,6.37756000,0.00000000));
#911 = DIRECTION('',(-1.00000000,0.00000000,0.00000000));
#912 = VECTOR('',#911,13.80000000);
#913 = LINE('',#910,#912);
#914 = EDGE_CURVE('',#897,#899,#913,.T.);
#915 = CARTESIAN_POINT('',(85.86056300,6.37756000,0.00000000));
#916 = DIRECTION('',(0.00000000,1.00000000,0.00000000));
#917 = VECTOR('',#916,13.80000000);
#918 = LINE('',#915,#917);
#919 = EDGE_CURVE('',#899,#893,#918,.T.);
#920 = ORIENTED_EDGE('',*,*,#904,.T.);
#921 = ORIENTED_EDGE('',*,*,#909,.T.);
#922 = ORIENTED_EDGE('',*,*,#914,.T.);
#923 = ORIENTED_EDGE('',*,*,#919,.T.);
#924 = EDGE_LOOP('',(#920,#921,#922,#923));
#925 = CARTESIAN_POINT('',(47.50656300,20.04656000,1.50000000));
#926 = VERTEX_POINT('',#925);
#927 = CARTESIAN_POINT('',(61.30656300,20.04656000,1.50000000));
#928 = VERTEX_POINT('',#927);
#929 = CARTESIAN_POINT('',(61.30656300,6.24656000,1.50000000));
#930 = VERTEX_POINT('',#929);
#931 = CARTESIAN_POINT('',(47.50656300,6.24656000,1.50000000));
#932 = VERTEX_POINT('',#931);
#933 = CARTESIAN_POINT('',(47.50656300,20.04656000,1.50000000));
#934 = DIRECTION('',(1.00000000,0.00000000,0.00000000));
#935 = VECTOR('',#934,13.80000000);
#936 = LINE('',#933,#935);
#937 = EDGE_CURVE('',#926,#928,#936,.T.);
#938 = CARTESIAN_POINT('',(61.30656300,20.04656000,1.50000000));
#939 = DIRECTION('',(0.00000000,-1.00000000,0.00000000));
#940 = VECTOR('',#939,13.80000000);
#941 = LINE('',#938,#940);
#942 = EDGE_CURVE('',#928,#930,#941,.T.);
#943 = CARTESIAN_POINT('',(61.30656300,6.24656000,1.50000000));
#944 = DIRECTION('',(-1.00000000,0.00000000,0.00000000));
#945 = VECTOR('',#944,13.80000000);
#946 = LINE('',#943,#945);
#947 = EDGE_CURVE('',#930,#932,#946,.T.);
#948 = CARTESIAN_POINT('',(47.50656300,6.24656000,1.50000000));
#949 = DIRECTION('',(0.00000000,1.00000000,0.00000000));
#950 = VECTOR('',#949,13.80000000);
#951 = LINE('',#948,#950);
#952 = EDGE_CURVE('',#932,#926,#951,.T.);
#953 = ORIENTED_EDGE('',*,*,#937,.F.);
#954 = ORIENTED_EDGE('',*,*,#942,.F.);
#955 = ORIENTED_EDGE('',*,*,#947,.F.);
#956 = ORIENTED_EDGE('',*,*,#952,.F.);
#957 = EDGE_LOOP('',(#953,#954,#955,#956));
#958 = CARTESIAN_POINT('',(47.50656300,20.04656000,0.00000000));
#959 = VERTEX_POINT('',#958);
#960 = CARTESIAN_POINT('',(61.30656300,20.04656000,0.00000000));
#961 = VERTEX_POINT('',#960);
#962 = CARTESIAN_POINT('',(61.30656300,6.24656000,0.00000000));
#963 = VERTEX_POINT('',#962);
#964 = CARTESIAN_POINT('',(47.50656300,6.24656000,0.00000000));
#965 = VERTEX_POINT('',#964);
#966 = CARTESIAN_POINT('',(47.50656300,20.04656000,0.00000000));
#967 = DIRECTION('',(1.00000000,0.00000000,0.00000000));
#968 = VECTOR('',#967,13.80000000);
#969 = LINE('',#966,#968);
#970 = EDGE_CURVE('',#959,#961,#969,.T.);
#971 = CARTESIAN_POINT('',(61.30656300,20.04656000,0.00000000));
#972 = DIRECTION('',(0.00000000,-1.00000000,0.00000000));
#973 = VECTOR('',#972,13.80000000);
#974 = LINE('',#971,#973);
#975 = EDGE_CURVE('',#961,#963,#974,.T.);
#976 = CARTESIAN_POINT('',(61.30656300,6.24656000,0.00000000));
#977 = DIRECTION('',(-1.00000000,0.00000000,0.00000000));
#978 = VECTOR('',#977,13.80000000);
#979 = LINE('',#976,#978);
#980 = EDGE_CURVE('',#963,#965,#979,.T.);
#981 = CARTESIAN_POINT('',(47.50656300,6.24656000,0.00000000));
#982 = DIRECTION('',(0.00000000,1.00000000,0.00000000));
#983 = VECTOR('',#982,13.80000000);
#984 = LINE('',#981,#983);
#985 = EDGE_CURVE('',#965,#959,#984,.T.);
#986 = ORIENTED_EDGE('',*,*,#970,.T.);
#987 = ORIENTED_EDGE('',*,*,#975,.T.);
#988 = ORIENTED_EDGE('',*,*,#980,.T.);
#989 = ORIENTED_EDGE('',*,*,#985,.T.);
#990 = EDGE_LOOP('',(#986,#987,#988,#989));
#991 = CARTESIAN_POINT('',(105.01216300,21.91176000,1.50000000));
#992 = VERTEX_POINT('',#991);
#993 = CARTESIAN_POINT('',(118.81216300,21.91176000,1.50000000));
#994 = VERTEX_POINT('',#993);
#995 = CARTESIAN_POINT('',(118.81216300,8.11176000,1.50000000));
#996 = VERTEX_POINT('',#995);
#997 = CARTESIAN_POINT('',(105.01216300,8.11176000,1.50000000));
#998 = VERTEX_POINT('',#997);
#999 = CARTESIAN_POINT('',(105.01216300,21.91176000,1.50000000));
#1000 = DIRECTION('',(1.00000000,0.00000000,0.00000000));
#1001 = VECTOR('',#1000,13.80000000);
#1002 = LINE('',#999,#1001);
#1003 = EDGE_CURVE('',#992,#994,#1002,.T.);
#1004 = CARTESIAN_POINT('',(118.81216300,21.91176000,1.50000000));
#1005 = DIRECTION('',(0.00000000,-1.00000000,0.00000000));
#1006 = VECTOR('',#1005,13.80000000);
#1007 = LINE('',#1004,#1006);
#1008 = EDGE_CURVE('',#994,#996,#1007,.T.);
#1009 = CARTESIAN_POINT('',(118.81216300,8.11176000,1.50000000));
#1010 = DIRECTION('',(-1.00000000,0.00000000,0.00000000));
#1011 = VECTOR('',#1010,13.80000000);
#1012 = LINE('',#1009,#1011);
#1013 = EDGE_CURVE('',#996,#998,#1012,.T.);
#1014 = CARTESIAN_POINT('',(105.01216300,8.11176000,1.50000000));
#1015 = DIRECTION('',(0.00000000,1.00000000,0.00000000));
#1016 = VECTOR('',#1015,13.80000000);
#1017 = LINE('',#1014,#1016);
#1018 = EDGE_CURVE('',#998,#992,#1017,.T.);
#1019 = ORIENTED_EDGE('',*,*,#1003,.F.);
#1020 = ORIENTED_EDGE('',*,*,#1008,.F.);
#1021 = ORIENTED_EDGE('',*,*,#1013,.F.);
#1022 = ORIENTED_EDGE('',*,*,#1018,.F.);
#1023 = EDGE_LOOP('',(#1019,#1020,#1021,#1022));
#1024 = CARTESIAN_POINT('',(105.01216300,21.91176000,0.00000000));
#1025 = VERTEX_POINT('',#1024);
#1026 = CARTESIAN_POINT('',(118.81216300,21.91176000,0.00000000));
#1027 = VERTEX_POINT('',#1026);
#1028 = CARTESIAN_POINT('',(118.81216300,8.11176000,0.00000000));
#1029 = VERTEX_POINT('',#1028);
#1030 = CARTESIAN_POINT('',(105.01216300,8.11176000,0.00000000));
#1031 = VERTEX_POINT('',#1030);
#1032 = CARTESIAN_POINT('',(105.01216300,21.91176000,0.00000000));
#1033 = DIRECTION('',(1.00000000,0.00000000,0.00000000));
#1034 = VECTOR('',#1033,13.80000000);
#1035 = LINE('',#1032,#1034);
#1036 = EDGE_CURVE('',#1025,#1027,#1035,.T.);
#1037 = CARTESIAN_POINT('',(118.81216300,21.91176000,0.00000000));
#1038 = DIRECTION('',(0.00000000,-1.00000000,0.00000000));
#1039 = VECTOR('',#1038,13.80000000);
#1040 = LINE('',#1037,#1039);
#1041 = EDGE_CURVE('',#1027,#1029,#1040,.T.);
#1042 = CARTESIAN_POINT('',(118.81216300,8.11176000,0.00000000));
#1043 = DIRECTION('',(-1.00000000,0.00000000,0.00000000));
#1044 = VECTOR('',#1043,13.80000000);
#1045 = LINE('',#1042,#1044);
#1046 = EDGE_CURVE('',#1029,#1031,#1045,.T.);
#1047 = CARTESIAN_POINT('',(105.01216300,8.11176000,0.00000000));
#1048 = DIRECTION('',(0.00000000,1.00000000,0.00000000));
#1049 = VECTOR('',#1048,13.80000000);
#1050 = LINE('',#1047,#1049);
#1051 = EDGE_CURVE('',#1031,#1025,#1050,.T.);
#1052 = ORIENTED_EDGE('',*,*,#1036,.T.);
#1053 = ORIENTED_EDGE('',*,*,#1041,.T.);
#1054 = ORIENTED_EDGE('',*,*,#1046,.T.);
#1055 = ORIENTED_EDGE('',*,*,#1051,.T.);
#1056 = EDGE_LOOP('',(#1052,#1053,#1054,#1055));
#1057 = CARTESIAN_POINT('',(28.40576300,41.52776000,1.50000000));
#1058 = VERTEX_POINT('',#1057);
#1059 = CARTESIAN_POINT('',(42.20576300,41.52776000,1.50000000));
#1060 = VERTEX_POINT('',#1059);
#1061 = CARTESIAN_POINT('',(42.20576300,27.72776000,1.50000000));
#1062 = VERTEX_POINT('',#1061);
#1063 = CARTESIAN_POINT('',(28.40576300,27.72776000,1.50000000));
#1064 = VERTEX_POINT('',#1063);
#1065 = CARTESIAN_POINT('',(28.40576300,41.52776000,1.50000000));
#1066 = DIRECTION('',(1.00000000,0.00000000,0.00000000));
#1067 = VECTOR('',#1066,13.80000000);
#1068 = LINE('',#1065,#1067);
#1069 = EDGE_CURVE('',#1058,#1060,#1068,.T.);
#1070 = CARTESIAN_POINT('',(42.20576300,41.52776000,1.50000000));
#1071 = DIRECTION('',(0.00000000,-1.00000000,0.00000000));
#1072 = VECTOR('',#1071,13.80000000);
#1073 = LINE('',#1070,#1072);
#1074 = EDGE_CURVE('',#1060,#1062,#1073,.T.);
#1075 = CARTESIAN_POINT('',(42.20576300,27.72776000,1.50000000));
#1076 = DIRECTION('',(-1.00000000,0.00000000,0.00000000));
#1077 = VECTOR('',#1076,13.80000000);
#1078 = LINE('',#1075,#1077);
#1079 = EDGE_CURVE('',#1062,#1064,#1078,.T.);
#1080 = CARTESIAN_POINT('',(28.40576300,27.72776000,1.50000000));
#1081 = DIRECTION('',(0.00000000,1.00000000,0.00000000));
#1082 = VECTOR('',#1081,13.80000000);
#1083 = LINE('',#1080,#1082);
#1084 = EDGE_CURVE('',#1064,#1058,#1083,.T.);
#1085 = ORIENTED_EDGE('',*,*,#1069,.F.);
#1086 = ORIENTED_EDGE('',*,*,#1074,.F.);
#1087 = ORIENTED_EDGE('',*,*,#1079,.F.);
#1088 = ORIENTED_EDGE('',*,*,#1084,.F.);
#1089 = EDGE_LOOP('',(#1085,#1086,#1087,#1088));
#1090 = CARTESIAN_POINT('',(28.40576300,41.52776000,0.00000000));
#1091 = VERTEX_POINT('',#1090);
#1092 = CARTESIAN_POINT('',(42.20576300,41.52776000,0.00000000));
#1093 = VERTEX_POINT('',#1092);
#1094 = CARTESIAN_POINT('',(42.20576300,27.72776000,0.00000000));
#1095 = VERTEX_POINT('',#1094);
#1096 = CARTESIAN_POINT('',(28.40576300,27.72776000,0.00000000));
#1097 = VERTEX_POINT('',#1096);
#1098 = CARTESIAN_POINT('',(28.40576300,41.52776000,0.00000000));
#1099 = DIRECTION('',(1.00000000,0.00000000,0.00000000));
#1100 = VECTOR('',#1099,13.80000000);
#1101 = LINE('',#1098,#1100);
#1102 = EDGE_CURVE('',#1091,#1093,#1101,.T.);
#1103 = CARTESIAN_POINT('',(42.20576300,41.52776000,0.00000000));
#1104 = DIRECTION('',(0.00000000,-1.00000000,0.00000000));
#1105 = VECTOR('',#1104,13.80000000);
#1106 = LINE('',#1103,#1105);
#1107 = EDGE_CURVE('',#1093,#1095,#1106,.T.);
#1108 = CARTESIAN_POINT('',(42.20576300,27.72776000,0.00000000));
#1109 = DIRECTION('',(-1.00000000,0.00000000,0.00000000));
#1110 = VECTOR('',#1109,13.80000000);
#1111 = LINE('',#1108,#1110);
#1112 = EDGE_CURVE('',#1095,#1097,#1111,.T.);
#1113 = CARTESIAN_POINT('',(28.40576300,27.72776000,0.00000000));
#1114 = DIRECTION('',(0.00000000,1.00000000,0.00000000));
#1115 = VECTOR('',#1114,13.80000000);
#1116 = LINE('',#1113,#1115);
#1117 = EDGE_CURVE('',#1097,#1091,#1116,.T.);
#1118 = ORIENTED_EDGE('',*,*,#1102,.T.);
#1119 = ORIENTED_EDGE('',*,*,#1107,.T.);
#1120 = ORIENTED_EDGE('',*,*,#1112,.T.);
#1121 = ORIENTED_EDGE('',*,*,#1117,.T.);
#1122 = EDGE_LOOP('',(#1118,#1119,#1120,#1121));
#1123 = CARTESIAN_POINT('',(66.75356300,17.21916000,1.50000000));
#1124 = VERTEX_POINT('',#1123);
#1125 = CARTESIAN_POINT('',(80.55356300,17.21916000,1.50000000));
#1126 = VERTEX_POINT('',#1125);
#1127 = CARTESIAN_POINT('',(80.55356300,3.41916000,1.50000000));
#1128 = VERTEX_POINT('',#1127);
#1129 = CARTESIAN_POINT('',(66.75356300,3.41916000,1.50000000));
#1130 = VERTEX_POINT('',#1129);
#1131 = CARTESIAN_POINT('',(66.75356300,17.21916000,1.50000000));
#1132 = DIRECTION('',(1.00000000,0.00000000,0.00000000));
#1133 = VECTOR('',#1132,13.80000000);
#1134 = LINE('',#1131,#1133);
#1135 = EDGE_CURVE('',#1124,#1126,#1134,.T.);
#1136 = CARTESIAN_POINT('',(80.55356300,17.21916000,1.50000000));
#1137 = DIRECTION('',(0.00000000,-1.00000000,0.00000000));
#1138 = VECTOR('',#1137,13.80000000);
#1139 = LINE('',#1136,#1138);
#1140 = EDGE_CURVE('',#1126,#1128,#1139,.T.);
#1141 = CARTESIAN_POINT('',(80.55356300,3.41916000,1.50000000));
#1142 = DIRECTION('',(-1.00000000,0.00000000,0.00000000));
#1143 = VECTOR('',#1142,13.80000000);
#1144 = LINE('',#1141,#1143);
#1145 = EDGE_CURVE('',#1128,#1130,#1144,.T.);
#1146 = CARTESIAN_POINT('',(66.75356300,3.41916000,1.50000000));
#1147 = DIRECTION('',(0.00000000,1.00000000,0.00000000));
#1148 = VECTOR('',#1147,13.80000000);
#1149 = LINE('',#1146,#1148);
#1150 = EDGE_CURVE('',#1130,#1124,#1149,.T.);
#1151 = ORIENTED_EDGE('',*,*,#1135,.F.);
#1152 = ORIENTED_EDGE('',*,*,#1140,.F.);
#1153 = ORIENTED_EDGE('',*,*,#1145,.F.);
#1154 = ORIENTED_EDGE('',*,*,#1150,.F.);
#1155 = EDGE_LOOP('',(#1151,#1152,#1153,#1154));
#1156 = CARTESIAN_POINT('',(66.75356300,17.21916000,0.00000000));
#1157 = VERTEX_POINT('',#1156);
#1158 = CARTESIAN_POINT('',(80.55356300,17.21916000,0.00000000));
#1159 = VERTEX_POINT('',#1158);
#1160 = CARTESIAN_POINT('',(80.55356300,3.41916000,0.00000000));
#1161 = VERTEX_POINT('',#1160);
#1162 = CARTESIAN_POINT('',(66.75356300,3.41916000,0.00000000));
#1163 = VERTEX_POINT('',#1162);
#1164 = CARTESIAN_POINT('',(66.75356300,17.21916000,0.00000000));
#1165 = DIRECTION('',(1.00000000,0.00000000,0.00000000));
#1166 = VECTOR('',#1165,13.80000000);
#1167 = LINE('',#1164,#1166);
#1168 = EDGE_CURVE('',#1157,#1159,#1167,.T.);
#1169 = CARTESIAN_POINT('',(80.55356300,17.21916000,0.00000000));
#1170 = DIRECTION('',(0.00000000,-1.00000000,0.00000000));
#1171 = VECTOR('',#1170,13.80000000);
#1172 = LINE('',#1169,#1171);
#1173 = EDGE_CURVE('',#1159,#1161,#1172,.T.);
#1174 = CARTESIAN_POINT('',(80.55356300,3.41916000,0.00000000));
#1175 = DIRECTION('',(-1.00000000,0.00000000,0.00000000));
#1176 = VECTOR('',#1175,13.80000000);
#1177 = LINE('',#1174,#1176);
#1178 = EDGE_CURVE('',#1161,#1163,#1177,.T.);
#1179 = CARTESIAN_POINT('',(66.75356300,3.41916000,0.00000000));
#1180 = DIRECTION('',(0.00000000,1.00000000,0.00000000));
#1181 = VECTOR('',#1180,13.80000000);
#1182 = LINE('',#1179,#1181);
#1183 = EDGE_CURVE('',#1163,#1157,#1182,.T.);
#1184 = ORIENTED_EDGE('',*,*,#1168,.T.);
#1185 = ORIENTED_EDGE('',*,*,#1173,.T.);
#1186 = ORIENTED_EDGE('',*,*,#1178,.T.);
#1187 = ORIENTED_EDGE('',*,*,#1183,.T.);
#1188 = EDGE_LOOP('',(#1184,#1185,#1186,#1187));
#1189 = CARTESIAN_POINT('',(28.40576300,23.93276000,1.50000000));
#1190 = VERTEX_POINT('',#1189);
#1191 = CARTESIAN_POINT('',(42.20576300,23.93276000,1.50000000));
#1192 = VERTEX_POINT('',#1191);
#1193 = CARTESIAN_POINT('',(42.20576300,10.13276000,1.50000000));
#1194 = VERTEX_POINT('',#1193);
#1195 = CARTESIAN_POINT('',(28.40576300,10.13276000,1.50000000));
#1196 = VERTEX_POINT('',#1195);
#1197 = CARTESIAN_POINT('',(28.40576300,23.93276000,1.50000000));
#1198 = DIRECTION('',(1.00000000,0.00000000,0.00000000));
#1199 = VECTOR('',#1198,13.80000000);
#1200 = LINE('',#1197,#1199);
#1201 = EDGE_CURVE('',#1190,#1192,#1200,.T.);
#1202 = CARTESIAN_POINT('',(42.20576300,23.93276000,1.50000000));
#1203 = DIRECTION('',(0.00000000,-1.00000000,0.00000000));
#1204 = VECTOR('',#1203,13.80000000);
#1205 = LINE('',#1202,#1204);
#1206 = EDGE_CURVE('',#1192,#1194,#1205,.T.);
#1207 = CARTESIAN_POINT('',(42.20576300,10.13276000,1.50000000));
#1208 = DIRECTION('',(-1.00000000,0.00000000,0.00000000));
#1209 = VECTOR('',#1208,13.80000000);
#1210 = LINE('',#1207,#1209);
#1211 = EDGE_CURVE('',#1194,#1196,#1210,.T.);
#1212 = CARTESIAN_POINT('',(28.40576300,10.13276000,1.50000000));
#1213 = DIRECTION('',(0.00000000,1.00000000,0.00000000));
#1214 = VECTOR('',#1213,13.80000000);
#1215 = LINE('',#1212,#1214);
#1216 = EDGE_CURVE('',#1196,#1190,#1215,.T.);
#1217 = ORIENTED_EDGE('',*,*,#1201,.F.);
#1218 = ORIENTED_EDGE('',*,*,#1206,.F.);
#1219 = ORIENTED_EDGE('',*,*,#1211,.F.);
#1220 = ORIENTED_EDGE('',*,*,#1216,.F.);
#1221 = EDGE_LOOP('',(#1217,#1218,#1219,#1220));
#1222 = CARTESIAN_POINT('',(28.40576300,23.93276000,0.00000000));
#1223 = VERTEX_POINT('',#1222);
#1224 = CARTESIAN_POINT('',(42.20576300,23.93276000,0.00000000));
#1225 = VERTEX_POINT('',#1224);
#1226 = CARTESIAN_POINT('',(42.20576300,10.13276000,0.00000000));
#1227 = VERTEX_POINT('',#1226);
#1228 = CARTESIAN_POINT('',(28.40576300,10.13276000,0.00000000));
#1229 = VERTEX_POINT('',#1228);
#1230 = CARTESIAN_POINT('',(28.40576300,23.93276000,0.00000000));
#1231 = DIRECTION('',(1.00000000,0.00000000,0.00000000));
#1232 = VECTOR('',#1231,13.80000000);
#1233 = LINE('',#1230,#1232);
#1234 = EDGE_CURVE('',#1223,#1225,#1233,.T.);
#1235 = CARTESIAN_POINT('',(42.20576300,23.93276000,0.00000000));
#1236 = DIRECTION('',(0.00000000,-1.00000000,0.00000000));
#1237 = VECTOR('',#1236,13.80000000);
#1238 = LINE('',#1235,#1237);
#1239 = EDGE_CURVE('',#1225,#1227,#1238,.T.);
#1240 = CARTESIAN_POINT('',(42.20576300,10.13276000,0.00000000));
#1241 = DIRECTION('',(-1.00000000,0.00000000,0.00000000));
#1242 = VECTOR('',#1241,13.80000000);
#1243 = LINE('',#1240,#1242);
#1244 = EDGE_CURVE('',#1227,#1229,#1243,.T.);
#1245 = CARTESIAN_POINT('',(28.40576300,10.13276000,0.00000000));
#1246 = DIRECTION('',(0.00000000,1.00000000,0.00000000));
#1247 = VECTOR('',#1246,13.80000000);
#1248 = LINE('',#1245,#1247);
#1249 = EDGE_CURVE('',#1229,#1223,#1248,.T.);
#1250 = ORIENTED_EDGE('',*,*,#1234,.T.);
#1251 = ORIENTED_EDGE('',*,*,#1239,.T.);
#1252 = ORIENTED_EDGE('',*,*,#1244,.T.);
#1253 = ORIENTED_EDGE('',*,*,#1249,.T.);
#1254 = EDGE_LOOP('',(#1250,#1251,#1252,#1253));
#1255 = CARTESIAN_POINT('',(105.01216300,39.50676000,1.50000000));
#1256 = VERTEX_POINT('',#1255);
#1257 = CARTESIAN_POINT('',(118.81216300,39.50676000,1.50000000));
#1258 = VERTEX_POINT('',#1257);
#1259 = CARTESIAN_POINT('',(118.81216300,25.70676000,1.50000000));
#1260 = VERTEX_POINT('',#1259);
#1261 = CARTESIAN_POINT('',(105.01216300,25.70676000,1.50000000));
#1262 = VERTEX_POINT('',#1261);
#1263 = CARTESIAN_POINT('',(105.01216300,39.50676000,1.50000000));
#1264 = DIRECTION('',(1.00000000,0.00000000,0.00000000));
#1265 = VECTOR('',#1264,13.80000000);
#1266 = LINE('',#1263,#1265);
#1267 = EDGE_CURVE('',#1256,#1258,#1266,.T.);
#1268 = CARTESIAN_POINT('',(118.81216300,39.50676000,1.50000000));
#1269 = DIRECTION('',(0.00000000,-1.00000000,0.00000000));
#1270 = VECTOR('',#1269,13.80000000);
#1271 = LINE('',#1268,#1270);
#1272 = EDGE_CURVE('',#1258,#1260,#1271,.T.);
#1273 = CARTESIAN_POINT('',(118.81216300,25.70676000,1.50000000));
#1274 = DIRECTION('',(-1.00000000,0.00000000,0.00000000));
#1275 = VECTOR('',#1274,13.80000000);
#1276 = LINE('',#1273,#1275);
#1277 = EDGE_CURVE('',#1260,#1262,#1276,.T.);
#1278 = CARTESIAN_POINT('',(105.01216300,25.70676000,1.50000000));
#1279 = DIRECTION('',(0.00000000,1.00000000,0.00000000));
#1280 = VECTOR('',#1279,13.80000000);
#1281 = LINE('',#1278,#1280);
#1282 = EDGE_CURVE('',#1262,#1256,#1281,.T.);
#1283 = ORIENTED_EDGE('',*,*,#1267,.F.);
#1284 = ORIENTED_EDGE('',*,*,#1272,.F.);
#1285 = ORIENTED_EDGE('',*,*,#1277,.F.);
#1286 = ORIENTED_EDGE('',*,*,#1282,.F.);
#1287 = EDGE_LOOP('',(#1283,#1284,#1285,#1286));
#1288 = CARTESIAN_POINT('',(105.01216300,39.50676000,0.00000000));
#1289 = VERTEX_POINT('',#1288);
#1290 = CARTESIAN_POINT('',(118.81216300,39.50676000,0.00000000));
#1291 = VERTEX_POINT('',#1290);
#1292 = CARTESIAN_POINT('',(118.81216300,25.70676000,0.00000000));
#1293 = VERTEX_POINT('',#1292);
#1294 = CARTESIAN_POINT('',(105.01216300,25.70676000,0.00000000));
#1295 = VERTEX_POINT('',#1294);
#1296 = CARTESIAN_POINT('',(105.01216300,39.50676000,0.00000000));
#1297 = DIRECTION('',(1.00000000,0.00000000,0.00000000));
#1298 = VECTOR('',#1297,13.80000000);
#1299 = LINE('',#1296,#1298);
#1300 = EDGE_CURVE('',#1289,#1291,#1299,.T.);
#1301 = CARTESIAN_POINT('',(118.81216300,39.50676000,0.00000000));
#1302 = DIRECTION('',(0.00000000,-1.00000000,0.00000000));
#1303 = VECTOR('',#1302,13.80000000);
#1304 = LINE('',#1301,#1303);
#1305 = EDGE_CURVE('',#1291,#1293,#1304,.T.);
#1306 = CARTESIAN_POINT('',(118.81216300,25.70676000,0.00000000));
#1307 = DIRECTION('',(-1.00000000,0.00000000,0.00000000));
#1308 = VECTOR('',#1307,13.80000000);
#1309 = LINE('',#1306,#1308);
#1310 = EDGE_CURVE('',#1293,#1295,#1309,.T.);
#1311 = CARTESIAN_POINT('',(105.01216300,25.70676000,0.00000000));
#1312 = DIRECTION('',(0.00000000,1.00000000,0.00000000));
#1313 = VECTOR('',#1312,13.80000000);
#1314 = LINE('',#1311,#1313);
#1315 = EDGE_CURVE('',#1295,#1289,#1314,.T.);
#1316 = ORIENTED_EDGE('',*,*,#1300,.T.);
#1317 = ORIENTED_EDGE('',*,*,#1305,.T.);
#1318 = ORIENTED_EDGE('',*,*,#1310,.T.);
#1319 = ORIENTED_EDGE('',*,*,#1315,.T.);
#1320 = EDGE_LOOP('',(#1316,#1317,#1318,#1319));
#1321 = CARTESIAN_POINT('',(9.15626300,23.87016000,1.50000000));
#1322 = VERTEX_POINT('',#1321);
#1323 = CARTESIAN_POINT('',(22.95626300,23.87016000,1.50000000));
#1324 = VERTEX_POINT('',#1323);
#1325 = CARTESIAN_POINT('',(22.95626300,10.07016000,1.50000000));
#1326 = VERTEX_POINT('',#1325);
#1327 = CARTESIAN_POINT('',(9.15626300,10.07016000,1.50000000));
#1328 = VERTEX_POINT('',#1327);
#1329 = CARTESIAN_POINT('',(9.15626300,23.87016000,1.50000000));
#1330 = DIRECTION('',(1.00000000,0.00000000,0.00000000));
#1331 = VECTOR('',#1330,13.80000000);
#1332 = LINE('',#1329,#1331);
#1333 = EDGE_CURVE('',#1322,#1324,#1332,.T.);
#1334 = CARTESIAN_POINT('',(22.95626300,23.87016000,1.50000000));
#1335 = DIRECTION('',(0.00000000,-1.00000000,0.00000000));
#1336 = VECTOR('',#1335,13.80000000);
#1337 = LINE('',#1334,#1336);
#1338 = EDGE_CURVE('',#1324,#1326,#1337,.T.);
#1339 = CARTESIAN_POINT('',(22.95626300,10.07016000,1.50000000));
#1340 = DIRECTION('',(-1.00000000,0.00000000,0.00000000));
#1341 = VECTOR('',#1340,13.80000000);
#1342 = LINE('',#1339,#1341);
#1343 = EDGE_CURVE('',#1326,#1328,#1342,.T.);
#1344 = CARTESIAN_POINT('',(9.15626300,10.07016000,1.50000000));
#1345 = DIRECTION('',(0.00000000,1.00000000,0.00000000));
#1346 = VECTOR('',#1345,13.80000000);
#1347 = LINE('',#1344,#1346);
#1348 = EDGE_CURVE('',#1328,#1322,#1347,.T.);
#1349 = ORIENTED_EDGE('',*,*,#1333,.F.);
#1350 = ORIENTED_EDGE('',*,*,#1338,.F.);
#1351 = ORIENTED_EDGE('',*,*,#1343,.F.);
#1352 = ORIENTED_EDGE('',*,*,#1348,.F.);
#1353 = EDGE_LOOP('',(#1349,#1350,#1351,#1352));
#1354 = CARTESIAN_POINT('',(9.15626300,23.87016000,0.00000000));
#1355 = VERTEX_POINT('',#1354);
#1356 = CARTESIAN_POINT('',(22.95626300,23.87016000,0.00000000));
#1357 = VERTEX_POINT('',#1356);
#1358 = CARTESIAN_POINT('',(22.95626300,10.07016000,0.00000000));
#1359 = VERTEX_POINT('',#1358);
#1360 = CARTESIAN_POINT('',(9.15626300,10.07016000,0.00000000));
#1361 = VERTEX_POINT('',#1360);
#1362 = CARTESIAN_POINT('',(9.15626300,23.87016000,0.00000000));
#1363 = DIRECTION('',(1.00000000,0.00000000,0.00000000));
#1364 = VECTOR('',#1363,13.80000000);
#1365 = LINE('',#1362,#1364);
#1366 = EDGE_CURVE('',#1355,#1357,#1365,.T.);
#1367 = CARTESIAN_POINT('',(22.95626300,23.87016000,0.00000000));
#1368 = DIRECTION('',(0.00000000,-1.00000000,0.00000000));
#1369 = VECTOR('',#1368,13.80000000);
#1370 = LINE('',#1367,#1369);
#1371 = EDGE_CURVE('',#1357,#1359,#1370,.T.);
#1372 = CARTESIAN_POINT('',(22.95626300,10.07016000,0.00000000));
#1373 = DIRECTION('',(-1.00000000,0.00000000,0.00000000));
#1374 = VECTOR('',#1373,13.80000000);
#1375 = LINE('',#1372,#1374);
#1376 = EDGE_CURVE('',#1359,#1361,#1375,.T.);
#1377 = CARTESIAN_POINT('',(9.15626300,10.07016000,0.00000000));
#1378 = DIRECTION('',(0.00000000,1.00000000,0.00000000));
#1379 = VECTOR('',#1378,13.80000000);
#1380 = LINE('',#1377,#1379);
#1381 = EDGE_CURVE('',#1361,#1355,#1380,.T.);
#1382 = ORIENTED_EDGE('',*,*,#1366,.T.);
#1383 = ORIENTED_EDGE('',*,*,#1371,.T.);
#1384 = ORIENTED_EDGE('',*,*,#1376,.T.);
#1385 = ORIENTED_EDGE('',*,*,#1381,.T.);
#1386 = EDGE_LOOP('',(#1382,#1383,#1384,#1385));
#1387 = CARTESIAN_POINT('',(118.49076300,65.76096000,1.50000000));
#1388 = DIRECTION('',(0.00000000,0.00000000,-1.00000000));
#1389 = DIRECTION('',(1.00000000,0.00000000,0.00000000));
#1390 = AXIS2_PLACEMENT_3D('',#1387,#1388,#1389);
#1391 = CIRCLE('',#1390,1.60000000);
#1392 = CARTESIAN_POINT('',(120.09076300,65.76096000,1.50000000));
#1393 = VERTEX_POINT('',#1392);
#1394 = EDGE_CURVE('',#1393,#1393,#1391,.T.);
#1395 = ORIENTED_EDGE('',*,*,#1394,.T.);
#1396 = EDGE_LOOP('',(#1395));
#1397 = CARTESIAN_POINT('',(118.49076300,65.76096000,0.00000000));
#1398 = DIRECTION('',(0.00000000,0.00000000,1.00000000));
#1399 = DIRECTION('',(1.00000000,0.00000000,0.00000000));
#1400 = AXIS2_PLACEMENT_3D('',#1397,#1398,#1399);
#1401 = CIRCLE('',#1400,1.60000000);
#1402 = CARTESIAN_POINT('',(120.09076300,65.76096000,0.00000000));
#1403 = VERTEX_POINT('',#1402);
#1404 = EDGE_CURVE('',#1403,#1403,#1401,.T.);
#1405 = ORIENTED_EDGE('',*,*,#1404,.T.);
#1406 = EDGE_LOOP('',(#1405));
#1407 = CARTESIAN_POINT('',(69.41796300,66.70076000,1.50000000));
#1408 = DIRECTION('',(0.00000000,0.00000000,-1.00000000));
#1409 = DIRECTION('',(1.00000000,0.00000000,0.00000000));
#1410 = AXIS2_PLACEMENT_3D('',#1407,#1408,#1409);
#1411 = CIRCLE('',#1410,1.60000000);
#1412 = CARTESIAN_POINT('',(71.01796300,66.70076000,1.50000000));
#1413 = VERTEX_POINT('',#1412);
#1414 = EDGE_CURVE('',#1413,#1413,#1411,.T.);
#1415 = ORIENTED_EDGE('',*,*,#1414,.T.);
#1416 = EDGE_LOOP('',(#1415));
#1417 = CARTESIAN_POINT('',(69.41796300,66.70076000,0.00000000));
#1418 = DIRECTION('',(0.00000000,0.00000000,1.00000000));
#1419 = DIRECTION('',(1.00000000,0.00000000,0.00000000));
#1420 = AXIS2_PLACEMENT_3D('',#1417,#1418,#1419);
#1421 = CIRCLE('',#1420,1.60000000);
#1422 = CARTESIAN_POINT('',(71.01796300,66.70076000,0.00000000));
#1423 = VERTEX_POINT('',#1422);
#1424 = EDGE_CURVE('',#1423,#1423,#1421,.T.);
#1425 = ORIENTED_EDGE('',*,*,#1424,.T.);
#1426 = EDGE_LOOP('',(#1425));
#1427 = CARTESIAN_POINT('',(130.07316300,15.13876000,1.50000000));
#1428 = DIRECTION('',(0.00000000,0.00000000,-1.00000000));
#1429 = DIRECTION('',(1.00000000,0.00000000,0.00000000));
#1430 = AXIS2_PLACEMENT_3D('',#1427,#1428,#1429);
#1431 = CIRCLE('',#1430,1.60000000);
#1432 = CARTESIAN_POINT('',(131.67316300,15.13876000,1.50000000));
#1433 = VERTEX_POINT('',#1432);
#1434 = EDGE_CURVE('',#1433,#1433,#1431,.T.);
#1435 = ORIENTED_EDGE('',*,*,#1434,.T.);
#1436 = EDGE_LOOP('',(#1435));
#1437 = CARTESIAN_POINT('',(130.07316300,15.13876000,0.00000000));
#1438 = DIRECTION('',(0.00000000,0.00000000,1.00000000));
#1439 = DIRECTION('',(1.00000000,0.00000000,0.00000000));
#1440 = AXIS2_PLACEMENT_3D('',#1437,#1438,#1439);
#1441 = CIRCLE('',#1440,1.60000000);
#1442 = CARTESIAN_POINT('',(131.67316300,15.13876000,0.00000000));
#1443 = VERTEX_POINT('',#1442);
#1444 = EDGE_CURVE('',#1443,#1443,#1441,.T.);
#1445 = ORIENTED_EDGE('',*,*,#1444,.T.);
#1446 = EDGE_LOOP('',(#1445));
#1447 = CARTESIAN_POINT('',(5.84176300,63.17016000,1.50000000));
#1448 = DIRECTION('',(0.00000000,0.00000000,-1.00000000));
#1449 = DIRECTION('',(1.00000000,0.00000000,0.00000000));
#1450 = AXIS2_PLACEMENT_3D('',#1447,#1448,#1449);
#1451 = CIRCLE('',#1450,1.60000000);
#1452 = CARTESIAN_POINT('',(7.44176300,63.17016000,1.50000000));
#1453 = VERTEX_POINT('',#1452);
#1454 = EDGE_CURVE('',#1453,#1453,#1451,.T.);
#1455 = ORIENTED_EDGE('',*,*,#1454,.T.);
#1456 = EDGE_LOOP('',(#1455));
#1457 = CARTESIAN_POINT('',(5.84176300,63.17016000,0.00000000));
#1458 = DIRECTION('',(0.00000000,0.00000000,1.00000000));
#1459 = DIRECTION('',(1.00000000,0.00000000,0.00000000));
#1460 = AXIS2_PLACEMENT_3D('',#1457,#1458,#1459);
#1461 = CIRCLE('',#1460,1.60000000);
#1462 = CARTESIAN_POINT('',(7.44176300,63.17016000,0.00000000));
#1463 = VERTEX_POINT('',#1462);
#1464 = EDGE_CURVE('',#1463,#1463,#1461,.T.);
#1465 = ORIENTED_EDGE('',*,*,#1464,.T.);
#1466 = EDGE_LOOP('',(#1465));
#1467 = CARTESIAN_POINT('',(25.12036300,7.46796000,1.50000000));
#1468 = DIRECTION('',(0.00000000,0.00000000,-1.00000000));
#1469 = DIRECTION('',(1.00000000,0.00000000,0.00000000));
#1470 = AXIS2_PLACEMENT_3D('',#1467,#1468,#1469);
#1471 = CIRCLE('',#1470,1.60000000);
#1472 = CARTESIAN_POINT('',(26.72036300,7.46796000,1.50000000));
#1473 = VERTEX_POINT('',#1472);
#1474 = EDGE_CURVE('',#1473,#1473,#1471,.T.);
#1475 = ORIENTED_EDGE('',*,*,#1474,.T.);
#1476 = EDGE_LOOP('',(#1475));
#1477 = CARTESIAN_POINT('',(25.12036300,7.46796000,0.00000000));
#1478 = DIRECTION('',(0.00000000,0.00000000,1.00000000));
#1479 = DIRECTION('',(1.00000000,0.00000000,0.00000000));
#1480 = AXIS2_PLACEMENT_3D('',#1477,#1478,#1479);
#1481 = CIRCLE('',#1480,1.60000000);
#1482 = CARTESIAN_POINT('',(26.72036300,7.46796000,0.00000000));
#1483 = VERTEX_POINT('',#1482);
#1484 = EDGE_CURVE('',#1483,#1483,#1481,.T.);
#1485 = ORIENTED_EDGE('',*,*,#1484,.T.);
#1486 = EDGE_LOOP('',(#1485));
#1487 = CARTESIAN_POINT('',(151.76476300,60.07136000,1.50000000));
#1488 = VERTEX_POINT('',#1487);
#1489 = CARTESIAN_POINT('',(132.90991700,94.90343800,1.50000000));
#1490 = VERTEX_POINT('',#1489);
#1491 = CARTESIAN_POINT('',(132.90522063,94.91154257,1.50000000));
#1492 = VERTEX_POINT('',#1491);
#1493 = CARTESIAN_POINT('',(132.89956512,94.91901059,1.50000000));
#1494 = VERTEX_POINT('',#1493);
#1495 = CARTESIAN_POINT('',(132.89303594,94.92572818,1.50000000));
#1496 = VERTEX_POINT('',#1495);
#1497 = CARTESIAN_POINT('',(132.88573179,94.93159381,1.50000000));
#1498 = VERTEX_POINT('',#1497);
#1499 = CARTESIAN_POINT('',(132.87776307,94.93651881,1.50000000));
#1500 = VERTEX_POINT('',#1499);
#1501 = CARTESIAN_POINT('',(132.86925022,94.94042874,1.50000000));
#1502 = VERTEX_POINT('',#1501);
#1503 = CARTESIAN_POINT('',(132.86032192,94.94326451,1.50000000));
#1504 = VERTEX_POINT('',#1503);
#1505 = CARTESIAN_POINT('',(132.85111312,94.94498326,1.50000000));
#1506 = VERTEX_POINT('',#1505);
#1507 = CARTESIAN_POINT('',(132.84176300,94.94555900,1.50000000));
#1508 = VERTEX_POINT('',#1507);
#1509 = CARTESIAN_POINT('',(116.46431900,85.99642400,1.50000000));
#1510 = VERTEX_POINT('',#1509);
#1511 = CARTESIAN_POINT('',(116.45868150,85.99292507,1.50000000));
#1512 = VERTEX_POINT('',#1511);
#1513 = CARTESIAN_POINT('',(116.45282562,85.98980174,1.50000000));
#1514 = VERTEX_POINT('',#1513);
#1515 = CARTESIAN_POINT('',(116.44677834,85.98706735,1.50000000));
#1516 = VERTEX_POINT('',#1515);
#1517 = CARTESIAN_POINT('',(116.44056546,85.98473355,1.50000000));
#1518 = VERTEX_POINT('',#1517);
#1519 = CARTESIAN_POINT('',(116.43421348,85.98281031,1.50000000));
#1520 = VERTEX_POINT('',#1519);
#1521 = CARTESIAN_POINT('',(116.42774950,85.98130582,1.50000000));
#1522 = VERTEX_POINT('',#1521);
#1523 = CARTESIAN_POINT('',(116.42120110,85.98022651,1.50000000));
#1524 = VERTEX_POINT('',#1523);
#1525 = CARTESIAN_POINT('',(116.41459621,85.97957698,1.50000000));
#1526 = VERTEX_POINT('',#1525);
#1527 = CARTESIAN_POINT('',(116.40796300,85.97936000,1.50000000));
#1528 = VERTEX_POINT('',#1527);
#1529 = CARTESIAN_POINT('',(109.34676300,85.36976000,1.50000000));
#1530 = VERTEX_POINT('',#1529);
#1531 = CARTESIAN_POINT('',(74.32016300,82.29636000,1.50000000));
#1532 = VERTEX_POINT('',#1531);
#1533 = CARTESIAN_POINT('',(61.69636300,64.46556000,1.50000000));
#1534 = VERTEX_POINT('',#1533);
#1535 = CARTESIAN_POINT('',(61.69057492,64.39939998,1.50000000));
#1536 = VERTEX_POINT('',#1535);
#1537 = CARTESIAN_POINT('',(61.67338616,64.33525018,1.50000000));
#1538 = VERTEX_POINT('',#1537);
#1539 = CARTESIAN_POINT('',(61.64531900,64.27505977,1.50000000));
#1540 = VERTEX_POINT('',#1539);
#1541 = CARTESIAN_POINT('',(61.60722626,64.22065763,1.50000000));
#1542 = VERTEX_POINT('',#1541);
#1543 = CARTESIAN_POINT('',(61.56026537,64.17369674,1.50000000));
#1544 = VERTEX_POINT('',#1543);
#1545 = CARTESIAN_POINT('',(61.50586323,64.13560400,1.50000000));
#1546 = VERTEX_POINT('',#1545);
#1547 = CARTESIAN_POINT('',(61.44567282,64.10753684,1.50000000));
#1548 = VERTEX_POINT('',#1547);
#1549 = CARTESIAN_POINT('',(61.38152302,64.09034808,1.50000000));
#1550 = VERTEX_POINT('',#1549);
#1551 = CARTESIAN_POINT('',(61.31536300,64.08456000,1.50000000));
#1552 = VERTEX_POINT('',#1551);
#1553 = CARTESIAN_POINT('',(11.42976300,64.08456000,1.50000000));
#1554 = VERTEX_POINT('',#1553);
#1555 = CARTESIAN_POINT('',(11.37242430,64.08957631,1.50000000));
#1556 = VERTEX_POINT('',#1555);
#1557 = CARTESIAN_POINT('',(11.31682779,64.10447321,1.50000000));
#1558 = VERTEX_POINT('',#1557);
#1559 = CARTESIAN_POINT('',(11.26466275,64.12879806,1.50000000));
#1560 = VERTEX_POINT('',#1559);
#1561 = CARTESIAN_POINT('',(11.21751421,64.16181177,1.50000000));
#1562 = VERTEX_POINT('',#1561);
#1563 = CARTESIAN_POINT('',(11.17681477,64.20251121,1.50000000));
#1564 = VERTEX_POINT('',#1563);
#1565 = CARTESIAN_POINT('',(11.14380106,64.24965975,1.50000000));
#1566 = VERTEX_POINT('',#1565);
#1567 = CARTESIAN_POINT('',(11.11947621,64.30182479,1.50000000));
#1568 = VERTEX_POINT('',#1567);
#1569 = CARTESIAN_POINT('',(11.10457931,64.35742130,1.50000000));
#1570 = VERTEX_POINT('',#1569);
#1571 = CARTESIAN_POINT('',(11.09956300,64.41476000,1.50000000));
#1572 = VERTEX_POINT('',#1571);
#1573 = CARTESIAN_POINT('',(11.04862663,64.99696769,1.50000000));
#1574 = VERTEX_POINT('',#1573);
#1575 = CARTESIAN_POINT('',(10.89736475,65.56148531,1.50000000));
#1576 = VERTEX_POINT('',#1575);
#1577 = CARTESIAN_POINT('',(10.65037337,66.09116028,1.50000000));
#1578 = VERTEX_POINT('',#1577);
#1579 = CARTESIAN_POINT('',(10.31515721,66.56989865,1.50000000));
#1580 = VERTEX_POINT('',#1579);
#1581 = CARTESIAN_POINT('',(9.90190165,66.98315421,1.50000000));
#1582 = VERTEX_POINT('',#1581);
#1583 = CARTESIAN_POINT('',(9.42316328,67.31837037,1.50000000));
#1584 = VERTEX_POINT('',#1583);
#1585 = CARTESIAN_POINT('',(8.89348831,67.56536175,1.50000000));
#1586 = VERTEX_POINT('',#1585);
#1587 = CARTESIAN_POINT('',(8.32897069,67.71662363,1.50000000));
#1588 = VERTEX_POINT('',#1587);
#1589 = CARTESIAN_POINT('',(7.74676300,67.76756000,1.50000000));
#1590 = VERTEX_POINT('',#1589);
#1591 = CARTESIAN_POINT('',(0.00000000,67.76756000,1.50000000));
#1592 = VERTEX_POINT('',#1591);
#1593 = CARTESIAN_POINT('',(0.00000000,7.11236000,1.50000000));
#1594 = VERTEX_POINT('',#1593);
#1595 = CARTESIAN_POINT('',(0.00269758,7.08152651,1.50000000));
#1596 = VERTEX_POINT('',#1595);
#1597 = CARTESIAN_POINT('',(0.01070836,7.05162988,1.50000000));
#1598 = VERTEX_POINT('',#1597);
#1599 = CARTESIAN_POINT('',(0.02378893,7.02357850,1.50000000));
#1600 = VERTEX_POINT('',#1599);
#1601 = CARTESIAN_POINT('',(0.04154185,6.99822470,1.50000000));
#1602 = VERTEX_POINT('',#1601);
#1603 = CARTESIAN_POINT('',(0.06342770,6.97633885,1.50000000));
#1604 = VERTEX_POINT('',#1603);
#1605 = CARTESIAN_POINT('',(0.08878150,6.95858593,1.50000000));
#1606 = VERTEX_POINT('',#1605);
#1607 = CARTESIAN_POINT('',(0.11683288,6.94550536,1.50000000));
#1608 = VERTEX_POINT('',#1607);
#1609 = CARTESIAN_POINT('',(0.14672951,6.93749458,1.50000000));
#1610 = VERTEX_POINT('',#1609);
#1611 = CARTESIAN_POINT('',(0.17756300,6.93479700,1.50000000));
#1612 = VERTEX_POINT('',#1611);
#1613 = CARTESIAN_POINT('',(20.93073100,6.92905500,1.50000000));
#1614 = VERTEX_POINT('',#1613);
#1615 = CARTESIAN_POINT('',(21.39289666,5.78224061,1.50000000));
#1616 = VERTEX_POINT('',#1615);
#1617 = CARTESIAN_POINT('',(22.17054600,4.82096967,1.50000000));
#1618 = VERTEX_POINT('',#1617);
#1619 = CARTESIAN_POINT('',(23.19553905,4.12947160,1.50000000));
#1620 = VERTEX_POINT('',#1619);
#1621 = CARTESIAN_POINT('',(24.37806285,3.76833756,1.50000000));
#1622 = VERTEX_POINT('',#1621);
#1623 = CARTESIAN_POINT('',(25.61450110,3.76921119,1.50000000));
#1624 = VERTEX_POINT('',#1623);
#1625 = CARTESIAN_POINT('',(26.79651339,4.13201593,1.50000000));
#1626 = VERTEX_POINT('',#1625);
#1627 = CARTESIAN_POINT('',(27.82052824,4.82496175,1.50000000));
#1628 = VERTEX_POINT('',#1627);
#1629 = CARTESIAN_POINT('',(28.59681840,5.78733066,1.50000000));
#1630 = VERTEX_POINT('',#1629);
#1631 = CARTESIAN_POINT('',(29.05736300,6.93479700,1.50000000));
#1632 = VERTEX_POINT('',#1631);
#1633 = CARTESIAN_POINT('',(42.87496300,6.93479700,1.50000000));
#1634 = VERTEX_POINT('',#1633);
#1635 = CARTESIAN_POINT('',(42.91911085,6.93093472,1.50000000));
#1636 = VERTEX_POINT('',#1635);
#1637 = CARTESIAN_POINT('',(42.96191731,6.91946488,1.50000000));
#1638 = VERTEX_POINT('',#1637);
#1639 = CARTESIAN_POINT('',(43.00208171,6.90073600,1.50000000));
#1640 = VERTEX_POINT('',#1639);
#1641 = CARTESIAN_POINT('',(43.03838367,6.87531715,1.50000000));
#1642 = VERTEX_POINT('',#1641);
#1643 = CARTESIAN_POINT('',(43.06972015,6.84398067,1.50000000));
#1644 = VERTEX_POINT('',#1643);
#1645 = CARTESIAN_POINT('',(43.09513900,6.80767871,1.50000000));
#1646 = VERTEX_POINT('',#1645);
#1647 = CARTESIAN_POINT('',(43.11386788,6.76751431,1.50000000));
#1648 = VERTEX_POINT('',#1647);
#1649 = CARTESIAN_POINT('',(43.12533772,6.72470785,1.50000000));
#1650 = VERTEX_POINT('',#1649);
#1651 = CARTESIAN_POINT('',(43.12920000,6.68056000,1.50000000));
#1652 = VERTEX_POINT('',#1651);
#1653 = CARTESIAN_POINT('',(43.12920000,2.79436000,1.50000000));
#1654 = VERTEX_POINT('',#1653);
#1655 = CARTESIAN_POINT('',(43.13151195,2.76793727,1.50000000));
#1656 = VERTEX_POINT('',#1655);
#1657 = CARTESIAN_POINT('',(43.13837697,2.74231742,1.50000000));
#1658 = VERTEX_POINT('',#1657);
#1659 = CARTESIAN_POINT('',(43.14958648,2.71827885,1.50000000));
#1660 = VERTEX_POINT('',#1659);
#1661 = CARTESIAN_POINT('',(43.16479989,2.69655196,1.50000000));
#1662 = VERTEX_POINT('',#1661);
#1663 = CARTESIAN_POINT('',(43.18355496,2.67779689,1.50000000));
#1664 = VERTEX_POINT('',#1663);
#1665 = CARTESIAN_POINT('',(43.20528185,2.66258348,1.50000000));
#1666 = VERTEX_POINT('',#1665);
#1667 = CARTESIAN_POINT('',(43.22932042,2.65137397,1.50000000));
#1668 = VERTEX_POINT('',#1667);
#1669 = CARTESIAN_POINT('',(43.25494027,2.64450895,1.50000000));
#1670 = VERTEX_POINT('',#1669);
#1671 = CARTESIAN_POINT('',(43.28136300,2.64219700,1.50000000));
#1672 = VERTEX_POINT('',#1671);
#1673 = CARTESIAN_POINT('',(62.12816300,2.64219700,1.50000000));
#1674 = VERTEX_POINT('',#1673);
#1675 = CARTESIAN_POINT('',(62.16790009,2.63872035,1.50000000));
#1676 = VERTEX_POINT('',#1675);
#1677 = CARTESIAN_POINT('',(62.20642977,2.62839627,1.50000000));
#1678 = VERTEX_POINT('',#1677);
#1679 = CARTESIAN_POINT('',(62.24258136,2.61153846,1.50000000));
#1680 = VERTEX_POINT('',#1679);
#1681 = CARTESIAN_POINT('',(62.27525641,2.58865911,1.50000000));
#1682 = VERTEX_POINT('',#1681);
#1683 = CARTESIAN_POINT('',(62.30346211,2.56045341,1.50000000));
#1684 = VERTEX_POINT('',#1683);
#1685 = CARTESIAN_POINT('',(62.32634146,2.52777836,1.50000000));
#1686 = VERTEX_POINT('',#1685);
#1687 = CARTESIAN_POINT('',(62.34319927,2.49162677,1.50000000));
#1688 = VERTEX_POINT('',#1687);
#1689 = CARTESIAN_POINT('',(62.35352335,2.45309709,1.50000000));
#1690 = VERTEX_POINT('',#1689);
#1691 = CARTESIAN_POINT('',(62.35700000,2.41336000,1.50000000));
#1692 = VERTEX_POINT('',#1691);
#1693 = CARTESIAN_POINT('',(62.35700000,0.40944600,1.50000000));
#1694 = VERTEX_POINT('',#1693);
#1695 = CARTESIAN_POINT('',(62.36693947,0.33731279,1.50000000));
#1696 = VERTEX_POINT('',#1695);
#1697 = CARTESIAN_POINT('',(62.38884836,0.26787221,1.50000000));
#1698 = VERTEX_POINT('',#1697);
#1699 = CARTESIAN_POINT('',(62.42210472,0.20309561,1.50000000));
#1700 = VERTEX_POINT('',#1699);
#1701 = CARTESIAN_POINT('',(62.46576442,0.14482191,1.50000000));
#1702 = VERTEX_POINT('',#1701);
#1703 = CARTESIAN_POINT('',(62.51858802,0.09470544,1.50000000));
#1704 = VERTEX_POINT('',#1703);
#1705 = CARTESIAN_POINT('',(62.57907593,0.05416895,1.50000000));
#1706 = VERTEX_POINT('',#1705);
#1707 = CARTESIAN_POINT('',(62.64551095,0.02436322,1.50000000));
#1708 = VERTEX_POINT('',#1707);
#1709 = CARTESIAN_POINT('',(62.71600707,0.00613441,1.50000000));
#1710 = VERTEX_POINT('',#1709);
#1711 = CARTESIAN_POINT('',(62.78856300,0.00000000,1.50000000));
#1712 = VERTEX_POINT('',#1711);
#1713 = CARTESIAN_POINT('',(83.24002400,0.00000000,1.50000000));
#1714 = VERTEX_POINT('',#1713);
#1715 = CARTESIAN_POINT('',(83.30446532,0.00204826,1.50000000));
#1716 = VERTEX_POINT('',#1715);
#1717 = CARTESIAN_POINT('',(83.36748438,0.01566724,1.50000000));
#1718 = VERTEX_POINT('',#1717);
#1719 = CARTESIAN_POINT('',(83.42702085,0.04041167,1.50000000));
#1720 = VERTEX_POINT('',#1719);
#1721 = CARTESIAN_POINT('',(83.48112826,0.07547257,1.50000000));
#1722 = VERTEX_POINT('',#1721);
#1723 = CARTESIAN_POINT('',(83.52803762,0.11970367,1.50000000));
#1724 = VERTEX_POINT('',#1723);
#1725 = CARTESIAN_POINT('',(83.56621530,0.17165887,1.50000000));
#1726 = VERTEX_POINT('',#1725);
#1727 = CARTESIAN_POINT('',(83.59441312,0.22963958,1.50000000));
#1728 = VERTEX_POINT('',#1727);
#1729 = CARTESIAN_POINT('',(83.61170917,0.29175016,1.50000000));
#1730 = VERTEX_POINT('',#1729);
#1731 = CARTESIAN_POINT('',(83.61753800,0.35596000,1.50000000));
#1732 = VERTEX_POINT('',#1731);
#1733 = CARTESIAN_POINT('',(83.61753800,2.41336000,1.50000000));
#1734 = VERTEX_POINT('',#1733);
#1735 = CARTESIAN_POINT('',(83.61983830,2.43965475,1.50000000));
#1736 = VERTEX_POINT('',#1735);
#1737 = CARTESIAN_POINT('',(83.62666974,2.46515057,1.50000000));
#1738 = VERTEX_POINT('',#1737);
#1739 = CARTESIAN_POINT('',(83.63782474,2.48907276,1.50000000));
#1740 = VERTEX_POINT('',#1739);
#1741 = CARTESIAN_POINT('',(83.65296435,2.51069444,1.50000000));
#1742 = VERTEX_POINT('',#1741);
#1743 = CARTESIAN_POINT('',(83.67162856,2.52935865,1.50000000));
#1744 = VERTEX_POINT('',#1743);
#1745 = CARTESIAN_POINT('',(83.69325024,2.54449826,1.50000000));
#1746 = VERTEX_POINT('',#1745);
#1747 = CARTESIAN_POINT('',(83.71717243,2.55565326,1.50000000));
#1748 = VERTEX_POINT('',#1747);
#1749 = CARTESIAN_POINT('',(83.74266825,2.56248470,1.50000000));
#1750 = VERTEX_POINT('',#1749);
#1751 = CARTESIAN_POINT('',(83.76896300,2.56478500,1.50000000));
#1752 = VERTEX_POINT('',#1751);
#1753 = CARTESIAN_POINT('',(103.73336300,2.56478500,1.50000000));
#1754 = VERTEX_POINT('',#1753);
#1755 = CARTESIAN_POINT('',(103.79365099,2.57031854,1.50000000));
#1756 = VERTEX_POINT('',#1755);
#1757 = CARTESIAN_POINT('',(103.85192425,2.58673462,1.50000000));
#1758 = VERTEX_POINT('',#1757);
#1759 = CARTESIAN_POINT('',(103.90623538,2.61348464,1.50000000));
#1760 = VERTEX_POINT('',#1759);
#1761 = CARTESIAN_POINT('',(103.95476934,2.64967463,1.50000000));
#1762 = VERTEX_POINT('',#1761);
#1763 = CARTESIAN_POINT('',(103.99590420,2.69409517,1.50000000));
#1764 = VERTEX_POINT('',#1763);
#1765 = CARTESIAN_POINT('',(104.02826528,2.74526178,1.50000000));
#1766 = VERTEX_POINT('',#1765);
#1767 = CARTESIAN_POINT('',(104.05077110,2.80146453,1.50000000));
#1768 = VERTEX_POINT('',#1767);
#1769 = CARTESIAN_POINT('',(104.06266955,2.86082519,1.50000000));
#1770 = VERTEX_POINT('',#1769);
#1771 = CARTESIAN_POINT('',(104.06356300,2.92136000,1.50000000));
#1772 = VERTEX_POINT('',#1771);
#1773 = CARTESIAN_POINT('',(104.06356300,4.57236000,1.50000000));
#1774 = VERTEX_POINT('',#1773);
#1775 = CARTESIAN_POINT('',(104.06626397,4.60323473,1.50000000));
#1776 = VERTEX_POINT('',#1775);
#1777 = CARTESIAN_POINT('',(104.07428530,4.63317137,1.50000000));
#1778 = VERTEX_POINT('',#1777);
#1779 = CARTESIAN_POINT('',(104.08738326,4.66126030,1.50000000));
#1780 = VERTEX_POINT('',#1779);
#1781 = CARTESIAN_POINT('',(104.10515987,4.68664802,1.50000000));
#1782 = VERTEX_POINT('',#1781);
#1783 = CARTESIAN_POINT('',(104.12707498,4.70856313,1.50000000));
#1784 = VERTEX_POINT('',#1783);
#1785 = CARTESIAN_POINT('',(104.15246270,4.72633974,1.50000000));
#1786 = VERTEX_POINT('',#1785);
#1787 = CARTESIAN_POINT('',(104.18055163,4.73943770,1.50000000));
#1788 = VERTEX_POINT('',#1787);
#1789 = CARTESIAN_POINT('',(104.21048827,4.74745903,1.50000000));
#1790 = VERTEX_POINT('',#1789);
#1791 = CARTESIAN_POINT('',(104.24136300,4.75016000,1.50000000));
#1792 = VERTEX_POINT('',#1791);
#1793 = CARTESIAN_POINT('',(151.61236300,4.77556000,1.50000000));
#1794 = VERTEX_POINT('',#1793);
#1795 = CARTESIAN_POINT('',(151.63882697,4.77787534,1.50000000));
#1796 = VERTEX_POINT('',#1795);
#1797 = CARTESIAN_POINT('',(151.66448684,4.78475091,1.50000000));
#1798 = VERTEX_POINT('',#1797);
#1799 = CARTESIAN_POINT('',(151.68856295,4.79597780,1.50000000));
#1800 = VERTEX_POINT('',#1799);
#1801 = CARTESIAN_POINT('',(151.71032376,4.81121490,1.50000000));
#1802 = VERTEX_POINT('',#1801);
#1803 = CARTESIAN_POINT('',(151.72910810,4.82999924,1.50000000));
#1804 = VERTEX_POINT('',#1803);
#1805 = CARTESIAN_POINT('',(151.74434520,4.85176005,1.50000000));
#1806 = VERTEX_POINT('',#1805);
#1807 = CARTESIAN_POINT('',(151.75557209,4.87583616,1.50000000));
#1808 = VERTEX_POINT('',#1807);
#1809 = CARTESIAN_POINT('',(151.76244766,4.90149603,1.50000000));
#1810 = VERTEX_POINT('',#1809);
#1811 = CARTESIAN_POINT('',(151.76476300,4.92796000,1.50000000));
#1812 = VERTEX_POINT('',#1811);
#1813 = CARTESIAN_POINT('',(151.80286600,18.49156000,1.50000000));
#1814 = VERTEX_POINT('',#1813);
#1815 = CARTESIAN_POINT('',(151.95451194,19.35160385,1.50000000));
#1816 = VERTEX_POINT('',#1815);
#1817 = CARTESIAN_POINT('',(152.39116764,20.10791372,1.50000000));
#1818 = VERTEX_POINT('',#1817);
#1819 = CARTESIAN_POINT('',(153.06016300,20.66926748,1.50000000));
#1820 = VERTEX_POINT('',#1819);
#1821 = CARTESIAN_POINT('',(153.88080729,20.96795758,1.50000000));
#1822 = VERTEX_POINT('',#1821);
#1823 = CARTESIAN_POINT('',(154.28666300,20.96795758,1.50000000));
#1824 = VERTEX_POINT('',#1823);
#1825 = CARTESIAN_POINT('',(154.75411871,20.96795758,1.50000000));
#1826 = VERTEX_POINT('',#1825);
#1827 = CARTESIAN_POINT('',(154.73312937,52.31214831,1.50000000));
#1828 = VERTEX_POINT('',#1827);
#1829 = CARTESIAN_POINT('',(154.28666300,52.31214831,1.50000000));
#1830 = VERTEX_POINT('',#1829);
#1831 = CARTESIAN_POINT('',(153.85099663,52.31214831,1.50000000));
#1832 = VERTEX_POINT('',#1831);
#1833 = CARTESIAN_POINT('',(153.02206300,52.61385547,1.50000000));
#1834 = VERTEX_POINT('',#1833);
#1835 = CARTESIAN_POINT('',(152.34631011,53.18087947,1.50000000));
#1836 = VERTEX_POINT('',#1835);
#1837 = CARTESIAN_POINT('',(151.90524374,53.94482884,1.50000000));
#1838 = VERTEX_POINT('',#1837);
#1839 = CARTESIAN_POINT('',(151.75206300,54.81356000,1.50000000));
#1840 = VERTEX_POINT('',#1839);
#1841 = CARTESIAN_POINT('',(151.76476300,60.07136000,1.50000000));
#1842 = DIRECTION('',(-0.47603855,0.87942441,0.00000000));
#1843 = VECTOR('',#1842,39.60781331);
#1844 = LINE('',#1841,#1843);
#1845 = EDGE_CURVE('',#1488,#1490,#1844,.T.);
#1846 = CARTESIAN_POINT('',(132.90991700,94.90343800,1.50000000));
#1847 = DIRECTION('',(-0.50137602,0.86522950,0.00000000));
#1848 = VECTOR('',#1847,0.00936696);
#1849 = LINE('',#1846,#1848);
#1850 = EDGE_CURVE('',#1490,#1492,#1849,.T.);
#1851 = CARTESIAN_POINT('',(132.90522063,94.91154257,1.50000000));
#1852 = DIRECTION('',(-0.60371684,0.79719883,0.00000000));
#1853 = VECTOR('',#1852,0.00936783);
#1854 = LINE('',#1851,#1853);
#1855 = EDGE_CURVE('',#1492,#1494,#1854,.T.);
#1856 = CARTESIAN_POINT('',(132.89956512,94.91901059,1.50000000));
#1857 = DIRECTION('',(-0.69697881,0.71709172,0.00000000));
#1858 = VECTOR('',#1857,0.00936783);
#1859 = LINE('',#1856,#1858);
#1860 = EDGE_CURVE('',#1494,#1496,#1859,.T.);
#1861 = CARTESIAN_POINT('',(132.89303594,94.92572818,1.50000000));
#1862 = DIRECTION('',(-0.77970599,0.62614581,0.00000000));
#1863 = VECTOR('',#1862,0.00936783);
#1864 = LINE('',#1861,#1863);
#1865 = EDGE_CURVE('',#1496,#1498,#1864,.T.);
#1866 = CARTESIAN_POINT('',(132.88573179,94.93159381,1.50000000));
#1867 = DIRECTION('',(-0.85064795,0.52573573,0.00000000));
#1868 = VECTOR('',#1867,0.00936783);
#1869 = LINE('',#1866,#1868);
#1870 = EDGE_CURVE('',#1498,#1500,#1869,.T.);
#1871 = CARTESIAN_POINT('',(132.87776307,94.93651881,1.50000000));
#1872 = DIRECTION('',(-0.90873242,0.41737919,0.00000000));
#1873 = VECTOR('',#1872,0.00936783);
#1874 = LINE('',#1871,#1873);
#1875 = EDGE_CURVE('',#1500,#1502,#1874,.T.);
#1876 = CARTESIAN_POINT('',(132.86925022,94.94042874,1.50000000));
#1877 = DIRECTION('',(-0.95308145,0.30271399,0.00000000));
#1878 = VECTOR('',#1877,0.00936783);
#1879 = LINE('',#1876,#1878);
#1880 = EDGE_CURVE('',#1502,#1504,#1879,.T.);
#1881 = CARTESIAN_POINT('',(132.86032192,94.94326451,1.50000000));
#1882 = DIRECTION('',(-0.98302470,0.18347328,0.00000000));
#1883 = VECTOR('',#1882,0.00936783);
#1884 = LINE('',#1881,#1883);
#1885 = EDGE_CURVE('',#1504,#1506,#1884,.T.);
#1886 = CARTESIAN_POINT('',(132.85111312,94.94498326,1.50000000));
#1887 = DIRECTION('',(-0.99810959,0.06145938,0.00000000));
#1888 = VECTOR('',#1887,0.00936783);
#1889 = LINE('',#1886,#1888);
#1890 = EDGE_CURVE('',#1506,#1508,#1889,.T.);
#1891 = CARTESIAN_POINT('',(132.84176300,94.94555900,1.50000000));
#1892 = DIRECTION('',(-0.87753529,-0.47951205,0.00000000));
#1893 = VECTOR('',#1892,18.66300322);
#1894 = LINE('',#1891,#1893);
#1895 = EDGE_CURVE('',#1508,#1510,#1894,.T.);
#1896 = CARTESIAN_POINT('',(116.46431900,85.99642400,1.50000000));
#1897 = DIRECTION('',(-0.84965391,-0.52734072,0.00000000));
#1898 = VECTOR('',#1897,0.00663505);
#1899 = LINE('',#1896,#1898);
#1900 = EDGE_CURVE('',#1510,#1512,#1899,.T.);
#1901 = CARTESIAN_POINT('',(116.45868150,85.99292507,1.50000000));
#1902 = DIRECTION('',(-0.88234104,-0.47061054,0.00000000));
#1903 = VECTOR('',#1902,0.00663675);
#1904 = LINE('',#1901,#1903);
#1905 = EDGE_CURVE('',#1512,#1514,#1904,.T.);
#1906 = CARTESIAN_POINT('',(116.45282562,85.98980174,1.50000000));
#1907 = DIRECTION('',(-0.91118034,-0.41200775,0.00000000));
#1908 = VECTOR('',#1907,0.00663675);
#1909 = LINE('',#1906,#1908);
#1910 = EDGE_CURVE('',#1514,#1516,#1909,.T.);
#1911 = CARTESIAN_POINT('',(116.44677834,85.98706735,1.50000000));
#1912 = DIRECTION('',(-0.93613255,-0.35164734,0.00000000));
#1913 = VECTOR('',#1912,0.00663675);
#1914 = LINE('',#1911,#1913);
#1915 = EDGE_CURVE('',#1516,#1518,#1914,.T.);
#1916 = CARTESIAN_POINT('',(116.44056546,85.98473355,1.50000000));
#1917 = DIRECTION('',(-0.95709122,-0.28978680,0.00000000));
#1918 = VECTOR('',#1917,0.00663675);
#1919 = LINE('',#1916,#1918);
#1920 = EDGE_CURVE('',#1518,#1520,#1919,.T.);
#1921 = CARTESIAN_POINT('',(116.43421348,85.98281031,1.50000000));
#1922 = DIRECTION('',(-0.97396695,-0.22669004,0.00000000));
#1923 = VECTOR('',#1922,0.00663675);
#1924 = LINE('',#1921,#1923);
#1925 = EDGE_CURVE('',#1520,#1522,#1924,.T.);
#1926 = CARTESIAN_POINT('',(116.42774950,85.98130582,1.50000000));
#1927 = DIRECTION('',(-0.98668775,-0.16262622,0.00000000));
#1928 = VECTOR('',#1927,0.00663675);
#1929 = LINE('',#1926,#1928);
#1930 = EDGE_CURVE('',#1522,#1524,#1929,.T.);
#1931 = CARTESIAN_POINT('',(116.42120110,85.98022651,1.50000000));
#1932 = DIRECTION('',(-0.99519934,-0.09786863,0.00000000));
#1933 = VECTOR('',#1932,0.00663675);
#1934 = LINE('',#1931,#1933);
#1935 = EDGE_CURVE('',#1524,#1526,#1934,.T.);
#1936 = CARTESIAN_POINT('',(116.41459621,85.97957698,1.50000000));
#1937 = DIRECTION('',(-0.99946542,-0.03269354,0.00000000));
#1938 = VECTOR('',#1937,0.00663675);
#1939 = LINE('',#1936,#1938);
#1940 = EDGE_CURVE('',#1526,#1528,#1939,.T.);
#1941 = CARTESIAN_POINT('',(116.40796300,85.97936000,1.50000000));
#1942 = DIRECTION('',(-0.99629419,-0.08601101,0.00000000));
#1943 = VECTOR('',#1942,7.08746482);
#1944 = LINE('',#1941,#1943);
#1945 = EDGE_CURVE('',#1528,#1530,#1944,.T.);
#1946 = CARTESIAN_POINT('',(109.34676300,85.36976000,1.50000000));
#1947 = DIRECTION('',(-0.99617252,-0.08740890,0.00000000));
#1948 = VECTOR('',#1947,35.16117881);
#1949 = LINE('',#1946,#1948);
#1950 = EDGE_CURVE('',#1530,#1532,#1949,.T.);
#1951 = CARTESIAN_POINT('',(74.32016300,82.29636000,1.50000000));
#1952 = DIRECTION('',(-0.57782378,-0.81616155,0.00000000));
#1953 = VECTOR('',#1952,21.84714524);
#1954 = LINE('',#1951,#1953);
#1955 = EDGE_CURVE('',#1532,#1534,#1954,.T.);
#1956 = CARTESIAN_POINT('',(61.69636300,64.46556000,1.50000000));
#1957 = DIRECTION('',(-0.08715323,-0.99619492,0.00000000));
#1958 = VECTOR('',#1957,0.06641273);
#1959 = LINE('',#1956,#1958);
#1960 = EDGE_CURVE('',#1534,#1536,#1959,.T.);
#1961 = CARTESIAN_POINT('',(61.69057492,64.39939998,1.50000000));
#1962 = DIRECTION('',(-0.25881722,-0.96592632,0.00000000));
#1963 = VECTOR('',#1962,0.06641273);
#1964 = LINE('',#1961,#1963);
#1965 = EDGE_CURVE('',#1536,#1538,#1964,.T.);
#1966 = CARTESIAN_POINT('',(61.67338616,64.33525018,1.50000000));
#1967 = DIRECTION('',(-0.42261712,-0.90630832,0.00000000));
#1968 = VECTOR('',#1967,0.06641273);
#1969 = LINE('',#1966,#1968);
#1970 = EDGE_CURVE('',#1538,#1540,#1969,.T.);
#1971 = CARTESIAN_POINT('',(61.64531900,64.27505977,1.50000000));
#1972 = DIRECTION('',(-0.57357592,-0.81915241,0.00000000));
#1973 = VECTOR('',#1972,0.06641273);
#1974 = LINE('',#1971,#1973);
#1975 = EDGE_CURVE('',#1540,#1542,#1974,.T.);
#1976 = CARTESIAN_POINT('',(61.60722626,64.22065763,1.50000000));
#1977 = DIRECTION('',(-0.70710678,-0.70710678,0.00000000));
#1978 = VECTOR('',#1977,0.06641273);
#1979 = LINE('',#1976,#1978);
#1980 = EDGE_CURVE('',#1542,#1544,#1979,.T.);
#1981 = CARTESIAN_POINT('',(61.56026537,64.17369674,1.50000000));
#1982 = DIRECTION('',(-0.81915241,-0.57357592,0.00000000));
#1983 = VECTOR('',#1982,0.06641273);
#1984 = LINE('',#1981,#1983);
#1985 = EDGE_CURVE('',#1544,#1546,#1984,.T.);
#1986 = CARTESIAN_POINT('',(61.50586323,64.13560400,1.50000000));
#1987 = DIRECTION('',(-0.90630832,-0.42261712,0.00000000));
#1988 = VECTOR('',#1987,0.06641273);
#1989 = LINE('',#1986,#1988);
#1990 = EDGE_CURVE('',#1546,#1548,#1989,.T.);
#1991 = CARTESIAN_POINT('',(61.44567282,64.10753684,1.50000000));
#1992 = DIRECTION('',(-0.96592632,-0.25881722,0.00000000));
#1993 = VECTOR('',#1992,0.06641273);
#1994 = LINE('',#1991,#1993);
#1995 = EDGE_CURVE('',#1548,#1550,#1994,.T.);
#1996 = CARTESIAN_POINT('',(61.38152302,64.09034808,1.50000000));
#1997 = DIRECTION('',(-0.99619492,-0.08715323,0.00000000));
#1998 = VECTOR('',#1997,0.06641273);
#1999 = LINE('',#1996,#1998);
#2000 = EDGE_CURVE('',#1550,#1552,#1999,.T.);
#2001 = CARTESIAN_POINT('',(61.31536300,64.08456000,1.50000000));
#2002 = DIRECTION('',(-1.00000000,0.00000000,0.00000000));
#2003 = VECTOR('',#2002,49.88560000);
#2004 = LINE('',#2001,#2003);
#2005 = EDGE_CURVE('',#1552,#1554,#2004,.T.);
#2006 = CARTESIAN_POINT('',(11.42976300,64.08456000,1.50000000));
#2007 = DIRECTION('',(-0.99619497,0.08715262,0.00000000));
#2008 = VECTOR('',#2007,0.05755771);
#2009 = LINE('',#2006,#2008);
#2010 = EDGE_CURVE('',#1554,#1556,#2009,.T.);
#2011 = CARTESIAN_POINT('',(11.37242430,64.08957631,1.50000000));
#2012 = DIRECTION('',(-0.96592643,0.25881678,0.00000000));
#2013 = VECTOR('',#2012,0.05755771);
#2014 = LINE('',#2011,#2013);
#2015 = EDGE_CURVE('',#1556,#1558,#2014,.T.);
#2016 = CARTESIAN_POINT('',(11.31682779,64.10447321,1.50000000));
#2017 = DIRECTION('',(-0.90630845,0.42261684,0.00000000));
#2018 = VECTOR('',#2017,0.05755771);
#2019 = LINE('',#2016,#2018);
#2020 = EDGE_CURVE('',#1558,#1560,#2019,.T.);
#2021 = CARTESIAN_POINT('',(11.26466275,64.12879806,1.50000000));
#2022 = DIRECTION('',(-0.81915249,0.57357579,0.00000000));
#2023 = VECTOR('',#2022,0.05755771);
#2024 = LINE('',#2021,#2023);
#2025 = EDGE_CURVE('',#1560,#1562,#2024,.T.);
#2026 = CARTESIAN_POINT('',(11.21751421,64.16181177,1.50000000));
#2027 = DIRECTION('',(-0.70710678,0.70710678,0.00000000));
#2028 = VECTOR('',#2027,0.05755771);
#2029 = LINE('',#2026,#2028);
#2030 = EDGE_CURVE('',#1562,#1564,#2029,.T.);
#2031 = CARTESIAN_POINT('',(11.17681477,64.20251121,1.50000000));
#2032 = DIRECTION('',(-0.57357579,0.81915249,0.00000000));
#2033 = VECTOR('',#2032,0.05755771);
#2034 = LINE('',#2031,#2033);
#2035 = EDGE_CURVE('',#1564,#1566,#2034,.T.);
#2036 = CARTESIAN_POINT('',(11.14380106,64.24965975,1.50000000));
#2037 = DIRECTION('',(-0.42261684,0.90630845,0.00000000));
#2038 = VECTOR('',#2037,0.05755771);
#2039 = LINE('',#2036,#2038);
#2040 = EDGE_CURVE('',#1566,#1568,#2039,.T.);
#2041 = CARTESIAN_POINT('',(11.11947621,64.30182479,1.50000000));
#2042 = DIRECTION('',(-0.25881678,0.96592643,0.00000000));
#2043 = VECTOR('',#2042,0.05755771);
#2044 = LINE('',#2041,#2043);
#2045 = EDGE_CURVE('',#1568,#1570,#2044,.T.);
#2046 = CARTESIAN_POINT('',(11.10457931,64.35742130,1.50000000));
#2047 = DIRECTION('',(-0.08715262,0.99619497,0.00000000));
#2048 = VECTOR('',#2047,0.05755771);
#2049 = LINE('',#2046,#2048);
#2050 = EDGE_CURVE('',#1570,#1572,#2049,.T.);
#2051 = CARTESIAN_POINT('',(11.09956300,64.41476000,1.50000000));
#2052 = DIRECTION('',(-0.08715540,0.99619473,0.00000000));
#2053 = VECTOR('',#2052,0.58443161);
#2054 = LINE('',#2051,#2053);
#2055 = EDGE_CURVE('',#1572,#1574,#2054,.T.);
#2056 = CARTESIAN_POINT('',(11.04862663,64.99696769,1.50000000));
#2057 = DIRECTION('',(-0.25881879,0.96592589,0.00000000));
#2058 = VECTOR('',#2057,0.58443161);
#2059 = LINE('',#2056,#2058);
#2060 = EDGE_CURVE('',#1574,#1576,#2059,.T.);
#2061 = CARTESIAN_POINT('',(10.89736475,65.56148531,1.50000000));
#2062 = DIRECTION('',(-0.42261810,0.90630786,0.00000000));
#2063 = VECTOR('',#2062,0.58443161);
#2064 = LINE('',#2061,#2063);
#2065 = EDGE_CURVE('',#1576,#1578,#2064,.T.);
#2066 = CARTESIAN_POINT('',(10.65037337,66.09116028,1.50000000));
#2067 = DIRECTION('',(-0.57357637,0.81915209,0.00000000));
#2068 = VECTOR('',#2067,0.58443161);
#2069 = LINE('',#2066,#2068);
#2070 = EDGE_CURVE('',#1578,#1580,#2069,.T.);
#2071 = CARTESIAN_POINT('',(10.31515721,66.56989865,1.50000000));
#2072 = DIRECTION('',(-0.70710678,0.70710678,0.00000000));
#2073 = VECTOR('',#2072,0.58443161);
#2074 = LINE('',#2071,#2073);
#2075 = EDGE_CURVE('',#1580,#1582,#2074,.T.);
#2076 = CARTESIAN_POINT('',(9.90190165,66.98315421,1.50000000));
#2077 = DIRECTION('',(-0.81915209,0.57357637,0.00000000));
#2078 = VECTOR('',#2077,0.58443161);
#2079 = LINE('',#2076,#2078);
#2080 = EDGE_CURVE('',#1582,#1584,#2079,.T.);
#2081 = CARTESIAN_POINT('',(9.42316328,67.31837037,1.50000000));
#2082 = DIRECTION('',(-0.90630786,0.42261810,0.00000000));
#2083 = VECTOR('',#2082,0.58443161);
#2084 = LINE('',#2081,#2083);
#2085 = EDGE_CURVE('',#1584,#1586,#2084,.T.);
#2086 = CARTESIAN_POINT('',(8.89348831,67.56536175,1.50000000));
#2087 = DIRECTION('',(-0.96592589,0.25881879,0.00000000));
#2088 = VECTOR('',#2087,0.58443161);
#2089 = LINE('',#2086,#2088);
#2090 = EDGE_CURVE('',#1586,#1588,#2089,.T.);
#2091 = CARTESIAN_POINT('',(8.32897069,67.71662363,1.50000000));
#2092 = DIRECTION('',(-0.99619473,0.08715540,0.00000000));
#2093 = VECTOR('',#2092,0.58443161);
#2094 = LINE('',#2091,#2093);
#2095 = EDGE_CURVE('',#1588,#1590,#2094,.T.);
#2096 = CARTESIAN_POINT('',(7.74676300,67.76756000,1.50000000));
#2097 = DIRECTION('',(-1.00000000,0.00000000,0.00000000));
#2098 = VECTOR('',#2097,7.74676300);
#2099 = LINE('',#2096,#2098);
#2100 = EDGE_CURVE('',#1590,#1592,#2099,.T.);
#2101 = CARTESIAN_POINT('',(0.00000000,67.76756000,1.50000000));
#2102 = DIRECTION('',(0.00000000,-1.00000000,0.00000000));
#2103 = VECTOR('',#2102,60.65520000);
#2104 = LINE('',#2101,#2103);
#2105 = EDGE_CURVE('',#1592,#1594,#2104,.T.);
#2106 = CARTESIAN_POINT('',(0.00000000,7.11236000,1.50000000));
#2107 = DIRECTION('',(0.08715577,-0.99619470,0.00000000));
#2108 = VECTOR('',#2107,0.03095127);
#2109 = LINE('',#2106,#2108);
#2110 = EDGE_CURVE('',#1594,#1596,#2109,.T.);
#2111 = CARTESIAN_POINT('',(0.00269758,7.08152651,1.50000000));
#2112 = DIRECTION('',(0.25881906,-0.96592582,0.00000000));
#2113 = VECTOR('',#2112,0.03095127);
#2114 = LINE('',#2111,#2113);
#2115 = EDGE_CURVE('',#1596,#1598,#2114,.T.);
#2116 = CARTESIAN_POINT('',(0.01070836,7.05162988,1.50000000));
#2117 = DIRECTION('',(0.42261827,-0.90630778,0.00000000));
#2118 = VECTOR('',#2117,0.03095127);
#2119 = LINE('',#2116,#2118);
#2120 = EDGE_CURVE('',#1598,#1600,#2119,.T.);
#2121 = CARTESIAN_POINT('',(0.02378893,7.02357850,1.50000000));
#2122 = DIRECTION('',(0.57357644,-0.81915204,0.00000000));
#2123 = VECTOR('',#2122,0.03095127);
#2124 = LINE('',#2121,#2123);
#2125 = EDGE_CURVE('',#1600,#1602,#2124,.T.);
#2126 = CARTESIAN_POINT('',(0.04154185,6.99822470,1.50000000));
#2127 = DIRECTION('',(0.70710678,-0.70710678,0.00000000));
#2128 = VECTOR('',#2127,0.03095127);
#2129 = LINE('',#2126,#2128);
#2130 = EDGE_CURVE('',#1602,#1604,#2129,.T.);
#2131 = CARTESIAN_POINT('',(0.06342770,6.97633885,1.50000000));
#2132 = DIRECTION('',(0.81915204,-0.57357644,0.00000000));
#2133 = VECTOR('',#2132,0.03095127);
#2134 = LINE('',#2131,#2133);
#2135 = EDGE_CURVE('',#1604,#1606,#2134,.T.);
#2136 = CARTESIAN_POINT('',(0.08878150,6.95858593,1.50000000));
#2137 = DIRECTION('',(0.90630778,-0.42261827,0.00000000));
#2138 = VECTOR('',#2137,0.03095127);
#2139 = LINE('',#2136,#2138);
#2140 = EDGE_CURVE('',#1606,#1608,#2139,.T.);
#2141 = CARTESIAN_POINT('',(0.11683288,6.94550536,1.50000000));
#2142 = DIRECTION('',(0.96592582,-0.25881906,0.00000000));
#2143 = VECTOR('',#2142,0.03095127);
#2144 = LINE('',#2141,#2143);
#2145 = EDGE_CURVE('',#1608,#1610,#2144,.T.);
#2146 = CARTESIAN_POINT('',(0.14672951,6.93749458,1.50000000));
#2147 = DIRECTION('',(0.99619470,-0.08715577,0.00000000));
#2148 = VECTOR('',#2147,0.03095127);
#2149 = LINE('',#2146,#2148);
#2150 = EDGE_CURVE('',#1610,#1612,#2149,.T.);
#2151 = CARTESIAN_POINT('',(0.17756300,6.93479700,1.50000000));
#2152 = DIRECTION('',(0.99999996,-0.00027668,0.00000000));
#2153 = VECTOR('',#2152,20.75316879);
#2154 = LINE('',#2151,#2153);
#2155 = EDGE_CURVE('',#1612,#1614,#2154,.T.);
#2156 = CARTESIAN_POINT('',(20.93073100,6.92905500,1.50000000));
#2157 = DIRECTION('',(0.37378780,-0.92751425,0.00000000));
#2158 = VECTOR('',#2157,1.23643857);
#2159 = LINE('',#2156,#2158);
#2160 = EDGE_CURVE('',#1614,#1616,#2159,.T.);
#2161 = CARTESIAN_POINT('',(21.39289666,5.78224061,1.50000000));
#2162 = DIRECTION('',(0.62894297,-0.77745144,0.00000000));
#2163 = VECTOR('',#2162,1.23643857);
#2164 = LINE('',#2161,#2163);
#2165 = EDGE_CURVE('',#1616,#1618,#2164,.T.);
#2166 = CARTESIAN_POINT('',(22.17054600,4.82096967,1.50000000));
#2167 = DIRECTION('',(0.82898826,-0.55926601,0.00000000));
#2168 = VECTOR('',#2167,1.23643857);
#2169 = LINE('',#2166,#2168);
#2170 = EDGE_CURVE('',#1618,#1620,#2169,.T.);
#2171 = CARTESIAN_POINT('',(23.19553905,4.12947160,1.50000000));
#2172 = DIRECTION('',(0.95639511,-0.29207601,0.00000000));
#2173 = VECTOR('',#2172,1.23643857);
#2174 = LINE('',#2171,#2173);
#2175 = EDGE_CURVE('',#1620,#1622,#2174,.T.);
#2176 = CARTESIAN_POINT('',(24.37806285,3.76833756,1.50000000));
#2177 = DIRECTION('',(0.99999975,0.00070657,0.00000000));
#2178 = VECTOR('',#2177,1.23643857);
#2179 = LINE('',#2176,#2178);
#2180 = EDGE_CURVE('',#1622,#1624,#2179,.T.);
#2181 = CARTESIAN_POINT('',(25.61450110,3.76921119,1.50000000));
#2182 = DIRECTION('',(0.95598141,0.29342723,0.00000000));
#2183 = VECTOR('',#2182,1.23643857);
#2184 = LINE('',#2181,#2183);
#2185 = EDGE_CURVE('',#1624,#1626,#2184,.T.);
#2186 = CARTESIAN_POINT('',(26.79651339,4.13201593,1.50000000));
#2187 = DIRECTION('',(0.82819711,0.56043692,0.00000000));
#2188 = VECTOR('',#2187,1.23643857);
#2189 = LINE('',#2186,#2188);
#2190 = EDGE_CURVE('',#1626,#1628,#2189,.T.);
#2191 = CARTESIAN_POINT('',(27.82052824,4.82496175,1.50000000));
#2192 = DIRECTION('',(0.62784370,0.77833944,0.00000000));
#2193 = VECTOR('',#2192,1.23643857);
#2194 = LINE('',#2191,#2193);
#2195 = EDGE_CURVE('',#1628,#1630,#2194,.T.);
#2196 = CARTESIAN_POINT('',(28.59681840,5.78733066,1.50000000));
#2197 = DIRECTION('',(0.37247673,0.92804153,0.00000000));
#2198 = VECTOR('',#2197,1.23643857);
#2199 = LINE('',#2196,#2198);
#2200 = EDGE_CURVE('',#1630,#1632,#2199,.T.);
#2201 = CARTESIAN_POINT('',(29.05736300,6.93479700,1.50000000));
#2202 = DIRECTION('',(1.00000000,0.00000000,0.00000000));
#2203 = VECTOR('',#2202,13.81760000);
#2204 = LINE('',#2201,#2203);
#2205 = EDGE_CURVE('',#1632,#1634,#2204,.T.);
#2206 = CARTESIAN_POINT('',(42.87496300,6.93479700,1.50000000));
#2207 = DIRECTION('',(0.99619500,-0.08715226,0.00000000));
#2208 = VECTOR('',#2207,0.04431648);
#2209 = LINE('',#2206,#2208);
#2210 = EDGE_CURVE('',#1634,#1636,#2209,.T.);
#2211 = CARTESIAN_POINT('',(42.91911085,6.93093472,1.50000000));
#2212 = DIRECTION('',(0.96592651,-0.25881651,0.00000000));
#2213 = VECTOR('',#2212,0.04431648);
#2214 = LINE('',#2211,#2213);
#2215 = EDGE_CURVE('',#1636,#1638,#2214,.T.);
#2216 = CARTESIAN_POINT('',(42.96191731,6.91946488,1.50000000));
#2217 = DIRECTION('',(0.90630853,-0.42261668,0.00000000));
#2218 = VECTOR('',#2217,0.04431648);
#2219 = LINE('',#2216,#2218);
#2220 = EDGE_CURVE('',#1638,#1640,#2219,.T.);
#2221 = CARTESIAN_POINT('',(43.00208171,6.90073600,1.50000000));
#2222 = DIRECTION('',(0.81915255,-0.57357572,0.00000000));
#2223 = VECTOR('',#2222,0.04431648);
#2224 = LINE('',#2221,#2223);
#2225 = EDGE_CURVE('',#1640,#1642,#2224,.T.);
#2226 = CARTESIAN_POINT('',(43.03838367,6.87531715,1.50000000));
#2227 = DIRECTION('',(0.70710678,-0.70710678,0.00000000));
#2228 = VECTOR('',#2227,0.04431648);
#2229 = LINE('',#2226,#2228);
#2230 = EDGE_CURVE('',#1642,#1644,#2229,.T.);
#2231 = CARTESIAN_POINT('',(43.06972015,6.84398067,1.50000000));
#2232 = DIRECTION('',(0.57357572,-0.81915255,0.00000000));
#2233 = VECTOR('',#2232,0.04431648);
#2234 = LINE('',#2231,#2233);
#2235 = EDGE_CURVE('',#1644,#1646,#2234,.T.);
#2236 = CARTESIAN_POINT('',(43.09513900,6.80767871,1.50000000));
#2237 = DIRECTION('',(0.42261668,-0.90630853,0.00000000));
#2238 = VECTOR('',#2237,0.04431648);
#2239 = LINE('',#2236,#2238);
#2240 = EDGE_CURVE('',#1646,#1648,#2239,.T.);
#2241 = CARTESIAN_POINT('',(43.11386788,6.76751431,1.50000000));
#2242 = DIRECTION('',(0.25881651,-0.96592651,0.00000000));
#2243 = VECTOR('',#2242,0.04431648);
#2244 = LINE('',#2241,#2243);
#2245 = EDGE_CURVE('',#1648,#1650,#2244,.T.);
#2246 = CARTESIAN_POINT('',(43.12533772,6.72470785,1.50000000));
#2247 = DIRECTION('',(0.08715226,-0.99619500,0.00000000));
#2248 = VECTOR('',#2247,0.04431648);
#2249 = LINE('',#2246,#2248);
#2250 = EDGE_CURVE('',#1650,#1652,#2249,.T.);
#2251 = CARTESIAN_POINT('',(43.12920000,6.68056000,1.50000000));
#2252 = DIRECTION('',(0.00000000,-1.00000000,0.00000000));
#2253 = VECTOR('',#2252,3.88620000);
#2254 = LINE('',#2251,#2253);
#2255 = EDGE_CURVE('',#1652,#1654,#2254,.T.);
#2256 = CARTESIAN_POINT('',(43.12920000,2.79436000,1.50000000));
#2257 = DIRECTION('',(0.08716546,-0.99619385,0.00000000));
#2258 = VECTOR('',#2257,0.02652368);
#2259 = LINE('',#2256,#2258);
#2260 = EDGE_CURVE('',#1654,#1656,#2259,.T.);
#2261 = CARTESIAN_POINT('',(43.13151195,2.76793727,1.50000000));
#2262 = DIRECTION('',(0.25882611,-0.96592393,0.00000000));
#2263 = VECTOR('',#2262,0.02652368);
#2264 = LINE('',#2261,#2263);
#2265 = EDGE_CURVE('',#1656,#1658,#2264,.T.);
#2266 = CARTESIAN_POINT('',(43.13837697,2.74231742,1.50000000));
#2267 = DIRECTION('',(0.42262268,-0.90630573,0.00000000));
#2268 = VECTOR('',#2267,0.02652368);
#2269 = LINE('',#2266,#2268);
#2270 = EDGE_CURVE('',#1658,#1660,#2269,.T.);
#2271 = CARTESIAN_POINT('',(43.14958648,2.71827885,1.50000000));
#2272 = DIRECTION('',(0.57357843,-0.81915065,0.00000000));
#2273 = VECTOR('',#2272,0.02652368);
#2274 = LINE('',#2271,#2273);
#2275 = EDGE_CURVE('',#1660,#1662,#2274,.T.);
#2276 = CARTESIAN_POINT('',(43.16479989,2.69655196,1.50000000));
#2277 = DIRECTION('',(0.70710678,-0.70710678,0.00000000));
#2278 = VECTOR('',#2277,0.02652368);
#2279 = LINE('',#2276,#2278);
#2280 = EDGE_CURVE('',#1662,#1664,#2279,.T.);
#2281 = CARTESIAN_POINT('',(43.18355496,2.67779689,1.50000000));
#2282 = DIRECTION('',(0.81915065,-0.57357843,0.00000000));
#2283 = VECTOR('',#2282,0.02652368);
#2284 = LINE('',#2281,#2283);
#2285 = EDGE_CURVE('',#1664,#1666,#2284,.T.);
#2286 = CARTESIAN_POINT('',(43.20528185,2.66258348,1.50000000));
#2287 = DIRECTION('',(0.90630573,-0.42262268,0.00000000));
#2288 = VECTOR('',#2287,0.02652368);
#2289 = LINE('',#2286,#2288);
#2290 = EDGE_CURVE('',#1666,#1668,#2289,.T.);
#2291 = CARTESIAN_POINT('',(43.22932042,2.65137397,1.50000000));
#2292 = DIRECTION('',(0.96592393,-0.25882611,0.00000000));
#2293 = VECTOR('',#2292,0.02652368);
#2294 = LINE('',#2291,#2293);
#2295 = EDGE_CURVE('',#1668,#1670,#2294,.T.);
#2296 = CARTESIAN_POINT('',(43.25494027,2.64450895,1.50000000));
#2297 = DIRECTION('',(0.99619385,-0.08716546,0.00000000));
#2298 = VECTOR('',#2297,0.02652368);
#2299 = LINE('',#2296,#2298);
#2300 = EDGE_CURVE('',#1670,#1672,#2299,.T.);
#2301 = CARTESIAN_POINT('',(43.28136300,2.64219700,1.50000000));
#2302 = DIRECTION('',(1.00000000,0.00000000,0.00000000));
#2303 = VECTOR('',#2302,18.84680000);
#2304 = LINE('',#2301,#2303);
#2305 = EDGE_CURVE('',#1672,#1674,#2304,.T.);
#2306 = CARTESIAN_POINT('',(62.12816300,2.64219700,1.50000000));
#2307 = DIRECTION('',(0.99619447,-0.08715831,0.00000000));
#2308 = VECTOR('',#2307,0.03988889);
#2309 = LINE('',#2306,#2308);
#2310 = EDGE_CURVE('',#1674,#1676,#2309,.T.);
#2311 = CARTESIAN_POINT('',(62.16790009,2.63872035,1.50000000));
#2312 = DIRECTION('',(0.96592533,-0.25882091,0.00000000));
#2313 = VECTOR('',#2312,0.03988889);
#2314 = LINE('',#2311,#2313);
#2315 = EDGE_CURVE('',#1676,#1678,#2314,.T.);
#2316 = CARTESIAN_POINT('',(62.20642977,2.62839627,1.50000000));
#2317 = DIRECTION('',(0.90630724,-0.42261943,0.00000000));
#2318 = VECTOR('',#2317,0.03988889);
#2319 = LINE('',#2316,#2318);
#2320 = EDGE_CURVE('',#1678,#1680,#2319,.T.);
#2321 = CARTESIAN_POINT('',(62.24258136,2.61153846,1.50000000));
#2322 = DIRECTION('',(0.81915167,-0.57357696,0.00000000));
#2323 = VECTOR('',#2322,0.03988889);
#2324 = LINE('',#2321,#2323);
#2325 = EDGE_CURVE('',#1680,#1682,#2324,.T.);
#2326 = CARTESIAN_POINT('',(62.27525641,2.58865911,1.50000000));
#2327 = DIRECTION('',(0.70710678,-0.70710678,0.00000000));
#2328 = VECTOR('',#2327,0.03988889);
#2329 = LINE('',#2326,#2328);
#2330 = EDGE_CURVE('',#1682,#1684,#2329,.T.);
#2331 = CARTESIAN_POINT('',(62.30346211,2.56045341,1.50000000));
#2332 = DIRECTION('',(0.57357696,-0.81915167,0.00000000));
#2333 = VECTOR('',#2332,0.03988889);
#2334 = LINE('',#2331,#2333);
#2335 = EDGE_CURVE('',#1684,#1686,#2334,.T.);
#2336 = CARTESIAN_POINT('',(62.32634146,2.52777836,1.50000000));
#2337 = DIRECTION('',(0.42261943,-0.90630724,0.00000000));
#2338 = VECTOR('',#2337,0.03988889);
#2339 = LINE('',#2336,#2338);
#2340 = EDGE_CURVE('',#1686,#1688,#2339,.T.);
#2341 = CARTESIAN_POINT('',(62.34319927,2.49162677,1.50000000));
#2342 = DIRECTION('',(0.25882091,-0.96592533,0.00000000));
#2343 = VECTOR('',#2342,0.03988889);
#2344 = LINE('',#2341,#2343);
#2345 = EDGE_CURVE('',#1688,#1690,#2344,.T.);
#2346 = CARTESIAN_POINT('',(62.35352335,2.45309709,1.50000000));
#2347 = DIRECTION('',(0.08715831,-0.99619447,0.00000000));
#2348 = VECTOR('',#2347,0.03988889);
#2349 = LINE('',#2346,#2348);
#2350 = EDGE_CURVE('',#1690,#1692,#2349,.T.);
#2351 = CARTESIAN_POINT('',(62.35700000,2.41336000,1.50000000));
#2352 = DIRECTION('',(0.00000000,-1.00000000,0.00000000));
#2353 = VECTOR('',#2352,2.00391400);
#2354 = LINE('',#2351,#2353);
#2355 = EDGE_CURVE('',#1692,#1694,#2354,.T.);
#2356 = CARTESIAN_POINT('',(62.35700000,0.40944600,1.50000000));
#2357 = DIRECTION('',(0.13650343,-0.99063960,0.00000000));
#2358 = VECTOR('',#2357,0.07281479);
#2359 = LINE('',#2356,#2358);
#2360 = EDGE_CURVE('',#1694,#1696,#2359,.T.);
#2361 = CARTESIAN_POINT('',(62.36693947,0.33731279,1.50000000));
#2362 = DIRECTION('',(0.30088524,-0.95366036,0.00000000));
#2363 = VECTOR('',#2362,0.07281479);
#2364 = LINE('',#2361,#2363);
#2365 = EDGE_CURVE('',#1696,#1698,#2364,.T.);
#2366 = CARTESIAN_POINT('',(62.38884836,0.26787221,1.50000000));
#2367 = DIRECTION('',(0.45672527,-0.88960780,0.00000000));
#2368 = VECTOR('',#2367,0.07281479);
#2369 = LINE('',#2366,#2368);
#2370 = EDGE_CURVE('',#1698,#1700,#2369,.T.);
#2371 = CARTESIAN_POINT('',(62.42210472,0.20309561,1.50000000));
#2372 = DIRECTION('',(0.59959939,-0.80030030,0.00000000));
#2373 = VECTOR('',#2372,0.07281479);
#2374 = LINE('',#2371,#2373);
#2375 = EDGE_CURVE('',#1700,#1702,#2374,.T.);
#2376 = CARTESIAN_POINT('',(62.46576442,0.14482191,1.50000000));
#2377 = DIRECTION('',(0.72545158,-0.68827320,0.00000000));
#2378 = VECTOR('',#2377,0.07281479);
#2379 = LINE('',#2376,#2378);
#2380 = EDGE_CURVE('',#1702,#1704,#2379,.T.);
#2381 = CARTESIAN_POINT('',(62.51858802,0.09470544,1.50000000));
#2382 = DIRECTION('',(0.83070904,-0.55670683,0.00000000));
#2383 = VECTOR('',#2382,0.07281479);
#2384 = LINE('',#2381,#2383);
#2385 = EDGE_CURVE('',#1704,#1706,#2384,.T.);
#2386 = CARTESIAN_POINT('',(62.57907593,0.05416895,1.50000000));
#2387 = DIRECTION('',(0.91238363,-0.40933618,0.00000000));
#2388 = VECTOR('',#2387,0.07281479);
#2389 = LINE('',#2386,#2388);
#2390 = EDGE_CURVE('',#1706,#1708,#2389,.T.);
#2391 = CARTESIAN_POINT('',(62.64551095,0.02436322,1.50000000));
#2392 = DIRECTION('',(0.96815670,-0.25034496,0.00000000));
#2393 = VECTOR('',#2392,0.07281479);
#2394 = LINE('',#2391,#2393);
#2395 = EDGE_CURVE('',#1708,#1710,#2394,.T.);
#2396 = CARTESIAN_POINT('',(62.71600707,0.00613441,1.50000000));
#2397 = DIRECTION('',(0.99644492,-0.08424674,0.00000000));
#2398 = VECTOR('',#2397,0.07281479);
#2399 = LINE('',#2396,#2398);
#2400 = EDGE_CURVE('',#1710,#1712,#2399,.T.);
#2401 = CARTESIAN_POINT('',(62.78856300,0.00000000,1.50000000));
#2402 = DIRECTION('',(1.00000000,0.00000000,0.00000000));
#2403 = VECTOR('',#2402,20.45146100);
#2404 = LINE('',#2401,#2403);
#2405 = EDGE_CURVE('',#1712,#1714,#2404,.T.);
#2406 = CARTESIAN_POINT('',(83.24002400,0.00000000,1.50000000));
#2407 = DIRECTION('',(0.99949524,0.03176885,0.00000000));
#2408 = VECTOR('',#2407,0.06447386);
#2409 = LINE('',#2406,#2408);
#2410 = EDGE_CURVE('',#1714,#1716,#2409,.T.);
#2411 = CARTESIAN_POINT('',(83.30446532,0.00204826,1.50000000));
#2412 = DIRECTION('',(0.97743584,0.21123252,0.00000000));
#2413 = VECTOR('',#2412,0.06447386);
#2414 = LINE('',#2411,#2413);
#2415 = EDGE_CURVE('',#1716,#1718,#2414,.T.);
#2416 = CARTESIAN_POINT('',(83.36748438,0.01566724,1.50000000));
#2417 = DIRECTION('',(0.92342032,0.38379018,0.00000000));
#2418 = VECTOR('',#2417,0.06447386);
#2419 = LINE('',#2416,#2418);
#2420 = EDGE_CURVE('',#1718,#1720,#2419,.T.);
#2421 = CARTESIAN_POINT('',(83.42702085,0.04041167,1.50000000));
#2422 = DIRECTION('',(0.83921467,0.54380028,0.00000000));
#2423 = VECTOR('',#2422,0.06447386);
#2424 = LINE('',#2421,#2423);
#2425 = EDGE_CURVE('',#1720,#1722,#2424,.T.);
#2426 = CARTESIAN_POINT('',(83.48112826,0.07547257,1.50000000));
#2427 = DIRECTION('',(0.72757187,0.68603147,0.00000000));
#2428 = VECTOR('',#2427,0.06447386);
#2429 = LINE('',#2426,#2428);
#2430 = EDGE_CURVE('',#1722,#1724,#2429,.T.);
#2431 = CARTESIAN_POINT('',(83.52803762,0.11970367,1.50000000));
#2432 = DIRECTION('',(0.59214197,0.80583366,0.00000000));
#2433 = VECTOR('',#2432,0.06447386);
#2434 = LINE('',#2431,#2433);
#2435 = EDGE_CURVE('',#1724,#1726,#2434,.T.);
#2436 = CARTESIAN_POINT('',(83.56621530,0.17165887,1.50000000));
#2437 = DIRECTION('',(0.43735268,0.89929007,0.00000000));
#2438 = VECTOR('',#2437,0.06447386);
#2439 = LINE('',#2436,#2438);
#2440 = EDGE_CURVE('',#1726,#1728,#2439,.T.);
#2441 = CARTESIAN_POINT('',(83.59441312,0.22963958,1.50000000));
#2442 = DIRECTION('',(0.26826466,0.96334525,0.00000000));
#2443 = VECTOR('',#2442,0.06447386);
#2444 = LINE('',#2441,#2443);
#2445 = EDGE_CURVE('',#1728,#1730,#2444,.T.);
#2446 = CARTESIAN_POINT('',(83.61170917,0.29175016,1.50000000));
#2447 = DIRECTION('',(0.09040605,0.99590499,0.00000000));
#2448 = VECTOR('',#2447,0.06447386);
#2449 = LINE('',#2446,#2448);
#2450 = EDGE_CURVE('',#1730,#1732,#2449,.T.);
#2451 = CARTESIAN_POINT('',(83.61753800,0.35596000,1.50000000));
#2452 = DIRECTION('',(0.00000000,1.00000000,0.00000000));
#2453 = VECTOR('',#2452,2.05740000);
#2454 = LINE('',#2451,#2453);
#2455 = EDGE_CURVE('',#1732,#1734,#2454,.T.);
#2456 = CARTESIAN_POINT('',(83.61753800,2.41336000,1.50000000));
#2457 = DIRECTION('',(0.08714864,0.99619532,0.00000000));
#2458 = VECTOR('',#2457,0.02639517);
#2459 = LINE('',#2456,#2458);
#2460 = EDGE_CURVE('',#1734,#1736,#2459,.T.);
#2461 = CARTESIAN_POINT('',(83.61983830,2.43965475,1.50000000));
#2462 = DIRECTION('',(0.25881388,0.96592721,0.00000000));
#2463 = VECTOR('',#2462,0.02639517);
#2464 = LINE('',#2461,#2463);
#2465 = EDGE_CURVE('',#1736,#1738,#2464,.T.);
#2466 = CARTESIAN_POINT('',(83.62666974,2.46515057,1.50000000));
#2467 = DIRECTION('',(0.42261503,0.90630929,0.00000000));
#2468 = VECTOR('',#2467,0.02639517);
#2469 = LINE('',#2466,#2468);
#2470 = EDGE_CURVE('',#1738,#1740,#2469,.T.);
#2471 = CARTESIAN_POINT('',(83.63782474,2.48907276,1.50000000));
#2472 = DIRECTION('',(0.57357498,0.81915307,0.00000000));
#2473 = VECTOR('',#2472,0.02639517);
#2474 = LINE('',#2471,#2473);
#2475 = EDGE_CURVE('',#1740,#1742,#2474,.T.);
#2476 = CARTESIAN_POINT('',(83.65296435,2.51069444,1.50000000));
#2477 = DIRECTION('',(0.70710678,0.70710678,0.00000000));
#2478 = VECTOR('',#2477,0.02639517);
#2479 = LINE('',#2476,#2478);
#2480 = EDGE_CURVE('',#1742,#1744,#2479,.T.);
#2481 = CARTESIAN_POINT('',(83.67162856,2.52935865,1.50000000));
#2482 = DIRECTION('',(0.81915307,0.57357498,0.00000000));
#2483 = VECTOR('',#2482,0.02639517);
#2484 = LINE('',#2481,#2483);
#2485 = EDGE_CURVE('',#1744,#1746,#2484,.T.);
#2486 = CARTESIAN_POINT('',(83.69325024,2.54449826,1.50000000));
#2487 = DIRECTION('',(0.90630929,0.42261503,0.00000000));
#2488 = VECTOR('',#2487,0.02639517);
#2489 = LINE('',#2486,#2488);
#2490 = EDGE_CURVE('',#1746,#1748,#2489,.T.);
#2491 = CARTESIAN_POINT('',(83.71717243,2.55565326,1.50000000));
#2492 = DIRECTION('',(0.96592721,0.25881388,0.00000000));
#2493 = VECTOR('',#2492,0.02639517);
#2494 = LINE('',#2491,#2493);
#2495 = EDGE_CURVE('',#1748,#1750,#2494,.T.);
#2496 = CARTESIAN_POINT('',(83.74266825,2.56248470,1.50000000));
#2497 = DIRECTION('',(0.99619532,0.08714864,0.00000000));
#2498 = VECTOR('',#2497,0.02639517);
#2499 = LINE('',#2496,#2498);
#2500 = EDGE_CURVE('',#1750,#1752,#2499,.T.);
#2501 = CARTESIAN_POINT('',(83.76896300,2.56478500,1.50000000));
#2502 = DIRECTION('',(1.00000000,0.00000000,0.00000000));
#2503 = VECTOR('',#2502,19.96440000);
#2504 = LINE('',#2501,#2503);
#2505 = EDGE_CURVE('',#1752,#1754,#2504,.T.);
#2506 = CARTESIAN_POINT('',(103.73336300,2.56478500,1.50000000));
#2507 = DIRECTION('',(0.99581417,0.09140096,0.00000000));
#2508 = VECTOR('',#2507,0.06054140);
#2509 = LINE('',#2506,#2508);
#2510 = EDGE_CURVE('',#1754,#1756,#2509,.T.);
#2511 = CARTESIAN_POINT('',(103.79365099,2.57031854,1.50000000));
#2512 = DIRECTION('',(0.96253580,0.27115462,0.00000000));
#2513 = VECTOR('',#2512,0.06054140);
#2514 = LINE('',#2511,#2513);
#2515 = EDGE_CURVE('',#1756,#1758,#2514,.T.);
#2516 = CARTESIAN_POINT('',(103.85192425,2.58673462,1.50000000));
#2517 = DIRECTION('',(0.89709062,0.44184660,0.00000000));
#2518 = VECTOR('',#2517,0.06054140);
#2519 = LINE('',#2516,#2518);
#2520 = EDGE_CURVE('',#1758,#1760,#2519,.T.);
#2521 = CARTESIAN_POINT('',(103.90623538,2.61348464,1.50000000));
#2522 = DIRECTION('',(0.80166572,0.59777260,0.00000000));
#2523 = VECTOR('',#2522,0.06054140);
#2524 = LINE('',#2521,#2523);
#2525 = EDGE_CURVE('',#1760,#1762,#2524,.T.);
#2526 = CARTESIAN_POINT('',(103.95476934,2.64967463,1.50000000));
#2527 = DIRECTION('',(0.67945009,0.73372173,0.00000000));
#2528 = VECTOR('',#2527,0.06054140);
#2529 = LINE('',#2526,#2528);
#2530 = EDGE_CURVE('',#1762,#1764,#2529,.T.);
#2531 = CARTESIAN_POINT('',(103.99590420,2.69409517,1.50000000));
#2532 = DIRECTION('',(0.53452803,0.84515074,0.00000000));
#2533 = VECTOR('',#2532,0.06054140);
#2534 = LINE('',#2531,#2533);
#2535 = EDGE_CURVE('',#1764,#1766,#2534,.T.);
#2536 = CARTESIAN_POINT('',(104.02826528,2.74526178,1.50000000));
#2537 = DIRECTION('',(0.37174268,0.92833581,0.00000000));
#2538 = VECTOR('',#2537,0.06054140);
#2539 = LINE('',#2536,#2538);
#2540 = EDGE_CURVE('',#1766,#1768,#2539,.T.);
#2541 = CARTESIAN_POINT('',(104.05077110,2.80146453,1.50000000));
#2542 = DIRECTION('',(0.19653412,0.98049699,0.00000000));
#2543 = VECTOR('',#2542,0.06054140);
#2544 = LINE('',#2541,#2543);
#2545 = EDGE_CURVE('',#1768,#1770,#2544,.T.);
#2546 = CARTESIAN_POINT('',(104.06266955,2.86082519,1.50000000));
#2547 = DIRECTION('',(0.01475763,0.99989110,0.00000000));
#2548 = VECTOR('',#2547,0.06054140);
#2549 = LINE('',#2546,#2548);
#2550 = EDGE_CURVE('',#1770,#1772,#2549,.T.);
#2551 = CARTESIAN_POINT('',(104.06356300,2.92136000,1.50000000));
#2552 = DIRECTION('',(0.00000000,1.00000000,0.00000000));
#2553 = VECTOR('',#2552,1.65100000);
#2554 = LINE('',#2551,#2553);
#2555 = EDGE_CURVE('',#1772,#1774,#2554,.T.);
#2556 = CARTESIAN_POINT('',(104.06356300,4.57236000,1.50000000));
#2557 = DIRECTION('',(0.08714870,0.99619531,0.00000000));
#2558 = VECTOR('',#2557,0.03099265);
#2559 = LINE('',#2556,#2558);
#2560 = EDGE_CURVE('',#1774,#1776,#2559,.T.);
#2561 = CARTESIAN_POINT('',(104.06626397,4.60323473,1.50000000));
#2562 = DIRECTION('',(0.25881392,0.96592720,0.00000000));
#2563 = VECTOR('',#2562,0.03099265);
#2564 = LINE('',#2561,#2563);
#2565 = EDGE_CURVE('',#1776,#1778,#2564,.T.);
#2566 = CARTESIAN_POINT('',(104.07428530,4.63317137,1.50000000));
#2567 = DIRECTION('',(0.42261506,0.90630928,0.00000000));
#2568 = VECTOR('',#2567,0.03099265);
#2569 = LINE('',#2566,#2568);
#2570 = EDGE_CURVE('',#1778,#1780,#2569,.T.);
#2571 = CARTESIAN_POINT('',(104.08738326,4.66126030,1.50000000));
#2572 = DIRECTION('',(0.57357499,0.81915306,0.00000000));
#2573 = VECTOR('',#2572,0.03099265);
#2574 = LINE('',#2571,#2573);
#2575 = EDGE_CURVE('',#1780,#1782,#2574,.T.);
#2576 = CARTESIAN_POINT('',(104.10515987,4.68664802,1.50000000));
#2577 = DIRECTION('',(0.70710678,0.70710678,0.00000000));
#2578 = VECTOR('',#2577,0.03099265);
#2579 = LINE('',#2576,#2578);
#2580 = EDGE_CURVE('',#1782,#1784,#2579,.T.);
#2581 = CARTESIAN_POINT('',(104.12707498,4.70856313,1.50000000));
#2582 = DIRECTION('',(0.81915306,0.57357499,0.00000000));
#2583 = VECTOR('',#2582,0.03099265);
#2584 = LINE('',#2581,#2583);
#2585 = EDGE_CURVE('',#1784,#1786,#2584,.T.);
#2586 = CARTESIAN_POINT('',(104.15246270,4.72633974,1.50000000));
#2587 = DIRECTION('',(0.90630928,0.42261506,0.00000000));
#2588 = VECTOR('',#2587,0.03099265);
#2589 = LINE('',#2586,#2588);
#2590 = EDGE_CURVE('',#1786,#1788,#2589,.T.);
#2591 = CARTESIAN_POINT('',(104.18055163,4.73943770,1.50000000));
#2592 = DIRECTION('',(0.96592720,0.25881392,0.00000000));
#2593 = VECTOR('',#2592,0.03099265);
#2594 = LINE('',#2591,#2593);
#2595 = EDGE_CURVE('',#1788,#1790,#2594,.T.);
#2596 = CARTESIAN_POINT('',(104.21048827,4.74745903,1.50000000));
#2597 = DIRECTION('',(0.99619531,0.08714870,0.00000000));
#2598 = VECTOR('',#2597,0.03099265);
#2599 = LINE('',#2596,#2598);
#2600 = EDGE_CURVE('',#1790,#1792,#2599,.T.);
#2601 = CARTESIAN_POINT('',(104.24136300,4.75016000,1.50000000));
#2602 = DIRECTION('',(0.99999986,0.00053619,0.00000000));
#2603 = VECTOR('',#2602,47.37100681);
#2604 = LINE('',#2601,#2603);
#2605 = EDGE_CURVE('',#1792,#1794,#2604,.T.);
#2606 = CARTESIAN_POINT('',(151.61236300,4.77556000,1.50000000));
#2607 = DIRECTION('',(0.99619457,0.08715720,0.00000000));
#2608 = VECTOR('',#2607,0.02656506);
#2609 = LINE('',#2606,#2608);
#2610 = EDGE_CURVE('',#1794,#1796,#2609,.T.);
#2611 = CARTESIAN_POINT('',(151.63882697,4.77787534,1.50000000));
#2612 = DIRECTION('',(0.96592554,0.25882011,0.00000000));
#2613 = VECTOR('',#2612,0.02656506);
#2614 = LINE('',#2611,#2613);
#2615 = EDGE_CURVE('',#1796,#1798,#2614,.T.);
#2616 = CARTESIAN_POINT('',(151.66448684,4.78475091,1.50000000));
#2617 = DIRECTION('',(0.90630748,0.42261892,0.00000000));
#2618 = VECTOR('',#2617,0.02656506);
#2619 = LINE('',#2616,#2618);
#2620 = EDGE_CURVE('',#1798,#1800,#2619,.T.);
#2621 = CARTESIAN_POINT('',(151.68856295,4.79597780,1.50000000));
#2622 = DIRECTION('',(0.81915183,0.57357674,0.00000000));
#2623 = VECTOR('',#2622,0.02656506);
#2624 = LINE('',#2621,#2623);
#2625 = EDGE_CURVE('',#1800,#1802,#2624,.T.);
#2626 = CARTESIAN_POINT('',(151.71032376,4.81121490,1.50000000));
#2627 = DIRECTION('',(0.70710678,0.70710678,0.00000000));
#2628 = VECTOR('',#2627,0.02656506);
#2629 = LINE('',#2626,#2628);
#2630 = EDGE_CURVE('',#1802,#1804,#2629,.T.);
#2631 = CARTESIAN_POINT('',(151.72910810,4.82999924,1.50000000));
#2632 = DIRECTION('',(0.57357674,0.81915183,0.00000000));
#2633 = VECTOR('',#2632,0.02656506);
#2634 = LINE('',#2631,#2633);
#2635 = EDGE_CURVE('',#1804,#1806,#2634,.T.);
#2636 = CARTESIAN_POINT('',(151.74434520,4.85176005,1.50000000));
#2637 = DIRECTION('',(0.42261892,0.90630748,0.00000000));
#2638 = VECTOR('',#2637,0.02656506);
#2639 = LINE('',#2636,#2638);
#2640 = EDGE_CURVE('',#1806,#1808,#2639,.T.);
#2641 = CARTESIAN_POINT('',(151.75557209,4.87583616,1.50000000));
#2642 = DIRECTION('',(0.25882010,0.96592554,0.00000000));
#2643 = VECTOR('',#2642,0.02656506);
#2644 = LINE('',#2641,#2643);
#2645 = EDGE_CURVE('',#1808,#1810,#2644,.T.);
#2646 = CARTESIAN_POINT('',(151.76244766,4.90149603,1.50000000));
#2647 = DIRECTION('',(0.08715720,0.99619457,0.00000000));
#2648 = VECTOR('',#2647,0.02656506);
#2649 = LINE('',#2646,#2648);
#2650 = EDGE_CURVE('',#1810,#1812,#2649,.T.);
#2651 = CARTESIAN_POINT('',(151.76476300,4.92796000,1.50000000));
#2652 = DIRECTION('',(0.00280920,0.99999605,0.00000000));
#2653 = VECTOR('',#2652,13.56365352);
#2654 = LINE('',#2651,#2653);
#2655 = EDGE_CURVE('',#1812,#1814,#2654,.T.);
#2656 = CARTESIAN_POINT('',(151.80286600,18.49156000,1.50000000));
#2657 = DIRECTION('',(0.17364485,0.98480834,0.00000000));
#2658 = VECTOR('',#2657,0.87331089);
#2659 = LINE('',#2656,#2658);
#2660 = EDGE_CURVE('',#1814,#1816,#2659,.T.);
#2661 = CARTESIAN_POINT('',(151.95451194,19.35160385,1.50000000));
#2662 = DIRECTION('',(0.50000000,0.86602540,0.00000000));
#2663 = VECTOR('',#2662,0.87331142);
#2664 = LINE('',#2661,#2663);
#2665 = EDGE_CURVE('',#1816,#1818,#2664,.T.);
#2666 = CARTESIAN_POINT('',(152.39116764,20.10791372,1.50000000));
#2667 = DIRECTION('',(0.76604444,0.64278761,0.00000000));
#2668 = VECTOR('',#2667,0.87331142);
#2669 = LINE('',#2666,#2668);
#2670 = EDGE_CURVE('',#1818,#1820,#2669,.T.);
#2671 = CARTESIAN_POINT('',(153.06016300,20.66926748,1.50000000));
#2672 = DIRECTION('',(0.93969262,0.34202014,0.00000000));
#2673 = VECTOR('',#2672,0.87331142);
#2674 = LINE('',#2671,#2673);
#2675 = EDGE_CURVE('',#1820,#1822,#2674,.T.);
#2676 = CARTESIAN_POINT('',(153.88080729,20.96795758,1.50000000));
#2677 = DIRECTION('',(1.00000000,0.00000000,0.00000000));
#2678 = VECTOR('',#2677,0.40585571);
#2679 = LINE('',#2676,#2678);
#2680 = EDGE_CURVE('',#1822,#1824,#2679,.T.);
#2681 = CARTESIAN_POINT('',(154.28666300,20.96795758,1.50000000));
#2682 = DIRECTION('',(1.00000000,0.00000000,0.00000000));
#2683 = VECTOR('',#2682,0.46745571);
#2684 = LINE('',#2681,#2683);
#2685 = EDGE_CURVE('',#1824,#1826,#2684,.T.);
#2686 = CARTESIAN_POINT('',(154.75411871,20.96795758,1.50000000));
#2687 = DIRECTION('',(-0.00066964,0.99999978,0.00000000));
#2688 = VECTOR('',#2687,31.34419776);
#2689 = LINE('',#2686,#2688);
#2690 = EDGE_CURVE('',#1826,#1828,#2689,.T.);
#2691 = CARTESIAN_POINT('',(154.73312937,52.31214831,1.50000000));
#2692 = DIRECTION('',(-1.00000000,0.00000000,0.00000000));
#2693 = VECTOR('',#2692,0.44646637);
#2694 = LINE('',#2691,#2693);
#2695 = EDGE_CURVE('',#1828,#1830,#2694,.T.);
#2696 = CARTESIAN_POINT('',(154.28666300,52.31214831,1.50000000));
#2697 = DIRECTION('',(-1.00000000,0.00000000,0.00000000));
#2698 = VECTOR('',#2697,0.43566637);
#2699 = LINE('',#2696,#2698);
#2700 = EDGE_CURVE('',#1830,#1832,#2699,.T.);
#2701 = CARTESIAN_POINT('',(153.85099663,52.31214831,1.50000000));
#2702 = DIRECTION('',(-0.93969262,0.34202014,0.00000000));
#2703 = VECTOR('',#2702,0.88213274);
#2704 = LINE('',#2701,#2703);
#2705 = EDGE_CURVE('',#1832,#1834,#2704,.T.);
#2706 = CARTESIAN_POINT('',(153.02206300,52.61385547,1.50000000));
#2707 = DIRECTION('',(-0.76604444,0.64278761,0.00000000));
#2708 = VECTOR('',#2707,0.88213274);
#2709 = LINE('',#2706,#2708);
#2710 = EDGE_CURVE('',#1834,#1836,#2709,.T.);
#2711 = CARTESIAN_POINT('',(152.34631011,53.18087947,1.50000000));
#2712 = DIRECTION('',(-0.50000000,0.86602540,0.00000000));
#2713 = VECTOR('',#2712,0.88213274);
#2714 = LINE('',#2711,#2713);
#2715 = EDGE_CURVE('',#1836,#1838,#2714,.T.);
#2716 = CARTESIAN_POINT('',(151.90524374,53.94482884,1.50000000));
#2717 = DIRECTION('',(-0.17364818,0.98480775,0.00000000));
#2718 = VECTOR('',#2717,0.88213274);
#2719 = LINE('',#2716,#2718);
#2720 = EDGE_CURVE('',#1838,#1840,#2719,.T.);
#2721 = CARTESIAN_POINT('',(151.75206300,54.81356000,1.50000000));
#2722 = DIRECTION('',(0.00241545,0.99999708,0.00000000));
#2723 = VECTOR('',#2722,5.25781534);
#2724 = LINE('',#2721,#2723);
#2725 = EDGE_CURVE('',#1840,#1488,#2724,.T.);
#2726 = ORIENTED_EDGE('',*,*,#1845,.T.);
#2727 = ORIENTED_EDGE('',*,*,#1850,.T.);
#2728 = ORIENTED_EDGE('',*,*,#1855,.T.);
#2729 = ORIENTED_EDGE('',*,*,#1860,.T.);
#2730 = ORIENTED_EDGE('',*,*,#1865,.T.);
#2731 = ORIENTED_EDGE('',*,*,#1870,.T.);
#2732 = ORIENTED_EDGE('',*,*,#1875,.T.);
#2733 = ORIENTED_EDGE('',*,*,#1880,.T.);
#2734 = ORIENTED_EDGE('',*,*,#1885,.T.);
#2735 = ORIENTED_EDGE('',*,*,#1890,.T.);
#2736 = ORIENTED_EDGE('',*,*,#1895,.T.);
#2737 = ORIENTED_EDGE('',*,*,#1900,.T.);
#2738 = ORIENTED_EDGE('',*,*,#1905,.T.);
#2739 = ORIENTED_EDGE('',*,*,#1910,.T.);
#2740 = ORIENTED_EDGE('',*,*,#1915,.T.);
#2741 = ORIENTED_EDGE('',*,*,#1920,.T.);
#2742 = ORIENTED_EDGE('',*,*,#1925,.T.);
#2743 = ORIENTED_EDGE('',*,*,#1930,.T.);
#2744 = ORIENTED_EDGE('',*,*,#1935,.T.);
#2745 = ORIENTED_EDGE('',*,*,#1940,.T.);
#2746 = ORIENTED_EDGE('',*,*,#1945,.T.);
#2747 = ORIENTED_EDGE('',*,*,#1950,.T.);
#2748 = ORIENTED_EDGE('',*,*,#1955,.T.);
#2749 = ORIENTED_EDGE('',*,*,#1960,.T.);
#2750 = ORIENTED_EDGE('',*,*,#1965,.T.);
#2751 = ORIENTED_EDGE('',*,*,#1970,.T.);
#2752 = ORIENTED_EDGE('',*,*,#1975,.T.);
#2753 = ORIENTED_EDGE('',*,*,#1980,.T.);
#2754 = ORIENTED_EDGE('',*,*,#1985,.T.);
#2755 = ORIENTED_EDGE('',*,*,#1990,.T.);
#2756 = ORIENTED_EDGE('',*,*,#1995,.T.);
#2757 = ORIENTED_EDGE('',*,*,#2000,.T.);
#2758 = ORIENTED_EDGE('',*,*,#2005,.T.);
#2759 = ORIENTED_EDGE('',*,*,#2010,.T.);
#2760 = ORIENTED_EDGE('',*,*,#2015,.T.);
#2761 = ORIENTED_EDGE('',*,*,#2020,.T.);
#2762 = ORIENTED_EDGE('',*,*,#2025,.T.);
#2763 = ORIENTED_EDGE('',*,*,#2030,.T.);
#2764 = ORIENTED_EDGE('',*,*,#2035,.T.);
#2765 = ORIENTED_EDGE('',*,*,#2040,.T.);
#2766 = ORIENTED_EDGE('',*,*,#2045,.T.);
#2767 = ORIENTED_EDGE('',*,*,#2050,.T.);
#2768 = ORIENTED_EDGE('',*,*,#2055,.T.);
#2769 = ORIENTED_EDGE('',*,*,#2060,.T.);
#2770 = ORIENTED_EDGE('',*,*,#2065,.T.);
#2771 = ORIENTED_EDGE('',*,*,#2070,.T.);
#2772 = ORIENTED_EDGE('',*,*,#2075,.T.);
#2773 = ORIENTED_EDGE('',*,*,#2080,.T.);
#2774 = ORIENTED_EDGE('',*,*,#2085,.T.);
#2775 = ORIENTED_EDGE('',*,*,#2090,.T.);
#2776 = ORIENTED_EDGE('',*,*,#2095,.T.);
#2777 = ORIENTED_EDGE('',*,*,#2100,.T.);
#2778 = ORIENTED_EDGE('',*,*,#2105,.T.);
#2779 = ORIENTED_EDGE('',*,*,#2110,.T.);
#2780 = ORIENTED_EDGE('',*,*,#2115,.T.);
#2781 = ORIENTED_EDGE('',*,*,#2120,.T.);
#2782 = ORIENTED_EDGE('',*,*,#2125,.T.);
#2783 = ORIENTED_EDGE('',*,*,#2130,.T.);
#2784 = ORIENTED_EDGE('',*,*,#2135,.T.);
#2785 = ORIENTED_EDGE('',*,*,#2140,.T.);
#2786 = ORIENTED_EDGE('',*,*,#2145,.T.);
#2787 = ORIENTED_EDGE('',*,*,#2150,.T.);
#2788 = ORIENTED_EDGE('',*,*,#2155,.T.);
#2789 = ORIENTED_EDGE('',*,*,#2160,.T.);
#2790 = ORIENTED_EDGE('',*,*,#2165,.T.);
#2791 = ORIENTED_EDGE('',*,*,#2170,.T.);
#2792 = ORIENTED_EDGE('',*,*,#2175,.T.);
#2793 = ORIENTED_EDGE('',*,*,#2180,.T.);
#2794 = ORIENTED_EDGE('',*,*,#2185,.T.);
#2795 = ORIENTED_EDGE('',*,*,#2190,.T.);
#2796 = ORIENTED_EDGE('',*,*,#2195,.T.);
#2797 = ORIENTED_EDGE('',*,*,#2200,.T.);
#2798 = ORIENTED_EDGE('',*,*,#2205,.T.);
#2799 = ORIENTED_EDGE('',*,*,#2210,.T.);
#2800 = ORIENTED_EDGE('',*,*,#2215,.T.);
#2801 = ORIENTED_EDGE('',*,*,#2220,.T.);
#2802 = ORIENTED_EDGE('',*,*,#2225,.T.);
#2803 = ORIENTED_EDGE('',*,*,#2230,.T.);
#2804 = ORIENTED_EDGE('',*,*,#2235,.T.);
#2805 = ORIENTED_EDGE('',*,*,#2240,.T.);
#2806 = ORIENTED_EDGE('',*,*,#2245,.T.);
#2807 = ORIENTED_EDGE('',*,*,#2250,.T.);
#2808 = ORIENTED_EDGE('',*,*,#2255,.T.);
#2809 = ORIENTED_EDGE('',*,*,#2260,.T.);
#2810 = ORIENTED_EDGE('',*,*,#2265,.T.);
#2811 = ORIENTED_EDGE('',*,*,#2270,.T.);
#2812 = ORIENTED_EDGE('',*,*,#2275,.T.);
#2813 = ORIENTED_EDGE('',*,*,#2280,.T.);
#2814 = ORIENTED_EDGE('',*,*,#2285,.T.);
#2815 = ORIENTED_EDGE('',*,*,#2290,.T.);
#2816 = ORIENTED_EDGE('',*,*,#2295,.T.);
#2817 = ORIENTED_EDGE('',*,*,#2300,.T.);
#2818 = ORIENTED_EDGE('',*,*,#2305,.T.);
#2819 = ORIENTED_EDGE('',*,*,#2310,.T.);
#2820 = ORIENTED_EDGE('',*,*,#2315,.T.);
#2821 = ORIENTED_EDGE('',*,*,#2320,.T.);
#2822 = ORIENTED_EDGE('',*,*,#2325,.T.);
#2823 = ORIENTED_EDGE('',*,*,#2330,.T.);
#2824 = ORIENTED_EDGE('',*,*,#2335,.T.);
#2825 = ORIENTED_EDGE('',*,*,#2340,.T.);
#2826 = ORIENTED_EDGE('',*,*,#2345,.T.);
#2827 = ORIENTED_EDGE('',*,*,#2350,.T.);
#2828 = ORIENTED_EDGE('',*,*,#2355,.T.);
#2829 = ORIENTED_EDGE('',*,*,#2360,.T.);
#2830 = ORIENTED_EDGE('',*,*,#2365,.T.);
#2831 = ORIENTED_EDGE('',*,*,#2370,.T.);
#2832 = ORIENTED_EDGE('',*,*,#2375,.T.);
#2833 = ORIENTED_EDGE('',*,*,#2380,.T.);
#2834 = ORIENTED_EDGE('',*,*,#2385,.T.);
#2835 = ORIENTED_EDGE('',*,*,#2390,.T.);
#2836 = ORIENTED_EDGE('',*,*,#2395,.T.);
#2837 = ORIENTED_EDGE('',*,*,#2400,.T.);
#2838 = ORIENTED_EDGE('',*,*,#2405,.T.);
#2839 = ORIENTED_EDGE('',*,*,#2410,.T.);
#2840 = ORIENTED_EDGE('',*,*,#2415,.T.);
#2841 = ORIENTED_EDGE('',*,*,#2420,.T.);
#2842 = ORIENTED_EDGE('',*,*,#2425,.T.);
#2843 = ORIENTED_EDGE('',*,*,#2430,.T.);
#2844 = ORIENTED_EDGE('',*,*,#2435,.T.);
#2845 = ORIENTED_EDGE('',*,*,#2440,.T.);
#2846 = ORIENTED_EDGE('',*,*,#2445,.T.);
#2847 = ORIENTED_EDGE('',*,*,#2450,.T.);
#2848 = ORIENTED_EDGE('',*,*,#2455,.T.);
#2849 = ORIENTED_EDGE('',*,*,#2460,.T.);
#2850 = ORIENTED_EDGE('',*,*,#2465,.T.);
#2851 = ORIENTED_EDGE('',*,*,#2470,.T.);
#2852 = ORIENTED_EDGE('',*,*,#2475,.T.);
#2853 = ORIENTED_EDGE('',*,*,#2480,.T.);
#2854 = ORIENTED_EDGE('',*,*,#2485,.T.);
#2855 = ORIENTED_EDGE('',*,*,#2490,.T.);
#2856 = ORIENTED_EDGE('',*,*,#2495,.T.);
#2857 = ORIENTED_EDGE('',*,*,#2500,.T.);
#2858 = ORIENTED_EDGE('',*,*,#2505,.T.);
#2859 = ORIENTED_EDGE('',*,*,#2510,.T.);
#2860 = ORIENTED_EDGE('',*,*,#2515,.T.);
#2861 = ORIENTED_EDGE('',*,*,#2520,.T.);
#2862 = ORIENTED_EDGE('',*,*,#2525,.T.);
#2863 = ORIENTED_EDGE('',*,*,#2530,.T.);
#2864 = ORIENTED_EDGE('',*,*,#2535,.T.);
#2865 = ORIENTED_EDGE('',*,*,#2540,.T.);
#2866 = ORIENTED_EDGE('',*,*,#2545,.T.);
#2867 = ORIENTED_EDGE('',*,*,#2550,.T.);
#2868 = ORIENTED_EDGE('',*,*,#2555,.T.);
#2869 = ORIENTED_EDGE('',*,*,#2560,.T.);
#2870 = ORIENTED_EDGE('',*,*,#2565,.T.);
#2871 = ORIENTED_EDGE('',*,*,#2570,.T.);
#2872 = ORIENTED_EDGE('',*,*,#2575,.T.);
#2873 = ORIENTED_EDGE('',*,*,#2580,.T.);
#2874 = ORIENTED_EDGE('',*,*,#2585,.T.);
#2875 = ORIENTED_EDGE('',*,*,#2590,.T.);
#2876 = ORIENTED_EDGE('',*,*,#2595,.T.);
#2877 = ORIENTED_EDGE('',*,*,#2600,.T.);
#2878 = ORIENTED_EDGE('',*,*,#2605,.T.);
#2879 = ORIENTED_EDGE('',*,*,#2610,.T.);
#2880 = ORIENTED_EDGE('',*,*,#2615,.T.);
#2881 = ORIENTED_EDGE('',*,*,#2620,.T.);
#2882 = ORIENTED_EDGE('',*,*,#2625,.T.);
#2883 = ORIENTED_EDGE('',*,*,#2630,.T.);
#2884 = ORIENTED_EDGE('',*,*,#2635,.T.);
#2885 = ORIENTED_EDGE('',*,*,#2640,.T.);
#2886 = ORIENTED_EDGE('',*,*,#2645,.T.);
#2887 = ORIENTED_EDGE('',*,*,#2650,.T.);
#2888 = ORIENTED_EDGE('',*,*,#2655,.T.);
#2889 = ORIENTED_EDGE('',*,*,#2660,.T.);
#2890 = ORIENTED_EDGE('',*,*,#2665,.T.);
#2891 = ORIENTED_EDGE('',*,*,#2670,.T.);
#2892 = ORIENTED_EDGE('',*,*,#2675,.T.);
#2893 = ORIENTED_EDGE('',*,*,#2680,.T.);
#2894 = ORIENTED_EDGE('',*,*,#2685,.T.);
#2895 = ORIENTED_EDGE('',*,*,#2690,.T.);
#2896 = ORIENTED_EDGE('',*,*,#2695,.T.);
#2897 = ORIENTED_EDGE('',*,*,#2700,.T.);
#2898 = ORIENTED_EDGE('',*,*,#2705,.T.);
#2899 = ORIENTED_EDGE('',*,*,#2710,.T.);
#2900 = ORIENTED_EDGE('',*,*,#2715,.T.);
#2901 = ORIENTED_EDGE('',*,*,#2720,.T.);
#2902 = ORIENTED_EDGE('',*,*,#2725,.T.);
#2903 = EDGE_LOOP('',(#2726,#2727,#2728,#2729,#2730,#2731,#2732,#2733,#2734,#2735,#2736,#2737,#2738,#2739,#2740,#2741,#2742,#2743,#2744,#2745,#2746,#2747,#2748,#2749,#2750,#2751,#2752,#2753,#2754,#2755,#2756,#2757,#2758,#2759,#2760,#2761,#2762,#2763,#2764,#2765,#2766,#2767,#2768,#2769,#2770,#2771,#2772,#2773,#2774,#2775,#2776,#2777,#2778,#2779,#2780,#2781,#2782,#2783,#2784,#2785,#2786,#2787,#2788,#2789,#2790,#2791,#2792,#2793,#2794,#2795,#2796,#2797,#2798,#2799,#2800,#2801,#2802,#2803,#2804,#2805,#2806,#2807,#2808,#2809,#2810,#2811,#2812,#2813,#2814,#2815,#2816,#2817,#2818,#2819,#2820,#2821,#2822,#2823,#2824,#2825,#2826,#2827,#2828,#2829,#2830,#2831,#2832,#2833,#2834,#2835,#2836,#2837,#2838,#2839,#2840,#2841,#2842,#2843,#2844,#2845,#2846,#2847,#2848,#2849,#2850,#2851,#2852,#2853,#2854,#2855,#2856,#2857,#2858,#2859,#2860,#2861,#2862,#2863,#2864,#2865,#2866,#2867,#2868,#2869,#2870,#2871,#2872,#2873,#2874,#2875,#2876,#2877,#2878,#2879,#2880,#2881,#2882,#2883,#2884,#2885,#2886,#2887,#2888,#2889,#2890,#2891,#2892,#2893,#2894,#2895,#2896,#2897,#2898,#2899,#2900,#2901,#2902));
#2904 = FACE_OUTER_BOUND('',#2903,.T.);
#2905 = FACE_BOUND('',#33,.T.);
#2906 = FACE_BOUND('',#99,.T.);
#2907 = FACE_BOUND('',#165,.T.);
#2908 = FACE_BOUND('',#231,.T.);
#2909 = FACE_BOUND('',#297,.T.);
#2910 = FACE_BOUND('',#363,.T.);
#2911 = FACE_BOUND('',#429,.T.);
#2912 = FACE_BOUND('',#495,.T.);
#2913 = FACE_BOUND('',#561,.T.);
#2914 = FACE_BOUND('',#627,.T.);
#2915 = FACE_BOUND('',#693,.T.);
#2916 = FACE_BOUND('',#759,.T.);
#2917 = FACE_BOUND('',#825,.T.);
#2918 = FACE_BOUND('',#891,.T.);
#2919 = FACE_BOUND('',#957,.T.);
#2920 = FACE_BOUND('',#1023,.T.);
#2921 = FACE_BOUND('',#1089,.T.);
#2922 = FACE_BOUND('',#1155,.T.);
#2923 = FACE_BOUND('',#1221,.T.);
#2924 = FACE_BOUND('',#1287,.T.);
#2925 = FACE_BOUND('',#1353,.T.);
#2926 = FACE_BOUND('',#1396,.T.);
#2927 = FACE_BOUND('',#1416,.T.);
#2928 = FACE_BOUND('',#1436,.T.);
#2929 = FACE_BOUND('',#1456,.T.);
#2930 = FACE_BOUND('',#1476,.T.);
#2931 = CARTESIAN_POINT('',(0.00000000,0.00000000,1.50000000));
#2932 = DIRECTION('',(0.00000000,0.00000000,1.00000000));
#2933 = DIRECTION('',(1.00000000,0.00000000,0.00000000));
#2934 = AXIS2_PLACEMENT_3D('',#2931,#2932,#2933);
#2935 = PLANE('',#2934);
#2936 = ADVANCED_FACE('',(#2904,#2905,#2906,#2907,#2908,#2909,#2910,#2911,#2912,#2913,#2914,#2915,#2916,#2917,#2918,#2919,#2920,#2921,#2922,#2923,#2924,#2925,#2926,#2927,#2928,#2929,#2930),#2935,.T.);
#2937 = CARTESIAN_POINT('',(151.75206300,54.81356000,0.00000000));
#2938 = VERTEX_POINT('',#2937);
#2939 = CARTESIAN_POINT('',(151.90524374,53.94482884,0.00000000));
#2940 = VERTEX_POINT('',#2939);
#2941 = CARTESIAN_POINT('',(152.34631011,53.18087947,0.00000000));
#2942 = VERTEX_POINT('',#2941);
#2943 = CARTESIAN_POINT('',(153.02206300,52.61385547,0.00000000));
#2944 = VERTEX_POINT('',#2943);
#2945 = CARTESIAN_POINT('',(153.85099663,52.31214831,0.00000000));
#2946 = VERTEX_POINT('',#2945);
#2947 = CARTESIAN_POINT('',(154.28666300,52.31214831,0.00000000));
#2948 = VERTEX_POINT('',#2947);
#2949 = CARTESIAN_POINT('',(154.73312937,52.31214831,0.00000000));
#2950 = VERTEX_POINT('',#2949);
#2951 = CARTESIAN_POINT('',(154.75411871,20.96795758,0.00000000));
#2952 = VERTEX_POINT('',#2951);
#2953 = CARTESIAN_POINT('',(154.28666300,20.96795758,0.00000000));
#2954 = VERTEX_POINT('',#2953);
#2955 = CARTESIAN_POINT('',(153.88080729,20.96795758,0.00000000));
#2956 = VERTEX_POINT('',#2955);
#2957 = CARTESIAN_POINT('',(153.06016300,20.66926748,0.00000000));
#2958 = VERTEX_POINT('',#2957);
#2959 = CARTESIAN_POINT('',(152.39116764,20.10791372,0.00000000));
#2960 = VERTEX_POINT('',#2959);
#2961 = CARTESIAN_POINT('',(151.95451194,19.35160385,0.00000000));
#2962 = VERTEX_POINT('',#2961);
#2963 = CARTESIAN_POINT('',(151.80286600,18.49156000,0.00000000));
#2964 = VERTEX_POINT('',#2963);
#2965 = CARTESIAN_POINT('',(151.76476300,4.92796000,0.00000000));
#2966 = VERTEX_POINT('',#2965);
#2967 = CARTESIAN_POINT('',(151.76244766,4.90149603,0.00000000));
#2968 = VERTEX_POINT('',#2967);
#2969 = CARTESIAN_POINT('',(151.75557209,4.87583616,0.00000000));
#2970 = VERTEX_POINT('',#2969);
#2971 = CARTESIAN_POINT('',(151.74434520,4.85176005,0.00000000));
#2972 = VERTEX_POINT('',#2971);
#2973 = CARTESIAN_POINT('',(151.72910810,4.82999924,0.00000000));
#2974 = VERTEX_POINT('',#2973);
#2975 = CARTESIAN_POINT('',(151.71032376,4.81121490,0.00000000));
#2976 = VERTEX_POINT('',#2975);
#2977 = CARTESIAN_POINT('',(151.68856295,4.79597780,0.00000000));
#2978 = VERTEX_POINT('',#2977);
#2979 = CARTESIAN_POINT('',(151.66448684,4.78475091,0.00000000));
#2980 = VERTEX_POINT('',#2979);
#2981 = CARTESIAN_POINT('',(151.63882697,4.77787534,0.00000000));
#2982 = VERTEX_POINT('',#2981);
#2983 = CARTESIAN_POINT('',(151.61236300,4.77556000,0.00000000));
#2984 = VERTEX_POINT('',#2983);
#2985 = CARTESIAN_POINT('',(104.24136300,4.75016000,0.00000000));
#2986 = VERTEX_POINT('',#2985);
#2987 = CARTESIAN_POINT('',(104.21048827,4.74745903,0.00000000));
#2988 = VERTEX_POINT('',#2987);
#2989 = CARTESIAN_POINT('',(104.18055163,4.73943770,0.00000000));
#2990 = VERTEX_POINT('',#2989);
#2991 = CARTESIAN_POINT('',(104.15246270,4.72633974,0.00000000));
#2992 = VERTEX_POINT('',#2991);
#2993 = CARTESIAN_POINT('',(104.12707498,4.70856313,0.00000000));
#2994 = VERTEX_POINT('',#2993);
#2995 = CARTESIAN_POINT('',(104.10515987,4.68664802,0.00000000));
#2996 = VERTEX_POINT('',#2995);
#2997 = CARTESIAN_POINT('',(104.08738326,4.66126030,0.00000000));
#2998 = VERTEX_POINT('',#2997);
#2999 = CARTESIAN_POINT('',(104.07428530,4.63317137,0.00000000));
#3000 = VERTEX_POINT('',#2999);
#3001 = CARTESIAN_POINT('',(104.06626397,4.60323473,0.00000000));
#3002 = VERTEX_POINT('',#3001);
#3003 = CARTESIAN_POINT('',(104.06356300,4.57236000,0.00000000));
#3004 = VERTEX_POINT('',#3003);
#3005 = CARTESIAN_POINT('',(104.06356300,2.92136000,0.00000000));
#3006 = VERTEX_POINT('',#3005);
#3007 = CARTESIAN_POINT('',(104.06266955,2.86082519,0.00000000));
#3008 = VERTEX_POINT('',#3007);
#3009 = CARTESIAN_POINT('',(104.05077110,2.80146453,0.00000000));
#3010 = VERTEX_POINT('',#3009);
#3011 = CARTESIAN_POINT('',(104.02826528,2.74526178,0.00000000));
#3012 = VERTEX_POINT('',#3011);
#3013 = CARTESIAN_POINT('',(103.99590420,2.69409517,0.00000000));
#3014 = VERTEX_POINT('',#3013);
#3015 = CARTESIAN_POINT('',(103.95476934,2.64967463,0.00000000));
#3016 = VERTEX_POINT('',#3015);
#3017 = CARTESIAN_POINT('',(103.90623538,2.61348464,0.00000000));
#3018 = VERTEX_POINT('',#3017);
#3019 = CARTESIAN_POINT('',(103.85192425,2.58673462,0.00000000));
#3020 = VERTEX_POINT('',#3019);
#3021 = CARTESIAN_POINT('',(103.79365099,2.57031854,0.00000000));
#3022 = VERTEX_POINT('',#3021);
#3023 = CARTESIAN_POINT('',(103.73336300,2.56478500,0.00000000));
#3024 = VERTEX_POINT('',#3023);
#3025 = CARTESIAN_POINT('',(83.76896300,2.56478500,0.00000000));
#3026 = VERTEX_POINT('',#3025);
#3027 = CARTESIAN_POINT('',(83.74266825,2.56248470,0.00000000));
#3028 = VERTEX_POINT('',#3027);
#3029 = CARTESIAN_POINT('',(83.71717243,2.55565326,0.00000000));
#3030 = VERTEX_POINT('',#3029);
#3031 = CARTESIAN_POINT('',(83.69325024,2.54449826,0.00000000));
#3032 = VERTEX_POINT('',#3031);
#3033 = CARTESIAN_POINT('',(83.67162856,2.52935865,0.00000000));
#3034 = VERTEX_POINT('',#3033);
#3035 = CARTESIAN_POINT('',(83.65296435,2.51069444,0.00000000));
#3036 = VERTEX_POINT('',#3035);
#3037 = CARTESIAN_POINT('',(83.63782474,2.48907276,0.00000000));
#3038 = VERTEX_POINT('',#3037);
#3039 = CARTESIAN_POINT('',(83.62666974,2.46515057,0.00000000));
#3040 = VERTEX_POINT('',#3039);
#3041 = CARTESIAN_POINT('',(83.61983830,2.43965475,0.00000000));
#3042 = VERTEX_POINT('',#3041);
#3043 = CARTESIAN_POINT('',(83.61753800,2.41336000,0.00000000));
#3044 = VERTEX_POINT('',#3043);
#3045 = CARTESIAN_POINT('',(83.61753800,0.35596000,0.00000000));
#3046 = VERTEX_POINT('',#3045);
#3047 = CARTESIAN_POINT('',(83.61170917,0.29175016,0.00000000));
#3048 = VERTEX_POINT('',#3047);
#3049 = CARTESIAN_POINT('',(83.59441312,0.22963958,0.00000000));
#3050 = VERTEX_POINT('',#3049);
#3051 = CARTESIAN_POINT('',(83.56621530,0.17165887,0.00000000));
#3052 = VERTEX_POINT('',#3051);
#3053 = CARTESIAN_POINT('',(83.52803762,0.11970367,0.00000000));
#3054 = VERTEX_POINT('',#3053);
#3055 = CARTESIAN_POINT('',(83.48112826,0.07547257,0.00000000));
#3056 = VERTEX_POINT('',#3055);
#3057 = CARTESIAN_POINT('',(83.42702085,0.04041167,0.00000000));
#3058 = VERTEX_POINT('',#3057);
#3059 = CARTESIAN_POINT('',(83.36748438,0.01566724,0.00000000));
#3060 = VERTEX_POINT('',#3059);
#3061 = CARTESIAN_POINT('',(83.30446532,0.00204826,0.00000000));
#3062 = VERTEX_POINT('',#3061);
#3063 = CARTESIAN_POINT('',(83.24002400,0.00000000,0.00000000));
#3064 = VERTEX_POINT('',#3063);
#3065 = CARTESIAN_POINT('',(62.78856300,0.00000000,0.00000000));
#3066 = VERTEX_POINT('',#3065);
#3067 = CARTESIAN_POINT('',(62.71600707,0.00613441,0.00000000));
#3068 = VERTEX_POINT('',#3067);
#3069 = CARTESIAN_POINT('',(62.64551095,0.02436322,0.00000000));
#3070 = VERTEX_POINT('',#3069);
#3071 = CARTESIAN_POINT('',(62.57907593,0.05416895,0.00000000));
#3072 = VERTEX_POINT('',#3071);
#3073 = CARTESIAN_POINT('',(62.51858802,0.09470544,0.00000000));
#3074 = VERTEX_POINT('',#3073);
#3075 = CARTESIAN_POINT('',(62.46576442,0.14482191,0.00000000));
#3076 = VERTEX_POINT('',#3075);
#3077 = CARTESIAN_POINT('',(62.42210472,0.20309561,0.00000000));
#3078 = VERTEX_POINT('',#3077);
#3079 = CARTESIAN_POINT('',(62.38884836,0.26787221,0.00000000));
#3080 = VERTEX_POINT('',#3079);
#3081 = CARTESIAN_POINT('',(62.36693947,0.33731279,0.00000000));
#3082 = VERTEX_POINT('',#3081);
#3083 = CARTESIAN_POINT('',(62.35700000,0.40944600,0.00000000));
#3084 = VERTEX_POINT('',#3083);
#3085 = CARTESIAN_POINT('',(62.35700000,2.41336000,0.00000000));
#3086 = VERTEX_POINT('',#3085);
#3087 = CARTESIAN_POINT('',(62.35352335,2.45309709,0.00000000));
#3088 = VERTEX_POINT('',#3087);
#3089 = CARTESIAN_POINT('',(62.34319927,2.49162677,0.00000000));
#3090 = VERTEX_POINT('',#3089);
#3091 = CARTESIAN_POINT('',(62.32634146,2.52777836,0.00000000));
#3092 = VERTEX_POINT('',#3091);
#3093 = CARTESIAN_POINT('',(62.30346211,2.56045341,0.00000000));
#3094 = VERTEX_POINT('',#3093);
#3095 = CARTESIAN_POINT('',(62.27525641,2.58865911,0.00000000));
#3096 = VERTEX_POINT('',#3095);
#3097 = CARTESIAN_POINT('',(62.24258136,2.61153846,0.00000000));
#3098 = VERTEX_POINT('',#3097);
#3099 = CARTESIAN_POINT('',(62.20642977,2.62839627,0.00000000));
#3100 = VERTEX_POINT('',#3099);
#3101 = CARTESIAN_POINT('',(62.16790009,2.63872035,0.00000000));
#3102 = VERTEX_POINT('',#3101);
#3103 = CARTESIAN_POINT('',(62.12816300,2.64219700,0.00000000));
#3104 = VERTEX_POINT('',#3103);
#3105 = CARTESIAN_POINT('',(43.28136300,2.64219700,0.00000000));
#3106 = VERTEX_POINT('',#3105);
#3107 = CARTESIAN_POINT('',(43.25494027,2.64450895,0.00000000));
#3108 = VERTEX_POINT('',#3107);
#3109 = CARTESIAN_POINT('',(43.22932042,2.65137397,0.00000000));
#3110 = VERTEX_POINT('',#3109);
#3111 = CARTESIAN_POINT('',(43.20528185,2.66258348,0.00000000));
#3112 = VERTEX_POINT('',#3111);
#3113 = CARTESIAN_POINT('',(43.18355496,2.67779689,0.00000000));
#3114 = VERTEX_POINT('',#3113);
#3115 = CARTESIAN_POINT('',(43.16479989,2.69655196,0.00000000));
#3116 = VERTEX_POINT('',#3115);
#3117 = CARTESIAN_POINT('',(43.14958648,2.71827885,0.00000000));
#3118 = VERTEX_POINT('',#3117);
#3119 = CARTESIAN_POINT('',(43.13837697,2.74231742,0.00000000));
#3120 = VERTEX_POINT('',#3119);
#3121 = CARTESIAN_POINT('',(43.13151195,2.76793727,0.00000000));
#3122 = VERTEX_POINT('',#3121);
#3123 = CARTESIAN_POINT('',(43.12920000,2.79436000,0.00000000));
#3124 = VERTEX_POINT('',#3123);
#3125 = CARTESIAN_POINT('',(43.12920000,6.68056000,0.00000000));
#3126 = VERTEX_POINT('',#3125);
#3127 = CARTESIAN_POINT('',(43.12533772,6.72470785,0.00000000));
#3128 = VERTEX_POINT('',#3127);
#3129 = CARTESIAN_POINT('',(43.11386788,6.76751431,0.00000000));
#3130 = VERTEX_POINT('',#3129);
#3131 = CARTESIAN_POINT('',(43.09513900,6.80767871,0.00000000));
#3132 = VERTEX_POINT('',#3131);
#3133 = CARTESIAN_POINT('',(43.06972015,6.84398067,0.00000000));
#3134 = VERTEX_POINT('',#3133);
#3135 = CARTESIAN_POINT('',(43.03838367,6.87531715,0.00000000));
#3136 = VERTEX_POINT('',#3135);
#3137 = CARTESIAN_POINT('',(43.00208171,6.90073600,0.00000000));
#3138 = VERTEX_POINT('',#3137);
#3139 = CARTESIAN_POINT('',(42.96191731,6.91946488,0.00000000));
#3140 = VERTEX_POINT('',#3139);
#3141 = CARTESIAN_POINT('',(42.91911085,6.93093472,0.00000000));
#3142 = VERTEX_POINT('',#3141);
#3143 = CARTESIAN_POINT('',(42.87496300,6.93479700,0.00000000));
#3144 = VERTEX_POINT('',#3143);
#3145 = CARTESIAN_POINT('',(29.05736300,6.93479700,0.00000000));
#3146 = VERTEX_POINT('',#3145);
#3147 = CARTESIAN_POINT('',(28.59681840,5.78733066,0.00000000));
#3148 = VERTEX_POINT('',#3147);
#3149 = CARTESIAN_POINT('',(27.82052824,4.82496175,0.00000000));
#3150 = VERTEX_POINT('',#3149);
#3151 = CARTESIAN_POINT('',(26.79651339,4.13201593,0.00000000));
#3152 = VERTEX_POINT('',#3151);
#3153 = CARTESIAN_POINT('',(25.61450110,3.76921119,0.00000000));
#3154 = VERTEX_POINT('',#3153);
#3155 = CARTESIAN_POINT('',(24.37806285,3.76833756,0.00000000));
#3156 = VERTEX_POINT('',#3155);
#3157 = CARTESIAN_POINT('',(23.19553905,4.12947160,0.00000000));
#3158 = VERTEX_POINT('',#3157);
#3159 = CARTESIAN_POINT('',(22.17054600,4.82096967,0.00000000));
#3160 = VERTEX_POINT('',#3159);
#3161 = CARTESIAN_POINT('',(21.39289666,5.78224061,0.00000000));
#3162 = VERTEX_POINT('',#3161);
#3163 = CARTESIAN_POINT('',(20.93073100,6.92905500,0.00000000));
#3164 = VERTEX_POINT('',#3163);
#3165 = CARTESIAN_POINT('',(0.17756300,6.93479700,0.00000000));
#3166 = VERTEX_POINT('',#3165);
#3167 = CARTESIAN_POINT('',(0.14672951,6.93749458,0.00000000));
#3168 = VERTEX_POINT('',#3167);
#3169 = CARTESIAN_POINT('',(0.11683288,6.94550536,0.00000000));
#3170 = VERTEX_POINT('',#3169);
#3171 = CARTESIAN_POINT('',(0.08878150,6.95858593,0.00000000));
#3172 = VERTEX_POINT('',#3171);
#3173 = CARTESIAN_POINT('',(0.06342770,6.97633885,0.00000000));
#3174 = VERTEX_POINT('',#3173);
#3175 = CARTESIAN_POINT('',(0.04154185,6.99822470,0.00000000));
#3176 = VERTEX_POINT('',#3175);
#3177 = CARTESIAN_POINT('',(0.02378893,7.02357850,0.00000000));
#3178 = VERTEX_POINT('',#3177);
#3179 = CARTESIAN_POINT('',(0.01070836,7.05162988,0.00000000));
#3180 = VERTEX_POINT('',#3179);
#3181 = CARTESIAN_POINT('',(0.00269758,7.08152651,0.00000000));
#3182 = VERTEX_POINT('',#3181);
#3183 = CARTESIAN_POINT('',(0.00000000,7.11236000,0.00000000));
#3184 = VERTEX_POINT('',#3183);
#3185 = CARTESIAN_POINT('',(0.00000000,67.76756000,0.00000000));
#3186 = VERTEX_POINT('',#3185);
#3187 = CARTESIAN_POINT('',(7.74676300,67.76756000,0.00000000));
#3188 = VERTEX_POINT('',#3187);
#3189 = CARTESIAN_POINT('',(8.32897069,67.71662363,0.00000000));
#3190 = VERTEX_POINT('',#3189);
#3191 = CARTESIAN_POINT('',(8.89348831,67.56536175,0.00000000));
#3192 = VERTEX_POINT('',#3191);
#3193 = CARTESIAN_POINT('',(9.42316328,67.31837037,0.00000000));
#3194 = VERTEX_POINT('',#3193);
#3195 = CARTESIAN_POINT('',(9.90190165,66.98315421,0.00000000));
#3196 = VERTEX_POINT('',#3195);
#3197 = CARTESIAN_POINT('',(10.31515721,66.56989865,0.00000000));
#3198 = VERTEX_POINT('',#3197);
#3199 = CARTESIAN_POINT('',(10.65037337,66.09116028,0.00000000));
#3200 = VERTEX_POINT('',#3199);
#3201 = CARTESIAN_POINT('',(10.89736475,65.56148531,0.00000000));
#3202 = VERTEX_POINT('',#3201);
#3203 = CARTESIAN_POINT('',(11.04862663,64.99696769,0.00000000));
#3204 = VERTEX_POINT('',#3203);
#3205 = CARTESIAN_POINT('',(11.09956300,64.41476000,0.00000000));
#3206 = VERTEX_POINT('',#3205);
#3207 = CARTESIAN_POINT('',(11.10457931,64.35742130,0.00000000));
#3208 = VERTEX_POINT('',#3207);
#3209 = CARTESIAN_POINT('',(11.11947621,64.30182479,0.00000000));
#3210 = VERTEX_POINT('',#3209);
#3211 = CARTESIAN_POINT('',(11.14380106,64.24965975,0.00000000));
#3212 = VERTEX_POINT('',#3211);
#3213 = CARTESIAN_POINT('',(11.17681477,64.20251121,0.00000000));
#3214 = VERTEX_POINT('',#3213);
#3215 = CARTESIAN_POINT('',(11.21751421,64.16181177,0.00000000));
#3216 = VERTEX_POINT('',#3215);
#3217 = CARTESIAN_POINT('',(11.26466275,64.12879806,0.00000000));
#3218 = VERTEX_POINT('',#3217);
#3219 = CARTESIAN_POINT('',(11.31682779,64.10447321,0.00000000));
#3220 = VERTEX_POINT('',#3219);
#3221 = CARTESIAN_POINT('',(11.37242430,64.08957631,0.00000000));
#3222 = VERTEX_POINT('',#3221);
#3223 = CARTESIAN_POINT('',(11.42976300,64.08456000,0.00000000));
#3224 = VERTEX_POINT('',#3223);
#3225 = CARTESIAN_POINT('',(61.31536300,64.08456000,0.00000000));
#3226 = VERTEX_POINT('',#3225);
#3227 = CARTESIAN_POINT('',(61.38152302,64.09034808,0.00000000));
#3228 = VERTEX_POINT('',#3227);
#3229 = CARTESIAN_POINT('',(61.44567282,64.10753684,0.00000000));
#3230 = VERTEX_POINT('',#3229);
#3231 = CARTESIAN_POINT('',(61.50586323,64.13560400,0.00000000));
#3232 = VERTEX_POINT('',#3231);
#3233 = CARTESIAN_POINT('',(61.56026537,64.17369674,0.00000000));
#3234 = VERTEX_POINT('',#3233);
#3235 = CARTESIAN_POINT('',(61.60722626,64.22065763,0.00000000));
#3236 = VERTEX_POINT('',#3235);
#3237 = CARTESIAN_POINT('',(61.64531900,64.27505977,0.00000000));
#3238 = VERTEX_POINT('',#3237);
#3239 = CARTESIAN_POINT('',(61.67338616,64.33525018,0.00000000));
#3240 = VERTEX_POINT('',#3239);
#3241 = CARTESIAN_POINT('',(61.69057492,64.39939998,0.00000000));
#3242 = VERTEX_POINT('',#3241);
#3243 = CARTESIAN_POINT('',(61.69636300,64.46556000,0.00000000));
#3244 = VERTEX_POINT('',#3243);
#3245 = CARTESIAN_POINT('',(74.32016300,82.29636000,0.00000000));
#3246 = VERTEX_POINT('',#3245);
#3247 = CARTESIAN_POINT('',(109.34676300,85.36976000,0.00000000));
#3248 = VERTEX_POINT('',#3247);
#3249 = CARTESIAN_POINT('',(116.40796300,85.97936000,0.00000000));
#3250 = VERTEX_POINT('',#3249);
#3251 = CARTESIAN_POINT('',(116.41459621,85.97957698,0.00000000));
#3252 = VERTEX_POINT('',#3251);
#3253 = CARTESIAN_POINT('',(116.42120110,85.98022651,0.00000000));
#3254 = VERTEX_POINT('',#3253);
#3255 = CARTESIAN_POINT('',(116.42774950,85.98130582,0.00000000));
#3256 = VERTEX_POINT('',#3255);
#3257 = CARTESIAN_POINT('',(116.43421348,85.98281031,0.00000000));
#3258 = VERTEX_POINT('',#3257);
#3259 = CARTESIAN_POINT('',(116.44056546,85.98473355,0.00000000));
#3260 = VERTEX_POINT('',#3259);
#3261 = CARTESIAN_POINT('',(116.44677834,85.98706735,0.00000000));
#3262 = VERTEX_POINT('',#3261);
#3263 = CARTESIAN_POINT('',(116.45282562,85.98980174,0.00000000));
#3264 = VERTEX_POINT('',#3263);
#3265 = CARTESIAN_POINT('',(116.45868150,85.99292507,0.00000000));
#3266 = VERTEX_POINT('',#3265);
#3267 = CARTESIAN_POINT('',(116.46431900,85.99642400,0.00000000));
#3268 = VERTEX_POINT('',#3267);
#3269 = CARTESIAN_POINT('',(132.84176300,94.94555900,0.00000000));
#3270 = VERTEX_POINT('',#3269);
#3271 = CARTESIAN_POINT('',(132.85111312,94.94498326,0.00000000));
#3272 = VERTEX_POINT('',#3271);
#3273 = CARTESIAN_POINT('',(132.86032192,94.94326451,0.00000000));
#3274 = VERTEX_POINT('',#3273);
#3275 = CARTESIAN_POINT('',(132.86925022,94.94042874,0.00000000));
#3276 = VERTEX_POINT('',#3275);
#3277 = CARTESIAN_POINT('',(132.87776307,94.93651881,0.00000000));
#3278 = VERTEX_POINT('',#3277);
#3279 = CARTESIAN_POINT('',(132.88573179,94.93159381,0.00000000));
#3280 = VERTEX_POINT('',#3279);
#3281 = CARTESIAN_POINT('',(132.89303594,94.92572818,0.00000000));
#3282 = VERTEX_POINT('',#3281);
#3283 = CARTESIAN_POINT('',(132.89956512,94.91901059,0.00000000));
#3284 = VERTEX_POINT('',#3283);
#3285 = CARTESIAN_POINT('',(132.90522063,94.91154257,0.00000000));
#3286 = VERTEX_POINT('',#3285);
#3287 = CARTESIAN_POINT('',(132.90991700,94.90343800,0.00000000));
#3288 = VERTEX_POINT('',#3287);
#3289 = CARTESIAN_POINT('',(151.76476300,60.07136000,0.00000000));
#3290 = VERTEX_POINT('',#3289);
#3291 = CARTESIAN_POINT('',(151.75206300,54.81356000,0.00000000));
#3292 = DIRECTION('',(0.17364818,-0.98480775,0.00000000));
#3293 = VECTOR('',#3292,0.88213274);
#3294 = LINE('',#3291,#3293);
#3295 = EDGE_CURVE('',#2938,#2940,#3294,.T.);
#3296 = CARTESIAN_POINT('',(151.90524374,53.94482884,0.00000000));
#3297 = DIRECTION('',(0.50000000,-0.86602540,0.00000000));
#3298 = VECTOR('',#3297,0.88213274);
#3299 = LINE('',#3296,#3298);
#3300 = EDGE_CURVE('',#2940,#2942,#3299,.T.);
#3301 = CARTESIAN_POINT('',(152.34631011,53.18087947,0.00000000));
#3302 = DIRECTION('',(0.76604444,-0.64278761,0.00000000));
#3303 = VECTOR('',#3302,0.88213274);
#3304 = LINE('',#3301,#3303);
#3305 = EDGE_CURVE('',#2942,#2944,#3304,.T.);
#3306 = CARTESIAN_POINT('',(153.02206300,52.61385547,0.00000000));
#3307 = DIRECTION('',(0.93969262,-0.34202014,0.00000000));
#3308 = VECTOR('',#3307,0.88213274);
#3309 = LINE('',#3306,#3308);
#3310 = EDGE_CURVE('',#2944,#2946,#3309,.T.);
#3311 = CARTESIAN_POINT('',(153.85099663,52.31214831,0.00000000));
#3312 = DIRECTION('',(1.00000000,0.00000000,0.00000000));
#3313 = VECTOR('',#3312,0.43566637);
#3314 = LINE('',#3311,#3313);
#3315 = EDGE_CURVE('',#2946,#2948,#3314,.T.);
#3316 = CARTESIAN_POINT('',(154.28666300,52.31214831,0.00000000));
#3317 = DIRECTION('',(1.00000000,0.00000000,0.00000000));
#3318 = VECTOR('',#3317,0.44646637);
#3319 = LINE('',#3316,#3318);
#3320 = EDGE_CURVE('',#2948,#2950,#3319,.T.);
#3321 = CARTESIAN_POINT('',(154.73312937,52.31214831,0.00000000));
#3322 = DIRECTION('',(0.00066964,-0.99999978,0.00000000));
#3323 = VECTOR('',#3322,31.34419776);
#3324 = LINE('',#3321,#3323);
#3325 = EDGE_CURVE('',#2950,#2952,#3324,.T.);
#3326 = CARTESIAN_POINT('',(154.75411871,20.96795758,0.00000000));
#3327 = DIRECTION('',(-1.00000000,0.00000000,0.00000000));
#3328 = VECTOR('',#3327,0.46745571);
#3329 = LINE('',#3326,#3328);
#3330 = EDGE_CURVE('',#2952,#2954,#3329,.T.);
#3331 = CARTESIAN_POINT('',(154.28666300,20.96795758,0.00000000));
#3332 = DIRECTION('',(-1.00000000,0.00000000,0.00000000));
#3333 = VECTOR('',#3332,0.40585571);
#3334 = LINE('',#3331,#3333);
#3335 = EDGE_CURVE('',#2954,#2956,#3334,.T.);
#3336 = CARTESIAN_POINT('',(153.88080729,20.96795758,0.00000000));
#3337 = DIRECTION('',(-0.93969262,-0.34202014,0.00000000));
#3338 = VECTOR('',#3337,0.87331142);
#3339 = LINE('',#3336,#3338);
#3340 = EDGE_CURVE('',#2956,#2958,#3339,.T.);
#3341 = CARTESIAN_POINT('',(153.06016300,20.66926748,0.00000000));
#3342 = DIRECTION('',(-0.76604444,-0.64278761,0.00000000));
#3343 = VECTOR('',#3342,0.87331142);
#3344 = LINE('',#3341,#3343);
#3345 = EDGE_CURVE('',#2958,#2960,#3344,.T.);
#3346 = CARTESIAN_POINT('',(152.39116764,20.10791372,0.00000000));
#3347 = DIRECTION('',(-0.50000000,-0.86602540,0.00000000));
#3348 = VECTOR('',#3347,0.87331142);
#3349 = LINE('',#3346,#3348);
#3350 = EDGE_CURVE('',#2960,#2962,#3349,.T.);
#3351 = CARTESIAN_POINT('',(151.95451194,19.35160385,0.00000000));
#3352 = DIRECTION('',(-0.17364485,-0.98480834,0.00000000));
#3353 = VECTOR('',#3352,0.87331089);
#3354 = LINE('',#3351,#3353);
#3355 = EDGE_CURVE('',#2962,#2964,#3354,.T.);
#3356 = CARTESIAN_POINT('',(151.80286600,18.49156000,0.00000000));
#3357 = DIRECTION('',(-0.00280920,-0.99999605,0.00000000));
#3358 = VECTOR('',#3357,13.56365352);
#3359 = LINE('',#3356,#3358);
#3360 = EDGE_CURVE('',#2964,#2966,#3359,.T.);
#3361 = CARTESIAN_POINT('',(151.76476300,4.92796000,0.00000000));
#3362 = DIRECTION('',(-0.08715720,-0.99619457,0.00000000));
#3363 = VECTOR('',#3362,0.02656506);
#3364 = LINE('',#3361,#3363);
#3365 = EDGE_CURVE('',#2966,#2968,#3364,.T.);
#3366 = CARTESIAN_POINT('',(151.76244766,4.90149603,0.00000000));
#3367 = DIRECTION('',(-0.25882010,-0.96592554,0.00000000));
#3368 = VECTOR('',#3367,0.02656506);
#3369 = LINE('',#3366,#3368);
#3370 = EDGE_CURVE('',#2968,#2970,#3369,.T.);
#3371 = CARTESIAN_POINT('',(151.75557209,4.87583616,0.00000000));
#3372 = DIRECTION('',(-0.42261892,-0.90630748,0.00000000));
#3373 = VECTOR('',#3372,0.02656506);
#3374 = LINE('',#3371,#3373);
#3375 = EDGE_CURVE('',#2970,#2972,#3374,.T.);
#3376 = CARTESIAN_POINT('',(151.74434520,4.85176005,0.00000000));
#3377 = DIRECTION('',(-0.57357674,-0.81915183,0.00000000));
#3378 = VECTOR('',#3377,0.02656506);
#3379 = LINE('',#3376,#3378);
#3380 = EDGE_CURVE('',#2972,#2974,#3379,.T.);
#3381 = CARTESIAN_POINT('',(151.72910810,4.82999924,0.00000000));
#3382 = DIRECTION('',(-0.70710678,-0.70710678,0.00000000));
#3383 = VECTOR('',#3382,0.02656506);
#3384 = LINE('',#3381,#3383);
#3385 = EDGE_CURVE('',#2974,#2976,#3384,.T.);
#3386 = CARTESIAN_POINT('',(151.71032376,4.81121490,0.00000000));
#3387 = DIRECTION('',(-0.81915183,-0.57357674,0.00000000));
#3388 = VECTOR('',#3387,0.02656506);
#3389 = LINE('',#3386,#3388);
#3390 = EDGE_CURVE('',#2976,#2978,#3389,.T.);
#3391 = CARTESIAN_POINT('',(151.68856295,4.79597780,0.00000000));
#3392 = DIRECTION('',(-0.90630748,-0.42261892,0.00000000));
#3393 = VECTOR('',#3392,0.02656506);
#3394 = LINE('',#3391,#3393);
#3395 = EDGE_CURVE('',#2978,#2980,#3394,.T.);
#3396 = CARTESIAN_POINT('',(151.66448684,4.78475091,0.00000000));
#3397 = DIRECTION('',(-0.96592554,-0.25882011,0.00000000));
#3398 = VECTOR('',#3397,0.02656506);
#3399 = LINE('',#3396,#3398);
#3400 = EDGE_CURVE('',#2980,#2982,#3399,.T.);
#3401 = CARTESIAN_POINT('',(151.63882697,4.77787534,0.00000000));
#3402 = DIRECTION('',(-0.99619457,-0.08715720,0.00000000));
#3403 = VECTOR('',#3402,0.02656506);
#3404 = LINE('',#3401,#3403);
#3405 = EDGE_CURVE('',#2982,#2984,#3404,.T.);
#3406 = CARTESIAN_POINT('',(151.61236300,4.77556000,0.00000000));
#3407 = DIRECTION('',(-0.99999986,-0.00053619,0.00000000));
#3408 = VECTOR('',#3407,47.37100681);
#3409 = LINE('',#3406,#3408);
#3410 = EDGE_CURVE('',#2984,#2986,#3409,.T.);
#3411 = CARTESIAN_POINT('',(104.24136300,4.75016000,0.00000000));
#3412 = DIRECTION('',(-0.99619531,-0.08714870,0.00000000));
#3413 = VECTOR('',#3412,0.03099265);
#3414 = LINE('',#3411,#3413);
#3415 = EDGE_CURVE('',#2986,#2988,#3414,.T.);
#3416 = CARTESIAN_POINT('',(104.21048827,4.74745903,0.00000000));
#3417 = DIRECTION('',(-0.96592720,-0.25881392,0.00000000));
#3418 = VECTOR('',#3417,0.03099265);
#3419 = LINE('',#3416,#3418);
#3420 = EDGE_CURVE('',#2988,#2990,#3419,.T.);
#3421 = CARTESIAN_POINT('',(104.18055163,4.73943770,0.00000000));
#3422 = DIRECTION('',(-0.90630928,-0.42261506,0.00000000));
#3423 = VECTOR('',#3422,0.03099265);
#3424 = LINE('',#3421,#3423);
#3425 = EDGE_CURVE('',#2990,#2992,#3424,.T.);
#3426 = CARTESIAN_POINT('',(104.15246270,4.72633974,0.00000000));
#3427 = DIRECTION('',(-0.81915306,-0.57357499,0.00000000));
#3428 = VECTOR('',#3427,0.03099265);
#3429 = LINE('',#3426,#3428);
#3430 = EDGE_CURVE('',#2992,#2994,#3429,.T.);
#3431 = CARTESIAN_POINT('',(104.12707498,4.70856313,0.00000000));
#3432 = DIRECTION('',(-0.70710678,-0.70710678,0.00000000));
#3433 = VECTOR('',#3432,0.03099265);
#3434 = LINE('',#3431,#3433);
#3435 = EDGE_CURVE('',#2994,#2996,#3434,.T.);
#3436 = CARTESIAN_POINT('',(104.10515987,4.68664802,0.00000000));
#3437 = DIRECTION('',(-0.57357499,-0.81915306,0.00000000));
#3438 = VECTOR('',#3437,0.03099265);
#3439 = LINE('',#3436,#3438);
#3440 = EDGE_CURVE('',#2996,#2998,#3439,.T.);
#3441 = CARTESIAN_POINT('',(104.08738326,4.66126030,0.00000000));
#3442 = DIRECTION('',(-0.42261506,-0.90630928,0.00000000));
#3443 = VECTOR('',#3442,0.03099265);
#3444 = LINE('',#3441,#3443);
#3445 = EDGE_CURVE('',#2998,#3000,#3444,.T.);
#3446 = CARTESIAN_POINT('',(104.07428530,4.63317137,0.00000000));
#3447 = DIRECTION('',(-0.25881392,-0.96592720,0.00000000));
#3448 = VECTOR('',#3447,0.03099265);
#3449 = LINE('',#3446,#3448);
#3450 = EDGE_CURVE('',#3000,#3002,#3449,.T.);
#3451 = CARTESIAN_POINT('',(104.06626397,4.60323473,0.00000000));
#3452 = DIRECTION('',(-0.08714870,-0.99619531,0.00000000));
#3453 = VECTOR('',#3452,0.03099265);
#3454 = LINE('',#3451,#3453);
#3455 = EDGE_CURVE('',#3002,#3004,#3454,.T.);
#3456 = CARTESIAN_POINT('',(104.06356300,4.57236000,0.00000000));
#3457 = DIRECTION('',(0.00000000,-1.00000000,0.00000000));
#3458 = VECTOR('',#3457,1.65100000);
#3459 = LINE('',#3456,#3458);
#3460 = EDGE_CURVE('',#3004,#3006,#3459,.T.);
#3461 = CARTESIAN_POINT('',(104.06356300,2.92136000,0.00000000));
#3462 = DIRECTION('',(-0.01475763,-0.99989110,0.00000000));
#3463 = VECTOR('',#3462,0.06054140);
#3464 = LINE('',#3461,#3463);
#3465 = EDGE_CURVE('',#3006,#3008,#3464,.T.);
#3466 = CARTESIAN_POINT('',(104.06266955,2.86082519,0.00000000));
#3467 = DIRECTION('',(-0.19653412,-0.98049699,0.00000000));
#3468 = VECTOR('',#3467,0.06054140);
#3469 = LINE('',#3466,#3468);
#3470 = EDGE_CURVE('',#3008,#3010,#3469,.T.);
#3471 = CARTESIAN_POINT('',(104.05077110,2.80146453,0.00000000));
#3472 = DIRECTION('',(-0.37174268,-0.92833581,0.00000000));
#3473 = VECTOR('',#3472,0.06054140);
#3474 = LINE('',#3471,#3473);
#3475 = EDGE_CURVE('',#3010,#3012,#3474,.T.);
#3476 = CARTESIAN_POINT('',(104.02826528,2.74526178,0.00000000));
#3477 = DIRECTION('',(-0.53452803,-0.84515074,0.00000000));
#3478 = VECTOR('',#3477,0.06054140);
#3479 = LINE('',#3476,#3478);
#3480 = EDGE_CURVE('',#3012,#3014,#3479,.T.);
#3481 = CARTESIAN_POINT('',(103.99590420,2.69409517,0.00000000));
#3482 = DIRECTION('',(-0.67945009,-0.73372173,0.00000000));
#3483 = VECTOR('',#3482,0.06054140);
#3484 = LINE('',#3481,#3483);
#3485 = EDGE_CURVE('',#3014,#3016,#3484,.T.);
#3486 = CARTESIAN_POINT('',(103.95476934,2.64967463,0.00000000));
#3487 = DIRECTION('',(-0.80166572,-0.59777260,0.00000000));
#3488 = VECTOR('',#3487,0.06054140);
#3489 = LINE('',#3486,#3488);
#3490 = EDGE_CURVE('',#3016,#3018,#3489,.T.);
#3491 = CARTESIAN_POINT('',(103.90623538,2.61348464,0.00000000));
#3492 = DIRECTION('',(-0.89709062,-0.44184660,0.00000000));
#3493 = VECTOR('',#3492,0.06054140);
#3494 = LINE('',#3491,#3493);
#3495 = EDGE_CURVE('',#3018,#3020,#3494,.T.);
#3496 = CARTESIAN_POINT('',(103.85192425,2.58673462,0.00000000));
#3497 = DIRECTION('',(-0.96253580,-0.27115462,0.00000000));
#3498 = VECTOR('',#3497,0.06054140);
#3499 = LINE('',#3496,#3498);
#3500 = EDGE_CURVE('',#3020,#3022,#3499,.T.);
#3501 = CARTESIAN_POINT('',(103.79365099,2.57031854,0.00000000));
#3502 = DIRECTION('',(-0.99581417,-0.09140096,0.00000000));
#3503 = VECTOR('',#3502,0.06054140);
#3504 = LINE('',#3501,#3503);
#3505 = EDGE_CURVE('',#3022,#3024,#3504,.T.);
#3506 = CARTESIAN_POINT('',(103.73336300,2.56478500,0.00000000));
#3507 = DIRECTION('',(-1.00000000,0.00000000,0.00000000));
#3508 = VECTOR('',#3507,19.96440000);
#3509 = LINE('',#3506,#3508);
#3510 = EDGE_CURVE('',#3024,#3026,#3509,.T.);
#3511 = CARTESIAN_POINT('',(83.76896300,2.56478500,0.00000000));
#3512 = DIRECTION('',(-0.99619532,-0.08714864,0.00000000));
#3513 = VECTOR('',#3512,0.02639517);
#3514 = LINE('',#3511,#3513);
#3515 = EDGE_CURVE('',#3026,#3028,#3514,.T.);
#3516 = CARTESIAN_POINT('',(83.74266825,2.56248470,0.00000000));
#3517 = DIRECTION('',(-0.96592721,-0.25881388,0.00000000));
#3518 = VECTOR('',#3517,0.02639517);
#3519 = LINE('',#3516,#3518);
#3520 = EDGE_CURVE('',#3028,#3030,#3519,.T.);
#3521 = CARTESIAN_POINT('',(83.71717243,2.55565326,0.00000000));
#3522 = DIRECTION('',(-0.90630929,-0.42261503,0.00000000));
#3523 = VECTOR('',#3522,0.02639517);
#3524 = LINE('',#3521,#3523);
#3525 = EDGE_CURVE('',#3030,#3032,#3524,.T.);
#3526 = CARTESIAN_POINT('',(83.69325024,2.54449826,0.00000000));
#3527 = DIRECTION('',(-0.81915307,-0.57357498,0.00000000));
#3528 = VECTOR('',#3527,0.02639517);
#3529 = LINE('',#3526,#3528);
#3530 = EDGE_CURVE('',#3032,#3034,#3529,.T.);
#3531 = CARTESIAN_POINT('',(83.67162856,2.52935865,0.00000000));
#3532 = DIRECTION('',(-0.70710678,-0.70710678,0.00000000));
#3533 = VECTOR('',#3532,0.02639517);
#3534 = LINE('',#3531,#3533);
#3535 = EDGE_CURVE('',#3034,#3036,#3534,.T.);
#3536 = CARTESIAN_POINT('',(83.65296435,2.51069444,0.00000000));
#3537 = DIRECTION('',(-0.57357498,-0.81915307,0.00000000));
#3538 = VECTOR('',#3537,0.02639517);
#3539 = LINE('',#3536,#3538);
#3540 = EDGE_CURVE('',#3036,#3038,#3539,.T.);
#3541 = CARTESIAN_POINT('',(83.63782474,2.48907276,0.00000000));
#3542 = DIRECTION('',(-0.42261503,-0.90630929,0.00000000));
#3543 = VECTOR('',#3542,0.02639517);
#3544 = LINE('',#3541,#3543);
#3545 = EDGE_CURVE('',#3038,#3040,#3544,.T.);
#3546 = CARTESIAN_POINT('',(83.62666974,2.46515057,0.00000000));
#3547 = DIRECTION('',(-0.25881388,-0.96592721,0.00000000));
#3548 = VECTOR('',#3547,0.02639517);
#3549 = LINE('',#3546,#3548);
#3550 = EDGE_CURVE('',#3040,#3042,#3549,.T.);
#3551 = CARTESIAN_POINT('',(83.61983830,2.43965475,0.00000000));
#3552 = DIRECTION('',(-0.08714864,-0.99619532,0.00000000));
#3553 = VECTOR('',#3552,0.02639517);
#3554 = LINE('',#3551,#3553);
#3555 = EDGE_CURVE('',#3042,#3044,#3554,.T.);
#3556 = CARTESIAN_POINT('',(83.61753800,2.41336000,0.00000000));
#3557 = DIRECTION('',(0.00000000,-1.00000000,0.00000000));
#3558 = VECTOR('',#3557,2.05740000);
#3559 = LINE('',#3556,#3558);
#3560 = EDGE_CURVE('',#3044,#3046,#3559,.T.);
#3561 = CARTESIAN_POINT('',(83.61753800,0.35596000,0.00000000));
#3562 = DIRECTION('',(-0.09040605,-0.99590499,0.00000000));
#3563 = VECTOR('',#3562,0.06447386);
#3564 = LINE('',#3561,#3563);
#3565 = EDGE_CURVE('',#3046,#3048,#3564,.T.);
#3566 = CARTESIAN_POINT('',(83.61170917,0.29175016,0.00000000));
#3567 = DIRECTION('',(-0.26826466,-0.96334525,0.00000000));
#3568 = VECTOR('',#3567,0.06447386);
#3569 = LINE('',#3566,#3568);
#3570 = EDGE_CURVE('',#3048,#3050,#3569,.T.);
#3571 = CARTESIAN_POINT('',(83.59441312,0.22963958,0.00000000));
#3572 = DIRECTION('',(-0.43735268,-0.89929007,0.00000000));
#3573 = VECTOR('',#3572,0.06447386);
#3574 = LINE('',#3571,#3573);
#3575 = EDGE_CURVE('',#3050,#3052,#3574,.T.);
#3576 = CARTESIAN_POINT('',(83.56621530,0.17165887,0.00000000));
#3577 = DIRECTION('',(-0.59214197,-0.80583366,0.00000000));
#3578 = VECTOR('',#3577,0.06447386);
#3579 = LINE('',#3576,#3578);
#3580 = EDGE_CURVE('',#3052,#3054,#3579,.T.);
#3581 = CARTESIAN_POINT('',(83.52803762,0.11970367,0.00000000));
#3582 = DIRECTION('',(-0.72757187,-0.68603147,0.00000000));
#3583 = VECTOR('',#3582,0.06447386);
#3584 = LINE('',#3581,#3583);
#3585 = EDGE_CURVE('',#3054,#3056,#3584,.T.);
#3586 = CARTESIAN_POINT('',(83.48112826,0.07547257,0.00000000));
#3587 = DIRECTION('',(-0.83921467,-0.54380028,0.00000000));
#3588 = VECTOR('',#3587,0.06447386);
#3589 = LINE('',#3586,#3588);
#3590 = EDGE_CURVE('',#3056,#3058,#3589,.T.);
#3591 = CARTESIAN_POINT('',(83.42702085,0.04041167,0.00000000));
#3592 = DIRECTION('',(-0.92342032,-0.38379018,0.00000000));
#3593 = VECTOR('',#3592,0.06447386);
#3594 = LINE('',#3591,#3593);
#3595 = EDGE_CURVE('',#3058,#3060,#3594,.T.);
#3596 = CARTESIAN_POINT('',(83.36748438,0.01566724,0.00000000));
#3597 = DIRECTION('',(-0.97743584,-0.21123252,0.00000000));
#3598 = VECTOR('',#3597,0.06447386);
#3599 = LINE('',#3596,#3598);
#3600 = EDGE_CURVE('',#3060,#3062,#3599,.T.);
#3601 = CARTESIAN_POINT('',(83.30446532,0.00204826,0.00000000));
#3602 = DIRECTION('',(-0.99949524,-0.03176885,0.00000000));
#3603 = VECTOR('',#3602,0.06447386);
#3604 = LINE('',#3601,#3603);
#3605 = EDGE_CURVE('',#3062,#3064,#3604,.T.);
#3606 = CARTESIAN_POINT('',(83.24002400,0.00000000,0.00000000));
#3607 = DIRECTION('',(-1.00000000,0.00000000,0.00000000));
#3608 = VECTOR('',#3607,20.45146100);
#3609 = LINE('',#3606,#3608);
#3610 = EDGE_CURVE('',#3064,#3066,#3609,.T.);
#3611 = CARTESIAN_POINT('',(62.78856300,0.00000000,0.00000000));
#3612 = DIRECTION('',(-0.99644492,0.08424674,0.00000000));
#3613 = VECTOR('',#3612,0.07281479);
#3614 = LINE('',#3611,#3613);
#3615 = EDGE_CURVE('',#3066,#3068,#3614,.T.);
#3616 = CARTESIAN_POINT('',(62.71600707,0.00613441,0.00000000));
#3617 = DIRECTION('',(-0.96815670,0.25034496,0.00000000));
#3618 = VECTOR('',#3617,0.07281479);
#3619 = LINE('',#3616,#3618);
#3620 = EDGE_CURVE('',#3068,#3070,#3619,.T.);
#3621 = CARTESIAN_POINT('',(62.64551095,0.02436322,0.00000000));
#3622 = DIRECTION('',(-0.91238363,0.40933618,0.00000000));
#3623 = VECTOR('',#3622,0.07281479);
#3624 = LINE('',#3621,#3623);
#3625 = EDGE_CURVE('',#3070,#3072,#3624,.T.);
#3626 = CARTESIAN_POINT('',(62.57907593,0.05416895,0.00000000));
#3627 = DIRECTION('',(-0.83070904,0.55670683,0.00000000));
#3628 = VECTOR('',#3627,0.07281479);
#3629 = LINE('',#3626,#3628);
#3630 = EDGE_CURVE('',#3072,#3074,#3629,.T.);
#3631 = CARTESIAN_POINT('',(62.51858802,0.09470544,0.00000000));
#3632 = DIRECTION('',(-0.72545158,0.68827320,0.00000000));
#3633 = VECTOR('',#3632,0.07281479);
#3634 = LINE('',#3631,#3633);
#3635 = EDGE_CURVE('',#3074,#3076,#3634,.T.);
#3636 = CARTESIAN_POINT('',(62.46576442,0.14482191,0.00000000));
#3637 = DIRECTION('',(-0.59959939,0.80030030,0.00000000));
#3638 = VECTOR('',#3637,0.07281479);
#3639 = LINE('',#3636,#3638);
#3640 = EDGE_CURVE('',#3076,#3078,#3639,.T.);
#3641 = CARTESIAN_POINT('',(62.42210472,0.20309561,0.00000000));
#3642 = DIRECTION('',(-0.45672527,0.88960780,0.00000000));
#3643 = VECTOR('',#3642,0.07281479);
#3644 = LINE('',#3641,#3643);
#3645 = EDGE_CURVE('',#3078,#3080,#3644,.T.);
#3646 = CARTESIAN_POINT('',(62.38884836,0.26787221,0.00000000));
#3647 = DIRECTION('',(-0.30088524,0.95366036,0.00000000));
#3648 = VECTOR('',#3647,0.07281479);
#3649 = LINE('',#3646,#3648);
#3650 = EDGE_CURVE('',#3080,#3082,#3649,.T.);
#3651 = CARTESIAN_POINT('',(62.36693947,0.33731279,0.00000000));
#3652 = DIRECTION('',(-0.13650343,0.99063960,0.00000000));
#3653 = VECTOR('',#3652,0.07281479);
#3654 = LINE('',#3651,#3653);
#3655 = EDGE_CURVE('',#3082,#3084,#3654,.T.);
#3656 = CARTESIAN_POINT('',(62.35700000,0.40944600,0.00000000));
#3657 = DIRECTION('',(0.00000000,1.00000000,0.00000000));
#3658 = VECTOR('',#3657,2.00391400);
#3659 = LINE('',#3656,#3658);
#3660 = EDGE_CURVE('',#3084,#3086,#3659,.T.);
#3661 = CARTESIAN_POINT('',(62.35700000,2.41336000,0.00000000));
#3662 = DIRECTION('',(-0.08715831,0.99619447,0.00000000));
#3663 = VECTOR('',#3662,0.03988889);
#3664 = LINE('',#3661,#3663);
#3665 = EDGE_CURVE('',#3086,#3088,#3664,.T.);
#3666 = CARTESIAN_POINT('',(62.35352335,2.45309709,0.00000000));
#3667 = DIRECTION('',(-0.25882091,0.96592533,0.00000000));
#3668 = VECTOR('',#3667,0.03988889);
#3669 = LINE('',#3666,#3668);
#3670 = EDGE_CURVE('',#3088,#3090,#3669,.T.);
#3671 = CARTESIAN_POINT('',(62.34319927,2.49162677,0.00000000));
#3672 = DIRECTION('',(-0.42261943,0.90630724,0.00000000));
#3673 = VECTOR('',#3672,0.03988889);
#3674 = LINE('',#3671,#3673);
#3675 = EDGE_CURVE('',#3090,#3092,#3674,.T.);
#3676 = CARTESIAN_POINT('',(62.32634146,2.52777836,0.00000000));
#3677 = DIRECTION('',(-0.57357696,0.81915167,0.00000000));
#3678 = VECTOR('',#3677,0.03988889);
#3679 = LINE('',#3676,#3678);
#3680 = EDGE_CURVE('',#3092,#3094,#3679,.T.);
#3681 = CARTESIAN_POINT('',(62.30346211,2.56045341,0.00000000));
#3682 = DIRECTION('',(-0.70710678,0.70710678,0.00000000));
#3683 = VECTOR('',#3682,0.03988889);
#3684 = LINE('',#3681,#3683);
#3685 = EDGE_CURVE('',#3094,#3096,#3684,.T.);
#3686 = CARTESIAN_POINT('',(62.27525641,2.58865911,0.00000000));
#3687 = DIRECTION('',(-0.81915167,0.57357696,0.00000000));
#3688 = VECTOR('',#3687,0.03988889);
#3689 = LINE('',#3686,#3688);
#3690 = EDGE_CURVE('',#3096,#3098,#3689,.T.);
#3691 = CARTESIAN_POINT('',(62.24258136,2.61153846,0.00000000));
#3692 = DIRECTION('',(-0.90630724,0.42261943,0.00000000));
#3693 = VECTOR('',#3692,0.03988889);
#3694 = LINE('',#3691,#3693);
#3695 = EDGE_CURVE('',#3098,#3100,#3694,.T.);
#3696 = CARTESIAN_POINT('',(62.20642977,2.62839627,0.00000000));
#3697 = DIRECTION('',(-0.96592533,0.25882091,0.00000000));
#3698 = VECTOR('',#3697,0.03988889);
#3699 = LINE('',#3696,#3698);
#3700 = EDGE_CURVE('',#3100,#3102,#3699,.T.);
#3701 = CARTESIAN_POINT('',(62.16790009,2.63872035,0.00000000));
#3702 = DIRECTION('',(-0.99619447,0.08715831,0.00000000));
#3703 = VECTOR('',#3702,0.03988889);
#3704 = LINE('',#3701,#3703);
#3705 = EDGE_CURVE('',#3102,#3104,#3704,.T.);
#3706 = CARTESIAN_POINT('',(62.12816300,2.64219700,0.00000000));
#3707 = DIRECTION('',(-1.00000000,0.00000000,0.00000000));
#3708 = VECTOR('',#3707,18.84680000);
#3709 = LINE('',#3706,#3708);
#3710 = EDGE_CURVE('',#3104,#3106,#3709,.T.);
#3711 = CARTESIAN_POINT('',(43.28136300,2.64219700,0.00000000));
#3712 = DIRECTION('',(-0.99619385,0.08716546,0.00000000));
#3713 = VECTOR('',#3712,0.02652368);
#3714 = LINE('',#3711,#3713);
#3715 = EDGE_CURVE('',#3106,#3108,#3714,.T.);
#3716 = CARTESIAN_POINT('',(43.25494027,2.64450895,0.00000000));
#3717 = DIRECTION('',(-0.96592393,0.25882611,0.00000000));
#3718 = VECTOR('',#3717,0.02652368);
#3719 = LINE('',#3716,#3718);
#3720 = EDGE_CURVE('',#3108,#3110,#3719,.T.);
#3721 = CARTESIAN_POINT('',(43.22932042,2.65137397,0.00000000));
#3722 = DIRECTION('',(-0.90630573,0.42262268,0.00000000));
#3723 = VECTOR('',#3722,0.02652368);
#3724 = LINE('',#3721,#3723);
#3725 = EDGE_CURVE('',#3110,#3112,#3724,.T.);
#3726 = CARTESIAN_POINT('',(43.20528185,2.66258348,0.00000000));
#3727 = DIRECTION('',(-0.81915065,0.57357843,0.00000000));
#3728 = VECTOR('',#3727,0.02652368);
#3729 = LINE('',#3726,#3728);
#3730 = EDGE_CURVE('',#3112,#3114,#3729,.T.);
#3731 = CARTESIAN_POINT('',(43.18355496,2.67779689,0.00000000));
#3732 = DIRECTION('',(-0.70710678,0.70710678,0.00000000));
#3733 = VECTOR('',#3732,0.02652368);
#3734 = LINE('',#3731,#3733);
#3735 = EDGE_CURVE('',#3114,#3116,#3734,.T.);
#3736 = CARTESIAN_POINT('',(43.16479989,2.69655196,0.00000000));
#3737 = DIRECTION('',(-0.57357843,0.81915065,0.00000000));
#3738 = VECTOR('',#3737,0.02652368);
#3739 = LINE('',#3736,#3738);
#3740 = EDGE_CURVE('',#3116,#3118,#3739,.T.);
#3741 = CARTESIAN_POINT('',(43.14958648,2.71827885,0.00000000));
#3742 = DIRECTION('',(-0.42262268,0.90630573,0.00000000));
#3743 = VECTOR('',#3742,0.02652368);
#3744 = LINE('',#3741,#3743);
#3745 = EDGE_CURVE('',#3118,#3120,#3744,.T.);
#3746 = CARTESIAN_POINT('',(43.13837697,2.74231742,0.00000000));
#3747 = DIRECTION('',(-0.25882611,0.96592393,0.00000000));
#3748 = VECTOR('',#3747,0.02652368);
#3749 = LINE('',#3746,#3748);
#3750 = EDGE_CURVE('',#3120,#3122,#3749,.T.);
#3751 = CARTESIAN_POINT('',(43.13151195,2.76793727,0.00000000));
#3752 = DIRECTION('',(-0.08716546,0.99619385,0.00000000));
#3753 = VECTOR('',#3752,0.02652368);
#3754 = LINE('',#3751,#3753);
#3755 = EDGE_CURVE('',#3122,#3124,#3754,.T.);
#3756 = CARTESIAN_POINT('',(43.12920000,2.79436000,0.00000000));
#3757 = DIRECTION('',(0.00000000,1.00000000,0.00000000));
#3758 = VECTOR('',#3757,3.88620000);
#3759 = LINE('',#3756,#3758);
#3760 = EDGE_CURVE('',#3124,#3126,#3759,.T.);
#3761 = CARTESIAN_POINT('',(43.12920000,6.68056000,0.00000000));
#3762 = DIRECTION('',(-0.08715226,0.99619500,0.00000000));
#3763 = VECTOR('',#3762,0.04431648);
#3764 = LINE('',#3761,#3763);
#3765 = EDGE_CURVE('',#3126,#3128,#3764,.T.);
#3766 = CARTESIAN_POINT('',(43.12533772,6.72470785,0.00000000));
#3767 = DIRECTION('',(-0.25881651,0.96592651,0.00000000));
#3768 = VECTOR('',#3767,0.04431648);
#3769 = LINE('',#3766,#3768);
#3770 = EDGE_CURVE('',#3128,#3130,#3769,.T.);
#3771 = CARTESIAN_POINT('',(43.11386788,6.76751431,0.00000000));
#3772 = DIRECTION('',(-0.42261668,0.90630853,0.00000000));
#3773 = VECTOR('',#3772,0.04431648);
#3774 = LINE('',#3771,#3773);
#3775 = EDGE_CURVE('',#3130,#3132,#3774,.T.);
#3776 = CARTESIAN_POINT('',(43.09513900,6.80767871,0.00000000));
#3777 = DIRECTION('',(-0.57357572,0.81915255,0.00000000));
#3778 = VECTOR('',#3777,0.04431648);
#3779 = LINE('',#3776,#3778);
#3780 = EDGE_CURVE('',#3132,#3134,#3779,.T.);
#3781 = CARTESIAN_POINT('',(43.06972015,6.84398067,0.00000000));
#3782 = DIRECTION('',(-0.70710678,0.70710678,0.00000000));
#3783 = VECTOR('',#3782,0.04431648);
#3784 = LINE('',#3781,#3783);
#3785 = EDGE_CURVE('',#3134,#3136,#3784,.T.);
#3786 = CARTESIAN_POINT('',(43.03838367,6.87531715,0.00000000));
#3787 = DIRECTION('',(-0.81915255,0.57357572,0.00000000));
#3788 = VECTOR('',#3787,0.04431648);
#3789 = LINE('',#3786,#3788);
#3790 = EDGE_CURVE('',#3136,#3138,#3789,.T.);
#3791 = CARTESIAN_POINT('',(43.00208171,6.90073600,0.00000000));
#3792 = DIRECTION('',(-0.90630853,0.42261668,0.00000000));
#3793 = VECTOR('',#3792,0.04431648);
#3794 = LINE('',#3791,#3793);
#3795 = EDGE_CURVE('',#3138,#3140,#3794,.T.);
#3796 = CARTESIAN_POINT('',(42.96191731,6.91946488,0.00000000));
#3797 = DIRECTION('',(-0.96592651,0.25881651,0.00000000));
#3798 = VECTOR('',#3797,0.04431648);
#3799 = LINE('',#3796,#3798);
#3800 = EDGE_CURVE('',#3140,#3142,#3799,.T.);
#3801 = CARTESIAN_POINT('',(42.91911085,6.93093472,0.00000000));
#3802 = DIRECTION('',(-0.99619500,0.08715226,0.00000000));
#3803 = VECTOR('',#3802,0.04431648);
#3804 = LINE('',#3801,#3803);
#3805 = EDGE_CURVE('',#3142,#3144,#3804,.T.);
#3806 = CARTESIAN_POINT('',(42.87496300,6.93479700,0.00000000));
#3807 = DIRECTION('',(-1.00000000,0.00000000,0.00000000));
#3808 = VECTOR('',#3807,13.81760000);
#3809 = LINE('',#3806,#3808);
#3810 = EDGE_CURVE('',#3144,#3146,#3809,.T.);
#3811 = CARTESIAN_POINT('',(29.05736300,6.93479700,0.00000000));
#3812 = DIRECTION('',(-0.37247673,-0.92804153,0.00000000));
#3813 = VECTOR('',#3812,1.23643857);
#3814 = LINE('',#3811,#3813);
#3815 = EDGE_CURVE('',#3146,#3148,#3814,.T.);
#3816 = CARTESIAN_POINT('',(28.59681840,5.78733066,0.00000000));
#3817 = DIRECTION('',(-0.62784370,-0.77833944,0.00000000));
#3818 = VECTOR('',#3817,1.23643857);
#3819 = LINE('',#3816,#3818);
#3820 = EDGE_CURVE('',#3148,#3150,#3819,.T.);
#3821 = CARTESIAN_POINT('',(27.82052824,4.82496175,0.00000000));
#3822 = DIRECTION('',(-0.82819711,-0.56043692,0.00000000));
#3823 = VECTOR('',#3822,1.23643857);
#3824 = LINE('',#3821,#3823);
#3825 = EDGE_CURVE('',#3150,#3152,#3824,.T.);
#3826 = CARTESIAN_POINT('',(26.79651339,4.13201593,0.00000000));
#3827 = DIRECTION('',(-0.95598141,-0.29342723,0.00000000));
#3828 = VECTOR('',#3827,1.23643857);
#3829 = LINE('',#3826,#3828);
#3830 = EDGE_CURVE('',#3152,#3154,#3829,.T.);
#3831 = CARTESIAN_POINT('',(25.61450110,3.76921119,0.00000000));
#3832 = DIRECTION('',(-0.99999975,-0.00070657,0.00000000));
#3833 = VECTOR('',#3832,1.23643857);
#3834 = LINE('',#3831,#3833);
#3835 = EDGE_CURVE('',#3154,#3156,#3834,.T.);
#3836 = CARTESIAN_POINT('',(24.37806285,3.76833756,0.00000000));
#3837 = DIRECTION('',(-0.95639511,0.29207601,0.00000000));
#3838 = VECTOR('',#3837,1.23643857);
#3839 = LINE('',#3836,#3838);
#3840 = EDGE_CURVE('',#3156,#3158,#3839,.T.);
#3841 = CARTESIAN_POINT('',(23.19553905,4.12947160,0.00000000));
#3842 = DIRECTION('',(-0.82898826,0.55926601,0.00000000));
#3843 = VECTOR('',#3842,1.23643857);
#3844 = LINE('',#3841,#3843);
#3845 = EDGE_CURVE('',#3158,#3160,#3844,.T.);
#3846 = CARTESIAN_POINT('',(22.17054600,4.82096967,0.00000000));
#3847 = DIRECTION('',(-0.62894297,0.77745144,0.00000000));
#3848 = VECTOR('',#3847,1.23643857);
#3849 = LINE('',#3846,#3848);
#3850 = EDGE_CURVE('',#3160,#3162,#3849,.T.);
#3851 = CARTESIAN_POINT('',(21.39289666,5.78224061,0.00000000));
#3852 = DIRECTION('',(-0.37378780,0.92751425,0.00000000));
#3853 = VECTOR('',#3852,1.23643857);
#3854 = LINE('',#3851,#3853);
#3855 = EDGE_CURVE('',#3162,#3164,#3854,.T.);
#3856 = CARTESIAN_POINT('',(20.93073100,6.92905500,0.00000000));
#3857 = DIRECTION('',(-0.99999996,0.00027668,0.00000000));
#3858 = VECTOR('',#3857,20.75316879);
#3859 = LINE('',#3856,#3858);
#3860 = EDGE_CURVE('',#3164,#3166,#3859,.T.);
#3861 = CARTESIAN_POINT('',(0.17756300,6.93479700,0.00000000));
#3862 = DIRECTION('',(-0.99619470,0.08715577,0.00000000));
#3863 = VECTOR('',#3862,0.03095127);
#3864 = LINE('',#3861,#3863);
#3865 = EDGE_CURVE('',#3166,#3168,#3864,.T.);
#3866 = CARTESIAN_POINT('',(0.14672951,6.93749458,0.00000000));
#3867 = DIRECTION('',(-0.96592582,0.25881906,0.00000000));
#3868 = VECTOR('',#3867,0.03095127);
#3869 = LINE('',#3866,#3868);
#3870 = EDGE_CURVE('',#3168,#3170,#3869,.T.);
#3871 = CARTESIAN_POINT('',(0.11683288,6.94550536,0.00000000));
#3872 = DIRECTION('',(-0.90630778,0.42261827,0.00000000));
#3873 = VECTOR('',#3872,0.03095127);
#3874 = LINE('',#3871,#3873);
#3875 = EDGE_CURVE('',#3170,#3172,#3874,.T.);
#3876 = CARTESIAN_POINT('',(0.08878150,6.95858593,0.00000000));
#3877 = DIRECTION('',(-0.81915204,0.57357644,0.00000000));
#3878 = VECTOR('',#3877,0.03095127);
#3879 = LINE('',#3876,#3878);
#3880 = EDGE_CURVE('',#3172,#3174,#3879,.T.);
#3881 = CARTESIAN_POINT('',(0.06342770,6.97633885,0.00000000));
#3882 = DIRECTION('',(-0.70710678,0.70710678,0.00000000));
#3883 = VECTOR('',#3882,0.03095127);
#3884 = LINE('',#3881,#3883);
#3885 = EDGE_CURVE('',#3174,#3176,#3884,.T.);
#3886 = CARTESIAN_POINT('',(0.04154185,6.99822470,0.00000000));
#3887 = DIRECTION('',(-0.57357644,0.81915204,0.00000000));
#3888 = VECTOR('',#3887,0.03095127);
#3889 = LINE('',#3886,#3888);
#3890 = EDGE_CURVE('',#3176,#3178,#3889,.T.);
#3891 = CARTESIAN_POINT('',(0.02378893,7.02357850,0.00000000));
#3892 = DIRECTION('',(-0.42261827,0.90630778,0.00000000));
#3893 = VECTOR('',#3892,0.03095127);
#3894 = LINE('',#3891,#3893);
#3895 = EDGE_CURVE('',#3178,#3180,#3894,.T.);
#3896 = CARTESIAN_POINT('',(0.01070836,7.05162988,0.00000000));
#3897 = DIRECTION('',(-0.25881906,0.96592582,0.00000000));
#3898 = VECTOR('',#3897,0.03095127);
#3899 = LINE('',#3896,#3898);
#3900 = EDGE_CURVE('',#3180,#3182,#3899,.T.);
#3901 = CARTESIAN_POINT('',(0.00269758,7.08152651,0.00000000));
#3902 = DIRECTION('',(-0.08715577,0.99619470,0.00000000));
#3903 = VECTOR('',#3902,0.03095127);
#3904 = LINE('',#3901,#3903);
#3905 = EDGE_CURVE('',#3182,#3184,#3904,.T.);
#3906 = CARTESIAN_POINT('',(0.00000000,7.11236000,0.00000000));
#3907 = DIRECTION('',(0.00000000,1.00000000,0.00000000));
#3908 = VECTOR('',#3907,60.65520000);
#3909 = LINE('',#3906,#3908);
#3910 = EDGE_CURVE('',#3184,#3186,#3909,.T.);
#3911 = CARTESIAN_POINT('',(0.00000000,67.76756000,0.00000000));
#3912 = DIRECTION('',(1.00000000,0.00000000,0.00000000));
#3913 = VECTOR('',#3912,7.74676300);
#3914 = LINE('',#3911,#3913);
#3915 = EDGE_CURVE('',#3186,#3188,#3914,.T.);
#3916 = CARTESIAN_POINT('',(7.74676300,67.76756000,0.00000000));
#3917 = DIRECTION('',(0.99619473,-0.08715540,0.00000000));
#3918 = VECTOR('',#3917,0.58443161);
#3919 = LINE('',#3916,#3918);
#3920 = EDGE_CURVE('',#3188,#3190,#3919,.T.);
#3921 = CARTESIAN_POINT('',(8.32897069,67.71662363,0.00000000));
#3922 = DIRECTION('',(0.96592589,-0.25881879,0.00000000));
#3923 = VECTOR('',#3922,0.58443161);
#3924 = LINE('',#3921,#3923);
#3925 = EDGE_CURVE('',#3190,#3192,#3924,.T.);
#3926 = CARTESIAN_POINT('',(8.89348831,67.56536175,0.00000000));
#3927 = DIRECTION('',(0.90630786,-0.42261810,0.00000000));
#3928 = VECTOR('',#3927,0.58443161);
#3929 = LINE('',#3926,#3928);
#3930 = EDGE_CURVE('',#3192,#3194,#3929,.T.);
#3931 = CARTESIAN_POINT('',(9.42316328,67.31837037,0.00000000));
#3932 = DIRECTION('',(0.81915209,-0.57357637,0.00000000));
#3933 = VECTOR('',#3932,0.58443161);
#3934 = LINE('',#3931,#3933);
#3935 = EDGE_CURVE('',#3194,#3196,#3934,.T.);
#3936 = CARTESIAN_POINT('',(9.90190165,66.98315421,0.00000000));
#3937 = DIRECTION('',(0.70710678,-0.70710678,0.00000000));
#3938 = VECTOR('',#3937,0.58443161);
#3939 = LINE('',#3936,#3938);
#3940 = EDGE_CURVE('',#3196,#3198,#3939,.T.);
#3941 = CARTESIAN_POINT('',(10.31515721,66.56989865,0.00000000));
#3942 = DIRECTION('',(0.57357637,-0.81915209,0.00000000));
#3943 = VECTOR('',#3942,0.58443161);
#3944 = LINE('',#3941,#3943);
#3945 = EDGE_CURVE('',#3198,#3200,#3944,.T.);
#3946 = CARTESIAN_POINT('',(10.65037337,66.09116028,0.00000000));
#3947 = DIRECTION('',(0.42261810,-0.90630786,0.00000000));
#3948 = VECTOR('',#3947,0.58443161);
#3949 = LINE('',#3946,#3948);
#3950 = EDGE_CURVE('',#3200,#3202,#3949,.T.);
#3951 = CARTESIAN_POINT('',(10.89736475,65.56148531,0.00000000));
#3952 = DIRECTION('',(0.25881879,-0.96592589,0.00000000));
#3953 = VECTOR('',#3952,0.58443161);
#3954 = LINE('',#3951,#3953);
#3955 = EDGE_CURVE('',#3202,#3204,#3954,.T.);
#3956 = CARTESIAN_POINT('',(11.04862663,64.99696769,0.00000000));
#3957 = DIRECTION('',(0.08715540,-0.99619473,0.00000000));
#3958 = VECTOR('',#3957,0.58443161);
#3959 = LINE('',#3956,#3958);
#3960 = EDGE_CURVE('',#3204,#3206,#3959,.T.);
#3961 = CARTESIAN_POINT('',(11.09956300,64.41476000,0.00000000));
#3962 = DIRECTION('',(0.08715262,-0.99619497,0.00000000));
#3963 = VECTOR('',#3962,0.05755771);
#3964 = LINE('',#3961,#3963);
#3965 = EDGE_CURVE('',#3206,#3208,#3964,.T.);
#3966 = CARTESIAN_POINT('',(11.10457931,64.35742130,0.00000000));
#3967 = DIRECTION('',(0.25881678,-0.96592643,0.00000000));
#3968 = VECTOR('',#3967,0.05755771);
#3969 = LINE('',#3966,#3968);
#3970 = EDGE_CURVE('',#3208,#3210,#3969,.T.);
#3971 = CARTESIAN_POINT('',(11.11947621,64.30182479,0.00000000));
#3972 = DIRECTION('',(0.42261684,-0.90630845,0.00000000));
#3973 = VECTOR('',#3972,0.05755771);
#3974 = LINE('',#3971,#3973);
#3975 = EDGE_CURVE('',#3210,#3212,#3974,.T.);
#3976 = CARTESIAN_POINT('',(11.14380106,64.24965975,0.00000000));
#3977 = DIRECTION('',(0.57357579,-0.81915249,0.00000000));
#3978 = VECTOR('',#3977,0.05755771);
#3979 = LINE('',#3976,#3978);
#3980 = EDGE_CURVE('',#3212,#3214,#3979,.T.);
#3981 = CARTESIAN_POINT('',(11.17681477,64.20251121,0.00000000));
#3982 = DIRECTION('',(0.70710678,-0.70710678,0.00000000));
#3983 = VECTOR('',#3982,0.05755771);
#3984 = LINE('',#3981,#3983);
#3985 = EDGE_CURVE('',#3214,#3216,#3984,.T.);
#3986 = CARTESIAN_POINT('',(11.21751421,64.16181177,0.00000000));
#3987 = DIRECTION('',(0.81915249,-0.57357579,0.00000000));
#3988 = VECTOR('',#3987,0.05755771);
#3989 = LINE('',#3986,#3988);
#3990 = EDGE_CURVE('',#3216,#3218,#3989,.T.);
#3991 = CARTESIAN_POINT('',(11.26466275,64.12879806,0.00000000));
#3992 = DIRECTION('',(0.90630845,-0.42261684,0.00000000));
#3993 = VECTOR('',#3992,0.05755771);
#3994 = LINE('',#3991,#3993);
#3995 = EDGE_CURVE('',#3218,#3220,#3994,.T.);
#3996 = CARTESIAN_POINT('',(11.31682779,64.10447321,0.00000000));
#3997 = DIRECTION('',(0.96592643,-0.25881678,0.00000000));
#3998 = VECTOR('',#3997,0.05755771);
#3999 = LINE('',#3996,#3998);
#4000 = EDGE_CURVE('',#3220,#3222,#3999,.T.);
#4001 = CARTESIAN_POINT('',(11.37242430,64.08957631,0.00000000));
#4002 = DIRECTION('',(0.99619497,-0.08715262,0.00000000));
#4003 = VECTOR('',#4002,0.05755771);
#4004 = LINE('',#4001,#4003);
#4005 = EDGE_CURVE('',#3222,#3224,#4004,.T.);
#4006 = CARTESIAN_POINT('',(11.42976300,64.08456000,0.00000000));
#4007 = DIRECTION('',(1.00000000,0.00000000,0.00000000));
#4008 = VECTOR('',#4007,49.88560000);
#4009 = LINE('',#4006,#4008);
#4010 = EDGE_CURVE('',#3224,#3226,#4009,.T.);
#4011 = CARTESIAN_POINT('',(61.31536300,64.08456000,0.00000000));
#4012 = DIRECTION('',(0.99619492,0.08715323,0.00000000));
#4013 = VECTOR('',#4012,0.06641273);
#4014 = LINE('',#4011,#4013);
#4015 = EDGE_CURVE('',#3226,#3228,#4014,.T.);
#4016 = CARTESIAN_POINT('',(61.38152302,64.09034808,0.00000000));
#4017 = DIRECTION('',(0.96592632,0.25881722,0.00000000));
#4018 = VECTOR('',#4017,0.06641273);
#4019 = LINE('',#4016,#4018);
#4020 = EDGE_CURVE('',#3228,#3230,#4019,.T.);
#4021 = CARTESIAN_POINT('',(61.44567282,64.10753684,0.00000000));
#4022 = DIRECTION('',(0.90630832,0.42261712,0.00000000));
#4023 = VECTOR('',#4022,0.06641273);
#4024 = LINE('',#4021,#4023);
#4025 = EDGE_CURVE('',#3230,#3232,#4024,.T.);
#4026 = CARTESIAN_POINT('',(61.50586323,64.13560400,0.00000000));
#4027 = DIRECTION('',(0.81915241,0.57357592,0.00000000));
#4028 = VECTOR('',#4027,0.06641273);
#4029 = LINE('',#4026,#4028);
#4030 = EDGE_CURVE('',#3232,#3234,#4029,.T.);
#4031 = CARTESIAN_POINT('',(61.56026537,64.17369674,0.00000000));
#4032 = DIRECTION('',(0.70710678,0.70710678,0.00000000));
#4033 = VECTOR('',#4032,0.06641273);
#4034 = LINE('',#4031,#4033);
#4035 = EDGE_CURVE('',#3234,#3236,#4034,.T.);
#4036 = CARTESIAN_POINT('',(61.60722626,64.22065763,0.00000000));
#4037 = DIRECTION('',(0.57357592,0.81915241,0.00000000));
#4038 = VECTOR('',#4037,0.06641273);
#4039 = LINE('',#4036,#4038);
#4040 = EDGE_CURVE('',#3236,#3238,#4039,.T.);
#4041 = CARTESIAN_POINT('',(61.64531900,64.27505977,0.00000000));
#4042 = DIRECTION('',(0.42261712,0.90630832,0.00000000));
#4043 = VECTOR('',#4042,0.06641273);
#4044 = LINE('',#4041,#4043);
#4045 = EDGE_CURVE('',#3238,#3240,#4044,.T.);
#4046 = CARTESIAN_POINT('',(61.67338616,64.33525018,0.00000000));
#4047 = DIRECTION('',(0.25881722,0.96592632,0.00000000));
#4048 = VECTOR('',#4047,0.06641273);
#4049 = LINE('',#4046,#4048);
#4050 = EDGE_CURVE('',#3240,#3242,#4049,.T.);
#4051 = CARTESIAN_POINT('',(61.69057492,64.39939998,0.00000000));
#4052 = DIRECTION('',(0.08715323,0.99619492,0.00000000));
#4053 = VECTOR('',#4052,0.06641273);
#4054 = LINE('',#4051,#4053);
#4055 = EDGE_CURVE('',#3242,#3244,#4054,.T.);
#4056 = CARTESIAN_POINT('',(61.69636300,64.46556000,0.00000000));
#4057 = DIRECTION('',(0.57782378,0.81616155,0.00000000));
#4058 = VECTOR('',#4057,21.84714524);
#4059 = LINE('',#4056,#4058);
#4060 = EDGE_CURVE('',#3244,#3246,#4059,.T.);
#4061 = CARTESIAN_POINT('',(74.32016300,82.29636000,0.00000000));
#4062 = DIRECTION('',(0.99617252,0.08740890,0.00000000));
#4063 = VECTOR('',#4062,35.16117881);
#4064 = LINE('',#4061,#4063);
#4065 = EDGE_CURVE('',#3246,#3248,#4064,.T.);
#4066 = CARTESIAN_POINT('',(109.34676300,85.36976000,0.00000000));
#4067 = DIRECTION('',(0.99629419,0.08601101,0.00000000));
#4068 = VECTOR('',#4067,7.08746482);
#4069 = LINE('',#4066,#4068);
#4070 = EDGE_CURVE('',#3248,#3250,#4069,.T.);
#4071 = CARTESIAN_POINT('',(116.40796300,85.97936000,0.00000000));
#4072 = DIRECTION('',(0.99946542,0.03269354,0.00000000));
#4073 = VECTOR('',#4072,0.00663675);
#4074 = LINE('',#4071,#4073);
#4075 = EDGE_CURVE('',#3250,#3252,#4074,.T.);
#4076 = CARTESIAN_POINT('',(116.41459621,85.97957698,0.00000000));
#4077 = DIRECTION('',(0.99519934,0.09786863,0.00000000));
#4078 = VECTOR('',#4077,0.00663675);
#4079 = LINE('',#4076,#4078);
#4080 = EDGE_CURVE('',#3252,#3254,#4079,.T.);
#4081 = CARTESIAN_POINT('',(116.42120110,85.98022651,0.00000000));
#4082 = DIRECTION('',(0.98668775,0.16262622,0.00000000));
#4083 = VECTOR('',#4082,0.00663675);
#4084 = LINE('',#4081,#4083);
#4085 = EDGE_CURVE('',#3254,#3256,#4084,.T.);
#4086 = CARTESIAN_POINT('',(116.42774950,85.98130582,0.00000000));
#4087 = DIRECTION('',(0.97396695,0.22669004,0.00000000));
#4088 = VECTOR('',#4087,0.00663675);
#4089 = LINE('',#4086,#4088);
#4090 = EDGE_CURVE('',#3256,#3258,#4089,.T.);
#4091 = CARTESIAN_POINT('',(116.43421348,85.98281031,0.00000000));
#4092 = DIRECTION('',(0.95709122,0.28978680,0.00000000));
#4093 = VECTOR('',#4092,0.00663675);
#4094 = LINE('',#4091,#4093);
#4095 = EDGE_CURVE('',#3258,#3260,#4094,.T.);
#4096 = CARTESIAN_POINT('',(116.44056546,85.98473355,0.00000000));
#4097 = DIRECTION('',(0.93613255,0.35164734,0.00000000));
#4098 = VECTOR('',#4097,0.00663675);
#4099 = LINE('',#4096,#4098);
#4100 = EDGE_CURVE('',#3260,#3262,#4099,.T.);
#4101 = CARTESIAN_POINT('',(116.44677834,85.98706735,0.00000000));
#4102 = DIRECTION('',(0.91118034,0.41200775,0.00000000));
#4103 = VECTOR('',#4102,0.00663675);
#4104 = LINE('',#4101,#4103);
#4105 = EDGE_CURVE('',#3262,#3264,#4104,.T.);
#4106 = CARTESIAN_POINT('',(116.45282562,85.98980174,0.00000000));
#4107 = DIRECTION('',(0.88234104,0.47061054,0.00000000));
#4108 = VECTOR('',#4107,0.00663675);
#4109 = LINE('',#4106,#4108);
#4110 = EDGE_CURVE('',#3264,#3266,#4109,.T.);
#4111 = CARTESIAN_POINT('',(116.45868150,85.99292507,0.00000000));
#4112 = DIRECTION('',(0.84965391,0.52734072,0.00000000));
#4113 = VECTOR('',#4112,0.00663505);
#4114 = LINE('',#4111,#4113);
#4115 = EDGE_CURVE('',#3266,#3268,#4114,.T.);
#4116 = CARTESIAN_POINT('',(116.46431900,85.99642400,0.00000000));
#4117 = DIRECTION('',(0.87753529,0.47951205,0.00000000));
#4118 = VECTOR('',#4117,18.66300322);
#4119 = LINE('',#4116,#4118);
#4120 = EDGE_CURVE('',#3268,#3270,#4119,.T.);
#4121 = CARTESIAN_POINT('',(132.84176300,94.94555900,0.00000000));
#4122 = DIRECTION('',(0.99810959,-0.06145938,0.00000000));
#4123 = VECTOR('',#4122,0.00936783);
#4124 = LINE('',#4121,#4123);
#4125 = EDGE_CURVE('',#3270,#3272,#4124,.T.);
#4126 = CARTESIAN_POINT('',(132.85111312,94.94498326,0.00000000));
#4127 = DIRECTION('',(0.98302470,-0.18347328,0.00000000));
#4128 = VECTOR('',#4127,0.00936783);
#4129 = LINE('',#4126,#4128);
#4130 = EDGE_CURVE('',#3272,#3274,#4129,.T.);
#4131 = CARTESIAN_POINT('',(132.86032192,94.94326451,0.00000000));
#4132 = DIRECTION('',(0.95308145,-0.30271399,0.00000000));
#4133 = VECTOR('',#4132,0.00936783);
#4134 = LINE('',#4131,#4133);
#4135 = EDGE_CURVE('',#3274,#3276,#4134,.T.);
#4136 = CARTESIAN_POINT('',(132.86925022,94.94042874,0.00000000));
#4137 = DIRECTION('',(0.90873242,-0.41737919,0.00000000));
#4138 = VECTOR('',#4137,0.00936783);
#4139 = LINE('',#4136,#4138);
#4140 = EDGE_CURVE('',#3276,#3278,#4139,.T.);
#4141 = CARTESIAN_POINT('',(132.87776307,94.93651881,0.00000000));
#4142 = DIRECTION('',(0.85064795,-0.52573573,0.00000000));
#4143 = VECTOR('',#4142,0.00936783);
#4144 = LINE('',#4141,#4143);
#4145 = EDGE_CURVE('',#3278,#3280,#4144,.T.);
#4146 = CARTESIAN_POINT('',(132.88573179,94.93159381,0.00000000));
#4147 = DIRECTION('',(0.77970599,-0.62614581,0.00000000));
#4148 = VECTOR('',#4147,0.00936783);
#4149 = LINE('',#4146,#4148);
#4150 = EDGE_CURVE('',#3280,#3282,#4149,.T.);
#4151 = CARTESIAN_POINT('',(132.89303594,94.92572818,0.00000000));
#4152 = DIRECTION('',(0.69697881,-0.71709172,0.00000000));
#4153 = VECTOR('',#4152,0.00936783);
#4154 = LINE('',#4151,#4153);
#4155 = EDGE_CURVE('',#3282,#3284,#4154,.T.);
#4156 = CARTESIAN_POINT('',(132.89956512,94.91901059,0.00000000));
#4157 = DIRECTION('',(0.60371684,-0.79719883,0.00000000));
#4158 = VECTOR('',#4157,0.00936783);
#4159 = LINE('',#4156,#4158);
#4160 = EDGE_CURVE('',#3284,#3286,#4159,.T.);
#4161 = CARTESIAN_POINT('',(132.90522063,94.91154257,0.00000000));
#4162 = DIRECTION('',(0.50137602,-0.86522950,0.00000000));
#4163 = VECTOR('',#4162,0.00936696);
#4164 = LINE('',#4161,#4163);
#4165 = EDGE_CURVE('',#3286,#3288,#4164,.T.);
#4166 = CARTESIAN_POINT('',(132.90991700,94.90343800,0.00000000));
#4167 = DIRECTION('',(0.47603855,-0.87942441,0.00000000));
#4168 = VECTOR('',#4167,39.60781331);
#4169 = LINE('',#4166,#4168);
#4170 = EDGE_CURVE('',#3288,#3290,#4169,.T.);
#4171 = CARTESIAN_POINT('',(151.76476300,60.07136000,0.00000000));
#4172 = DIRECTION('',(-0.00241545,-0.99999708,0.00000000));
#4173 = VECTOR('',#4172,5.25781534);
#4174 = LINE('',#4171,#4173);
#4175 = EDGE_CURVE('',#3290,#2938,#4174,.T.);
#4176 = ORIENTED_EDGE('',*,*,#3295,.F.);
#4177 = ORIENTED_EDGE('',*,*,#3300,.F.);
#4178 = ORIENTED_EDGE('',*,*,#3305,.F.);
#4179 = ORIENTED_EDGE('',*,*,#3310,.F.);
#4180 = ORIENTED_EDGE('',*,*,#3315,.F.);
#4181 = ORIENTED_EDGE('',*,*,#3320,.F.);
#4182 = ORIENTED_EDGE('',*,*,#3325,.F.);
#4183 = ORIENTED_EDGE('',*,*,#3330,.F.);
#4184 = ORIENTED_EDGE('',*,*,#3335,.F.);
#4185 = ORIENTED_EDGE('',*,*,#3340,.F.);
#4186 = ORIENTED_EDGE('',*,*,#3345,.F.);
#4187 = ORIENTED_EDGE('',*,*,#3350,.F.);
#4188 = ORIENTED_EDGE('',*,*,#3355,.F.);
#4189 = ORIENTED_EDGE('',*,*,#3360,.F.);
#4190 = ORIENTED_EDGE('',*,*,#3365,.F.);
#4191 = ORIENTED_EDGE('',*,*,#3370,.F.);
#4192 = ORIENTED_EDGE('',*,*,#3375,.F.);
#4193 = ORIENTED_EDGE('',*,*,#3380,.F.);
#4194 = ORIENTED_EDGE('',*,*,#3385,.F.);
#4195 = ORIENTED_EDGE('',*,*,#3390,.F.);
#4196 = ORIENTED_EDGE('',*,*,#3395,.F.);
#4197 = ORIENTED_EDGE('',*,*,#3400,.F.);
#4198 = ORIENTED_EDGE('',*,*,#3405,.F.);
#4199 = ORIENTED_EDGE('',*,*,#3410,.F.);
#4200 = ORIENTED_EDGE('',*,*,#3415,.F.);
#4201 = ORIENTED_EDGE('',*,*,#3420,.F.);
#4202 = ORIENTED_EDGE('',*,*,#3425,.F.);
#4203 = ORIENTED_EDGE('',*,*,#3430,.F.);
#4204 = ORIENTED_EDGE('',*,*,#3435,.F.);
#4205 = ORIENTED_EDGE('',*,*,#3440,.F.);
#4206 = ORIENTED_EDGE('',*,*,#3445,.F.);
#4207 = ORIENTED_EDGE('',*,*,#3450,.F.);
#4208 = ORIENTED_EDGE('',*,*,#3455,.F.);
#4209 = ORIENTED_EDGE('',*,*,#3460,.F.);
#4210 = ORIENTED_EDGE('',*,*,#3465,.F.);
#4211 = ORIENTED_EDGE('',*,*,#3470,.F.);
#4212 = ORIENTED_EDGE('',*,*,#3475,.F.);
#4213 = ORIENTED_EDGE('',*,*,#3480,.F.);
#4214 = ORIENTED_EDGE('',*,*,#3485,.F.);
#4215 = ORIENTED_EDGE('',*,*,#3490,.F.);
#4216 = ORIENTED_EDGE('',*,*,#3495,.F.);
#4217 = ORIENTED_EDGE('',*,*,#3500,.F.);
#4218 = ORIENTED_EDGE('',*,*,#3505,.F.);
#4219 = ORIENTED_EDGE('',*,*,#3510,.F.);
#4220 = ORIENTED_EDGE('',*,*,#3515,.F.);
#4221 = ORIENTED_EDGE('',*,*,#3520,.F.);
#4222 = ORIENTED_EDGE('',*,*,#3525,.F.);
#4223 = ORIENTED_EDGE('',*,*,#3530,.F.);
#4224 = ORIENTED_EDGE('',*,*,#3535,.F.);
#4225 = ORIENTED_EDGE('',*,*,#3540,.F.);
#4226 = ORIENTED_EDGE('',*,*,#3545,.F.);
#4227 = ORIENTED_EDGE('',*,*,#3550,.F.);
#4228 = ORIENTED_EDGE('',*,*,#3555,.F.);
#4229 = ORIENTED_EDGE('',*,*,#3560,.F.);
#4230 = ORIENTED_EDGE('',*,*,#3565,.F.);
#4231 = ORIENTED_EDGE('',*,*,#3570,.F.);
#4232 = ORIENTED_EDGE('',*,*,#3575,.F.);
#4233 = ORIENTED_EDGE('',*,*,#3580,.F.);
#4234 = ORIENTED_EDGE('',*,*,#3585,.F.);
#4235 = ORIENTED_EDGE('',*,*,#3590,.F.);
#4236 = ORIENTED_EDGE('',*,*,#3595,.F.);
#4237 = ORIENTED_EDGE('',*,*,#3600,.F.);
#4238 = ORIENTED_EDGE('',*,*,#3605,.F.);
#4239 = ORIENTED_EDGE('',*,*,#3610,.F.);
#4240 = ORIENTED_EDGE('',*,*,#3615,.F.);
#4241 = ORIENTED_EDGE('',*,*,#3620,.F.);
#4242 = ORIENTED_EDGE('',*,*,#3625,.F.);
#4243 = ORIENTED_EDGE('',*,*,#3630,.F.);
#4244 = ORIENTED_EDGE('',*,*,#3635,.F.);
#4245 = ORIENTED_EDGE('',*,*,#3640,.F.);
#4246 = ORIENTED_EDGE('',*,*,#3645,.F.);
#4247 = ORIENTED_EDGE('',*,*,#3650,.F.);
#4248 = ORIENTED_EDGE('',*,*,#3655,.F.);
#4249 = ORIENTED_EDGE('',*,*,#3660,.F.);
#4250 = ORIENTED_EDGE('',*,*,#3665,.F.);
#4251 = ORIENTED_EDGE('',*,*,#3670,.F.);
#4252 = ORIENTED_EDGE('',*,*,#3675,.F.);
#4253 = ORIENTED_EDGE('',*,*,#3680,.F.);
#4254 = ORIENTED_EDGE('',*,*,#3685,.F.);
#4255 = ORIENTED_EDGE('',*,*,#3690,.F.);
#4256 = ORIENTED_EDGE('',*,*,#3695,.F.);
#4257 = ORIENTED_EDGE('',*,*,#3700,.F.);
#4258 = ORIENTED_EDGE('',*,*,#3705,.F.);
#4259 = ORIENTED_EDGE('',*,*,#3710,.F.);
#4260 = ORIENTED_EDGE('',*,*,#3715,.F.);
#4261 = ORIENTED_EDGE('',*,*,#3720,.F.);
#4262 = ORIENTED_EDGE('',*,*,#3725,.F.);
#4263 = ORIENTED_EDGE('',*,*,#3730,.F.);
#4264 = ORIENTED_EDGE('',*,*,#3735,.F.);
#4265 = ORIENTED_EDGE('',*,*,#3740,.F.);
#4266 = ORIENTED_EDGE('',*,*,#3745,.F.);
#4267 = ORIENTED_EDGE('',*,*,#3750,.F.);
#4268 = ORIENTED_EDGE('',*,*,#3755,.F.);
#4269 = ORIENTED_EDGE('',*,*,#3760,.F.);
#4270 = ORIENTED_EDGE('',*,*,#3765,.F.);
#4271 = ORIENTED_EDGE('',*,*,#3770,.F.);
#4272 = ORIENTED_EDGE('',*,*,#3775,.F.);
#4273 = ORIENTED_EDGE('',*,*,#3780,.F.);
#4274 = ORIENTED_EDGE('',*,*,#3785,.F.);
#4275 = ORIENTED_EDGE('',*,*,#3790,.F.);
#4276 = ORIENTED_EDGE('',*,*,#3795,.F.);
#4277 = ORIENTED_EDGE('',*,*,#3800,.F.);
#4278 = ORIENTED_EDGE('',*,*,#3805,.F.);
#4279 = ORIENTED_EDGE('',*,*,#3810,.F.);
#4280 = ORIENTED_EDGE('',*,*,#3815,.F.);
#4281 = ORIENTED_EDGE('',*,*,#3820,.F.);
#4282 = ORIENTED_EDGE('',*,*,#3825,.F.);
#4283 = ORIENTED_EDGE('',*,*,#3830,.F.);
#4284 = ORIENTED_EDGE('',*,*,#3835,.F.);
#4285 = ORIENTED_EDGE('',*,*,#3840,.F.);
#4286 = ORIENTED_EDGE('',*,*,#3845,.F.);
#4287 = ORIENTED_EDGE('',*,*,#3850,.F.);
#4288 = ORIENTED_EDGE('',*,*,#3855,.F.);
#4289 = ORIENTED_EDGE('',*,*,#3860,.F.);
#4290 = ORIENTED_EDGE('',*,*,#3865,.F.);
#4291 = ORIENTED_EDGE('',*,*,#3870,.F.);
#4292 = ORIENTED_EDGE('',*,*,#3875,.F.);
#4293 = ORIENTED_EDGE('',*,*,#3880,.F.);
#4294 = ORIENTED_EDGE('',*,*,#3885,.F.);
#4295 = ORIENTED_EDGE('',*,*,#3890,.F.);
#4296 = ORIENTED_EDGE('',*,*,#3895,.F.);
#4297 = ORIENTED_EDGE('',*,*,#3900,.F.);
#4298 = ORIENTED_EDGE('',*,*,#3905,.F.);
#4299 = ORIENTED_EDGE('',*,*,#3910,.F.);
#4300 = ORIENTED_EDGE('',*,*,#3915,.F.);
#4301 = ORIENTED_EDGE('',*,*,#3920,.F.);
#4302 = ORIENTED_EDGE('',*,*,#3925,.F.);
#4303 = ORIENTED_EDGE('',*,*,#3930,.F.);
#4304 = ORIENTED_EDGE('',*,*,#3935,.F.);
#4305 = ORIENTED_EDGE('',*,*,#3940,.F.);
#4306 = ORIENTED_EDGE('',*,*,#3945,.F.);
#4307 = ORIENTED_EDGE('',*,*,#3950,.F.);
#4308 = ORIENTED_EDGE('',*,*,#3955,.F.);
#4309 = ORIENTED_EDGE('',*,*,#3960,.F.);
#4310 = ORIENTED_EDGE('',*,*,#3965,.F.);
#4311 = ORIENTED_EDGE('',*,*,#3970,.F.);
#4312 = ORIENTED_EDGE('',*,*,#3975,.F.);
#4313 = ORIENTED_EDGE('',*,*,#3980,.F.);
#4314 = ORIENTED_EDGE('',*,*,#3985,.F.);
#4315 = ORIENTED_EDGE('',*,*,#3990,.F.);
#4316 = ORIENTED_EDGE('',*,*,#3995,.F.);
#4317 = ORIENTED_EDGE('',*,*,#4000,.F.);
#4318 = ORIENTED_EDGE('',*,*,#4005,.F.);
#4319 = ORIENTED_EDGE('',*,*,#4010,.F.);
#4320 = ORIENTED_EDGE('',*,*,#4015,.F.);
#4321 = ORIENTED_EDGE('',*,*,#4020,.F.);
#4322 = ORIENTED_EDGE('',*,*,#4025,.F.);
#4323 = ORIENTED_EDGE('',*,*,#4030,.F.);
#4324 = ORIENTED_EDGE('',*,*,#4035,.F.);
#4325 = ORIENTED_EDGE('',*,*,#4040,.F.);
#4326 = ORIENTED_EDGE('',*,*,#4045,.F.);
#4327 = ORIENTED_EDGE('',*,*,#4050,.F.);
#4328 = ORIENTED_EDGE('',*,*,#4055,.F.);
#4329 = ORIENTED_EDGE('',*,*,#4060,.F.);
#4330 = ORIENTED_EDGE('',*,*,#4065,.F.);
#4331 = ORIENTED_EDGE('',*,*,#4070,.F.);
#4332 = ORIENTED_EDGE('',*,*,#4075,.F.);
#4333 = ORIENTED_EDGE('',*,*,#4080,.F.);
#4334 = ORIENTED_EDGE('',*,*,#4085,.F.);
#4335 = ORIENTED_EDGE('',*,*,#4090,.F.);
#4336 = ORIENTED_EDGE('',*,*,#4095,.F.);
#4337 = ORIENTED_EDGE('',*,*,#4100,.F.);
#4338 = ORIENTED_EDGE('',*,*,#4105,.F.);
#4339 = ORIENTED_EDGE('',*,*,#4110,.F.);
#4340 = ORIENTED_EDGE('',*,*,#4115,.F.);
#4341 = ORIENTED_EDGE('',*,*,#4120,.F.);
#4342 = ORIENTED_EDGE('',*,*,#4125,.F.);
#4343 = ORIENTED_EDGE('',*,*,#4130,.F.);
#4344 = ORIENTED_EDGE('',*,*,#4135,.F.);
#4345 = ORIENTED_EDGE('',*,*,#4140,.F.);
#4346 = ORIENTED_EDGE('',*,*,#4145,.F.);
#4347 = ORIENTED_EDGE('',*,*,#4150,.F.);
#4348 = ORIENTED_EDGE('',*,*,#4155,.F.);
#4349 = ORIENTED_EDGE('',*,*,#4160,.F.);
#4350 = ORIENTED_EDGE('',*,*,#4165,.F.);
#4351 = ORIENTED_EDGE('',*,*,#4170,.F.);
#4352 = ORIENTED_EDGE('',*,*,#4175,.F.);
#4353 = EDGE_LOOP('',(#4176,#4177,#4178,#4179,#4180,#4181,#4182,#4183,#4184,#4185,#4186,#4187,#4188,#4189,#4190,#4191,#4192,#4193,#4194,#4195,#4196,#4197,#4198,#4199,#4200,#4201,#4202,#4203,#4204,#4205,#4206,#4207,#4208,#4209,#4210,#4211,#4212,#4213,#4214,#4215,#4216,#4217,#4218,#4219,#4220,#4221,#4222,#4223,#4224,#4225,#4226,#4227,#4228,#4229,#4230,#4231,#4232,#4233,#4234,#4235,#4236,#4237,#4238,#4239,#4240,#4241,#4242,#4243,#4244,#4245,#4246,#4247,#4248,#4249,#4250,#4251,#4252,#4253,#4254,#4255,#4256,#4257,#4258,#4259,#4260,#4261,#4262,#4263,#4264,#4265,#4266,#4267,#4268,#4269,#4270,#4271,#4272,#4273,#4274,#4275,#4276,#4277,#4278,#4279,#4280,#4281,#4282,#4283,#4284,#4285,#4286,#4287,#4288,#4289,#4290,#4291,#4292,#4293,#4294,#4295,#4296,#4297,#4298,#4299,#4300,#4301,#4302,#4303,#4304,#4305,#4306,#4307,#4308,#4309,#4310,#4311,#4312,#4313,#4314,#4315,#4316,#4317,#4318,#4319,#4320,#4321,#4322,#4323,#4324,#4325,#4326,#4327,#4328,#4329,#4330,#4331,#4332,#4333,#4334,#4335,#4336,#4337,#4338,#4339,#4340,#4341,#4342,#4343,#4344,#4345,#4346,#4347,#4348,#4349,#4350,#4351,#4352));
#4354 = FACE_OUTER_BOUND('',#4353,.T.);
#4355 = FACE_BOUND('',#66,.F.);
#4356 = FACE_BOUND('',#132,.F.);
#4357 = FACE_BOUND('',#198,.F.);
#4358 = FACE_BOUND('',#264,.F.);
#4359 = FACE_BOUND('',#330,.F.);
#4360 = FACE_BOUND('',#396,.F.);
#4361 = FACE_BOUND('',#462,.F.);
#4362 = FACE_BOUND('',#528,.F.);
#4363 = FACE_BOUND('',#594,.F.);
#4364 = FACE_BOUND('',#660,.F.);
#4365 = FACE_BOUND('',#726,.F.);
#4366 = FACE_BOUND('',#792,.F.);
#4367 = FACE_BOUND('',#858,.F.);
#4368 = FACE_BOUND('',#924,.F.);
#4369 = FACE_BOUND('',#990,.F.);
#4370 = FACE_BOUND('',#1056,.F.);
#4371 = FACE_BOUND('',#1122,.F.);
#4372 = FACE_BOUND('',#1188,.F.);
#4373 = FACE_BOUND('',#1254,.F.);
#4374 = FACE_BOUND('',#1320,.F.);
#4375 = FACE_BOUND('',#1386,.F.);
#4376 = FACE_BOUND('',#1406,.F.);
#4377 = FACE_BOUND('',#1426,.F.);
#4378 = FACE_BOUND('',#1446,.F.);
#4379 = FACE_BOUND('',#1466,.F.);
#4380 = FACE_BOUND('',#1486,.F.);
#4381 = CARTESIAN_POINT('',(0.00000000,0.00000000,0.00000000));
#4382 = DIRECTION('',(0.00000000,0.00000000,-1.00000000));
#4383 = DIRECTION('',(1.00000000,0.00000000,0.00000000));
#4384 = AXIS2_PLACEMENT_3D('',#4381,#4382,#4383);
#4385 = PLANE('',#4384);
#4386 = ADVANCED_FACE('',(#4354,#4355,#4356,#4357,#4358,#4359,#4360,#4361,#4362,#4363,#4364,#4365,#4366,#4367,#4368,#4369,#4370,#4371,#4372,#4373,#4374,#4375,#4376,#4377,#4378,#4379,#4380),#4385,.T.);
#4387 = CARTESIAN_POINT('',(151.76476300,60.07136000,0.00000000));
#4388 = VERTEX_POINT('',#4387);
#4389 = CARTESIAN_POINT('',(132.90991700,94.90343800,0.00000000));
#4390 = VERTEX_POINT('',#4389);
#4391 = CARTESIAN_POINT('',(132.90991700,94.90343800,1.50000000));
#4392 = VERTEX_POINT('',#4391);
#4393 = CARTESIAN_POINT('',(151.76476300,60.07136000,1.50000000));
#4394 = VERTEX_POINT('',#4393);
#4395 = CARTESIAN_POINT('',(151.76476300,60.07136000,0.00000000));
#4396 = DIRECTION('',(-0.47603855,0.87942441,0.00000000));
#4397 = VECTOR('',#4396,39.60781331);
#4398 = LINE('',#4395,#4397);
#4399 = EDGE_CURVE('',#4388,#4390,#4398,.T.);
#4400 = CARTESIAN_POINT('',(132.90991700,94.90343800,0.00000000));
#4401 = DIRECTION('',(0.00000000,0.00000000,1.00000000));
#4402 = VECTOR('',#4401,1.50000000);
#4403 = LINE('',#4400,#4402);
#4404 = EDGE_CURVE('',#4390,#4392,#4403,.T.);
#4405 = CARTESIAN_POINT('',(132.90991700,94.90343800,1.50000000));
#4406 = DIRECTION('',(0.47603855,-0.87942441,0.00000000));
#4407 = VECTOR('',#4406,39.60781331);
#4408 = LINE('',#4405,#4407);
#4409 = EDGE_CURVE('',#4392,#4394,#4408,.T.);
#4410 = CARTESIAN_POINT('',(151.76476300,60.07136000,1.50000000));
#4411 = DIRECTION('',(0.00000000,0.00000000,-1.00000000));
#4412 = VECTOR('',#4411,1.50000000);
#4413 = LINE('',#4410,#4412);
#4414 = EDGE_CURVE('',#4394,#4388,#4413,.T.);
#4415 = ORIENTED_EDGE('',*,*,#4399,.T.);
#4416 = ORIENTED_EDGE('',*,*,#4404,.T.);
#4417 = ORIENTED_EDGE('',*,*,#4409,.T.);
#4418 = ORIENTED_EDGE('',*,*,#4414,.T.);
#4419 = EDGE_LOOP('',(#4415,#4416,#4417,#4418));
#4420 = FACE_OUTER_BOUND('',#4419,.T.);
#4421 = CARTESIAN_POINT('',(151.76476300,60.07136000,0.00000000));
#4422 = DIRECTION('',(0.87942441,0.47603855,0.00000000));
#4423 = DIRECTION('',(-0.47603855,0.87942441,0.00000000));
#4424 = AXIS2_PLACEMENT_3D('',#4421,#4422,#4423);
#4425 = PLANE('',#4424);
#4426 = ADVANCED_FACE('',(#4420),#4425,.T.);
#4427 = CARTESIAN_POINT('',(132.90991700,94.90343800,0.00000000));
#4428 = VERTEX_POINT('',#4427);
#4429 = CARTESIAN_POINT('',(132.90522063,94.91154257,0.00000000));
#4430 = VERTEX_POINT('',#4429);
#4431 = CARTESIAN_POINT('',(132.90522063,94.91154257,1.50000000));
#4432 = VERTEX_POINT('',#4431);
#4433 = CARTESIAN_POINT('',(132.90991700,94.90343800,1.50000000));
#4434 = VERTEX_POINT('',#4433);
#4435 = CARTESIAN_POINT('',(132.90991700,94.90343800,0.00000000));
#4436 = DIRECTION('',(-0.50137602,0.86522950,0.00000000));
#4437 = VECTOR('',#4436,0.00936696);
#4438 = LINE('',#4435,#4437);
#4439 = EDGE_CURVE('',#4428,#4430,#4438,.T.);
#4440 = CARTESIAN_POINT('',(132.90522063,94.91154257,0.00000000));
#4441 = DIRECTION('',(0.00000000,0.00000000,1.00000000));
#4442 = VECTOR('',#4441,1.50000000);
#4443 = LINE('',#4440,#4442);
#4444 = EDGE_CURVE('',#4430,#4432,#4443,.T.);
#4445 = CARTESIAN_POINT('',(132.90522063,94.91154257,1.50000000));
#4446 = DIRECTION('',(0.50137602,-0.86522950,0.00000000));
#4447 = VECTOR('',#4446,0.00936696);
#4448 = LINE('',#4445,#4447);
#4449 = EDGE_CURVE('',#4432,#4434,#4448,.T.);
#4450 = CARTESIAN_POINT('',(132.90991700,94.90343800,1.50000000));
#4451 = DIRECTION('',(0.00000000,0.00000000,-1.00000000));
#4452 = VECTOR('',#4451,1.50000000);
#4453 = LINE('',#4450,#4452);
#4454 = EDGE_CURVE('',#4434,#4428,#4453,.T.);
#4455 = ORIENTED_EDGE('',*,*,#4439,.T.);
#4456 = ORIENTED_EDGE('',*,*,#4444,.T.);
#4457 = ORIENTED_EDGE('',*,*,#4449,.T.);
#4458 = ORIENTED_EDGE('',*,*,#4454,.T.);
#4459 = EDGE_LOOP('',(#4455,#4456,#4457,#4458));
#4460 = FACE_OUTER_BOUND('',#4459,.T.);
#4461 = CARTESIAN_POINT('',(132.90991700,94.90343800,0.00000000));
#4462 = DIRECTION('',(0.86522950,0.50137602,0.00000000));
#4463 = DIRECTION('',(-0.50137602,0.86522950,0.00000000));
#4464 = AXIS2_PLACEMENT_3D('',#4461,#4462,#4463);
#4465 = PLANE('',#4464);
#4466 = ADVANCED_FACE('',(#4460),#4465,.T.);
#4467 = CARTESIAN_POINT('',(132.90522063,94.91154257,0.00000000));
#4468 = VERTEX_POINT('',#4467);
#4469 = CARTESIAN_POINT('',(132.89956512,94.91901059,0.00000000));
#4470 = VERTEX_POINT('',#4469);
#4471 = CARTESIAN_POINT('',(132.89956512,94.91901059,1.50000000));
#4472 = VERTEX_POINT('',#4471);
#4473 = CARTESIAN_POINT('',(132.90522063,94.91154257,1.50000000));
#4474 = VERTEX_POINT('',#4473);
#4475 = CARTESIAN_POINT('',(132.90522063,94.91154257,0.00000000));
#4476 = DIRECTION('',(-0.60371684,0.79719883,0.00000000));
#4477 = VECTOR('',#4476,0.00936783);
#4478 = LINE('',#4475,#4477);
#4479 = EDGE_CURVE('',#4468,#4470,#4478,.T.);
#4480 = CARTESIAN_POINT('',(132.89956512,94.91901059,0.00000000));
#4481 = DIRECTION('',(0.00000000,0.00000000,1.00000000));
#4482 = VECTOR('',#4481,1.50000000);
#4483 = LINE('',#4480,#4482);
#4484 = EDGE_CURVE('',#4470,#4472,#4483,.T.);
#4485 = CARTESIAN_POINT('',(132.89956512,94.91901059,1.50000000));
#4486 = DIRECTION('',(0.60371684,-0.79719883,0.00000000));
#4487 = VECTOR('',#4486,0.00936783);
#4488 = LINE('',#4485,#4487);
#4489 = EDGE_CURVE('',#4472,#4474,#4488,.T.);
#4490 = CARTESIAN_POINT('',(132.90522063,94.91154257,1.50000000));
#4491 = DIRECTION('',(0.00000000,0.00000000,-1.00000000));
#4492 = VECTOR('',#4491,1.50000000);
#4493 = LINE('',#4490,#4492);
#4494 = EDGE_CURVE('',#4474,#4468,#4493,.T.);
#4495 = ORIENTED_EDGE('',*,*,#4479,.T.);
#4496 = ORIENTED_EDGE('',*,*,#4484,.T.);
#4497 = ORIENTED_EDGE('',*,*,#4489,.T.);
#4498 = ORIENTED_EDGE('',*,*,#4494,.T.);
#4499 = EDGE_LOOP('',(#4495,#4496,#4497,#4498));
#4500 = FACE_OUTER_BOUND('',#4499,.T.);
#4501 = CARTESIAN_POINT('',(132.90522063,94.91154257,0.00000000));
#4502 = DIRECTION('',(0.79719883,0.60371684,0.00000000));
#4503 = DIRECTION('',(-0.60371684,0.79719883,0.00000000));
#4504 = AXIS2_PLACEMENT_3D('',#4501,#4502,#4503);
#4505 = PLANE('',#4504);
#4506 = ADVANCED_FACE('',(#4500),#4505,.T.);
#4507 = CARTESIAN_POINT('',(132.89956512,94.91901059,0.00000000));
#4508 = VERTEX_POINT('',#4507);
#4509 = CARTESIAN_POINT('',(132.89303594,94.92572818,0.00000000));
#4510 = VERTEX_POINT('',#4509);
#4511 = CARTESIAN_POINT('',(132.89303594,94.92572818,1.50000000));
#4512 = VERTEX_POINT('',#4511);
#4513 = CARTESIAN_POINT('',(132.89956512,94.91901059,1.50000000));
#4514 = VERTEX_POINT('',#4513);
#4515 = CARTESIAN_POINT('',(132.89956512,94.91901059,0.00000000));
#4516 = DIRECTION('',(-0.69697881,0.71709172,0.00000000));
#4517 = VECTOR('',#4516,0.00936783);
#4518 = LINE('',#4515,#4517);
#4519 = EDGE_CURVE('',#4508,#4510,#4518,.T.);
#4520 = CARTESIAN_POINT('',(132.89303594,94.92572818,0.00000000));
#4521 = DIRECTION('',(0.00000000,0.00000000,1.00000000));
#4522 = VECTOR('',#4521,1.50000000);
#4523 = LINE('',#4520,#4522);
#4524 = EDGE_CURVE('',#4510,#4512,#4523,.T.);
#4525 = CARTESIAN_POINT('',(132.89303594,94.92572818,1.50000000));
#4526 = DIRECTION('',(0.69697881,-0.71709172,0.00000000));
#4527 = VECTOR('',#4526,0.00936783);
#4528 = LINE('',#4525,#4527);
#4529 = EDGE_CURVE('',#4512,#4514,#4528,.T.);
#4530 = CARTESIAN_POINT('',(132.89956512,94.91901059,1.50000000));
#4531 = DIRECTION('',(0.00000000,0.00000000,-1.00000000));
#4532 = VECTOR('',#4531,1.50000000);
#4533 = LINE('',#4530,#4532);
#4534 = EDGE_CURVE('',#4514,#4508,#4533,.T.);
#4535 = ORIENTED_EDGE('',*,*,#4519,.T.);
#4536 = ORIENTED_EDGE('',*,*,#4524,.T.);
#4537 = ORIENTED_EDGE('',*,*,#4529,.T.);
#4538 = ORIENTED_EDGE('',*,*,#4534,.T.);
#4539 = EDGE_LOOP('',(#4535,#4536,#4537,#4538));
#4540 = FACE_OUTER_BOUND('',#4539,.T.);
#4541 = CARTESIAN_POINT('',(132.89956512,94.91901059,0.00000000));
#4542 = DIRECTION('',(0.71709172,0.69697881,0.00000000));
#4543 = DIRECTION('',(-0.69697881,0.71709172,0.00000000));
#4544 = AXIS2_PLACEMENT_3D('',#4541,#4542,#4543);
#4545 = PLANE('',#4544);
#4546 = ADVANCED_FACE('',(#4540),#4545,.T.);
#4547 = CARTESIAN_POINT('',(132.89303594,94.92572818,0.00000000));
#4548 = VERTEX_POINT('',#4547);
#4549 = CARTESIAN_POINT('',(132.88573179,94.93159381,0.00000000));
#4550 = VERTEX_POINT('',#4549);
#4551 = CARTESIAN_POINT('',(132.88573179,94.93159381,1.50000000));
#4552 = VERTEX_POINT('',#4551);
#4553 = CARTESIAN_POINT('',(132.89303594,94.92572818,1.50000000));
#4554 = VERTEX_POINT('',#4553);
#4555 = CARTESIAN_POINT('',(132.89303594,94.92572818,0.00000000));
#4556 = DIRECTION('',(-0.77970599,0.62614581,0.00000000));
#4557 = VECTOR('',#4556,0.00936783);
#4558 = LINE('',#4555,#4557);
#4559 = EDGE_CURVE('',#4548,#4550,#4558,.T.);
#4560 = CARTESIAN_POINT('',(132.88573179,94.93159381,0.00000000));
#4561 = DIRECTION('',(0.00000000,0.00000000,1.00000000));
#4562 = VECTOR('',#4561,1.50000000);
#4563 = LINE('',#4560,#4562);
#4564 = EDGE_CURVE('',#4550,#4552,#4563,.T.);
#4565 = CARTESIAN_POINT('',(132.88573179,94.93159381,1.50000000));
#4566 = DIRECTION('',(0.77970599,-0.62614581,0.00000000));
#4567 = VECTOR('',#4566,0.00936783);
#4568 = LINE('',#4565,#4567);
#4569 = EDGE_CURVE('',#4552,#4554,#4568,.T.);
#4570 = CARTESIAN_POINT('',(132.89303594,94.92572818,1.50000000));
#4571 = DIRECTION('',(0.00000000,0.00000000,-1.00000000));
#4572 = VECTOR('',#4571,1.50000000);
#4573 = LINE('',#4570,#4572);
#4574 = EDGE_CURVE('',#4554,#4548,#4573,.T.);
#4575 = ORIENTED_EDGE('',*,*,#4559,.T.);
#4576 = ORIENTED_EDGE('',*,*,#4564,.T.);
#4577 = ORIENTED_EDGE('',*,*,#4569,.T.);
#4578 = ORIENTED_EDGE('',*,*,#4574,.T.);
#4579 = EDGE_LOOP('',(#4575,#4576,#4577,#4578));
#4580 = FACE_OUTER_BOUND('',#4579,.T.);
#4581 = CARTESIAN_POINT('',(132.89303594,94.92572818,0.00000000));
#4582 = DIRECTION('',(0.62614581,0.77970599,0.00000000));
#4583 = DIRECTION('',(-0.77970599,0.62614581,0.00000000));
#4584 = AXIS2_PLACEMENT_3D('',#4581,#4582,#4583);
#4585 = PLANE('',#4584);
#4586 = ADVANCED_FACE('',(#4580),#4585,.T.);
#4587 = CARTESIAN_POINT('',(132.88573179,94.93159381,0.00000000));
#4588 = VERTEX_POINT('',#4587);
#4589 = CARTESIAN_POINT('',(132.87776307,94.93651881,0.00000000));
#4590 = VERTEX_POINT('',#4589);
#4591 = CARTESIAN_POINT('',(132.87776307,94.93651881,1.50000000));
#4592 = VERTEX_POINT('',#4591);
#4593 = CARTESIAN_POINT('',(132.88573179,94.93159381,1.50000000));
#4594 = VERTEX_POINT('',#4593);
#4595 = CARTESIAN_POINT('',(132.88573179,94.93159381,0.00000000));
#4596 = DIRECTION('',(-0.85064795,0.52573573,0.00000000));
#4597 = VECTOR('',#4596,0.00936783);
#4598 = LINE('',#4595,#4597);
#4599 = EDGE_CURVE('',#4588,#4590,#4598,.T.);
#4600 = CARTESIAN_POINT('',(132.87776307,94.93651881,0.00000000));
#4601 = DIRECTION('',(0.00000000,0.00000000,1.00000000));
#4602 = VECTOR('',#4601,1.50000000);
#4603 = LINE('',#4600,#4602);
#4604 = EDGE_CURVE('',#4590,#4592,#4603,.T.);
#4605 = CARTESIAN_POINT('',(132.87776307,94.93651881,1.50000000));
#4606 = DIRECTION('',(0.85064795,-0.52573573,0.00000000));
#4607 = VECTOR('',#4606,0.00936783);
#4608 = LINE('',#4605,#4607);
#4609 = EDGE_CURVE('',#4592,#4594,#4608,.T.);
#4610 = CARTESIAN_POINT('',(132.88573179,94.93159381,1.50000000));
#4611 = DIRECTION('',(0.00000000,0.00000000,-1.00000000));
#4612 = VECTOR('',#4611,1.50000000);
#4613 = LINE('',#4610,#4612);
#4614 = EDGE_CURVE('',#4594,#4588,#4613,.T.);
#4615 = ORIENTED_EDGE('',*,*,#4599,.T.);
#4616 = ORIENTED_EDGE('',*,*,#4604,.T.);
#4617 = ORIENTED_EDGE('',*,*,#4609,.T.);
#4618 = ORIENTED_EDGE('',*,*,#4614,.T.);
#4619 = EDGE_LOOP('',(#4615,#4616,#4617,#4618));
#4620 = FACE_OUTER_BOUND('',#4619,.T.);
#4621 = CARTESIAN_POINT('',(132.88573179,94.93159381,0.00000000));
#4622 = DIRECTION('',(0.52573573,0.85064795,0.00000000));
#4623 = DIRECTION('',(-0.85064795,0.52573573,0.00000000));
#4624 = AXIS2_PLACEMENT_3D('',#4621,#4622,#4623);
#4625 = PLANE('',#4624);
#4626 = ADVANCED_FACE('',(#4620),#4625,.T.);
#4627 = CARTESIAN_POINT('',(132.87776307,94.93651881,0.00000000));
#4628 = VERTEX_POINT('',#4627);
#4629 = CARTESIAN_POINT('',(132.86925022,94.94042874,0.00000000));
#4630 = VERTEX_POINT('',#4629);
#4631 = CARTESIAN_POINT('',(132.86925022,94.94042874,1.50000000));
#4632 = VERTEX_POINT('',#4631);
#4633 = CARTESIAN_POINT('',(132.87776307,94.93651881,1.50000000));
#4634 = VERTEX_POINT('',#4633);
#4635 = CARTESIAN_POINT('',(132.87776307,94.93651881,0.00000000));
#4636 = DIRECTION('',(-0.90873242,0.41737919,0.00000000));
#4637 = VECTOR('',#4636,0.00936783);
#4638 = LINE('',#4635,#4637);
#4639 = EDGE_CURVE('',#4628,#4630,#4638,.T.);
#4640 = CARTESIAN_POINT('',(132.86925022,94.94042874,0.00000000));
#4641 = DIRECTION('',(0.00000000,0.00000000,1.00000000));
#4642 = VECTOR('',#4641,1.50000000);
#4643 = LINE('',#4640,#4642);
#4644 = EDGE_CURVE('',#4630,#4632,#4643,.T.);
#4645 = CARTESIAN_POINT('',(132.86925022,94.94042874,1.50000000));
#4646 = DIRECTION('',(0.90873242,-0.41737919,0.00000000));
#4647 = VECTOR('',#4646,0.00936783);
#4648 = LINE('',#4645,#4647);
#4649 = EDGE_CURVE('',#4632,#4634,#4648,.T.);
#4650 = CARTESIAN_POINT('',(132.87776307,94.93651881,1.50000000));
#4651 = DIRECTION('',(0.00000000,0.00000000,-1.00000000));
#4652 = VECTOR('',#4651,1.50000000);
#4653 = LINE('',#4650,#4652);
#4654 = EDGE_CURVE('',#4634,#4628,#4653,.T.);
#4655 = ORIENTED_EDGE('',*,*,#4639,.T.);
#4656 = ORIENTED_EDGE('',*,*,#4644,.T.);
#4657 = ORIENTED_EDGE('',*,*,#4649,.T.);
#4658 = ORIENTED_EDGE('',*,*,#4654,.T.);
#4659 = EDGE_LOOP('',(#4655,#4656,#4657,#4658));
#4660 = FACE_OUTER_BOUND('',#4659,.T.);
#4661 = CARTESIAN_POINT('',(132.87776307,94.93651881,0.00000000));
#4662 = DIRECTION('',(0.41737919,0.90873242,0.00000000));
#4663 = DIRECTION('',(-0.90873242,0.41737919,0.00000000));
#4664 = AXIS2_PLACEMENT_3D('',#4661,#4662,#4663);
#4665 = PLANE('',#4664);
#4666 = ADVANCED_FACE('',(#4660),#4665,.T.);
#4667 = CARTESIAN_POINT('',(132.86925022,94.94042874,0.00000000));
#4668 = VERTEX_POINT('',#4667);
#4669 = CARTESIAN_POINT('',(132.86032192,94.94326451,0.00000000));
#4670 = VERTEX_POINT('',#4669);
#4671 = CARTESIAN_POINT('',(132.86032192,94.94326451,1.50000000));
#4672 = VERTEX_POINT('',#4671);
#4673 = CARTESIAN_POINT('',(132.86925022,94.94042874,1.50000000));
#4674 = VERTEX_POINT('',#4673);
#4675 = CARTESIAN_POINT('',(132.86925022,94.94042874,0.00000000));
#4676 = DIRECTION('',(-0.95308145,0.30271399,0.00000000));
#4677 = VECTOR('',#4676,0.00936783);
#4678 = LINE('',#4675,#4677);
#4679 = EDGE_CURVE('',#4668,#4670,#4678,.T.);
#4680 = CARTESIAN_POINT('',(132.86032192,94.94326451,0.00000000));
#4681 = DIRECTION('',(0.00000000,0.00000000,1.00000000));
#4682 = VECTOR('',#4681,1.50000000);
#4683 = LINE('',#4680,#4682);
#4684 = EDGE_CURVE('',#4670,#4672,#4683,.T.);
#4685 = CARTESIAN_POINT('',(132.86032192,94.94326451,1.50000000));
#4686 = DIRECTION('',(0.95308145,-0.30271399,0.00000000));
#4687 = VECTOR('',#4686,0.00936783);
#4688 = LINE('',#4685,#4687);
#4689 = EDGE_CURVE('',#4672,#4674,#4688,.T.);
#4690 = CARTESIAN_POINT('',(132.86925022,94.94042874,1.50000000));
#4691 = DIRECTION('',(0.00000000,0.00000000,-1.00000000));
#4692 = VECTOR('',#4691,1.50000000);
#4693 = LINE('',#4690,#4692);
#4694 = EDGE_CURVE('',#4674,#4668,#4693,.T.);
#4695 = ORIENTED_EDGE('',*,*,#4679,.T.);
#4696 = ORIENTED_EDGE('',*,*,#4684,.T.);
#4697 = ORIENTED_EDGE('',*,*,#4689,.T.);
#4698 = ORIENTED_EDGE('',*,*,#4694,.T.);
#4699 = EDGE_LOOP('',(#4695,#4696,#4697,#4698));
#4700 = FACE_OUTER_BOUND('',#4699,.T.);
#4701 = CARTESIAN_POINT('',(132.86925022,94.94042874,0.00000000));
#4702 = DIRECTION('',(0.30271399,0.95308145,0.00000000));
#4703 = DIRECTION('',(-0.95308145,0.30271399,0.00000000));
#4704 = AXIS2_PLACEMENT_3D('',#4701,#4702,#4703);
#4705 = PLANE('',#4704);
#4706 = ADVANCED_FACE('',(#4700),#4705,.T.);
#4707 = CARTESIAN_POINT('',(132.86032192,94.94326451,0.00000000));
#4708 = VERTEX_POINT('',#4707);
#4709 = CARTESIAN_POINT('',(132.85111312,94.94498326,0.00000000));
#4710 = VERTEX_POINT('',#4709);
#4711 = CARTESIAN_POINT('',(132.85111312,94.94498326,1.50000000));
#4712 = VERTEX_POINT('',#4711);
#4713 = CARTESIAN_POINT('',(132.86032192,94.94326451,1.50000000));
#4714 = VERTEX_POINT('',#4713);
#4715 = CARTESIAN_POINT('',(132.86032192,94.94326451,0.00000000));
#4716 = DIRECTION('',(-0.98302470,0.18347328,0.00000000));
#4717 = VECTOR('',#4716,0.00936783);
#4718 = LINE('',#4715,#4717);
#4719 = EDGE_CURVE('',#4708,#4710,#4718,.T.);
#4720 = CARTESIAN_POINT('',(132.85111312,94.94498326,0.00000000));
#4721 = DIRECTION('',(0.00000000,0.00000000,1.00000000));
#4722 = VECTOR('',#4721,1.50000000);
#4723 = LINE('',#4720,#4722);
#4724 = EDGE_CURVE('',#4710,#4712,#4723,.T.);
#4725 = CARTESIAN_POINT('',(132.85111312,94.94498326,1.50000000));
#4726 = DIRECTION('',(0.98302470,-0.18347328,0.00000000));
#4727 = VECTOR('',#4726,0.00936783);
#4728 = LINE('',#4725,#4727);
#4729 = EDGE_CURVE('',#4712,#4714,#4728,.T.);
#4730 = CARTESIAN_POINT('',(132.86032192,94.94326451,1.50000000));
#4731 = DIRECTION('',(0.00000000,0.00000000,-1.00000000));
#4732 = VECTOR('',#4731,1.50000000);
#4733 = LINE('',#4730,#4732);
#4734 = EDGE_CURVE('',#4714,#4708,#4733,.T.);
#4735 = ORIENTED_EDGE('',*,*,#4719,.T.);
#4736 = ORIENTED_EDGE('',*,*,#4724,.T.);
#4737 = ORIENTED_EDGE('',*,*,#4729,.T.);
#4738 = ORIENTED_EDGE('',*,*,#4734,.T.);
#4739 = EDGE_LOOP('',(#4735,#4736,#4737,#4738));
#4740 = FACE_OUTER_BOUND('',#4739,.T.);
#4741 = CARTESIAN_POINT('',(132.86032192,94.94326451,0.00000000));
#4742 = DIRECTION('',(0.18347328,0.98302470,0.00000000));
#4743 = DIRECTION('',(-0.98302470,0.18347328,0.00000000));
#4744 = AXIS2_PLACEMENT_3D('',#4741,#4742,#4743);
#4745 = PLANE('',#4744);
#4746 = ADVANCED_FACE('',(#4740),#4745,.T.);
#4747 = CARTESIAN_POINT('',(132.85111312,94.94498326,0.00000000));
#4748 = VERTEX_POINT('',#4747);
#4749 = CARTESIAN_POINT('',(132.84176300,94.94555900,0.00000000));
#4750 = VERTEX_POINT('',#4749);
#4751 = CARTESIAN_POINT('',(132.84176300,94.94555900,1.50000000));
#4752 = VERTEX_POINT('',#4751);
#4753 = CARTESIAN_POINT('',(132.85111312,94.94498326,1.50000000));
#4754 = VERTEX_POINT('',#4753);
#4755 = CARTESIAN_POINT('',(132.85111312,94.94498326,0.00000000));
#4756 = DIRECTION('',(-0.99810959,0.06145938,0.00000000));
#4757 = VECTOR('',#4756,0.00936783);
#4758 = LINE('',#4755,#4757);
#4759 = EDGE_CURVE('',#4748,#4750,#4758,.T.);
#4760 = CARTESIAN_POINT('',(132.84176300,94.94555900,0.00000000));
#4761 = DIRECTION('',(0.00000000,0.00000000,1.00000000));
#4762 = VECTOR('',#4761,1.50000000);
#4763 = LINE('',#4760,#4762);
#4764 = EDGE_CURVE('',#4750,#4752,#4763,.T.);
#4765 = CARTESIAN_POINT('',(132.84176300,94.94555900,1.50000000));
#4766 = DIRECTION('',(0.99810959,-0.06145938,0.00000000));
#4767 = VECTOR('',#4766,0.00936783);
#4768 = LINE('',#4765,#4767);
#4769 = EDGE_CURVE('',#4752,#4754,#4768,.T.);
#4770 = CARTESIAN_POINT('',(132.85111312,94.94498326,1.50000000));
#4771 = DIRECTION('',(0.00000000,0.00000000,-1.00000000));
#4772 = VECTOR('',#4771,1.50000000);
#4773 = LINE('',#4770,#4772);
#4774 = EDGE_CURVE('',#4754,#4748,#4773,.T.);
#4775 = ORIENTED_EDGE('',*,*,#4759,.T.);
#4776 = ORIENTED_EDGE('',*,*,#4764,.T.);
#4777 = ORIENTED_EDGE('',*,*,#4769,.T.);
#4778 = ORIENTED_EDGE('',*,*,#4774,.T.);
#4779 = EDGE_LOOP('',(#4775,#4776,#4777,#4778));
#4780 = FACE_OUTER_BOUND('',#4779,.T.);
#4781 = CARTESIAN_POINT('',(132.85111312,94.94498326,0.00000000));
#4782 = DIRECTION('',(0.06145938,0.99810959,0.00000000));
#4783 = DIRECTION('',(-0.99810959,0.06145938,0.00000000));
#4784 = AXIS2_PLACEMENT_3D('',#4781,#4782,#4783);
#4785 = PLANE('',#4784);
#4786 = ADVANCED_FACE('',(#4780),#4785,.T.);
#4787 = CARTESIAN_POINT('',(132.84176300,94.94555900,0.00000000));
#4788 = VERTEX_POINT('',#4787);
#4789 = CARTESIAN_POINT('',(116.46431900,85.99642400,0.00000000));
#4790 = VERTEX_POINT('',#4789);
#4791 = CARTESIAN_POINT('',(116.46431900,85.99642400,1.50000000));
#4792 = VERTEX_POINT('',#4791);
#4793 = CARTESIAN_POINT('',(132.84176300,94.94555900,1.50000000));
#4794 = VERTEX_POINT('',#4793);
#4795 = CARTESIAN_POINT('',(132.84176300,94.94555900,0.00000000));
#4796 = DIRECTION('',(-0.87753529,-0.47951205,0.00000000));
#4797 = VECTOR('',#4796,18.66300322);
#4798 = LINE('',#4795,#4797);
#4799 = EDGE_CURVE('',#4788,#4790,#4798,.T.);
#4800 = CARTESIAN_POINT('',(116.46431900,85.99642400,0.00000000));
#4801 = DIRECTION('',(0.00000000,0.00000000,1.00000000));
#4802 = VECTOR('',#4801,1.50000000);
#4803 = LINE('',#4800,#4802);
#4804 = EDGE_CURVE('',#4790,#4792,#4803,.T.);
#4805 = CARTESIAN_POINT('',(116.46431900,85.99642400,1.50000000));
#4806 = DIRECTION('',(0.87753529,0.47951205,0.00000000));
#4807 = VECTOR('',#4806,18.66300322);
#4808 = LINE('',#4805,#4807);
#4809 = EDGE_CURVE('',#4792,#4794,#4808,.T.);
#4810 = CARTESIAN_POINT('',(132.84176300,94.94555900,1.50000000));
#4811 = DIRECTION('',(0.00000000,0.00000000,-1.00000000));
#4812 = VECTOR('',#4811,1.50000000);
#4813 = LINE('',#4810,#4812);
#4814 = EDGE_CURVE('',#4794,#4788,#4813,.T.);
#4815 = ORIENTED_EDGE('',*,*,#4799,.T.);
#4816 = ORIENTED_EDGE('',*,*,#4804,.T.);
#4817 = ORIENTED_EDGE('',*,*,#4809,.T.);
#4818 = ORIENTED_EDGE('',*,*,#4814,.T.);
#4819 = EDGE_LOOP('',(#4815,#4816,#4817,#4818));
#4820 = FACE_OUTER_BOUND('',#4819,.T.);
#4821 = CARTESIAN_POINT('',(132.84176300,94.94555900,0.00000000));
#4822 = DIRECTION('',(-0.47951205,0.87753529,0.00000000));
#4823 = DIRECTION('',(-0.87753529,-0.47951205,0.00000000));
#4824 = AXIS2_PLACEMENT_3D('',#4821,#4822,#4823);
#4825 = PLANE('',#4824);
#4826 = ADVANCED_FACE('',(#4820),#4825,.T.);
#4827 = CARTESIAN_POINT('',(116.46431900,85.99642400,0.00000000));
#4828 = VERTEX_POINT('',#4827);
#4829 = CARTESIAN_POINT('',(116.45868150,85.99292507,0.00000000));
#4830 = VERTEX_POINT('',#4829);
#4831 = CARTESIAN_POINT('',(116.45868150,85.99292507,1.50000000));
#4832 = VERTEX_POINT('',#4831);
#4833 = CARTESIAN_POINT('',(116.46431900,85.99642400,1.50000000));
#4834 = VERTEX_POINT('',#4833);
#4835 = CARTESIAN_POINT('',(116.46431900,85.99642400,0.00000000));
#4836 = DIRECTION('',(-0.84965391,-0.52734072,0.00000000));
#4837 = VECTOR('',#4836,0.00663505);
#4838 = LINE('',#4835,#4837);
#4839 = EDGE_CURVE('',#4828,#4830,#4838,.T.);
#4840 = CARTESIAN_POINT('',(116.45868150,85.99292507,0.00000000));
#4841 = DIRECTION('',(0.00000000,0.00000000,1.00000000));
#4842 = VECTOR('',#4841,1.50000000);
#4843 = LINE('',#4840,#4842);
#4844 = EDGE_CURVE('',#4830,#4832,#4843,.T.);
#4845 = CARTESIAN_POINT('',(116.45868150,85.99292507,1.50000000));
#4846 = DIRECTION('',(0.84965391,0.52734072,0.00000000));
#4847 = VECTOR('',#4846,0.00663505);
#4848 = LINE('',#4845,#4847);
#4849 = EDGE_CURVE('',#4832,#4834,#4848,.T.);
#4850 = CARTESIAN_POINT('',(116.46431900,85.99642400,1.50000000));
#4851 = DIRECTION('',(0.00000000,0.00000000,-1.00000000));
#4852 = VECTOR('',#4851,1.50000000);
#4853 = LINE('',#4850,#4852);
#4854 = EDGE_CURVE('',#4834,#4828,#4853,.T.);
#4855 = ORIENTED_EDGE('',*,*,#4839,.T.);
#4856 = ORIENTED_EDGE('',*,*,#4844,.T.);
#4857 = ORIENTED_EDGE('',*,*,#4849,.T.);
#4858 = ORIENTED_EDGE('',*,*,#4854,.T.);
#4859 = EDGE_LOOP('',(#4855,#4856,#4857,#4858));
#4860 = FACE_OUTER_BOUND('',#4859,.T.);
#4861 = CARTESIAN_POINT('',(116.46431900,85.99642400,0.00000000));
#4862 = DIRECTION('',(-0.52734072,0.84965391,0.00000000));
#4863 = DIRECTION('',(-0.84965391,-0.52734072,0.00000000));
#4864 = AXIS2_PLACEMENT_3D('',#4861,#4862,#4863);
#4865 = PLANE('',#4864);
#4866 = ADVANCED_FACE('',(#4860),#4865,.T.);
#4867 = CARTESIAN_POINT('',(116.45868150,85.99292507,0.00000000));
#4868 = VERTEX_POINT('',#4867);
#4869 = CARTESIAN_POINT('',(116.45282562,85.98980174,0.00000000));
#4870 = VERTEX_POINT('',#4869);
#4871 = CARTESIAN_POINT('',(116.45282562,85.98980174,1.50000000));
#4872 = VERTEX_POINT('',#4871);
#4873 = CARTESIAN_POINT('',(116.45868150,85.99292507,1.50000000));
#4874 = VERTEX_POINT('',#4873);
#4875 = CARTESIAN_POINT('',(116.45868150,85.99292507,0.00000000));
#4876 = DIRECTION('',(-0.88234104,-0.47061054,0.00000000));
#4877 = VECTOR('',#4876,0.00663675);
#4878 = LINE('',#4875,#4877);
#4879 = EDGE_CURVE('',#4868,#4870,#4878,.T.);
#4880 = CARTESIAN_POINT('',(116.45282562,85.98980174,0.00000000));
#4881 = DIRECTION('',(0.00000000,0.00000000,1.00000000));
#4882 = VECTOR('',#4881,1.50000000);
#4883 = LINE('',#4880,#4882);
#4884 = EDGE_CURVE('',#4870,#4872,#4883,.T.);
#4885 = CARTESIAN_POINT('',(116.45282562,85.98980174,1.50000000));
#4886 = DIRECTION('',(0.88234104,0.47061054,0.00000000));
#4887 = VECTOR('',#4886,0.00663675);
#4888 = LINE('',#4885,#4887);
#4889 = EDGE_CURVE('',#4872,#4874,#4888,.T.);
#4890 = CARTESIAN_POINT('',(116.45868150,85.99292507,1.50000000));
#4891 = DIRECTION('',(0.00000000,0.00000000,-1.00000000));
#4892 = VECTOR('',#4891,1.50000000);
#4893 = LINE('',#4890,#4892);
#4894 = EDGE_CURVE('',#4874,#4868,#4893,.T.);
#4895 = ORIENTED_EDGE('',*,*,#4879,.T.);
#4896 = ORIENTED_EDGE('',*,*,#4884,.T.);
#4897 = ORIENTED_EDGE('',*,*,#4889,.T.);
#4898 = ORIENTED_EDGE('',*,*,#4894,.T.);
#4899 = EDGE_LOOP('',(#4895,#4896,#4897,#4898));
#4900 = FACE_OUTER_BOUND('',#4899,.T.);
#4901 = CARTESIAN_POINT('',(116.45868150,85.99292507,0.00000000));
#4902 = DIRECTION('',(-0.47061054,0.88234104,0.00000000));
#4903 = DIRECTION('',(-0.88234104,-0.47061054,0.00000000));
#4904 = AXIS2_PLACEMENT_3D('',#4901,#4902,#4903);
#4905 = PLANE('',#4904);
#4906 = ADVANCED_FACE('',(#4900),#4905,.T.);
#4907 = CARTESIAN_POINT('',(116.45282562,85.98980174,0.00000000));
#4908 = VERTEX_POINT('',#4907);
#4909 = CARTESIAN_POINT('',(116.44677834,85.98706735,0.00000000));
#4910 = VERTEX_POINT('',#4909);
#4911 = CARTESIAN_POINT('',(116.44677834,85.98706735,1.50000000));
#4912 = VERTEX_POINT('',#4911);
#4913 = CARTESIAN_POINT('',(116.45282562,85.98980174,1.50000000));
#4914 = VERTEX_POINT('',#4913);
#4915 = CARTESIAN_POINT('',(116.45282562,85.98980174,0.00000000));
#4916 = DIRECTION('',(-0.91118034,-0.41200775,0.00000000));
#4917 = VECTOR('',#4916,0.00663675);
#4918 = LINE('',#4915,#4917);
#4919 = EDGE_CURVE('',#4908,#4910,#4918,.T.);
#4920 = CARTESIAN_POINT('',(116.44677834,85.98706735,0.00000000));
#4921 = DIRECTION('',(0.00000000,0.00000000,1.00000000));
#4922 = VECTOR('',#4921,1.50000000);
#4923 = LINE('',#4920,#4922);
#4924 = EDGE_CURVE('',#4910,#4912,#4923,.T.);
#4925 = CARTESIAN_POINT('',(116.44677834,85.98706735,1.50000000));
#4926 = DIRECTION('',(0.91118034,0.41200775,0.00000000));
#4927 = VECTOR('',#4926,0.00663675);
#4928 = LINE('',#4925,#4927);
#4929 = EDGE_CURVE('',#4912,#4914,#4928,.T.);
#4930 = CARTESIAN_POINT('',(116.45282562,85.98980174,1.50000000));
#4931 = DIRECTION('',(0.00000000,0.00000000,-1.00000000));
#4932 = VECTOR('',#4931,1.50000000);
#4933 = LINE('',#4930,#4932);
#4934 = EDGE_CURVE('',#4914,#4908,#4933,.T.);
#4935 = ORIENTED_EDGE('',*,*,#4919,.T.);
#4936 = ORIENTED_EDGE('',*,*,#4924,.T.);
#4937 = ORIENTED_EDGE('',*,*,#4929,.T.);
#4938 = ORIENTED_EDGE('',*,*,#4934,.T.);
#4939 = EDGE_LOOP('',(#4935,#4936,#4937,#4938));
#4940 = FACE_OUTER_BOUND('',#4939,.T.);
#4941 = CARTESIAN_POINT('',(116.45282562,85.98980174,0.00000000));
#4942 = DIRECTION('',(-0.41200775,0.91118034,0.00000000));
#4943 = DIRECTION('',(-0.91118034,-0.41200775,0.00000000));
#4944 = AXIS2_PLACEMENT_3D('',#4941,#4942,#4943);
#4945 = PLANE('',#4944);
#4946 = ADVANCED_FACE('',(#4940),#4945,.T.);
#4947 = CARTESIAN_POINT('',(116.44677834,85.98706735,0.00000000));
#4948 = VERTEX_POINT('',#4947);
#4949 = CARTESIAN_POINT('',(116.44056546,85.98473355,0.00000000));
#4950 = VERTEX_POINT('',#4949);
#4951 = CARTESIAN_POINT('',(116.44056546,85.98473355,1.50000000));
#4952 = VERTEX_POINT('',#4951);
#4953 = CARTESIAN_POINT('',(116.44677834,85.98706735,1.50000000));
#4954 = VERTEX_POINT('',#4953);
#4955 = CARTESIAN_POINT('',(116.44677834,85.98706735,0.00000000));
#4956 = DIRECTION('',(-0.93613255,-0.35164734,0.00000000));
#4957 = VECTOR('',#4956,0.00663675);
#4958 = LINE('',#4955,#4957);
#4959 = EDGE_CURVE('',#4948,#4950,#4958,.T.);
#4960 = CARTESIAN_POINT('',(116.44056546,85.98473355,0.00000000));
#4961 = DIRECTION('',(0.00000000,0.00000000,1.00000000));
#4962 = VECTOR('',#4961,1.50000000);
#4963 = LINE('',#4960,#4962);
#4964 = EDGE_CURVE('',#4950,#4952,#4963,.T.);
#4965 = CARTESIAN_POINT('',(116.44056546,85.98473355,1.50000000));
#4966 = DIRECTION('',(0.93613255,0.35164734,0.00000000));
#4967 = VECTOR('',#4966,0.00663675);
#4968 = LINE('',#4965,#4967);
#4969 = EDGE_CURVE('',#4952,#4954,#4968,.T.);
#4970 = CARTESIAN_POINT('',(116.44677834,85.98706735,1.50000000));
#4971 = DIRECTION('',(0.00000000,0.00000000,-1.00000000));
#4972 = VECTOR('',#4971,1.50000000);
#4973 = LINE('',#4970,#4972);
#4974 = EDGE_CURVE('',#4954,#4948,#4973,.T.);
#4975 = ORIENTED_EDGE('',*,*,#4959,.T.);
#4976 = ORIENTED_EDGE('',*,*,#4964,.T.);
#4977 = ORIENTED_EDGE('',*,*,#4969,.T.);
#4978 = ORIENTED_EDGE('',*,*,#4974,.T.);
#4979 = EDGE_LOOP('',(#4975,#4976,#4977,#4978));
#4980 = FACE_OUTER_BOUND('',#4979,.T.);
#4981 = CARTESIAN_POINT('',(116.44677834,85.98706735,0.00000000));
#4982 = DIRECTION('',(-0.35164734,0.93613255,0.00000000));
#4983 = DIRECTION('',(-0.93613255,-0.35164734,0.00000000));
#4984 = AXIS2_PLACEMENT_3D('',#4981,#4982,#4983);
#4985 = PLANE('',#4984);
#4986 = ADVANCED_FACE('',(#4980),#4985,.T.);
#4987 = CARTESIAN_POINT('',(116.44056546,85.98473355,0.00000000));
#4988 = VERTEX_POINT('',#4987);
#4989 = CARTESIAN_POINT('',(116.43421348,85.98281031,0.00000000));
#4990 = VERTEX_POINT('',#4989);
#4991 = CARTESIAN_POINT('',(116.43421348,85.98281031,1.50000000));
#4992 = VERTEX_POINT('',#4991);
#4993 = CARTESIAN_POINT('',(116.44056546,85.98473355,1.50000000));
#4994 = VERTEX_POINT('',#4993);
#4995 = CARTESIAN_POINT('',(116.44056546,85.98473355,0.00000000));
#4996 = DIRECTION('',(-0.95709122,-0.28978680,0.00000000));
#4997 = VECTOR('',#4996,0.00663675);
#4998 = LINE('',#4995,#4997);
#4999 = EDGE_CURVE('',#4988,#4990,#4998,.T.);
#5000 = CARTESIAN_POINT('',(116.43421348,85.98281031,0.00000000));
#5001 = DIRECTION('',(0.00000000,0.00000000,1.00000000));
#5002 = VECTOR('',#5001,1.50000000);
#5003 = LINE('',#5000,#5002);
#5004 = EDGE_CURVE('',#4990,#4992,#5003,.T.);
#5005 = CARTESIAN_POINT('',(116.43421348,85.98281031,1.50000000));
#5006 = DIRECTION('',(0.95709122,0.28978680,0.00000000));
#5007 = VECTOR('',#5006,0.00663675);
#5008 = LINE('',#5005,#5007);
#5009 = EDGE_CURVE('',#4992,#4994,#5008,.T.);
#5010 = CARTESIAN_POINT('',(116.44056546,85.98473355,1.50000000));
#5011 = DIRECTION('',(0.00000000,0.00000000,-1.00000000));
#5012 = VECTOR('',#5011,1.50000000);
#5013 = LINE('',#5010,#5012);
#5014 = EDGE_CURVE('',#4994,#4988,#5013,.T.);
#5015 = ORIENTED_EDGE('',*,*,#4999,.T.);
#5016 = ORIENTED_EDGE('',*,*,#5004,.T.);
#5017 = ORIENTED_EDGE('',*,*,#5009,.T.);
#5018 = ORIENTED_EDGE('',*,*,#5014,.T.);
#5019 = EDGE_LOOP('',(#5015,#5016,#5017,#5018));
#5020 = FACE_OUTER_BOUND('',#5019,.T.);
#5021 = CARTESIAN_POINT('',(116.44056546,85.98473355,0.00000000));
#5022 = DIRECTION('',(-0.28978680,0.95709122,0.00000000));
#5023 = DIRECTION('',(-0.95709122,-0.28978680,0.00000000));
#5024 = AXIS2_PLACEMENT_3D('',#5021,#5022,#5023);
#5025 = PLANE('',#5024);
#5026 = ADVANCED_FACE('',(#5020),#5025,.T.);
#5027 = CARTESIAN_POINT('',(116.43421348,85.98281031,0.00000000));
#5028 = VERTEX_POINT('',#5027);
#5029 = CARTESIAN_POINT('',(116.42774950,85.98130582,0.00000000));
#5030 = VERTEX_POINT('',#5029);
#5031 = CARTESIAN_POINT('',(116.42774950,85.98130582,1.50000000));
#5032 = VERTEX_POINT('',#5031);
#5033 = CARTESIAN_POINT('',(116.43421348,85.98281031,1.50000000));
#5034 = VERTEX_POINT('',#5033);
#5035 = CARTESIAN_POINT('',(116.43421348,85.98281031,0.00000000));
#5036 = DIRECTION('',(-0.97396695,-0.22669004,0.00000000));
#5037 = VECTOR('',#5036,0.00663675);
#5038 = LINE('',#5035,#5037);
#5039 = EDGE_CURVE('',#5028,#5030,#5038,.T.);
#5040 = CARTESIAN_POINT('',(116.42774950,85.98130582,0.00000000));
#5041 = DIRECTION('',(0.00000000,0.00000000,1.00000000));
#5042 = VECTOR('',#5041,1.50000000);
#5043 = LINE('',#5040,#5042);
#5044 = EDGE_CURVE('',#5030,#5032,#5043,.T.);
#5045 = CARTESIAN_POINT('',(116.42774950,85.98130582,1.50000000));
#5046 = DIRECTION('',(0.97396695,0.22669004,0.00000000));
#5047 = VECTOR('',#5046,0.00663675);
#5048 = LINE('',#5045,#5047);
#5049 = EDGE_CURVE('',#5032,#5034,#5048,.T.);
#5050 = CARTESIAN_POINT('',(116.43421348,85.98281031,1.50000000));
#5051 = DIRECTION('',(0.00000000,0.00000000,-1.00000000));
#5052 = VECTOR('',#5051,1.50000000);
#5053 = LINE('',#5050,#5052);
#5054 = EDGE_CURVE('',#5034,#5028,#5053,.T.);
#5055 = ORIENTED_EDGE('',*,*,#5039,.T.);
#5056 = ORIENTED_EDGE('',*,*,#5044,.T.);
#5057 = ORIENTED_EDGE('',*,*,#5049,.T.);
#5058 = ORIENTED_EDGE('',*,*,#5054,.T.);
#5059 = EDGE_LOOP('',(#5055,#5056,#5057,#5058));
#5060 = FACE_OUTER_BOUND('',#5059,.T.);
#5061 = CARTESIAN_POINT('',(116.43421348,85.98281031,0.00000000));
#5062 = DIRECTION('',(-0.22669004,0.97396695,0.00000000));
#5063 = DIRECTION('',(-0.97396695,-0.22669004,0.00000000));
#5064 = AXIS2_PLACEMENT_3D('',#5061,#5062,#5063);
#5065 = PLANE('',#5064);
#5066 = ADVANCED_FACE('',(#5060),#5065,.T.);
#5067 = CARTESIAN_POINT('',(116.42774950,85.98130582,0.00000000));
#5068 = VERTEX_POINT('',#5067);
#5069 = CARTESIAN_POINT('',(116.42120110,85.98022651,0.00000000));
#5070 = VERTEX_POINT('',#5069);
#5071 = CARTESIAN_POINT('',(116.42120110,85.98022651,1.50000000));
#5072 = VERTEX_POINT('',#5071);
#5073 = CARTESIAN_POINT('',(116.42774950,85.98130582,1.50000000));
#5074 = VERTEX_POINT('',#5073);
#5075 = CARTESIAN_POINT('',(116.42774950,85.98130582,0.00000000));
#5076 = DIRECTION('',(-0.98668775,-0.16262622,0.00000000));
#5077 = VECTOR('',#5076,0.00663675);
#5078 = LINE('',#5075,#5077);
#5079 = EDGE_CURVE('',#5068,#5070,#5078,.T.);
#5080 = CARTESIAN_POINT('',(116.42120110,85.98022651,0.00000000));
#5081 = DIRECTION('',(0.00000000,0.00000000,1.00000000));
#5082 = VECTOR('',#5081,1.50000000);
#5083 = LINE('',#5080,#5082);
#5084 = EDGE_CURVE('',#5070,#5072,#5083,.T.);
#5085 = CARTESIAN_POINT('',(116.42120110,85.98022651,1.50000000));
#5086 = DIRECTION('',(0.98668775,0.16262622,0.00000000));
#5087 = VECTOR('',#5086,0.00663675);
#5088 = LINE('',#5085,#5087);
#5089 = EDGE_CURVE('',#5072,#5074,#5088,.T.);
#5090 = CARTESIAN_POINT('',(116.42774950,85.98130582,1.50000000));
#5091 = DIRECTION('',(0.00000000,0.00000000,-1.00000000));
#5092 = VECTOR('',#5091,1.50000000);
#5093 = LINE('',#5090,#5092);
#5094 = EDGE_CURVE('',#5074,#5068,#5093,.T.);
#5095 = ORIENTED_EDGE('',*,*,#5079,.T.);
#5096 = ORIENTED_EDGE('',*,*,#5084,.T.);
#5097 = ORIENTED_EDGE('',*,*,#5089,.T.);
#5098 = ORIENTED_EDGE('',*,*,#5094,.T.);
#5099 = EDGE_LOOP('',(#5095,#5096,#5097,#5098));
#5100 = FACE_OUTER_BOUND('',#5099,.T.);
#5101 = CARTESIAN_POINT('',(116.42774950,85.98130582,0.00000000));
#5102 = DIRECTION('',(-0.16262622,0.98668775,0.00000000));
#5103 = DIRECTION('',(-0.98668775,-0.16262622,0.00000000));
#5104 = AXIS2_PLACEMENT_3D('',#5101,#5102,#5103);
#5105 = PLANE('',#5104);
#5106 = ADVANCED_FACE('',(#5100),#5105,.T.);
#5107 = CARTESIAN_POINT('',(116.42120110,85.98022651,0.00000000));
#5108 = VERTEX_POINT('',#5107);
#5109 = CARTESIAN_POINT('',(116.41459621,85.97957698,0.00000000));
#5110 = VERTEX_POINT('',#5109);
#5111 = CARTESIAN_POINT('',(116.41459621,85.97957698,1.50000000));
#5112 = VERTEX_POINT('',#5111);
#5113 = CARTESIAN_POINT('',(116.42120110,85.98022651,1.50000000));
#5114 = VERTEX_POINT('',#5113);
#5115 = CARTESIAN_POINT('',(116.42120110,85.98022651,0.00000000));
#5116 = DIRECTION('',(-0.99519934,-0.09786863,0.00000000));
#5117 = VECTOR('',#5116,0.00663675);
#5118 = LINE('',#5115,#5117);
#5119 = EDGE_CURVE('',#5108,#5110,#5118,.T.);
#5120 = CARTESIAN_POINT('',(116.41459621,85.97957698,0.00000000));
#5121 = DIRECTION('',(0.00000000,0.00000000,1.00000000));
#5122 = VECTOR('',#5121,1.50000000);
#5123 = LINE('',#5120,#5122);
#5124 = EDGE_CURVE('',#5110,#5112,#5123,.T.);
#5125 = CARTESIAN_POINT('',(116.41459621,85.97957698,1.50000000));
#5126 = DIRECTION('',(0.99519934,0.09786863,0.00000000));
#5127 = VECTOR('',#5126,0.00663675);
#5128 = LINE('',#5125,#5127);
#5129 = EDGE_CURVE('',#5112,#5114,#5128,.T.);
#5130 = CARTESIAN_POINT('',(116.42120110,85.98022651,1.50000000));
#5131 = DIRECTION('',(0.00000000,0.00000000,-1.00000000));
#5132 = VECTOR('',#5131,1.50000000);
#5133 = LINE('',#5130,#5132);
#5134 = EDGE_CURVE('',#5114,#5108,#5133,.T.);
#5135 = ORIENTED_EDGE('',*,*,#5119,.T.);
#5136 = ORIENTED_EDGE('',*,*,#5124,.T.);
#5137 = ORIENTED_EDGE('',*,*,#5129,.T.);
#5138 = ORIENTED_EDGE('',*,*,#5134,.T.);
#5139 = EDGE_LOOP('',(#5135,#5136,#5137,#5138));
#5140 = FACE_OUTER_BOUND('',#5139,.T.);
#5141 = CARTESIAN_POINT('',(116.42120110,85.98022651,0.00000000));
#5142 = DIRECTION('',(-0.09786863,0.99519934,0.00000000));
#5143 = DIRECTION('',(-0.99519934,-0.09786863,0.00000000));
#5144 = AXIS2_PLACEMENT_3D('',#5141,#5142,#5143);
#5145 = PLANE('',#5144);
#5146 = ADVANCED_FACE('',(#5140),#5145,.T.);
#5147 = CARTESIAN_POINT('',(116.41459621,85.97957698,0.00000000));
#5148 = VERTEX_POINT('',#5147);
#5149 = CARTESIAN_POINT('',(116.40796300,85.97936000,0.00000000));
#5150 = VERTEX_POINT('',#5149);
#5151 = CARTESIAN_POINT('',(116.40796300,85.97936000,1.50000000));
#5152 = VERTEX_POINT('',#5151);
#5153 = CARTESIAN_POINT('',(116.41459621,85.97957698,1.50000000));
#5154 = VERTEX_POINT('',#5153);
#5155 = CARTESIAN_POINT('',(116.41459621,85.97957698,0.00000000));
#5156 = DIRECTION('',(-0.99946542,-0.03269354,0.00000000));
#5157 = VECTOR('',#5156,0.00663675);
#5158 = LINE('',#5155,#5157);
#5159 = EDGE_CURVE('',#5148,#5150,#5158,.T.);
#5160 = CARTESIAN_POINT('',(116.40796300,85.97936000,0.00000000));
#5161 = DIRECTION('',(0.00000000,0.00000000,1.00000000));
#5162 = VECTOR('',#5161,1.50000000);
#5163 = LINE('',#5160,#5162);
#5164 = EDGE_CURVE('',#5150,#5152,#5163,.T.);
#5165 = CARTESIAN_POINT('',(116.40796300,85.97936000,1.50000000));
#5166 = DIRECTION('',(0.99946542,0.03269354,0.00000000));
#5167 = VECTOR('',#5166,0.00663675);
#5168 = LINE('',#5165,#5167);
#5169 = EDGE_CURVE('',#5152,#5154,#5168,.T.);
#5170 = CARTESIAN_POINT('',(116.41459621,85.97957698,1.50000000));
#5171 = DIRECTION('',(0.00000000,0.00000000,-1.00000000));
#5172 = VECTOR('',#5171,1.50000000);
#5173 = LINE('',#5170,#5172);
#5174 = EDGE_CURVE('',#5154,#5148,#5173,.T.);
#5175 = ORIENTED_EDGE('',*,*,#5159,.T.);
#5176 = ORIENTED_EDGE('',*,*,#5164,.T.);
#5177 = ORIENTED_EDGE('',*,*,#5169,.T.);
#5178 = ORIENTED_EDGE('',*,*,#5174,.T.);
#5179 = EDGE_LOOP('',(#5175,#5176,#5177,#5178));
#5180 = FACE_OUTER_BOUND('',#5179,.T.);
#5181 = CARTESIAN_POINT('',(116.41459621,85.97957698,0.00000000));
#5182 = DIRECTION('',(-0.03269354,0.99946542,0.00000000));
#5183 = DIRECTION('',(-0.99946542,-0.03269354,0.00000000));
#5184 = AXIS2_PLACEMENT_3D('',#5181,#5182,#5183);
#5185 = PLANE('',#5184);
#5186 = ADVANCED_FACE('',(#5180),#5185,.T.);
#5187 = CARTESIAN_POINT('',(116.40796300,85.97936000,0.00000000));
#5188 = VERTEX_POINT('',#5187);
#5189 = CARTESIAN_POINT('',(109.34676300,85.36976000,0.00000000));
#5190 = VERTEX_POINT('',#5189);
#5191 = CARTESIAN_POINT('',(109.34676300,85.36976000,1.50000000));
#5192 = VERTEX_POINT('',#5191);
#5193 = CARTESIAN_POINT('',(116.40796300,85.97936000,1.50000000));
#5194 = VERTEX_POINT('',#5193);
#5195 = CARTESIAN_POINT('',(116.40796300,85.97936000,0.00000000));
#5196 = DIRECTION('',(-0.99629419,-0.08601101,0.00000000));
#5197 = VECTOR('',#5196,7.08746482);
#5198 = LINE('',#5195,#5197);
#5199 = EDGE_CURVE('',#5188,#5190,#5198,.T.);
#5200 = CARTESIAN_POINT('',(109.34676300,85.36976000,0.00000000));
#5201 = DIRECTION('',(0.00000000,0.00000000,1.00000000));
#5202 = VECTOR('',#5201,1.50000000);
#5203 = LINE('',#5200,#5202);
#5204 = EDGE_CURVE('',#5190,#5192,#5203,.T.);
#5205 = CARTESIAN_POINT('',(109.34676300,85.36976000,1.50000000));
#5206 = DIRECTION('',(0.99629419,0.08601101,0.00000000));
#5207 = VECTOR('',#5206,7.08746482);
#5208 = LINE('',#5205,#5207);
#5209 = EDGE_CURVE('',#5192,#5194,#5208,.T.);
#5210 = CARTESIAN_POINT('',(116.40796300,85.97936000,1.50000000));
#5211 = DIRECTION('',(0.00000000,0.00000000,-1.00000000));
#5212 = VECTOR('',#5211,1.50000000);
#5213 = LINE('',#5210,#5212);
#5214 = EDGE_CURVE('',#5194,#5188,#5213,.T.);
#5215 = ORIENTED_EDGE('',*,*,#5199,.T.);
#5216 = ORIENTED_EDGE('',*,*,#5204,.T.);
#5217 = ORIENTED_EDGE('',*,*,#5209,.T.);
#5218 = ORIENTED_EDGE('',*,*,#5214,.T.);
#5219 = EDGE_LOOP('',(#5215,#5216,#5217,#5218));
#5220 = FACE_OUTER_BOUND('',#5219,.T.);
#5221 = CARTESIAN_POINT('',(116.40796300,85.97936000,0.00000000));
#5222 = DIRECTION('',(-0.08601101,0.99629419,0.00000000));
#5223 = DIRECTION('',(-0.99629419,-0.08601101,0.00000000));
#5224 = AXIS2_PLACEMENT_3D('',#5221,#5222,#5223);
#5225 = PLANE('',#5224);
#5226 = ADVANCED_FACE('',(#5220),#5225,.T.);
#5227 = CARTESIAN_POINT('',(109.34676300,85.36976000,0.00000000));
#5228 = VERTEX_POINT('',#5227);
#5229 = CARTESIAN_POINT('',(74.32016300,82.29636000,0.00000000));
#5230 = VERTEX_POINT('',#5229);
#5231 = CARTESIAN_POINT('',(74.32016300,82.29636000,1.50000000));
#5232 = VERTEX_POINT('',#5231);
#5233 = CARTESIAN_POINT('',(109.34676300,85.36976000,1.50000000));
#5234 = VERTEX_POINT('',#5233);
#5235 = CARTESIAN_POINT('',(109.34676300,85.36976000,0.00000000));
#5236 = DIRECTION('',(-0.99617252,-0.08740890,0.00000000));
#5237 = VECTOR('',#5236,35.16117881);
#5238 = LINE('',#5235,#5237);
#5239 = EDGE_CURVE('',#5228,#5230,#5238,.T.);
#5240 = CARTESIAN_POINT('',(74.32016300,82.29636000,0.00000000));
#5241 = DIRECTION('',(0.00000000,0.00000000,1.00000000));
#5242 = VECTOR('',#5241,1.50000000);
#5243 = LINE('',#5240,#5242);
#5244 = EDGE_CURVE('',#5230,#5232,#5243,.T.);
#5245 = CARTESIAN_POINT('',(74.32016300,82.29636000,1.50000000));
#5246 = DIRECTION('',(0.99617252,0.08740890,0.00000000));
#5247 = VECTOR('',#5246,35.16117881);
#5248 = LINE('',#5245,#5247);
#5249 = EDGE_CURVE('',#5232,#5234,#5248,.T.);
#5250 = CARTESIAN_POINT('',(109.34676300,85.36976000,1.50000000));
#5251 = DIRECTION('',(0.00000000,0.00000000,-1.00000000));
#5252 = VECTOR('',#5251,1.50000000);
#5253 = LINE('',#5250,#5252);
#5254 = EDGE_CURVE('',#5234,#5228,#5253,.T.);
#5255 = ORIENTED_EDGE('',*,*,#5239,.T.);
#5256 = ORIENTED_EDGE('',*,*,#5244,.T.);
#5257 = ORIENTED_EDGE('',*,*,#5249,.T.);
#5258 = ORIENTED_EDGE('',*,*,#5254,.T.);
#5259 = EDGE_LOOP('',(#5255,#5256,#5257,#5258));
#5260 = FACE_OUTER_BOUND('',#5259,.T.);
#5261 = CARTESIAN_POINT('',(109.34676300,85.36976000,0.00000000));
#5262 = DIRECTION('',(-0.08740890,0.99617252,0.00000000));
#5263 = DIRECTION('',(-0.99617252,-0.08740890,0.00000000));
#5264 = AXIS2_PLACEMENT_3D('',#5261,#5262,#5263);
#5265 = PLANE('',#5264);
#5266 = ADVANCED_FACE('',(#5260),#5265,.T.);
#5267 = CARTESIAN_POINT('',(74.32016300,82.29636000,0.00000000));
#5268 = VERTEX_POINT('',#5267);
#5269 = CARTESIAN_POINT('',(61.69636300,64.46556000,0.00000000));
#5270 = VERTEX_POINT('',#5269);
#5271 = CARTESIAN_POINT('',(61.69636300,64.46556000,1.50000000));
#5272 = VERTEX_POINT('',#5271);
#5273 = CARTESIAN_POINT('',(74.32016300,82.29636000,1.50000000));
#5274 = VERTEX_POINT('',#5273);
#5275 = CARTESIAN_POINT('',(74.32016300,82.29636000,0.00000000));
#5276 = DIRECTION('',(-0.57782378,-0.81616155,0.00000000));
#5277 = VECTOR('',#5276,21.84714524);
#5278 = LINE('',#5275,#5277);
#5279 = EDGE_CURVE('',#5268,#5270,#5278,.T.);
#5280 = CARTESIAN_POINT('',(61.69636300,64.46556000,0.00000000));
#5281 = DIRECTION('',(0.00000000,0.00000000,1.00000000));
#5282 = VECTOR('',#5281,1.50000000);
#5283 = LINE('',#5280,#5282);
#5284 = EDGE_CURVE('',#5270,#5272,#5283,.T.);
#5285 = CARTESIAN_POINT('',(61.69636300,64.46556000,1.50000000));
#5286 = DIRECTION('',(0.57782378,0.81616155,0.00000000));
#5287 = VECTOR('',#5286,21.84714524);
#5288 = LINE('',#5285,#5287);
#5289 = EDGE_CURVE('',#5272,#5274,#5288,.T.);
#5290 = CARTESIAN_POINT('',(74.32016300,82.29636000,1.50000000));
#5291 = DIRECTION('',(0.00000000,0.00000000,-1.00000000));
#5292 = VECTOR('',#5291,1.50000000);
#5293 = LINE('',#5290,#5292);
#5294 = EDGE_CURVE('',#5274,#5268,#5293,.T.);
#5295 = ORIENTED_EDGE('',*,*,#5279,.T.);
#5296 = ORIENTED_EDGE('',*,*,#5284,.T.);
#5297 = ORIENTED_EDGE('',*,*,#5289,.T.);
#5298 = ORIENTED_EDGE('',*,*,#5294,.T.);
#5299 = EDGE_LOOP('',(#5295,#5296,#5297,#5298));
#5300 = FACE_OUTER_BOUND('',#5299,.T.);
#5301 = CARTESIAN_POINT('',(74.32016300,82.29636000,0.00000000));
#5302 = DIRECTION('',(-0.81616155,0.57782378,0.00000000));
#5303 = DIRECTION('',(-0.57782378,-0.81616155,0.00000000));
#5304 = AXIS2_PLACEMENT_3D('',#5301,#5302,#5303);
#5305 = PLANE('',#5304);
#5306 = ADVANCED_FACE('',(#5300),#5305,.T.);
#5307 = CARTESIAN_POINT('',(61.69636300,64.46556000,0.00000000));
#5308 = VERTEX_POINT('',#5307);
#5309 = CARTESIAN_POINT('',(61.69057492,64.39939998,0.00000000));
#5310 = VERTEX_POINT('',#5309);
#5311 = CARTESIAN_POINT('',(61.69057492,64.39939998,1.50000000));
#5312 = VERTEX_POINT('',#5311);
#5313 = CARTESIAN_POINT('',(61.69636300,64.46556000,1.50000000));
#5314 = VERTEX_POINT('',#5313);
#5315 = CARTESIAN_POINT('',(61.69636300,64.46556000,0.00000000));
#5316 = DIRECTION('',(-0.08715323,-0.99619492,0.00000000));
#5317 = VECTOR('',#5316,0.06641273);
#5318 = LINE('',#5315,#5317);
#5319 = EDGE_CURVE('',#5308,#5310,#5318,.T.);
#5320 = CARTESIAN_POINT('',(61.69057492,64.39939998,0.00000000));
#5321 = DIRECTION('',(0.00000000,0.00000000,1.00000000));
#5322 = VECTOR('',#5321,1.50000000);
#5323 = LINE('',#5320,#5322);
#5324 = EDGE_CURVE('',#5310,#5312,#5323,.T.);
#5325 = CARTESIAN_POINT('',(61.69057492,64.39939998,1.50000000));
#5326 = DIRECTION('',(0.08715323,0.99619492,0.00000000));
#5327 = VECTOR('',#5326,0.06641273);
#5328 = LINE('',#5325,#5327);
#5329 = EDGE_CURVE('',#5312,#5314,#5328,.T.);
#5330 = CARTESIAN_POINT('',(61.69636300,64.46556000,1.50000000));
#5331 = DIRECTION('',(0.00000000,0.00000000,-1.00000000));
#5332 = VECTOR('',#5331,1.50000000);
#5333 = LINE('',#5330,#5332);
#5334 = EDGE_CURVE('',#5314,#5308,#5333,.T.);
#5335 = ORIENTED_EDGE('',*,*,#5319,.T.);
#5336 = ORIENTED_EDGE('',*,*,#5324,.T.);
#5337 = ORIENTED_EDGE('',*,*,#5329,.T.);
#5338 = ORIENTED_EDGE('',*,*,#5334,.T.);
#5339 = EDGE_LOOP('',(#5335,#5336,#5337,#5338));
#5340 = FACE_OUTER_BOUND('',#5339,.T.);
#5341 = CARTESIAN_POINT('',(61.69636300,64.46556000,0.00000000));
#5342 = DIRECTION('',(-0.99619492,0.08715323,0.00000000));
#5343 = DIRECTION('',(-0.08715323,-0.99619492,0.00000000));
#5344 = AXIS2_PLACEMENT_3D('',#5341,#5342,#5343);
#5345 = PLANE('',#5344);
#5346 = ADVANCED_FACE('',(#5340),#5345,.T.);
#5347 = CARTESIAN_POINT('',(61.69057492,64.39939998,0.00000000));
#5348 = VERTEX_POINT('',#5347);
#5349 = CARTESIAN_POINT('',(61.67338616,64.33525018,0.00000000));
#5350 = VERTEX_POINT('',#5349);
#5351 = CARTESIAN_POINT('',(61.67338616,64.33525018,1.50000000));
#5352 = VERTEX_POINT('',#5351);
#5353 = CARTESIAN_POINT('',(61.69057492,64.39939998,1.50000000));
#5354 = VERTEX_POINT('',#5353);
#5355 = CARTESIAN_POINT('',(61.69057492,64.39939998,0.00000000));
#5356 = DIRECTION('',(-0.25881722,-0.96592632,0.00000000));
#5357 = VECTOR('',#5356,0.06641273);
#5358 = LINE('',#5355,#5357);
#5359 = EDGE_CURVE('',#5348,#5350,#5358,.T.);
#5360 = CARTESIAN_POINT('',(61.67338616,64.33525018,0.00000000));
#5361 = DIRECTION('',(0.00000000,0.00000000,1.00000000));
#5362 = VECTOR('',#5361,1.50000000);
#5363 = LINE('',#5360,#5362);
#5364 = EDGE_CURVE('',#5350,#5352,#5363,.T.);
#5365 = CARTESIAN_POINT('',(61.67338616,64.33525018,1.50000000));
#5366 = DIRECTION('',(0.25881722,0.96592632,0.00000000));
#5367 = VECTOR('',#5366,0.06641273);
#5368 = LINE('',#5365,#5367);
#5369 = EDGE_CURVE('',#5352,#5354,#5368,.T.);
#5370 = CARTESIAN_POINT('',(61.69057492,64.39939998,1.50000000));
#5371 = DIRECTION('',(0.00000000,0.00000000,-1.00000000));
#5372 = VECTOR('',#5371,1.50000000);
#5373 = LINE('',#5370,#5372);
#5374 = EDGE_CURVE('',#5354,#5348,#5373,.T.);
#5375 = ORIENTED_EDGE('',*,*,#5359,.T.);
#5376 = ORIENTED_EDGE('',*,*,#5364,.T.);
#5377 = ORIENTED_EDGE('',*,*,#5369,.T.);
#5378 = ORIENTED_EDGE('',*,*,#5374,.T.);
#5379 = EDGE_LOOP('',(#5375,#5376,#5377,#5378));
#5380 = FACE_OUTER_BOUND('',#5379,.T.);
#5381 = CARTESIAN_POINT('',(61.69057492,64.39939998,0.00000000));
#5382 = DIRECTION('',(-0.96592632,0.25881722,0.00000000));
#5383 = DIRECTION('',(-0.25881722,-0.96592632,0.00000000));
#5384 = AXIS2_PLACEMENT_3D('',#5381,#5382,#5383);
#5385 = PLANE('',#5384);
#5386 = ADVANCED_FACE('',(#5380),#5385,.T.);
#5387 = CARTESIAN_POINT('',(61.67338616,64.33525018,0.00000000));
#5388 = VERTEX_POINT('',#5387);
#5389 = CARTESIAN_POINT('',(61.64531900,64.27505977,0.00000000));
#5390 = VERTEX_POINT('',#5389);
#5391 = CARTESIAN_POINT('',(61.64531900,64.27505977,1.50000000));
#5392 = VERTEX_POINT('',#5391);
#5393 = CARTESIAN_POINT('',(61.67338616,64.33525018,1.50000000));
#5394 = VERTEX_POINT('',#5393);
#5395 = CARTESIAN_POINT('',(61.67338616,64.33525018,0.00000000));
#5396 = DIRECTION('',(-0.42261712,-0.90630832,0.00000000));
#5397 = VECTOR('',#5396,0.06641273);
#5398 = LINE('',#5395,#5397);
#5399 = EDGE_CURVE('',#5388,#5390,#5398,.T.);
#5400 = CARTESIAN_POINT('',(61.64531900,64.27505977,0.00000000));
#5401 = DIRECTION('',(0.00000000,0.00000000,1.00000000));
#5402 = VECTOR('',#5401,1.50000000);
#5403 = LINE('',#5400,#5402);
#5404 = EDGE_CURVE('',#5390,#5392,#5403,.T.);
#5405 = CARTESIAN_POINT('',(61.64531900,64.27505977,1.50000000));
#5406 = DIRECTION('',(0.42261712,0.90630832,0.00000000));
#5407 = VECTOR('',#5406,0.06641273);
#5408 = LINE('',#5405,#5407);
#5409 = EDGE_CURVE('',#5392,#5394,#5408,.T.);
#5410 = CARTESIAN_POINT('',(61.67338616,64.33525018,1.50000000));
#5411 = DIRECTION('',(0.00000000,0.00000000,-1.00000000));
#5412 = VECTOR('',#5411,1.50000000);
#5413 = LINE('',#5410,#5412);
#5414 = EDGE_CURVE('',#5394,#5388,#5413,.T.);
#5415 = ORIENTED_EDGE('',*,*,#5399,.T.);
#5416 = ORIENTED_EDGE('',*,*,#5404,.T.);
#5417 = ORIENTED_EDGE('',*,*,#5409,.T.);
#5418 = ORIENTED_EDGE('',*,*,#5414,.T.);
#5419 = EDGE_LOOP('',(#5415,#5416,#5417,#5418));
#5420 = FACE_OUTER_BOUND('',#5419,.T.);
#5421 = CARTESIAN_POINT('',(61.67338616,64.33525018,0.00000000));
#5422 = DIRECTION('',(-0.90630832,0.42261712,0.00000000));
#5423 = DIRECTION('',(-0.42261712,-0.90630832,0.00000000));
#5424 = AXIS2_PLACEMENT_3D('',#5421,#5422,#5423);
#5425 = PLANE('',#5424);
#5426 = ADVANCED_FACE('',(#5420),#5425,.T.);
#5427 = CARTESIAN_POINT('',(61.64531900,64.27505977,0.00000000));
#5428 = VERTEX_POINT('',#5427);
#5429 = CARTESIAN_POINT('',(61.60722626,64.22065763,0.00000000));
#5430 = VERTEX_POINT('',#5429);
#5431 = CARTESIAN_POINT('',(61.60722626,64.22065763,1.50000000));
#5432 = VERTEX_POINT('',#5431);
#5433 = CARTESIAN_POINT('',(61.64531900,64.27505977,1.50000000));
#5434 = VERTEX_POINT('',#5433);
#5435 = CARTESIAN_POINT('',(61.64531900,64.27505977,0.00000000));
#5436 = DIRECTION('',(-0.57357592,-0.81915241,0.00000000));
#5437 = VECTOR('',#5436,0.06641273);
#5438 = LINE('',#5435,#5437);
#5439 = EDGE_CURVE('',#5428,#5430,#5438,.T.);
#5440 = CARTESIAN_POINT('',(61.60722626,64.22065763,0.00000000));
#5441 = DIRECTION('',(0.00000000,0.00000000,1.00000000));
#5442 = VECTOR('',#5441,1.50000000);
#5443 = LINE('',#5440,#5442);
#5444 = EDGE_CURVE('',#5430,#5432,#5443,.T.);
#5445 = CARTESIAN_POINT('',(61.60722626,64.22065763,1.50000000));
#5446 = DIRECTION('',(0.57357592,0.81915241,0.00000000));
#5447 = VECTOR('',#5446,0.06641273);
#5448 = LINE('',#5445,#5447);
#5449 = EDGE_CURVE('',#5432,#5434,#5448,.T.);
#5450 = CARTESIAN_POINT('',(61.64531900,64.27505977,1.50000000));
#5451 = DIRECTION('',(0.00000000,0.00000000,-1.00000000));
#5452 = VECTOR('',#5451,1.50000000);
#5453 = LINE('',#5450,#5452);
#5454 = EDGE_CURVE('',#5434,#5428,#5453,.T.);
#5455 = ORIENTED_EDGE('',*,*,#5439,.T.);
#5456 = ORIENTED_EDGE('',*,*,#5444,.T.);
#5457 = ORIENTED_EDGE('',*,*,#5449,.T.);
#5458 = ORIENTED_EDGE('',*,*,#5454,.T.);
#5459 = EDGE_LOOP('',(#5455,#5456,#5457,#5458));
#5460 = FACE_OUTER_BOUND('',#5459,.T.);
#5461 = CARTESIAN_POINT('',(61.64531900,64.27505977,0.00000000));
#5462 = DIRECTION('',(-0.81915241,0.57357592,0.00000000));
#5463 = DIRECTION('',(-0.57357592,-0.81915241,0.00000000));
#5464 = AXIS2_PLACEMENT_3D('',#5461,#5462,#5463);
#5465 = PLANE('',#5464);
#5466 = ADVANCED_FACE('',(#5460),#5465,.T.);
#5467 = CARTESIAN_POINT('',(61.60722626,64.22065763,0.00000000));
#5468 = VERTEX_POINT('',#5467);
#5469 = CARTESIAN_POINT('',(61.56026537,64.17369674,0.00000000));
#5470 = VERTEX_POINT('',#5469);
#5471 = CARTESIAN_POINT('',(61.56026537,64.17369674,1.50000000));
#5472 = VERTEX_POINT('',#5471);
#5473 = CARTESIAN_POINT('',(61.60722626,64.22065763,1.50000000));
#5474 = VERTEX_POINT('',#5473);
#5475 = CARTESIAN_POINT('',(61.60722626,64.22065763,0.00000000));
#5476 = DIRECTION('',(-0.70710678,-0.70710678,0.00000000));
#5477 = VECTOR('',#5476,0.06641273);
#5478 = LINE('',#5475,#5477);
#5479 = EDGE_CURVE('',#5468,#5470,#5478,.T.);
#5480 = CARTESIAN_POINT('',(61.56026537,64.17369674,0.00000000));
#5481 = DIRECTION('',(0.00000000,0.00000000,1.00000000));
#5482 = VECTOR('',#5481,1.50000000);
#5483 = LINE('',#5480,#5482);
#5484 = EDGE_CURVE('',#5470,#5472,#5483,.T.);
#5485 = CARTESIAN_POINT('',(61.56026537,64.17369674,1.50000000));
#5486 = DIRECTION('',(0.70710678,0.70710678,0.00000000));
#5487 = VECTOR('',#5486,0.06641273);
#5488 = LINE('',#5485,#5487);
#5489 = EDGE_CURVE('',#5472,#5474,#5488,.T.);
#5490 = CARTESIAN_POINT('',(61.60722626,64.22065763,1.50000000));
#5491 = DIRECTION('',(0.00000000,0.00000000,-1.00000000));
#5492 = VECTOR('',#5491,1.50000000);
#5493 = LINE('',#5490,#5492);
#5494 = EDGE_CURVE('',#5474,#5468,#5493,.T.);
#5495 = ORIENTED_EDGE('',*,*,#5479,.T.);
#5496 = ORIENTED_EDGE('',*,*,#5484,.T.);
#5497 = ORIENTED_EDGE('',*,*,#5489,.T.);
#5498 = ORIENTED_EDGE('',*,*,#5494,.T.);
#5499 = EDGE_LOOP('',(#5495,#5496,#5497,#5498));
#5500 = FACE_OUTER_BOUND('',#5499,.T.);
#5501 = CARTESIAN_POINT('',(61.60722626,64.22065763,0.00000000));
#5502 = DIRECTION('',(-0.70710678,0.70710678,0.00000000));
#5503 = DIRECTION('',(-0.70710678,-0.70710678,0.00000000));
#5504 = AXIS2_PLACEMENT_3D('',#5501,#5502,#5503);
#5505 = PLANE('',#5504);
#5506 = ADVANCED_FACE('',(#5500),#5505,.T.);
#5507 = CARTESIAN_POINT('',(61.56026537,64.17369674,0.00000000));
#5508 = VERTEX_POINT('',#5507);
#5509 = CARTESIAN_POINT('',(61.50586323,64.13560400,0.00000000));
#5510 = VERTEX_POINT('',#5509);
#5511 = CARTESIAN_POINT('',(61.50586323,64.13560400,1.50000000));
#5512 = VERTEX_POINT('',#5511);
#5513 = CARTESIAN_POINT('',(61.56026537,64.17369674,1.50000000));
#5514 = VERTEX_POINT('',#5513);
#5515 = CARTESIAN_POINT('',(61.56026537,64.17369674,0.00000000));
#5516 = DIRECTION('',(-0.81915241,-0.57357592,0.00000000));
#5517 = VECTOR('',#5516,0.06641273);
#5518 = LINE('',#5515,#5517);
#5519 = EDGE_CURVE('',#5508,#5510,#5518,.T.);
#5520 = CARTESIAN_POINT('',(61.50586323,64.13560400,0.00000000));
#5521 = DIRECTION('',(0.00000000,0.00000000,1.00000000));
#5522 = VECTOR('',#5521,1.50000000);
#5523 = LINE('',#5520,#5522);
#5524 = EDGE_CURVE('',#5510,#5512,#5523,.T.);
#5525 = CARTESIAN_POINT('',(61.50586323,64.13560400,1.50000000));
#5526 = DIRECTION('',(0.81915241,0.57357592,0.00000000));
#5527 = VECTOR('',#5526,0.06641273);
#5528 = LINE('',#5525,#5527);
#5529 = EDGE_CURVE('',#5512,#5514,#5528,.T.);
#5530 = CARTESIAN_POINT('',(61.56026537,64.17369674,1.50000000));
#5531 = DIRECTION('',(0.00000000,0.00000000,-1.00000000));
#5532 = VECTOR('',#5531,1.50000000);
#5533 = LINE('',#5530,#5532);
#5534 = EDGE_CURVE('',#5514,#5508,#5533,.T.);
#5535 = ORIENTED_EDGE('',*,*,#5519,.T.);
#5536 = ORIENTED_EDGE('',*,*,#5524,.T.);
#5537 = ORIENTED_EDGE('',*,*,#5529,.T.);
#5538 = ORIENTED_EDGE('',*,*,#5534,.T.);
#5539 = EDGE_LOOP('',(#5535,#5536,#5537,#5538));
#5540 = FACE_OUTER_BOUND('',#5539,.T.);
#5541 = CARTESIAN_POINT('',(61.56026537,64.17369674,0.00000000));
#5542 = DIRECTION('',(-0.57357592,0.81915241,0.00000000));
#5543 = DIRECTION('',(-0.81915241,-0.57357592,0.00000000));
#5544 = AXIS2_PLACEMENT_3D('',#5541,#5542,#5543);
#5545 = PLANE('',#5544);
#5546 = ADVANCED_FACE('',(#5540),#5545,.T.);
#5547 = CARTESIAN_POINT('',(61.50586323,64.13560400,0.00000000));
#5548 = VERTEX_POINT('',#5547);
#5549 = CARTESIAN_POINT('',(61.44567282,64.10753684,0.00000000));
#5550 = VERTEX_POINT('',#5549);
#5551 = CARTESIAN_POINT('',(61.44567282,64.10753684,1.50000000));
#5552 = VERTEX_POINT('',#5551);
#5553 = CARTESIAN_POINT('',(61.50586323,64.13560400,1.50000000));
#5554 = VERTEX_POINT('',#5553);
#5555 = CARTESIAN_POINT('',(61.50586323,64.13560400,0.00000000));
#5556 = DIRECTION('',(-0.90630832,-0.42261712,0.00000000));
#5557 = VECTOR('',#5556,0.06641273);
#5558 = LINE('',#5555,#5557);
#5559 = EDGE_CURVE('',#5548,#5550,#5558,.T.);
#5560 = CARTESIAN_POINT('',(61.44567282,64.10753684,0.00000000));
#5561 = DIRECTION('',(0.00000000,0.00000000,1.00000000));
#5562 = VECTOR('',#5561,1.50000000);
#5563 = LINE('',#5560,#5562);
#5564 = EDGE_CURVE('',#5550,#5552,#5563,.T.);
#5565 = CARTESIAN_POINT('',(61.44567282,64.10753684,1.50000000));
#5566 = DIRECTION('',(0.90630832,0.42261712,0.00000000));
#5567 = VECTOR('',#5566,0.06641273);
#5568 = LINE('',#5565,#5567);
#5569 = EDGE_CURVE('',#5552,#5554,#5568,.T.);
#5570 = CARTESIAN_POINT('',(61.50586323,64.13560400,1.50000000));
#5571 = DIRECTION('',(0.00000000,0.00000000,-1.00000000));
#5572 = VECTOR('',#5571,1.50000000);
#5573 = LINE('',#5570,#5572);
#5574 = EDGE_CURVE('',#5554,#5548,#5573,.T.);
#5575 = ORIENTED_EDGE('',*,*,#5559,.T.);
#5576 = ORIENTED_EDGE('',*,*,#5564,.T.);
#5577 = ORIENTED_EDGE('',*,*,#5569,.T.);
#5578 = ORIENTED_EDGE('',*,*,#5574,.T.);
#5579 = EDGE_LOOP('',(#5575,#5576,#5577,#5578));
#5580 = FACE_OUTER_BOUND('',#5579,.T.);
#5581 = CARTESIAN_POINT('',(61.50586323,64.13560400,0.00000000));
#5582 = DIRECTION('',(-0.42261712,0.90630832,0.00000000));
#5583 = DIRECTION('',(-0.90630832,-0.42261712,0.00000000));
#5584 = AXIS2_PLACEMENT_3D('',#5581,#5582,#5583);
#5585 = PLANE('',#5584);
#5586 = ADVANCED_FACE('',(#5580),#5585,.T.);
#5587 = CARTESIAN_POINT('',(61.44567282,64.10753684,0.00000000));
#5588 = VERTEX_POINT('',#5587);
#5589 = CARTESIAN_POINT('',(61.38152302,64.09034808,0.00000000));
#5590 = VERTEX_POINT('',#5589);
#5591 = CARTESIAN_POINT('',(61.38152302,64.09034808,1.50000000));
#5592 = VERTEX_POINT('',#5591);
#5593 = CARTESIAN_POINT('',(61.44567282,64.10753684,1.50000000));
#5594 = VERTEX_POINT('',#5593);
#5595 = CARTESIAN_POINT('',(61.44567282,64.10753684,0.00000000));
#5596 = DIRECTION('',(-0.96592632,-0.25881722,0.00000000));
#5597 = VECTOR('',#5596,0.06641273);
#5598 = LINE('',#5595,#5597);
#5599 = EDGE_CURVE('',#5588,#5590,#5598,.T.);
#5600 = CARTESIAN_POINT('',(61.38152302,64.09034808,0.00000000));
#5601 = DIRECTION('',(0.00000000,0.00000000,1.00000000));
#5602 = VECTOR('',#5601,1.50000000);
#5603 = LINE('',#5600,#5602);
#5604 = EDGE_CURVE('',#5590,#5592,#5603,.T.);
#5605 = CARTESIAN_POINT('',(61.38152302,64.09034808,1.50000000));
#5606 = DIRECTION('',(0.96592632,0.25881722,0.00000000));
#5607 = VECTOR('',#5606,0.06641273);
#5608 = LINE('',#5605,#5607);
#5609 = EDGE_CURVE('',#5592,#5594,#5608,.T.);
#5610 = CARTESIAN_POINT('',(61.44567282,64.10753684,1.50000000));
#5611 = DIRECTION('',(0.00000000,0.00000000,-1.00000000));
#5612 = VECTOR('',#5611,1.50000000);
#5613 = LINE('',#5610,#5612);
#5614 = EDGE_CURVE('',#5594,#5588,#5613,.T.);
#5615 = ORIENTED_EDGE('',*,*,#5599,.T.);
#5616 = ORIENTED_EDGE('',*,*,#5604,.T.);
#5617 = ORIENTED_EDGE('',*,*,#5609,.T.);
#5618 = ORIENTED_EDGE('',*,*,#5614,.T.);
#5619 = EDGE_LOOP('',(#5615,#5616,#5617,#5618));
#5620 = FACE_OUTER_BOUND('',#5619,.T.);
#5621 = CARTESIAN_POINT('',(61.44567282,64.10753684,0.00000000));
#5622 = DIRECTION('',(-0.25881722,0.96592632,0.00000000));
#5623 = DIRECTION('',(-0.96592632,-0.25881722,0.00000000));
#5624 = AXIS2_PLACEMENT_3D('',#5621,#5622,#5623);
#5625 = PLANE('',#5624);
#5626 = ADVANCED_FACE('',(#5620),#5625,.T.);
#5627 = CARTESIAN_POINT('',(61.38152302,64.09034808,0.00000000));
#5628 = VERTEX_POINT('',#5627);
#5629 = CARTESIAN_POINT('',(61.31536300,64.08456000,0.00000000));
#5630 = VERTEX_POINT('',#5629);
#5631 = CARTESIAN_POINT('',(61.31536300,64.08456000,1.50000000));
#5632 = VERTEX_POINT('',#5631);
#5633 = CARTESIAN_POINT('',(61.38152302,64.09034808,1.50000000));
#5634 = VERTEX_POINT('',#5633);
#5635 = CARTESIAN_POINT('',(61.38152302,64.09034808,0.00000000));
#5636 = DIRECTION('',(-0.99619492,-0.08715323,0.00000000));
#5637 = VECTOR('',#5636,0.06641273);
#5638 = LINE('',#5635,#5637);
#5639 = EDGE_CURVE('',#5628,#5630,#5638,.T.);
#5640 = CARTESIAN_POINT('',(61.31536300,64.08456000,0.00000000));
#5641 = DIRECTION('',(0.00000000,0.00000000,1.00000000));
#5642 = VECTOR('',#5641,1.50000000);
#5643 = LINE('',#5640,#5642);
#5644 = EDGE_CURVE('',#5630,#5632,#5643,.T.);
#5645 = CARTESIAN_POINT('',(61.31536300,64.08456000,1.50000000));
#5646 = DIRECTION('',(0.99619492,0.08715323,0.00000000));
#5647 = VECTOR('',#5646,0.06641273);
#5648 = LINE('',#5645,#5647);
#5649 = EDGE_CURVE('',#5632,#5634,#5648,.T.);
#5650 = CARTESIAN_POINT('',(61.38152302,64.09034808,1.50000000));
#5651 = DIRECTION('',(0.00000000,0.00000000,-1.00000000));
#5652 = VECTOR('',#5651,1.50000000);
#5653 = LINE('',#5650,#5652);
#5654 = EDGE_CURVE('',#5634,#5628,#5653,.T.);
#5655 = ORIENTED_EDGE('',*,*,#5639,.T.);
#5656 = ORIENTED_EDGE('',*,*,#5644,.T.);
#5657 = ORIENTED_EDGE('',*,*,#5649,.T.);
#5658 = ORIENTED_EDGE('',*,*,#5654,.T.);
#5659 = EDGE_LOOP('',(#5655,#5656,#5657,#5658));
#5660 = FACE_OUTER_BOUND('',#5659,.T.);
#5661 = CARTESIAN_POINT('',(61.38152302,64.09034808,0.00000000));
#5662 = DIRECTION('',(-0.08715323,0.99619492,0.00000000));
#5663 = DIRECTION('',(-0.99619492,-0.08715323,0.00000000));
#5664 = AXIS2_PLACEMENT_3D('',#5661,#5662,#5663);
#5665 = PLANE('',#5664);
#5666 = ADVANCED_FACE('',(#5660),#5665,.T.);
#5667 = CARTESIAN_POINT('',(61.31536300,64.08456000,0.00000000));
#5668 = VERTEX_POINT('',#5667);
#5669 = CARTESIAN_POINT('',(11.42976300,64.08456000,0.00000000));
#5670 = VERTEX_POINT('',#5669);
#5671 = CARTESIAN_POINT('',(11.42976300,64.08456000,1.50000000));
#5672 = VERTEX_POINT('',#5671);
#5673 = CARTESIAN_POINT('',(61.31536300,64.08456000,1.50000000));
#5674 = VERTEX_POINT('',#5673);
#5675 = CARTESIAN_POINT('',(61.31536300,64.08456000,0.00000000));
#5676 = DIRECTION('',(-1.00000000,0.00000000,0.00000000));
#5677 = VECTOR('',#5676,49.88560000);
#5678 = LINE('',#5675,#5677);
#5679 = EDGE_CURVE('',#5668,#5670,#5678,.T.);
#5680 = CARTESIAN_POINT('',(11.42976300,64.08456000,0.00000000));
#5681 = DIRECTION('',(0.00000000,0.00000000,1.00000000));
#5682 = VECTOR('',#5681,1.50000000);
#5683 = LINE('',#5680,#5682);
#5684 = EDGE_CURVE('',#5670,#5672,#5683,.T.);
#5685 = CARTESIAN_POINT('',(11.42976300,64.08456000,1.50000000));
#5686 = DIRECTION('',(1.00000000,-0.00000000,0.00000000));
#5687 = VECTOR('',#5686,49.88560000);
#5688 = LINE('',#5685,#5687);
#5689 = EDGE_CURVE('',#5672,#5674,#5688,.T.);
#5690 = CARTESIAN_POINT('',(61.31536300,64.08456000,1.50000000));
#5691 = DIRECTION('',(0.00000000,0.00000000,-1.00000000));
#5692 = VECTOR('',#5691,1.50000000);
#5693 = LINE('',#5690,#5692);
#5694 = EDGE_CURVE('',#5674,#5668,#5693,.T.);
#5695 = ORIENTED_EDGE('',*,*,#5679,.T.);
#5696 = ORIENTED_EDGE('',*,*,#5684,.T.);
#5697 = ORIENTED_EDGE('',*,*,#5689,.T.);
#5698 = ORIENTED_EDGE('',*,*,#5694,.T.);
#5699 = EDGE_LOOP('',(#5695,#5696,#5697,#5698));
#5700 = FACE_OUTER_BOUND('',#5699,.T.);
#5701 = CARTESIAN_POINT('',(61.31536300,64.08456000,0.00000000));
#5702 = DIRECTION('',(0.00000000,1.00000000,0.00000000));
#5703 = DIRECTION('',(-1.00000000,0.00000000,0.00000000));
#5704 = AXIS2_PLACEMENT_3D('',#5701,#5702,#5703);
#5705 = PLANE('',#5704);
#5706 = ADVANCED_FACE('',(#5700),#5705,.T.);
#5707 = CARTESIAN_POINT('',(11.42976300,64.08456000,0.00000000));
#5708 = VERTEX_POINT('',#5707);
#5709 = CARTESIAN_POINT('',(11.37242430,64.08957631,0.00000000));
#5710 = VERTEX_POINT('',#5709);
#5711 = CARTESIAN_POINT('',(11.37242430,64.08957631,1.50000000));
#5712 = VERTEX_POINT('',#5711);
#5713 = CARTESIAN_POINT('',(11.42976300,64.08456000,1.50000000));
#5714 = VERTEX_POINT('',#5713);
#5715 = CARTESIAN_POINT('',(11.42976300,64.08456000,0.00000000));
#5716 = DIRECTION('',(-0.99619497,0.08715262,0.00000000));
#5717 = VECTOR('',#5716,0.05755771);
#5718 = LINE('',#5715,#5717);
#5719 = EDGE_CURVE('',#5708,#5710,#5718,.T.);
#5720 = CARTESIAN_POINT('',(11.37242430,64.08957631,0.00000000));
#5721 = DIRECTION('',(0.00000000,0.00000000,1.00000000));
#5722 = VECTOR('',#5721,1.50000000);
#5723 = LINE('',#5720,#5722);
#5724 = EDGE_CURVE('',#5710,#5712,#5723,.T.);
#5725 = CARTESIAN_POINT('',(11.37242430,64.08957631,1.50000000));
#5726 = DIRECTION('',(0.99619497,-0.08715262,0.00000000));
#5727 = VECTOR('',#5726,0.05755771);
#5728 = LINE('',#5725,#5727);
#5729 = EDGE_CURVE('',#5712,#5714,#5728,.T.);
#5730 = CARTESIAN_POINT('',(11.42976300,64.08456000,1.50000000));
#5731 = DIRECTION('',(0.00000000,0.00000000,-1.00000000));
#5732 = VECTOR('',#5731,1.50000000);
#5733 = LINE('',#5730,#5732);
#5734 = EDGE_CURVE('',#5714,#5708,#5733,.T.);
#5735 = ORIENTED_EDGE('',*,*,#5719,.T.);
#5736 = ORIENTED_EDGE('',*,*,#5724,.T.);
#5737 = ORIENTED_EDGE('',*,*,#5729,.T.);
#5738 = ORIENTED_EDGE('',*,*,#5734,.T.);
#5739 = EDGE_LOOP('',(#5735,#5736,#5737,#5738));
#5740 = FACE_OUTER_BOUND('',#5739,.T.);
#5741 = CARTESIAN_POINT('',(11.42976300,64.08456000,0.00000000));
#5742 = DIRECTION('',(0.08715262,0.99619497,0.00000000));
#5743 = DIRECTION('',(-0.99619497,0.08715262,0.00000000));
#5744 = AXIS2_PLACEMENT_3D('',#5741,#5742,#5743);
#5745 = PLANE('',#5744);
#5746 = ADVANCED_FACE('',(#5740),#5745,.T.);
#5747 = CARTESIAN_POINT('',(11.37242430,64.08957631,0.00000000));
#5748 = VERTEX_POINT('',#5747);
#5749 = CARTESIAN_POINT('',(11.31682779,64.10447321,0.00000000));
#5750 = VERTEX_POINT('',#5749);
#5751 = CARTESIAN_POINT('',(11.31682779,64.10447321,1.50000000));
#5752 = VERTEX_POINT('',#5751);
#5753 = CARTESIAN_POINT('',(11.37242430,64.08957631,1.50000000));
#5754 = VERTEX_POINT('',#5753);
#5755 = CARTESIAN_POINT('',(11.37242430,64.08957631,0.00000000));
#5756 = DIRECTION('',(-0.96592643,0.25881678,0.00000000));
#5757 = VECTOR('',#5756,0.05755771);
#5758 = LINE('',#5755,#5757);
#5759 = EDGE_CURVE('',#5748,#5750,#5758,.T.);
#5760 = CARTESIAN_POINT('',(11.31682779,64.10447321,0.00000000));
#5761 = DIRECTION('',(0.00000000,0.00000000,1.00000000));
#5762 = VECTOR('',#5761,1.50000000);
#5763 = LINE('',#5760,#5762);
#5764 = EDGE_CURVE('',#5750,#5752,#5763,.T.);
#5765 = CARTESIAN_POINT('',(11.31682779,64.10447321,1.50000000));
#5766 = DIRECTION('',(0.96592643,-0.25881678,0.00000000));
#5767 = VECTOR('',#5766,0.05755771);
#5768 = LINE('',#5765,#5767);
#5769 = EDGE_CURVE('',#5752,#5754,#5768,.T.);
#5770 = CARTESIAN_POINT('',(11.37242430,64.08957631,1.50000000));
#5771 = DIRECTION('',(0.00000000,0.00000000,-1.00000000));
#5772 = VECTOR('',#5771,1.50000000);
#5773 = LINE('',#5770,#5772);
#5774 = EDGE_CURVE('',#5754,#5748,#5773,.T.);
#5775 = ORIENTED_EDGE('',*,*,#5759,.T.);
#5776 = ORIENTED_EDGE('',*,*,#5764,.T.);
#5777 = ORIENTED_EDGE('',*,*,#5769,.T.);
#5778 = ORIENTED_EDGE('',*,*,#5774,.T.);
#5779 = EDGE_LOOP('',(#5775,#5776,#5777,#5778));
#5780 = FACE_OUTER_BOUND('',#5779,.T.);
#5781 = CARTESIAN_POINT('',(11.37242430,64.08957631,0.00000000));
#5782 = DIRECTION('',(0.25881678,0.96592643,0.00000000));
#5783 = DIRECTION('',(-0.96592643,0.25881678,0.00000000));
#5784 = AXIS2_PLACEMENT_3D('',#5781,#5782,#5783);
#5785 = PLANE('',#5784);
#5786 = ADVANCED_FACE('',(#5780),#5785,.T.);
#5787 = CARTESIAN_POINT('',(11.31682779,64.10447321,0.00000000));
#5788 = VERTEX_POINT('',#5787);
#5789 = CARTESIAN_POINT('',(11.26466275,64.12879806,0.00000000));
#5790 = VERTEX_POINT('',#5789);
#5791 = CARTESIAN_POINT('',(11.26466275,64.12879806,1.50000000));
#5792 = VERTEX_POINT('',#5791);
#5793 = CARTESIAN_POINT('',(11.31682779,64.10447321,1.50000000));
#5794 = VERTEX_POINT('',#5793);
#5795 = CARTESIAN_POINT('',(11.31682779,64.10447321,0.00000000));
#5796 = DIRECTION('',(-0.90630845,0.42261684,0.00000000));
#5797 = VECTOR('',#5796,0.05755771);
#5798 = LINE('',#5795,#5797);
#5799 = EDGE_CURVE('',#5788,#5790,#5798,.T.);
#5800 = CARTESIAN_POINT('',(11.26466275,64.12879806,0.00000000));
#5801 = DIRECTION('',(0.00000000,0.00000000,1.00000000));
#5802 = VECTOR('',#5801,1.50000000);
#5803 = LINE('',#5800,#5802);
#5804 = EDGE_CURVE('',#5790,#5792,#5803,.T.);
#5805 = CARTESIAN_POINT('',(11.26466275,64.12879806,1.50000000));
#5806 = DIRECTION('',(0.90630845,-0.42261684,0.00000000));
#5807 = VECTOR('',#5806,0.05755771);
#5808 = LINE('',#5805,#5807);
#5809 = EDGE_CURVE('',#5792,#5794,#5808,.T.);
#5810 = CARTESIAN_POINT('',(11.31682779,64.10447321,1.50000000));
#5811 = DIRECTION('',(0.00000000,0.00000000,-1.00000000));
#5812 = VECTOR('',#5811,1.50000000);
#5813 = LINE('',#5810,#5812);
#5814 = EDGE_CURVE('',#5794,#5788,#5813,.T.);
#5815 = ORIENTED_EDGE('',*,*,#5799,.T.);
#5816 = ORIENTED_EDGE('',*,*,#5804,.T.);
#5817 = ORIENTED_EDGE('',*,*,#5809,.T.);
#5818 = ORIENTED_EDGE('',*,*,#5814,.T.);
#5819 = EDGE_LOOP('',(#5815,#5816,#5817,#5818));
#5820 = FACE_OUTER_BOUND('',#5819,.T.);
#5821 = CARTESIAN_POINT('',(11.31682779,64.10447321,0.00000000));
#5822 = DIRECTION('',(0.42261684,0.90630845,0.00000000));
#5823 = DIRECTION('',(-0.90630845,0.42261684,0.00000000));
#5824 = AXIS2_PLACEMENT_3D('',#5821,#5822,#5823);
#5825 = PLANE('',#5824);
#5826 = ADVANCED_FACE('',(#5820),#5825,.T.);
#5827 = CARTESIAN_POINT('',(11.26466275,64.12879806,0.00000000));
#5828 = VERTEX_POINT('',#5827);
#5829 = CARTESIAN_POINT('',(11.21751421,64.16181177,0.00000000));
#5830 = VERTEX_POINT('',#5829);
#5831 = CARTESIAN_POINT('',(11.21751421,64.16181177,1.50000000));
#5832 = VERTEX_POINT('',#5831);
#5833 = CARTESIAN_POINT('',(11.26466275,64.12879806,1.50000000));
#5834 = VERTEX_POINT('',#5833);
#5835 = CARTESIAN_POINT('',(11.26466275,64.12879806,0.00000000));
#5836 = DIRECTION('',(-0.81915249,0.57357579,0.00000000));
#5837 = VECTOR('',#5836,0.05755771);
#5838 = LINE('',#5835,#5837);
#5839 = EDGE_CURVE('',#5828,#5830,#5838,.T.);
#5840 = CARTESIAN_POINT('',(11.21751421,64.16181177,0.00000000));
#5841 = DIRECTION('',(0.00000000,0.00000000,1.00000000));
#5842 = VECTOR('',#5841,1.50000000);
#5843 = LINE('',#5840,#5842);
#5844 = EDGE_CURVE('',#5830,#5832,#5843,.T.);
#5845 = CARTESIAN_POINT('',(11.21751421,64.16181177,1.50000000));
#5846 = DIRECTION('',(0.81915249,-0.57357579,0.00000000));
#5847 = VECTOR('',#5846,0.05755771);
#5848 = LINE('',#5845,#5847);
#5849 = EDGE_CURVE('',#5832,#5834,#5848,.T.);
#5850 = CARTESIAN_POINT('',(11.26466275,64.12879806,1.50000000));
#5851 = DIRECTION('',(0.00000000,0.00000000,-1.00000000));
#5852 = VECTOR('',#5851,1.50000000);
#5853 = LINE('',#5850,#5852);
#5854 = EDGE_CURVE('',#5834,#5828,#5853,.T.);
#5855 = ORIENTED_EDGE('',*,*,#5839,.T.);
#5856 = ORIENTED_EDGE('',*,*,#5844,.T.);
#5857 = ORIENTED_EDGE('',*,*,#5849,.T.);
#5858 = ORIENTED_EDGE('',*,*,#5854,.T.);
#5859 = EDGE_LOOP('',(#5855,#5856,#5857,#5858));
#5860 = FACE_OUTER_BOUND('',#5859,.T.);
#5861 = CARTESIAN_POINT('',(11.26466275,64.12879806,0.00000000));
#5862 = DIRECTION('',(0.57357579,0.81915249,0.00000000));
#5863 = DIRECTION('',(-0.81915249,0.57357579,0.00000000));
#5864 = AXIS2_PLACEMENT_3D('',#5861,#5862,#5863);
#5865 = PLANE('',#5864);
#5866 = ADVANCED_FACE('',(#5860),#5865,.T.);
#5867 = CARTESIAN_POINT('',(11.21751421,64.16181177,0.00000000));
#5868 = VERTEX_POINT('',#5867);
#5869 = CARTESIAN_POINT('',(11.17681477,64.20251121,0.00000000));
#5870 = VERTEX_POINT('',#5869);
#5871 = CARTESIAN_POINT('',(11.17681477,64.20251121,1.50000000));
#5872 = VERTEX_POINT('',#5871);
#5873 = CARTESIAN_POINT('',(11.21751421,64.16181177,1.50000000));
#5874 = VERTEX_POINT('',#5873);
#5875 = CARTESIAN_POINT('',(11.21751421,64.16181177,0.00000000));
#5876 = DIRECTION('',(-0.70710678,0.70710678,0.00000000));
#5877 = VECTOR('',#5876,0.05755771);
#5878 = LINE('',#5875,#5877);
#5879 = EDGE_CURVE('',#5868,#5870,#5878,.T.);
#5880 = CARTESIAN_POINT('',(11.17681477,64.20251121,0.00000000));
#5881 = DIRECTION('',(0.00000000,0.00000000,1.00000000));
#5882 = VECTOR('',#5881,1.50000000);
#5883 = LINE('',#5880,#5882);
#5884 = EDGE_CURVE('',#5870,#5872,#5883,.T.);
#5885 = CARTESIAN_POINT('',(11.17681477,64.20251121,1.50000000));
#5886 = DIRECTION('',(0.70710678,-0.70710678,0.00000000));
#5887 = VECTOR('',#5886,0.05755771);
#5888 = LINE('',#5885,#5887);
#5889 = EDGE_CURVE('',#5872,#5874,#5888,.T.);
#5890 = CARTESIAN_POINT('',(11.21751421,64.16181177,1.50000000));
#5891 = DIRECTION('',(0.00000000,0.00000000,-1.00000000));
#5892 = VECTOR('',#5891,1.50000000);
#5893 = LINE('',#5890,#5892);
#5894 = EDGE_CURVE('',#5874,#5868,#5893,.T.);
#5895 = ORIENTED_EDGE('',*,*,#5879,.T.);
#5896 = ORIENTED_EDGE('',*,*,#5884,.T.);
#5897 = ORIENTED_EDGE('',*,*,#5889,.T.);
#5898 = ORIENTED_EDGE('',*,*,#5894,.T.);
#5899 = EDGE_LOOP('',(#5895,#5896,#5897,#5898));
#5900 = FACE_OUTER_BOUND('',#5899,.T.);
#5901 = CARTESIAN_POINT('',(11.21751421,64.16181177,0.00000000));
#5902 = DIRECTION('',(0.70710678,0.70710678,0.00000000));
#5903 = DIRECTION('',(-0.70710678,0.70710678,0.00000000));
#5904 = AXIS2_PLACEMENT_3D('',#5901,#5902,#5903);
#5905 = PLANE('',#5904);
#5906 = ADVANCED_FACE('',(#5900),#5905,.T.);
#5907 = CARTESIAN_POINT('',(11.17681477,64.20251121,0.00000000));
#5908 = VERTEX_POINT('',#5907);
#5909 = CARTESIAN_POINT('',(11.14380106,64.24965975,0.00000000));
#5910 = VERTEX_POINT('',#5909);
#5911 = CARTESIAN_POINT('',(11.14380106,64.24965975,1.50000000));
#5912 = VERTEX_POINT('',#5911);
#5913 = CARTESIAN_POINT('',(11.17681477,64.20251121,1.50000000));
#5914 = VERTEX_POINT('',#5913);
#5915 = CARTESIAN_POINT('',(11.17681477,64.20251121,0.00000000));
#5916 = DIRECTION('',(-0.57357579,0.81915249,0.00000000));
#5917 = VECTOR('',#5916,0.05755771);
#5918 = LINE('',#5915,#5917);
#5919 = EDGE_CURVE('',#5908,#5910,#5918,.T.);
#5920 = CARTESIAN_POINT('',(11.14380106,64.24965975,0.00000000));
#5921 = DIRECTION('',(0.00000000,0.00000000,1.00000000));
#5922 = VECTOR('',#5921,1.50000000);
#5923 = LINE('',#5920,#5922);
#5924 = EDGE_CURVE('',#5910,#5912,#5923,.T.);
#5925 = CARTESIAN_POINT('',(11.14380106,64.24965975,1.50000000));
#5926 = DIRECTION('',(0.57357579,-0.81915249,0.00000000));
#5927 = VECTOR('',#5926,0.05755771);
#5928 = LINE('',#5925,#5927);
#5929 = EDGE_CURVE('',#5912,#5914,#5928,.T.);
#5930 = CARTESIAN_POINT('',(11.17681477,64.20251121,1.50000000));
#5931 = DIRECTION('',(0.00000000,0.00000000,-1.00000000));
#5932 = VECTOR('',#5931,1.50000000);
#5933 = LINE('',#5930,#5932);
#5934 = EDGE_CURVE('',#5914,#5908,#5933,.T.);
#5935 = ORIENTED_EDGE('',*,*,#5919,.T.);
#5936 = ORIENTED_EDGE('',*,*,#5924,.T.);
#5937 = ORIENTED_EDGE('',*,*,#5929,.T.);
#5938 = ORIENTED_EDGE('',*,*,#5934,.T.);
#5939 = EDGE_LOOP('',(#5935,#5936,#5937,#5938));
#5940 = FACE_OUTER_BOUND('',#5939,.T.);
#5941 = CARTESIAN_POINT('',(11.17681477,64.20251121,0.00000000));
#5942 = DIRECTION('',(0.81915249,0.57357579,0.00000000));
#5943 = DIRECTION('',(-0.57357579,0.81915249,0.00000000));
#5944 = AXIS2_PLACEMENT_3D('',#5941,#5942,#5943);
#5945 = PLANE('',#5944);
#5946 = ADVANCED_FACE('',(#5940),#5945,.T.);
#5947 = CARTESIAN_POINT('',(11.14380106,64.24965975,0.00000000));
#5948 = VERTEX_POINT('',#5947);
#5949 = CARTESIAN_POINT('',(11.11947621,64.30182479,0.00000000));
#5950 = VERTEX_POINT('',#5949);
#5951 = CARTESIAN_POINT('',(11.11947621,64.30182479,1.50000000));
#5952 = VERTEX_POINT('',#5951);
#5953 = CARTESIAN_POINT('',(11.14380106,64.24965975,1.50000000));
#5954 = VERTEX_POINT('',#5953);
#5955 = CARTESIAN_POINT('',(11.14380106,64.24965975,0.00000000));
#5956 = DIRECTION('',(-0.42261684,0.90630845,0.00000000));
#5957 = VECTOR('',#5956,0.05755771);
#5958 = LINE('',#5955,#5957);
#5959 = EDGE_CURVE('',#5948,#5950,#5958,.T.);
#5960 = CARTESIAN_POINT('',(11.11947621,64.30182479,0.00000000));
#5961 = DIRECTION('',(0.00000000,0.00000000,1.00000000));
#5962 = VECTOR('',#5961,1.50000000);
#5963 = LINE('',#5960,#5962);
#5964 = EDGE_CURVE('',#5950,#5952,#5963,.T.);
#5965 = CARTESIAN_POINT('',(11.11947621,64.30182479,1.50000000));
#5966 = DIRECTION('',(0.42261684,-0.90630845,0.00000000));
#5967 = VECTOR('',#5966,0.05755771);
#5968 = LINE('',#5965,#5967);
#5969 = EDGE_CURVE('',#5952,#5954,#5968,.T.);
#5970 = CARTESIAN_POINT('',(11.14380106,64.24965975,1.50000000));
#5971 = DIRECTION('',(0.00000000,0.00000000,-1.00000000));
#5972 = VECTOR('',#5971,1.50000000);
#5973 = LINE('',#5970,#5972);
#5974 = EDGE_CURVE('',#5954,#5948,#5973,.T.);
#5975 = ORIENTED_EDGE('',*,*,#5959,.T.);
#5976 = ORIENTED_EDGE('',*,*,#5964,.T.);
#5977 = ORIENTED_EDGE('',*,*,#5969,.T.);
#5978 = ORIENTED_EDGE('',*,*,#5974,.T.);
#5979 = EDGE_LOOP('',(#5975,#5976,#5977,#5978));
#5980 = FACE_OUTER_BOUND('',#5979,.T.);
#5981 = CARTESIAN_POINT('',(11.14380106,64.24965975,0.00000000));
#5982 = DIRECTION('',(0.90630845,0.42261684,0.00000000));
#5983 = DIRECTION('',(-0.42261684,0.90630845,0.00000000));
#5984 = AXIS2_PLACEMENT_3D('',#5981,#5982,#5983);
#5985 = PLANE('',#5984);
#5986 = ADVANCED_FACE('',(#5980),#5985,.T.);
#5987 = CARTESIAN_POINT('',(11.11947621,64.30182479,0.00000000));
#5988 = VERTEX_POINT('',#5987);
#5989 = CARTESIAN_POINT('',(11.10457931,64.35742130,0.00000000));
#5990 = VERTEX_POINT('',#5989);
#5991 = CARTESIAN_POINT('',(11.10457931,64.35742130,1.50000000));
#5992 = VERTEX_POINT('',#5991);
#5993 = CARTESIAN_POINT('',(11.11947621,64.30182479,1.50000000));
#5994 = VERTEX_POINT('',#5993);
#5995 = CARTESIAN_POINT('',(11.11947621,64.30182479,0.00000000));
#5996 = DIRECTION('',(-0.25881678,0.96592643,0.00000000));
#5997 = VECTOR('',#5996,0.05755771);
#5998 = LINE('',#5995,#5997);
#5999 = EDGE_CURVE('',#5988,#5990,#5998,.T.);
#6000 = CARTESIAN_POINT('',(11.10457931,64.35742130,0.00000000));
#6001 = DIRECTION('',(0.00000000,0.00000000,1.00000000));
#6002 = VECTOR('',#6001,1.50000000);
#6003 = LINE('',#6000,#6002);
#6004 = EDGE_CURVE('',#5990,#5992,#6003,.T.);
#6005 = CARTESIAN_POINT('',(11.10457931,64.35742130,1.50000000));
#6006 = DIRECTION('',(0.25881678,-0.96592643,0.00000000));
#6007 = VECTOR('',#6006,0.05755771);
#6008 = LINE('',#6005,#6007);
#6009 = EDGE_CURVE('',#5992,#5994,#6008,.T.);
#6010 = CARTESIAN_POINT('',(11.11947621,64.30182479,1.50000000));
#6011 = DIRECTION('',(0.00000000,0.00000000,-1.00000000));
#6012 = VECTOR('',#6011,1.50000000);
#6013 = LINE('',#6010,#6012);
#6014 = EDGE_CURVE('',#5994,#5988,#6013,.T.);
#6015 = ORIENTED_EDGE('',*,*,#5999,.T.);
#6016 = ORIENTED_EDGE('',*,*,#6004,.T.);
#6017 = ORIENTED_EDGE('',*,*,#6009,.T.);
#6018 = ORIENTED_EDGE('',*,*,#6014,.T.);
#6019 = EDGE_LOOP('',(#6015,#6016,#6017,#6018));
#6020 = FACE_OUTER_BOUND('',#6019,.T.);
#6021 = CARTESIAN_POINT('',(11.11947621,64.30182479,0.00000000));
#6022 = DIRECTION('',(0.96592643,0.25881678,0.00000000));
#6023 = DIRECTION('',(-0.25881678,0.96592643,0.00000000));
#6024 = AXIS2_PLACEMENT_3D('',#6021,#6022,#6023);
#6025 = PLANE('',#6024);
#6026 = ADVANCED_FACE('',(#6020),#6025,.T.);
#6027 = CARTESIAN_POINT('',(11.10457931,64.35742130,0.00000000));
#6028 = VERTEX_POINT('',#6027);
#6029 = CARTESIAN_POINT('',(11.09956300,64.41476000,0.00000000));
#6030 = VERTEX_POINT('',#6029);
#6031 = CARTESIAN_POINT('',(11.09956300,64.41476000,1.50000000));
#6032 = VERTEX_POINT('',#6031);
#6033 = CARTESIAN_POINT('',(11.10457931,64.35742130,1.50000000));
#6034 = VERTEX_POINT('',#6033);
#6035 = CARTESIAN_POINT('',(11.10457931,64.35742130,0.00000000));
#6036 = DIRECTION('',(-0.08715262,0.99619497,0.00000000));
#6037 = VECTOR('',#6036,0.05755771);
#6038 = LINE('',#6035,#6037);
#6039 = EDGE_CURVE('',#6028,#6030,#6038,.T.);
#6040 = CARTESIAN_POINT('',(11.09956300,64.41476000,0.00000000));
#6041 = DIRECTION('',(0.00000000,0.00000000,1.00000000));
#6042 = VECTOR('',#6041,1.50000000);
#6043 = LINE('',#6040,#6042);
#6044 = EDGE_CURVE('',#6030,#6032,#6043,.T.);
#6045 = CARTESIAN_POINT('',(11.09956300,64.41476000,1.50000000));
#6046 = DIRECTION('',(0.08715262,-0.99619497,0.00000000));
#6047 = VECTOR('',#6046,0.05755771);
#6048 = LINE('',#6045,#6047);
#6049 = EDGE_CURVE('',#6032,#6034,#6048,.T.);
#6050 = CARTESIAN_POINT('',(11.10457931,64.35742130,1.50000000));
#6051 = DIRECTION('',(0.00000000,0.00000000,-1.00000000));
#6052 = VECTOR('',#6051,1.50000000);
#6053 = LINE('',#6050,#6052);
#6054 = EDGE_CURVE('',#6034,#6028,#6053,.T.);
#6055 = ORIENTED_EDGE('',*,*,#6039,.T.);
#6056 = ORIENTED_EDGE('',*,*,#6044,.T.);
#6057 = ORIENTED_EDGE('',*,*,#6049,.T.);
#6058 = ORIENTED_EDGE('',*,*,#6054,.T.);
#6059 = EDGE_LOOP('',(#6055,#6056,#6057,#6058));
#6060 = FACE_OUTER_BOUND('',#6059,.T.);
#6061 = CARTESIAN_POINT('',(11.10457931,64.35742130,0.00000000));
#6062 = DIRECTION('',(0.99619497,0.08715262,0.00000000));
#6063 = DIRECTION('',(-0.08715262,0.99619497,0.00000000));
#6064 = AXIS2_PLACEMENT_3D('',#6061,#6062,#6063);
#6065 = PLANE('',#6064);
#6066 = ADVANCED_FACE('',(#6060),#6065,.T.);
#6067 = CARTESIAN_POINT('',(11.09956300,64.41476000,0.00000000));
#6068 = VERTEX_POINT('',#6067);
#6069 = CARTESIAN_POINT('',(11.04862663,64.99696769,0.00000000));
#6070 = VERTEX_POINT('',#6069);
#6071 = CARTESIAN_POINT('',(11.04862663,64.99696769,1.50000000));
#6072 = VERTEX_POINT('',#6071);
#6073 = CARTESIAN_POINT('',(11.09956300,64.41476000,1.50000000));
#6074 = VERTEX_POINT('',#6073);
#6075 = CARTESIAN_POINT('',(11.09956300,64.41476000,0.00000000));
#6076 = DIRECTION('',(-0.08715540,0.99619473,0.00000000));
#6077 = VECTOR('',#6076,0.58443161);
#6078 = LINE('',#6075,#6077);
#6079 = EDGE_CURVE('',#6068,#6070,#6078,.T.);
#6080 = CARTESIAN_POINT('',(11.04862663,64.99696769,0.00000000));
#6081 = DIRECTION('',(0.00000000,0.00000000,1.00000000));
#6082 = VECTOR('',#6081,1.50000000);
#6083 = LINE('',#6080,#6082);
#6084 = EDGE_CURVE('',#6070,#6072,#6083,.T.);
#6085 = CARTESIAN_POINT('',(11.04862663,64.99696769,1.50000000));
#6086 = DIRECTION('',(0.08715540,-0.99619473,0.00000000));
#6087 = VECTOR('',#6086,0.58443161);
#6088 = LINE('',#6085,#6087);
#6089 = EDGE_CURVE('',#6072,#6074,#6088,.T.);
#6090 = CARTESIAN_POINT('',(11.09956300,64.41476000,1.50000000));
#6091 = DIRECTION('',(0.00000000,0.00000000,-1.00000000));
#6092 = VECTOR('',#6091,1.50000000);
#6093 = LINE('',#6090,#6092);
#6094 = EDGE_CURVE('',#6074,#6068,#6093,.T.);
#6095 = ORIENTED_EDGE('',*,*,#6079,.T.);
#6096 = ORIENTED_EDGE('',*,*,#6084,.T.);
#6097 = ORIENTED_EDGE('',*,*,#6089,.T.);
#6098 = ORIENTED_EDGE('',*,*,#6094,.T.);
#6099 = EDGE_LOOP('',(#6095,#6096,#6097,#6098));
#6100 = FACE_OUTER_BOUND('',#6099,.T.);
#6101 = CARTESIAN_POINT('',(11.09956300,64.41476000,0.00000000));
#6102 = DIRECTION('',(0.99619473,0.08715540,0.00000000));
#6103 = DIRECTION('',(-0.08715540,0.99619473,0.00000000));
#6104 = AXIS2_PLACEMENT_3D('',#6101,#6102,#6103);
#6105 = PLANE('',#6104);
#6106 = ADVANCED_FACE('',(#6100),#6105,.T.);
#6107 = CARTESIAN_POINT('',(11.04862663,64.99696769,0.00000000));
#6108 = VERTEX_POINT('',#6107);
#6109 = CARTESIAN_POINT('',(10.89736475,65.56148531,0.00000000));
#6110 = VERTEX_POINT('',#6109);
#6111 = CARTESIAN_POINT('',(10.89736475,65.56148531,1.50000000));
#6112 = VERTEX_POINT('',#6111);
#6113 = CARTESIAN_POINT('',(11.04862663,64.99696769,1.50000000));
#6114 = VERTEX_POINT('',#6113);
#6115 = CARTESIAN_POINT('',(11.04862663,64.99696769,0.00000000));
#6116 = DIRECTION('',(-0.25881879,0.96592589,0.00000000));
#6117 = VECTOR('',#6116,0.58443161);
#6118 = LINE('',#6115,#6117);
#6119 = EDGE_CURVE('',#6108,#6110,#6118,.T.);
#6120 = CARTESIAN_POINT('',(10.89736475,65.56148531,0.00000000));
#6121 = DIRECTION('',(0.00000000,0.00000000,1.00000000));
#6122 = VECTOR('',#6121,1.50000000);
#6123 = LINE('',#6120,#6122);
#6124 = EDGE_CURVE('',#6110,#6112,#6123,.T.);
#6125 = CARTESIAN_POINT('',(10.89736475,65.56148531,1.50000000));
#6126 = DIRECTION('',(0.25881879,-0.96592589,0.00000000));
#6127 = VECTOR('',#6126,0.58443161);
#6128 = LINE('',#6125,#6127);
#6129 = EDGE_CURVE('',#6112,#6114,#6128,.T.);
#6130 = CARTESIAN_POINT('',(11.04862663,64.99696769,1.50000000));
#6131 = DIRECTION('',(0.00000000,0.00000000,-1.00000000));
#6132 = VECTOR('',#6131,1.50000000);
#6133 = LINE('',#6130,#6132);
#6134 = EDGE_CURVE('',#6114,#6108,#6133,.T.);
#6135 = ORIENTED_EDGE('',*,*,#6119,.T.);
#6136 = ORIENTED_EDGE('',*,*,#6124,.T.);
#6137 = ORIENTED_EDGE('',*,*,#6129,.T.);
#6138 = ORIENTED_EDGE('',*,*,#6134,.T.);
#6139 = EDGE_LOOP('',(#6135,#6136,#6137,#6138));
#6140 = FACE_OUTER_BOUND('',#6139,.T.);
#6141 = CARTESIAN_POINT('',(11.04862663,64.99696769,0.00000000));
#6142 = DIRECTION('',(0.96592589,0.25881879,0.00000000));
#6143 = DIRECTION('',(-0.25881879,0.96592589,0.00000000));
#6144 = AXIS2_PLACEMENT_3D('',#6141,#6142,#6143);
#6145 = PLANE('',#6144);
#6146 = ADVANCED_FACE('',(#6140),#6145,.T.);
#6147 = CARTESIAN_POINT('',(10.89736475,65.56148531,0.00000000));
#6148 = VERTEX_POINT('',#6147);
#6149 = CARTESIAN_POINT('',(10.65037337,66.09116028,0.00000000));
#6150 = VERTEX_POINT('',#6149);
#6151 = CARTESIAN_POINT('',(10.65037337,66.09116028,1.50000000));
#6152 = VERTEX_POINT('',#6151);
#6153 = CARTESIAN_POINT('',(10.89736475,65.56148531,1.50000000));
#6154 = VERTEX_POINT('',#6153);
#6155 = CARTESIAN_POINT('',(10.89736475,65.56148531,0.00000000));
#6156 = DIRECTION('',(-0.42261810,0.90630786,0.00000000));
#6157 = VECTOR('',#6156,0.58443161);
#6158 = LINE('',#6155,#6157);
#6159 = EDGE_CURVE('',#6148,#6150,#6158,.T.);
#6160 = CARTESIAN_POINT('',(10.65037337,66.09116028,0.00000000));
#6161 = DIRECTION('',(0.00000000,0.00000000,1.00000000));
#6162 = VECTOR('',#6161,1.50000000);
#6163 = LINE('',#6160,#6162);
#6164 = EDGE_CURVE('',#6150,#6152,#6163,.T.);
#6165 = CARTESIAN_POINT('',(10.65037337,66.09116028,1.50000000));
#6166 = DIRECTION('',(0.42261810,-0.90630786,0.00000000));
#6167 = VECTOR('',#6166,0.58443161);
#6168 = LINE('',#6165,#6167);
#6169 = EDGE_CURVE('',#6152,#6154,#6168,.T.);
#6170 = CARTESIAN_POINT('',(10.89736475,65.56148531,1.50000000));
#6171 = DIRECTION('',(0.00000000,0.00000000,-1.00000000));
#6172 = VECTOR('',#6171,1.50000000);
#6173 = LINE('',#6170,#6172);
#6174 = EDGE_CURVE('',#6154,#6148,#6173,.T.);
#6175 = ORIENTED_EDGE('',*,*,#6159,.T.);
#6176 = ORIENTED_EDGE('',*,*,#6164,.T.);
#6177 = ORIENTED_EDGE('',*,*,#6169,.T.);
#6178 = ORIENTED_EDGE('',*,*,#6174,.T.);
#6179 = EDGE_LOOP('',(#6175,#6176,#6177,#6178));
#6180 = FACE_OUTER_BOUND('',#6179,.T.);
#6181 = CARTESIAN_POINT('',(10.89736475,65.56148531,0.00000000));
#6182 = DIRECTION('',(0.90630786,0.42261810,0.00000000));
#6183 = DIRECTION('',(-0.42261810,0.90630786,0.00000000));
#6184 = AXIS2_PLACEMENT_3D('',#6181,#6182,#6183);
#6185 = PLANE('',#6184);
#6186 = ADVANCED_FACE('',(#6180),#6185,.T.);
#6187 = CARTESIAN_POINT('',(10.65037337,66.09116028,0.00000000));
#6188 = VERTEX_POINT('',#6187);
#6189 = CARTESIAN_POINT('',(10.31515721,66.56989865,0.00000000));
#6190 = VERTEX_POINT('',#6189);
#6191 = CARTESIAN_POINT('',(10.31515721,66.56989865,1.50000000));
#6192 = VERTEX_POINT('',#6191);
#6193 = CARTESIAN_POINT('',(10.65037337,66.09116028,1.50000000));
#6194 = VERTEX_POINT('',#6193);
#6195 = CARTESIAN_POINT('',(10.65037337,66.09116028,0.00000000));
#6196 = DIRECTION('',(-0.57357637,0.81915209,0.00000000));
#6197 = VECTOR('',#6196,0.58443161);
#6198 = LINE('',#6195,#6197);
#6199 = EDGE_CURVE('',#6188,#6190,#6198,.T.);
#6200 = CARTESIAN_POINT('',(10.31515721,66.56989865,0.00000000));
#6201 = DIRECTION('',(0.00000000,0.00000000,1.00000000));
#6202 = VECTOR('',#6201,1.50000000);
#6203 = LINE('',#6200,#6202);
#6204 = EDGE_CURVE('',#6190,#6192,#6203,.T.);
#6205 = CARTESIAN_POINT('',(10.31515721,66.56989865,1.50000000));
#6206 = DIRECTION('',(0.57357637,-0.81915209,0.00000000));
#6207 = VECTOR('',#6206,0.58443161);
#6208 = LINE('',#6205,#6207);
#6209 = EDGE_CURVE('',#6192,#6194,#6208,.T.);
#6210 = CARTESIAN_POINT('',(10.65037337,66.09116028,1.50000000));
#6211 = DIRECTION('',(0.00000000,0.00000000,-1.00000000));
#6212 = VECTOR('',#6211,1.50000000);
#6213 = LINE('',#6210,#6212);
#6214 = EDGE_CURVE('',#6194,#6188,#6213,.T.);
#6215 = ORIENTED_EDGE('',*,*,#6199,.T.);
#6216 = ORIENTED_EDGE('',*,*,#6204,.T.);
#6217 = ORIENTED_EDGE('',*,*,#6209,.T.);
#6218 = ORIENTED_EDGE('',*,*,#6214,.T.);
#6219 = EDGE_LOOP('',(#6215,#6216,#6217,#6218));
#6220 = FACE_OUTER_BOUND('',#6219,.T.);
#6221 = CARTESIAN_POINT('',(10.65037337,66.09116028,0.00000000));
#6222 = DIRECTION('',(0.81915209,0.57357637,0.00000000));
#6223 = DIRECTION('',(-0.57357637,0.81915209,0.00000000));
#6224 = AXIS2_PLACEMENT_3D('',#6221,#6222,#6223);
#6225 = PLANE('',#6224);
#6226 = ADVANCED_FACE('',(#6220),#6225,.T.);
#6227 = CARTESIAN_POINT('',(10.31515721,66.56989865,0.00000000));
#6228 = VERTEX_POINT('',#6227);
#6229 = CARTESIAN_POINT('',(9.90190165,66.98315421,0.00000000));
#6230 = VERTEX_POINT('',#6229);
#6231 = CARTESIAN_POINT('',(9.90190165,66.98315421,1.50000000));
#6232 = VERTEX_POINT('',#6231);
#6233 = CARTESIAN_POINT('',(10.31515721,66.56989865,1.50000000));
#6234 = VERTEX_POINT('',#6233);
#6235 = CARTESIAN_POINT('',(10.31515721,66.56989865,0.00000000));
#6236 = DIRECTION('',(-0.70710678,0.70710678,0.00000000));
#6237 = VECTOR('',#6236,0.58443161);
#6238 = LINE('',#6235,#6237);
#6239 = EDGE_CURVE('',#6228,#6230,#6238,.T.);
#6240 = CARTESIAN_POINT('',(9.90190165,66.98315421,0.00000000));
#6241 = DIRECTION('',(0.00000000,0.00000000,1.00000000));
#6242 = VECTOR('',#6241,1.50000000);
#6243 = LINE('',#6240,#6242);
#6244 = EDGE_CURVE('',#6230,#6232,#6243,.T.);
#6245 = CARTESIAN_POINT('',(9.90190165,66.98315421,1.50000000));
#6246 = DIRECTION('',(0.70710678,-0.70710678,0.00000000));
#6247 = VECTOR('',#6246,0.58443161);
#6248 = LINE('',#6245,#6247);
#6249 = EDGE_CURVE('',#6232,#6234,#6248,.T.);
#6250 = CARTESIAN_POINT('',(10.31515721,66.56989865,1.50000000));
#6251 = DIRECTION('',(0.00000000,0.00000000,-1.00000000));
#6252 = VECTOR('',#6251,1.50000000);
#6253 = LINE('',#6250,#6252);
#6254 = EDGE_CURVE('',#6234,#6228,#6253,.T.);
#6255 = ORIENTED_EDGE('',*,*,#6239,.T.);
#6256 = ORIENTED_EDGE('',*,*,#6244,.T.);
#6257 = ORIENTED_EDGE('',*,*,#6249,.T.);
#6258 = ORIENTED_EDGE('',*,*,#6254,.T.);
#6259 = EDGE_LOOP('',(#6255,#6256,#6257,#6258));
#6260 = FACE_OUTER_BOUND('',#6259,.T.);
#6261 = CARTESIAN_POINT('',(10.31515721,66.56989865,0.00000000));
#6262 = DIRECTION('',(0.70710678,0.70710678,0.00000000));
#6263 = DIRECTION('',(-0.70710678,0.70710678,0.00000000));
#6264 = AXIS2_PLACEMENT_3D('',#6261,#6262,#6263);
#6265 = PLANE('',#6264);
#6266 = ADVANCED_FACE('',(#6260),#6265,.T.);
#6267 = CARTESIAN_POINT('',(9.90190165,66.98315421,0.00000000));
#6268 = VERTEX_POINT('',#6267);
#6269 = CARTESIAN_POINT('',(9.42316328,67.31837037,0.00000000));
#6270 = VERTEX_POINT('',#6269);
#6271 = CARTESIAN_POINT('',(9.42316328,67.31837037,1.50000000));
#6272 = VERTEX_POINT('',#6271);
#6273 = CARTESIAN_POINT('',(9.90190165,66.98315421,1.50000000));
#6274 = VERTEX_POINT('',#6273);
#6275 = CARTESIAN_POINT('',(9.90190165,66.98315421,0.00000000));
#6276 = DIRECTION('',(-0.81915209,0.57357637,0.00000000));
#6277 = VECTOR('',#6276,0.58443161);
#6278 = LINE('',#6275,#6277);
#6279 = EDGE_CURVE('',#6268,#6270,#6278,.T.);
#6280 = CARTESIAN_POINT('',(9.42316328,67.31837037,0.00000000));
#6281 = DIRECTION('',(0.00000000,0.00000000,1.00000000));
#6282 = VECTOR('',#6281,1.50000000);
#6283 = LINE('',#6280,#6282);
#6284 = EDGE_CURVE('',#6270,#6272,#6283,.T.);
#6285 = CARTESIAN_POINT('',(9.42316328,67.31837037,1.50000000));
#6286 = DIRECTION('',(0.81915209,-0.57357637,0.00000000));
#6287 = VECTOR('',#6286,0.58443161);
#6288 = LINE('',#6285,#6287);
#6289 = EDGE_CURVE('',#6272,#6274,#6288,.T.);
#6290 = CARTESIAN_POINT('',(9.90190165,66.98315421,1.50000000));
#6291 = DIRECTION('',(0.00000000,0.00000000,-1.00000000));
#6292 = VECTOR('',#6291,1.50000000);
#6293 = LINE('',#6290,#6292);
#6294 = EDGE_CURVE('',#6274,#6268,#6293,.T.);
#6295 = ORIENTED_EDGE('',*,*,#6279,.T.);
#6296 = ORIENTED_EDGE('',*,*,#6284,.T.);
#6297 = ORIENTED_EDGE('',*,*,#6289,.T.);
#6298 = ORIENTED_EDGE('',*,*,#6294,.T.);
#6299 = EDGE_LOOP('',(#6295,#6296,#6297,#6298));
#6300 = FACE_OUTER_BOUND('',#6299,.T.);
#6301 = CARTESIAN_POINT('',(9.90190165,66.98315421,0.00000000));
#6302 = DIRECTION('',(0.57357637,0.81915209,0.00000000));
#6303 = DIRECTION('',(-0.81915209,0.57357637,0.00000000));
#6304 = AXIS2_PLACEMENT_3D('',#6301,#6302,#6303);
#6305 = PLANE('',#6304);
#6306 = ADVANCED_FACE('',(#6300),#6305,.T.);
#6307 = CARTESIAN_POINT('',(9.42316328,67.31837037,0.00000000));
#6308 = VERTEX_POINT('',#6307);
#6309 = CARTESIAN_POINT('',(8.89348831,67.56536175,0.00000000));
#6310 = VERTEX_POINT('',#6309);
#6311 = CARTESIAN_POINT('',(8.89348831,67.56536175,1.50000000));
#6312 = VERTEX_POINT('',#6311);
#6313 = CARTESIAN_POINT('',(9.42316328,67.31837037,1.50000000));
#6314 = VERTEX_POINT('',#6313);
#6315 = CARTESIAN_POINT('',(9.42316328,67.31837037,0.00000000));
#6316 = DIRECTION('',(-0.90630786,0.42261810,0.00000000));
#6317 = VECTOR('',#6316,0.58443161);
#6318 = LINE('',#6315,#6317);
#6319 = EDGE_CURVE('',#6308,#6310,#6318,.T.);
#6320 = CARTESIAN_POINT('',(8.89348831,67.56536175,0.00000000));
#6321 = DIRECTION('',(0.00000000,0.00000000,1.00000000));
#6322 = VECTOR('',#6321,1.50000000);
#6323 = LINE('',#6320,#6322);
#6324 = EDGE_CURVE('',#6310,#6312,#6323,.T.);
#6325 = CARTESIAN_POINT('',(8.89348831,67.56536175,1.50000000));
#6326 = DIRECTION('',(0.90630786,-0.42261810,0.00000000));
#6327 = VECTOR('',#6326,0.58443161);
#6328 = LINE('',#6325,#6327);
#6329 = EDGE_CURVE('',#6312,#6314,#6328,.T.);
#6330 = CARTESIAN_POINT('',(9.42316328,67.31837037,1.50000000));
#6331 = DIRECTION('',(0.00000000,0.00000000,-1.00000000));
#6332 = VECTOR('',#6331,1.50000000);
#6333 = LINE('',#6330,#6332);
#6334 = EDGE_CURVE('',#6314,#6308,#6333,.T.);
#6335 = ORIENTED_EDGE('',*,*,#6319,.T.);
#6336 = ORIENTED_EDGE('',*,*,#6324,.T.);
#6337 = ORIENTED_EDGE('',*,*,#6329,.T.);
#6338 = ORIENTED_EDGE('',*,*,#6334,.T.);
#6339 = EDGE_LOOP('',(#6335,#6336,#6337,#6338));
#6340 = FACE_OUTER_BOUND('',#6339,.T.);
#6341 = CARTESIAN_POINT('',(9.42316328,67.31837037,0.00000000));
#6342 = DIRECTION('',(0.42261810,0.90630786,0.00000000));
#6343 = DIRECTION('',(-0.90630786,0.42261810,0.00000000));
#6344 = AXIS2_PLACEMENT_3D('',#6341,#6342,#6343);
#6345 = PLANE('',#6344);
#6346 = ADVANCED_FACE('',(#6340),#6345,.T.);
#6347 = CARTESIAN_POINT('',(8.89348831,67.56536175,0.00000000));
#6348 = VERTEX_POINT('',#6347);
#6349 = CARTESIAN_POINT('',(8.32897069,67.71662363,0.00000000));
#6350 = VERTEX_POINT('',#6349);
#6351 = CARTESIAN_POINT('',(8.32897069,67.71662363,1.50000000));
#6352 = VERTEX_POINT('',#6351);
#6353 = CARTESIAN_POINT('',(8.89348831,67.56536175,1.50000000));
#6354 = VERTEX_POINT('',#6353);
#6355 = CARTESIAN_POINT('',(8.89348831,67.56536175,0.00000000));
#6356 = DIRECTION('',(-0.96592589,0.25881879,0.00000000));
#6357 = VECTOR('',#6356,0.58443161);
#6358 = LINE('',#6355,#6357);
#6359 = EDGE_CURVE('',#6348,#6350,#6358,.T.);
#6360 = CARTESIAN_POINT('',(8.32897069,67.71662363,0.00000000));
#6361 = DIRECTION('',(0.00000000,0.00000000,1.00000000));
#6362 = VECTOR('',#6361,1.50000000);
#6363 = LINE('',#6360,#6362);
#6364 = EDGE_CURVE('',#6350,#6352,#6363,.T.);
#6365 = CARTESIAN_POINT('',(8.32897069,67.71662363,1.50000000));
#6366 = DIRECTION('',(0.96592589,-0.25881879,0.00000000));
#6367 = VECTOR('',#6366,0.58443161);
#6368 = LINE('',#6365,#6367);
#6369 = EDGE_CURVE('',#6352,#6354,#6368,.T.);
#6370 = CARTESIAN_POINT('',(8.89348831,67.56536175,1.50000000));
#6371 = DIRECTION('',(0.00000000,0.00000000,-1.00000000));
#6372 = VECTOR('',#6371,1.50000000);
#6373 = LINE('',#6370,#6372);
#6374 = EDGE_CURVE('',#6354,#6348,#6373,.T.);
#6375 = ORIENTED_EDGE('',*,*,#6359,.T.);
#6376 = ORIENTED_EDGE('',*,*,#6364,.T.);
#6377 = ORIENTED_EDGE('',*,*,#6369,.T.);
#6378 = ORIENTED_EDGE('',*,*,#6374,.T.);
#6379 = EDGE_LOOP('',(#6375,#6376,#6377,#6378));
#6380 = FACE_OUTER_BOUND('',#6379,.T.);
#6381 = CARTESIAN_POINT('',(8.89348831,67.56536175,0.00000000));
#6382 = DIRECTION('',(0.25881879,0.96592589,0.00000000));
#6383 = DIRECTION('',(-0.96592589,0.25881879,0.00000000));
#6384 = AXIS2_PLACEMENT_3D('',#6381,#6382,#6383);
#6385 = PLANE('',#6384);
#6386 = ADVANCED_FACE('',(#6380),#6385,.T.);
#6387 = CARTESIAN_POINT('',(8.32897069,67.71662363,0.00000000));
#6388 = VERTEX_POINT('',#6387);
#6389 = CARTESIAN_POINT('',(7.74676300,67.76756000,0.00000000));
#6390 = VERTEX_POINT('',#6389);
#6391 = CARTESIAN_POINT('',(7.74676300,67.76756000,1.50000000));
#6392 = VERTEX_POINT('',#6391);
#6393 = CARTESIAN_POINT('',(8.32897069,67.71662363,1.50000000));
#6394 = VERTEX_POINT('',#6393);
#6395 = CARTESIAN_POINT('',(8.32897069,67.71662363,0.00000000));
#6396 = DIRECTION('',(-0.99619473,0.08715540,0.00000000));
#6397 = VECTOR('',#6396,0.58443161);
#6398 = LINE('',#6395,#6397);
#6399 = EDGE_CURVE('',#6388,#6390,#6398,.T.);
#6400 = CARTESIAN_POINT('',(7.74676300,67.76756000,0.00000000));
#6401 = DIRECTION('',(0.00000000,0.00000000,1.00000000));
#6402 = VECTOR('',#6401,1.50000000);
#6403 = LINE('',#6400,#6402);
#6404 = EDGE_CURVE('',#6390,#6392,#6403,.T.);
#6405 = CARTESIAN_POINT('',(7.74676300,67.76756000,1.50000000));
#6406 = DIRECTION('',(0.99619473,-0.08715540,0.00000000));
#6407 = VECTOR('',#6406,0.58443161);
#6408 = LINE('',#6405,#6407);
#6409 = EDGE_CURVE('',#6392,#6394,#6408,.T.);
#6410 = CARTESIAN_POINT('',(8.32897069,67.71662363,1.50000000));
#6411 = DIRECTION('',(0.00000000,0.00000000,-1.00000000));
#6412 = VECTOR('',#6411,1.50000000);
#6413 = LINE('',#6410,#6412);
#6414 = EDGE_CURVE('',#6394,#6388,#6413,.T.);
#6415 = ORIENTED_EDGE('',*,*,#6399,.T.);
#6416 = ORIENTED_EDGE('',*,*,#6404,.T.);
#6417 = ORIENTED_EDGE('',*,*,#6409,.T.);
#6418 = ORIENTED_EDGE('',*,*,#6414,.T.);
#6419 = EDGE_LOOP('',(#6415,#6416,#6417,#6418));
#6420 = FACE_OUTER_BOUND('',#6419,.T.);
#6421 = CARTESIAN_POINT('',(8.32897069,67.71662363,0.00000000));
#6422 = DIRECTION('',(0.08715540,0.99619473,0.00000000));
#6423 = DIRECTION('',(-0.99619473,0.08715540,0.00000000));
#6424 = AXIS2_PLACEMENT_3D('',#6421,#6422,#6423);
#6425 = PLANE('',#6424);
#6426 = ADVANCED_FACE('',(#6420),#6425,.T.);
#6427 = CARTESIAN_POINT('',(7.74676300,67.76756000,0.00000000));
#6428 = VERTEX_POINT('',#6427);
#6429 = CARTESIAN_POINT('',(0.00000000,67.76756000,0.00000000));
#6430 = VERTEX_POINT('',#6429);
#6431 = CARTESIAN_POINT('',(0.00000000,67.76756000,1.50000000));
#6432 = VERTEX_POINT('',#6431);
#6433 = CARTESIAN_POINT('',(7.74676300,67.76756000,1.50000000));
#6434 = VERTEX_POINT('',#6433);
#6435 = CARTESIAN_POINT('',(7.74676300,67.76756000,0.00000000));
#6436 = DIRECTION('',(-1.00000000,0.00000000,0.00000000));
#6437 = VECTOR('',#6436,7.74676300);
#6438 = LINE('',#6435,#6437);
#6439 = EDGE_CURVE('',#6428,#6430,#6438,.T.);
#6440 = CARTESIAN_POINT('',(0.00000000,67.76756000,0.00000000));
#6441 = DIRECTION('',(0.00000000,0.00000000,1.00000000));
#6442 = VECTOR('',#6441,1.50000000);
#6443 = LINE('',#6440,#6442);
#6444 = EDGE_CURVE('',#6430,#6432,#6443,.T.);
#6445 = CARTESIAN_POINT('',(0.00000000,67.76756000,1.50000000));
#6446 = DIRECTION('',(1.00000000,-0.00000000,0.00000000));
#6447 = VECTOR('',#6446,7.74676300);
#6448 = LINE('',#6445,#6447);
#6449 = EDGE_CURVE('',#6432,#6434,#6448,.T.);
#6450 = CARTESIAN_POINT('',(7.74676300,67.76756000,1.50000000));
#6451 = DIRECTION('',(0.00000000,0.00000000,-1.00000000));
#6452 = VECTOR('',#6451,1.50000000);
#6453 = LINE('',#6450,#6452);
#6454 = EDGE_CURVE('',#6434,#6428,#6453,.T.);
#6455 = ORIENTED_EDGE('',*,*,#6439,.T.);
#6456 = ORIENTED_EDGE('',*,*,#6444,.T.);
#6457 = ORIENTED_EDGE('',*,*,#6449,.T.);
#6458 = ORIENTED_EDGE('',*,*,#6454,.T.);
#6459 = EDGE_LOOP('',(#6455,#6456,#6457,#6458));
#6460 = FACE_OUTER_BOUND('',#6459,.T.);
#6461 = CARTESIAN_POINT('',(7.74676300,67.76756000,0.00000000));
#6462 = DIRECTION('',(0.00000000,1.00000000,0.00000000));
#6463 = DIRECTION('',(-1.00000000,0.00000000,0.00000000));
#6464 = AXIS2_PLACEMENT_3D('',#6461,#6462,#6463);
#6465 = PLANE('',#6464);
#6466 = ADVANCED_FACE('',(#6460),#6465,.T.);
#6467 = CARTESIAN_POINT('',(0.00000000,67.76756000,0.00000000));
#6468 = VERTEX_POINT('',#6467);
#6469 = CARTESIAN_POINT('',(0.00000000,7.11236000,0.00000000));
#6470 = VERTEX_POINT('',#6469);
#6471 = CARTESIAN_POINT('',(0.00000000,7.11236000,1.50000000));
#6472 = VERTEX_POINT('',#6471);
#6473 = CARTESIAN_POINT('',(0.00000000,67.76756000,1.50000000));
#6474 = VERTEX_POINT('',#6473);
#6475 = CARTESIAN_POINT('',(0.00000000,67.76756000,0.00000000));
#6476 = DIRECTION('',(0.00000000,-1.00000000,0.00000000));
#6477 = VECTOR('',#6476,60.65520000);
#6478 = LINE('',#6475,#6477);
#6479 = EDGE_CURVE('',#6468,#6470,#6478,.T.);
#6480 = CARTESIAN_POINT('',(0.00000000,7.11236000,0.00000000));
#6481 = DIRECTION('',(0.00000000,0.00000000,1.00000000));
#6482 = VECTOR('',#6481,1.50000000);
#6483 = LINE('',#6480,#6482);
#6484 = EDGE_CURVE('',#6470,#6472,#6483,.T.);
#6485 = CARTESIAN_POINT('',(0.00000000,7.11236000,1.50000000));
#6486 = DIRECTION('',(-0.00000000,1.00000000,0.00000000));
#6487 = VECTOR('',#6486,60.65520000);
#6488 = LINE('',#6485,#6487);
#6489 = EDGE_CURVE('',#6472,#6474,#6488,.T.);
#6490 = CARTESIAN_POINT('',(0.00000000,67.76756000,1.50000000));
#6491 = DIRECTION('',(0.00000000,0.00000000,-1.00000000));
#6492 = VECTOR('',#6491,1.50000000);
#6493 = LINE('',#6490,#6492);
#6494 = EDGE_CURVE('',#6474,#6468,#6493,.T.);
#6495 = ORIENTED_EDGE('',*,*,#6479,.T.);
#6496 = ORIENTED_EDGE('',*,*,#6484,.T.);
#6497 = ORIENTED_EDGE('',*,*,#6489,.T.);
#6498 = ORIENTED_EDGE('',*,*,#6494,.T.);
#6499 = EDGE_LOOP('',(#6495,#6496,#6497,#6498));
#6500 = FACE_OUTER_BOUND('',#6499,.T.);
#6501 = CARTESIAN_POINT('',(0.00000000,67.76756000,0.00000000));
#6502 = DIRECTION('',(-1.00000000,-0.00000000,0.00000000));
#6503 = DIRECTION('',(0.00000000,-1.00000000,0.00000000));
#6504 = AXIS2_PLACEMENT_3D('',#6501,#6502,#6503);
#6505 = PLANE('',#6504);
#6506 = ADVANCED_FACE('',(#6500),#6505,.T.);
#6507 = CARTESIAN_POINT('',(0.00000000,7.11236000,0.00000000));
#6508 = VERTEX_POINT('',#6507);
#6509 = CARTESIAN_POINT('',(0.00269758,7.08152651,0.00000000));
#6510 = VERTEX_POINT('',#6509);
#6511 = CARTESIAN_POINT('',(0.00269758,7.08152651,1.50000000));
#6512 = VERTEX_POINT('',#6511);
#6513 = CARTESIAN_POINT('',(0.00000000,7.11236000,1.50000000));
#6514 = VERTEX_POINT('',#6513);
#6515 = CARTESIAN_POINT('',(0.00000000,7.11236000,0.00000000));
#6516 = DIRECTION('',(0.08715577,-0.99619470,0.00000000));
#6517 = VECTOR('',#6516,0.03095127);
#6518 = LINE('',#6515,#6517);
#6519 = EDGE_CURVE('',#6508,#6510,#6518,.T.);
#6520 = CARTESIAN_POINT('',(0.00269758,7.08152651,0.00000000));
#6521 = DIRECTION('',(0.00000000,0.00000000,1.00000000));
#6522 = VECTOR('',#6521,1.50000000);
#6523 = LINE('',#6520,#6522);
#6524 = EDGE_CURVE('',#6510,#6512,#6523,.T.);
#6525 = CARTESIAN_POINT('',(0.00269758,7.08152651,1.50000000));
#6526 = DIRECTION('',(-0.08715577,0.99619470,0.00000000));
#6527 = VECTOR('',#6526,0.03095127);
#6528 = LINE('',#6525,#6527);
#6529 = EDGE_CURVE('',#6512,#6514,#6528,.T.);
#6530 = CARTESIAN_POINT('',(0.00000000,7.11236000,1.50000000));
#6531 = DIRECTION('',(0.00000000,0.00000000,-1.00000000));
#6532 = VECTOR('',#6531,1.50000000);
#6533 = LINE('',#6530,#6532);
#6534 = EDGE_CURVE('',#6514,#6508,#6533,.T.);
#6535 = ORIENTED_EDGE('',*,*,#6519,.T.);
#6536 = ORIENTED_EDGE('',*,*,#6524,.T.);
#6537 = ORIENTED_EDGE('',*,*,#6529,.T.);
#6538 = ORIENTED_EDGE('',*,*,#6534,.T.);
#6539 = EDGE_LOOP('',(#6535,#6536,#6537,#6538));
#6540 = FACE_OUTER_BOUND('',#6539,.T.);
#6541 = CARTESIAN_POINT('',(0.00000000,7.11236000,0.00000000));
#6542 = DIRECTION('',(-0.99619470,-0.08715577,0.00000000));
#6543 = DIRECTION('',(0.08715577,-0.99619470,0.00000000));
#6544 = AXIS2_PLACEMENT_3D('',#6541,#6542,#6543);
#6545 = PLANE('',#6544);
#6546 = ADVANCED_FACE('',(#6540),#6545,.T.);
#6547 = CARTESIAN_POINT('',(0.00269758,7.08152651,0.00000000));
#6548 = VERTEX_POINT('',#6547);
#6549 = CARTESIAN_POINT('',(0.01070836,7.05162988,0.00000000));
#6550 = VERTEX_POINT('',#6549);
#6551 = CARTESIAN_POINT('',(0.01070836,7.05162988,1.50000000));
#6552 = VERTEX_POINT('',#6551);
#6553 = CARTESIAN_POINT('',(0.00269758,7.08152651,1.50000000));
#6554 = VERTEX_POINT('',#6553);
#6555 = CARTESIAN_POINT('',(0.00269758,7.08152651,0.00000000));
#6556 = DIRECTION('',(0.25881906,-0.96592582,0.00000000));
#6557 = VECTOR('',#6556,0.03095127);
#6558 = LINE('',#6555,#6557);
#6559 = EDGE_CURVE('',#6548,#6550,#6558,.T.);
#6560 = CARTESIAN_POINT('',(0.01070836,7.05162988,0.00000000));
#6561 = DIRECTION('',(0.00000000,0.00000000,1.00000000));
#6562 = VECTOR('',#6561,1.50000000);
#6563 = LINE('',#6560,#6562);
#6564 = EDGE_CURVE('',#6550,#6552,#6563,.T.);
#6565 = CARTESIAN_POINT('',(0.01070836,7.05162988,1.50000000));
#6566 = DIRECTION('',(-0.25881906,0.96592582,0.00000000));
#6567 = VECTOR('',#6566,0.03095127);
#6568 = LINE('',#6565,#6567);
#6569 = EDGE_CURVE('',#6552,#6554,#6568,.T.);
#6570 = CARTESIAN_POINT('',(0.00269758,7.08152651,1.50000000));
#6571 = DIRECTION('',(0.00000000,0.00000000,-1.00000000));
#6572 = VECTOR('',#6571,1.50000000);
#6573 = LINE('',#6570,#6572);
#6574 = EDGE_CURVE('',#6554,#6548,#6573,.T.);
#6575 = ORIENTED_EDGE('',*,*,#6559,.T.);
#6576 = ORIENTED_EDGE('',*,*,#6564,.T.);
#6577 = ORIENTED_EDGE('',*,*,#6569,.T.);
#6578 = ORIENTED_EDGE('',*,*,#6574,.T.);
#6579 = EDGE_LOOP('',(#6575,#6576,#6577,#6578));
#6580 = FACE_OUTER_BOUND('',#6579,.T.);
#6581 = CARTESIAN_POINT('',(0.00269758,7.08152651,0.00000000));
#6582 = DIRECTION('',(-0.96592582,-0.25881906,0.00000000));
#6583 = DIRECTION('',(0.25881906,-0.96592582,0.00000000));
#6584 = AXIS2_PLACEMENT_3D('',#6581,#6582,#6583);
#6585 = PLANE('',#6584);
#6586 = ADVANCED_FACE('',(#6580),#6585,.T.);
#6587 = CARTESIAN_POINT('',(0.01070836,7.05162988,0.00000000));
#6588 = VERTEX_POINT('',#6587);
#6589 = CARTESIAN_POINT('',(0.02378893,7.02357850,0.00000000));
#6590 = VERTEX_POINT('',#6589);
#6591 = CARTESIAN_POINT('',(0.02378893,7.02357850,1.50000000));
#6592 = VERTEX_POINT('',#6591);
#6593 = CARTESIAN_POINT('',(0.01070836,7.05162988,1.50000000));
#6594 = VERTEX_POINT('',#6593);
#6595 = CARTESIAN_POINT('',(0.01070836,7.05162988,0.00000000));
#6596 = DIRECTION('',(0.42261827,-0.90630778,0.00000000));
#6597 = VECTOR('',#6596,0.03095127);
#6598 = LINE('',#6595,#6597);
#6599 = EDGE_CURVE('',#6588,#6590,#6598,.T.);
#6600 = CARTESIAN_POINT('',(0.02378893,7.02357850,0.00000000));
#6601 = DIRECTION('',(0.00000000,0.00000000,1.00000000));
#6602 = VECTOR('',#6601,1.50000000);
#6603 = LINE('',#6600,#6602);
#6604 = EDGE_CURVE('',#6590,#6592,#6603,.T.);
#6605 = CARTESIAN_POINT('',(0.02378893,7.02357850,1.50000000));
#6606 = DIRECTION('',(-0.42261827,0.90630778,0.00000000));
#6607 = VECTOR('',#6606,0.03095127);
#6608 = LINE('',#6605,#6607);
#6609 = EDGE_CURVE('',#6592,#6594,#6608,.T.);
#6610 = CARTESIAN_POINT('',(0.01070836,7.05162988,1.50000000));
#6611 = DIRECTION('',(0.00000000,0.00000000,-1.00000000));
#6612 = VECTOR('',#6611,1.50000000);
#6613 = LINE('',#6610,#6612);
#6614 = EDGE_CURVE('',#6594,#6588,#6613,.T.);
#6615 = ORIENTED_EDGE('',*,*,#6599,.T.);
#6616 = ORIENTED_EDGE('',*,*,#6604,.T.);
#6617 = ORIENTED_EDGE('',*,*,#6609,.T.);
#6618 = ORIENTED_EDGE('',*,*,#6614,.T.);
#6619 = EDGE_LOOP('',(#6615,#6616,#6617,#6618));
#6620 = FACE_OUTER_BOUND('',#6619,.T.);
#6621 = CARTESIAN_POINT('',(0.01070836,7.05162988,0.00000000));
#6622 = DIRECTION('',(-0.90630778,-0.42261827,0.00000000));
#6623 = DIRECTION('',(0.42261827,-0.90630778,0.00000000));
#6624 = AXIS2_PLACEMENT_3D('',#6621,#6622,#6623);
#6625 = PLANE('',#6624);
#6626 = ADVANCED_FACE('',(#6620),#6625,.T.);
#6627 = CARTESIAN_POINT('',(0.02378893,7.02357850,0.00000000));
#6628 = VERTEX_POINT('',#6627);
#6629 = CARTESIAN_POINT('',(0.04154185,6.99822470,0.00000000));
#6630 = VERTEX_POINT('',#6629);
#6631 = CARTESIAN_POINT('',(0.04154185,6.99822470,1.50000000));
#6632 = VERTEX_POINT('',#6631);
#6633 = CARTESIAN_POINT('',(0.02378893,7.02357850,1.50000000));
#6634 = VERTEX_POINT('',#6633);
#6635 = CARTESIAN_POINT('',(0.02378893,7.02357850,0.00000000));
#6636 = DIRECTION('',(0.57357644,-0.81915204,0.00000000));
#6637 = VECTOR('',#6636,0.03095127);
#6638 = LINE('',#6635,#6637);
#6639 = EDGE_CURVE('',#6628,#6630,#6638,.T.);
#6640 = CARTESIAN_POINT('',(0.04154185,6.99822470,0.00000000));
#6641 = DIRECTION('',(0.00000000,0.00000000,1.00000000));
#6642 = VECTOR('',#6641,1.50000000);
#6643 = LINE('',#6640,#6642);
#6644 = EDGE_CURVE('',#6630,#6632,#6643,.T.);
#6645 = CARTESIAN_POINT('',(0.04154185,6.99822470,1.50000000));
#6646 = DIRECTION('',(-0.57357644,0.81915204,0.00000000));
#6647 = VECTOR('',#6646,0.03095127);
#6648 = LINE('',#6645,#6647);
#6649 = EDGE_CURVE('',#6632,#6634,#6648,.T.);
#6650 = CARTESIAN_POINT('',(0.02378893,7.02357850,1.50000000));
#6651 = DIRECTION('',(0.00000000,0.00000000,-1.00000000));
#6652 = VECTOR('',#6651,1.50000000);
#6653 = LINE('',#6650,#6652);
#6654 = EDGE_CURVE('',#6634,#6628,#6653,.T.);
#6655 = ORIENTED_EDGE('',*,*,#6639,.T.);
#6656 = ORIENTED_EDGE('',*,*,#6644,.T.);
#6657 = ORIENTED_EDGE('',*,*,#6649,.T.);
#6658 = ORIENTED_EDGE('',*,*,#6654,.T.);
#6659 = EDGE_LOOP('',(#6655,#6656,#6657,#6658));
#6660 = FACE_OUTER_BOUND('',#6659,.T.);
#6661 = CARTESIAN_POINT('',(0.02378893,7.02357850,0.00000000));
#6662 = DIRECTION('',(-0.81915204,-0.57357644,0.00000000));
#6663 = DIRECTION('',(0.57357644,-0.81915204,0.00000000));
#6664 = AXIS2_PLACEMENT_3D('',#6661,#6662,#6663);
#6665 = PLANE('',#6664);
#6666 = ADVANCED_FACE('',(#6660),#6665,.T.);
#6667 = CARTESIAN_POINT('',(0.04154185,6.99822470,0.00000000));
#6668 = VERTEX_POINT('',#6667);
#6669 = CARTESIAN_POINT('',(0.06342770,6.97633885,0.00000000));
#6670 = VERTEX_POINT('',#6669);
#6671 = CARTESIAN_POINT('',(0.06342770,6.97633885,1.50000000));
#6672 = VERTEX_POINT('',#6671);
#6673 = CARTESIAN_POINT('',(0.04154185,6.99822470,1.50000000));
#6674 = VERTEX_POINT('',#6673);
#6675 = CARTESIAN_POINT('',(0.04154185,6.99822470,0.00000000));
#6676 = DIRECTION('',(0.70710678,-0.70710678,0.00000000));
#6677 = VECTOR('',#6676,0.03095127);
#6678 = LINE('',#6675,#6677);
#6679 = EDGE_CURVE('',#6668,#6670,#6678,.T.);
#6680 = CARTESIAN_POINT('',(0.06342770,6.97633885,0.00000000));
#6681 = DIRECTION('',(0.00000000,0.00000000,1.00000000));
#6682 = VECTOR('',#6681,1.50000000);
#6683 = LINE('',#6680,#6682);
#6684 = EDGE_CURVE('',#6670,#6672,#6683,.T.);
#6685 = CARTESIAN_POINT('',(0.06342770,6.97633885,1.50000000));
#6686 = DIRECTION('',(-0.70710678,0.70710678,0.00000000));
#6687 = VECTOR('',#6686,0.03095127);
#6688 = LINE('',#6685,#6687);
#6689 = EDGE_CURVE('',#6672,#6674,#6688,.T.);
#6690 = CARTESIAN_POINT('',(0.04154185,6.99822470,1.50000000));
#6691 = DIRECTION('',(0.00000000,0.00000000,-1.00000000));
#6692 = VECTOR('',#6691,1.50000000);
#6693 = LINE('',#6690,#6692);
#6694 = EDGE_CURVE('',#6674,#6668,#6693,.T.);
#6695 = ORIENTED_EDGE('',*,*,#6679,.T.);
#6696 = ORIENTED_EDGE('',*,*,#6684,.T.);
#6697 = ORIENTED_EDGE('',*,*,#6689,.T.);
#6698 = ORIENTED_EDGE('',*,*,#6694,.T.);
#6699 = EDGE_LOOP('',(#6695,#6696,#6697,#6698));
#6700 = FACE_OUTER_BOUND('',#6699,.T.);
#6701 = CARTESIAN_POINT('',(0.04154185,6.99822470,0.00000000));
#6702 = DIRECTION('',(-0.70710678,-0.70710678,0.00000000));
#6703 = DIRECTION('',(0.70710678,-0.70710678,0.00000000));
#6704 = AXIS2_PLACEMENT_3D('',#6701,#6702,#6703);
#6705 = PLANE('',#6704);
#6706 = ADVANCED_FACE('',(#6700),#6705,.T.);
#6707 = CARTESIAN_POINT('',(0.06342770,6.97633885,0.00000000));
#6708 = VERTEX_POINT('',#6707);
#6709 = CARTESIAN_POINT('',(0.08878150,6.95858593,0.00000000));
#6710 = VERTEX_POINT('',#6709);
#6711 = CARTESIAN_POINT('',(0.08878150,6.95858593,1.50000000));
#6712 = VERTEX_POINT('',#6711);
#6713 = CARTESIAN_POINT('',(0.06342770,6.97633885,1.50000000));
#6714 = VERTEX_POINT('',#6713);
#6715 = CARTESIAN_POINT('',(0.06342770,6.97633885,0.00000000));
#6716 = DIRECTION('',(0.81915204,-0.57357644,0.00000000));
#6717 = VECTOR('',#6716,0.03095127);
#6718 = LINE('',#6715,#6717);
#6719 = EDGE_CURVE('',#6708,#6710,#6718,.T.);
#6720 = CARTESIAN_POINT('',(0.08878150,6.95858593,0.00000000));
#6721 = DIRECTION('',(0.00000000,0.00000000,1.00000000));
#6722 = VECTOR('',#6721,1.50000000);
#6723 = LINE('',#6720,#6722);
#6724 = EDGE_CURVE('',#6710,#6712,#6723,.T.);
#6725 = CARTESIAN_POINT('',(0.08878150,6.95858593,1.50000000));
#6726 = DIRECTION('',(-0.81915204,0.57357644,0.00000000));
#6727 = VECTOR('',#6726,0.03095127);
#6728 = LINE('',#6725,#6727);
#6729 = EDGE_CURVE('',#6712,#6714,#6728,.T.);
#6730 = CARTESIAN_POINT('',(0.06342770,6.97633885,1.50000000));
#6731 = DIRECTION('',(0.00000000,0.00000000,-1.00000000));
#6732 = VECTOR('',#6731,1.50000000);
#6733 = LINE('',#6730,#6732);
#6734 = EDGE_CURVE('',#6714,#6708,#6733,.T.);
#6735 = ORIENTED_EDGE('',*,*,#6719,.T.);
#6736 = ORIENTED_EDGE('',*,*,#6724,.T.);
#6737 = ORIENTED_EDGE('',*,*,#6729,.T.);
#6738 = ORIENTED_EDGE('',*,*,#6734,.T.);
#6739 = EDGE_LOOP('',(#6735,#6736,#6737,#6738));
#6740 = FACE_OUTER_BOUND('',#6739,.T.);
#6741 = CARTESIAN_POINT('',(0.06342770,6.97633885,0.00000000));
#6742 = DIRECTION('',(-0.57357644,-0.81915204,0.00000000));
#6743 = DIRECTION('',(0.81915204,-0.57357644,0.00000000));
#6744 = AXIS2_PLACEMENT_3D('',#6741,#6742,#6743);
#6745 = PLANE('',#6744);
#6746 = ADVANCED_FACE('',(#6740),#6745,.T.);
#6747 = CARTESIAN_POINT('',(0.08878150,6.95858593,0.00000000));
#6748 = VERTEX_POINT('',#6747);
#6749 = CARTESIAN_POINT('',(0.11683288,6.94550536,0.00000000));
#6750 = VERTEX_POINT('',#6749);
#6751 = CARTESIAN_POINT('',(0.11683288,6.94550536,1.50000000));
#6752 = VERTEX_POINT('',#6751);
#6753 = CARTESIAN_POINT('',(0.08878150,6.95858593,1.50000000));
#6754 = VERTEX_POINT('',#6753);
#6755 = CARTESIAN_POINT('',(0.08878150,6.95858593,0.00000000));
#6756 = DIRECTION('',(0.90630778,-0.42261827,0.00000000));
#6757 = VECTOR('',#6756,0.03095127);
#6758 = LINE('',#6755,#6757);
#6759 = EDGE_CURVE('',#6748,#6750,#6758,.T.);
#6760 = CARTESIAN_POINT('',(0.11683288,6.94550536,0.00000000));
#6761 = DIRECTION('',(0.00000000,0.00000000,1.00000000));
#6762 = VECTOR('',#6761,1.50000000);
#6763 = LINE('',#6760,#6762);
#6764 = EDGE_CURVE('',#6750,#6752,#6763,.T.);
#6765 = CARTESIAN_POINT('',(0.11683288,6.94550536,1.50000000));
#6766 = DIRECTION('',(-0.90630778,0.42261827,0.00000000));
#6767 = VECTOR('',#6766,0.03095127);
#6768 = LINE('',#6765,#6767);
#6769 = EDGE_CURVE('',#6752,#6754,#6768,.T.);
#6770 = CARTESIAN_POINT('',(0.08878150,6.95858593,1.50000000));
#6771 = DIRECTION('',(0.00000000,0.00000000,-1.00000000));
#6772 = VECTOR('',#6771,1.50000000);
#6773 = LINE('',#6770,#6772);
#6774 = EDGE_CURVE('',#6754,#6748,#6773,.T.);
#6775 = ORIENTED_EDGE('',*,*,#6759,.T.);
#6776 = ORIENTED_EDGE('',*,*,#6764,.T.);
#6777 = ORIENTED_EDGE('',*,*,#6769,.T.);
#6778 = ORIENTED_EDGE('',*,*,#6774,.T.);
#6779 = EDGE_LOOP('',(#6775,#6776,#6777,#6778));
#6780 = FACE_OUTER_BOUND('',#6779,.T.);
#6781 = CARTESIAN_POINT('',(0.08878150,6.95858593,0.00000000));
#6782 = DIRECTION('',(-0.42261827,-0.90630778,0.00000000));
#6783 = DIRECTION('',(0.90630778,-0.42261827,0.00000000));
#6784 = AXIS2_PLACEMENT_3D('',#6781,#6782,#6783);
#6785 = PLANE('',#6784);
#6786 = ADVANCED_FACE('',(#6780),#6785,.T.);
#6787 = CARTESIAN_POINT('',(0.11683288,6.94550536,0.00000000));
#6788 = VERTEX_POINT('',#6787);
#6789 = CARTESIAN_POINT('',(0.14672951,6.93749458,0.00000000));
#6790 = VERTEX_POINT('',#6789);
#6791 = CARTESIAN_POINT('',(0.14672951,6.93749458,1.50000000));
#6792 = VERTEX_POINT('',#6791);
#6793 = CARTESIAN_POINT('',(0.11683288,6.94550536,1.50000000));
#6794 = VERTEX_POINT('',#6793);
#6795 = CARTESIAN_POINT('',(0.11683288,6.94550536,0.00000000));
#6796 = DIRECTION('',(0.96592582,-0.25881906,0.00000000));
#6797 = VECTOR('',#6796,0.03095127);
#6798 = LINE('',#6795,#6797);
#6799 = EDGE_CURVE('',#6788,#6790,#6798,.T.);
#6800 = CARTESIAN_POINT('',(0.14672951,6.93749458,0.00000000));
#6801 = DIRECTION('',(0.00000000,0.00000000,1.00000000));
#6802 = VECTOR('',#6801,1.50000000);
#6803 = LINE('',#6800,#6802);
#6804 = EDGE_CURVE('',#6790,#6792,#6803,.T.);
#6805 = CARTESIAN_POINT('',(0.14672951,6.93749458,1.50000000));
#6806 = DIRECTION('',(-0.96592582,0.25881906,0.00000000));
#6807 = VECTOR('',#6806,0.03095127);
#6808 = LINE('',#6805,#6807);
#6809 = EDGE_CURVE('',#6792,#6794,#6808,.T.);
#6810 = CARTESIAN_POINT('',(0.11683288,6.94550536,1.50000000));
#6811 = DIRECTION('',(0.00000000,0.00000000,-1.00000000));
#6812 = VECTOR('',#6811,1.50000000);
#6813 = LINE('',#6810,#6812);
#6814 = EDGE_CURVE('',#6794,#6788,#6813,.T.);
#6815 = ORIENTED_EDGE('',*,*,#6799,.T.);
#6816 = ORIENTED_EDGE('',*,*,#6804,.T.);
#6817 = ORIENTED_EDGE('',*,*,#6809,.T.);
#6818 = ORIENTED_EDGE('',*,*,#6814,.T.);
#6819 = EDGE_LOOP('',(#6815,#6816,#6817,#6818));
#6820 = FACE_OUTER_BOUND('',#6819,.T.);
#6821 = CARTESIAN_POINT('',(0.11683288,6.94550536,0.00000000));
#6822 = DIRECTION('',(-0.25881906,-0.96592582,0.00000000));
#6823 = DIRECTION('',(0.96592582,-0.25881906,0.00000000));
#6824 = AXIS2_PLACEMENT_3D('',#6821,#6822,#6823);
#6825 = PLANE('',#6824);
#6826 = ADVANCED_FACE('',(#6820),#6825,.T.);
#6827 = CARTESIAN_POINT('',(0.14672951,6.93749458,0.00000000));
#6828 = VERTEX_POINT('',#6827);
#6829 = CARTESIAN_POINT('',(0.17756300,6.93479700,0.00000000));
#6830 = VERTEX_POINT('',#6829);
#6831 = CARTESIAN_POINT('',(0.17756300,6.93479700,1.50000000));
#6832 = VERTEX_POINT('',#6831);
#6833 = CARTESIAN_POINT('',(0.14672951,6.93749458,1.50000000));
#6834 = VERTEX_POINT('',#6833);
#6835 = CARTESIAN_POINT('',(0.14672951,6.93749458,0.00000000));
#6836 = DIRECTION('',(0.99619470,-0.08715577,0.00000000));
#6837 = VECTOR('',#6836,0.03095127);
#6838 = LINE('',#6835,#6837);
#6839 = EDGE_CURVE('',#6828,#6830,#6838,.T.);
#6840 = CARTESIAN_POINT('',(0.17756300,6.93479700,0.00000000));
#6841 = DIRECTION('',(0.00000000,0.00000000,1.00000000));
#6842 = VECTOR('',#6841,1.50000000);
#6843 = LINE('',#6840,#6842);
#6844 = EDGE_CURVE('',#6830,#6832,#6843,.T.);
#6845 = CARTESIAN_POINT('',(0.17756300,6.93479700,1.50000000));
#6846 = DIRECTION('',(-0.99619470,0.08715577,0.00000000));
#6847 = VECTOR('',#6846,0.03095127);
#6848 = LINE('',#6845,#6847);
#6849 = EDGE_CURVE('',#6832,#6834,#6848,.T.);
#6850 = CARTESIAN_POINT('',(0.14672951,6.93749458,1.50000000));
#6851 = DIRECTION('',(0.00000000,0.00000000,-1.00000000));
#6852 = VECTOR('',#6851,1.50000000);
#6853 = LINE('',#6850,#6852);
#6854 = EDGE_CURVE('',#6834,#6828,#6853,.T.);
#6855 = ORIENTED_EDGE('',*,*,#6839,.T.);
#6856 = ORIENTED_EDGE('',*,*,#6844,.T.);
#6857 = ORIENTED_EDGE('',*,*,#6849,.T.);
#6858 = ORIENTED_EDGE('',*,*,#6854,.T.);
#6859 = EDGE_LOOP('',(#6855,#6856,#6857,#6858));
#6860 = FACE_OUTER_BOUND('',#6859,.T.);
#6861 = CARTESIAN_POINT('',(0.14672951,6.93749458,0.00000000));
#6862 = DIRECTION('',(-0.08715577,-0.99619470,0.00000000));
#6863 = DIRECTION('',(0.99619470,-0.08715577,0.00000000));
#6864 = AXIS2_PLACEMENT_3D('',#6861,#6862,#6863);
#6865 = PLANE('',#6864);
#6866 = ADVANCED_FACE('',(#6860),#6865,.T.);
#6867 = CARTESIAN_POINT('',(0.17756300,6.93479700,0.00000000));
#6868 = VERTEX_POINT('',#6867);
#6869 = CARTESIAN_POINT('',(20.93073100,6.92905500,0.00000000));
#6870 = VERTEX_POINT('',#6869);
#6871 = CARTESIAN_POINT('',(20.93073100,6.92905500,1.50000000));
#6872 = VERTEX_POINT('',#6871);
#6873 = CARTESIAN_POINT('',(0.17756300,6.93479700,1.50000000));
#6874 = VERTEX_POINT('',#6873);
#6875 = CARTESIAN_POINT('',(0.17756300,6.93479700,0.00000000));
#6876 = DIRECTION('',(0.99999996,-0.00027668,0.00000000));
#6877 = VECTOR('',#6876,20.75316879);
#6878 = LINE('',#6875,#6877);
#6879 = EDGE_CURVE('',#6868,#6870,#6878,.T.);
#6880 = CARTESIAN_POINT('',(20.93073100,6.92905500,0.00000000));
#6881 = DIRECTION('',(0.00000000,0.00000000,1.00000000));
#6882 = VECTOR('',#6881,1.50000000);
#6883 = LINE('',#6880,#6882);
#6884 = EDGE_CURVE('',#6870,#6872,#6883,.T.);
#6885 = CARTESIAN_POINT('',(20.93073100,6.92905500,1.50000000));
#6886 = DIRECTION('',(-0.99999996,0.00027668,0.00000000));
#6887 = VECTOR('',#6886,20.75316879);
#6888 = LINE('',#6885,#6887);
#6889 = EDGE_CURVE('',#6872,#6874,#6888,.T.);
#6890 = CARTESIAN_POINT('',(0.17756300,6.93479700,1.50000000));
#6891 = DIRECTION('',(0.00000000,0.00000000,-1.00000000));
#6892 = VECTOR('',#6891,1.50000000);
#6893 = LINE('',#6890,#6892);
#6894 = EDGE_CURVE('',#6874,#6868,#6893,.T.);
#6895 = ORIENTED_EDGE('',*,*,#6879,.T.);
#6896 = ORIENTED_EDGE('',*,*,#6884,.T.);
#6897 = ORIENTED_EDGE('',*,*,#6889,.T.);
#6898 = ORIENTED_EDGE('',*,*,#6894,.T.);
#6899 = EDGE_LOOP('',(#6895,#6896,#6897,#6898));
#6900 = FACE_OUTER_BOUND('',#6899,.T.);
#6901 = CARTESIAN_POINT('',(0.17756300,6.93479700,0.00000000));
#6902 = DIRECTION('',(-0.00027668,-0.99999996,0.00000000));
#6903 = DIRECTION('',(0.99999996,-0.00027668,0.00000000));
#6904 = AXIS2_PLACEMENT_3D('',#6901,#6902,#6903);
#6905 = PLANE('',#6904);
#6906 = ADVANCED_FACE('',(#6900),#6905,.T.);
#6907 = CARTESIAN_POINT('',(20.93073100,6.92905500,0.00000000));
#6908 = VERTEX_POINT('',#6907);
#6909 = CARTESIAN_POINT('',(21.39289666,5.78224061,0.00000000));
#6910 = VERTEX_POINT('',#6909);
#6911 = CARTESIAN_POINT('',(21.39289666,5.78224061,1.50000000));
#6912 = VERTEX_POINT('',#6911);
#6913 = CARTESIAN_POINT('',(20.93073100,6.92905500,1.50000000));
#6914 = VERTEX_POINT('',#6913);
#6915 = CARTESIAN_POINT('',(20.93073100,6.92905500,0.00000000));
#6916 = DIRECTION('',(0.37378780,-0.92751425,0.00000000));
#6917 = VECTOR('',#6916,1.23643857);
#6918 = LINE('',#6915,#6917);
#6919 = EDGE_CURVE('',#6908,#6910,#6918,.T.);
#6920 = CARTESIAN_POINT('',(21.39289666,5.78224061,0.00000000));
#6921 = DIRECTION('',(0.00000000,0.00000000,1.00000000));
#6922 = VECTOR('',#6921,1.50000000);
#6923 = LINE('',#6920,#6922);
#6924 = EDGE_CURVE('',#6910,#6912,#6923,.T.);
#6925 = CARTESIAN_POINT('',(21.39289666,5.78224061,1.50000000));
#6926 = DIRECTION('',(-0.37378780,0.92751425,0.00000000));
#6927 = VECTOR('',#6926,1.23643857);
#6928 = LINE('',#6925,#6927);
#6929 = EDGE_CURVE('',#6912,#6914,#6928,.T.);
#6930 = CARTESIAN_POINT('',(20.93073100,6.92905500,1.50000000));
#6931 = DIRECTION('',(0.00000000,0.00000000,-1.00000000));
#6932 = VECTOR('',#6931,1.50000000);
#6933 = LINE('',#6930,#6932);
#6934 = EDGE_CURVE('',#6914,#6908,#6933,.T.);
#6935 = ORIENTED_EDGE('',*,*,#6919,.T.);
#6936 = ORIENTED_EDGE('',*,*,#6924,.T.);
#6937 = ORIENTED_EDGE('',*,*,#6929,.T.);
#6938 = ORIENTED_EDGE('',*,*,#6934,.T.);
#6939 = EDGE_LOOP('',(#6935,#6936,#6937,#6938));
#6940 = FACE_OUTER_BOUND('',#6939,.T.);
#6941 = CARTESIAN_POINT('',(20.93073100,6.92905500,0.00000000));
#6942 = DIRECTION('',(-0.92751425,-0.37378780,0.00000000));
#6943 = DIRECTION('',(0.37378780,-0.92751425,0.00000000));
#6944 = AXIS2_PLACEMENT_3D('',#6941,#6942,#6943);
#6945 = PLANE('',#6944);
#6946 = ADVANCED_FACE('',(#6940),#6945,.T.);
#6947 = CARTESIAN_POINT('',(21.39289666,5.78224061,0.00000000));
#6948 = VERTEX_POINT('',#6947);
#6949 = CARTESIAN_POINT('',(22.17054600,4.82096967,0.00000000));
#6950 = VERTEX_POINT('',#6949);
#6951 = CARTESIAN_POINT('',(22.17054600,4.82096967,1.50000000));
#6952 = VERTEX_POINT('',#6951);
#6953 = CARTESIAN_POINT('',(21.39289666,5.78224061,1.50000000));
#6954 = VERTEX_POINT('',#6953);
#6955 = CARTESIAN_POINT('',(21.39289666,5.78224061,0.00000000));
#6956 = DIRECTION('',(0.62894297,-0.77745144,0.00000000));
#6957 = VECTOR('',#6956,1.23643857);
#6958 = LINE('',#6955,#6957);
#6959 = EDGE_CURVE('',#6948,#6950,#6958,.T.);
#6960 = CARTESIAN_POINT('',(22.17054600,4.82096967,0.00000000));
#6961 = DIRECTION('',(0.00000000,0.00000000,1.00000000));
#6962 = VECTOR('',#6961,1.50000000);
#6963 = LINE('',#6960,#6962);
#6964 = EDGE_CURVE('',#6950,#6952,#6963,.T.);
#6965 = CARTESIAN_POINT('',(22.17054600,4.82096967,1.50000000));
#6966 = DIRECTION('',(-0.62894297,0.77745144,0.00000000));
#6967 = VECTOR('',#6966,1.23643857);
#6968 = LINE('',#6965,#6967);
#6969 = EDGE_CURVE('',#6952,#6954,#6968,.T.);
#6970 = CARTESIAN_POINT('',(21.39289666,5.78224061,1.50000000));
#6971 = DIRECTION('',(0.00000000,0.00000000,-1.00000000));
#6972 = VECTOR('',#6971,1.50000000);
#6973 = LINE('',#6970,#6972);
#6974 = EDGE_CURVE('',#6954,#6948,#6973,.T.);
#6975 = ORIENTED_EDGE('',*,*,#6959,.T.);
#6976 = ORIENTED_EDGE('',*,*,#6964,.T.);
#6977 = ORIENTED_EDGE('',*,*,#6969,.T.);
#6978 = ORIENTED_EDGE('',*,*,#6974,.T.);
#6979 = EDGE_LOOP('',(#6975,#6976,#6977,#6978));
#6980 = FACE_OUTER_BOUND('',#6979,.T.);
#6981 = CARTESIAN_POINT('',(21.39289666,5.78224061,0.00000000));
#6982 = DIRECTION('',(-0.77745144,-0.62894297,0.00000000));
#6983 = DIRECTION('',(0.62894297,-0.77745144,0.00000000));
#6984 = AXIS2_PLACEMENT_3D('',#6981,#6982,#6983);
#6985 = PLANE('',#6984);
#6986 = ADVANCED_FACE('',(#6980),#6985,.T.);
#6987 = CARTESIAN_POINT('',(22.17054600,4.82096967,0.00000000));
#6988 = VERTEX_POINT('',#6987);
#6989 = CARTESIAN_POINT('',(23.19553905,4.12947160,0.00000000));
#6990 = VERTEX_POINT('',#6989);
#6991 = CARTESIAN_POINT('',(23.19553905,4.12947160,1.50000000));
#6992 = VERTEX_POINT('',#6991);
#6993 = CARTESIAN_POINT('',(22.17054600,4.82096967,1.50000000));
#6994 = VERTEX_POINT('',#6993);
#6995 = CARTESIAN_POINT('',(22.17054600,4.82096967,0.00000000));
#6996 = DIRECTION('',(0.82898826,-0.55926601,0.00000000));
#6997 = VECTOR('',#6996,1.23643857);
#6998 = LINE('',#6995,#6997);
#6999 = EDGE_CURVE('',#6988,#6990,#6998,.T.);
#7000 = CARTESIAN_POINT('',(23.19553905,4.12947160,0.00000000));
#7001 = DIRECTION('',(0.00000000,0.00000000,1.00000000));
#7002 = VECTOR('',#7001,1.50000000);
#7003 = LINE('',#7000,#7002);
#7004 = EDGE_CURVE('',#6990,#6992,#7003,.T.);
#7005 = CARTESIAN_POINT('',(23.19553905,4.12947160,1.50000000));
#7006 = DIRECTION('',(-0.82898826,0.55926601,0.00000000));
#7007 = VECTOR('',#7006,1.23643857);
#7008 = LINE('',#7005,#7007);
#7009 = EDGE_CURVE('',#6992,#6994,#7008,.T.);
#7010 = CARTESIAN_POINT('',(22.17054600,4.82096967,1.50000000));
#7011 = DIRECTION('',(0.00000000,0.00000000,-1.00000000));
#7012 = VECTOR('',#7011,1.50000000);
#7013 = LINE('',#7010,#7012);
#7014 = EDGE_CURVE('',#6994,#6988,#7013,.T.);
#7015 = ORIENTED_EDGE('',*,*,#6999,.T.);
#7016 = ORIENTED_EDGE('',*,*,#7004,.T.);
#7017 = ORIENTED_EDGE('',*,*,#7009,.T.);
#7018 = ORIENTED_EDGE('',*,*,#7014,.T.);
#7019 = EDGE_LOOP('',(#7015,#7016,#7017,#7018));
#7020 = FACE_OUTER_BOUND('',#7019,.T.);
#7021 = CARTESIAN_POINT('',(22.17054600,4.82096967,0.00000000));
#7022 = DIRECTION('',(-0.55926601,-0.82898826,0.00000000));
#7023 = DIRECTION('',(0.82898826,-0.55926601,0.00000000));
#7024 = AXIS2_PLACEMENT_3D('',#7021,#7022,#7023);
#7025 = PLANE('',#7024);
#7026 = ADVANCED_FACE('',(#7020),#7025,.T.);
#7027 = CARTESIAN_POINT('',(23.19553905,4.12947160,0.00000000));
#7028 = VERTEX_POINT('',#7027);
#7029 = CARTESIAN_POINT('',(24.37806285,3.76833756,0.00000000));
#7030 = VERTEX_POINT('',#7029);
#7031 = CARTESIAN_POINT('',(24.37806285,3.76833756,1.50000000));
#7032 = VERTEX_POINT('',#7031);
#7033 = CARTESIAN_POINT('',(23.19553905,4.12947160,1.50000000));
#7034 = VERTEX_POINT('',#7033);
#7035 = CARTESIAN_POINT('',(23.19553905,4.12947160,0.00000000));
#7036 = DIRECTION('',(0.95639511,-0.29207601,0.00000000));
#7037 = VECTOR('',#7036,1.23643857);
#7038 = LINE('',#7035,#7037);
#7039 = EDGE_CURVE('',#7028,#7030,#7038,.T.);
#7040 = CARTESIAN_POINT('',(24.37806285,3.76833756,0.00000000));
#7041 = DIRECTION('',(0.00000000,0.00000000,1.00000000));
#7042 = VECTOR('',#7041,1.50000000);
#7043 = LINE('',#7040,#7042);
#7044 = EDGE_CURVE('',#7030,#7032,#7043,.T.);
#7045 = CARTESIAN_POINT('',(24.37806285,3.76833756,1.50000000));
#7046 = DIRECTION('',(-0.95639511,0.29207601,0.00000000));
#7047 = VECTOR('',#7046,1.23643857);
#7048 = LINE('',#7045,#7047);
#7049 = EDGE_CURVE('',#7032,#7034,#7048,.T.);
#7050 = CARTESIAN_POINT('',(23.19553905,4.12947160,1.50000000));
#7051 = DIRECTION('',(0.00000000,0.00000000,-1.00000000));
#7052 = VECTOR('',#7051,1.50000000);
#7053 = LINE('',#7050,#7052);
#7054 = EDGE_CURVE('',#7034,#7028,#7053,.T.);
#7055 = ORIENTED_EDGE('',*,*,#7039,.T.);
#7056 = ORIENTED_EDGE('',*,*,#7044,.T.);
#7057 = ORIENTED_EDGE('',*,*,#7049,.T.);
#7058 = ORIENTED_EDGE('',*,*,#7054,.T.);
#7059 = EDGE_LOOP('',(#7055,#7056,#7057,#7058));
#7060 = FACE_OUTER_BOUND('',#7059,.T.);
#7061 = CARTESIAN_POINT('',(23.19553905,4.12947160,0.00000000));
#7062 = DIRECTION('',(-0.29207601,-0.95639511,0.00000000));
#7063 = DIRECTION('',(0.95639511,-0.29207601,0.00000000));
#7064 = AXIS2_PLACEMENT_3D('',#7061,#7062,#7063);
#7065 = PLANE('',#7064);
#7066 = ADVANCED_FACE('',(#7060),#7065,.T.);
#7067 = CARTESIAN_POINT('',(24.37806285,3.76833756,0.00000000));
#7068 = VERTEX_POINT('',#7067);
#7069 = CARTESIAN_POINT('',(25.61450110,3.76921119,0.00000000));
#7070 = VERTEX_POINT('',#7069);
#7071 = CARTESIAN_POINT('',(25.61450110,3.76921119,1.50000000));
#7072 = VERTEX_POINT('',#7071);
#7073 = CARTESIAN_POINT('',(24.37806285,3.76833756,1.50000000));
#7074 = VERTEX_POINT('',#7073);
#7075 = CARTESIAN_POINT('',(24.37806285,3.76833756,0.00000000));
#7076 = DIRECTION('',(0.99999975,0.00070657,0.00000000));
#7077 = VECTOR('',#7076,1.23643857);
#7078 = LINE('',#7075,#7077);
#7079 = EDGE_CURVE('',#7068,#7070,#7078,.T.);
#7080 = CARTESIAN_POINT('',(25.61450110,3.76921119,0.00000000));
#7081 = DIRECTION('',(0.00000000,0.00000000,1.00000000));
#7082 = VECTOR('',#7081,1.50000000);
#7083 = LINE('',#7080,#7082);
#7084 = EDGE_CURVE('',#7070,#7072,#7083,.T.);
#7085 = CARTESIAN_POINT('',(25.61450110,3.76921119,1.50000000));
#7086 = DIRECTION('',(-0.99999975,-0.00070657,0.00000000));
#7087 = VECTOR('',#7086,1.23643857);
#7088 = LINE('',#7085,#7087);
#7089 = EDGE_CURVE('',#7072,#7074,#7088,.T.);
#7090 = CARTESIAN_POINT('',(24.37806285,3.76833756,1.50000000));
#7091 = DIRECTION('',(0.00000000,0.00000000,-1.00000000));
#7092 = VECTOR('',#7091,1.50000000);
#7093 = LINE('',#7090,#7092);
#7094 = EDGE_CURVE('',#7074,#7068,#7093,.T.);
#7095 = ORIENTED_EDGE('',*,*,#7079,.T.);
#7096 = ORIENTED_EDGE('',*,*,#7084,.T.);
#7097 = ORIENTED_EDGE('',*,*,#7089,.T.);
#7098 = ORIENTED_EDGE('',*,*,#7094,.T.);
#7099 = EDGE_LOOP('',(#7095,#7096,#7097,#7098));
#7100 = FACE_OUTER_BOUND('',#7099,.T.);
#7101 = CARTESIAN_POINT('',(24.37806285,3.76833756,0.00000000));
#7102 = DIRECTION('',(0.00070657,-0.99999975,0.00000000));
#7103 = DIRECTION('',(0.99999975,0.00070657,0.00000000));
#7104 = AXIS2_PLACEMENT_3D('',#7101,#7102,#7103);
#7105 = PLANE('',#7104);
#7106 = ADVANCED_FACE('',(#7100),#7105,.T.);
#7107 = CARTESIAN_POINT('',(25.61450110,3.76921119,0.00000000));
#7108 = VERTEX_POINT('',#7107);
#7109 = CARTESIAN_POINT('',(26.79651339,4.13201593,0.00000000));
#7110 = VERTEX_POINT('',#7109);
#7111 = CARTESIAN_POINT('',(26.79651339,4.13201593,1.50000000));
#7112 = VERTEX_POINT('',#7111);
#7113 = CARTESIAN_POINT('',(25.61450110,3.76921119,1.50000000));
#7114 = VERTEX_POINT('',#7113);
#7115 = CARTESIAN_POINT('',(25.61450110,3.76921119,0.00000000));
#7116 = DIRECTION('',(0.95598141,0.29342723,0.00000000));
#7117 = VECTOR('',#7116,1.23643857);
#7118 = LINE('',#7115,#7117);
#7119 = EDGE_CURVE('',#7108,#7110,#7118,.T.);
#7120 = CARTESIAN_POINT('',(26.79651339,4.13201593,0.00000000));
#7121 = DIRECTION('',(0.00000000,0.00000000,1.00000000));
#7122 = VECTOR('',#7121,1.50000000);
#7123 = LINE('',#7120,#7122);
#7124 = EDGE_CURVE('',#7110,#7112,#7123,.T.);
#7125 = CARTESIAN_POINT('',(26.79651339,4.13201593,1.50000000));
#7126 = DIRECTION('',(-0.95598141,-0.29342723,0.00000000));
#7127 = VECTOR('',#7126,1.23643857);
#7128 = LINE('',#7125,#7127);
#7129 = EDGE_CURVE('',#7112,#7114,#7128,.T.);
#7130 = CARTESIAN_POINT('',(25.61450110,3.76921119,1.50000000));
#7131 = DIRECTION('',(0.00000000,0.00000000,-1.00000000));
#7132 = VECTOR('',#7131,1.50000000);
#7133 = LINE('',#7130,#7132);
#7134 = EDGE_CURVE('',#7114,#7108,#7133,.T.);
#7135 = ORIENTED_EDGE('',*,*,#7119,.T.);
#7136 = ORIENTED_EDGE('',*,*,#7124,.T.);
#7137 = ORIENTED_EDGE('',*,*,#7129,.T.);
#7138 = ORIENTED_EDGE('',*,*,#7134,.T.);
#7139 = EDGE_LOOP('',(#7135,#7136,#7137,#7138));
#7140 = FACE_OUTER_BOUND('',#7139,.T.);
#7141 = CARTESIAN_POINT('',(25.61450110,3.76921119,0.00000000));
#7142 = DIRECTION('',(0.29342723,-0.95598141,0.00000000));
#7143 = DIRECTION('',(0.95598141,0.29342723,0.00000000));
#7144 = AXIS2_PLACEMENT_3D('',#7141,#7142,#7143);
#7145 = PLANE('',#7144);
#7146 = ADVANCED_FACE('',(#7140),#7145,.T.);
#7147 = CARTESIAN_POINT('',(26.79651339,4.13201593,0.00000000));
#7148 = VERTEX_POINT('',#7147);
#7149 = CARTESIAN_POINT('',(27.82052824,4.82496175,0.00000000));
#7150 = VERTEX_POINT('',#7149);
#7151 = CARTESIAN_POINT('',(27.82052824,4.82496175,1.50000000));
#7152 = VERTEX_POINT('',#7151);
#7153 = CARTESIAN_POINT('',(26.79651339,4.13201593,1.50000000));
#7154 = VERTEX_POINT('',#7153);
#7155 = CARTESIAN_POINT('',(26.79651339,4.13201593,0.00000000));
#7156 = DIRECTION('',(0.82819711,0.56043692,0.00000000));
#7157 = VECTOR('',#7156,1.23643857);
#7158 = LINE('',#7155,#7157);
#7159 = EDGE_CURVE('',#7148,#7150,#7158,.T.);
#7160 = CARTESIAN_POINT('',(27.82052824,4.82496175,0.00000000));
#7161 = DIRECTION('',(0.00000000,0.00000000,1.00000000));
#7162 = VECTOR('',#7161,1.50000000);
#7163 = LINE('',#7160,#7162);
#7164 = EDGE_CURVE('',#7150,#7152,#7163,.T.);
#7165 = CARTESIAN_POINT('',(27.82052824,4.82496175,1.50000000));
#7166 = DIRECTION('',(-0.82819711,-0.56043692,0.00000000));
#7167 = VECTOR('',#7166,1.23643857);
#7168 = LINE('',#7165,#7167);
#7169 = EDGE_CURVE('',#7152,#7154,#7168,.T.);
#7170 = CARTESIAN_POINT('',(26.79651339,4.13201593,1.50000000));
#7171 = DIRECTION('',(0.00000000,0.00000000,-1.00000000));
#7172 = VECTOR('',#7171,1.50000000);
#7173 = LINE('',#7170,#7172);
#7174 = EDGE_CURVE('',#7154,#7148,#7173,.T.);
#7175 = ORIENTED_EDGE('',*,*,#7159,.T.);
#7176 = ORIENTED_EDGE('',*,*,#7164,.T.);
#7177 = ORIENTED_EDGE('',*,*,#7169,.T.);
#7178 = ORIENTED_EDGE('',*,*,#7174,.T.);
#7179 = EDGE_LOOP('',(#7175,#7176,#7177,#7178));
#7180 = FACE_OUTER_BOUND('',#7179,.T.);
#7181 = CARTESIAN_POINT('',(26.79651339,4.13201593,0.00000000));
#7182 = DIRECTION('',(0.56043692,-0.82819711,0.00000000));
#7183 = DIRECTION('',(0.82819711,0.56043692,0.00000000));
#7184 = AXIS2_PLACEMENT_3D('',#7181,#7182,#7183);
#7185 = PLANE('',#7184);
#7186 = ADVANCED_FACE('',(#7180),#7185,.T.);
#7187 = CARTESIAN_POINT('',(27.82052824,4.82496175,0.00000000));
#7188 = VERTEX_POINT('',#7187);
#7189 = CARTESIAN_POINT('',(28.59681840,5.78733066,0.00000000));
#7190 = VERTEX_POINT('',#7189);
#7191 = CARTESIAN_POINT('',(28.59681840,5.78733066,1.50000000));
#7192 = VERTEX_POINT('',#7191);
#7193 = CARTESIAN_POINT('',(27.82052824,4.82496175,1.50000000));
#7194 = VERTEX_POINT('',#7193);
#7195 = CARTESIAN_POINT('',(27.82052824,4.82496175,0.00000000));
#7196 = DIRECTION('',(0.62784370,0.77833944,0.00000000));
#7197 = VECTOR('',#7196,1.23643857);
#7198 = LINE('',#7195,#7197);
#7199 = EDGE_CURVE('',#7188,#7190,#7198,.T.);
#7200 = CARTESIAN_POINT('',(28.59681840,5.78733066,0.00000000));
#7201 = DIRECTION('',(0.00000000,0.00000000,1.00000000));
#7202 = VECTOR('',#7201,1.50000000);
#7203 = LINE('',#7200,#7202);
#7204 = EDGE_CURVE('',#7190,#7192,#7203,.T.);
#7205 = CARTESIAN_POINT('',(28.59681840,5.78733066,1.50000000));
#7206 = DIRECTION('',(-0.62784370,-0.77833944,0.00000000));
#7207 = VECTOR('',#7206,1.23643857);
#7208 = LINE('',#7205,#7207);
#7209 = EDGE_CURVE('',#7192,#7194,#7208,.T.);
#7210 = CARTESIAN_POINT('',(27.82052824,4.82496175,1.50000000));
#7211 = DIRECTION('',(0.00000000,0.00000000,-1.00000000));
#7212 = VECTOR('',#7211,1.50000000);
#7213 = LINE('',#7210,#7212);
#7214 = EDGE_CURVE('',#7194,#7188,#7213,.T.);
#7215 = ORIENTED_EDGE('',*,*,#7199,.T.);
#7216 = ORIENTED_EDGE('',*,*,#7204,.T.);
#7217 = ORIENTED_EDGE('',*,*,#7209,.T.);
#7218 = ORIENTED_EDGE('',*,*,#7214,.T.);
#7219 = EDGE_LOOP('',(#7215,#7216,#7217,#7218));
#7220 = FACE_OUTER_BOUND('',#7219,.T.);
#7221 = CARTESIAN_POINT('',(27.82052824,4.82496175,0.00000000));
#7222 = DIRECTION('',(0.77833944,-0.62784370,0.00000000));
#7223 = DIRECTION('',(0.62784370,0.77833944,0.00000000));
#7224 = AXIS2_PLACEMENT_3D('',#7221,#7222,#7223);
#7225 = PLANE('',#7224);
#7226 = ADVANCED_FACE('',(#7220),#7225,.T.);
#7227 = CARTESIAN_POINT('',(28.59681840,5.78733066,0.00000000));
#7228 = VERTEX_POINT('',#7227);
#7229 = CARTESIAN_POINT('',(29.05736300,6.93479700,0.00000000));
#7230 = VERTEX_POINT('',#7229);
#7231 = CARTESIAN_POINT('',(29.05736300,6.93479700,1.50000000));
#7232 = VERTEX_POINT('',#7231);
#7233 = CARTESIAN_POINT('',(28.59681840,5.78733066,1.50000000));
#7234 = VERTEX_POINT('',#7233);
#7235 = CARTESIAN_POINT('',(28.59681840,5.78733066,0.00000000));
#7236 = DIRECTION('',(0.37247673,0.92804153,0.00000000));
#7237 = VECTOR('',#7236,1.23643857);
#7238 = LINE('',#7235,#7237);
#7239 = EDGE_CURVE('',#7228,#7230,#7238,.T.);
#7240 = CARTESIAN_POINT('',(29.05736300,6.93479700,0.00000000));
#7241 = DIRECTION('',(0.00000000,0.00000000,1.00000000));
#7242 = VECTOR('',#7241,1.50000000);
#7243 = LINE('',#7240,#7242);
#7244 = EDGE_CURVE('',#7230,#7232,#7243,.T.);
#7245 = CARTESIAN_POINT('',(29.05736300,6.93479700,1.50000000));
#7246 = DIRECTION('',(-0.37247673,-0.92804153,0.00000000));
#7247 = VECTOR('',#7246,1.23643857);
#7248 = LINE('',#7245,#7247);
#7249 = EDGE_CURVE('',#7232,#7234,#7248,.T.);
#7250 = CARTESIAN_POINT('',(28.59681840,5.78733066,1.50000000));
#7251 = DIRECTION('',(0.00000000,0.00000000,-1.00000000));
#7252 = VECTOR('',#7251,1.50000000);
#7253 = LINE('',#7250,#7252);
#7254 = EDGE_CURVE('',#7234,#7228,#7253,.T.);
#7255 = ORIENTED_EDGE('',*,*,#7239,.T.);
#7256 = ORIENTED_EDGE('',*,*,#7244,.T.);
#7257 = ORIENTED_EDGE('',*,*,#7249,.T.);
#7258 = ORIENTED_EDGE('',*,*,#7254,.T.);
#7259 = EDGE_LOOP('',(#7255,#7256,#7257,#7258));
#7260 = FACE_OUTER_BOUND('',#7259,.T.);
#7261 = CARTESIAN_POINT('',(28.59681840,5.78733066,0.00000000));
#7262 = DIRECTION('',(0.92804153,-0.37247673,0.00000000));
#7263 = DIRECTION('',(0.37247673,0.92804153,0.00000000));
#7264 = AXIS2_PLACEMENT_3D('',#7261,#7262,#7263);
#7265 = PLANE('',#7264);
#7266 = ADVANCED_FACE('',(#7260),#7265,.T.);
#7267 = CARTESIAN_POINT('',(29.05736300,6.93479700,0.00000000));
#7268 = VERTEX_POINT('',#7267);
#7269 = CARTESIAN_POINT('',(42.87496300,6.93479700,0.00000000));
#7270 = VERTEX_POINT('',#7269);
#7271 = CARTESIAN_POINT('',(42.87496300,6.93479700,1.50000000));
#7272 = VERTEX_POINT('',#7271);
#7273 = CARTESIAN_POINT('',(29.05736300,6.93479700,1.50000000));
#7274 = VERTEX_POINT('',#7273);
#7275 = CARTESIAN_POINT('',(29.05736300,6.93479700,0.00000000));
#7276 = DIRECTION('',(1.00000000,0.00000000,0.00000000));
#7277 = VECTOR('',#7276,13.81760000);
#7278 = LINE('',#7275,#7277);
#7279 = EDGE_CURVE('',#7268,#7270,#7278,.T.);
#7280 = CARTESIAN_POINT('',(42.87496300,6.93479700,0.00000000));
#7281 = DIRECTION('',(0.00000000,0.00000000,1.00000000));
#7282 = VECTOR('',#7281,1.50000000);
#7283 = LINE('',#7280,#7282);
#7284 = EDGE_CURVE('',#7270,#7272,#7283,.T.);
#7285 = CARTESIAN_POINT('',(42.87496300,6.93479700,1.50000000));
#7286 = DIRECTION('',(-1.00000000,-0.00000000,0.00000000));
#7287 = VECTOR('',#7286,13.81760000);
#7288 = LINE('',#7285,#7287);
#7289 = EDGE_CURVE('',#7272,#7274,#7288,.T.);
#7290 = CARTESIAN_POINT('',(29.05736300,6.93479700,1.50000000));
#7291 = DIRECTION('',(0.00000000,0.00000000,-1.00000000));
#7292 = VECTOR('',#7291,1.50000000);
#7293 = LINE('',#7290,#7292);
#7294 = EDGE_CURVE('',#7274,#7268,#7293,.T.);
#7295 = ORIENTED_EDGE('',*,*,#7279,.T.);
#7296 = ORIENTED_EDGE('',*,*,#7284,.T.);
#7297 = ORIENTED_EDGE('',*,*,#7289,.T.);
#7298 = ORIENTED_EDGE('',*,*,#7294,.T.);
#7299 = EDGE_LOOP('',(#7295,#7296,#7297,#7298));
#7300 = FACE_OUTER_BOUND('',#7299,.T.);
#7301 = CARTESIAN_POINT('',(29.05736300,6.93479700,0.00000000));
#7302 = DIRECTION('',(0.00000000,-1.00000000,0.00000000));
#7303 = DIRECTION('',(1.00000000,0.00000000,0.00000000));
#7304 = AXIS2_PLACEMENT_3D('',#7301,#7302,#7303);
#7305 = PLANE('',#7304);
#7306 = ADVANCED_FACE('',(#7300),#7305,.T.);
#7307 = CARTESIAN_POINT('',(42.87496300,6.93479700,0.00000000));
#7308 = VERTEX_POINT('',#7307);
#7309 = CARTESIAN_POINT('',(42.91911085,6.93093472,0.00000000));
#7310 = VERTEX_POINT('',#7309);
#7311 = CARTESIAN_POINT('',(42.91911085,6.93093472,1.50000000));
#7312 = VERTEX_POINT('',#7311);
#7313 = CARTESIAN_POINT('',(42.87496300,6.93479700,1.50000000));
#7314 = VERTEX_POINT('',#7313);
#7315 = CARTESIAN_POINT('',(42.87496300,6.93479700,0.00000000));
#7316 = DIRECTION('',(0.99619500,-0.08715226,0.00000000));
#7317 = VECTOR('',#7316,0.04431648);
#7318 = LINE('',#7315,#7317);
#7319 = EDGE_CURVE('',#7308,#7310,#7318,.T.);
#7320 = CARTESIAN_POINT('',(42.91911085,6.93093472,0.00000000));
#7321 = DIRECTION('',(0.00000000,0.00000000,1.00000000));
#7322 = VECTOR('',#7321,1.50000000);
#7323 = LINE('',#7320,#7322);
#7324 = EDGE_CURVE('',#7310,#7312,#7323,.T.);
#7325 = CARTESIAN_POINT('',(42.91911085,6.93093472,1.50000000));
#7326 = DIRECTION('',(-0.99619500,0.08715226,0.00000000));
#7327 = VECTOR('',#7326,0.04431648);
#7328 = LINE('',#7325,#7327);
#7329 = EDGE_CURVE('',#7312,#7314,#7328,.T.);
#7330 = CARTESIAN_POINT('',(42.87496300,6.93479700,1.50000000));
#7331 = DIRECTION('',(0.00000000,0.00000000,-1.00000000));
#7332 = VECTOR('',#7331,1.50000000);
#7333 = LINE('',#7330,#7332);
#7334 = EDGE_CURVE('',#7314,#7308,#7333,.T.);
#7335 = ORIENTED_EDGE('',*,*,#7319,.T.);
#7336 = ORIENTED_EDGE('',*,*,#7324,.T.);
#7337 = ORIENTED_EDGE('',*,*,#7329,.T.);
#7338 = ORIENTED_EDGE('',*,*,#7334,.T.);
#7339 = EDGE_LOOP('',(#7335,#7336,#7337,#7338));
#7340 = FACE_OUTER_BOUND('',#7339,.T.);
#7341 = CARTESIAN_POINT('',(42.87496300,6.93479700,0.00000000));
#7342 = DIRECTION('',(-0.08715226,-0.99619500,0.00000000));
#7343 = DIRECTION('',(0.99619500,-0.08715226,0.00000000));
#7344 = AXIS2_PLACEMENT_3D('',#7341,#7342,#7343);
#7345 = PLANE('',#7344);
#7346 = ADVANCED_FACE('',(#7340),#7345,.T.);
#7347 = CARTESIAN_POINT('',(42.91911085,6.93093472,0.00000000));
#7348 = VERTEX_POINT('',#7347);
#7349 = CARTESIAN_POINT('',(42.96191731,6.91946488,0.00000000));
#7350 = VERTEX_POINT('',#7349);
#7351 = CARTESIAN_POINT('',(42.96191731,6.91946488,1.50000000));
#7352 = VERTEX_POINT('',#7351);
#7353 = CARTESIAN_POINT('',(42.91911085,6.93093472,1.50000000));
#7354 = VERTEX_POINT('',#7353);
#7355 = CARTESIAN_POINT('',(42.91911085,6.93093472,0.00000000));
#7356 = DIRECTION('',(0.96592651,-0.25881651,0.00000000));
#7357 = VECTOR('',#7356,0.04431648);
#7358 = LINE('',#7355,#7357);
#7359 = EDGE_CURVE('',#7348,#7350,#7358,.T.);
#7360 = CARTESIAN_POINT('',(42.96191731,6.91946488,0.00000000));
#7361 = DIRECTION('',(0.00000000,0.00000000,1.00000000));
#7362 = VECTOR('',#7361,1.50000000);
#7363 = LINE('',#7360,#7362);
#7364 = EDGE_CURVE('',#7350,#7352,#7363,.T.);
#7365 = CARTESIAN_POINT('',(42.96191731,6.91946488,1.50000000));
#7366 = DIRECTION('',(-0.96592651,0.25881651,0.00000000));
#7367 = VECTOR('',#7366,0.04431648);
#7368 = LINE('',#7365,#7367);
#7369 = EDGE_CURVE('',#7352,#7354,#7368,.T.);
#7370 = CARTESIAN_POINT('',(42.91911085,6.93093472,1.50000000));
#7371 = DIRECTION('',(0.00000000,0.00000000,-1.00000000));
#7372 = VECTOR('',#7371,1.50000000);
#7373 = LINE('',#7370,#7372);
#7374 = EDGE_CURVE('',#7354,#7348,#7373,.T.);
#7375 = ORIENTED_EDGE('',*,*,#7359,.T.);
#7376 = ORIENTED_EDGE('',*,*,#7364,.T.);
#7377 = ORIENTED_EDGE('',*,*,#7369,.T.);
#7378 = ORIENTED_EDGE('',*,*,#7374,.T.);
#7379 = EDGE_LOOP('',(#7375,#7376,#7377,#7378));
#7380 = FACE_OUTER_BOUND('',#7379,.T.);
#7381 = CARTESIAN_POINT('',(42.91911085,6.93093472,0.00000000));
#7382 = DIRECTION('',(-0.25881651,-0.96592651,0.00000000));
#7383 = DIRECTION('',(0.96592651,-0.25881651,0.00000000));
#7384 = AXIS2_PLACEMENT_3D('',#7381,#7382,#7383);
#7385 = PLANE('',#7384);
#7386 = ADVANCED_FACE('',(#7380),#7385,.T.);
#7387 = CARTESIAN_POINT('',(42.96191731,6.91946488,0.00000000));
#7388 = VERTEX_POINT('',#7387);
#7389 = CARTESIAN_POINT('',(43.00208171,6.90073600,0.00000000));
#7390 = VERTEX_POINT('',#7389);
#7391 = CARTESIAN_POINT('',(43.00208171,6.90073600,1.50000000));
#7392 = VERTEX_POINT('',#7391);
#7393 = CARTESIAN_POINT('',(42.96191731,6.91946488,1.50000000));
#7394 = VERTEX_POINT('',#7393);
#7395 = CARTESIAN_POINT('',(42.96191731,6.91946488,0.00000000));
#7396 = DIRECTION('',(0.90630853,-0.42261668,0.00000000));
#7397 = VECTOR('',#7396,0.04431648);
#7398 = LINE('',#7395,#7397);
#7399 = EDGE_CURVE('',#7388,#7390,#7398,.T.);
#7400 = CARTESIAN_POINT('',(43.00208171,6.90073600,0.00000000));
#7401 = DIRECTION('',(0.00000000,0.00000000,1.00000000));
#7402 = VECTOR('',#7401,1.50000000);
#7403 = LINE('',#7400,#7402);
#7404 = EDGE_CURVE('',#7390,#7392,#7403,.T.);
#7405 = CARTESIAN_POINT('',(43.00208171,6.90073600,1.50000000));
#7406 = DIRECTION('',(-0.90630853,0.42261668,0.00000000));
#7407 = VECTOR('',#7406,0.04431648);
#7408 = LINE('',#7405,#7407);
#7409 = EDGE_CURVE('',#7392,#7394,#7408,.T.);
#7410 = CARTESIAN_POINT('',(42.96191731,6.91946488,1.50000000));
#7411 = DIRECTION('',(0.00000000,0.00000000,-1.00000000));
#7412 = VECTOR('',#7411,1.50000000);
#7413 = LINE('',#7410,#7412);
#7414 = EDGE_CURVE('',#7394,#7388,#7413,.T.);
#7415 = ORIENTED_EDGE('',*,*,#7399,.T.);
#7416 = ORIENTED_EDGE('',*,*,#7404,.T.);
#7417 = ORIENTED_EDGE('',*,*,#7409,.T.);
#7418 = ORIENTED_EDGE('',*,*,#7414,.T.);
#7419 = EDGE_LOOP('',(#7415,#7416,#7417,#7418));
#7420 = FACE_OUTER_BOUND('',#7419,.T.);
#7421 = CARTESIAN_POINT('',(42.96191731,6.91946488,0.00000000));
#7422 = DIRECTION('',(-0.42261668,-0.90630853,0.00000000));
#7423 = DIRECTION('',(0.90630853,-0.42261668,0.00000000));
#7424 = AXIS2_PLACEMENT_3D('',#7421,#7422,#7423);
#7425 = PLANE('',#7424);
#7426 = ADVANCED_FACE('',(#7420),#7425,.T.);
#7427 = CARTESIAN_POINT('',(43.00208171,6.90073600,0.00000000));
#7428 = VERTEX_POINT('',#7427);
#7429 = CARTESIAN_POINT('',(43.03838367,6.87531715,0.00000000));
#7430 = VERTEX_POINT('',#7429);
#7431 = CARTESIAN_POINT('',(43.03838367,6.87531715,1.50000000));
#7432 = VERTEX_POINT('',#7431);
#7433 = CARTESIAN_POINT('',(43.00208171,6.90073600,1.50000000));
#7434 = VERTEX_POINT('',#7433);
#7435 = CARTESIAN_POINT('',(43.00208171,6.90073600,0.00000000));
#7436 = DIRECTION('',(0.81915255,-0.57357572,0.00000000));
#7437 = VECTOR('',#7436,0.04431648);
#7438 = LINE('',#7435,#7437);
#7439 = EDGE_CURVE('',#7428,#7430,#7438,.T.);
#7440 = CARTESIAN_POINT('',(43.03838367,6.87531715,0.00000000));
#7441 = DIRECTION('',(0.00000000,0.00000000,1.00000000));
#7442 = VECTOR('',#7441,1.50000000);
#7443 = LINE('',#7440,#7442);
#7444 = EDGE_CURVE('',#7430,#7432,#7443,.T.);
#7445 = CARTESIAN_POINT('',(43.03838367,6.87531715,1.50000000));
#7446 = DIRECTION('',(-0.81915255,0.57357572,0.00000000));
#7447 = VECTOR('',#7446,0.04431648);
#7448 = LINE('',#7445,#7447);
#7449 = EDGE_CURVE('',#7432,#7434,#7448,.T.);
#7450 = CARTESIAN_POINT('',(43.00208171,6.90073600,1.50000000));
#7451 = DIRECTION('',(0.00000000,0.00000000,-1.00000000));
#7452 = VECTOR('',#7451,1.50000000);
#7453 = LINE('',#7450,#7452);
#7454 = EDGE_CURVE('',#7434,#7428,#7453,.T.);
#7455 = ORIENTED_EDGE('',*,*,#7439,.T.);
#7456 = ORIENTED_EDGE('',*,*,#7444,.T.);
#7457 = ORIENTED_EDGE('',*,*,#7449,.T.);
#7458 = ORIENTED_EDGE('',*,*,#7454,.T.);
#7459 = EDGE_LOOP('',(#7455,#7456,#7457,#7458));
#7460 = FACE_OUTER_BOUND('',#7459,.T.);
#7461 = CARTESIAN_POINT('',(43.00208171,6.90073600,0.00000000));
#7462 = DIRECTION('',(-0.57357572,-0.81915255,0.00000000));
#7463 = DIRECTION('',(0.81915255,-0.57357572,0.00000000));
#7464 = AXIS2_PLACEMENT_3D('',#7461,#7462,#7463);
#7465 = PLANE('',#7464);
#7466 = ADVANCED_FACE('',(#7460),#7465,.T.);
#7467 = CARTESIAN_POINT('',(43.03838367,6.87531715,0.00000000));
#7468 = VERTEX_POINT('',#7467);
#7469 = CARTESIAN_POINT('',(43.06972015,6.84398067,0.00000000));
#7470 = VERTEX_POINT('',#7469);
#7471 = CARTESIAN_POINT('',(43.06972015,6.84398067,1.50000000));
#7472 = VERTEX_POINT('',#7471);
#7473 = CARTESIAN_POINT('',(43.03838367,6.87531715,1.50000000));
#7474 = VERTEX_POINT('',#7473);
#7475 = CARTESIAN_POINT('',(43.03838367,6.87531715,0.00000000));
#7476 = DIRECTION('',(0.70710678,-0.70710678,0.00000000));
#7477 = VECTOR('',#7476,0.04431648);
#7478 = LINE('',#7475,#7477);
#7479 = EDGE_CURVE('',#7468,#7470,#7478,.T.);
#7480 = CARTESIAN_POINT('',(43.06972015,6.84398067,0.00000000));
#7481 = DIRECTION('',(0.00000000,0.00000000,1.00000000));
#7482 = VECTOR('',#7481,1.50000000);
#7483 = LINE('',#7480,#7482);
#7484 = EDGE_CURVE('',#7470,#7472,#7483,.T.);
#7485 = CARTESIAN_POINT('',(43.06972015,6.84398067,1.50000000));
#7486 = DIRECTION('',(-0.70710678,0.70710678,0.00000000));
#7487 = VECTOR('',#7486,0.04431648);
#7488 = LINE('',#7485,#7487);
#7489 = EDGE_CURVE('',#7472,#7474,#7488,.T.);
#7490 = CARTESIAN_POINT('',(43.03838367,6.87531715,1.50000000));
#7491 = DIRECTION('',(0.00000000,0.00000000,-1.00000000));
#7492 = VECTOR('',#7491,1.50000000);
#7493 = LINE('',#7490,#7492);
#7494 = EDGE_CURVE('',#7474,#7468,#7493,.T.);
#7495 = ORIENTED_EDGE('',*,*,#7479,.T.);
#7496 = ORIENTED_EDGE('',*,*,#7484,.T.);
#7497 = ORIENTED_EDGE('',*,*,#7489,.T.);
#7498 = ORIENTED_EDGE('',*,*,#7494,.T.);
#7499 = EDGE_LOOP('',(#7495,#7496,#7497,#7498));
#7500 = FACE_OUTER_BOUND('',#7499,.T.);
#7501 = CARTESIAN_POINT('',(43.03838367,6.87531715,0.00000000));
#7502 = DIRECTION('',(-0.70710678,-0.70710678,0.00000000));
#7503 = DIRECTION('',(0.70710678,-0.70710678,0.00000000));
#7504 = AXIS2_PLACEMENT_3D('',#7501,#7502,#7503);
#7505 = PLANE('',#7504);
#7506 = ADVANCED_FACE('',(#7500),#7505,.T.);
#7507 = CARTESIAN_POINT('',(43.06972015,6.84398067,0.00000000));
#7508 = VERTEX_POINT('',#7507);
#7509 = CARTESIAN_POINT('',(43.09513900,6.80767871,0.00000000));
#7510 = VERTEX_POINT('',#7509);
#7511 = CARTESIAN_POINT('',(43.09513900,6.80767871,1.50000000));
#7512 = VERTEX_POINT('',#7511);
#7513 = CARTESIAN_POINT('',(43.06972015,6.84398067,1.50000000));
#7514 = VERTEX_POINT('',#7513);
#7515 = CARTESIAN_POINT('',(43.06972015,6.84398067,0.00000000));
#7516 = DIRECTION('',(0.57357572,-0.81915255,0.00000000));
#7517 = VECTOR('',#7516,0.04431648);
#7518 = LINE('',#7515,#7517);
#7519 = EDGE_CURVE('',#7508,#7510,#7518,.T.);
#7520 = CARTESIAN_POINT('',(43.09513900,6.80767871,0.00000000));
#7521 = DIRECTION('',(0.00000000,0.00000000,1.00000000));
#7522 = VECTOR('',#7521,1.50000000);
#7523 = LINE('',#7520,#7522);
#7524 = EDGE_CURVE('',#7510,#7512,#7523,.T.);
#7525 = CARTESIAN_POINT('',(43.09513900,6.80767871,1.50000000));
#7526 = DIRECTION('',(-0.57357572,0.81915255,0.00000000));
#7527 = VECTOR('',#7526,0.04431648);
#7528 = LINE('',#7525,#7527);
#7529 = EDGE_CURVE('',#7512,#7514,#7528,.T.);
#7530 = CARTESIAN_POINT('',(43.06972015,6.84398067,1.50000000));
#7531 = DIRECTION('',(0.00000000,0.00000000,-1.00000000));
#7532 = VECTOR('',#7531,1.50000000);
#7533 = LINE('',#7530,#7532);
#7534 = EDGE_CURVE('',#7514,#7508,#7533,.T.);
#7535 = ORIENTED_EDGE('',*,*,#7519,.T.);
#7536 = ORIENTED_EDGE('',*,*,#7524,.T.);
#7537 = ORIENTED_EDGE('',*,*,#7529,.T.);
#7538 = ORIENTED_EDGE('',*,*,#7534,.T.);
#7539 = EDGE_LOOP('',(#7535,#7536,#7537,#7538));
#7540 = FACE_OUTER_BOUND('',#7539,.T.);
#7541 = CARTESIAN_POINT('',(43.06972015,6.84398067,0.00000000));
#7542 = DIRECTION('',(-0.81915255,-0.57357572,0.00000000));
#7543 = DIRECTION('',(0.57357572,-0.81915255,0.00000000));
#7544 = AXIS2_PLACEMENT_3D('',#7541,#7542,#7543);
#7545 = PLANE('',#7544);
#7546 = ADVANCED_FACE('',(#7540),#7545,.T.);
#7547 = CARTESIAN_POINT('',(43.09513900,6.80767871,0.00000000));
#7548 = VERTEX_POINT('',#7547);
#7549 = CARTESIAN_POINT('',(43.11386788,6.76751431,0.00000000));
#7550 = VERTEX_POINT('',#7549);
#7551 = CARTESIAN_POINT('',(43.11386788,6.76751431,1.50000000));
#7552 = VERTEX_POINT('',#7551);
#7553 = CARTESIAN_POINT('',(43.09513900,6.80767871,1.50000000));
#7554 = VERTEX_POINT('',#7553);
#7555 = CARTESIAN_POINT('',(43.09513900,6.80767871,0.00000000));
#7556 = DIRECTION('',(0.42261668,-0.90630853,0.00000000));
#7557 = VECTOR('',#7556,0.04431648);
#7558 = LINE('',#7555,#7557);
#7559 = EDGE_CURVE('',#7548,#7550,#7558,.T.);
#7560 = CARTESIAN_POINT('',(43.11386788,6.76751431,0.00000000));
#7561 = DIRECTION('',(0.00000000,0.00000000,1.00000000));
#7562 = VECTOR('',#7561,1.50000000);
#7563 = LINE('',#7560,#7562);
#7564 = EDGE_CURVE('',#7550,#7552,#7563,.T.);
#7565 = CARTESIAN_POINT('',(43.11386788,6.76751431,1.50000000));
#7566 = DIRECTION('',(-0.42261668,0.90630853,0.00000000));
#7567 = VECTOR('',#7566,0.04431648);
#7568 = LINE('',#7565,#7567);
#7569 = EDGE_CURVE('',#7552,#7554,#7568,.T.);
#7570 = CARTESIAN_POINT('',(43.09513900,6.80767871,1.50000000));
#7571 = DIRECTION('',(0.00000000,0.00000000,-1.00000000));
#7572 = VECTOR('',#7571,1.50000000);
#7573 = LINE('',#7570,#7572);
#7574 = EDGE_CURVE('',#7554,#7548,#7573,.T.);
#7575 = ORIENTED_EDGE('',*,*,#7559,.T.);
#7576 = ORIENTED_EDGE('',*,*,#7564,.T.);
#7577 = ORIENTED_EDGE('',*,*,#7569,.T.);
#7578 = ORIENTED_EDGE('',*,*,#7574,.T.);
#7579 = EDGE_LOOP('',(#7575,#7576,#7577,#7578));
#7580 = FACE_OUTER_BOUND('',#7579,.T.);
#7581 = CARTESIAN_POINT('',(43.09513900,6.80767871,0.00000000));
#7582 = DIRECTION('',(-0.90630853,-0.42261668,0.00000000));
#7583 = DIRECTION('',(0.42261668,-0.90630853,0.00000000));
#7584 = AXIS2_PLACEMENT_3D('',#7581,#7582,#7583);
#7585 = PLANE('',#7584);
#7586 = ADVANCED_FACE('',(#7580),#7585,.T.);
#7587 = CARTESIAN_POINT('',(43.11386788,6.76751431,0.00000000));
#7588 = VERTEX_POINT('',#7587);
#7589 = CARTESIAN_POINT('',(43.12533772,6.72470785,0.00000000));
#7590 = VERTEX_POINT('',#7589);
#7591 = CARTESIAN_POINT('',(43.12533772,6.72470785,1.50000000));
#7592 = VERTEX_POINT('',#7591);
#7593 = CARTESIAN_POINT('',(43.11386788,6.76751431,1.50000000));
#7594 = VERTEX_POINT('',#7593);
#7595 = CARTESIAN_POINT('',(43.11386788,6.76751431,0.00000000));
#7596 = DIRECTION('',(0.25881651,-0.96592651,0.00000000));
#7597 = VECTOR('',#7596,0.04431648);
#7598 = LINE('',#7595,#7597);
#7599 = EDGE_CURVE('',#7588,#7590,#7598,.T.);
#7600 = CARTESIAN_POINT('',(43.12533772,6.72470785,0.00000000));
#7601 = DIRECTION('',(0.00000000,0.00000000,1.00000000));
#7602 = VECTOR('',#7601,1.50000000);
#7603 = LINE('',#7600,#7602);
#7604 = EDGE_CURVE('',#7590,#7592,#7603,.T.);
#7605 = CARTESIAN_POINT('',(43.12533772,6.72470785,1.50000000));
#7606 = DIRECTION('',(-0.25881651,0.96592651,0.00000000));
#7607 = VECTOR('',#7606,0.04431648);
#7608 = LINE('',#7605,#7607);
#7609 = EDGE_CURVE('',#7592,#7594,#7608,.T.);
#7610 = CARTESIAN_POINT('',(43.11386788,6.76751431,1.50000000));
#7611 = DIRECTION('',(0.00000000,0.00000000,-1.00000000));
#7612 = VECTOR('',#7611,1.50000000);
#7613 = LINE('',#7610,#7612);
#7614 = EDGE_CURVE('',#7594,#7588,#7613,.T.);
#7615 = ORIENTED_EDGE('',*,*,#7599,.T.);
#7616 = ORIENTED_EDGE('',*,*,#7604,.T.);
#7617 = ORIENTED_EDGE('',*,*,#7609,.T.);
#7618 = ORIENTED_EDGE('',*,*,#7614,.T.);
#7619 = EDGE_LOOP('',(#7615,#7616,#7617,#7618));
#7620 = FACE_OUTER_BOUND('',#7619,.T.);
#7621 = CARTESIAN_POINT('',(43.11386788,6.76751431,0.00000000));
#7622 = DIRECTION('',(-0.96592651,-0.25881651,0.00000000));
#7623 = DIRECTION('',(0.25881651,-0.96592651,0.00000000));
#7624 = AXIS2_PLACEMENT_3D('',#7621,#7622,#7623);
#7625 = PLANE('',#7624);
#7626 = ADVANCED_FACE('',(#7620),#7625,.T.);
#7627 = CARTESIAN_POINT('',(43.12533772,6.72470785,0.00000000));
#7628 = VERTEX_POINT('',#7627);
#7629 = CARTESIAN_POINT('',(43.12920000,6.68056000,0.00000000));
#7630 = VERTEX_POINT('',#7629);
#7631 = CARTESIAN_POINT('',(43.12920000,6.68056000,1.50000000));
#7632 = VERTEX_POINT('',#7631);
#7633 = CARTESIAN_POINT('',(43.12533772,6.72470785,1.50000000));
#7634 = VERTEX_POINT('',#7633);
#7635 = CARTESIAN_POINT('',(43.12533772,6.72470785,0.00000000));
#7636 = DIRECTION('',(0.08715226,-0.99619500,0.00000000));
#7637 = VECTOR('',#7636,0.04431648);
#7638 = LINE('',#7635,#7637);
#7639 = EDGE_CURVE('',#7628,#7630,#7638,.T.);
#7640 = CARTESIAN_POINT('',(43.12920000,6.68056000,0.00000000));
#7641 = DIRECTION('',(0.00000000,0.00000000,1.00000000));
#7642 = VECTOR('',#7641,1.50000000);
#7643 = LINE('',#7640,#7642);
#7644 = EDGE_CURVE('',#7630,#7632,#7643,.T.);
#7645 = CARTESIAN_POINT('',(43.12920000,6.68056000,1.50000000));
#7646 = DIRECTION('',(-0.08715226,0.99619500,0.00000000));
#7647 = VECTOR('',#7646,0.04431648);
#7648 = LINE('',#7645,#7647);
#7649 = EDGE_CURVE('',#7632,#7634,#7648,.T.);
#7650 = CARTESIAN_POINT('',(43.12533772,6.72470785,1.50000000));
#7651 = DIRECTION('',(0.00000000,0.00000000,-1.00000000));
#7652 = VECTOR('',#7651,1.50000000);
#7653 = LINE('',#7650,#7652);
#7654 = EDGE_CURVE('',#7634,#7628,#7653,.T.);
#7655 = ORIENTED_EDGE('',*,*,#7639,.T.);
#7656 = ORIENTED_EDGE('',*,*,#7644,.T.);
#7657 = ORIENTED_EDGE('',*,*,#7649,.T.);
#7658 = ORIENTED_EDGE('',*,*,#7654,.T.);
#7659 = EDGE_LOOP('',(#7655,#7656,#7657,#7658));
#7660 = FACE_OUTER_BOUND('',#7659,.T.);
#7661 = CARTESIAN_POINT('',(43.12533772,6.72470785,0.00000000));
#7662 = DIRECTION('',(-0.99619500,-0.08715226,0.00000000));
#7663 = DIRECTION('',(0.08715226,-0.99619500,0.00000000));
#7664 = AXIS2_PLACEMENT_3D('',#7661,#7662,#7663);
#7665 = PLANE('',#7664);
#7666 = ADVANCED_FACE('',(#7660),#7665,.T.);
#7667 = CARTESIAN_POINT('',(43.12920000,6.68056000,0.00000000));
#7668 = VERTEX_POINT('',#7667);
#7669 = CARTESIAN_POINT('',(43.12920000,2.79436000,0.00000000));
#7670 = VERTEX_POINT('',#7669);
#7671 = CARTESIAN_POINT('',(43.12920000,2.79436000,1.50000000));
#7672 = VERTEX_POINT('',#7671);
#7673 = CARTESIAN_POINT('',(43.12920000,6.68056000,1.50000000));
#7674 = VERTEX_POINT('',#7673);
#7675 = CARTESIAN_POINT('',(43.12920000,6.68056000,0.00000000));
#7676 = DIRECTION('',(0.00000000,-1.00000000,0.00000000));
#7677 = VECTOR('',#7676,3.88620000);
#7678 = LINE('',#7675,#7677);
#7679 = EDGE_CURVE('',#7668,#7670,#7678,.T.);
#7680 = CARTESIAN_POINT('',(43.12920000,2.79436000,0.00000000));
#7681 = DIRECTION('',(0.00000000,0.00000000,1.00000000));
#7682 = VECTOR('',#7681,1.50000000);
#7683 = LINE('',#7680,#7682);
#7684 = EDGE_CURVE('',#7670,#7672,#7683,.T.);
#7685 = CARTESIAN_POINT('',(43.12920000,2.79436000,1.50000000));
#7686 = DIRECTION('',(-0.00000000,1.00000000,0.00000000));
#7687 = VECTOR('',#7686,3.88620000);
#7688 = LINE('',#7685,#7687);
#7689 = EDGE_CURVE('',#7672,#7674,#7688,.T.);
#7690 = CARTESIAN_POINT('',(43.12920000,6.68056000,1.50000000));
#7691 = DIRECTION('',(0.00000000,0.00000000,-1.00000000));
#7692 = VECTOR('',#7691,1.50000000);
#7693 = LINE('',#7690,#7692);
#7694 = EDGE_CURVE('',#7674,#7668,#7693,.T.);
#7695 = ORIENTED_EDGE('',*,*,#7679,.T.);
#7696 = ORIENTED_EDGE('',*,*,#7684,.T.);
#7697 = ORIENTED_EDGE('',*,*,#7689,.T.);
#7698 = ORIENTED_EDGE('',*,*,#7694,.T.);
#7699 = EDGE_LOOP('',(#7695,#7696,#7697,#7698));
#7700 = FACE_OUTER_BOUND('',#7699,.T.);
#7701 = CARTESIAN_POINT('',(43.12920000,6.68056000,0.00000000));
#7702 = DIRECTION('',(-1.00000000,-0.00000000,0.00000000));
#7703 = DIRECTION('',(0.00000000,-1.00000000,0.00000000));
#7704 = AXIS2_PLACEMENT_3D('',#7701,#7702,#7703);
#7705 = PLANE('',#7704);
#7706 = ADVANCED_FACE('',(#7700),#7705,.T.);
#7707 = CARTESIAN_POINT('',(43.12920000,2.79436000,0.00000000));
#7708 = VERTEX_POINT('',#7707);
#7709 = CARTESIAN_POINT('',(43.13151195,2.76793727,0.00000000));
#7710 = VERTEX_POINT('',#7709);
#7711 = CARTESIAN_POINT('',(43.13151195,2.76793727,1.50000000));
#7712 = VERTEX_POINT('',#7711);
#7713 = CARTESIAN_POINT('',(43.12920000,2.79436000,1.50000000));
#7714 = VERTEX_POINT('',#7713);
#7715 = CARTESIAN_POINT('',(43.12920000,2.79436000,0.00000000));
#7716 = DIRECTION('',(0.08716546,-0.99619385,0.00000000));
#7717 = VECTOR('',#7716,0.02652368);
#7718 = LINE('',#7715,#7717);
#7719 = EDGE_CURVE('',#7708,#7710,#7718,.T.);
#7720 = CARTESIAN_POINT('',(43.13151195,2.76793727,0.00000000));
#7721 = DIRECTION('',(0.00000000,0.00000000,1.00000000));
#7722 = VECTOR('',#7721,1.50000000);
#7723 = LINE('',#7720,#7722);
#7724 = EDGE_CURVE('',#7710,#7712,#7723,.T.);
#7725 = CARTESIAN_POINT('',(43.13151195,2.76793727,1.50000000));
#7726 = DIRECTION('',(-0.08716546,0.99619385,0.00000000));
#7727 = VECTOR('',#7726,0.02652368);
#7728 = LINE('',#7725,#7727);
#7729 = EDGE_CURVE('',#7712,#7714,#7728,.T.);
#7730 = CARTESIAN_POINT('',(43.12920000,2.79436000,1.50000000));
#7731 = DIRECTION('',(0.00000000,0.00000000,-1.00000000));
#7732 = VECTOR('',#7731,1.50000000);
#7733 = LINE('',#7730,#7732);
#7734 = EDGE_CURVE('',#7714,#7708,#7733,.T.);
#7735 = ORIENTED_EDGE('',*,*,#7719,.T.);
#7736 = ORIENTED_EDGE('',*,*,#7724,.T.);
#7737 = ORIENTED_EDGE('',*,*,#7729,.T.);
#7738 = ORIENTED_EDGE('',*,*,#7734,.T.);
#7739 = EDGE_LOOP('',(#7735,#7736,#7737,#7738));
#7740 = FACE_OUTER_BOUND('',#7739,.T.);
#7741 = CARTESIAN_POINT('',(43.12920000,2.79436000,0.00000000));
#7742 = DIRECTION('',(-0.99619385,-0.08716546,0.00000000));
#7743 = DIRECTION('',(0.08716546,-0.99619385,0.00000000));
#7744 = AXIS2_PLACEMENT_3D('',#7741,#7742,#7743);
#7745 = PLANE('',#7744);
#7746 = ADVANCED_FACE('',(#7740),#7745,.T.);
#7747 = CARTESIAN_POINT('',(43.13151195,2.76793727,0.00000000));
#7748 = VERTEX_POINT('',#7747);
#7749 = CARTESIAN_POINT('',(43.13837697,2.74231742,0.00000000));
#7750 = VERTEX_POINT('',#7749);
#7751 = CARTESIAN_POINT('',(43.13837697,2.74231742,1.50000000));
#7752 = VERTEX_POINT('',#7751);
#7753 = CARTESIAN_POINT('',(43.13151195,2.76793727,1.50000000));
#7754 = VERTEX_POINT('',#7753);
#7755 = CARTESIAN_POINT('',(43.13151195,2.76793727,0.00000000));
#7756 = DIRECTION('',(0.25882611,-0.96592393,0.00000000));
#7757 = VECTOR('',#7756,0.02652368);
#7758 = LINE('',#7755,#7757);
#7759 = EDGE_CURVE('',#7748,#7750,#7758,.T.);
#7760 = CARTESIAN_POINT('',(43.13837697,2.74231742,0.00000000));
#7761 = DIRECTION('',(0.00000000,0.00000000,1.00000000));
#7762 = VECTOR('',#7761,1.50000000);
#7763 = LINE('',#7760,#7762);
#7764 = EDGE_CURVE('',#7750,#7752,#7763,.T.);
#7765 = CARTESIAN_POINT('',(43.13837697,2.74231742,1.50000000));
#7766 = DIRECTION('',(-0.25882611,0.96592393,0.00000000));
#7767 = VECTOR('',#7766,0.02652368);
#7768 = LINE('',#7765,#7767);
#7769 = EDGE_CURVE('',#7752,#7754,#7768,.T.);
#7770 = CARTESIAN_POINT('',(43.13151195,2.76793727,1.50000000));
#7771 = DIRECTION('',(0.00000000,0.00000000,-1.00000000));
#7772 = VECTOR('',#7771,1.50000000);
#7773 = LINE('',#7770,#7772);
#7774 = EDGE_CURVE('',#7754,#7748,#7773,.T.);
#7775 = ORIENTED_EDGE('',*,*,#7759,.T.);
#7776 = ORIENTED_EDGE('',*,*,#7764,.T.);
#7777 = ORIENTED_EDGE('',*,*,#7769,.T.);
#7778 = ORIENTED_EDGE('',*,*,#7774,.T.);
#7779 = EDGE_LOOP('',(#7775,#7776,#7777,#7778));
#7780 = FACE_OUTER_BOUND('',#7779,.T.);
#7781 = CARTESIAN_POINT('',(43.13151195,2.76793727,0.00000000));
#7782 = DIRECTION('',(-0.96592393,-0.25882611,0.00000000));
#7783 = DIRECTION('',(0.25882611,-0.96592393,0.00000000));
#7784 = AXIS2_PLACEMENT_3D('',#7781,#7782,#7783);
#7785 = PLANE('',#7784);
#7786 = ADVANCED_FACE('',(#7780),#7785,.T.);
#7787 = CARTESIAN_POINT('',(43.13837697,2.74231742,0.00000000));
#7788 = VERTEX_POINT('',#7787);
#7789 = CARTESIAN_POINT('',(43.14958648,2.71827885,0.00000000));
#7790 = VERTEX_POINT('',#7789);
#7791 = CARTESIAN_POINT('',(43.14958648,2.71827885,1.50000000));
#7792 = VERTEX_POINT('',#7791);
#7793 = CARTESIAN_POINT('',(43.13837697,2.74231742,1.50000000));
#7794 = VERTEX_POINT('',#7793);
#7795 = CARTESIAN_POINT('',(43.13837697,2.74231742,0.00000000));
#7796 = DIRECTION('',(0.42262268,-0.90630573,0.00000000));
#7797 = VECTOR('',#7796,0.02652368);
#7798 = LINE('',#7795,#7797);
#7799 = EDGE_CURVE('',#7788,#7790,#7798,.T.);
#7800 = CARTESIAN_POINT('',(43.14958648,2.71827885,0.00000000));
#7801 = DIRECTION('',(0.00000000,0.00000000,1.00000000));
#7802 = VECTOR('',#7801,1.50000000);
#7803 = LINE('',#7800,#7802);
#7804 = EDGE_CURVE('',#7790,#7792,#7803,.T.);
#7805 = CARTESIAN_POINT('',(43.14958648,2.71827885,1.50000000));
#7806 = DIRECTION('',(-0.42262268,0.90630573,0.00000000));
#7807 = VECTOR('',#7806,0.02652368);
#7808 = LINE('',#7805,#7807);
#7809 = EDGE_CURVE('',#7792,#7794,#7808,.T.);
#7810 = CARTESIAN_POINT('',(43.13837697,2.74231742,1.50000000));
#7811 = DIRECTION('',(0.00000000,0.00000000,-1.00000000));
#7812 = VECTOR('',#7811,1.50000000);
#7813 = LINE('',#7810,#7812);
#7814 = EDGE_CURVE('',#7794,#7788,#7813,.T.);
#7815 = ORIENTED_EDGE('',*,*,#7799,.T.);
#7816 = ORIENTED_EDGE('',*,*,#7804,.T.);
#7817 = ORIENTED_EDGE('',*,*,#7809,.T.);
#7818 = ORIENTED_EDGE('',*,*,#7814,.T.);
#7819 = EDGE_LOOP('',(#7815,#7816,#7817,#7818));
#7820 = FACE_OUTER_BOUND('',#7819,.T.);
#7821 = CARTESIAN_POINT('',(43.13837697,2.74231742,0.00000000));
#7822 = DIRECTION('',(-0.90630573,-0.42262268,0.00000000));
#7823 = DIRECTION('',(0.42262268,-0.90630573,0.00000000));
#7824 = AXIS2_PLACEMENT_3D('',#7821,#7822,#7823);
#7825 = PLANE('',#7824);
#7826 = ADVANCED_FACE('',(#7820),#7825,.T.);
#7827 = CARTESIAN_POINT('',(43.14958648,2.71827885,0.00000000));
#7828 = VERTEX_POINT('',#7827);
#7829 = CARTESIAN_POINT('',(43.16479989,2.69655196,0.00000000));
#7830 = VERTEX_POINT('',#7829);
#7831 = CARTESIAN_POINT('',(43.16479989,2.69655196,1.50000000));
#7832 = VERTEX_POINT('',#7831);
#7833 = CARTESIAN_POINT('',(43.14958648,2.71827885,1.50000000));
#7834 = VERTEX_POINT('',#7833);
#7835 = CARTESIAN_POINT('',(43.14958648,2.71827885,0.00000000));
#7836 = DIRECTION('',(0.57357843,-0.81915065,0.00000000));
#7837 = VECTOR('',#7836,0.02652368);
#7838 = LINE('',#7835,#7837);
#7839 = EDGE_CURVE('',#7828,#7830,#7838,.T.);
#7840 = CARTESIAN_POINT('',(43.16479989,2.69655196,0.00000000));
#7841 = DIRECTION('',(0.00000000,0.00000000,1.00000000));
#7842 = VECTOR('',#7841,1.50000000);
#7843 = LINE('',#7840,#7842);
#7844 = EDGE_CURVE('',#7830,#7832,#7843,.T.);
#7845 = CARTESIAN_POINT('',(43.16479989,2.69655196,1.50000000));
#7846 = DIRECTION('',(-0.57357843,0.81915065,0.00000000));
#7847 = VECTOR('',#7846,0.02652368);
#7848 = LINE('',#7845,#7847);
#7849 = EDGE_CURVE('',#7832,#7834,#7848,.T.);
#7850 = CARTESIAN_POINT('',(43.14958648,2.71827885,1.50000000));
#7851 = DIRECTION('',(0.00000000,0.00000000,-1.00000000));
#7852 = VECTOR('',#7851,1.50000000);
#7853 = LINE('',#7850,#7852);
#7854 = EDGE_CURVE('',#7834,#7828,#7853,.T.);
#7855 = ORIENTED_EDGE('',*,*,#7839,.T.);
#7856 = ORIENTED_EDGE('',*,*,#7844,.T.);
#7857 = ORIENTED_EDGE('',*,*,#7849,.T.);
#7858 = ORIENTED_EDGE('',*,*,#7854,.T.);
#7859 = EDGE_LOOP('',(#7855,#7856,#7857,#7858));
#7860 = FACE_OUTER_BOUND('',#7859,.T.);
#7861 = CARTESIAN_POINT('',(43.14958648,2.71827885,0.00000000));
#7862 = DIRECTION('',(-0.81915065,-0.57357843,0.00000000));
#7863 = DIRECTION('',(0.57357843,-0.81915065,0.00000000));
#7864 = AXIS2_PLACEMENT_3D('',#7861,#7862,#7863);
#7865 = PLANE('',#7864);
#7866 = ADVANCED_FACE('',(#7860),#7865,.T.);
#7867 = CARTESIAN_POINT('',(43.16479989,2.69655196,0.00000000));
#7868 = VERTEX_POINT('',#7867);
#7869 = CARTESIAN_POINT('',(43.18355496,2.67779689,0.00000000));
#7870 = VERTEX_POINT('',#7869);
#7871 = CARTESIAN_POINT('',(43.18355496,2.67779689,1.50000000));
#7872 = VERTEX_POINT('',#7871);
#7873 = CARTESIAN_POINT('',(43.16479989,2.69655196,1.50000000));
#7874 = VERTEX_POINT('',#7873);
#7875 = CARTESIAN_POINT('',(43.16479989,2.69655196,0.00000000));
#7876 = DIRECTION('',(0.70710678,-0.70710678,0.00000000));
#7877 = VECTOR('',#7876,0.02652368);
#7878 = LINE('',#7875,#7877);
#7879 = EDGE_CURVE('',#7868,#7870,#7878,.T.);
#7880 = CARTESIAN_POINT('',(43.18355496,2.67779689,0.00000000));
#7881 = DIRECTION('',(0.00000000,0.00000000,1.00000000));
#7882 = VECTOR('',#7881,1.50000000);
#7883 = LINE('',#7880,#7882);
#7884 = EDGE_CURVE('',#7870,#7872,#7883,.T.);
#7885 = CARTESIAN_POINT('',(43.18355496,2.67779689,1.50000000));
#7886 = DIRECTION('',(-0.70710678,0.70710678,0.00000000));
#7887 = VECTOR('',#7886,0.02652368);
#7888 = LINE('',#7885,#7887);
#7889 = EDGE_CURVE('',#7872,#7874,#7888,.T.);
#7890 = CARTESIAN_POINT('',(43.16479989,2.69655196,1.50000000));
#7891 = DIRECTION('',(0.00000000,0.00000000,-1.00000000));
#7892 = VECTOR('',#7891,1.50000000);
#7893 = LINE('',#7890,#7892);
#7894 = EDGE_CURVE('',#7874,#7868,#7893,.T.);
#7895 = ORIENTED_EDGE('',*,*,#7879,.T.);
#7896 = ORIENTED_EDGE('',*,*,#7884,.T.);
#7897 = ORIENTED_EDGE('',*,*,#7889,.T.);
#7898 = ORIENTED_EDGE('',*,*,#7894,.T.);
#7899 = EDGE_LOOP('',(#7895,#7896,#7897,#7898));
#7900 = FACE_OUTER_BOUND('',#7899,.T.);
#7901 = CARTESIAN_POINT('',(43.16479989,2.69655196,0.00000000));
#7902 = DIRECTION('',(-0.70710678,-0.70710678,0.00000000));
#7903 = DIRECTION('',(0.70710678,-0.70710678,0.00000000));
#7904 = AXIS2_PLACEMENT_3D('',#7901,#7902,#7903);
#7905 = PLANE('',#7904);
#7906 = ADVANCED_FACE('',(#7900),#7905,.T.);
#7907 = CARTESIAN_POINT('',(43.18355496,2.67779689,0.00000000));
#7908 = VERTEX_POINT('',#7907);
#7909 = CARTESIAN_POINT('',(43.20528185,2.66258348,0.00000000));
#7910 = VERTEX_POINT('',#7909);
#7911 = CARTESIAN_POINT('',(43.20528185,2.66258348,1.50000000));
#7912 = VERTEX_POINT('',#7911);
#7913 = CARTESIAN_POINT('',(43.18355496,2.67779689,1.50000000));
#7914 = VERTEX_POINT('',#7913);
#7915 = CARTESIAN_POINT('',(43.18355496,2.67779689,0.00000000));
#7916 = DIRECTION('',(0.81915065,-0.57357843,0.00000000));
#7917 = VECTOR('',#7916,0.02652368);
#7918 = LINE('',#7915,#7917);
#7919 = EDGE_CURVE('',#7908,#7910,#7918,.T.);
#7920 = CARTESIAN_POINT('',(43.20528185,2.66258348,0.00000000));
#7921 = DIRECTION('',(0.00000000,0.00000000,1.00000000));
#7922 = VECTOR('',#7921,1.50000000);
#7923 = LINE('',#7920,#7922);
#7924 = EDGE_CURVE('',#7910,#7912,#7923,.T.);
#7925 = CARTESIAN_POINT('',(43.20528185,2.66258348,1.50000000));
#7926 = DIRECTION('',(-0.81915065,0.57357843,0.00000000));
#7927 = VECTOR('',#7926,0.02652368);
#7928 = LINE('',#7925,#7927);
#7929 = EDGE_CURVE('',#7912,#7914,#7928,.T.);
#7930 = CARTESIAN_POINT('',(43.18355496,2.67779689,1.50000000));
#7931 = DIRECTION('',(0.00000000,0.00000000,-1.00000000));
#7932 = VECTOR('',#7931,1.50000000);
#7933 = LINE('',#7930,#7932);
#7934 = EDGE_CURVE('',#7914,#7908,#7933,.T.);
#7935 = ORIENTED_EDGE('',*,*,#7919,.T.);
#7936 = ORIENTED_EDGE('',*,*,#7924,.T.);
#7937 = ORIENTED_EDGE('',*,*,#7929,.T.);
#7938 = ORIENTED_EDGE('',*,*,#7934,.T.);
#7939 = EDGE_LOOP('',(#7935,#7936,#7937,#7938));
#7940 = FACE_OUTER_BOUND('',#7939,.T.);
#7941 = CARTESIAN_POINT('',(43.18355496,2.67779689,0.00000000));
#7942 = DIRECTION('',(-0.57357843,-0.81915065,0.00000000));
#7943 = DIRECTION('',(0.81915065,-0.57357843,0.00000000));
#7944 = AXIS2_PLACEMENT_3D('',#7941,#7942,#7943);
#7945 = PLANE('',#7944);
#7946 = ADVANCED_FACE('',(#7940),#7945,.T.);
#7947 = CARTESIAN_POINT('',(43.20528185,2.66258348,0.00000000));
#7948 = VERTEX_POINT('',#7947);
#7949 = CARTESIAN_POINT('',(43.22932042,2.65137397,0.00000000));
#7950 = VERTEX_POINT('',#7949);
#7951 = CARTESIAN_POINT('',(43.22932042,2.65137397,1.50000000));
#7952 = VERTEX_POINT('',#7951);
#7953 = CARTESIAN_POINT('',(43.20528185,2.66258348,1.50000000));
#7954 = VERTEX_POINT('',#7953);
#7955 = CARTESIAN_POINT('',(43.20528185,2.66258348,0.00000000));
#7956 = DIRECTION('',(0.90630573,-0.42262268,0.00000000));
#7957 = VECTOR('',#7956,0.02652368);
#7958 = LINE('',#7955,#7957);
#7959 = EDGE_CURVE('',#7948,#7950,#7958,.T.);
#7960 = CARTESIAN_POINT('',(43.22932042,2.65137397,0.00000000));
#7961 = DIRECTION('',(0.00000000,0.00000000,1.00000000));
#7962 = VECTOR('',#7961,1.50000000);
#7963 = LINE('',#7960,#7962);
#7964 = EDGE_CURVE('',#7950,#7952,#7963,.T.);
#7965 = CARTESIAN_POINT('',(43.22932042,2.65137397,1.50000000));
#7966 = DIRECTION('',(-0.90630573,0.42262268,0.00000000));
#7967 = VECTOR('',#7966,0.02652368);
#7968 = LINE('',#7965,#7967);
#7969 = EDGE_CURVE('',#7952,#7954,#7968,.T.);
#7970 = CARTESIAN_POINT('',(43.20528185,2.66258348,1.50000000));
#7971 = DIRECTION('',(0.00000000,0.00000000,-1.00000000));
#7972 = VECTOR('',#7971,1.50000000);
#7973 = LINE('',#7970,#7972);
#7974 = EDGE_CURVE('',#7954,#7948,#7973,.T.);
#7975 = ORIENTED_EDGE('',*,*,#7959,.T.);
#7976 = ORIENTED_EDGE('',*,*,#7964,.T.);
#7977 = ORIENTED_EDGE('',*,*,#7969,.T.);
#7978 = ORIENTED_EDGE('',*,*,#7974,.T.);
#7979 = EDGE_LOOP('',(#7975,#7976,#7977,#7978));
#7980 = FACE_OUTER_BOUND('',#7979,.T.);
#7981 = CARTESIAN_POINT('',(43.20528185,2.66258348,0.00000000));
#7982 = DIRECTION('',(-0.42262268,-0.90630573,0.00000000));
#7983 = DIRECTION('',(0.90630573,-0.42262268,0.00000000));
#7984 = AXIS2_PLACEMENT_3D('',#7981,#7982,#7983);
#7985 = PLANE('',#7984);
#7986 = ADVANCED_FACE('',(#7980),#7985,.T.);
#7987 = CARTESIAN_POINT('',(43.22932042,2.65137397,0.00000000));
#7988 = VERTEX_POINT('',#7987);
#7989 = CARTESIAN_POINT('',(43.25494027,2.64450895,0.00000000));
#7990 = VERTEX_POINT('',#7989);
#7991 = CARTESIAN_POINT('',(43.25494027,2.64450895,1.50000000));
#7992 = VERTEX_POINT('',#7991);
#7993 = CARTESIAN_POINT('',(43.22932042,2.65137397,1.50000000));
#7994 = VERTEX_POINT('',#7993);
#7995 = CARTESIAN_POINT('',(43.22932042,2.65137397,0.00000000));
#7996 = DIRECTION('',(0.96592393,-0.25882611,0.00000000));
#7997 = VECTOR('',#7996,0.02652368);
#7998 = LINE('',#7995,#7997);
#7999 = EDGE_CURVE('',#7988,#7990,#7998,.T.);
#8000 = CARTESIAN_POINT('',(43.25494027,2.64450895,0.00000000));
#8001 = DIRECTION('',(0.00000000,0.00000000,1.00000000));
#8002 = VECTOR('',#8001,1.50000000);
#8003 = LINE('',#8000,#8002);
#8004 = EDGE_CURVE('',#7990,#7992,#8003,.T.);
#8005 = CARTESIAN_POINT('',(43.25494027,2.64450895,1.50000000));
#8006 = DIRECTION('',(-0.96592393,0.25882611,0.00000000));
#8007 = VECTOR('',#8006,0.02652368);
#8008 = LINE('',#8005,#8007);
#8009 = EDGE_CURVE('',#7992,#7994,#8008,.T.);
#8010 = CARTESIAN_POINT('',(43.22932042,2.65137397,1.50000000));
#8011 = DIRECTION('',(0.00000000,0.00000000,-1.00000000));
#8012 = VECTOR('',#8011,1.50000000);
#8013 = LINE('',#8010,#8012);
#8014 = EDGE_CURVE('',#7994,#7988,#8013,.T.);
#8015 = ORIENTED_EDGE('',*,*,#7999,.T.);
#8016 = ORIENTED_EDGE('',*,*,#8004,.T.);
#8017 = ORIENTED_EDGE('',*,*,#8009,.T.);
#8018 = ORIENTED_EDGE('',*,*,#8014,.T.);
#8019 = EDGE_LOOP('',(#8015,#8016,#8017,#8018));
#8020 = FACE_OUTER_BOUND('',#8019,.T.);
#8021 = CARTESIAN_POINT('',(43.22932042,2.65137397,0.00000000));
#8022 = DIRECTION('',(-0.25882611,-0.96592393,0.00000000));
#8023 = DIRECTION('',(0.96592393,-0.25882611,0.00000000));
#8024 = AXIS2_PLACEMENT_3D('',#8021,#8022,#8023);
#8025 = PLANE('',#8024);
#8026 = ADVANCED_FACE('',(#8020),#8025,.T.);
#8027 = CARTESIAN_POINT('',(43.25494027,2.64450895,0.00000000));
#8028 = VERTEX_POINT('',#8027);
#8029 = CARTESIAN_POINT('',(43.28136300,2.64219700,0.00000000));
#8030 = VERTEX_POINT('',#8029);
#8031 = CARTESIAN_POINT('',(43.28136300,2.64219700,1.50000000));
#8032 = VERTEX_POINT('',#8031);
#8033 = CARTESIAN_POINT('',(43.25494027,2.64450895,1.50000000));
#8034 = VERTEX_POINT('',#8033);
#8035 = CARTESIAN_POINT('',(43.25494027,2.64450895,0.00000000));
#8036 = DIRECTION('',(0.99619385,-0.08716546,0.00000000));
#8037 = VECTOR('',#8036,0.02652368);
#8038 = LINE('',#8035,#8037);
#8039 = EDGE_CURVE('',#8028,#8030,#8038,.T.);
#8040 = CARTESIAN_POINT('',(43.28136300,2.64219700,0.00000000));
#8041 = DIRECTION('',(0.00000000,0.00000000,1.00000000));
#8042 = VECTOR('',#8041,1.50000000);
#8043 = LINE('',#8040,#8042);
#8044 = EDGE_CURVE('',#8030,#8032,#8043,.T.);
#8045 = CARTESIAN_POINT('',(43.28136300,2.64219700,1.50000000));
#8046 = DIRECTION('',(-0.99619385,0.08716546,0.00000000));
#8047 = VECTOR('',#8046,0.02652368);
#8048 = LINE('',#8045,#8047);
#8049 = EDGE_CURVE('',#8032,#8034,#8048,.T.);
#8050 = CARTESIAN_POINT('',(43.25494027,2.64450895,1.50000000));
#8051 = DIRECTION('',(0.00000000,0.00000000,-1.00000000));
#8052 = VECTOR('',#8051,1.50000000);
#8053 = LINE('',#8050,#8052);
#8054 = EDGE_CURVE('',#8034,#8028,#8053,.T.);
#8055 = ORIENTED_EDGE('',*,*,#8039,.T.);
#8056 = ORIENTED_EDGE('',*,*,#8044,.T.);
#8057 = ORIENTED_EDGE('',*,*,#8049,.T.);
#8058 = ORIENTED_EDGE('',*,*,#8054,.T.);
#8059 = EDGE_LOOP('',(#8055,#8056,#8057,#8058));
#8060 = FACE_OUTER_BOUND('',#8059,.T.);
#8061 = CARTESIAN_POINT('',(43.25494027,2.64450895,0.00000000));
#8062 = DIRECTION('',(-0.08716546,-0.99619385,0.00000000));
#8063 = DIRECTION('',(0.99619385,-0.08716546,0.00000000));
#8064 = AXIS2_PLACEMENT_3D('',#8061,#8062,#8063);
#8065 = PLANE('',#8064);
#8066 = ADVANCED_FACE('',(#8060),#8065,.T.);
#8067 = CARTESIAN_POINT('',(43.28136300,2.64219700,0.00000000));
#8068 = VERTEX_POINT('',#8067);
#8069 = CARTESIAN_POINT('',(62.12816300,2.64219700,0.00000000));
#8070 = VERTEX_POINT('',#8069);
#8071 = CARTESIAN_POINT('',(62.12816300,2.64219700,1.50000000));
#8072 = VERTEX_POINT('',#8071);
#8073 = CARTESIAN_POINT('',(43.28136300,2.64219700,1.50000000));
#8074 = VERTEX_POINT('',#8073);
#8075 = CARTESIAN_POINT('',(43.28136300,2.64219700,0.00000000));
#8076 = DIRECTION('',(1.00000000,0.00000000,0.00000000));
#8077 = VECTOR('',#8076,18.84680000);
#8078 = LINE('',#8075,#8077);
#8079 = EDGE_CURVE('',#8068,#8070,#8078,.T.);
#8080 = CARTESIAN_POINT('',(62.12816300,2.64219700,0.00000000));
#8081 = DIRECTION('',(0.00000000,0.00000000,1.00000000));
#8082 = VECTOR('',#8081,1.50000000);
#8083 = LINE('',#8080,#8082);
#8084 = EDGE_CURVE('',#8070,#8072,#8083,.T.);
#8085 = CARTESIAN_POINT('',(62.12816300,2.64219700,1.50000000));
#8086 = DIRECTION('',(-1.00000000,-0.00000000,0.00000000));
#8087 = VECTOR('',#8086,18.84680000);
#8088 = LINE('',#8085,#8087);
#8089 = EDGE_CURVE('',#8072,#8074,#8088,.T.);
#8090 = CARTESIAN_POINT('',(43.28136300,2.64219700,1.50000000));
#8091 = DIRECTION('',(0.00000000,0.00000000,-1.00000000));
#8092 = VECTOR('',#8091,1.50000000);
#8093 = LINE('',#8090,#8092);
#8094 = EDGE_CURVE('',#8074,#8068,#8093,.T.);
#8095 = ORIENTED_EDGE('',*,*,#8079,.T.);
#8096 = ORIENTED_EDGE('',*,*,#8084,.T.);
#8097 = ORIENTED_EDGE('',*,*,#8089,.T.);
#8098 = ORIENTED_EDGE('',*,*,#8094,.T.);
#8099 = EDGE_LOOP('',(#8095,#8096,#8097,#8098));
#8100 = FACE_OUTER_BOUND('',#8099,.T.);
#8101 = CARTESIAN_POINT('',(43.28136300,2.64219700,0.00000000));
#8102 = DIRECTION('',(0.00000000,-1.00000000,0.00000000));
#8103 = DIRECTION('',(1.00000000,0.00000000,0.00000000));
#8104 = AXIS2_PLACEMENT_3D('',#8101,#8102,#8103);
#8105 = PLANE('',#8104);
#8106 = ADVANCED_FACE('',(#8100),#8105,.T.);
#8107 = CARTESIAN_POINT('',(62.12816300,2.64219700,0.00000000));
#8108 = VERTEX_POINT('',#8107);
#8109 = CARTESIAN_POINT('',(62.16790009,2.63872035,0.00000000));
#8110 = VERTEX_POINT('',#8109);
#8111 = CARTESIAN_POINT('',(62.16790009,2.63872035,1.50000000));
#8112 = VERTEX_POINT('',#8111);
#8113 = CARTESIAN_POINT('',(62.12816300,2.64219700,1.50000000));
#8114 = VERTEX_POINT('',#8113);
#8115 = CARTESIAN_POINT('',(62.12816300,2.64219700,0.00000000));
#8116 = DIRECTION('',(0.99619447,-0.08715831,0.00000000));
#8117 = VECTOR('',#8116,0.03988889);
#8118 = LINE('',#8115,#8117);
#8119 = EDGE_CURVE('',#8108,#8110,#8118,.T.);
#8120 = CARTESIAN_POINT('',(62.16790009,2.63872035,0.00000000));
#8121 = DIRECTION('',(0.00000000,0.00000000,1.00000000));
#8122 = VECTOR('',#8121,1.50000000);
#8123 = LINE('',#8120,#8122);
#8124 = EDGE_CURVE('',#8110,#8112,#8123,.T.);
#8125 = CARTESIAN_POINT('',(62.16790009,2.63872035,1.50000000));
#8126 = DIRECTION('',(-0.99619447,0.08715831,0.00000000));
#8127 = VECTOR('',#8126,0.03988889);
#8128 = LINE('',#8125,#8127);
#8129 = EDGE_CURVE('',#8112,#8114,#8128,.T.);
#8130 = CARTESIAN_POINT('',(62.12816300,2.64219700,1.50000000));
#8131 = DIRECTION('',(0.00000000,0.00000000,-1.00000000));
#8132 = VECTOR('',#8131,1.50000000);
#8133 = LINE('',#8130,#8132);
#8134 = EDGE_CURVE('',#8114,#8108,#8133,.T.);
#8135 = ORIENTED_EDGE('',*,*,#8119,.T.);
#8136 = ORIENTED_EDGE('',*,*,#8124,.T.);
#8137 = ORIENTED_EDGE('',*,*,#8129,.T.);
#8138 = ORIENTED_EDGE('',*,*,#8134,.T.);
#8139 = EDGE_LOOP('',(#8135,#8136,#8137,#8138));
#8140 = FACE_OUTER_BOUND('',#8139,.T.);
#8141 = CARTESIAN_POINT('',(62.12816300,2.64219700,0.00000000));
#8142 = DIRECTION('',(-0.08715831,-0.99619447,0.00000000));
#8143 = DIRECTION('',(0.99619447,-0.08715831,0.00000000));
#8144 = AXIS2_PLACEMENT_3D('',#8141,#8142,#8143);
#8145 = PLANE('',#8144);
#8146 = ADVANCED_FACE('',(#8140),#8145,.T.);
#8147 = CARTESIAN_POINT('',(62.16790009,2.63872035,0.00000000));
#8148 = VERTEX_POINT('',#8147);
#8149 = CARTESIAN_POINT('',(62.20642977,2.62839627,0.00000000));
#8150 = VERTEX_POINT('',#8149);
#8151 = CARTESIAN_POINT('',(62.20642977,2.62839627,1.50000000));
#8152 = VERTEX_POINT('',#8151);
#8153 = CARTESIAN_POINT('',(62.16790009,2.63872035,1.50000000));
#8154 = VERTEX_POINT('',#8153);
#8155 = CARTESIAN_POINT('',(62.16790009,2.63872035,0.00000000));
#8156 = DIRECTION('',(0.96592533,-0.25882091,0.00000000));
#8157 = VECTOR('',#8156,0.03988889);
#8158 = LINE('',#8155,#8157);
#8159 = EDGE_CURVE('',#8148,#8150,#8158,.T.);
#8160 = CARTESIAN_POINT('',(62.20642977,2.62839627,0.00000000));
#8161 = DIRECTION('',(0.00000000,0.00000000,1.00000000));
#8162 = VECTOR('',#8161,1.50000000);
#8163 = LINE('',#8160,#8162);
#8164 = EDGE_CURVE('',#8150,#8152,#8163,.T.);
#8165 = CARTESIAN_POINT('',(62.20642977,2.62839627,1.50000000));
#8166 = DIRECTION('',(-0.96592533,0.25882091,0.00000000));
#8167 = VECTOR('',#8166,0.03988889);
#8168 = LINE('',#8165,#8167);
#8169 = EDGE_CURVE('',#8152,#8154,#8168,.T.);
#8170 = CARTESIAN_POINT('',(62.16790009,2.63872035,1.50000000));
#8171 = DIRECTION('',(0.00000000,0.00000000,-1.00000000));
#8172 = VECTOR('',#8171,1.50000000);
#8173 = LINE('',#8170,#8172);
#8174 = EDGE_CURVE('',#8154,#8148,#8173,.T.);
#8175 = ORIENTED_EDGE('',*,*,#8159,.T.);
#8176 = ORIENTED_EDGE('',*,*,#8164,.T.);
#8177 = ORIENTED_EDGE('',*,*,#8169,.T.);
#8178 = ORIENTED_EDGE('',*,*,#8174,.T.);
#8179 = EDGE_LOOP('',(#8175,#8176,#8177,#8178));
#8180 = FACE_OUTER_BOUND('',#8179,.T.);
#8181 = CARTESIAN_POINT('',(62.16790009,2.63872035,0.00000000));
#8182 = DIRECTION('',(-0.25882091,-0.96592533,0.00000000));
#8183 = DIRECTION('',(0.96592533,-0.25882091,0.00000000));
#8184 = AXIS2_PLACEMENT_3D('',#8181,#8182,#8183);
#8185 = PLANE('',#8184);
#8186 = ADVANCED_FACE('',(#8180),#8185,.T.);
#8187 = CARTESIAN_POINT('',(62.20642977,2.62839627,0.00000000));
#8188 = VERTEX_POINT('',#8187);
#8189 = CARTESIAN_POINT('',(62.24258136,2.61153846,0.00000000));
#8190 = VERTEX_POINT('',#8189);
#8191 = CARTESIAN_POINT('',(62.24258136,2.61153846,1.50000000));
#8192 = VERTEX_POINT('',#8191);
#8193 = CARTESIAN_POINT('',(62.20642977,2.62839627,1.50000000));
#8194 = VERTEX_POINT('',#8193);
#8195 = CARTESIAN_POINT('',(62.20642977,2.62839627,0.00000000));
#8196 = DIRECTION('',(0.90630724,-0.42261943,0.00000000));
#8197 = VECTOR('',#8196,0.03988889);
#8198 = LINE('',#8195,#8197);
#8199 = EDGE_CURVE('',#8188,#8190,#8198,.T.);
#8200 = CARTESIAN_POINT('',(62.24258136,2.61153846,0.00000000));
#8201 = DIRECTION('',(0.00000000,0.00000000,1.00000000));
#8202 = VECTOR('',#8201,1.50000000);
#8203 = LINE('',#8200,#8202);
#8204 = EDGE_CURVE('',#8190,#8192,#8203,.T.);
#8205 = CARTESIAN_POINT('',(62.24258136,2.61153846,1.50000000));
#8206 = DIRECTION('',(-0.90630724,0.42261943,0.00000000));
#8207 = VECTOR('',#8206,0.03988889);
#8208 = LINE('',#8205,#8207);
#8209 = EDGE_CURVE('',#8192,#8194,#8208,.T.);
#8210 = CARTESIAN_POINT('',(62.20642977,2.62839627,1.50000000));
#8211 = DIRECTION('',(0.00000000,0.00000000,-1.00000000));
#8212 = VECTOR('',#8211,1.50000000);
#8213 = LINE('',#8210,#8212);
#8214 = EDGE_CURVE('',#8194,#8188,#8213,.T.);
#8215 = ORIENTED_EDGE('',*,*,#8199,.T.);
#8216 = ORIENTED_EDGE('',*,*,#8204,.T.);
#8217 = ORIENTED_EDGE('',*,*,#8209,.T.);
#8218 = ORIENTED_EDGE('',*,*,#8214,.T.);
#8219 = EDGE_LOOP('',(#8215,#8216,#8217,#8218));
#8220 = FACE_OUTER_BOUND('',#8219,.T.);
#8221 = CARTESIAN_POINT('',(62.20642977,2.62839627,0.00000000));
#8222 = DIRECTION('',(-0.42261943,-0.90630724,0.00000000));
#8223 = DIRECTION('',(0.90630724,-0.42261943,0.00000000));
#8224 = AXIS2_PLACEMENT_3D('',#8221,#8222,#8223);
#8225 = PLANE('',#8224);
#8226 = ADVANCED_FACE('',(#8220),#8225,.T.);
#8227 = CARTESIAN_POINT('',(62.24258136,2.61153846,0.00000000));
#8228 = VERTEX_POINT('',#8227);
#8229 = CARTESIAN_POINT('',(62.27525641,2.58865911,0.00000000));
#8230 = VERTEX_POINT('',#8229);
#8231 = CARTESIAN_POINT('',(62.27525641,2.58865911,1.50000000));
#8232 = VERTEX_POINT('',#8231);
#8233 = CARTESIAN_POINT('',(62.24258136,2.61153846,1.50000000));
#8234 = VERTEX_POINT('',#8233);
#8235 = CARTESIAN_POINT('',(62.24258136,2.61153846,0.00000000));
#8236 = DIRECTION('',(0.81915167,-0.57357696,0.00000000));
#8237 = VECTOR('',#8236,0.03988889);
#8238 = LINE('',#8235,#8237);
#8239 = EDGE_CURVE('',#8228,#8230,#8238,.T.);
#8240 = CARTESIAN_POINT('',(62.27525641,2.58865911,0.00000000));
#8241 = DIRECTION('',(0.00000000,0.00000000,1.00000000));
#8242 = VECTOR('',#8241,1.50000000);
#8243 = LINE('',#8240,#8242);
#8244 = EDGE_CURVE('',#8230,#8232,#8243,.T.);
#8245 = CARTESIAN_POINT('',(62.27525641,2.58865911,1.50000000));
#8246 = DIRECTION('',(-0.81915167,0.57357696,0.00000000));
#8247 = VECTOR('',#8246,0.03988889);
#8248 = LINE('',#8245,#8247);
#8249 = EDGE_CURVE('',#8232,#8234,#8248,.T.);
#8250 = CARTESIAN_POINT('',(62.24258136,2.61153846,1.50000000));
#8251 = DIRECTION('',(0.00000000,0.00000000,-1.00000000));
#8252 = VECTOR('',#8251,1.50000000);
#8253 = LINE('',#8250,#8252);
#8254 = EDGE_CURVE('',#8234,#8228,#8253,.T.);
#8255 = ORIENTED_EDGE('',*,*,#8239,.T.);
#8256 = ORIENTED_EDGE('',*,*,#8244,.T.);
#8257 = ORIENTED_EDGE('',*,*,#8249,.T.);
#8258 = ORIENTED_EDGE('',*,*,#8254,.T.);
#8259 = EDGE_LOOP('',(#8255,#8256,#8257,#8258));
#8260 = FACE_OUTER_BOUND('',#8259,.T.);
#8261 = CARTESIAN_POINT('',(62.24258136,2.61153846,0.00000000));
#8262 = DIRECTION('',(-0.57357696,-0.81915167,0.00000000));
#8263 = DIRECTION('',(0.81915167,-0.57357696,0.00000000));
#8264 = AXIS2_PLACEMENT_3D('',#8261,#8262,#8263);
#8265 = PLANE('',#8264);
#8266 = ADVANCED_FACE('',(#8260),#8265,.T.);
#8267 = CARTESIAN_POINT('',(62.27525641,2.58865911,0.00000000));
#8268 = VERTEX_POINT('',#8267);
#8269 = CARTESIAN_POINT('',(62.30346211,2.56045341,0.00000000));
#8270 = VERTEX_POINT('',#8269);
#8271 = CARTESIAN_POINT('',(62.30346211,2.56045341,1.50000000));
#8272 = VERTEX_POINT('',#8271);
#8273 = CARTESIAN_POINT('',(62.27525641,2.58865911,1.50000000));
#8274 = VERTEX_POINT('',#8273);
#8275 = CARTESIAN_POINT('',(62.27525641,2.58865911,0.00000000));
#8276 = DIRECTION('',(0.70710678,-0.70710678,0.00000000));
#8277 = VECTOR('',#8276,0.03988889);
#8278 = LINE('',#8275,#8277);
#8279 = EDGE_CURVE('',#8268,#8270,#8278,.T.);
#8280 = CARTESIAN_POINT('',(62.30346211,2.56045341,0.00000000));
#8281 = DIRECTION('',(0.00000000,0.00000000,1.00000000));
#8282 = VECTOR('',#8281,1.50000000);
#8283 = LINE('',#8280,#8282);
#8284 = EDGE_CURVE('',#8270,#8272,#8283,.T.);
#8285 = CARTESIAN_POINT('',(62.30346211,2.56045341,1.50000000));
#8286 = DIRECTION('',(-0.70710678,0.70710678,0.00000000));
#8287 = VECTOR('',#8286,0.03988889);
#8288 = LINE('',#8285,#8287);
#8289 = EDGE_CURVE('',#8272,#8274,#8288,.T.);
#8290 = CARTESIAN_POINT('',(62.27525641,2.58865911,1.50000000));
#8291 = DIRECTION('',(0.00000000,0.00000000,-1.00000000));
#8292 = VECTOR('',#8291,1.50000000);
#8293 = LINE('',#8290,#8292);
#8294 = EDGE_CURVE('',#8274,#8268,#8293,.T.);
#8295 = ORIENTED_EDGE('',*,*,#8279,.T.);
#8296 = ORIENTED_EDGE('',*,*,#8284,.T.);
#8297 = ORIENTED_EDGE('',*,*,#8289,.T.);
#8298 = ORIENTED_EDGE('',*,*,#8294,.T.);
#8299 = EDGE_LOOP('',(#8295,#8296,#8297,#8298));
#8300 = FACE_OUTER_BOUND('',#8299,.T.);
#8301 = CARTESIAN_POINT('',(62.27525641,2.58865911,0.00000000));
#8302 = DIRECTION('',(-0.70710678,-0.70710678,0.00000000));
#8303 = DIRECTION('',(0.70710678,-0.70710678,0.00000000));
#8304 = AXIS2_PLACEMENT_3D('',#8301,#8302,#8303);
#8305 = PLANE('',#8304);
#8306 = ADVANCED_FACE('',(#8300),#8305,.T.);
#8307 = CARTESIAN_POINT('',(62.30346211,2.56045341,0.00000000));
#8308 = VERTEX_POINT('',#8307);
#8309 = CARTESIAN_POINT('',(62.32634146,2.52777836,0.00000000));
#8310 = VERTEX_POINT('',#8309);
#8311 = CARTESIAN_POINT('',(62.32634146,2.52777836,1.50000000));
#8312 = VERTEX_POINT('',#8311);
#8313 = CARTESIAN_POINT('',(62.30346211,2.56045341,1.50000000));
#8314 = VERTEX_POINT('',#8313);
#8315 = CARTESIAN_POINT('',(62.30346211,2.56045341,0.00000000));
#8316 = DIRECTION('',(0.57357696,-0.81915167,0.00000000));
#8317 = VECTOR('',#8316,0.03988889);
#8318 = LINE('',#8315,#8317);
#8319 = EDGE_CURVE('',#8308,#8310,#8318,.T.);
#8320 = CARTESIAN_POINT('',(62.32634146,2.52777836,0.00000000));
#8321 = DIRECTION('',(0.00000000,0.00000000,1.00000000));
#8322 = VECTOR('',#8321,1.50000000);
#8323 = LINE('',#8320,#8322);
#8324 = EDGE_CURVE('',#8310,#8312,#8323,.T.);
#8325 = CARTESIAN_POINT('',(62.32634146,2.52777836,1.50000000));
#8326 = DIRECTION('',(-0.57357696,0.81915167,0.00000000));
#8327 = VECTOR('',#8326,0.03988889);
#8328 = LINE('',#8325,#8327);
#8329 = EDGE_CURVE('',#8312,#8314,#8328,.T.);
#8330 = CARTESIAN_POINT('',(62.30346211,2.56045341,1.50000000));
#8331 = DIRECTION('',(0.00000000,0.00000000,-1.00000000));
#8332 = VECTOR('',#8331,1.50000000);
#8333 = LINE('',#8330,#8332);
#8334 = EDGE_CURVE('',#8314,#8308,#8333,.T.);
#8335 = ORIENTED_EDGE('',*,*,#8319,.T.);
#8336 = ORIENTED_EDGE('',*,*,#8324,.T.);
#8337 = ORIENTED_EDGE('',*,*,#8329,.T.);
#8338 = ORIENTED_EDGE('',*,*,#8334,.T.);
#8339 = EDGE_LOOP('',(#8335,#8336,#8337,#8338));
#8340 = FACE_OUTER_BOUND('',#8339,.T.);
#8341 = CARTESIAN_POINT('',(62.30346211,2.56045341,0.00000000));
#8342 = DIRECTION('',(-0.81915167,-0.57357696,0.00000000));
#8343 = DIRECTION('',(0.57357696,-0.81915167,0.00000000));
#8344 = AXIS2_PLACEMENT_3D('',#8341,#8342,#8343);
#8345 = PLANE('',#8344);
#8346 = ADVANCED_FACE('',(#8340),#8345,.T.);
#8347 = CARTESIAN_POINT('',(62.32634146,2.52777836,0.00000000));
#8348 = VERTEX_POINT('',#8347);
#8349 = CARTESIAN_POINT('',(62.34319927,2.49162677,0.00000000));
#8350 = VERTEX_POINT('',#8349);
#8351 = CARTESIAN_POINT('',(62.34319927,2.49162677,1.50000000));
#8352 = VERTEX_POINT('',#8351);
#8353 = CARTESIAN_POINT('',(62.32634146,2.52777836,1.50000000));
#8354 = VERTEX_POINT('',#8353);
#8355 = CARTESIAN_POINT('',(62.32634146,2.52777836,0.00000000));
#8356 = DIRECTION('',(0.42261943,-0.90630724,0.00000000));
#8357 = VECTOR('',#8356,0.03988889);
#8358 = LINE('',#8355,#8357);
#8359 = EDGE_CURVE('',#8348,#8350,#8358,.T.);
#8360 = CARTESIAN_POINT('',(62.34319927,2.49162677,0.00000000));
#8361 = DIRECTION('',(0.00000000,0.00000000,1.00000000));
#8362 = VECTOR('',#8361,1.50000000);
#8363 = LINE('',#8360,#8362);
#8364 = EDGE_CURVE('',#8350,#8352,#8363,.T.);
#8365 = CARTESIAN_POINT('',(62.34319927,2.49162677,1.50000000));
#8366 = DIRECTION('',(-0.42261943,0.90630724,0.00000000));
#8367 = VECTOR('',#8366,0.03988889);
#8368 = LINE('',#8365,#8367);
#8369 = EDGE_CURVE('',#8352,#8354,#8368,.T.);
#8370 = CARTESIAN_POINT('',(62.32634146,2.52777836,1.50000000));
#8371 = DIRECTION('',(0.00000000,0.00000000,-1.00000000));
#8372 = VECTOR('',#8371,1.50000000);
#8373 = LINE('',#8370,#8372);
#8374 = EDGE_CURVE('',#8354,#8348,#8373,.T.);
#8375 = ORIENTED_EDGE('',*,*,#8359,.T.);
#8376 = ORIENTED_EDGE('',*,*,#8364,.T.);
#8377 = ORIENTED_EDGE('',*,*,#8369,.T.);
#8378 = ORIENTED_EDGE('',*,*,#8374,.T.);
#8379 = EDGE_LOOP('',(#8375,#8376,#8377,#8378));
#8380 = FACE_OUTER_BOUND('',#8379,.T.);
#8381 = CARTESIAN_POINT('',(62.32634146,2.52777836,0.00000000));
#8382 = DIRECTION('',(-0.90630724,-0.42261943,0.00000000));
#8383 = DIRECTION('',(0.42261943,-0.90630724,0.00000000));
#8384 = AXIS2_PLACEMENT_3D('',#8381,#8382,#8383);
#8385 = PLANE('',#8384);
#8386 = ADVANCED_FACE('',(#8380),#8385,.T.);
#8387 = CARTESIAN_POINT('',(62.34319927,2.49162677,0.00000000));
#8388 = VERTEX_POINT('',#8387);
#8389 = CARTESIAN_POINT('',(62.35352335,2.45309709,0.00000000));
#8390 = VERTEX_POINT('',#8389);
#8391 = CARTESIAN_POINT('',(62.35352335,2.45309709,1.50000000));
#8392 = VERTEX_POINT('',#8391);
#8393 = CARTESIAN_POINT('',(62.34319927,2.49162677,1.50000000));
#8394 = VERTEX_POINT('',#8393);
#8395 = CARTESIAN_POINT('',(62.34319927,2.49162677,0.00000000));
#8396 = DIRECTION('',(0.25882091,-0.96592533,0.00000000));
#8397 = VECTOR('',#8396,0.03988889);
#8398 = LINE('',#8395,#8397);
#8399 = EDGE_CURVE('',#8388,#8390,#8398,.T.);
#8400 = CARTESIAN_POINT('',(62.35352335,2.45309709,0.00000000));
#8401 = DIRECTION('',(0.00000000,0.00000000,1.00000000));
#8402 = VECTOR('',#8401,1.50000000);
#8403 = LINE('',#8400,#8402);
#8404 = EDGE_CURVE('',#8390,#8392,#8403,.T.);
#8405 = CARTESIAN_POINT('',(62.35352335,2.45309709,1.50000000));
#8406 = DIRECTION('',(-0.25882091,0.96592533,0.00000000));
#8407 = VECTOR('',#8406,0.03988889);
#8408 = LINE('',#8405,#8407);
#8409 = EDGE_CURVE('',#8392,#8394,#8408,.T.);
#8410 = CARTESIAN_POINT('',(62.34319927,2.49162677,1.50000000));
#8411 = DIRECTION('',(0.00000000,0.00000000,-1.00000000));
#8412 = VECTOR('',#8411,1.50000000);
#8413 = LINE('',#8410,#8412);
#8414 = EDGE_CURVE('',#8394,#8388,#8413,.T.);
#8415 = ORIENTED_EDGE('',*,*,#8399,.T.);
#8416 = ORIENTED_EDGE('',*,*,#8404,.T.);
#8417 = ORIENTED_EDGE('',*,*,#8409,.T.);
#8418 = ORIENTED_EDGE('',*,*,#8414,.T.);
#8419 = EDGE_LOOP('',(#8415,#8416,#8417,#8418));
#8420 = FACE_OUTER_BOUND('',#8419,.T.);
#8421 = CARTESIAN_POINT('',(62.34319927,2.49162677,0.00000000));
#8422 = DIRECTION('',(-0.96592533,-0.25882091,0.00000000));
#8423 = DIRECTION('',(0.25882091,-0.96592533,0.00000000));
#8424 = AXIS2_PLACEMENT_3D('',#8421,#8422,#8423);
#8425 = PLANE('',#8424);
#8426 = ADVANCED_FACE('',(#8420),#8425,.T.);
#8427 = CARTESIAN_POINT('',(62.35352335,2.45309709,0.00000000));
#8428 = VERTEX_POINT('',#8427);
#8429 = CARTESIAN_POINT('',(62.35700000,2.41336000,0.00000000));
#8430 = VERTEX_POINT('',#8429);
#8431 = CARTESIAN_POINT('',(62.35700000,2.41336000,1.50000000));
#8432 = VERTEX_POINT('',#8431);
#8433 = CARTESIAN_POINT('',(62.35352335,2.45309709,1.50000000));
#8434 = VERTEX_POINT('',#8433);
#8435 = CARTESIAN_POINT('',(62.35352335,2.45309709,0.00000000));
#8436 = DIRECTION('',(0.08715831,-0.99619447,0.00000000));
#8437 = VECTOR('',#8436,0.03988889);
#8438 = LINE('',#8435,#8437);
#8439 = EDGE_CURVE('',#8428,#8430,#8438,.T.);
#8440 = CARTESIAN_POINT('',(62.35700000,2.41336000,0.00000000));
#8441 = DIRECTION('',(0.00000000,0.00000000,1.00000000));
#8442 = VECTOR('',#8441,1.50000000);
#8443 = LINE('',#8440,#8442);
#8444 = EDGE_CURVE('',#8430,#8432,#8443,.T.);
#8445 = CARTESIAN_POINT('',(62.35700000,2.41336000,1.50000000));
#8446 = DIRECTION('',(-0.08715831,0.99619447,0.00000000));
#8447 = VECTOR('',#8446,0.03988889);
#8448 = LINE('',#8445,#8447);
#8449 = EDGE_CURVE('',#8432,#8434,#8448,.T.);
#8450 = CARTESIAN_POINT('',(62.35352335,2.45309709,1.50000000));
#8451 = DIRECTION('',(0.00000000,0.00000000,-1.00000000));
#8452 = VECTOR('',#8451,1.50000000);
#8453 = LINE('',#8450,#8452);
#8454 = EDGE_CURVE('',#8434,#8428,#8453,.T.);
#8455 = ORIENTED_EDGE('',*,*,#8439,.T.);
#8456 = ORIENTED_EDGE('',*,*,#8444,.T.);
#8457 = ORIENTED_EDGE('',*,*,#8449,.T.);
#8458 = ORIENTED_EDGE('',*,*,#8454,.T.);
#8459 = EDGE_LOOP('',(#8455,#8456,#8457,#8458));
#8460 = FACE_OUTER_BOUND('',#8459,.T.);
#8461 = CARTESIAN_POINT('',(62.35352335,2.45309709,0.00000000));
#8462 = DIRECTION('',(-0.99619447,-0.08715831,0.00000000));
#8463 = DIRECTION('',(0.08715831,-0.99619447,0.00000000));
#8464 = AXIS2_PLACEMENT_3D('',#8461,#8462,#8463);
#8465 = PLANE('',#8464);
#8466 = ADVANCED_FACE('',(#8460),#8465,.T.);
#8467 = CARTESIAN_POINT('',(62.35700000,2.41336000,0.00000000));
#8468 = VERTEX_POINT('',#8467);
#8469 = CARTESIAN_POINT('',(62.35700000,0.40944600,0.00000000));
#8470 = VERTEX_POINT('',#8469);
#8471 = CARTESIAN_POINT('',(62.35700000,0.40944600,1.50000000));
#8472 = VERTEX_POINT('',#8471);
#8473 = CARTESIAN_POINT('',(62.35700000,2.41336000,1.50000000));
#8474 = VERTEX_POINT('',#8473);
#8475 = CARTESIAN_POINT('',(62.35700000,2.41336000,0.00000000));
#8476 = DIRECTION('',(0.00000000,-1.00000000,0.00000000));
#8477 = VECTOR('',#8476,2.00391400);
#8478 = LINE('',#8475,#8477);
#8479 = EDGE_CURVE('',#8468,#8470,#8478,.T.);
#8480 = CARTESIAN_POINT('',(62.35700000,0.40944600,0.00000000));
#8481 = DIRECTION('',(0.00000000,0.00000000,1.00000000));
#8482 = VECTOR('',#8481,1.50000000);
#8483 = LINE('',#8480,#8482);
#8484 = EDGE_CURVE('',#8470,#8472,#8483,.T.);
#8485 = CARTESIAN_POINT('',(62.35700000,0.40944600,1.50000000));
#8486 = DIRECTION('',(-0.00000000,1.00000000,0.00000000));
#8487 = VECTOR('',#8486,2.00391400);
#8488 = LINE('',#8485,#8487);
#8489 = EDGE_CURVE('',#8472,#8474,#8488,.T.);
#8490 = CARTESIAN_POINT('',(62.35700000,2.41336000,1.50000000));
#8491 = DIRECTION('',(0.00000000,0.00000000,-1.00000000));
#8492 = VECTOR('',#8491,1.50000000);
#8493 = LINE('',#8490,#8492);
#8494 = EDGE_CURVE('',#8474,#8468,#8493,.T.);
#8495 = ORIENTED_EDGE('',*,*,#8479,.T.);
#8496 = ORIENTED_EDGE('',*,*,#8484,.T.);
#8497 = ORIENTED_EDGE('',*,*,#8489,.T.);
#8498 = ORIENTED_EDGE('',*,*,#8494,.T.);
#8499 = EDGE_LOOP('',(#8495,#8496,#8497,#8498));
#8500 = FACE_OUTER_BOUND('',#8499,.T.);
#8501 = CARTESIAN_POINT('',(62.35700000,2.41336000,0.00000000));
#8502 = DIRECTION('',(-1.00000000,-0.00000000,0.00000000));
#8503 = DIRECTION('',(0.00000000,-1.00000000,0.00000000));
#8504 = AXIS2_PLACEMENT_3D('',#8501,#8502,#8503);
#8505 = PLANE('',#8504);
#8506 = ADVANCED_FACE('',(#8500),#8505,.T.);
#8507 = CARTESIAN_POINT('',(62.35700000,0.40944600,0.00000000));
#8508 = VERTEX_POINT('',#8507);
#8509 = CARTESIAN_POINT('',(62.36693947,0.33731279,0.00000000));
#8510 = VERTEX_POINT('',#8509);
#8511 = CARTESIAN_POINT('',(62.36693947,0.33731279,1.50000000));
#8512 = VERTEX_POINT('',#8511);
#8513 = CARTESIAN_POINT('',(62.35700000,0.40944600,1.50000000));
#8514 = VERTEX_POINT('',#8513);
#8515 = CARTESIAN_POINT('',(62.35700000,0.40944600,0.00000000));
#8516 = DIRECTION('',(0.13650343,-0.99063960,0.00000000));
#8517 = VECTOR('',#8516,0.07281479);
#8518 = LINE('',#8515,#8517);
#8519 = EDGE_CURVE('',#8508,#8510,#8518,.T.);
#8520 = CARTESIAN_POINT('',(62.36693947,0.33731279,0.00000000));
#8521 = DIRECTION('',(0.00000000,0.00000000,1.00000000));
#8522 = VECTOR('',#8521,1.50000000);
#8523 = LINE('',#8520,#8522);
#8524 = EDGE_CURVE('',#8510,#8512,#8523,.T.);
#8525 = CARTESIAN_POINT('',(62.36693947,0.33731279,1.50000000));
#8526 = DIRECTION('',(-0.13650343,0.99063960,0.00000000));
#8527 = VECTOR('',#8526,0.07281479);
#8528 = LINE('',#8525,#8527);
#8529 = EDGE_CURVE('',#8512,#8514,#8528,.T.);
#8530 = CARTESIAN_POINT('',(62.35700000,0.40944600,1.50000000));
#8531 = DIRECTION('',(0.00000000,0.00000000,-1.00000000));
#8532 = VECTOR('',#8531,1.50000000);
#8533 = LINE('',#8530,#8532);
#8534 = EDGE_CURVE('',#8514,#8508,#8533,.T.);
#8535 = ORIENTED_EDGE('',*,*,#8519,.T.);
#8536 = ORIENTED_EDGE('',*,*,#8524,.T.);
#8537 = ORIENTED_EDGE('',*,*,#8529,.T.);
#8538 = ORIENTED_EDGE('',*,*,#8534,.T.);
#8539 = EDGE_LOOP('',(#8535,#8536,#8537,#8538));
#8540 = FACE_OUTER_BOUND('',#8539,.T.);
#8541 = CARTESIAN_POINT('',(62.35700000,0.40944600,0.00000000));
#8542 = DIRECTION('',(-0.99063960,-0.13650343,0.00000000));
#8543 = DIRECTION('',(0.13650343,-0.99063960,0.00000000));
#8544 = AXIS2_PLACEMENT_3D('',#8541,#8542,#8543);
#8545 = PLANE('',#8544);
#8546 = ADVANCED_FACE('',(#8540),#8545,.T.);
#8547 = CARTESIAN_POINT('',(62.36693947,0.33731279,0.00000000));
#8548 = VERTEX_POINT('',#8547);
#8549 = CARTESIAN_POINT('',(62.38884836,0.26787221,0.00000000));
#8550 = VERTEX_POINT('',#8549);
#8551 = CARTESIAN_POINT('',(62.38884836,0.26787221,1.50000000));
#8552 = VERTEX_POINT('',#8551);
#8553 = CARTESIAN_POINT('',(62.36693947,0.33731279,1.50000000));
#8554 = VERTEX_POINT('',#8553);
#8555 = CARTESIAN_POINT('',(62.36693947,0.33731279,0.00000000));
#8556 = DIRECTION('',(0.30088524,-0.95366036,0.00000000));
#8557 = VECTOR('',#8556,0.07281479);
#8558 = LINE('',#8555,#8557);
#8559 = EDGE_CURVE('',#8548,#8550,#8558,.T.);
#8560 = CARTESIAN_POINT('',(62.38884836,0.26787221,0.00000000));
#8561 = DIRECTION('',(0.00000000,0.00000000,1.00000000));
#8562 = VECTOR('',#8561,1.50000000);
#8563 = LINE('',#8560,#8562);
#8564 = EDGE_CURVE('',#8550,#8552,#8563,.T.);
#8565 = CARTESIAN_POINT('',(62.38884836,0.26787221,1.50000000));
#8566 = DIRECTION('',(-0.30088524,0.95366036,0.00000000));
#8567 = VECTOR('',#8566,0.07281479);
#8568 = LINE('',#8565,#8567);
#8569 = EDGE_CURVE('',#8552,#8554,#8568,.T.);
#8570 = CARTESIAN_POINT('',(62.36693947,0.33731279,1.50000000));
#8571 = DIRECTION('',(0.00000000,0.00000000,-1.00000000));
#8572 = VECTOR('',#8571,1.50000000);
#8573 = LINE('',#8570,#8572);
#8574 = EDGE_CURVE('',#8554,#8548,#8573,.T.);
#8575 = ORIENTED_EDGE('',*,*,#8559,.T.);
#8576 = ORIENTED_EDGE('',*,*,#8564,.T.);
#8577 = ORIENTED_EDGE('',*,*,#8569,.T.);
#8578 = ORIENTED_EDGE('',*,*,#8574,.T.);
#8579 = EDGE_LOOP('',(#8575,#8576,#8577,#8578));
#8580 = FACE_OUTER_BOUND('',#8579,.T.);
#8581 = CARTESIAN_POINT('',(62.36693947,0.33731279,0.00000000));
#8582 = DIRECTION('',(-0.95366036,-0.30088524,0.00000000));
#8583 = DIRECTION('',(0.30088524,-0.95366036,0.00000000));
#8584 = AXIS2_PLACEMENT_3D('',#8581,#8582,#8583);
#8585 = PLANE('',#8584);
#8586 = ADVANCED_FACE('',(#8580),#8585,.T.);
#8587 = CARTESIAN_POINT('',(62.38884836,0.26787221,0.00000000));
#8588 = VERTEX_POINT('',#8587);
#8589 = CARTESIAN_POINT('',(62.42210472,0.20309561,0.00000000));
#8590 = VERTEX_POINT('',#8589);
#8591 = CARTESIAN_POINT('',(62.42210472,0.20309561,1.50000000));
#8592 = VERTEX_POINT('',#8591);
#8593 = CARTESIAN_POINT('',(62.38884836,0.26787221,1.50000000));
#8594 = VERTEX_POINT('',#8593);
#8595 = CARTESIAN_POINT('',(62.38884836,0.26787221,0.00000000));
#8596 = DIRECTION('',(0.45672527,-0.88960780,0.00000000));
#8597 = VECTOR('',#8596,0.07281479);
#8598 = LINE('',#8595,#8597);
#8599 = EDGE_CURVE('',#8588,#8590,#8598,.T.);
#8600 = CARTESIAN_POINT('',(62.42210472,0.20309561,0.00000000));
#8601 = DIRECTION('',(0.00000000,0.00000000,1.00000000));
#8602 = VECTOR('',#8601,1.50000000);
#8603 = LINE('',#8600,#8602);
#8604 = EDGE_CURVE('',#8590,#8592,#8603,.T.);
#8605 = CARTESIAN_POINT('',(62.42210472,0.20309561,1.50000000));
#8606 = DIRECTION('',(-0.45672527,0.88960780,0.00000000));
#8607 = VECTOR('',#8606,0.07281479);
#8608 = LINE('',#8605,#8607);
#8609 = EDGE_CURVE('',#8592,#8594,#8608,.T.);
#8610 = CARTESIAN_POINT('',(62.38884836,0.26787221,1.50000000));
#8611 = DIRECTION('',(0.00000000,0.00000000,-1.00000000));
#8612 = VECTOR('',#8611,1.50000000);
#8613 = LINE('',#8610,#8612);
#8614 = EDGE_CURVE('',#8594,#8588,#8613,.T.);
#8615 = ORIENTED_EDGE('',*,*,#8599,.T.);
#8616 = ORIENTED_EDGE('',*,*,#8604,.T.);
#8617 = ORIENTED_EDGE('',*,*,#8609,.T.);
#8618 = ORIENTED_EDGE('',*,*,#8614,.T.);
#8619 = EDGE_LOOP('',(#8615,#8616,#8617,#8618));
#8620 = FACE_OUTER_BOUND('',#8619,.T.);
#8621 = CARTESIAN_POINT('',(62.38884836,0.26787221,0.00000000));
#8622 = DIRECTION('',(-0.88960780,-0.45672527,0.00000000));
#8623 = DIRECTION('',(0.45672527,-0.88960780,0.00000000));
#8624 = AXIS2_PLACEMENT_3D('',#8621,#8622,#8623);
#8625 = PLANE('',#8624);
#8626 = ADVANCED_FACE('',(#8620),#8625,.T.);
#8627 = CARTESIAN_POINT('',(62.42210472,0.20309561,0.00000000));
#8628 = VERTEX_POINT('',#8627);
#8629 = CARTESIAN_POINT('',(62.46576442,0.14482191,0.00000000));
#8630 = VERTEX_POINT('',#8629);
#8631 = CARTESIAN_POINT('',(62.46576442,0.14482191,1.50000000));
#8632 = VERTEX_POINT('',#8631);
#8633 = CARTESIAN_POINT('',(62.42210472,0.20309561,1.50000000));
#8634 = VERTEX_POINT('',#8633);
#8635 = CARTESIAN_POINT('',(62.42210472,0.20309561,0.00000000));
#8636 = DIRECTION('',(0.59959939,-0.80030030,0.00000000));
#8637 = VECTOR('',#8636,0.07281479);
#8638 = LINE('',#8635,#8637);
#8639 = EDGE_CURVE('',#8628,#8630,#8638,.T.);
#8640 = CARTESIAN_POINT('',(62.46576442,0.14482191,0.00000000));
#8641 = DIRECTION('',(0.00000000,0.00000000,1.00000000));
#8642 = VECTOR('',#8641,1.50000000);
#8643 = LINE('',#8640,#8642);
#8644 = EDGE_CURVE('',#8630,#8632,#8643,.T.);
#8645 = CARTESIAN_POINT('',(62.46576442,0.14482191,1.50000000));
#8646 = DIRECTION('',(-0.59959939,0.80030030,0.00000000));
#8647 = VECTOR('',#8646,0.07281479);
#8648 = LINE('',#8645,#8647);
#8649 = EDGE_CURVE('',#8632,#8634,#8648,.T.);
#8650 = CARTESIAN_POINT('',(62.42210472,0.20309561,1.50000000));
#8651 = DIRECTION('',(0.00000000,0.00000000,-1.00000000));
#8652 = VECTOR('',#8651,1.50000000);
#8653 = LINE('',#8650,#8652);
#8654 = EDGE_CURVE('',#8634,#8628,#8653,.T.);
#8655 = ORIENTED_EDGE('',*,*,#8639,.T.);
#8656 = ORIENTED_EDGE('',*,*,#8644,.T.);
#8657 = ORIENTED_EDGE('',*,*,#8649,.T.);
#8658 = ORIENTED_EDGE('',*,*,#8654,.T.);
#8659 = EDGE_LOOP('',(#8655,#8656,#8657,#8658));
#8660 = FACE_OUTER_BOUND('',#8659,.T.);
#8661 = CARTESIAN_POINT('',(62.42210472,0.20309561,0.00000000));
#8662 = DIRECTION('',(-0.80030030,-0.59959939,0.00000000));
#8663 = DIRECTION('',(0.59959939,-0.80030030,0.00000000));
#8664 = AXIS2_PLACEMENT_3D('',#8661,#8662,#8663);
#8665 = PLANE('',#8664);
#8666 = ADVANCED_FACE('',(#8660),#8665,.T.);
#8667 = CARTESIAN_POINT('',(62.46576442,0.14482191,0.00000000));
#8668 = VERTEX_POINT('',#8667);
#8669 = CARTESIAN_POINT('',(62.51858802,0.09470544,0.00000000));
#8670 = VERTEX_POINT('',#8669);
#8671 = CARTESIAN_POINT('',(62.51858802,0.09470544,1.50000000));
#8672 = VERTEX_POINT('',#8671);
#8673 = CARTESIAN_POINT('',(62.46576442,0.14482191,1.50000000));
#8674 = VERTEX_POINT('',#8673);
#8675 = CARTESIAN_POINT('',(62.46576442,0.14482191,0.00000000));
#8676 = DIRECTION('',(0.72545158,-0.68827320,0.00000000));
#8677 = VECTOR('',#8676,0.07281479);
#8678 = LINE('',#8675,#8677);
#8679 = EDGE_CURVE('',#8668,#8670,#8678,.T.);
#8680 = CARTESIAN_POINT('',(62.51858802,0.09470544,0.00000000));
#8681 = DIRECTION('',(0.00000000,0.00000000,1.00000000));
#8682 = VECTOR('',#8681,1.50000000);
#8683 = LINE('',#8680,#8682);
#8684 = EDGE_CURVE('',#8670,#8672,#8683,.T.);
#8685 = CARTESIAN_POINT('',(62.51858802,0.09470544,1.50000000));
#8686 = DIRECTION('',(-0.72545158,0.68827320,0.00000000));
#8687 = VECTOR('',#8686,0.07281479);
#8688 = LINE('',#8685,#8687);
#8689 = EDGE_CURVE('',#8672,#8674,#8688,.T.);
#8690 = CARTESIAN_POINT('',(62.46576442,0.14482191,1.50000000));
#8691 = DIRECTION('',(0.00000000,0.00000000,-1.00000000));
#8692 = VECTOR('',#8691,1.50000000);
#8693 = LINE('',#8690,#8692);
#8694 = EDGE_CURVE('',#8674,#8668,#8693,.T.);
#8695 = ORIENTED_EDGE('',*,*,#8679,.T.);
#8696 = ORIENTED_EDGE('',*,*,#8684,.T.);
#8697 = ORIENTED_EDGE('',*,*,#8689,.T.);
#8698 = ORIENTED_EDGE('',*,*,#8694,.T.);
#8699 = EDGE_LOOP('',(#8695,#8696,#8697,#8698));
#8700 = FACE_OUTER_BOUND('',#8699,.T.);
#8701 = CARTESIAN_POINT('',(62.46576442,0.14482191,0.00000000));
#8702 = DIRECTION('',(-0.68827320,-0.72545158,0.00000000));
#8703 = DIRECTION('',(0.72545158,-0.68827320,0.00000000));
#8704 = AXIS2_PLACEMENT_3D('',#8701,#8702,#8703);
#8705 = PLANE('',#8704);
#8706 = ADVANCED_FACE('',(#8700),#8705,.T.);
#8707 = CARTESIAN_POINT('',(62.51858802,0.09470544,0.00000000));
#8708 = VERTEX_POINT('',#8707);
#8709 = CARTESIAN_POINT('',(62.57907593,0.05416895,0.00000000));
#8710 = VERTEX_POINT('',#8709);
#8711 = CARTESIAN_POINT('',(62.57907593,0.05416895,1.50000000));
#8712 = VERTEX_POINT('',#8711);
#8713 = CARTESIAN_POINT('',(62.51858802,0.09470544,1.50000000));
#8714 = VERTEX_POINT('',#8713);
#8715 = CARTESIAN_POINT('',(62.51858802,0.09470544,0.00000000));
#8716 = DIRECTION('',(0.83070904,-0.55670683,0.00000000));
#8717 = VECTOR('',#8716,0.07281479);
#8718 = LINE('',#8715,#8717);
#8719 = EDGE_CURVE('',#8708,#8710,#8718,.T.);
#8720 = CARTESIAN_POINT('',(62.57907593,0.05416895,0.00000000));
#8721 = DIRECTION('',(0.00000000,0.00000000,1.00000000));
#8722 = VECTOR('',#8721,1.50000000);
#8723 = LINE('',#8720,#8722);
#8724 = EDGE_CURVE('',#8710,#8712,#8723,.T.);
#8725 = CARTESIAN_POINT('',(62.57907593,0.05416895,1.50000000));
#8726 = DIRECTION('',(-0.83070904,0.55670683,0.00000000));
#8727 = VECTOR('',#8726,0.07281479);
#8728 = LINE('',#8725,#8727);
#8729 = EDGE_CURVE('',#8712,#8714,#8728,.T.);
#8730 = CARTESIAN_POINT('',(62.51858802,0.09470544,1.50000000));
#8731 = DIRECTION('',(0.00000000,0.00000000,-1.00000000));
#8732 = VECTOR('',#8731,1.50000000);
#8733 = LINE('',#8730,#8732);
#8734 = EDGE_CURVE('',#8714,#8708,#8733,.T.);
#8735 = ORIENTED_EDGE('',*,*,#8719,.T.);
#8736 = ORIENTED_EDGE('',*,*,#8724,.T.);
#8737 = ORIENTED_EDGE('',*,*,#8729,.T.);
#8738 = ORIENTED_EDGE('',*,*,#8734,.T.);
#8739 = EDGE_LOOP('',(#8735,#8736,#8737,#8738));
#8740 = FACE_OUTER_BOUND('',#8739,.T.);
#8741 = CARTESIAN_POINT('',(62.51858802,0.09470544,0.00000000));
#8742 = DIRECTION('',(-0.55670683,-0.83070904,0.00000000));
#8743 = DIRECTION('',(0.83070904,-0.55670683,0.00000000));
#8744 = AXIS2_PLACEMENT_3D('',#8741,#8742,#8743);
#8745 = PLANE('',#8744);
#8746 = ADVANCED_FACE('',(#8740),#8745,.T.);
#8747 = CARTESIAN_POINT('',(62.57907593,0.05416895,0.00000000));
#8748 = VERTEX_POINT('',#8747);
#8749 = CARTESIAN_POINT('',(62.64551095,0.02436322,0.00000000));
#8750 = VERTEX_POINT('',#8749);
#8751 = CARTESIAN_POINT('',(62.64551095,0.02436322,1.50000000));
#8752 = VERTEX_POINT('',#8751);
#8753 = CARTESIAN_POINT('',(62.57907593,0.05416895,1.50000000));
#8754 = VERTEX_POINT('',#8753);
#8755 = CARTESIAN_POINT('',(62.57907593,0.05416895,0.00000000));
#8756 = DIRECTION('',(0.91238363,-0.40933618,0.00000000));
#8757 = VECTOR('',#8756,0.07281479);
#8758 = LINE('',#8755,#8757);
#8759 = EDGE_CURVE('',#8748,#8750,#8758,.T.);
#8760 = CARTESIAN_POINT('',(62.64551095,0.02436322,0.00000000));
#8761 = DIRECTION('',(0.00000000,0.00000000,1.00000000));
#8762 = VECTOR('',#8761,1.50000000);
#8763 = LINE('',#8760,#8762);
#8764 = EDGE_CURVE('',#8750,#8752,#8763,.T.);
#8765 = CARTESIAN_POINT('',(62.64551095,0.02436322,1.50000000));
#8766 = DIRECTION('',(-0.91238363,0.40933618,0.00000000));
#8767 = VECTOR('',#8766,0.07281479);
#8768 = LINE('',#8765,#8767);
#8769 = EDGE_CURVE('',#8752,#8754,#8768,.T.);
#8770 = CARTESIAN_POINT('',(62.57907593,0.05416895,1.50000000));
#8771 = DIRECTION('',(0.00000000,0.00000000,-1.00000000));
#8772 = VECTOR('',#8771,1.50000000);
#8773 = LINE('',#8770,#8772);
#8774 = EDGE_CURVE('',#8754,#8748,#8773,.T.);
#8775 = ORIENTED_EDGE('',*,*,#8759,.T.);
#8776 = ORIENTED_EDGE('',*,*,#8764,.T.);
#8777 = ORIENTED_EDGE('',*,*,#8769,.T.);
#8778 = ORIENTED_EDGE('',*,*,#8774,.T.);
#8779 = EDGE_LOOP('',(#8775,#8776,#8777,#8778));
#8780 = FACE_OUTER_BOUND('',#8779,.T.);
#8781 = CARTESIAN_POINT('',(62.57907593,0.05416895,0.00000000));
#8782 = DIRECTION('',(-0.40933618,-0.91238363,0.00000000));
#8783 = DIRECTION('',(0.91238363,-0.40933618,0.00000000));
#8784 = AXIS2_PLACEMENT_3D('',#8781,#8782,#8783);
#8785 = PLANE('',#8784);
#8786 = ADVANCED_FACE('',(#8780),#8785,.T.);
#8787 = CARTESIAN_POINT('',(62.64551095,0.02436322,0.00000000));
#8788 = VERTEX_POINT('',#8787);
#8789 = CARTESIAN_POINT('',(62.71600707,0.00613441,0.00000000));
#8790 = VERTEX_POINT('',#8789);
#8791 = CARTESIAN_POINT('',(62.71600707,0.00613441,1.50000000));
#8792 = VERTEX_POINT('',#8791);
#8793 = CARTESIAN_POINT('',(62.64551095,0.02436322,1.50000000));
#8794 = VERTEX_POINT('',#8793);
#8795 = CARTESIAN_POINT('',(62.64551095,0.02436322,0.00000000));
#8796 = DIRECTION('',(0.96815670,-0.25034496,0.00000000));
#8797 = VECTOR('',#8796,0.07281479);
#8798 = LINE('',#8795,#8797);
#8799 = EDGE_CURVE('',#8788,#8790,#8798,.T.);
#8800 = CARTESIAN_POINT('',(62.71600707,0.00613441,0.00000000));
#8801 = DIRECTION('',(0.00000000,0.00000000,1.00000000));
#8802 = VECTOR('',#8801,1.50000000);
#8803 = LINE('',#8800,#8802);
#8804 = EDGE_CURVE('',#8790,#8792,#8803,.T.);
#8805 = CARTESIAN_POINT('',(62.71600707,0.00613441,1.50000000));
#8806 = DIRECTION('',(-0.96815670,0.25034496,0.00000000));
#8807 = VECTOR('',#8806,0.07281479);
#8808 = LINE('',#8805,#8807);
#8809 = EDGE_CURVE('',#8792,#8794,#8808,.T.);
#8810 = CARTESIAN_POINT('',(62.64551095,0.02436322,1.50000000));
#8811 = DIRECTION('',(0.00000000,0.00000000,-1.00000000));
#8812 = VECTOR('',#8811,1.50000000);
#8813 = LINE('',#8810,#8812);
#8814 = EDGE_CURVE('',#8794,#8788,#8813,.T.);
#8815 = ORIENTED_EDGE('',*,*,#8799,.T.);
#8816 = ORIENTED_EDGE('',*,*,#8804,.T.);
#8817 = ORIENTED_EDGE('',*,*,#8809,.T.);
#8818 = ORIENTED_EDGE('',*,*,#8814,.T.);
#8819 = EDGE_LOOP('',(#8815,#8816,#8817,#8818));
#8820 = FACE_OUTER_BOUND('',#8819,.T.);
#8821 = CARTESIAN_POINT('',(62.64551095,0.02436322,0.00000000));
#8822 = DIRECTION('',(-0.25034496,-0.96815670,0.00000000));
#8823 = DIRECTION('',(0.96815670,-0.25034496,0.00000000));
#8824 = AXIS2_PLACEMENT_3D('',#8821,#8822,#8823);
#8825 = PLANE('',#8824);
#8826 = ADVANCED_FACE('',(#8820),#8825,.T.);
#8827 = CARTESIAN_POINT('',(62.71600707,0.00613441,0.00000000));
#8828 = VERTEX_POINT('',#8827);
#8829 = CARTESIAN_POINT('',(62.78856300,0.00000000,0.00000000));
#8830 = VERTEX_POINT('',#8829);
#8831 = CARTESIAN_POINT('',(62.78856300,0.00000000,1.50000000));
#8832 = VERTEX_POINT('',#8831);
#8833 = CARTESIAN_POINT('',(62.71600707,0.00613441,1.50000000));
#8834 = VERTEX_POINT('',#8833);
#8835 = CARTESIAN_POINT('',(62.71600707,0.00613441,0.00000000));
#8836 = DIRECTION('',(0.99644492,-0.08424674,0.00000000));
#8837 = VECTOR('',#8836,0.07281479);
#8838 = LINE('',#8835,#8837);
#8839 = EDGE_CURVE('',#8828,#8830,#8838,.T.);
#8840 = CARTESIAN_POINT('',(62.78856300,0.00000000,0.00000000));
#8841 = DIRECTION('',(0.00000000,0.00000000,1.00000000));
#8842 = VECTOR('',#8841,1.50000000);
#8843 = LINE('',#8840,#8842);
#8844 = EDGE_CURVE('',#8830,#8832,#8843,.T.);
#8845 = CARTESIAN_POINT('',(62.78856300,0.00000000,1.50000000));
#8846 = DIRECTION('',(-0.99644492,0.08424674,0.00000000));
#8847 = VECTOR('',#8846,0.07281479);
#8848 = LINE('',#8845,#8847);
#8849 = EDGE_CURVE('',#8832,#8834,#8848,.T.);
#8850 = CARTESIAN_POINT('',(62.71600707,0.00613441,1.50000000));
#8851 = DIRECTION('',(0.00000000,0.00000000,-1.00000000));
#8852 = VECTOR('',#8851,1.50000000);
#8853 = LINE('',#8850,#8852);
#8854 = EDGE_CURVE('',#8834,#8828,#8853,.T.);
#8855 = ORIENTED_EDGE('',*,*,#8839,.T.);
#8856 = ORIENTED_EDGE('',*,*,#8844,.T.);
#8857 = ORIENTED_EDGE('',*,*,#8849,.T.);
#8858 = ORIENTED_EDGE('',*,*,#8854,.T.);
#8859 = EDGE_LOOP('',(#8855,#8856,#8857,#8858));
#8860 = FACE_OUTER_BOUND('',#8859,.T.);
#8861 = CARTESIAN_POINT('',(62.71600707,0.00613441,0.00000000));
#8862 = DIRECTION('',(-0.08424674,-0.99644492,0.00000000));
#8863 = DIRECTION('',(0.99644492,-0.08424674,0.00000000));
#8864 = AXIS2_PLACEMENT_3D('',#8861,#8862,#8863);
#8865 = PLANE('',#8864);
#8866 = ADVANCED_FACE('',(#8860),#8865,.T.);
#8867 = CARTESIAN_POINT('',(62.78856300,0.00000000,0.00000000));
#8868 = VERTEX_POINT('',#8867);
#8869 = CARTESIAN_POINT('',(83.24002400,0.00000000,0.00000000));
#8870 = VERTEX_POINT('',#8869);
#8871 = CARTESIAN_POINT('',(83.24002400,0.00000000,1.50000000));
#8872 = VERTEX_POINT('',#8871);
#8873 = CARTESIAN_POINT('',(62.78856300,0.00000000,1.50000000));
#8874 = VERTEX_POINT('',#8873);
#8875 = CARTESIAN_POINT('',(62.78856300,0.00000000,0.00000000));
#8876 = DIRECTION('',(1.00000000,0.00000000,0.00000000));
#8877 = VECTOR('',#8876,20.45146100);
#8878 = LINE('',#8875,#8877);
#8879 = EDGE_CURVE('',#8868,#8870,#8878,.T.);
#8880 = CARTESIAN_POINT('',(83.24002400,0.00000000,0.00000000));
#8881 = DIRECTION('',(0.00000000,0.00000000,1.00000000));
#8882 = VECTOR('',#8881,1.50000000);
#8883 = LINE('',#8880,#8882);
#8884 = EDGE_CURVE('',#8870,#8872,#8883,.T.);
#8885 = CARTESIAN_POINT('',(83.24002400,0.00000000,1.50000000));
#8886 = DIRECTION('',(-1.00000000,-0.00000000,0.00000000));
#8887 = VECTOR('',#8886,20.45146100);
#8888 = LINE('',#8885,#8887);
#8889 = EDGE_CURVE('',#8872,#8874,#8888,.T.);
#8890 = CARTESIAN_POINT('',(62.78856300,0.00000000,1.50000000));
#8891 = DIRECTION('',(0.00000000,0.00000000,-1.00000000));
#8892 = VECTOR('',#8891,1.50000000);
#8893 = LINE('',#8890,#8892);
#8894 = EDGE_CURVE('',#8874,#8868,#8893,.T.);
#8895 = ORIENTED_EDGE('',*,*,#8879,.T.);
#8896 = ORIENTED_EDGE('',*,*,#8884,.T.);
#8897 = ORIENTED_EDGE('',*,*,#8889,.T.);
#8898 = ORIENTED_EDGE('',*,*,#8894,.T.);
#8899 = EDGE_LOOP('',(#8895,#8896,#8897,#8898));
#8900 = FACE_OUTER_BOUND('',#8899,.T.);
#8901 = CARTESIAN_POINT('',(62.78856300,0.00000000,0.00000000));
#8902 = DIRECTION('',(0.00000000,-1.00000000,0.00000000));
#8903 = DIRECTION('',(1.00000000,0.00000000,0.00000000));
#8904 = AXIS2_PLACEMENT_3D('',#8901,#8902,#8903);
#8905 = PLANE('',#8904);
#8906 = ADVANCED_FACE('',(#8900),#8905,.T.);
#8907 = CARTESIAN_POINT('',(83.24002400,0.00000000,0.00000000));
#8908 = VERTEX_POINT('',#8907);
#8909 = CARTESIAN_POINT('',(83.30446532,0.00204826,0.00000000));
#8910 = VERTEX_POINT('',#8909);
#8911 = CARTESIAN_POINT('',(83.30446532,0.00204826,1.50000000));
#8912 = VERTEX_POINT('',#8911);
#8913 = CARTESIAN_POINT('',(83.24002400,0.00000000,1.50000000));
#8914 = VERTEX_POINT('',#8913);
#8915 = CARTESIAN_POINT('',(83.24002400,0.00000000,0.00000000));
#8916 = DIRECTION('',(0.99949524,0.03176885,0.00000000));
#8917 = VECTOR('',#8916,0.06447386);
#8918 = LINE('',#8915,#8917);
#8919 = EDGE_CURVE('',#8908,#8910,#8918,.T.);
#8920 = CARTESIAN_POINT('',(83.30446532,0.00204826,0.00000000));
#8921 = DIRECTION('',(0.00000000,0.00000000,1.00000000));
#8922 = VECTOR('',#8921,1.50000000);
#8923 = LINE('',#8920,#8922);
#8924 = EDGE_CURVE('',#8910,#8912,#8923,.T.);
#8925 = CARTESIAN_POINT('',(83.30446532,0.00204826,1.50000000));
#8926 = DIRECTION('',(-0.99949524,-0.03176885,0.00000000));
#8927 = VECTOR('',#8926,0.06447386);
#8928 = LINE('',#8925,#8927);
#8929 = EDGE_CURVE('',#8912,#8914,#8928,.T.);
#8930 = CARTESIAN_POINT('',(83.24002400,0.00000000,1.50000000));
#8931 = DIRECTION('',(0.00000000,0.00000000,-1.00000000));
#8932 = VECTOR('',#8931,1.50000000);
#8933 = LINE('',#8930,#8932);
#8934 = EDGE_CURVE('',#8914,#8908,#8933,.T.);
#8935 = ORIENTED_EDGE('',*,*,#8919,.T.);
#8936 = ORIENTED_EDGE('',*,*,#8924,.T.);
#8937 = ORIENTED_EDGE('',*,*,#8929,.T.);
#8938 = ORIENTED_EDGE('',*,*,#8934,.T.);
#8939 = EDGE_LOOP('',(#8935,#8936,#8937,#8938));
#8940 = FACE_OUTER_BOUND('',#8939,.T.);
#8941 = CARTESIAN_POINT('',(83.24002400,0.00000000,0.00000000));
#8942 = DIRECTION('',(0.03176885,-0.99949524,0.00000000));
#8943 = DIRECTION('',(0.99949524,0.03176885,0.00000000));
#8944 = AXIS2_PLACEMENT_3D('',#8941,#8942,#8943);
#8945 = PLANE('',#8944);
#8946 = ADVANCED_FACE('',(#8940),#8945,.T.);
#8947 = CARTESIAN_POINT('',(83.30446532,0.00204826,0.00000000));
#8948 = VERTEX_POINT('',#8947);
#8949 = CARTESIAN_POINT('',(83.36748438,0.01566724,0.00000000));
#8950 = VERTEX_POINT('',#8949);
#8951 = CARTESIAN_POINT('',(83.36748438,0.01566724,1.50000000));
#8952 = VERTEX_POINT('',#8951);
#8953 = CARTESIAN_POINT('',(83.30446532,0.00204826,1.50000000));
#8954 = VERTEX_POINT('',#8953);
#8955 = CARTESIAN_POINT('',(83.30446532,0.00204826,0.00000000));
#8956 = DIRECTION('',(0.97743584,0.21123252,0.00000000));
#8957 = VECTOR('',#8956,0.06447386);
#8958 = LINE('',#8955,#8957);
#8959 = EDGE_CURVE('',#8948,#8950,#8958,.T.);
#8960 = CARTESIAN_POINT('',(83.36748438,0.01566724,0.00000000));
#8961 = DIRECTION('',(0.00000000,0.00000000,1.00000000));
#8962 = VECTOR('',#8961,1.50000000);
#8963 = LINE('',#8960,#8962);
#8964 = EDGE_CURVE('',#8950,#8952,#8963,.T.);
#8965 = CARTESIAN_POINT('',(83.36748438,0.01566724,1.50000000));
#8966 = DIRECTION('',(-0.97743584,-0.21123252,0.00000000));
#8967 = VECTOR('',#8966,0.06447386);
#8968 = LINE('',#8965,#8967);
#8969 = EDGE_CURVE('',#8952,#8954,#8968,.T.);
#8970 = CARTESIAN_POINT('',(83.30446532,0.00204826,1.50000000));
#8971 = DIRECTION('',(0.00000000,0.00000000,-1.00000000));
#8972 = VECTOR('',#8971,1.50000000);
#8973 = LINE('',#8970,#8972);
#8974 = EDGE_CURVE('',#8954,#8948,#8973,.T.);
#8975 = ORIENTED_EDGE('',*,*,#8959,.T.);
#8976 = ORIENTED_EDGE('',*,*,#8964,.T.);
#8977 = ORIENTED_EDGE('',*,*,#8969,.T.);
#8978 = ORIENTED_EDGE('',*,*,#8974,.T.);
#8979 = EDGE_LOOP('',(#8975,#8976,#8977,#8978));
#8980 = FACE_OUTER_BOUND('',#8979,.T.);
#8981 = CARTESIAN_POINT('',(83.30446532,0.00204826,0.00000000));
#8982 = DIRECTION('',(0.21123252,-0.97743584,0.00000000));
#8983 = DIRECTION('',(0.97743584,0.21123252,0.00000000));
#8984 = AXIS2_PLACEMENT_3D('',#8981,#8982,#8983);
#8985 = PLANE('',#8984);
#8986 = ADVANCED_FACE('',(#8980),#8985,.T.);
#8987 = CARTESIAN_POINT('',(83.36748438,0.01566724,0.00000000));
#8988 = VERTEX_POINT('',#8987);
#8989 = CARTESIAN_POINT('',(83.42702085,0.04041167,0.00000000));
#8990 = VERTEX_POINT('',#8989);
#8991 = CARTESIAN_POINT('',(83.42702085,0.04041167,1.50000000));
#8992 = VERTEX_POINT('',#8991);
#8993 = CARTESIAN_POINT('',(83.36748438,0.01566724,1.50000000));
#8994 = VERTEX_POINT('',#8993);
#8995 = CARTESIAN_POINT('',(83.36748438,0.01566724,0.00000000));
#8996 = DIRECTION('',(0.92342032,0.38379018,0.00000000));
#8997 = VECTOR('',#8996,0.06447386);
#8998 = LINE('',#8995,#8997);
#8999 = EDGE_CURVE('',#8988,#8990,#8998,.T.);
#9000 = CARTESIAN_POINT('',(83.42702085,0.04041167,0.00000000));
#9001 = DIRECTION('',(0.00000000,0.00000000,1.00000000));
#9002 = VECTOR('',#9001,1.50000000);
#9003 = LINE('',#9000,#9002);
#9004 = EDGE_CURVE('',#8990,#8992,#9003,.T.);
#9005 = CARTESIAN_POINT('',(83.42702085,0.04041167,1.50000000));
#9006 = DIRECTION('',(-0.92342032,-0.38379018,0.00000000));
#9007 = VECTOR('',#9006,0.06447386);
#9008 = LINE('',#9005,#9007);
#9009 = EDGE_CURVE('',#8992,#8994,#9008,.T.);
#9010 = CARTESIAN_POINT('',(83.36748438,0.01566724,1.50000000));
#9011 = DIRECTION('',(0.00000000,0.00000000,-1.00000000));
#9012 = VECTOR('',#9011,1.50000000);
#9013 = LINE('',#9010,#9012);
#9014 = EDGE_CURVE('',#8994,#8988,#9013,.T.);
#9015 = ORIENTED_EDGE('',*,*,#8999,.T.);
#9016 = ORIENTED_EDGE('',*,*,#9004,.T.);
#9017 = ORIENTED_EDGE('',*,*,#9009,.T.);
#9018 = ORIENTED_EDGE('',*,*,#9014,.T.);
#9019 = EDGE_LOOP('',(#9015,#9016,#9017,#9018));
#9020 = FACE_OUTER_BOUND('',#9019,.T.);
#9021 = CARTESIAN_POINT('',(83.36748438,0.01566724,0.00000000));
#9022 = DIRECTION('',(0.38379018,-0.92342032,0.00000000));
#9023 = DIRECTION('',(0.92342032,0.38379018,0.00000000));
#9024 = AXIS2_PLACEMENT_3D('',#9021,#9022,#9023);
#9025 = PLANE('',#9024);
#9026 = ADVANCED_FACE('',(#9020),#9025,.T.);
#9027 = CARTESIAN_POINT('',(83.42702085,0.04041167,0.00000000));
#9028 = VERTEX_POINT('',#9027);
#9029 = CARTESIAN_POINT('',(83.48112826,0.07547257,0.00000000));
#9030 = VERTEX_POINT('',#9029);
#9031 = CARTESIAN_POINT('',(83.48112826,0.07547257,1.50000000));
#9032 = VERTEX_POINT('',#9031);
#9033 = CARTESIAN_POINT('',(83.42702085,0.04041167,1.50000000));
#9034 = VERTEX_POINT('',#9033);
#9035 = CARTESIAN_POINT('',(83.42702085,0.04041167,0.00000000));
#9036 = DIRECTION('',(0.83921467,0.54380028,0.00000000));
#9037 = VECTOR('',#9036,0.06447386);
#9038 = LINE('',#9035,#9037);
#9039 = EDGE_CURVE('',#9028,#9030,#9038,.T.);
#9040 = CARTESIAN_POINT('',(83.48112826,0.07547257,0.00000000));
#9041 = DIRECTION('',(0.00000000,0.00000000,1.00000000));
#9042 = VECTOR('',#9041,1.50000000);
#9043 = LINE('',#9040,#9042);
#9044 = EDGE_CURVE('',#9030,#9032,#9043,.T.);
#9045 = CARTESIAN_POINT('',(83.48112826,0.07547257,1.50000000));
#9046 = DIRECTION('',(-0.83921467,-0.54380028,0.00000000));
#9047 = VECTOR('',#9046,0.06447386);
#9048 = LINE('',#9045,#9047);
#9049 = EDGE_CURVE('',#9032,#9034,#9048,.T.);
#9050 = CARTESIAN_POINT('',(83.42702085,0.04041167,1.50000000));
#9051 = DIRECTION('',(0.00000000,0.00000000,-1.00000000));
#9052 = VECTOR('',#9051,1.50000000);
#9053 = LINE('',#9050,#9052);
#9054 = EDGE_CURVE('',#9034,#9028,#9053,.T.);
#9055 = ORIENTED_EDGE('',*,*,#9039,.T.);
#9056 = ORIENTED_EDGE('',*,*,#9044,.T.);
#9057 = ORIENTED_EDGE('',*,*,#9049,.T.);
#9058 = ORIENTED_EDGE('',*,*,#9054,.T.);
#9059 = EDGE_LOOP('',(#9055,#9056,#9057,#9058));
#9060 = FACE_OUTER_BOUND('',#9059,.T.);
#9061 = CARTESIAN_POINT('',(83.42702085,0.04041167,0.00000000));
#9062 = DIRECTION('',(0.54380028,-0.83921467,0.00000000));
#9063 = DIRECTION('',(0.83921467,0.54380028,0.00000000));
#9064 = AXIS2_PLACEMENT_3D('',#9061,#9062,#9063);
#9065 = PLANE('',#9064);
#9066 = ADVANCED_FACE('',(#9060),#9065,.T.);
#9067 = CARTESIAN_POINT('',(83.48112826,0.07547257,0.00000000));
#9068 = VERTEX_POINT('',#9067);
#9069 = CARTESIAN_POINT('',(83.52803762,0.11970367,0.00000000));
#9070 = VERTEX_POINT('',#9069);
#9071 = CARTESIAN_POINT('',(83.52803762,0.11970367,1.50000000));
#9072 = VERTEX_POINT('',#9071);
#9073 = CARTESIAN_POINT('',(83.48112826,0.07547257,1.50000000));
#9074 = VERTEX_POINT('',#9073);
#9075 = CARTESIAN_POINT('',(83.48112826,0.07547257,0.00000000));
#9076 = DIRECTION('',(0.72757187,0.68603147,0.00000000));
#9077 = VECTOR('',#9076,0.06447386);
#9078 = LINE('',#9075,#9077);
#9079 = EDGE_CURVE('',#9068,#9070,#9078,.T.);
#9080 = CARTESIAN_POINT('',(83.52803762,0.11970367,0.00000000));
#9081 = DIRECTION('',(0.00000000,0.00000000,1.00000000));
#9082 = VECTOR('',#9081,1.50000000);
#9083 = LINE('',#9080,#9082);
#9084 = EDGE_CURVE('',#9070,#9072,#9083,.T.);
#9085 = CARTESIAN_POINT('',(83.52803762,0.11970367,1.50000000));
#9086 = DIRECTION('',(-0.72757187,-0.68603147,0.00000000));
#9087 = VECTOR('',#9086,0.06447386);
#9088 = LINE('',#9085,#9087);
#9089 = EDGE_CURVE('',#9072,#9074,#9088,.T.);
#9090 = CARTESIAN_POINT('',(83.48112826,0.07547257,1.50000000));
#9091 = DIRECTION('',(0.00000000,0.00000000,-1.00000000));
#9092 = VECTOR('',#9091,1.50000000);
#9093 = LINE('',#9090,#9092);
#9094 = EDGE_CURVE('',#9074,#9068,#9093,.T.);
#9095 = ORIENTED_EDGE('',*,*,#9079,.T.);
#9096 = ORIENTED_EDGE('',*,*,#9084,.T.);
#9097 = ORIENTED_EDGE('',*,*,#9089,.T.);
#9098 = ORIENTED_EDGE('',*,*,#9094,.T.);
#9099 = EDGE_LOOP('',(#9095,#9096,#9097,#9098));
#9100 = FACE_OUTER_BOUND('',#9099,.T.);
#9101 = CARTESIAN_POINT('',(83.48112826,0.07547257,0.00000000));
#9102 = DIRECTION('',(0.68603147,-0.72757187,0.00000000));
#9103 = DIRECTION('',(0.72757187,0.68603147,0.00000000));
#9104 = AXIS2_PLACEMENT_3D('',#9101,#9102,#9103);
#9105 = PLANE('',#9104);
#9106 = ADVANCED_FACE('',(#9100),#9105,.T.);
#9107 = CARTESIAN_POINT('',(83.52803762,0.11970367,0.00000000));
#9108 = VERTEX_POINT('',#9107);
#9109 = CARTESIAN_POINT('',(83.56621530,0.17165887,0.00000000));
#9110 = VERTEX_POINT('',#9109);
#9111 = CARTESIAN_POINT('',(83.56621530,0.17165887,1.50000000));
#9112 = VERTEX_POINT('',#9111);
#9113 = CARTESIAN_POINT('',(83.52803762,0.11970367,1.50000000));
#9114 = VERTEX_POINT('',#9113);
#9115 = CARTESIAN_POINT('',(83.52803762,0.11970367,0.00000000));
#9116 = DIRECTION('',(0.59214197,0.80583366,0.00000000));
#9117 = VECTOR('',#9116,0.06447386);
#9118 = LINE('',#9115,#9117);
#9119 = EDGE_CURVE('',#9108,#9110,#9118,.T.);
#9120 = CARTESIAN_POINT('',(83.56621530,0.17165887,0.00000000));
#9121 = DIRECTION('',(0.00000000,0.00000000,1.00000000));
#9122 = VECTOR('',#9121,1.50000000);
#9123 = LINE('',#9120,#9122);
#9124 = EDGE_CURVE('',#9110,#9112,#9123,.T.);
#9125 = CARTESIAN_POINT('',(83.56621530,0.17165887,1.50000000));
#9126 = DIRECTION('',(-0.59214197,-0.80583366,0.00000000));
#9127 = VECTOR('',#9126,0.06447386);
#9128 = LINE('',#9125,#9127);
#9129 = EDGE_CURVE('',#9112,#9114,#9128,.T.);
#9130 = CARTESIAN_POINT('',(83.52803762,0.11970367,1.50000000));
#9131 = DIRECTION('',(0.00000000,0.00000000,-1.00000000));
#9132 = VECTOR('',#9131,1.50000000);
#9133 = LINE('',#9130,#9132);
#9134 = EDGE_CURVE('',#9114,#9108,#9133,.T.);
#9135 = ORIENTED_EDGE('',*,*,#9119,.T.);
#9136 = ORIENTED_EDGE('',*,*,#9124,.T.);
#9137 = ORIENTED_EDGE('',*,*,#9129,.T.);
#9138 = ORIENTED_EDGE('',*,*,#9134,.T.);
#9139 = EDGE_LOOP('',(#9135,#9136,#9137,#9138));
#9140 = FACE_OUTER_BOUND('',#9139,.T.);
#9141 = CARTESIAN_POINT('',(83.52803762,0.11970367,0.00000000));
#9142 = DIRECTION('',(0.80583366,-0.59214197,0.00000000));
#9143 = DIRECTION('',(0.59214197,0.80583366,0.00000000));
#9144 = AXIS2_PLACEMENT_3D('',#9141,#9142,#9143);
#9145 = PLANE('',#9144);
#9146 = ADVANCED_FACE('',(#9140),#9145,.T.);
#9147 = CARTESIAN_POINT('',(83.56621530,0.17165887,0.00000000));
#9148 = VERTEX_POINT('',#9147);
#9149 = CARTESIAN_POINT('',(83.59441312,0.22963958,0.00000000));
#9150 = VERTEX_POINT('',#9149);
#9151 = CARTESIAN_POINT('',(83.59441312,0.22963958,1.50000000));
#9152 = VERTEX_POINT('',#9151);
#9153 = CARTESIAN_POINT('',(83.56621530,0.17165887,1.50000000));
#9154 = VERTEX_POINT('',#9153);
#9155 = CARTESIAN_POINT('',(83.56621530,0.17165887,0.00000000));
#9156 = DIRECTION('',(0.43735268,0.89929007,0.00000000));
#9157 = VECTOR('',#9156,0.06447386);
#9158 = LINE('',#9155,#9157);
#9159 = EDGE_CURVE('',#9148,#9150,#9158,.T.);
#9160 = CARTESIAN_POINT('',(83.59441312,0.22963958,0.00000000));
#9161 = DIRECTION('',(0.00000000,0.00000000,1.00000000));
#9162 = VECTOR('',#9161,1.50000000);
#9163 = LINE('',#9160,#9162);
#9164 = EDGE_CURVE('',#9150,#9152,#9163,.T.);
#9165 = CARTESIAN_POINT('',(83.59441312,0.22963958,1.50000000));
#9166 = DIRECTION('',(-0.43735268,-0.89929007,0.00000000));
#9167 = VECTOR('',#9166,0.06447386);
#9168 = LINE('',#9165,#9167);
#9169 = EDGE_CURVE('',#9152,#9154,#9168,.T.);
#9170 = CARTESIAN_POINT('',(83.56621530,0.17165887,1.50000000));
#9171 = DIRECTION('',(0.00000000,0.00000000,-1.00000000));
#9172 = VECTOR('',#9171,1.50000000);
#9173 = LINE('',#9170,#9172);
#9174 = EDGE_CURVE('',#9154,#9148,#9173,.T.);
#9175 = ORIENTED_EDGE('',*,*,#9159,.T.);
#9176 = ORIENTED_EDGE('',*,*,#9164,.T.);
#9177 = ORIENTED_EDGE('',*,*,#9169,.T.);
#9178 = ORIENTED_EDGE('',*,*,#9174,.T.);
#9179 = EDGE_LOOP('',(#9175,#9176,#9177,#9178));
#9180 = FACE_OUTER_BOUND('',#9179,.T.);
#9181 = CARTESIAN_POINT('',(83.56621530,0.17165887,0.00000000));
#9182 = DIRECTION('',(0.89929007,-0.43735268,0.00000000));
#9183 = DIRECTION('',(0.43735268,0.89929007,0.00000000));
#9184 = AXIS2_PLACEMENT_3D('',#9181,#9182,#9183);
#9185 = PLANE('',#9184);
#9186 = ADVANCED_FACE('',(#9180),#9185,.T.);
#9187 = CARTESIAN_POINT('',(83.59441312,0.22963958,0.00000000));
#9188 = VERTEX_POINT('',#9187);
#9189 = CARTESIAN_POINT('',(83.61170917,0.29175016,0.00000000));
#9190 = VERTEX_POINT('',#9189);
#9191 = CARTESIAN_POINT('',(83.61170917,0.29175016,1.50000000));
#9192 = VERTEX_POINT('',#9191);
#9193 = CARTESIAN_POINT('',(83.59441312,0.22963958,1.50000000));
#9194 = VERTEX_POINT('',#9193);
#9195 = CARTESIAN_POINT('',(83.59441312,0.22963958,0.00000000));
#9196 = DIRECTION('',(0.26826466,0.96334525,0.00000000));
#9197 = VECTOR('',#9196,0.06447386);
#9198 = LINE('',#9195,#9197);
#9199 = EDGE_CURVE('',#9188,#9190,#9198,.T.);
#9200 = CARTESIAN_POINT('',(83.61170917,0.29175016,0.00000000));
#9201 = DIRECTION('',(0.00000000,0.00000000,1.00000000));
#9202 = VECTOR('',#9201,1.50000000);
#9203 = LINE('',#9200,#9202);
#9204 = EDGE_CURVE('',#9190,#9192,#9203,.T.);
#9205 = CARTESIAN_POINT('',(83.61170917,0.29175016,1.50000000));
#9206 = DIRECTION('',(-0.26826466,-0.96334525,0.00000000));
#9207 = VECTOR('',#9206,0.06447386);
#9208 = LINE('',#9205,#9207);
#9209 = EDGE_CURVE('',#9192,#9194,#9208,.T.);
#9210 = CARTESIAN_POINT('',(83.59441312,0.22963958,1.50000000));
#9211 = DIRECTION('',(0.00000000,0.00000000,-1.00000000));
#9212 = VECTOR('',#9211,1.50000000);
#9213 = LINE('',#9210,#9212);
#9214 = EDGE_CURVE('',#9194,#9188,#9213,.T.);
#9215 = ORIENTED_EDGE('',*,*,#9199,.T.);
#9216 = ORIENTED_EDGE('',*,*,#9204,.T.);
#9217 = ORIENTED_EDGE('',*,*,#9209,.T.);
#9218 = ORIENTED_EDGE('',*,*,#9214,.T.);
#9219 = EDGE_LOOP('',(#9215,#9216,#9217,#9218));
#9220 = FACE_OUTER_BOUND('',#9219,.T.);
#9221 = CARTESIAN_POINT('',(83.59441312,0.22963958,0.00000000));
#9222 = DIRECTION('',(0.96334525,-0.26826466,0.00000000));
#9223 = DIRECTION('',(0.26826466,0.96334525,0.00000000));
#9224 = AXIS2_PLACEMENT_3D('',#9221,#9222,#9223);
#9225 = PLANE('',#9224);
#9226 = ADVANCED_FACE('',(#9220),#9225,.T.);
#9227 = CARTESIAN_POINT('',(83.61170917,0.29175016,0.00000000));
#9228 = VERTEX_POINT('',#9227);
#9229 = CARTESIAN_POINT('',(83.61753800,0.35596000,0.00000000));
#9230 = VERTEX_POINT('',#9229);
#9231 = CARTESIAN_POINT('',(83.61753800,0.35596000,1.50000000));
#9232 = VERTEX_POINT('',#9231);
#9233 = CARTESIAN_POINT('',(83.61170917,0.29175016,1.50000000));
#9234 = VERTEX_POINT('',#9233);
#9235 = CARTESIAN_POINT('',(83.61170917,0.29175016,0.00000000));
#9236 = DIRECTION('',(0.09040605,0.99590499,0.00000000));
#9237 = VECTOR('',#9236,0.06447386);
#9238 = LINE('',#9235,#9237);
#9239 = EDGE_CURVE('',#9228,#9230,#9238,.T.);
#9240 = CARTESIAN_POINT('',(83.61753800,0.35596000,0.00000000));
#9241 = DIRECTION('',(0.00000000,0.00000000,1.00000000));
#9242 = VECTOR('',#9241,1.50000000);
#9243 = LINE('',#9240,#9242);
#9244 = EDGE_CURVE('',#9230,#9232,#9243,.T.);
#9245 = CARTESIAN_POINT('',(83.61753800,0.35596000,1.50000000));
#9246 = DIRECTION('',(-0.09040605,-0.99590499,0.00000000));
#9247 = VECTOR('',#9246,0.06447386);
#9248 = LINE('',#9245,#9247);
#9249 = EDGE_CURVE('',#9232,#9234,#9248,.T.);
#9250 = CARTESIAN_POINT('',(83.61170917,0.29175016,1.50000000));
#9251 = DIRECTION('',(0.00000000,0.00000000,-1.00000000));
#9252 = VECTOR('',#9251,1.50000000);
#9253 = LINE('',#9250,#9252);
#9254 = EDGE_CURVE('',#9234,#9228,#9253,.T.);
#9255 = ORIENTED_EDGE('',*,*,#9239,.T.);
#9256 = ORIENTED_EDGE('',*,*,#9244,.T.);
#9257 = ORIENTED_EDGE('',*,*,#9249,.T.);
#9258 = ORIENTED_EDGE('',*,*,#9254,.T.);
#9259 = EDGE_LOOP('',(#9255,#9256,#9257,#9258));
#9260 = FACE_OUTER_BOUND('',#9259,.T.);
#9261 = CARTESIAN_POINT('',(83.61170917,0.29175016,0.00000000));
#9262 = DIRECTION('',(0.99590499,-0.09040605,0.00000000));
#9263 = DIRECTION('',(0.09040605,0.99590499,0.00000000));
#9264 = AXIS2_PLACEMENT_3D('',#9261,#9262,#9263);
#9265 = PLANE('',#9264);
#9266 = ADVANCED_FACE('',(#9260),#9265,.T.);
#9267 = CARTESIAN_POINT('',(83.61753800,0.35596000,0.00000000));
#9268 = VERTEX_POINT('',#9267);
#9269 = CARTESIAN_POINT('',(83.61753800,2.41336000,0.00000000));
#9270 = VERTEX_POINT('',#9269);
#9271 = CARTESIAN_POINT('',(83.61753800,2.41336000,1.50000000));
#9272 = VERTEX_POINT('',#9271);
#9273 = CARTESIAN_POINT('',(83.61753800,0.35596000,1.50000000));
#9274 = VERTEX_POINT('',#9273);
#9275 = CARTESIAN_POINT('',(83.61753800,0.35596000,0.00000000));
#9276 = DIRECTION('',(0.00000000,1.00000000,0.00000000));
#9277 = VECTOR('',#9276,2.05740000);
#9278 = LINE('',#9275,#9277);
#9279 = EDGE_CURVE('',#9268,#9270,#9278,.T.);
#9280 = CARTESIAN_POINT('',(83.61753800,2.41336000,0.00000000));
#9281 = DIRECTION('',(0.00000000,0.00000000,1.00000000));
#9282 = VECTOR('',#9281,1.50000000);
#9283 = LINE('',#9280,#9282);
#9284 = EDGE_CURVE('',#9270,#9272,#9283,.T.);
#9285 = CARTESIAN_POINT('',(83.61753800,2.41336000,1.50000000));
#9286 = DIRECTION('',(-0.00000000,-1.00000000,0.00000000));
#9287 = VECTOR('',#9286,2.05740000);
#9288 = LINE('',#9285,#9287);
#9289 = EDGE_CURVE('',#9272,#9274,#9288,.T.);
#9290 = CARTESIAN_POINT('',(83.61753800,0.35596000,1.50000000));
#9291 = DIRECTION('',(0.00000000,0.00000000,-1.00000000));
#9292 = VECTOR('',#9291,1.50000000);
#9293 = LINE('',#9290,#9292);
#9294 = EDGE_CURVE('',#9274,#9268,#9293,.T.);
#9295 = ORIENTED_EDGE('',*,*,#9279,.T.);
#9296 = ORIENTED_EDGE('',*,*,#9284,.T.);
#9297 = ORIENTED_EDGE('',*,*,#9289,.T.);
#9298 = ORIENTED_EDGE('',*,*,#9294,.T.);
#9299 = EDGE_LOOP('',(#9295,#9296,#9297,#9298));
#9300 = FACE_OUTER_BOUND('',#9299,.T.);
#9301 = CARTESIAN_POINT('',(83.61753800,0.35596000,0.00000000));
#9302 = DIRECTION('',(1.00000000,-0.00000000,0.00000000));
#9303 = DIRECTION('',(0.00000000,1.00000000,0.00000000));
#9304 = AXIS2_PLACEMENT_3D('',#9301,#9302,#9303);
#9305 = PLANE('',#9304);
#9306 = ADVANCED_FACE('',(#9300),#9305,.T.);
#9307 = CARTESIAN_POINT('',(83.61753800,2.41336000,0.00000000));
#9308 = VERTEX_POINT('',#9307);
#9309 = CARTESIAN_POINT('',(83.61983830,2.43965475,0.00000000));
#9310 = VERTEX_POINT('',#9309);
#9311 = CARTESIAN_POINT('',(83.61983830,2.43965475,1.50000000));
#9312 = VERTEX_POINT('',#9311);
#9313 = CARTESIAN_POINT('',(83.61753800,2.41336000,1.50000000));
#9314 = VERTEX_POINT('',#9313);
#9315 = CARTESIAN_POINT('',(83.61753800,2.41336000,0.00000000));
#9316 = DIRECTION('',(0.08714864,0.99619532,0.00000000));
#9317 = VECTOR('',#9316,0.02639517);
#9318 = LINE('',#9315,#9317);
#9319 = EDGE_CURVE('',#9308,#9310,#9318,.T.);
#9320 = CARTESIAN_POINT('',(83.61983830,2.43965475,0.00000000));
#9321 = DIRECTION('',(0.00000000,0.00000000,1.00000000));
#9322 = VECTOR('',#9321,1.50000000);
#9323 = LINE('',#9320,#9322);
#9324 = EDGE_CURVE('',#9310,#9312,#9323,.T.);
#9325 = CARTESIAN_POINT('',(83.61983830,2.43965475,1.50000000));
#9326 = DIRECTION('',(-0.08714864,-0.99619532,0.00000000));
#9327 = VECTOR('',#9326,0.02639517);
#9328 = LINE('',#9325,#9327);
#9329 = EDGE_CURVE('',#9312,#9314,#9328,.T.);
#9330 = CARTESIAN_POINT('',(83.61753800,2.41336000,1.50000000));
#9331 = DIRECTION('',(0.00000000,0.00000000,-1.00000000));
#9332 = VECTOR('',#9331,1.50000000);
#9333 = LINE('',#9330,#9332);
#9334 = EDGE_CURVE('',#9314,#9308,#9333,.T.);
#9335 = ORIENTED_EDGE('',*,*,#9319,.T.);
#9336 = ORIENTED_EDGE('',*,*,#9324,.T.);
#9337 = ORIENTED_EDGE('',*,*,#9329,.T.);
#9338 = ORIENTED_EDGE('',*,*,#9334,.T.);
#9339 = EDGE_LOOP('',(#9335,#9336,#9337,#9338));
#9340 = FACE_OUTER_BOUND('',#9339,.T.);
#9341 = CARTESIAN_POINT('',(83.61753800,2.41336000,0.00000000));
#9342 = DIRECTION('',(0.99619532,-0.08714864,0.00000000));
#9343 = DIRECTION('',(0.08714864,0.99619532,0.00000000));
#9344 = AXIS2_PLACEMENT_3D('',#9341,#9342,#9343);
#9345 = PLANE('',#9344);
#9346 = ADVANCED_FACE('',(#9340),#9345,.T.);
#9347 = CARTESIAN_POINT('',(83.61983830,2.43965475,0.00000000));
#9348 = VERTEX_POINT('',#9347);
#9349 = CARTESIAN_POINT('',(83.62666974,2.46515057,0.00000000));
#9350 = VERTEX_POINT('',#9349);
#9351 = CARTESIAN_POINT('',(83.62666974,2.46515057,1.50000000));
#9352 = VERTEX_POINT('',#9351);
#9353 = CARTESIAN_POINT('',(83.61983830,2.43965475,1.50000000));
#9354 = VERTEX_POINT('',#9353);
#9355 = CARTESIAN_POINT('',(83.61983830,2.43965475,0.00000000));
#9356 = DIRECTION('',(0.25881388,0.96592721,0.00000000));
#9357 = VECTOR('',#9356,0.02639517);
#9358 = LINE('',#9355,#9357);
#9359 = EDGE_CURVE('',#9348,#9350,#9358,.T.);
#9360 = CARTESIAN_POINT('',(83.62666974,2.46515057,0.00000000));
#9361 = DIRECTION('',(0.00000000,0.00000000,1.00000000));
#9362 = VECTOR('',#9361,1.50000000);
#9363 = LINE('',#9360,#9362);
#9364 = EDGE_CURVE('',#9350,#9352,#9363,.T.);
#9365 = CARTESIAN_POINT('',(83.62666974,2.46515057,1.50000000));
#9366 = DIRECTION('',(-0.25881388,-0.96592721,0.00000000));
#9367 = VECTOR('',#9366,0.02639517);
#9368 = LINE('',#9365,#9367);
#9369 = EDGE_CURVE('',#9352,#9354,#9368,.T.);
#9370 = CARTESIAN_POINT('',(83.61983830,2.43965475,1.50000000));
#9371 = DIRECTION('',(0.00000000,0.00000000,-1.00000000));
#9372 = VECTOR('',#9371,1.50000000);
#9373 = LINE('',#9370,#9372);
#9374 = EDGE_CURVE('',#9354,#9348,#9373,.T.);
#9375 = ORIENTED_EDGE('',*,*,#9359,.T.);
#9376 = ORIENTED_EDGE('',*,*,#9364,.T.);
#9377 = ORIENTED_EDGE('',*,*,#9369,.T.);
#9378 = ORIENTED_EDGE('',*,*,#9374,.T.);
#9379 = EDGE_LOOP('',(#9375,#9376,#9377,#9378));
#9380 = FACE_OUTER_BOUND('',#9379,.T.);
#9381 = CARTESIAN_POINT('',(83.61983830,2.43965475,0.00000000));
#9382 = DIRECTION('',(0.96592721,-0.25881388,0.00000000));
#9383 = DIRECTION('',(0.25881388,0.96592721,0.00000000));
#9384 = AXIS2_PLACEMENT_3D('',#9381,#9382,#9383);
#9385 = PLANE('',#9384);
#9386 = ADVANCED_FACE('',(#9380),#9385,.T.);
#9387 = CARTESIAN_POINT('',(83.62666974,2.46515057,0.00000000));
#9388 = VERTEX_POINT('',#9387);
#9389 = CARTESIAN_POINT('',(83.63782474,2.48907276,0.00000000));
#9390 = VERTEX_POINT('',#9389);
#9391 = CARTESIAN_POINT('',(83.63782474,2.48907276,1.50000000));
#9392 = VERTEX_POINT('',#9391);
#9393 = CARTESIAN_POINT('',(83.62666974,2.46515057,1.50000000));
#9394 = VERTEX_POINT('',#9393);
#9395 = CARTESIAN_POINT('',(83.62666974,2.46515057,0.00000000));
#9396 = DIRECTION('',(0.42261503,0.90630929,0.00000000));
#9397 = VECTOR('',#9396,0.02639517);
#9398 = LINE('',#9395,#9397);
#9399 = EDGE_CURVE('',#9388,#9390,#9398,.T.);
#9400 = CARTESIAN_POINT('',(83.63782474,2.48907276,0.00000000));
#9401 = DIRECTION('',(0.00000000,0.00000000,1.00000000));
#9402 = VECTOR('',#9401,1.50000000);
#9403 = LINE('',#9400,#9402);
#9404 = EDGE_CURVE('',#9390,#9392,#9403,.T.);
#9405 = CARTESIAN_POINT('',(83.63782474,2.48907276,1.50000000));
#9406 = DIRECTION('',(-0.42261503,-0.90630929,0.00000000));
#9407 = VECTOR('',#9406,0.02639517);
#9408 = LINE('',#9405,#9407);
#9409 = EDGE_CURVE('',#9392,#9394,#9408,.T.);
#9410 = CARTESIAN_POINT('',(83.62666974,2.46515057,1.50000000));
#9411 = DIRECTION('',(0.00000000,0.00000000,-1.00000000));
#9412 = VECTOR('',#9411,1.50000000);
#9413 = LINE('',#9410,#9412);
#9414 = EDGE_CURVE('',#9394,#9388,#9413,.T.);
#9415 = ORIENTED_EDGE('',*,*,#9399,.T.);
#9416 = ORIENTED_EDGE('',*,*,#9404,.T.);
#9417 = ORIENTED_EDGE('',*,*,#9409,.T.);
#9418 = ORIENTED_EDGE('',*,*,#9414,.T.);
#9419 = EDGE_LOOP('',(#9415,#9416,#9417,#9418));
#9420 = FACE_OUTER_BOUND('',#9419,.T.);
#9421 = CARTESIAN_POINT('',(83.62666974,2.46515057,0.00000000));
#9422 = DIRECTION('',(0.90630929,-0.42261503,0.00000000));
#9423 = DIRECTION('',(0.42261503,0.90630929,0.00000000));
#9424 = AXIS2_PLACEMENT_3D('',#9421,#9422,#9423);
#9425 = PLANE('',#9424);
#9426 = ADVANCED_FACE('',(#9420),#9425,.T.);
#9427 = CARTESIAN_POINT('',(83.63782474,2.48907276,0.00000000));
#9428 = VERTEX_POINT('',#9427);
#9429 = CARTESIAN_POINT('',(83.65296435,2.51069444,0.00000000));
#9430 = VERTEX_POINT('',#9429);
#9431 = CARTESIAN_POINT('',(83.65296435,2.51069444,1.50000000));
#9432 = VERTEX_POINT('',#9431);
#9433 = CARTESIAN_POINT('',(83.63782474,2.48907276,1.50000000));
#9434 = VERTEX_POINT('',#9433);
#9435 = CARTESIAN_POINT('',(83.63782474,2.48907276,0.00000000));
#9436 = DIRECTION('',(0.57357498,0.81915307,0.00000000));
#9437 = VECTOR('',#9436,0.02639517);
#9438 = LINE('',#9435,#9437);
#9439 = EDGE_CURVE('',#9428,#9430,#9438,.T.);
#9440 = CARTESIAN_POINT('',(83.65296435,2.51069444,0.00000000));
#9441 = DIRECTION('',(0.00000000,0.00000000,1.00000000));
#9442 = VECTOR('',#9441,1.50000000);
#9443 = LINE('',#9440,#9442);
#9444 = EDGE_CURVE('',#9430,#9432,#9443,.T.);
#9445 = CARTESIAN_POINT('',(83.65296435,2.51069444,1.50000000));
#9446 = DIRECTION('',(-0.57357498,-0.81915307,0.00000000));
#9447 = VECTOR('',#9446,0.02639517);
#9448 = LINE('',#9445,#9447);
#9449 = EDGE_CURVE('',#9432,#9434,#9448,.T.);
#9450 = CARTESIAN_POINT('',(83.63782474,2.48907276,1.50000000));
#9451 = DIRECTION('',(0.00000000,0.00000000,-1.00000000));
#9452 = VECTOR('',#9451,1.50000000);
#9453 = LINE('',#9450,#9452);
#9454 = EDGE_CURVE('',#9434,#9428,#9453,.T.);
#9455 = ORIENTED_EDGE('',*,*,#9439,.T.);
#9456 = ORIENTED_EDGE('',*,*,#9444,.T.);
#9457 = ORIENTED_EDGE('',*,*,#9449,.T.);
#9458 = ORIENTED_EDGE('',*,*,#9454,.T.);
#9459 = EDGE_LOOP('',(#9455,#9456,#9457,#9458));
#9460 = FACE_OUTER_BOUND('',#9459,.T.);
#9461 = CARTESIAN_POINT('',(83.63782474,2.48907276,0.00000000));
#9462 = DIRECTION('',(0.81915307,-0.57357498,0.00000000));
#9463 = DIRECTION('',(0.57357498,0.81915307,0.00000000));
#9464 = AXIS2_PLACEMENT_3D('',#9461,#9462,#9463);
#9465 = PLANE('',#9464);
#9466 = ADVANCED_FACE('',(#9460),#9465,.T.);
#9467 = CARTESIAN_POINT('',(83.65296435,2.51069444,0.00000000));
#9468 = VERTEX_POINT('',#9467);
#9469 = CARTESIAN_POINT('',(83.67162856,2.52935865,0.00000000));
#9470 = VERTEX_POINT('',#9469);
#9471 = CARTESIAN_POINT('',(83.67162856,2.52935865,1.50000000));
#9472 = VERTEX_POINT('',#9471);
#9473 = CARTESIAN_POINT('',(83.65296435,2.51069444,1.50000000));
#9474 = VERTEX_POINT('',#9473);
#9475 = CARTESIAN_POINT('',(83.65296435,2.51069444,0.00000000));
#9476 = DIRECTION('',(0.70710678,0.70710678,0.00000000));
#9477 = VECTOR('',#9476,0.02639517);
#9478 = LINE('',#9475,#9477);
#9479 = EDGE_CURVE('',#9468,#9470,#9478,.T.);
#9480 = CARTESIAN_POINT('',(83.67162856,2.52935865,0.00000000));
#9481 = DIRECTION('',(0.00000000,0.00000000,1.00000000));
#9482 = VECTOR('',#9481,1.50000000);
#9483 = LINE('',#9480,#9482);
#9484 = EDGE_CURVE('',#9470,#9472,#9483,.T.);
#9485 = CARTESIAN_POINT('',(83.67162856,2.52935865,1.50000000));
#9486 = DIRECTION('',(-0.70710678,-0.70710678,0.00000000));
#9487 = VECTOR('',#9486,0.02639517);
#9488 = LINE('',#9485,#9487);
#9489 = EDGE_CURVE('',#9472,#9474,#9488,.T.);
#9490 = CARTESIAN_POINT('',(83.65296435,2.51069444,1.50000000));
#9491 = DIRECTION('',(0.00000000,0.00000000,-1.00000000));
#9492 = VECTOR('',#9491,1.50000000);
#9493 = LINE('',#9490,#9492);
#9494 = EDGE_CURVE('',#9474,#9468,#9493,.T.);
#9495 = ORIENTED_EDGE('',*,*,#9479,.T.);
#9496 = ORIENTED_EDGE('',*,*,#9484,.T.);
#9497 = ORIENTED_EDGE('',*,*,#9489,.T.);
#9498 = ORIENTED_EDGE('',*,*,#9494,.T.);
#9499 = EDGE_LOOP('',(#9495,#9496,#9497,#9498));
#9500 = FACE_OUTER_BOUND('',#9499,.T.);
#9501 = CARTESIAN_POINT('',(83.65296435,2.51069444,0.00000000));
#9502 = DIRECTION('',(0.70710678,-0.70710678,0.00000000));
#9503 = DIRECTION('',(0.70710678,0.70710678,0.00000000));
#9504 = AXIS2_PLACEMENT_3D('',#9501,#9502,#9503);
#9505 = PLANE('',#9504);
#9506 = ADVANCED_FACE('',(#9500),#9505,.T.);
#9507 = CARTESIAN_POINT('',(83.67162856,2.52935865,0.00000000));
#9508 = VERTEX_POINT('',#9507);
#9509 = CARTESIAN_POINT('',(83.69325024,2.54449826,0.00000000));
#9510 = VERTEX_POINT('',#9509);
#9511 = CARTESIAN_POINT('',(83.69325024,2.54449826,1.50000000));
#9512 = VERTEX_POINT('',#9511);
#9513 = CARTESIAN_POINT('',(83.67162856,2.52935865,1.50000000));
#9514 = VERTEX_POINT('',#9513);
#9515 = CARTESIAN_POINT('',(83.67162856,2.52935865,0.00000000));
#9516 = DIRECTION('',(0.81915307,0.57357498,0.00000000));
#9517 = VECTOR('',#9516,0.02639517);
#9518 = LINE('',#9515,#9517);
#9519 = EDGE_CURVE('',#9508,#9510,#9518,.T.);
#9520 = CARTESIAN_POINT('',(83.69325024,2.54449826,0.00000000));
#9521 = DIRECTION('',(0.00000000,0.00000000,1.00000000));
#9522 = VECTOR('',#9521,1.50000000);
#9523 = LINE('',#9520,#9522);
#9524 = EDGE_CURVE('',#9510,#9512,#9523,.T.);
#9525 = CARTESIAN_POINT('',(83.69325024,2.54449826,1.50000000));
#9526 = DIRECTION('',(-0.81915307,-0.57357498,0.00000000));
#9527 = VECTOR('',#9526,0.02639517);
#9528 = LINE('',#9525,#9527);
#9529 = EDGE_CURVE('',#9512,#9514,#9528,.T.);
#9530 = CARTESIAN_POINT('',(83.67162856,2.52935865,1.50000000));
#9531 = DIRECTION('',(0.00000000,0.00000000,-1.00000000));
#9532 = VECTOR('',#9531,1.50000000);
#9533 = LINE('',#9530,#9532);
#9534 = EDGE_CURVE('',#9514,#9508,#9533,.T.);
#9535 = ORIENTED_EDGE('',*,*,#9519,.T.);
#9536 = ORIENTED_EDGE('',*,*,#9524,.T.);
#9537 = ORIENTED_EDGE('',*,*,#9529,.T.);
#9538 = ORIENTED_EDGE('',*,*,#9534,.T.);
#9539 = EDGE_LOOP('',(#9535,#9536,#9537,#9538));
#9540 = FACE_OUTER_BOUND('',#9539,.T.);
#9541 = CARTESIAN_POINT('',(83.67162856,2.52935865,0.00000000));
#9542 = DIRECTION('',(0.57357498,-0.81915307,0.00000000));
#9543 = DIRECTION('',(0.81915307,0.57357498,0.00000000));
#9544 = AXIS2_PLACEMENT_3D('',#9541,#9542,#9543);
#9545 = PLANE('',#9544);
#9546 = ADVANCED_FACE('',(#9540),#9545,.T.);
#9547 = CARTESIAN_POINT('',(83.69325024,2.54449826,0.00000000));
#9548 = VERTEX_POINT('',#9547);
#9549 = CARTESIAN_POINT('',(83.71717243,2.55565326,0.00000000));
#9550 = VERTEX_POINT('',#9549);
#9551 = CARTESIAN_POINT('',(83.71717243,2.55565326,1.50000000));
#9552 = VERTEX_POINT('',#9551);
#9553 = CARTESIAN_POINT('',(83.69325024,2.54449826,1.50000000));
#9554 = VERTEX_POINT('',#9553);
#9555 = CARTESIAN_POINT('',(83.69325024,2.54449826,0.00000000));
#9556 = DIRECTION('',(0.90630929,0.42261503,0.00000000));
#9557 = VECTOR('',#9556,0.02639517);
#9558 = LINE('',#9555,#9557);
#9559 = EDGE_CURVE('',#9548,#9550,#9558,.T.);
#9560 = CARTESIAN_POINT('',(83.71717243,2.55565326,0.00000000));
#9561 = DIRECTION('',(0.00000000,0.00000000,1.00000000));
#9562 = VECTOR('',#9561,1.50000000);
#9563 = LINE('',#9560,#9562);
#9564 = EDGE_CURVE('',#9550,#9552,#9563,.T.);
#9565 = CARTESIAN_POINT('',(83.71717243,2.55565326,1.50000000));
#9566 = DIRECTION('',(-0.90630929,-0.42261503,0.00000000));
#9567 = VECTOR('',#9566,0.02639517);
#9568 = LINE('',#9565,#9567);
#9569 = EDGE_CURVE('',#9552,#9554,#9568,.T.);
#9570 = CARTESIAN_POINT('',(83.69325024,2.54449826,1.50000000));
#9571 = DIRECTION('',(0.00000000,0.00000000,-1.00000000));
#9572 = VECTOR('',#9571,1.50000000);
#9573 = LINE('',#9570,#9572);
#9574 = EDGE_CURVE('',#9554,#9548,#9573,.T.);
#9575 = ORIENTED_EDGE('',*,*,#9559,.T.);
#9576 = ORIENTED_EDGE('',*,*,#9564,.T.);
#9577 = ORIENTED_EDGE('',*,*,#9569,.T.);
#9578 = ORIENTED_EDGE('',*,*,#9574,.T.);
#9579 = EDGE_LOOP('',(#9575,#9576,#9577,#9578));
#9580 = FACE_OUTER_BOUND('',#9579,.T.);
#9581 = CARTESIAN_POINT('',(83.69325024,2.54449826,0.00000000));
#9582 = DIRECTION('',(0.42261503,-0.90630929,0.00000000));
#9583 = DIRECTION('',(0.90630929,0.42261503,0.00000000));
#9584 = AXIS2_PLACEMENT_3D('',#9581,#9582,#9583);
#9585 = PLANE('',#9584);
#9586 = ADVANCED_FACE('',(#9580),#9585,.T.);
#9587 = CARTESIAN_POINT('',(83.71717243,2.55565326,0.00000000));
#9588 = VERTEX_POINT('',#9587);
#9589 = CARTESIAN_POINT('',(83.74266825,2.56248470,0.00000000));
#9590 = VERTEX_POINT('',#9589);
#9591 = CARTESIAN_POINT('',(83.74266825,2.56248470,1.50000000));
#9592 = VERTEX_POINT('',#9591);
#9593 = CARTESIAN_POINT('',(83.71717243,2.55565326,1.50000000));
#9594 = VERTEX_POINT('',#9593);
#9595 = CARTESIAN_POINT('',(83.71717243,2.55565326,0.00000000));
#9596 = DIRECTION('',(0.96592721,0.25881388,0.00000000));
#9597 = VECTOR('',#9596,0.02639517);
#9598 = LINE('',#9595,#9597);
#9599 = EDGE_CURVE('',#9588,#9590,#9598,.T.);
#9600 = CARTESIAN_POINT('',(83.74266825,2.56248470,0.00000000));
#9601 = DIRECTION('',(0.00000000,0.00000000,1.00000000));
#9602 = VECTOR('',#9601,1.50000000);
#9603 = LINE('',#9600,#9602);
#9604 = EDGE_CURVE('',#9590,#9592,#9603,.T.);
#9605 = CARTESIAN_POINT('',(83.74266825,2.56248470,1.50000000));
#9606 = DIRECTION('',(-0.96592721,-0.25881388,0.00000000));
#9607 = VECTOR('',#9606,0.02639517);
#9608 = LINE('',#9605,#9607);
#9609 = EDGE_CURVE('',#9592,#9594,#9608,.T.);
#9610 = CARTESIAN_POINT('',(83.71717243,2.55565326,1.50000000));
#9611 = DIRECTION('',(0.00000000,0.00000000,-1.00000000));
#9612 = VECTOR('',#9611,1.50000000);
#9613 = LINE('',#9610,#9612);
#9614 = EDGE_CURVE('',#9594,#9588,#9613,.T.);
#9615 = ORIENTED_EDGE('',*,*,#9599,.T.);
#9616 = ORIENTED_EDGE('',*,*,#9604,.T.);
#9617 = ORIENTED_EDGE('',*,*,#9609,.T.);
#9618 = ORIENTED_EDGE('',*,*,#9614,.T.);
#9619 = EDGE_LOOP('',(#9615,#9616,#9617,#9618));
#9620 = FACE_OUTER_BOUND('',#9619,.T.);
#9621 = CARTESIAN_POINT('',(83.71717243,2.55565326,0.00000000));
#9622 = DIRECTION('',(0.25881388,-0.96592721,0.00000000));
#9623 = DIRECTION('',(0.96592721,0.25881388,0.00000000));
#9624 = AXIS2_PLACEMENT_3D('',#9621,#9622,#9623);
#9625 = PLANE('',#9624);
#9626 = ADVANCED_FACE('',(#9620),#9625,.T.);
#9627 = CARTESIAN_POINT('',(83.74266825,2.56248470,0.00000000));
#9628 = VERTEX_POINT('',#9627);
#9629 = CARTESIAN_POINT('',(83.76896300,2.56478500,0.00000000));
#9630 = VERTEX_POINT('',#9629);
#9631 = CARTESIAN_POINT('',(83.76896300,2.56478500,1.50000000));
#9632 = VERTEX_POINT('',#9631);
#9633 = CARTESIAN_POINT('',(83.74266825,2.56248470,1.50000000));
#9634 = VERTEX_POINT('',#9633);
#9635 = CARTESIAN_POINT('',(83.74266825,2.56248470,0.00000000));
#9636 = DIRECTION('',(0.99619532,0.08714864,0.00000000));
#9637 = VECTOR('',#9636,0.02639517);
#9638 = LINE('',#9635,#9637);
#9639 = EDGE_CURVE('',#9628,#9630,#9638,.T.);
#9640 = CARTESIAN_POINT('',(83.76896300,2.56478500,0.00000000));
#9641 = DIRECTION('',(0.00000000,0.00000000,1.00000000));
#9642 = VECTOR('',#9641,1.50000000);
#9643 = LINE('',#9640,#9642);
#9644 = EDGE_CURVE('',#9630,#9632,#9643,.T.);
#9645 = CARTESIAN_POINT('',(83.76896300,2.56478500,1.50000000));
#9646 = DIRECTION('',(-0.99619532,-0.08714864,0.00000000));
#9647 = VECTOR('',#9646,0.02639517);
#9648 = LINE('',#9645,#9647);
#9649 = EDGE_CURVE('',#9632,#9634,#9648,.T.);
#9650 = CARTESIAN_POINT('',(83.74266825,2.56248470,1.50000000));
#9651 = DIRECTION('',(0.00000000,0.00000000,-1.00000000));
#9652 = VECTOR('',#9651,1.50000000);
#9653 = LINE('',#9650,#9652);
#9654 = EDGE_CURVE('',#9634,#9628,#9653,.T.);
#9655 = ORIENTED_EDGE('',*,*,#9639,.T.);
#9656 = ORIENTED_EDGE('',*,*,#9644,.T.);
#9657 = ORIENTED_EDGE('',*,*,#9649,.T.);
#9658 = ORIENTED_EDGE('',*,*,#9654,.T.);
#9659 = EDGE_LOOP('',(#9655,#9656,#9657,#9658));
#9660 = FACE_OUTER_BOUND('',#9659,.T.);
#9661 = CARTESIAN_POINT('',(83.74266825,2.56248470,0.00000000));
#9662 = DIRECTION('',(0.08714864,-0.99619532,0.00000000));
#9663 = DIRECTION('',(0.99619532,0.08714864,0.00000000));
#9664 = AXIS2_PLACEMENT_3D('',#9661,#9662,#9663);
#9665 = PLANE('',#9664);
#9666 = ADVANCED_FACE('',(#9660),#9665,.T.);
#9667 = CARTESIAN_POINT('',(83.76896300,2.56478500,0.00000000));
#9668 = VERTEX_POINT('',#9667);
#9669 = CARTESIAN_POINT('',(103.73336300,2.56478500,0.00000000));
#9670 = VERTEX_POINT('',#9669);
#9671 = CARTESIAN_POINT('',(103.73336300,2.56478500,1.50000000));
#9672 = VERTEX_POINT('',#9671);
#9673 = CARTESIAN_POINT('',(83.76896300,2.56478500,1.50000000));
#9674 = VERTEX_POINT('',#9673);
#9675 = CARTESIAN_POINT('',(83.76896300,2.56478500,0.00000000));
#9676 = DIRECTION('',(1.00000000,0.00000000,0.00000000));
#9677 = VECTOR('',#9676,19.96440000);
#9678 = LINE('',#9675,#9677);
#9679 = EDGE_CURVE('',#9668,#9670,#9678,.T.);
#9680 = CARTESIAN_POINT('',(103.73336300,2.56478500,0.00000000));
#9681 = DIRECTION('',(0.00000000,0.00000000,1.00000000));
#9682 = VECTOR('',#9681,1.50000000);
#9683 = LINE('',#9680,#9682);
#9684 = EDGE_CURVE('',#9670,#9672,#9683,.T.);
#9685 = CARTESIAN_POINT('',(103.73336300,2.56478500,1.50000000));
#9686 = DIRECTION('',(-1.00000000,-0.00000000,0.00000000));
#9687 = VECTOR('',#9686,19.96440000);
#9688 = LINE('',#9685,#9687);
#9689 = EDGE_CURVE('',#9672,#9674,#9688,.T.);
#9690 = CARTESIAN_POINT('',(83.76896300,2.56478500,1.50000000));
#9691 = DIRECTION('',(0.00000000,0.00000000,-1.00000000));
#9692 = VECTOR('',#9691,1.50000000);
#9693 = LINE('',#9690,#9692);
#9694 = EDGE_CURVE('',#9674,#9668,#9693,.T.);
#9695 = ORIENTED_EDGE('',*,*,#9679,.T.);
#9696 = ORIENTED_EDGE('',*,*,#9684,.T.);
#9697 = ORIENTED_EDGE('',*,*,#9689,.T.);
#9698 = ORIENTED_EDGE('',*,*,#9694,.T.);
#9699 = EDGE_LOOP('',(#9695,#9696,#9697,#9698));
#9700 = FACE_OUTER_BOUND('',#9699,.T.);
#9701 = CARTESIAN_POINT('',(83.76896300,2.56478500,0.00000000));
#9702 = DIRECTION('',(0.00000000,-1.00000000,0.00000000));
#9703 = DIRECTION('',(1.00000000,0.00000000,0.00000000));
#9704 = AXIS2_PLACEMENT_3D('',#9701,#9702,#9703);
#9705 = PLANE('',#9704);
#9706 = ADVANCED_FACE('',(#9700),#9705,.T.);
#9707 = CARTESIAN_POINT('',(103.73336300,2.56478500,0.00000000));
#9708 = VERTEX_POINT('',#9707);
#9709 = CARTESIAN_POINT('',(103.79365099,2.57031854,0.00000000));
#9710 = VERTEX_POINT('',#9709);
#9711 = CARTESIAN_POINT('',(103.79365099,2.57031854,1.50000000));
#9712 = VERTEX_POINT('',#9711);
#9713 = CARTESIAN_POINT('',(103.73336300,2.56478500,1.50000000));
#9714 = VERTEX_POINT('',#9713);
#9715 = CARTESIAN_POINT('',(103.73336300,2.56478500,0.00000000));
#9716 = DIRECTION('',(0.99581417,0.09140096,0.00000000));
#9717 = VECTOR('',#9716,0.06054140);
#9718 = LINE('',#9715,#9717);
#9719 = EDGE_CURVE('',#9708,#9710,#9718,.T.);
#9720 = CARTESIAN_POINT('',(103.79365099,2.57031854,0.00000000));
#9721 = DIRECTION('',(0.00000000,0.00000000,1.00000000));
#9722 = VECTOR('',#9721,1.50000000);
#9723 = LINE('',#9720,#9722);
#9724 = EDGE_CURVE('',#9710,#9712,#9723,.T.);
#9725 = CARTESIAN_POINT('',(103.79365099,2.57031854,1.50000000));
#9726 = DIRECTION('',(-0.99581417,-0.09140096,0.00000000));
#9727 = VECTOR('',#9726,0.06054140);
#9728 = LINE('',#9725,#9727);
#9729 = EDGE_CURVE('',#9712,#9714,#9728,.T.);
#9730 = CARTESIAN_POINT('',(103.73336300,2.56478500,1.50000000));
#9731 = DIRECTION('',(0.00000000,0.00000000,-1.00000000));
#9732 = VECTOR('',#9731,1.50000000);
#9733 = LINE('',#9730,#9732);
#9734 = EDGE_CURVE('',#9714,#9708,#9733,.T.);
#9735 = ORIENTED_EDGE('',*,*,#9719,.T.);
#9736 = ORIENTED_EDGE('',*,*,#9724,.T.);
#9737 = ORIENTED_EDGE('',*,*,#9729,.T.);
#9738 = ORIENTED_EDGE('',*,*,#9734,.T.);
#9739 = EDGE_LOOP('',(#9735,#9736,#9737,#9738));
#9740 = FACE_OUTER_BOUND('',#9739,.T.);
#9741 = CARTESIAN_POINT('',(103.73336300,2.56478500,0.00000000));
#9742 = DIRECTION('',(0.09140096,-0.99581417,0.00000000));
#9743 = DIRECTION('',(0.99581417,0.09140096,0.00000000));
#9744 = AXIS2_PLACEMENT_3D('',#9741,#9742,#9743);
#9745 = PLANE('',#9744);
#9746 = ADVANCED_FACE('',(#9740),#9745,.T.);
#9747 = CARTESIAN_POINT('',(103.79365099,2.57031854,0.00000000));
#9748 = VERTEX_POINT('',#9747);
#9749 = CARTESIAN_POINT('',(103.85192425,2.58673462,0.00000000));
#9750 = VERTEX_POINT('',#9749);
#9751 = CARTESIAN_POINT('',(103.85192425,2.58673462,1.50000000));
#9752 = VERTEX_POINT('',#9751);
#9753 = CARTESIAN_POINT('',(103.79365099,2.57031854,1.50000000));
#9754 = VERTEX_POINT('',#9753);
#9755 = CARTESIAN_POINT('',(103.79365099,2.57031854,0.00000000));
#9756 = DIRECTION('',(0.96253580,0.27115462,0.00000000));
#9757 = VECTOR('',#9756,0.06054140);
#9758 = LINE('',#9755,#9757);
#9759 = EDGE_CURVE('',#9748,#9750,#9758,.T.);
#9760 = CARTESIAN_POINT('',(103.85192425,2.58673462,0.00000000));
#9761 = DIRECTION('',(0.00000000,0.00000000,1.00000000));
#9762 = VECTOR('',#9761,1.50000000);
#9763 = LINE('',#9760,#9762);
#9764 = EDGE_CURVE('',#9750,#9752,#9763,.T.);
#9765 = CARTESIAN_POINT('',(103.85192425,2.58673462,1.50000000));
#9766 = DIRECTION('',(-0.96253580,-0.27115462,0.00000000));
#9767 = VECTOR('',#9766,0.06054140);
#9768 = LINE('',#9765,#9767);
#9769 = EDGE_CURVE('',#9752,#9754,#9768,.T.);
#9770 = CARTESIAN_POINT('',(103.79365099,2.57031854,1.50000000));
#9771 = DIRECTION('',(0.00000000,0.00000000,-1.00000000));
#9772 = VECTOR('',#9771,1.50000000);
#9773 = LINE('',#9770,#9772);
#9774 = EDGE_CURVE('',#9754,#9748,#9773,.T.);
#9775 = ORIENTED_EDGE('',*,*,#9759,.T.);
#9776 = ORIENTED_EDGE('',*,*,#9764,.T.);
#9777 = ORIENTED_EDGE('',*,*,#9769,.T.);
#9778 = ORIENTED_EDGE('',*,*,#9774,.T.);
#9779 = EDGE_LOOP('',(#9775,#9776,#9777,#9778));
#9780 = FACE_OUTER_BOUND('',#9779,.T.);
#9781 = CARTESIAN_POINT('',(103.79365099,2.57031854,0.00000000));
#9782 = DIRECTION('',(0.27115462,-0.96253580,0.00000000));
#9783 = DIRECTION('',(0.96253580,0.27115462,0.00000000));
#9784 = AXIS2_PLACEMENT_3D('',#9781,#9782,#9783);
#9785 = PLANE('',#9784);
#9786 = ADVANCED_FACE('',(#9780),#9785,.T.);
#9787 = CARTESIAN_POINT('',(103.85192425,2.58673462,0.00000000));
#9788 = VERTEX_POINT('',#9787);
#9789 = CARTESIAN_POINT('',(103.90623538,2.61348464,0.00000000));
#9790 = VERTEX_POINT('',#9789);
#9791 = CARTESIAN_POINT('',(103.90623538,2.61348464,1.50000000));
#9792 = VERTEX_POINT('',#9791);
#9793 = CARTESIAN_POINT('',(103.85192425,2.58673462,1.50000000));
#9794 = VERTEX_POINT('',#9793);
#9795 = CARTESIAN_POINT('',(103.85192425,2.58673462,0.00000000));
#9796 = DIRECTION('',(0.89709062,0.44184660,0.00000000));
#9797 = VECTOR('',#9796,0.06054140);
#9798 = LINE('',#9795,#9797);
#9799 = EDGE_CURVE('',#9788,#9790,#9798,.T.);
#9800 = CARTESIAN_POINT('',(103.90623538,2.61348464,0.00000000));
#9801 = DIRECTION('',(0.00000000,0.00000000,1.00000000));
#9802 = VECTOR('',#9801,1.50000000);
#9803 = LINE('',#9800,#9802);
#9804 = EDGE_CURVE('',#9790,#9792,#9803,.T.);
#9805 = CARTESIAN_POINT('',(103.90623538,2.61348464,1.50000000));
#9806 = DIRECTION('',(-0.89709062,-0.44184660,0.00000000));
#9807 = VECTOR('',#9806,0.06054140);
#9808 = LINE('',#9805,#9807);
#9809 = EDGE_CURVE('',#9792,#9794,#9808,.T.);
#9810 = CARTESIAN_POINT('',(103.85192425,2.58673462,1.50000000));
#9811 = DIRECTION('',(0.00000000,0.00000000,-1.00000000));
#9812 = VECTOR('',#9811,1.50000000);
#9813 = LINE('',#9810,#9812);
#9814 = EDGE_CURVE('',#9794,#9788,#9813,.T.);
#9815 = ORIENTED_EDGE('',*,*,#9799,.T.);
#9816 = ORIENTED_EDGE('',*,*,#9804,.T.);
#9817 = ORIENTED_EDGE('',*,*,#9809,.T.);
#9818 = ORIENTED_EDGE('',*,*,#9814,.T.);
#9819 = EDGE_LOOP('',(#9815,#9816,#9817,#9818));
#9820 = FACE_OUTER_BOUND('',#9819,.T.);
#9821 = CARTESIAN_POINT('',(103.85192425,2.58673462,0.00000000));
#9822 = DIRECTION('',(0.44184660,-0.89709062,0.00000000));
#9823 = DIRECTION('',(0.89709062,0.44184660,0.00000000));
#9824 = AXIS2_PLACEMENT_3D('',#9821,#9822,#9823);
#9825 = PLANE('',#9824);
#9826 = ADVANCED_FACE('',(#9820),#9825,.T.);
#9827 = CARTESIAN_POINT('',(103.90623538,2.61348464,0.00000000));
#9828 = VERTEX_POINT('',#9827);
#9829 = CARTESIAN_POINT('',(103.95476934,2.64967463,0.00000000));
#9830 = VERTEX_POINT('',#9829);
#9831 = CARTESIAN_POINT('',(103.95476934,2.64967463,1.50000000));
#9832 = VERTEX_POINT('',#9831);
#9833 = CARTESIAN_POINT('',(103.90623538,2.61348464,1.50000000));
#9834 = VERTEX_POINT('',#9833);
#9835 = CARTESIAN_POINT('',(103.90623538,2.61348464,0.00000000));
#9836 = DIRECTION('',(0.80166572,0.59777260,0.00000000));
#9837 = VECTOR('',#9836,0.06054140);
#9838 = LINE('',#9835,#9837);
#9839 = EDGE_CURVE('',#9828,#9830,#9838,.T.);
#9840 = CARTESIAN_POINT('',(103.95476934,2.64967463,0.00000000));
#9841 = DIRECTION('',(0.00000000,0.00000000,1.00000000));
#9842 = VECTOR('',#9841,1.50000000);
#9843 = LINE('',#9840,#9842);
#9844 = EDGE_CURVE('',#9830,#9832,#9843,.T.);
#9845 = CARTESIAN_POINT('',(103.95476934,2.64967463,1.50000000));
#9846 = DIRECTION('',(-0.80166572,-0.59777260,0.00000000));
#9847 = VECTOR('',#9846,0.06054140);
#9848 = LINE('',#9845,#9847);
#9849 = EDGE_CURVE('',#9832,#9834,#9848,.T.);
#9850 = CARTESIAN_POINT('',(103.90623538,2.61348464,1.50000000));
#9851 = DIRECTION('',(0.00000000,0.00000000,-1.00000000));
#9852 = VECTOR('',#9851,1.50000000);
#9853 = LINE('',#9850,#9852);
#9854 = EDGE_CURVE('',#9834,#9828,#9853,.T.);
#9855 = ORIENTED_EDGE('',*,*,#9839,.T.);
#9856 = ORIENTED_EDGE('',*,*,#9844,.T.);
#9857 = ORIENTED_EDGE('',*,*,#9849,.T.);
#9858 = ORIENTED_EDGE('',*,*,#9854,.T.);
#9859 = EDGE_LOOP('',(#9855,#9856,#9857,#9858));
#9860 = FACE_OUTER_BOUND('',#9859,.T.);
#9861 = CARTESIAN_POINT('',(103.90623538,2.61348464,0.00000000));
#9862 = DIRECTION('',(0.59777260,-0.80166572,0.00000000));
#9863 = DIRECTION('',(0.80166572,0.59777260,0.00000000));
#9864 = AXIS2_PLACEMENT_3D('',#9861,#9862,#9863);
#9865 = PLANE('',#9864);
#9866 = ADVANCED_FACE('',(#9860),#9865,.T.);
#9867 = CARTESIAN_POINT('',(103.95476934,2.64967463,0.00000000));
#9868 = VERTEX_POINT('',#9867);
#9869 = CARTESIAN_POINT('',(103.99590420,2.69409517,0.00000000));
#9870 = VERTEX_POINT('',#9869);
#9871 = CARTESIAN_POINT('',(103.99590420,2.69409517,1.50000000));
#9872 = VERTEX_POINT('',#9871);
#9873 = CARTESIAN_POINT('',(103.95476934,2.64967463,1.50000000));
#9874 = VERTEX_POINT('',#9873);
#9875 = CARTESIAN_POINT('',(103.95476934,2.64967463,0.00000000));
#9876 = DIRECTION('',(0.67945009,0.73372173,0.00000000));
#9877 = VECTOR('',#9876,0.06054140);
#9878 = LINE('',#9875,#9877);
#9879 = EDGE_CURVE('',#9868,#9870,#9878,.T.);
#9880 = CARTESIAN_POINT('',(103.99590420,2.69409517,0.00000000));
#9881 = DIRECTION('',(0.00000000,0.00000000,1.00000000));
#9882 = VECTOR('',#9881,1.50000000);
#9883 = LINE('',#9880,#9882);
#9884 = EDGE_CURVE('',#9870,#9872,#9883,.T.);
#9885 = CARTESIAN_POINT('',(103.99590420,2.69409517,1.50000000));
#9886 = DIRECTION('',(-0.67945009,-0.73372173,0.00000000));
#9887 = VECTOR('',#9886,0.06054140);
#9888 = LINE('',#9885,#9887);
#9889 = EDGE_CURVE('',#9872,#9874,#9888,.T.);
#9890 = CARTESIAN_POINT('',(103.95476934,2.64967463,1.50000000));
#9891 = DIRECTION('',(0.00000000,0.00000000,-1.00000000));
#9892 = VECTOR('',#9891,1.50000000);
#9893 = LINE('',#9890,#9892);
#9894 = EDGE_CURVE('',#9874,#9868,#9893,.T.);
#9895 = ORIENTED_EDGE('',*,*,#9879,.T.);
#9896 = ORIENTED_EDGE('',*,*,#9884,.T.);
#9897 = ORIENTED_EDGE('',*,*,#9889,.T.);
#9898 = ORIENTED_EDGE('',*,*,#9894,.T.);
#9899 = EDGE_LOOP('',(#9895,#9896,#9897,#9898));
#9900 = FACE_OUTER_BOUND('',#9899,.T.);
#9901 = CARTESIAN_POINT('',(103.95476934,2.64967463,0.00000000));
#9902 = DIRECTION('',(0.73372173,-0.67945009,0.00000000));
#9903 = DIRECTION('',(0.67945009,0.73372173,0.00000000));
#9904 = AXIS2_PLACEMENT_3D('',#9901,#9902,#9903);
#9905 = PLANE('',#9904);
#9906 = ADVANCED_FACE('',(#9900),#9905,.T.);
#9907 = CARTESIAN_POINT('',(103.99590420,2.69409517,0.00000000));
#9908 = VERTEX_POINT('',#9907);
#9909 = CARTESIAN_POINT('',(104.02826528,2.74526178,0.00000000));
#9910 = VERTEX_POINT('',#9909);
#9911 = CARTESIAN_POINT('',(104.02826528,2.74526178,1.50000000));
#9912 = VERTEX_POINT('',#9911);
#9913 = CARTESIAN_POINT('',(103.99590420,2.69409517,1.50000000));
#9914 = VERTEX_POINT('',#9913);
#9915 = CARTESIAN_POINT('',(103.99590420,2.69409517,0.00000000));
#9916 = DIRECTION('',(0.53452803,0.84515074,0.00000000));
#9917 = VECTOR('',#9916,0.06054140);
#9918 = LINE('',#9915,#9917);
#9919 = EDGE_CURVE('',#9908,#9910,#9918,.T.);
#9920 = CARTESIAN_POINT('',(104.02826528,2.74526178,0.00000000));
#9921 = DIRECTION('',(0.00000000,0.00000000,1.00000000));
#9922 = VECTOR('',#9921,1.50000000);
#9923 = LINE('',#9920,#9922);
#9924 = EDGE_CURVE('',#9910,#9912,#9923,.T.);
#9925 = CARTESIAN_POINT('',(104.02826528,2.74526178,1.50000000));
#9926 = DIRECTION('',(-0.53452803,-0.84515074,0.00000000));
#9927 = VECTOR('',#9926,0.06054140);
#9928 = LINE('',#9925,#9927);
#9929 = EDGE_CURVE('',#9912,#9914,#9928,.T.);
#9930 = CARTESIAN_POINT('',(103.99590420,2.69409517,1.50000000));
#9931 = DIRECTION('',(0.00000000,0.00000000,-1.00000000));
#9932 = VECTOR('',#9931,1.50000000);
#9933 = LINE('',#9930,#9932);
#9934 = EDGE_CURVE('',#9914,#9908,#9933,.T.);
#9935 = ORIENTED_EDGE('',*,*,#9919,.T.);
#9936 = ORIENTED_EDGE('',*,*,#9924,.T.);
#9937 = ORIENTED_EDGE('',*,*,#9929,.T.);
#9938 = ORIENTED_EDGE('',*,*,#9934,.T.);
#9939 = EDGE_LOOP('',(#9935,#9936,#9937,#9938));
#9940 = FACE_OUTER_BOUND('',#9939,.T.);
#9941 = CARTESIAN_POINT('',(103.99590420,2.69409517,0.00000000));
#9942 = DIRECTION('',(0.84515074,-0.53452803,0.00000000));
#9943 = DIRECTION('',(0.53452803,0.84515074,0.00000000));
#9944 = AXIS2_PLACEMENT_3D('',#9941,#9942,#9943);
#9945 = PLANE('',#9944);
#9946 = ADVANCED_FACE('',(#9940),#9945,.T.);
#9947 = CARTESIAN_POINT('',(104.02826528,2.74526178,0.00000000));
#9948 = VERTEX_POINT('',#9947);
#9949 = CARTESIAN_POINT('',(104.05077110,2.80146453,0.00000000));
#9950 = VERTEX_POINT('',#9949);
#9951 = CARTESIAN_POINT('',(104.05077110,2.80146453,1.50000000));
#9952 = VERTEX_POINT('',#9951);
#9953 = CARTESIAN_POINT('',(104.02826528,2.74526178,1.50000000));
#9954 = VERTEX_POINT('',#9953);
#9955 = CARTESIAN_POINT('',(104.02826528,2.74526178,0.00000000));
#9956 = DIRECTION('',(0.37174268,0.92833581,0.00000000));
#9957 = VECTOR('',#9956,0.06054140);
#9958 = LINE('',#9955,#9957);
#9959 = EDGE_CURVE('',#9948,#9950,#9958,.T.);
#9960 = CARTESIAN_POINT('',(104.05077110,2.80146453,0.00000000));
#9961 = DIRECTION('',(0.00000000,0.00000000,1.00000000));
#9962 = VECTOR('',#9961,1.50000000);
#9963 = LINE('',#9960,#9962);
#9964 = EDGE_CURVE('',#9950,#9952,#9963,.T.);
#9965 = CARTESIAN_POINT('',(104.05077110,2.80146453,1.50000000));
#9966 = DIRECTION('',(-0.37174268,-0.92833581,0.00000000));
#9967 = VECTOR('',#9966,0.06054140);
#9968 = LINE('',#9965,#9967);
#9969 = EDGE_CURVE('',#9952,#9954,#9968,.T.);
#9970 = CARTESIAN_POINT('',(104.02826528,2.74526178,1.50000000));
#9971 = DIRECTION('',(0.00000000,0.00000000,-1.00000000));
#9972 = VECTOR('',#9971,1.50000000);
#9973 = LINE('',#9970,#9972);
#9974 = EDGE_CURVE('',#9954,#9948,#9973,.T.);
#9975 = ORIENTED_EDGE('',*,*,#9959,.T.);
#9976 = ORIENTED_EDGE('',*,*,#9964,.T.);
#9977 = ORIENTED_EDGE('',*,*,#9969,.T.);
#9978 = ORIENTED_EDGE('',*,*,#9974,.T.);
#9979 = EDGE_LOOP('',(#9975,#9976,#9977,#9978));
#9980 = FACE_OUTER_BOUND('',#9979,.T.);
#9981 = CARTESIAN_POINT('',(104.02826528,2.74526178,0.00000000));
#9982 = DIRECTION('',(0.92833581,-0.37174268,0.00000000));
#9983 = DIRECTION('',(0.37174268,0.92833581,0.00000000));
#9984 = AXIS2_PLACEMENT_3D('',#9981,#9982,#9983);
#9985 = PLANE('',#9984);
#9986 = ADVANCED_FACE('',(#9980),#9985,.T.);
#9987 = CARTESIAN_POINT('',(104.05077110,2.80146453,0.00000000));
#9988 = VERTEX_POINT('',#9987);
#9989 = CARTESIAN_POINT('',(104.06266955,2.86082519,0.00000000));
#9990 = VERTEX_POINT('',#9989);
#9991 = CARTESIAN_POINT('',(104.06266955,2.86082519,1.50000000));
#9992 = VERTEX_POINT('',#9991);
#9993 = CARTESIAN_POINT('',(104.05077110,2.80146453,1.50000000));
#9994 = VERTEX_POINT('',#9993);
#9995 = CARTESIAN_POINT('',(104.05077110,2.80146453,0.00000000));
#9996 = DIRECTION('',(0.19653412,0.98049699,0.00000000));
#9997 = VECTOR('',#9996,0.06054140);
#9998 = LINE('',#9995,#9997);
#9999 = EDGE_CURVE('',#9988,#9990,#9998,.T.);
#10000 = CARTESIAN_POINT('',(104.06266955,2.86082519,0.00000000));
#10001 = DIRECTION('',(0.00000000,0.00000000,1.00000000));
#10002 = VECTOR('',#10001,1.50000000);
#10003 = LINE('',#10000,#10002);
#10004 = EDGE_CURVE('',#9990,#9992,#10003,.T.);
#10005 = CARTESIAN_POINT('',(104.06266955,2.86082519,1.50000000));
#10006 = DIRECTION('',(-0.19653412,-0.98049699,0.00000000));
#10007 = VECTOR('',#10006,0.06054140);
#10008 = LINE('',#10005,#10007);
#10009 = EDGE_CURVE('',#9992,#9994,#10008,.T.);
#10010 = CARTESIAN_POINT('',(104.05077110,2.80146453,1.50000000));
#10011 = DIRECTION('',(0.00000000,0.00000000,-1.00000000));
#10012 = VECTOR('',#10011,1.50000000);
#10013 = LINE('',#10010,#10012);
#10014 = EDGE_CURVE('',#9994,#9988,#10013,.T.);
#10015 = ORIENTED_EDGE('',*,*,#9999,.T.);
#10016 = ORIENTED_EDGE('',*,*,#10004,.T.);
#10017 = ORIENTED_EDGE('',*,*,#10009,.T.);
#10018 = ORIENTED_EDGE('',*,*,#10014,.T.);
#10019 = EDGE_LOOP('',(#10015,#10016,#10017,#10018));
#10020 = FACE_OUTER_BOUND('',#10019,.T.);
#10021 = CARTESIAN_POINT('',(104.05077110,2.80146453,0.00000000));
#10022 = DIRECTION('',(0.98049699,-0.19653412,0.00000000));
#10023 = DIRECTION('',(0.19653412,0.98049699,0.00000000));
#10024 = AXIS2_PLACEMENT_3D('',#10021,#10022,#10023);
#10025 = PLANE('',#10024);
#10026 = ADVANCED_FACE('',(#10020),#10025,.T.);
#10027 = CARTESIAN_POINT('',(104.06266955,2.86082519,0.00000000));
#10028 = VERTEX_POINT('',#10027);
#10029 = CARTESIAN_POINT('',(104.06356300,2.92136000,0.00000000));
#10030 = VERTEX_POINT('',#10029);
#10031 = CARTESIAN_POINT('',(104.06356300,2.92136000,1.50000000));
#10032 = VERTEX_POINT('',#10031);
#10033 = CARTESIAN_POINT('',(104.06266955,2.86082519,1.50000000));
#10034 = VERTEX_POINT('',#10033);
#10035 = CARTESIAN_POINT('',(104.06266955,2.86082519,0.00000000));
#10036 = DIRECTION('',(0.01475763,0.99989110,0.00000000));
#10037 = VECTOR('',#10036,0.06054140);
#10038 = LINE('',#10035,#10037);
#10039 = EDGE_CURVE('',#10028,#10030,#10038,.T.);
#10040 = CARTESIAN_POINT('',(104.06356300,2.92136000,0.00000000));
#10041 = DIRECTION('',(0.00000000,0.00000000,1.00000000));
#10042 = VECTOR('',#10041,1.50000000);
#10043 = LINE('',#10040,#10042);
#10044 = EDGE_CURVE('',#10030,#10032,#10043,.T.);
#10045 = CARTESIAN_POINT('',(104.06356300,2.92136000,1.50000000));
#10046 = DIRECTION('',(-0.01475763,-0.99989110,0.00000000));
#10047 = VECTOR('',#10046,0.06054140);
#10048 = LINE('',#10045,#10047);
#10049 = EDGE_CURVE('',#10032,#10034,#10048,.T.);
#10050 = CARTESIAN_POINT('',(104.06266955,2.86082519,1.50000000));
#10051 = DIRECTION('',(0.00000000,0.00000000,-1.00000000));
#10052 = VECTOR('',#10051,1.50000000);
#10053 = LINE('',#10050,#10052);
#10054 = EDGE_CURVE('',#10034,#10028,#10053,.T.);
#10055 = ORIENTED_EDGE('',*,*,#10039,.T.);
#10056 = ORIENTED_EDGE('',*,*,#10044,.T.);
#10057 = ORIENTED_EDGE('',*,*,#10049,.T.);
#10058 = ORIENTED_EDGE('',*,*,#10054,.T.);
#10059 = EDGE_LOOP('',(#10055,#10056,#10057,#10058));
#10060 = FACE_OUTER_BOUND('',#10059,.T.);
#10061 = CARTESIAN_POINT('',(104.06266955,2.86082519,0.00000000));
#10062 = DIRECTION('',(0.99989110,-0.01475763,0.00000000));
#10063 = DIRECTION('',(0.01475763,0.99989110,0.00000000));
#10064 = AXIS2_PLACEMENT_3D('',#10061,#10062,#10063);
#10065 = PLANE('',#10064);
#10066 = ADVANCED_FACE('',(#10060),#10065,.T.);
#10067 = CARTESIAN_POINT('',(104.06356300,2.92136000,0.00000000));
#10068 = VERTEX_POINT('',#10067);
#10069 = CARTESIAN_POINT('',(104.06356300,4.57236000,0.00000000));
#10070 = VERTEX_POINT('',#10069);
#10071 = CARTESIAN_POINT('',(104.06356300,4.57236000,1.50000000));
#10072 = VERTEX_POINT('',#10071);
#10073 = CARTESIAN_POINT('',(104.06356300,2.92136000,1.50000000));
#10074 = VERTEX_POINT('',#10073);
#10075 = CARTESIAN_POINT('',(104.06356300,2.92136000,0.00000000));
#10076 = DIRECTION('',(0.00000000,1.00000000,0.00000000));
#10077 = VECTOR('',#10076,1.65100000);
#10078 = LINE('',#10075,#10077);
#10079 = EDGE_CURVE('',#10068,#10070,#10078,.T.);
#10080 = CARTESIAN_POINT('',(104.06356300,4.57236000,0.00000000));
#10081 = DIRECTION('',(0.00000000,0.00000000,1.00000000));
#10082 = VECTOR('',#10081,1.50000000);
#10083 = LINE('',#10080,#10082);
#10084 = EDGE_CURVE('',#10070,#10072,#10083,.T.);
#10085 = CARTESIAN_POINT('',(104.06356300,4.57236000,1.50000000));
#10086 = DIRECTION('',(-0.00000000,-1.00000000,0.00000000));
#10087 = VECTOR('',#10086,1.65100000);
#10088 = LINE('',#10085,#10087);
#10089 = EDGE_CURVE('',#10072,#10074,#10088,.T.);
#10090 = CARTESIAN_POINT('',(104.06356300,2.92136000,1.50000000));
#10091 = DIRECTION('',(0.00000000,0.00000000,-1.00000000));
#10092 = VECTOR('',#10091,1.50000000);
#10093 = LINE('',#10090,#10092);
#10094 = EDGE_CURVE('',#10074,#10068,#10093,.T.);
#10095 = ORIENTED_EDGE('',*,*,#10079,.T.);
#10096 = ORIENTED_EDGE('',*,*,#10084,.T.);
#10097 = ORIENTED_EDGE('',*,*,#10089,.T.);
#10098 = ORIENTED_EDGE('',*,*,#10094,.T.);
#10099 = EDGE_LOOP('',(#10095,#10096,#10097,#10098));
#10100 = FACE_OUTER_BOUND('',#10099,.T.);
#10101 = CARTESIAN_POINT('',(104.06356300,2.92136000,0.00000000));
#10102 = DIRECTION('',(1.00000000,-0.00000000,0.00000000));
#10103 = DIRECTION('',(0.00000000,1.00000000,0.00000000));
#10104 = AXIS2_PLACEMENT_3D('',#10101,#10102,#10103);
#10105 = PLANE('',#10104);
#10106 = ADVANCED_FACE('',(#10100),#10105,.T.);
#10107 = CARTESIAN_POINT('',(104.06356300,4.57236000,0.00000000));
#10108 = VERTEX_POINT('',#10107);
#10109 = CARTESIAN_POINT('',(104.06626397,4.60323473,0.00000000));
#10110 = VERTEX_POINT('',#10109);
#10111 = CARTESIAN_POINT('',(104.06626397,4.60323473,1.50000000));
#10112 = VERTEX_POINT('',#10111);
#10113 = CARTESIAN_POINT('',(104.06356300,4.57236000,1.50000000));
#10114 = VERTEX_POINT('',#10113);
#10115 = CARTESIAN_POINT('',(104.06356300,4.57236000,0.00000000));
#10116 = DIRECTION('',(0.08714870,0.99619531,0.00000000));
#10117 = VECTOR('',#10116,0.03099265);
#10118 = LINE('',#10115,#10117);
#10119 = EDGE_CURVE('',#10108,#10110,#10118,.T.);
#10120 = CARTESIAN_POINT('',(104.06626397,4.60323473,0.00000000));
#10121 = DIRECTION('',(0.00000000,0.00000000,1.00000000));
#10122 = VECTOR('',#10121,1.50000000);
#10123 = LINE('',#10120,#10122);
#10124 = EDGE_CURVE('',#10110,#10112,#10123,.T.);
#10125 = CARTESIAN_POINT('',(104.06626397,4.60323473,1.50000000));
#10126 = DIRECTION('',(-0.08714870,-0.99619531,0.00000000));
#10127 = VECTOR('',#10126,0.03099265);
#10128 = LINE('',#10125,#10127);
#10129 = EDGE_CURVE('',#10112,#10114,#10128,.T.);
#10130 = CARTESIAN_POINT('',(104.06356300,4.57236000,1.50000000));
#10131 = DIRECTION('',(0.00000000,0.00000000,-1.00000000));
#10132 = VECTOR('',#10131,1.50000000);
#10133 = LINE('',#10130,#10132);
#10134 = EDGE_CURVE('',#10114,#10108,#10133,.T.);
#10135 = ORIENTED_EDGE('',*,*,#10119,.T.);
#10136 = ORIENTED_EDGE('',*,*,#10124,.T.);
#10137 = ORIENTED_EDGE('',*,*,#10129,.T.);
#10138 = ORIENTED_EDGE('',*,*,#10134,.T.);
#10139 = EDGE_LOOP('',(#10135,#10136,#10137,#10138));
#10140 = FACE_OUTER_BOUND('',#10139,.T.);
#10141 = CARTESIAN_POINT('',(104.06356300,4.57236000,0.00000000));
#10142 = DIRECTION('',(0.99619531,-0.08714870,0.00000000));
#10143 = DIRECTION('',(0.08714870,0.99619531,0.00000000));
#10144 = AXIS2_PLACEMENT_3D('',#10141,#10142,#10143);
#10145 = PLANE('',#10144);
#10146 = ADVANCED_FACE('',(#10140),#10145,.T.);
#10147 = CARTESIAN_POINT('',(104.06626397,4.60323473,0.00000000));
#10148 = VERTEX_POINT('',#10147);
#10149 = CARTESIAN_POINT('',(104.07428530,4.63317137,0.00000000));
#10150 = VERTEX_POINT('',#10149);
#10151 = CARTESIAN_POINT('',(104.07428530,4.63317137,1.50000000));
#10152 = VERTEX_POINT('',#10151);
#10153 = CARTESIAN_POINT('',(104.06626397,4.60323473,1.50000000));
#10154 = VERTEX_POINT('',#10153);
#10155 = CARTESIAN_POINT('',(104.06626397,4.60323473,0.00000000));
#10156 = DIRECTION('',(0.25881392,0.96592720,0.00000000));
#10157 = VECTOR('',#10156,0.03099265);
#10158 = LINE('',#10155,#10157);
#10159 = EDGE_CURVE('',#10148,#10150,#10158,.T.);
#10160 = CARTESIAN_POINT('',(104.07428530,4.63317137,0.00000000));
#10161 = DIRECTION('',(0.00000000,0.00000000,1.00000000));
#10162 = VECTOR('',#10161,1.50000000);
#10163 = LINE('',#10160,#10162);
#10164 = EDGE_CURVE('',#10150,#10152,#10163,.T.);
#10165 = CARTESIAN_POINT('',(104.07428530,4.63317137,1.50000000));
#10166 = DIRECTION('',(-0.25881392,-0.96592720,0.00000000));
#10167 = VECTOR('',#10166,0.03099265);
#10168 = LINE('',#10165,#10167);
#10169 = EDGE_CURVE('',#10152,#10154,#10168,.T.);
#10170 = CARTESIAN_POINT('',(104.06626397,4.60323473,1.50000000));
#10171 = DIRECTION('',(0.00000000,0.00000000,-1.00000000));
#10172 = VECTOR('',#10171,1.50000000);
#10173 = LINE('',#10170,#10172);
#10174 = EDGE_CURVE('',#10154,#10148,#10173,.T.);
#10175 = ORIENTED_EDGE('',*,*,#10159,.T.);
#10176 = ORIENTED_EDGE('',*,*,#10164,.T.);
#10177 = ORIENTED_EDGE('',*,*,#10169,.T.);
#10178 = ORIENTED_EDGE('',*,*,#10174,.T.);
#10179 = EDGE_LOOP('',(#10175,#10176,#10177,#10178));
#10180 = FACE_OUTER_BOUND('',#10179,.T.);
#10181 = CARTESIAN_POINT('',(104.06626397,4.60323473,0.00000000));
#10182 = DIRECTION('',(0.96592720,-0.25881392,0.00000000));
#10183 = DIRECTION('',(0.25881392,0.96592720,0.00000000));
#10184 = AXIS2_PLACEMENT_3D('',#10181,#10182,#10183);
#10185 = PLANE('',#10184);
#10186 = ADVANCED_FACE('',(#10180),#10185,.T.);
#10187 = CARTESIAN_POINT('',(104.07428530,4.63317137,0.00000000));
#10188 = VERTEX_POINT('',#10187);
#10189 = CARTESIAN_POINT('',(104.08738326,4.66126030,0.00000000));
#10190 = VERTEX_POINT('',#10189);
#10191 = CARTESIAN_POINT('',(104.08738326,4.66126030,1.50000000));
#10192 = VERTEX_POINT('',#10191);
#10193 = CARTESIAN_POINT('',(104.07428530,4.63317137,1.50000000));
#10194 = VERTEX_POINT('',#10193);
#10195 = CARTESIAN_POINT('',(104.07428530,4.63317137,0.00000000));
#10196 = DIRECTION('',(0.42261506,0.90630928,0.00000000));
#10197 = VECTOR('',#10196,0.03099265);
#10198 = LINE('',#10195,#10197);
#10199 = EDGE_CURVE('',#10188,#10190,#10198,.T.);
#10200 = CARTESIAN_POINT('',(104.08738326,4.66126030,0.00000000));
#10201 = DIRECTION('',(0.00000000,0.00000000,1.00000000));
#10202 = VECTOR('',#10201,1.50000000);
#10203 = LINE('',#10200,#10202);
#10204 = EDGE_CURVE('',#10190,#10192,#10203,.T.);
#10205 = CARTESIAN_POINT('',(104.08738326,4.66126030,1.50000000));
#10206 = DIRECTION('',(-0.42261506,-0.90630928,0.00000000));
#10207 = VECTOR('',#10206,0.03099265);
#10208 = LINE('',#10205,#10207);
#10209 = EDGE_CURVE('',#10192,#10194,#10208,.T.);
#10210 = CARTESIAN_POINT('',(104.07428530,4.63317137,1.50000000));
#10211 = DIRECTION('',(0.00000000,0.00000000,-1.00000000));
#10212 = VECTOR('',#10211,1.50000000);
#10213 = LINE('',#10210,#10212);
#10214 = EDGE_CURVE('',#10194,#10188,#10213,.T.);
#10215 = ORIENTED_EDGE('',*,*,#10199,.T.);
#10216 = ORIENTED_EDGE('',*,*,#10204,.T.);
#10217 = ORIENTED_EDGE('',*,*,#10209,.T.);
#10218 = ORIENTED_EDGE('',*,*,#10214,.T.);
#10219 = EDGE_LOOP('',(#10215,#10216,#10217,#10218));
#10220 = FACE_OUTER_BOUND('',#10219,.T.);
#10221 = CARTESIAN_POINT('',(104.07428530,4.63317137,0.00000000));
#10222 = DIRECTION('',(0.90630928,-0.42261506,0.00000000));
#10223 = DIRECTION('',(0.42261506,0.90630928,0.00000000));
#10224 = AXIS2_PLACEMENT_3D('',#10221,#10222,#10223);
#10225 = PLANE('',#10224);
#10226 = ADVANCED_FACE('',(#10220),#10225,.T.);
#10227 = CARTESIAN_POINT('',(104.08738326,4.66126030,0.00000000));
#10228 = VERTEX_POINT('',#10227);
#10229 = CARTESIAN_POINT('',(104.10515987,4.68664802,0.00000000));
#10230 = VERTEX_POINT('',#10229);
#10231 = CARTESIAN_POINT('',(104.10515987,4.68664802,1.50000000));
#10232 = VERTEX_POINT('',#10231);
#10233 = CARTESIAN_POINT('',(104.08738326,4.66126030,1.50000000));
#10234 = VERTEX_POINT('',#10233);
#10235 = CARTESIAN_POINT('',(104.08738326,4.66126030,0.00000000));
#10236 = DIRECTION('',(0.57357499,0.81915306,0.00000000));
#10237 = VECTOR('',#10236,0.03099265);
#10238 = LINE('',#10235,#10237);
#10239 = EDGE_CURVE('',#10228,#10230,#10238,.T.);
#10240 = CARTESIAN_POINT('',(104.10515987,4.68664802,0.00000000));
#10241 = DIRECTION('',(0.00000000,0.00000000,1.00000000));
#10242 = VECTOR('',#10241,1.50000000);
#10243 = LINE('',#10240,#10242);
#10244 = EDGE_CURVE('',#10230,#10232,#10243,.T.);
#10245 = CARTESIAN_POINT('',(104.10515987,4.68664802,1.50000000));
#10246 = DIRECTION('',(-0.57357499,-0.81915306,0.00000000));
#10247 = VECTOR('',#10246,0.03099265);
#10248 = LINE('',#10245,#10247);
#10249 = EDGE_CURVE('',#10232,#10234,#10248,.T.);
#10250 = CARTESIAN_POINT('',(104.08738326,4.66126030,1.50000000));
#10251 = DIRECTION('',(0.00000000,0.00000000,-1.00000000));
#10252 = VECTOR('',#10251,1.50000000);
#10253 = LINE('',#10250,#10252);
#10254 = EDGE_CURVE('',#10234,#10228,#10253,.T.);
#10255 = ORIENTED_EDGE('',*,*,#10239,.T.);
#10256 = ORIENTED_EDGE('',*,*,#10244,.T.);
#10257 = ORIENTED_EDGE('',*,*,#10249,.T.);
#10258 = ORIENTED_EDGE('',*,*,#10254,.T.);
#10259 = EDGE_LOOP('',(#10255,#10256,#10257,#10258));
#10260 = FACE_OUTER_BOUND('',#10259,.T.);
#10261 = CARTESIAN_POINT('',(104.08738326,4.66126030,0.00000000));
#10262 = DIRECTION('',(0.81915306,-0.57357499,0.00000000));
#10263 = DIRECTION('',(0.57357499,0.81915306,0.00000000));
#10264 = AXIS2_PLACEMENT_3D('',#10261,#10262,#10263);
#10265 = PLANE('',#10264);
#10266 = ADVANCED_FACE('',(#10260),#10265,.T.);
#10267 = CARTESIAN_POINT('',(104.10515987,4.68664802,0.00000000));
#10268 = VERTEX_POINT('',#10267);
#10269 = CARTESIAN_POINT('',(104.12707498,4.70856313,0.00000000));
#10270 = VERTEX_POINT('',#10269);
#10271 = CARTESIAN_POINT('',(104.12707498,4.70856313,1.50000000));
#10272 = VERTEX_POINT('',#10271);
#10273 = CARTESIAN_POINT('',(104.10515987,4.68664802,1.50000000));
#10274 = VERTEX_POINT('',#10273);
#10275 = CARTESIAN_POINT('',(104.10515987,4.68664802,0.00000000));
#10276 = DIRECTION('',(0.70710678,0.70710678,0.00000000));
#10277 = VECTOR('',#10276,0.03099265);
#10278 = LINE('',#10275,#10277);
#10279 = EDGE_CURVE('',#10268,#10270,#10278,.T.);
#10280 = CARTESIAN_POINT('',(104.12707498,4.70856313,0.00000000));
#10281 = DIRECTION('',(0.00000000,0.00000000,1.00000000));
#10282 = VECTOR('',#10281,1.50000000);
#10283 = LINE('',#10280,#10282);
#10284 = EDGE_CURVE('',#10270,#10272,#10283,.T.);
#10285 = CARTESIAN_POINT('',(104.12707498,4.70856313,1.50000000));
#10286 = DIRECTION('',(-0.70710678,-0.70710678,0.00000000));
#10287 = VECTOR('',#10286,0.03099265);
#10288 = LINE('',#10285,#10287);
#10289 = EDGE_CURVE('',#10272,#10274,#10288,.T.);
#10290 = CARTESIAN_POINT('',(104.10515987,4.68664802,1.50000000));
#10291 = DIRECTION('',(0.00000000,0.00000000,-1.00000000));
#10292 = VECTOR('',#10291,1.50000000);
#10293 = LINE('',#10290,#10292);
#10294 = EDGE_CURVE('',#10274,#10268,#10293,.T.);
#10295 = ORIENTED_EDGE('',*,*,#10279,.T.);
#10296 = ORIENTED_EDGE('',*,*,#10284,.T.);
#10297 = ORIENTED_EDGE('',*,*,#10289,.T.);
#10298 = ORIENTED_EDGE('',*,*,#10294,.T.);
#10299 = EDGE_LOOP('',(#10295,#10296,#10297,#10298));
#10300 = FACE_OUTER_BOUND('',#10299,.T.);
#10301 = CARTESIAN_POINT('',(104.10515987,4.68664802,0.00000000));
#10302 = DIRECTION('',(0.70710678,-0.70710678,0.00000000));
#10303 = DIRECTION('',(0.70710678,0.70710678,0.00000000));
#10304 = AXIS2_PLACEMENT_3D('',#10301,#10302,#10303);
#10305 = PLANE('',#10304);
#10306 = ADVANCED_FACE('',(#10300),#10305,.T.);
#10307 = CARTESIAN_POINT('',(104.12707498,4.70856313,0.00000000));
#10308 = VERTEX_POINT('',#10307);
#10309 = CARTESIAN_POINT('',(104.15246270,4.72633974,0.00000000));
#10310 = VERTEX_POINT('',#10309);
#10311 = CARTESIAN_POINT('',(104.15246270,4.72633974,1.50000000));
#10312 = VERTEX_POINT('',#10311);
#10313 = CARTESIAN_POINT('',(104.12707498,4.70856313,1.50000000));
#10314 = VERTEX_POINT('',#10313);
#10315 = CARTESIAN_POINT('',(104.12707498,4.70856313,0.00000000));
#10316 = DIRECTION('',(0.81915306,0.57357499,0.00000000));
#10317 = VECTOR('',#10316,0.03099265);
#10318 = LINE('',#10315,#10317);
#10319 = EDGE_CURVE('',#10308,#10310,#10318,.T.);
#10320 = CARTESIAN_POINT('',(104.15246270,4.72633974,0.00000000));
#10321 = DIRECTION('',(0.00000000,0.00000000,1.00000000));
#10322 = VECTOR('',#10321,1.50000000);
#10323 = LINE('',#10320,#10322);
#10324 = EDGE_CURVE('',#10310,#10312,#10323,.T.);
#10325 = CARTESIAN_POINT('',(104.15246270,4.72633974,1.50000000));
#10326 = DIRECTION('',(-0.81915306,-0.57357499,0.00000000));
#10327 = VECTOR('',#10326,0.03099265);
#10328 = LINE('',#10325,#10327);
#10329 = EDGE_CURVE('',#10312,#10314,#10328,.T.);
#10330 = CARTESIAN_POINT('',(104.12707498,4.70856313,1.50000000));
#10331 = DIRECTION('',(0.00000000,0.00000000,-1.00000000));
#10332 = VECTOR('',#10331,1.50000000);
#10333 = LINE('',#10330,#10332);
#10334 = EDGE_CURVE('',#10314,#10308,#10333,.T.);
#10335 = ORIENTED_EDGE('',*,*,#10319,.T.);
#10336 = ORIENTED_EDGE('',*,*,#10324,.T.);
#10337 = ORIENTED_EDGE('',*,*,#10329,.T.);
#10338 = ORIENTED_EDGE('',*,*,#10334,.T.);
#10339 = EDGE_LOOP('',(#10335,#10336,#10337,#10338));
#10340 = FACE_OUTER_BOUND('',#10339,.T.);
#10341 = CARTESIAN_POINT('',(104.12707498,4.70856313,0.00000000));
#10342 = DIRECTION('',(0.57357499,-0.81915306,0.00000000));
#10343 = DIRECTION('',(0.81915306,0.57357499,0.00000000));
#10344 = AXIS2_PLACEMENT_3D('',#10341,#10342,#10343);
#10345 = PLANE('',#10344);
#10346 = ADVANCED_FACE('',(#10340),#10345,.T.);
#10347 = CARTESIAN_POINT('',(104.15246270,4.72633974,0.00000000));
#10348 = VERTEX_POINT('',#10347);
#10349 = CARTESIAN_POINT('',(104.18055163,4.73943770,0.00000000));
#10350 = VERTEX_POINT('',#10349);
#10351 = CARTESIAN_POINT('',(104.18055163,4.73943770,1.50000000));
#10352 = VERTEX_POINT('',#10351);
#10353 = CARTESIAN_POINT('',(104.15246270,4.72633974,1.50000000));
#10354 = VERTEX_POINT('',#10353);
#10355 = CARTESIAN_POINT('',(104.15246270,4.72633974,0.00000000));
#10356 = DIRECTION('',(0.90630928,0.42261506,0.00000000));
#10357 = VECTOR('',#10356,0.03099265);
#10358 = LINE('',#10355,#10357);
#10359 = EDGE_CURVE('',#10348,#10350,#10358,.T.);
#10360 = CARTESIAN_POINT('',(104.18055163,4.73943770,0.00000000));
#10361 = DIRECTION('',(0.00000000,0.00000000,1.00000000));
#10362 = VECTOR('',#10361,1.50000000);
#10363 = LINE('',#10360,#10362);
#10364 = EDGE_CURVE('',#10350,#10352,#10363,.T.);
#10365 = CARTESIAN_POINT('',(104.18055163,4.73943770,1.50000000));
#10366 = DIRECTION('',(-0.90630928,-0.42261506,0.00000000));
#10367 = VECTOR('',#10366,0.03099265);
#10368 = LINE('',#10365,#10367);
#10369 = EDGE_CURVE('',#10352,#10354,#10368,.T.);
#10370 = CARTESIAN_POINT('',(104.15246270,4.72633974,1.50000000));
#10371 = DIRECTION('',(0.00000000,0.00000000,-1.00000000));
#10372 = VECTOR('',#10371,1.50000000);
#10373 = LINE('',#10370,#10372);
#10374 = EDGE_CURVE('',#10354,#10348,#10373,.T.);
#10375 = ORIENTED_EDGE('',*,*,#10359,.T.);
#10376 = ORIENTED_EDGE('',*,*,#10364,.T.);
#10377 = ORIENTED_EDGE('',*,*,#10369,.T.);
#10378 = ORIENTED_EDGE('',*,*,#10374,.T.);
#10379 = EDGE_LOOP('',(#10375,#10376,#10377,#10378));
#10380 = FACE_OUTER_BOUND('',#10379,.T.);
#10381 = CARTESIAN_POINT('',(104.15246270,4.72633974,0.00000000));
#10382 = DIRECTION('',(0.42261506,-0.90630928,0.00000000));
#10383 = DIRECTION('',(0.90630928,0.42261506,0.00000000));
#10384 = AXIS2_PLACEMENT_3D('',#10381,#10382,#10383);
#10385 = PLANE('',#10384);
#10386 = ADVANCED_FACE('',(#10380),#10385,.T.);
#10387 = CARTESIAN_POINT('',(104.18055163,4.73943770,0.00000000));
#10388 = VERTEX_POINT('',#10387);
#10389 = CARTESIAN_POINT('',(104.21048827,4.74745903,0.00000000));
#10390 = VERTEX_POINT('',#10389);
#10391 = CARTESIAN_POINT('',(104.21048827,4.74745903,1.50000000));
#10392 = VERTEX_POINT('',#10391);
#10393 = CARTESIAN_POINT('',(104.18055163,4.73943770,1.50000000));
#10394 = VERTEX_POINT('',#10393);
#10395 = CARTESIAN_POINT('',(104.18055163,4.73943770,0.00000000));
#10396 = DIRECTION('',(0.96592720,0.25881392,0.00000000));
#10397 = VECTOR('',#10396,0.03099265);
#10398 = LINE('',#10395,#10397);
#10399 = EDGE_CURVE('',#10388,#10390,#10398,.T.);
#10400 = CARTESIAN_POINT('',(104.21048827,4.74745903,0.00000000));
#10401 = DIRECTION('',(0.00000000,0.00000000,1.00000000));
#10402 = VECTOR('',#10401,1.50000000);
#10403 = LINE('',#10400,#10402);
#10404 = EDGE_CURVE('',#10390,#10392,#10403,.T.);
#10405 = CARTESIAN_POINT('',(104.21048827,4.74745903,1.50000000));
#10406 = DIRECTION('',(-0.96592720,-0.25881392,0.00000000));
#10407 = VECTOR('',#10406,0.03099265);
#10408 = LINE('',#10405,#10407);
#10409 = EDGE_CURVE('',#10392,#10394,#10408,.T.);
#10410 = CARTESIAN_POINT('',(104.18055163,4.73943770,1.50000000));
#10411 = DIRECTION('',(0.00000000,0.00000000,-1.00000000));
#10412 = VECTOR('',#10411,1.50000000);
#10413 = LINE('',#10410,#10412);
#10414 = EDGE_CURVE('',#10394,#10388,#10413,.T.);
#10415 = ORIENTED_EDGE('',*,*,#10399,.T.);
#10416 = ORIENTED_EDGE('',*,*,#10404,.T.);
#10417 = ORIENTED_EDGE('',*,*,#10409,.T.);
#10418 = ORIENTED_EDGE('',*,*,#10414,.T.);
#10419 = EDGE_LOOP('',(#10415,#10416,#10417,#10418));
#10420 = FACE_OUTER_BOUND('',#10419,.T.);
#10421 = CARTESIAN_POINT('',(104.18055163,4.73943770,0.00000000));
#10422 = DIRECTION('',(0.25881392,-0.96592720,0.00000000));
#10423 = DIRECTION('',(0.96592720,0.25881392,0.00000000));
#10424 = AXIS2_PLACEMENT_3D('',#10421,#10422,#10423);
#10425 = PLANE('',#10424);
#10426 = ADVANCED_FACE('',(#10420),#10425,.T.);
#10427 = CARTESIAN_POINT('',(104.21048827,4.74745903,0.00000000));
#10428 = VERTEX_POINT('',#10427);
#10429 = CARTESIAN_POINT('',(104.24136300,4.75016000,0.00000000));
#10430 = VERTEX_POINT('',#10429);
#10431 = CARTESIAN_POINT('',(104.24136300,4.75016000,1.50000000));
#10432 = VERTEX_POINT('',#10431);
#10433 = CARTESIAN_POINT('',(104.21048827,4.74745903,1.50000000));
#10434 = VERTEX_POINT('',#10433);
#10435 = CARTESIAN_POINT('',(104.21048827,4.74745903,0.00000000));
#10436 = DIRECTION('',(0.99619531,0.08714870,0.00000000));
#10437 = VECTOR('',#10436,0.03099265);
#10438 = LINE('',#10435,#10437);
#10439 = EDGE_CURVE('',#10428,#10430,#10438,.T.);
#10440 = CARTESIAN_POINT('',(104.24136300,4.75016000,0.00000000));
#10441 = DIRECTION('',(0.00000000,0.00000000,1.00000000));
#10442 = VECTOR('',#10441,1.50000000);
#10443 = LINE('',#10440,#10442);
#10444 = EDGE_CURVE('',#10430,#10432,#10443,.T.);
#10445 = CARTESIAN_POINT('',(104.24136300,4.75016000,1.50000000));
#10446 = DIRECTION('',(-0.99619531,-0.08714870,0.00000000));
#10447 = VECTOR('',#10446,0.03099265);
#10448 = LINE('',#10445,#10447);
#10449 = EDGE_CURVE('',#10432,#10434,#10448,.T.);
#10450 = CARTESIAN_POINT('',(104.21048827,4.74745903,1.50000000));
#10451 = DIRECTION('',(0.00000000,0.00000000,-1.00000000));
#10452 = VECTOR('',#10451,1.50000000);
#10453 = LINE('',#10450,#10452);
#10454 = EDGE_CURVE('',#10434,#10428,#10453,.T.);
#10455 = ORIENTED_EDGE('',*,*,#10439,.T.);
#10456 = ORIENTED_EDGE('',*,*,#10444,.T.);
#10457 = ORIENTED_EDGE('',*,*,#10449,.T.);
#10458 = ORIENTED_EDGE('',*,*,#10454,.T.);
#10459 = EDGE_LOOP('',(#10455,#10456,#10457,#10458));
#10460 = FACE_OUTER_BOUND('',#10459,.T.);
#10461 = CARTESIAN_POINT('',(104.21048827,4.74745903,0.00000000));
#10462 = DIRECTION('',(0.08714870,-0.99619531,0.00000000));
#10463 = DIRECTION('',(0.99619531,0.08714870,0.00000000));
#10464 = AXIS2_PLACEMENT_3D('',#10461,#10462,#10463);
#10465 = PLANE('',#10464);
#10466 = ADVANCED_FACE('',(#10460),#10465,.T.);
#10467 = CARTESIAN_POINT('',(104.24136300,4.75016000,0.00000000));
#10468 = VERTEX_POINT('',#10467);
#10469 = CARTESIAN_POINT('',(151.61236300,4.77556000,0.00000000));
#10470 = VERTEX_POINT('',#10469);
#10471 = CARTESIAN_POINT('',(151.61236300,4.77556000,1.50000000));
#10472 = VERTEX_POINT('',#10471);
#10473 = CARTESIAN_POINT('',(104.24136300,4.75016000,1.50000000));
#10474 = VERTEX_POINT('',#10473);
#10475 = CARTESIAN_POINT('',(104.24136300,4.75016000,0.00000000));
#10476 = DIRECTION('',(0.99999986,0.00053619,0.00000000));
#10477 = VECTOR('',#10476,47.37100681);
#10478 = LINE('',#10475,#10477);
#10479 = EDGE_CURVE('',#10468,#10470,#10478,.T.);
#10480 = CARTESIAN_POINT('',(151.61236300,4.77556000,0.00000000));
#10481 = DIRECTION('',(0.00000000,0.00000000,1.00000000));
#10482 = VECTOR('',#10481,1.50000000);
#10483 = LINE('',#10480,#10482);
#10484 = EDGE_CURVE('',#10470,#10472,#10483,.T.);
#10485 = CARTESIAN_POINT('',(151.61236300,4.77556000,1.50000000));
#10486 = DIRECTION('',(-0.99999986,-0.00053619,0.00000000));
#10487 = VECTOR('',#10486,47.37100681);
#10488 = LINE('',#10485,#10487);
#10489 = EDGE_CURVE('',#10472,#10474,#10488,.T.);
#10490 = CARTESIAN_POINT('',(104.24136300,4.75016000,1.50000000));
#10491 = DIRECTION('',(0.00000000,0.00000000,-1.00000000));
#10492 = VECTOR('',#10491,1.50000000);
#10493 = LINE('',#10490,#10492);
#10494 = EDGE_CURVE('',#10474,#10468,#10493,.T.);
#10495 = ORIENTED_EDGE('',*,*,#10479,.T.);
#10496 = ORIENTED_EDGE('',*,*,#10484,.T.);
#10497 = ORIENTED_EDGE('',*,*,#10489,.T.);
#10498 = ORIENTED_EDGE('',*,*,#10494,.T.);
#10499 = EDGE_LOOP('',(#10495,#10496,#10497,#10498));
#10500 = FACE_OUTER_BOUND('',#10499,.T.);
#10501 = CARTESIAN_POINT('',(104.24136300,4.75016000,0.00000000));
#10502 = DIRECTION('',(0.00053619,-0.99999986,0.00000000));
#10503 = DIRECTION('',(0.99999986,0.00053619,0.00000000));
#10504 = AXIS2_PLACEMENT_3D('',#10501,#10502,#10503);
#10505 = PLANE('',#10504);
#10506 = ADVANCED_FACE('',(#10500),#10505,.T.);
#10507 = CARTESIAN_POINT('',(151.61236300,4.77556000,0.00000000));
#10508 = VERTEX_POINT('',#10507);
#10509 = CARTESIAN_POINT('',(151.63882697,4.77787534,0.00000000));
#10510 = VERTEX_POINT('',#10509);
#10511 = CARTESIAN_POINT('',(151.63882697,4.77787534,1.50000000));
#10512 = VERTEX_POINT('',#10511);
#10513 = CARTESIAN_POINT('',(151.61236300,4.77556000,1.50000000));
#10514 = VERTEX_POINT('',#10513);
#10515 = CARTESIAN_POINT('',(151.61236300,4.77556000,0.00000000));
#10516 = DIRECTION('',(0.99619457,0.08715720,0.00000000));
#10517 = VECTOR('',#10516,0.02656506);
#10518 = LINE('',#10515,#10517);
#10519 = EDGE_CURVE('',#10508,#10510,#10518,.T.);
#10520 = CARTESIAN_POINT('',(151.63882697,4.77787534,0.00000000));
#10521 = DIRECTION('',(0.00000000,0.00000000,1.00000000));
#10522 = VECTOR('',#10521,1.50000000);
#10523 = LINE('',#10520,#10522);
#10524 = EDGE_CURVE('',#10510,#10512,#10523,.T.);
#10525 = CARTESIAN_POINT('',(151.63882697,4.77787534,1.50000000));
#10526 = DIRECTION('',(-0.99619457,-0.08715720,0.00000000));
#10527 = VECTOR('',#10526,0.02656506);
#10528 = LINE('',#10525,#10527);
#10529 = EDGE_CURVE('',#10512,#10514,#10528,.T.);
#10530 = CARTESIAN_POINT('',(151.61236300,4.77556000,1.50000000));
#10531 = DIRECTION('',(0.00000000,0.00000000,-1.00000000));
#10532 = VECTOR('',#10531,1.50000000);
#10533 = LINE('',#10530,#10532);
#10534 = EDGE_CURVE('',#10514,#10508,#10533,.T.);
#10535 = ORIENTED_EDGE('',*,*,#10519,.T.);
#10536 = ORIENTED_EDGE('',*,*,#10524,.T.);
#10537 = ORIENTED_EDGE('',*,*,#10529,.T.);
#10538 = ORIENTED_EDGE('',*,*,#10534,.T.);
#10539 = EDGE_LOOP('',(#10535,#10536,#10537,#10538));
#10540 = FACE_OUTER_BOUND('',#10539,.T.);
#10541 = CARTESIAN_POINT('',(151.61236300,4.77556000,0.00000000));
#10542 = DIRECTION('',(0.08715720,-0.99619457,0.00000000));
#10543 = DIRECTION('',(0.99619457,0.08715720,0.00000000));
#10544 = AXIS2_PLACEMENT_3D('',#10541,#10542,#10543);
#10545 = PLANE('',#10544);
#10546 = ADVANCED_FACE('',(#10540),#10545,.T.);
#10547 = CARTESIAN_POINT('',(151.63882697,4.77787534,0.00000000));
#10548 = VERTEX_POINT('',#10547);
#10549 = CARTESIAN_POINT('',(151.66448684,4.78475091,0.00000000));
#10550 = VERTEX_POINT('',#10549);
#10551 = CARTESIAN_POINT('',(151.66448684,4.78475091,1.50000000));
#10552 = VERTEX_POINT('',#10551);
#10553 = CARTESIAN_POINT('',(151.63882697,4.77787534,1.50000000));
#10554 = VERTEX_POINT('',#10553);
#10555 = CARTESIAN_POINT('',(151.63882697,4.77787534,0.00000000));
#10556 = DIRECTION('',(0.96592554,0.25882011,0.00000000));
#10557 = VECTOR('',#10556,0.02656506);
#10558 = LINE('',#10555,#10557);
#10559 = EDGE_CURVE('',#10548,#10550,#10558,.T.);
#10560 = CARTESIAN_POINT('',(151.66448684,4.78475091,0.00000000));
#10561 = DIRECTION('',(0.00000000,0.00000000,1.00000000));
#10562 = VECTOR('',#10561,1.50000000);
#10563 = LINE('',#10560,#10562);
#10564 = EDGE_CURVE('',#10550,#10552,#10563,.T.);
#10565 = CARTESIAN_POINT('',(151.66448684,4.78475091,1.50000000));
#10566 = DIRECTION('',(-0.96592554,-0.25882011,0.00000000));
#10567 = VECTOR('',#10566,0.02656506);
#10568 = LINE('',#10565,#10567);
#10569 = EDGE_CURVE('',#10552,#10554,#10568,.T.);
#10570 = CARTESIAN_POINT('',(151.63882697,4.77787534,1.50000000));
#10571 = DIRECTION('',(0.00000000,0.00000000,-1.00000000));
#10572 = VECTOR('',#10571,1.50000000);
#10573 = LINE('',#10570,#10572);
#10574 = EDGE_CURVE('',#10554,#10548,#10573,.T.);
#10575 = ORIENTED_EDGE('',*,*,#10559,.T.);
#10576 = ORIENTED_EDGE('',*,*,#10564,.T.);
#10577 = ORIENTED_EDGE('',*,*,#10569,.T.);
#10578 = ORIENTED_EDGE('',*,*,#10574,.T.);
#10579 = EDGE_LOOP('',(#10575,#10576,#10577,#10578));
#10580 = FACE_OUTER_BOUND('',#10579,.T.);
#10581 = CARTESIAN_POINT('',(151.63882697,4.77787534,0.00000000));
#10582 = DIRECTION('',(0.25882011,-0.96592554,0.00000000));
#10583 = DIRECTION('',(0.96592554,0.25882011,0.00000000));
#10584 = AXIS2_PLACEMENT_3D('',#10581,#10582,#10583);
#10585 = PLANE('',#10584);
#10586 = ADVANCED_FACE('',(#10580),#10585,.T.);
#10587 = CARTESIAN_POINT('',(151.66448684,4.78475091,0.00000000));
#10588 = VERTEX_POINT('',#10587);
#10589 = CARTESIAN_POINT('',(151.68856295,4.79597780,0.00000000));
#10590 = VERTEX_POINT('',#10589);
#10591 = CARTESIAN_POINT('',(151.68856295,4.79597780,1.50000000));
#10592 = VERTEX_POINT('',#10591);
#10593 = CARTESIAN_POINT('',(151.66448684,4.78475091,1.50000000));
#10594 = VERTEX_POINT('',#10593);
#10595 = CARTESIAN_POINT('',(151.66448684,4.78475091,0.00000000));
#10596 = DIRECTION('',(0.90630748,0.42261892,0.00000000));
#10597 = VECTOR('',#10596,0.02656506);
#10598 = LINE('',#10595,#10597);
#10599 = EDGE_CURVE('',#10588,#10590,#10598,.T.);
#10600 = CARTESIAN_POINT('',(151.68856295,4.79597780,0.00000000));
#10601 = DIRECTION('',(0.00000000,0.00000000,1.00000000));
#10602 = VECTOR('',#10601,1.50000000);
#10603 = LINE('',#10600,#10602);
#10604 = EDGE_CURVE('',#10590,#10592,#10603,.T.);
#10605 = CARTESIAN_POINT('',(151.68856295,4.79597780,1.50000000));
#10606 = DIRECTION('',(-0.90630748,-0.42261892,0.00000000));
#10607 = VECTOR('',#10606,0.02656506);
#10608 = LINE('',#10605,#10607);
#10609 = EDGE_CURVE('',#10592,#10594,#10608,.T.);
#10610 = CARTESIAN_POINT('',(151.66448684,4.78475091,1.50000000));
#10611 = DIRECTION('',(0.00000000,0.00000000,-1.00000000));
#10612 = VECTOR('',#10611,1.50000000);
#10613 = LINE('',#10610,#10612);
#10614 = EDGE_CURVE('',#10594,#10588,#10613,.T.);
#10615 = ORIENTED_EDGE('',*,*,#10599,.T.);
#10616 = ORIENTED_EDGE('',*,*,#10604,.T.);
#10617 = ORIENTED_EDGE('',*,*,#10609,.T.);
#10618 = ORIENTED_EDGE('',*,*,#10614,.T.);
#10619 = EDGE_LOOP('',(#10615,#10616,#10617,#10618));
#10620 = FACE_OUTER_BOUND('',#10619,.T.);
#10621 = CARTESIAN_POINT('',(151.66448684,4.78475091,0.00000000));
#10622 = DIRECTION('',(0.42261892,-0.90630748,0.00000000));
#10623 = DIRECTION('',(0.90630748,0.42261892,0.00000000));
#10624 = AXIS2_PLACEMENT_3D('',#10621,#10622,#10623);
#10625 = PLANE('',#10624);
#10626 = ADVANCED_FACE('',(#10620),#10625,.T.);
#10627 = CARTESIAN_POINT('',(151.68856295,4.79597780,0.00000000));
#10628 = VERTEX_POINT('',#10627);
#10629 = CARTESIAN_POINT('',(151.71032376,4.81121490,0.00000000));
#10630 = VERTEX_POINT('',#10629);
#10631 = CARTESIAN_POINT('',(151.71032376,4.81121490,1.50000000));
#10632 = VERTEX_POINT('',#10631);
#10633 = CARTESIAN_POINT('',(151.68856295,4.79597780,1.50000000));
#10634 = VERTEX_POINT('',#10633);
#10635 = CARTESIAN_POINT('',(151.68856295,4.79597780,0.00000000));
#10636 = DIRECTION('',(0.81915183,0.57357674,0.00000000));
#10637 = VECTOR('',#10636,0.02656506);
#10638 = LINE('',#10635,#10637);
#10639 = EDGE_CURVE('',#10628,#10630,#10638,.T.);
#10640 = CARTESIAN_POINT('',(151.71032376,4.81121490,0.00000000));
#10641 = DIRECTION('',(0.00000000,0.00000000,1.00000000));
#10642 = VECTOR('',#10641,1.50000000);
#10643 = LINE('',#10640,#10642);
#10644 = EDGE_CURVE('',#10630,#10632,#10643,.T.);
#10645 = CARTESIAN_POINT('',(151.71032376,4.81121490,1.50000000));
#10646 = DIRECTION('',(-0.81915183,-0.57357674,0.00000000));
#10647 = VECTOR('',#10646,0.02656506);
#10648 = LINE('',#10645,#10647);
#10649 = EDGE_CURVE('',#10632,#10634,#10648,.T.);
#10650 = CARTESIAN_POINT('',(151.68856295,4.79597780,1.50000000));
#10651 = DIRECTION('',(0.00000000,0.00000000,-1.00000000));
#10652 = VECTOR('',#10651,1.50000000);
#10653 = LINE('',#10650,#10652);
#10654 = EDGE_CURVE('',#10634,#10628,#10653,.T.);
#10655 = ORIENTED_EDGE('',*,*,#10639,.T.);
#10656 = ORIENTED_EDGE('',*,*,#10644,.T.);
#10657 = ORIENTED_EDGE('',*,*,#10649,.T.);
#10658 = ORIENTED_EDGE('',*,*,#10654,.T.);
#10659 = EDGE_LOOP('',(#10655,#10656,#10657,#10658));
#10660 = FACE_OUTER_BOUND('',#10659,.T.);
#10661 = CARTESIAN_POINT('',(151.68856295,4.79597780,0.00000000));
#10662 = DIRECTION('',(0.57357674,-0.81915183,0.00000000));
#10663 = DIRECTION('',(0.81915183,0.57357674,0.00000000));
#10664 = AXIS2_PLACEMENT_3D('',#10661,#10662,#10663);
#10665 = PLANE('',#10664);
#10666 = ADVANCED_FACE('',(#10660),#10665,.T.);
#10667 = CARTESIAN_POINT('',(151.71032376,4.81121490,0.00000000));
#10668 = VERTEX_POINT('',#10667);
#10669 = CARTESIAN_POINT('',(151.72910810,4.82999924,0.00000000));
#10670 = VERTEX_POINT('',#10669);
#10671 = CARTESIAN_POINT('',(151.72910810,4.82999924,1.50000000));
#10672 = VERTEX_POINT('',#10671);
#10673 = CARTESIAN_POINT('',(151.71032376,4.81121490,1.50000000));
#10674 = VERTEX_POINT('',#10673);
#10675 = CARTESIAN_POINT('',(151.71032376,4.81121490,0.00000000));
#10676 = DIRECTION('',(0.70710678,0.70710678,0.00000000));
#10677 = VECTOR('',#10676,0.02656506);
#10678 = LINE('',#10675,#10677);
#10679 = EDGE_CURVE('',#10668,#10670,#10678,.T.);
#10680 = CARTESIAN_POINT('',(151.72910810,4.82999924,0.00000000));
#10681 = DIRECTION('',(0.00000000,0.00000000,1.00000000));
#10682 = VECTOR('',#10681,1.50000000);
#10683 = LINE('',#10680,#10682);
#10684 = EDGE_CURVE('',#10670,#10672,#10683,.T.);
#10685 = CARTESIAN_POINT('',(151.72910810,4.82999924,1.50000000));
#10686 = DIRECTION('',(-0.70710678,-0.70710678,0.00000000));
#10687 = VECTOR('',#10686,0.02656506);
#10688 = LINE('',#10685,#10687);
#10689 = EDGE_CURVE('',#10672,#10674,#10688,.T.);
#10690 = CARTESIAN_POINT('',(151.71032376,4.81121490,1.50000000));
#10691 = DIRECTION('',(0.00000000,0.00000000,-1.00000000));
#10692 = VECTOR('',#10691,1.50000000);
#10693 = LINE('',#10690,#10692);
#10694 = EDGE_CURVE('',#10674,#10668,#10693,.T.);
#10695 = ORIENTED_EDGE('',*,*,#10679,.T.);
#10696 = ORIENTED_EDGE('',*,*,#10684,.T.);
#10697 = ORIENTED_EDGE('',*,*,#10689,.T.);
#10698 = ORIENTED_EDGE('',*,*,#10694,.T.);
#10699 = EDGE_LOOP('',(#10695,#10696,#10697,#10698));
#10700 = FACE_OUTER_BOUND('',#10699,.T.);
#10701 = CARTESIAN_POINT('',(151.71032376,4.81121490,0.00000000));
#10702 = DIRECTION('',(0.70710678,-0.70710678,0.00000000));
#10703 = DIRECTION('',(0.70710678,0.70710678,0.00000000));
#10704 = AXIS2_PLACEMENT_3D('',#10701,#10702,#10703);
#10705 = PLANE('',#10704);
#10706 = ADVANCED_FACE('',(#10700),#10705,.T.);
#10707 = CARTESIAN_POINT('',(151.72910810,4.82999924,0.00000000));
#10708 = VERTEX_POINT('',#10707);
#10709 = CARTESIAN_POINT('',(151.74434520,4.85176005,0.00000000));
#10710 = VERTEX_POINT('',#10709);
#10711 = CARTESIAN_POINT('',(151.74434520,4.85176005,1.50000000));
#10712 = VERTEX_POINT('',#10711);
#10713 = CARTESIAN_POINT('',(151.72910810,4.82999924,1.50000000));
#10714 = VERTEX_POINT('',#10713);
#10715 = CARTESIAN_POINT('',(151.72910810,4.82999924,0.00000000));
#10716 = DIRECTION('',(0.57357674,0.81915183,0.00000000));
#10717 = VECTOR('',#10716,0.02656506);
#10718 = LINE('',#10715,#10717);
#10719 = EDGE_CURVE('',#10708,#10710,#10718,.T.);
#10720 = CARTESIAN_POINT('',(151.74434520,4.85176005,0.00000000));
#10721 = DIRECTION('',(0.00000000,0.00000000,1.00000000));
#10722 = VECTOR('',#10721,1.50000000);
#10723 = LINE('',#10720,#10722);
#10724 = EDGE_CURVE('',#10710,#10712,#10723,.T.);
#10725 = CARTESIAN_POINT('',(151.74434520,4.85176005,1.50000000));
#10726 = DIRECTION('',(-0.57357674,-0.81915183,0.00000000));
#10727 = VECTOR('',#10726,0.02656506);
#10728 = LINE('',#10725,#10727);
#10729 = EDGE_CURVE('',#10712,#10714,#10728,.T.);
#10730 = CARTESIAN_POINT('',(151.72910810,4.82999924,1.50000000));
#10731 = DIRECTION('',(0.00000000,0.00000000,-1.00000000));
#10732 = VECTOR('',#10731,1.50000000);
#10733 = LINE('',#10730,#10732);
#10734 = EDGE_CURVE('',#10714,#10708,#10733,.T.);
#10735 = ORIENTED_EDGE('',*,*,#10719,.T.);
#10736 = ORIENTED_EDGE('',*,*,#10724,.T.);
#10737 = ORIENTED_EDGE('',*,*,#10729,.T.);
#10738 = ORIENTED_EDGE('',*,*,#10734,.T.);
#10739 = EDGE_LOOP('',(#10735,#10736,#10737,#10738));
#10740 = FACE_OUTER_BOUND('',#10739,.T.);
#10741 = CARTESIAN_POINT('',(151.72910810,4.82999924,0.00000000));
#10742 = DIRECTION('',(0.81915183,-0.57357674,0.00000000));
#10743 = DIRECTION('',(0.57357674,0.81915183,0.00000000));
#10744 = AXIS2_PLACEMENT_3D('',#10741,#10742,#10743);
#10745 = PLANE('',#10744);
#10746 = ADVANCED_FACE('',(#10740),#10745,.T.);
#10747 = CARTESIAN_POINT('',(151.74434520,4.85176005,0.00000000));
#10748 = VERTEX_POINT('',#10747);
#10749 = CARTESIAN_POINT('',(151.75557209,4.87583616,0.00000000));
#10750 = VERTEX_POINT('',#10749);
#10751 = CARTESIAN_POINT('',(151.75557209,4.87583616,1.50000000));
#10752 = VERTEX_POINT('',#10751);
#10753 = CARTESIAN_POINT('',(151.74434520,4.85176005,1.50000000));
#10754 = VERTEX_POINT('',#10753);
#10755 = CARTESIAN_POINT('',(151.74434520,4.85176005,0.00000000));
#10756 = DIRECTION('',(0.42261892,0.90630748,0.00000000));
#10757 = VECTOR('',#10756,0.02656506);
#10758 = LINE('',#10755,#10757);
#10759 = EDGE_CURVE('',#10748,#10750,#10758,.T.);
#10760 = CARTESIAN_POINT('',(151.75557209,4.87583616,0.00000000));
#10761 = DIRECTION('',(0.00000000,0.00000000,1.00000000));
#10762 = VECTOR('',#10761,1.50000000);
#10763 = LINE('',#10760,#10762);
#10764 = EDGE_CURVE('',#10750,#10752,#10763,.T.);
#10765 = CARTESIAN_POINT('',(151.75557209,4.87583616,1.50000000));
#10766 = DIRECTION('',(-0.42261892,-0.90630748,0.00000000));
#10767 = VECTOR('',#10766,0.02656506);
#10768 = LINE('',#10765,#10767);
#10769 = EDGE_CURVE('',#10752,#10754,#10768,.T.);
#10770 = CARTESIAN_POINT('',(151.74434520,4.85176005,1.50000000));
#10771 = DIRECTION('',(0.00000000,0.00000000,-1.00000000));
#10772 = VECTOR('',#10771,1.50000000);
#10773 = LINE('',#10770,#10772);
#10774 = EDGE_CURVE('',#10754,#10748,#10773,.T.);
#10775 = ORIENTED_EDGE('',*,*,#10759,.T.);
#10776 = ORIENTED_EDGE('',*,*,#10764,.T.);
#10777 = ORIENTED_EDGE('',*,*,#10769,.T.);
#10778 = ORIENTED_EDGE('',*,*,#10774,.T.);
#10779 = EDGE_LOOP('',(#10775,#10776,#10777,#10778));
#10780 = FACE_OUTER_BOUND('',#10779,.T.);
#10781 = CARTESIAN_POINT('',(151.74434520,4.85176005,0.00000000));
#10782 = DIRECTION('',(0.90630748,-0.42261892,0.00000000));
#10783 = DIRECTION('',(0.42261892,0.90630748,0.00000000));
#10784 = AXIS2_PLACEMENT_3D('',#10781,#10782,#10783);
#10785 = PLANE('',#10784);
#10786 = ADVANCED_FACE('',(#10780),#10785,.T.);
#10787 = CARTESIAN_POINT('',(151.75557209,4.87583616,0.00000000));
#10788 = VERTEX_POINT('',#10787);
#10789 = CARTESIAN_POINT('',(151.76244766,4.90149603,0.00000000));
#10790 = VERTEX_POINT('',#10789);
#10791 = CARTESIAN_POINT('',(151.76244766,4.90149603,1.50000000));
#10792 = VERTEX_POINT('',#10791);
#10793 = CARTESIAN_POINT('',(151.75557209,4.87583616,1.50000000));
#10794 = VERTEX_POINT('',#10793);
#10795 = CARTESIAN_POINT('',(151.75557209,4.87583616,0.00000000));
#10796 = DIRECTION('',(0.25882010,0.96592554,0.00000000));
#10797 = VECTOR('',#10796,0.02656506);
#10798 = LINE('',#10795,#10797);
#10799 = EDGE_CURVE('',#10788,#10790,#10798,.T.);
#10800 = CARTESIAN_POINT('',(151.76244766,4.90149603,0.00000000));
#10801 = DIRECTION('',(0.00000000,0.00000000,1.00000000));
#10802 = VECTOR('',#10801,1.50000000);
#10803 = LINE('',#10800,#10802);
#10804 = EDGE_CURVE('',#10790,#10792,#10803,.T.);
#10805 = CARTESIAN_POINT('',(151.76244766,4.90149603,1.50000000));
#10806 = DIRECTION('',(-0.25882010,-0.96592554,0.00000000));
#10807 = VECTOR('',#10806,0.02656506);
#10808 = LINE('',#10805,#10807);
#10809 = EDGE_CURVE('',#10792,#10794,#10808,.T.);
#10810 = CARTESIAN_POINT('',(151.75557209,4.87583616,1.50000000));
#10811 = DIRECTION('',(0.00000000,0.00000000,-1.00000000));
#10812 = VECTOR('',#10811,1.50000000);
#10813 = LINE('',#10810,#10812);
#10814 = EDGE_CURVE('',#10794,#10788,#10813,.T.);
#10815 = ORIENTED_EDGE('',*,*,#10799,.T.);
#10816 = ORIENTED_EDGE('',*,*,#10804,.T.);
#10817 = ORIENTED_EDGE('',*,*,#10809,.T.);
#10818 = ORIENTED_EDGE('',*,*,#10814,.T.);
#10819 = EDGE_LOOP('',(#10815,#10816,#10817,#10818));
#10820 = FACE_OUTER_BOUND('',#10819,.T.);
#10821 = CARTESIAN_POINT('',(151.75557209,4.87583616,0.00000000));
#10822 = DIRECTION('',(0.96592554,-0.25882010,0.00000000));
#10823 = DIRECTION('',(0.25882010,0.96592554,0.00000000));
#10824 = AXIS2_PLACEMENT_3D('',#10821,#10822,#10823);
#10825 = PLANE('',#10824);
#10826 = ADVANCED_FACE('',(#10820),#10825,.T.);
#10827 = CARTESIAN_POINT('',(151.76244766,4.90149603,0.00000000));
#10828 = VERTEX_POINT('',#10827);
#10829 = CARTESIAN_POINT('',(151.76476300,4.92796000,0.00000000));
#10830 = VERTEX_POINT('',#10829);
#10831 = CARTESIAN_POINT('',(151.76476300,4.92796000,1.50000000));
#10832 = VERTEX_POINT('',#10831);
#10833 = CARTESIAN_POINT('',(151.76244766,4.90149603,1.50000000));
#10834 = VERTEX_POINT('',#10833);
#10835 = CARTESIAN_POINT('',(151.76244766,4.90149603,0.00000000));
#10836 = DIRECTION('',(0.08715720,0.99619457,0.00000000));
#10837 = VECTOR('',#10836,0.02656506);
#10838 = LINE('',#10835,#10837);
#10839 = EDGE_CURVE('',#10828,#10830,#10838,.T.);
#10840 = CARTESIAN_POINT('',(151.76476300,4.92796000,0.00000000));
#10841 = DIRECTION('',(0.00000000,0.00000000,1.00000000));
#10842 = VECTOR('',#10841,1.50000000);
#10843 = LINE('',#10840,#10842);
#10844 = EDGE_CURVE('',#10830,#10832,#10843,.T.);
#10845 = CARTESIAN_POINT('',(151.76476300,4.92796000,1.50000000));
#10846 = DIRECTION('',(-0.08715720,-0.99619457,0.00000000));
#10847 = VECTOR('',#10846,0.02656506);
#10848 = LINE('',#10845,#10847);
#10849 = EDGE_CURVE('',#10832,#10834,#10848,.T.);
#10850 = CARTESIAN_POINT('',(151.76244766,4.90149603,1.50000000));
#10851 = DIRECTION('',(0.00000000,0.00000000,-1.00000000));
#10852 = VECTOR('',#10851,1.50000000);
#10853 = LINE('',#10850,#10852);
#10854 = EDGE_CURVE('',#10834,#10828,#10853,.T.);
#10855 = ORIENTED_EDGE('',*,*,#10839,.T.);
#10856 = ORIENTED_EDGE('',*,*,#10844,.T.);
#10857 = ORIENTED_EDGE('',*,*,#10849,.T.);
#10858 = ORIENTED_EDGE('',*,*,#10854,.T.);
#10859 = EDGE_LOOP('',(#10855,#10856,#10857,#10858));
#10860 = FACE_OUTER_BOUND('',#10859,.T.);
#10861 = CARTESIAN_POINT('',(151.76244766,4.90149603,0.00000000));
#10862 = DIRECTION('',(0.99619457,-0.08715720,0.00000000));
#10863 = DIRECTION('',(0.08715720,0.99619457,0.00000000));
#10864 = AXIS2_PLACEMENT_3D('',#10861,#10862,#10863);
#10865 = PLANE('',#10864);
#10866 = ADVANCED_FACE('',(#10860),#10865,.T.);
#10867 = CARTESIAN_POINT('',(151.76476300,4.92796000,0.00000000));
#10868 = VERTEX_POINT('',#10867);
#10869 = CARTESIAN_POINT('',(151.80286600,18.49156000,0.00000000));
#10870 = VERTEX_POINT('',#10869);
#10871 = CARTESIAN_POINT('',(151.80286600,18.49156000,1.50000000));
#10872 = VERTEX_POINT('',#10871);
#10873 = CARTESIAN_POINT('',(151.76476300,4.92796000,1.50000000));
#10874 = VERTEX_POINT('',#10873);
#10875 = CARTESIAN_POINT('',(151.76476300,4.92796000,0.00000000));
#10876 = DIRECTION('',(0.00280920,0.99999605,0.00000000));
#10877 = VECTOR('',#10876,13.56365352);
#10878 = LINE('',#10875,#10877);
#10879 = EDGE_CURVE('',#10868,#10870,#10878,.T.);
#10880 = CARTESIAN_POINT('',(151.80286600,18.49156000,0.00000000));
#10881 = DIRECTION('',(0.00000000,0.00000000,1.00000000));
#10882 = VECTOR('',#10881,1.50000000);
#10883 = LINE('',#10880,#10882);
#10884 = EDGE_CURVE('',#10870,#10872,#10883,.T.);
#10885 = CARTESIAN_POINT('',(151.80286600,18.49156000,1.50000000));
#10886 = DIRECTION('',(-0.00280920,-0.99999605,0.00000000));
#10887 = VECTOR('',#10886,13.56365352);
#10888 = LINE('',#10885,#10887);
#10889 = EDGE_CURVE('',#10872,#10874,#10888,.T.);
#10890 = CARTESIAN_POINT('',(151.76476300,4.92796000,1.50000000));
#10891 = DIRECTION('',(0.00000000,0.00000000,-1.00000000));
#10892 = VECTOR('',#10891,1.50000000);
#10893 = LINE('',#10890,#10892);
#10894 = EDGE_CURVE('',#10874,#10868,#10893,.T.);
#10895 = ORIENTED_EDGE('',*,*,#10879,.T.);
#10896 = ORIENTED_EDGE('',*,*,#10884,.T.);
#10897 = ORIENTED_EDGE('',*,*,#10889,.T.);
#10898 = ORIENTED_EDGE('',*,*,#10894,.T.);
#10899 = EDGE_LOOP('',(#10895,#10896,#10897,#10898));
#10900 = FACE_OUTER_BOUND('',#10899,.T.);
#10901 = CARTESIAN_POINT('',(151.76476300,4.92796000,0.00000000));
#10902 = DIRECTION('',(0.99999605,-0.00280920,0.00000000));
#10903 = DIRECTION('',(0.00280920,0.99999605,0.00000000));
#10904 = AXIS2_PLACEMENT_3D('',#10901,#10902,#10903);
#10905 = PLANE('',#10904);
#10906 = ADVANCED_FACE('',(#10900),#10905,.T.);
#10907 = CARTESIAN_POINT('',(151.80286600,18.49156000,0.00000000));
#10908 = VERTEX_POINT('',#10907);
#10909 = CARTESIAN_POINT('',(151.95451194,19.35160385,0.00000000));
#10910 = VERTEX_POINT('',#10909);
#10911 = CARTESIAN_POINT('',(151.95451194,19.35160385,1.50000000));
#10912 = VERTEX_POINT('',#10911);
#10913 = CARTESIAN_POINT('',(151.80286600,18.49156000,1.50000000));
#10914 = VERTEX_POINT('',#10913);
#10915 = CARTESIAN_POINT('',(151.80286600,18.49156000,0.00000000));
#10916 = DIRECTION('',(0.17364485,0.98480834,0.00000000));
#10917 = VECTOR('',#10916,0.87331089);
#10918 = LINE('',#10915,#10917);
#10919 = EDGE_CURVE('',#10908,#10910,#10918,.T.);
#10920 = CARTESIAN_POINT('',(151.95451194,19.35160385,0.00000000));
#10921 = DIRECTION('',(0.00000000,0.00000000,1.00000000));
#10922 = VECTOR('',#10921,1.50000000);
#10923 = LINE('',#10920,#10922);
#10924 = EDGE_CURVE('',#10910,#10912,#10923,.T.);
#10925 = CARTESIAN_POINT('',(151.95451194,19.35160385,1.50000000));
#10926 = DIRECTION('',(-0.17364485,-0.98480834,0.00000000));
#10927 = VECTOR('',#10926,0.87331089);
#10928 = LINE('',#10925,#10927);
#10929 = EDGE_CURVE('',#10912,#10914,#10928,.T.);
#10930 = CARTESIAN_POINT('',(151.80286600,18.49156000,1.50000000));
#10931 = DIRECTION('',(0.00000000,0.00000000,-1.00000000));
#10932 = VECTOR('',#10931,1.50000000);
#10933 = LINE('',#10930,#10932);
#10934 = EDGE_CURVE('',#10914,#10908,#10933,.T.);
#10935 = ORIENTED_EDGE('',*,*,#10919,.T.);
#10936 = ORIENTED_EDGE('',*,*,#10924,.T.);
#10937 = ORIENTED_EDGE('',*,*,#10929,.T.);
#10938 = ORIENTED_EDGE('',*,*,#10934,.T.);
#10939 = EDGE_LOOP('',(#10935,#10936,#10937,#10938));
#10940 = FACE_OUTER_BOUND('',#10939,.T.);
#10941 = CARTESIAN_POINT('',(151.80286600,18.49156000,0.00000000));
#10942 = DIRECTION('',(0.98480834,-0.17364485,0.00000000));
#10943 = DIRECTION('',(0.17364485,0.98480834,0.00000000));
#10944 = AXIS2_PLACEMENT_3D('',#10941,#10942,#10943);
#10945 = PLANE('',#10944);
#10946 = ADVANCED_FACE('',(#10940),#10945,.T.);
#10947 = CARTESIAN_POINT('',(151.95451194,19.35160385,0.00000000));
#10948 = VERTEX_POINT('',#10947);
#10949 = CARTESIAN_POINT('',(152.39116764,20.10791372,0.00000000));
#10950 = VERTEX_POINT('',#10949);
#10951 = CARTESIAN_POINT('',(152.39116764,20.10791372,1.50000000));
#10952 = VERTEX_POINT('',#10951);
#10953 = CARTESIAN_POINT('',(151.95451194,19.35160385,1.50000000));
#10954 = VERTEX_POINT('',#10953);
#10955 = CARTESIAN_POINT('',(151.95451194,19.35160385,0.00000000));
#10956 = DIRECTION('',(0.50000000,0.86602540,0.00000000));
#10957 = VECTOR('',#10956,0.87331142);
#10958 = LINE('',#10955,#10957);
#10959 = EDGE_CURVE('',#10948,#10950,#10958,.T.);
#10960 = CARTESIAN_POINT('',(152.39116764,20.10791372,0.00000000));
#10961 = DIRECTION('',(0.00000000,0.00000000,1.00000000));
#10962 = VECTOR('',#10961,1.50000000);
#10963 = LINE('',#10960,#10962);
#10964 = EDGE_CURVE('',#10950,#10952,#10963,.T.);
#10965 = CARTESIAN_POINT('',(152.39116764,20.10791372,1.50000000));
#10966 = DIRECTION('',(-0.50000000,-0.86602540,0.00000000));
#10967 = VECTOR('',#10966,0.87331142);
#10968 = LINE('',#10965,#10967);
#10969 = EDGE_CURVE('',#10952,#10954,#10968,.T.);
#10970 = CARTESIAN_POINT('',(151.95451194,19.35160385,1.50000000));
#10971 = DIRECTION('',(0.00000000,0.00000000,-1.00000000));
#10972 = VECTOR('',#10971,1.50000000);
#10973 = LINE('',#10970,#10972);
#10974 = EDGE_CURVE('',#10954,#10948,#10973,.T.);
#10975 = ORIENTED_EDGE('',*,*,#10959,.T.);
#10976 = ORIENTED_EDGE('',*,*,#10964,.T.);
#10977 = ORIENTED_EDGE('',*,*,#10969,.T.);
#10978 = ORIENTED_EDGE('',*,*,#10974,.T.);
#10979 = EDGE_LOOP('',(#10975,#10976,#10977,#10978));
#10980 = FACE_OUTER_BOUND('',#10979,.T.);
#10981 = CARTESIAN_POINT('',(151.95451194,19.35160385,0.00000000));
#10982 = DIRECTION('',(0.86602540,-0.50000000,0.00000000));
#10983 = DIRECTION('',(0.50000000,0.86602540,0.00000000));
#10984 = AXIS2_PLACEMENT_3D('',#10981,#10982,#10983);
#10985 = PLANE('',#10984);
#10986 = ADVANCED_FACE('',(#10980),#10985,.T.);
#10987 = CARTESIAN_POINT('',(152.39116764,20.10791372,0.00000000));
#10988 = VERTEX_POINT('',#10987);
#10989 = CARTESIAN_POINT('',(153.06016300,20.66926748,0.00000000));
#10990 = VERTEX_POINT('',#10989);
#10991 = CARTESIAN_POINT('',(153.06016300,20.66926748,1.50000000));
#10992 = VERTEX_POINT('',#10991);
#10993 = CARTESIAN_POINT('',(152.39116764,20.10791372,1.50000000));
#10994 = VERTEX_POINT('',#10993);
#10995 = CARTESIAN_POINT('',(152.39116764,20.10791372,0.00000000));
#10996 = DIRECTION('',(0.76604444,0.64278761,0.00000000));
#10997 = VECTOR('',#10996,0.87331142);
#10998 = LINE('',#10995,#10997);
#10999 = EDGE_CURVE('',#10988,#10990,#10998,.T.);
#11000 = CARTESIAN_POINT('',(153.06016300,20.66926748,0.00000000));
#11001 = DIRECTION('',(0.00000000,0.00000000,1.00000000));
#11002 = VECTOR('',#11001,1.50000000);
#11003 = LINE('',#11000,#11002);
#11004 = EDGE_CURVE('',#10990,#10992,#11003,.T.);
#11005 = CARTESIAN_POINT('',(153.06016300,20.66926748,1.50000000));
#11006 = DIRECTION('',(-0.76604444,-0.64278761,0.00000000));
#11007 = VECTOR('',#11006,0.87331142);
#11008 = LINE('',#11005,#11007);
#11009 = EDGE_CURVE('',#10992,#10994,#11008,.T.);
#11010 = CARTESIAN_POINT('',(152.39116764,20.10791372,1.50000000));
#11011 = DIRECTION('',(0.00000000,0.00000000,-1.00000000));
#11012 = VECTOR('',#11011,1.50000000);
#11013 = LINE('',#11010,#11012);
#11014 = EDGE_CURVE('',#10994,#10988,#11013,.T.);
#11015 = ORIENTED_EDGE('',*,*,#10999,.T.);
#11016 = ORIENTED_EDGE('',*,*,#11004,.T.);
#11017 = ORIENTED_EDGE('',*,*,#11009,.T.);
#11018 = ORIENTED_EDGE('',*,*,#11014,.T.);
#11019 = EDGE_LOOP('',(#11015,#11016,#11017,#11018));
#11020 = FACE_OUTER_BOUND('',#11019,.T.);
#11021 = CARTESIAN_POINT('',(152.39116764,20.10791372,0.00000000));
#11022 = DIRECTION('',(0.64278761,-0.76604444,0.00000000));
#11023 = DIRECTION('',(0.76604444,0.64278761,0.00000000));
#11024 = AXIS2_PLACEMENT_3D('',#11021,#11022,#11023);
#11025 = PLANE('',#11024);
#11026 = ADVANCED_FACE('',(#11020),#11025,.T.);
#11027 = CARTESIAN_POINT('',(153.06016300,20.66926748,0.00000000));
#11028 = VERTEX_POINT('',#11027);
#11029 = CARTESIAN_POINT('',(153.88080729,20.96795758,0.00000000));
#11030 = VERTEX_POINT('',#11029);
#11031 = CARTESIAN_POINT('',(153.88080729,20.96795758,1.50000000));
#11032 = VERTEX_POINT('',#11031);
#11033 = CARTESIAN_POINT('',(153.06016300,20.66926748,1.50000000));
#11034 = VERTEX_POINT('',#11033);
#11035 = CARTESIAN_POINT('',(153.06016300,20.66926748,0.00000000));
#11036 = DIRECTION('',(0.93969262,0.34202014,0.00000000));
#11037 = VECTOR('',#11036,0.87331142);
#11038 = LINE('',#11035,#11037);
#11039 = EDGE_CURVE('',#11028,#11030,#11038,.T.);
#11040 = CARTESIAN_POINT('',(153.88080729,20.96795758,0.00000000));
#11041 = DIRECTION('',(0.00000000,0.00000000,1.00000000));
#11042 = VECTOR('',#11041,1.50000000);
#11043 = LINE('',#11040,#11042);
#11044 = EDGE_CURVE('',#11030,#11032,#11043,.T.);
#11045 = CARTESIAN_POINT('',(153.88080729,20.96795758,1.50000000));
#11046 = DIRECTION('',(-0.93969262,-0.34202014,0.00000000));
#11047 = VECTOR('',#11046,0.87331142);
#11048 = LINE('',#11045,#11047);
#11049 = EDGE_CURVE('',#11032,#11034,#11048,.T.);
#11050 = CARTESIAN_POINT('',(153.06016300,20.66926748,1.50000000));
#11051 = DIRECTION('',(0.00000000,0.00000000,-1.00000000));
#11052 = VECTOR('',#11051,1.50000000);
#11053 = LINE('',#11050,#11052);
#11054 = EDGE_CURVE('',#11034,#11028,#11053,.T.);
#11055 = ORIENTED_EDGE('',*,*,#11039,.T.);
#11056 = ORIENTED_EDGE('',*,*,#11044,.T.);
#11057 = ORIENTED_EDGE('',*,*,#11049,.T.);
#11058 = ORIENTED_EDGE('',*,*,#11054,.T.);
#11059 = EDGE_LOOP('',(#11055,#11056,#11057,#11058));
#11060 = FACE_OUTER_BOUND('',#11059,.T.);
#11061 = CARTESIAN_POINT('',(153.06016300,20.66926748,0.00000000));
#11062 = DIRECTION('',(0.34202014,-0.93969262,0.00000000));
#11063 = DIRECTION('',(0.93969262,0.34202014,0.00000000));
#11064 = AXIS2_PLACEMENT_3D('',#11061,#11062,#11063);
#11065 = PLANE('',#11064);
#11066 = ADVANCED_FACE('',(#11060),#11065,.T.);
#11067 = CARTESIAN_POINT('',(153.88080729,20.96795758,0.00000000));
#11068 = VERTEX_POINT('',#11067);
#11069 = CARTESIAN_POINT('',(154.28666300,20.96795758,0.00000000));
#11070 = VERTEX_POINT('',#11069);
#11071 = CARTESIAN_POINT('',(154.28666300,20.96795758,1.50000000));
#11072 = VERTEX_POINT('',#11071);
#11073 = CARTESIAN_POINT('',(153.88080729,20.96795758,1.50000000));
#11074 = VERTEX_POINT('',#11073);
#11075 = CARTESIAN_POINT('',(153.88080729,20.96795758,0.00000000));
#11076 = DIRECTION('',(1.00000000,0.00000000,0.00000000));
#11077 = VECTOR('',#11076,0.40585571);
#11078 = LINE('',#11075,#11077);
#11079 = EDGE_CURVE('',#11068,#11070,#11078,.T.);
#11080 = CARTESIAN_POINT('',(154.28666300,20.96795758,0.00000000));
#11081 = DIRECTION('',(0.00000000,0.00000000,1.00000000));
#11082 = VECTOR('',#11081,1.50000000);
#11083 = LINE('',#11080,#11082);
#11084 = EDGE_CURVE('',#11070,#11072,#11083,.T.);
#11085 = CARTESIAN_POINT('',(154.28666300,20.96795758,1.50000000));
#11086 = DIRECTION('',(-1.00000000,-0.00000000,0.00000000));
#11087 = VECTOR('',#11086,0.40585571);
#11088 = LINE('',#11085,#11087);
#11089 = EDGE_CURVE('',#11072,#11074,#11088,.T.);
#11090 = CARTESIAN_POINT('',(153.88080729,20.96795758,1.50000000));
#11091 = DIRECTION('',(0.00000000,0.00000000,-1.00000000));
#11092 = VECTOR('',#11091,1.50000000);
#11093 = LINE('',#11090,#11092);
#11094 = EDGE_CURVE('',#11074,#11068,#11093,.T.);
#11095 = ORIENTED_EDGE('',*,*,#11079,.T.);
#11096 = ORIENTED_EDGE('',*,*,#11084,.T.);
#11097 = ORIENTED_EDGE('',*,*,#11089,.T.);
#11098 = ORIENTED_EDGE('',*,*,#11094,.T.);
#11099 = EDGE_LOOP('',(#11095,#11096,#11097,#11098));
#11100 = FACE_OUTER_BOUND('',#11099,.T.);
#11101 = CARTESIAN_POINT('',(153.88080729,20.96795758,0.00000000));
#11102 = DIRECTION('',(0.00000000,-1.00000000,0.00000000));
#11103 = DIRECTION('',(1.00000000,0.00000000,0.00000000));
#11104 = AXIS2_PLACEMENT_3D('',#11101,#11102,#11103);
#11105 = PLANE('',#11104);
#11106 = ADVANCED_FACE('',(#11100),#11105,.T.);
#11107 = CARTESIAN_POINT('',(154.28666300,20.96795758,0.00000000));
#11108 = VERTEX_POINT('',#11107);
#11109 = CARTESIAN_POINT('',(154.75411871,20.96795758,0.00000000));
#11110 = VERTEX_POINT('',#11109);
#11111 = CARTESIAN_POINT('',(154.75411871,20.96795758,1.50000000));
#11112 = VERTEX_POINT('',#11111);
#11113 = CARTESIAN_POINT('',(154.28666300,20.96795758,1.50000000));
#11114 = VERTEX_POINT('',#11113);
#11115 = CARTESIAN_POINT('',(154.28666300,20.96795758,0.00000000));
#11116 = DIRECTION('',(1.00000000,0.00000000,0.00000000));
#11117 = VECTOR('',#11116,0.46745571);
#11118 = LINE('',#11115,#11117);
#11119 = EDGE_CURVE('',#11108,#11110,#11118,.T.);
#11120 = CARTESIAN_POINT('',(154.75411871,20.96795758,0.00000000));
#11121 = DIRECTION('',(0.00000000,0.00000000,1.00000000));
#11122 = VECTOR('',#11121,1.50000000);
#11123 = LINE('',#11120,#11122);
#11124 = EDGE_CURVE('',#11110,#11112,#11123,.T.);
#11125 = CARTESIAN_POINT('',(154.75411871,20.96795758,1.50000000));
#11126 = DIRECTION('',(-1.00000000,-0.00000000,0.00000000));
#11127 = VECTOR('',#11126,0.46745571);
#11128 = LINE('',#11125,#11127);
#11129 = EDGE_CURVE('',#11112,#11114,#11128,.T.);
#11130 = CARTESIAN_POINT('',(154.28666300,20.96795758,1.50000000));
#11131 = DIRECTION('',(0.00000000,0.00000000,-1.00000000));
#11132 = VECTOR('',#11131,1.50000000);
#11133 = LINE('',#11130,#11132);
#11134 = EDGE_CURVE('',#11114,#11108,#11133,.T.);
#11135 = ORIENTED_EDGE('',*,*,#11119,.T.);
#11136 = ORIENTED_EDGE('',*,*,#11124,.T.);
#11137 = ORIENTED_EDGE('',*,*,#11129,.T.);
#11138 = ORIENTED_EDGE('',*,*,#11134,.T.);
#11139 = EDGE_LOOP('',(#11135,#11136,#11137,#11138));
#11140 = FACE_OUTER_BOUND('',#11139,.T.);
#11141 = CARTESIAN_POINT('',(154.28666300,20.96795758,0.00000000));
#11142 = DIRECTION('',(0.00000000,-1.00000000,0.00000000));
#11143 = DIRECTION('',(1.00000000,0.00000000,0.00000000));
#11144 = AXIS2_PLACEMENT_3D('',#11141,#11142,#11143);
#11145 = PLANE('',#11144);
#11146 = ADVANCED_FACE('',(#11140),#11145,.T.);
#11147 = CARTESIAN_POINT('',(154.75411871,20.96795758,0.00000000));
#11148 = VERTEX_POINT('',#11147);
#11149 = CARTESIAN_POINT('',(154.73312937,52.31214831,0.00000000));
#11150 = VERTEX_POINT('',#11149);
#11151 = CARTESIAN_POINT('',(154.73312937,52.31214831,1.50000000));
#11152 = VERTEX_POINT('',#11151);
#11153 = CARTESIAN_POINT('',(154.75411871,20.96795758,1.50000000));
#11154 = VERTEX_POINT('',#11153);
#11155 = CARTESIAN_POINT('',(154.75411871,20.96795758,0.00000000));
#11156 = DIRECTION('',(-0.00066964,0.99999978,0.00000000));
#11157 = VECTOR('',#11156,31.34419776);
#11158 = LINE('',#11155,#11157);
#11159 = EDGE_CURVE('',#11148,#11150,#11158,.T.);
#11160 = CARTESIAN_POINT('',(154.73312937,52.31214831,0.00000000));
#11161 = DIRECTION('',(0.00000000,0.00000000,1.00000000));
#11162 = VECTOR('',#11161,1.50000000);
#11163 = LINE('',#11160,#11162);
#11164 = EDGE_CURVE('',#11150,#11152,#11163,.T.);
#11165 = CARTESIAN_POINT('',(154.73312937,52.31214831,1.50000000));
#11166 = DIRECTION('',(0.00066964,-0.99999978,0.00000000));
#11167 = VECTOR('',#11166,31.34419776);
#11168 = LINE('',#11165,#11167);
#11169 = EDGE_CURVE('',#11152,#11154,#11168,.T.);
#11170 = CARTESIAN_POINT('',(154.75411871,20.96795758,1.50000000));
#11171 = DIRECTION('',(0.00000000,0.00000000,-1.00000000));
#11172 = VECTOR('',#11171,1.50000000);
#11173 = LINE('',#11170,#11172);
#11174 = EDGE_CURVE('',#11154,#11148,#11173,.T.);
#11175 = ORIENTED_EDGE('',*,*,#11159,.T.);
#11176 = ORIENTED_EDGE('',*,*,#11164,.T.);
#11177 = ORIENTED_EDGE('',*,*,#11169,.T.);
#11178 = ORIENTED_EDGE('',*,*,#11174,.T.);
#11179 = EDGE_LOOP('',(#11175,#11176,#11177,#11178));
#11180 = FACE_OUTER_BOUND('',#11179,.T.);
#11181 = CARTESIAN_POINT('',(154.75411871,20.96795758,0.00000000));
#11182 = DIRECTION('',(0.99999978,0.00066964,0.00000000));
#11183 = DIRECTION('',(-0.00066964,0.99999978,0.00000000));
#11184 = AXIS2_PLACEMENT_3D('',#11181,#11182,#11183);
#11185 = PLANE('',#11184);
#11186 = ADVANCED_FACE('',(#11180),#11185,.T.);
#11187 = CARTESIAN_POINT('',(154.73312937,52.31214831,0.00000000));
#11188 = VERTEX_POINT('',#11187);
#11189 = CARTESIAN_POINT('',(154.28666300,52.31214831,0.00000000));
#11190 = VERTEX_POINT('',#11189);
#11191 = CARTESIAN_POINT('',(154.28666300,52.31214831,1.50000000));
#11192 = VERTEX_POINT('',#11191);
#11193 = CARTESIAN_POINT('',(154.73312937,52.31214831,1.50000000));
#11194 = VERTEX_POINT('',#11193);
#11195 = CARTESIAN_POINT('',(154.73312937,52.31214831,0.00000000));
#11196 = DIRECTION('',(-1.00000000,0.00000000,0.00000000));
#11197 = VECTOR('',#11196,0.44646637);
#11198 = LINE('',#11195,#11197);
#11199 = EDGE_CURVE('',#11188,#11190,#11198,.T.);
#11200 = CARTESIAN_POINT('',(154.28666300,52.31214831,0.00000000));
#11201 = DIRECTION('',(0.00000000,0.00000000,1.00000000));
#11202 = VECTOR('',#11201,1.50000000);
#11203 = LINE('',#11200,#11202);
#11204 = EDGE_CURVE('',#11190,#11192,#11203,.T.);
#11205 = CARTESIAN_POINT('',(154.28666300,52.31214831,1.50000000));
#11206 = DIRECTION('',(1.00000000,-0.00000000,0.00000000));
#11207 = VECTOR('',#11206,0.44646637);
#11208 = LINE('',#11205,#11207);
#11209 = EDGE_CURVE('',#11192,#11194,#11208,.T.);
#11210 = CARTESIAN_POINT('',(154.73312937,52.31214831,1.50000000));
#11211 = DIRECTION('',(0.00000000,0.00000000,-1.00000000));
#11212 = VECTOR('',#11211,1.50000000);
#11213 = LINE('',#11210,#11212);
#11214 = EDGE_CURVE('',#11194,#11188,#11213,.T.);
#11215 = ORIENTED_EDGE('',*,*,#11199,.T.);
#11216 = ORIENTED_EDGE('',*,*,#11204,.T.);
#11217 = ORIENTED_EDGE('',*,*,#11209,.T.);
#11218 = ORIENTED_EDGE('',*,*,#11214,.T.);
#11219 = EDGE_LOOP('',(#11215,#11216,#11217,#11218));
#11220 = FACE_OUTER_BOUND('',#11219,.T.);
#11221 = CARTESIAN_POINT('',(154.73312937,52.31214831,0.00000000));
#11222 = DIRECTION('',(0.00000000,1.00000000,0.00000000));
#11223 = DIRECTION('',(-1.00000000,0.00000000,0.00000000));
#11224 = AXIS2_PLACEMENT_3D('',#11221,#11222,#11223);
#11225 = PLANE('',#11224);
#11226 = ADVANCED_FACE('',(#11220),#11225,.T.);
#11227 = CARTESIAN_POINT('',(154.28666300,52.31214831,0.00000000));
#11228 = VERTEX_POINT('',#11227);
#11229 = CARTESIAN_POINT('',(153.85099663,52.31214831,0.00000000));
#11230 = VERTEX_POINT('',#11229);
#11231 = CARTESIAN_POINT('',(153.85099663,52.31214831,1.50000000));
#11232 = VERTEX_POINT('',#11231);
#11233 = CARTESIAN_POINT('',(154.28666300,52.31214831,1.50000000));
#11234 = VERTEX_POINT('',#11233);
#11235 = CARTESIAN_POINT('',(154.28666300,52.31214831,0.00000000));
#11236 = DIRECTION('',(-1.00000000,0.00000000,0.00000000));
#11237 = VECTOR('',#11236,0.43566637);
#11238 = LINE('',#11235,#11237);
#11239 = EDGE_CURVE('',#11228,#11230,#11238,.T.);
#11240 = CARTESIAN_POINT('',(153.85099663,52.31214831,0.00000000));
#11241 = DIRECTION('',(0.00000000,0.00000000,1.00000000));
#11242 = VECTOR('',#11241,1.50000000);
#11243 = LINE('',#11240,#11242);
#11244 = EDGE_CURVE('',#11230,#11232,#11243,.T.);
#11245 = CARTESIAN_POINT('',(153.85099663,52.31214831,1.50000000));
#11246 = DIRECTION('',(1.00000000,-0.00000000,0.00000000));
#11247 = VECTOR('',#11246,0.43566637);
#11248 = LINE('',#11245,#11247);
#11249 = EDGE_CURVE('',#11232,#11234,#11248,.T.);
#11250 = CARTESIAN_POINT('',(154.28666300,52.31214831,1.50000000));
#11251 = DIRECTION('',(0.00000000,0.00000000,-1.00000000));
#11252 = VECTOR('',#11251,1.50000000);
#11253 = LINE('',#11250,#11252);
#11254 = EDGE_CURVE('',#11234,#11228,#11253,.T.);
#11255 = ORIENTED_EDGE('',*,*,#11239,.T.);
#11256 = ORIENTED_EDGE('',*,*,#11244,.T.);
#11257 = ORIENTED_EDGE('',*,*,#11249,.T.);
#11258 = ORIENTED_EDGE('',*,*,#11254,.T.);
#11259 = EDGE_LOOP('',(#11255,#11256,#11257,#11258));
#11260 = FACE_OUTER_BOUND('',#11259,.T.);
#11261 = CARTESIAN_POINT('',(154.28666300,52.31214831,0.00000000));
#11262 = DIRECTION('',(0.00000000,1.00000000,0.00000000));
#11263 = DIRECTION('',(-1.00000000,0.00000000,0.00000000));
#11264 = AXIS2_PLACEMENT_3D('',#11261,#11262,#11263);
#11265 = PLANE('',#11264);
#11266 = ADVANCED_FACE('',(#11260),#11265,.T.);
#11267 = CARTESIAN_POINT('',(153.85099663,52.31214831,0.00000000));
#11268 = VERTEX_POINT('',#11267);
#11269 = CARTESIAN_POINT('',(153.02206300,52.61385547,0.00000000));
#11270 = VERTEX_POINT('',#11269);
#11271 = CARTESIAN_POINT('',(153.02206300,52.61385547,1.50000000));
#11272 = VERTEX_POINT('',#11271);
#11273 = CARTESIAN_POINT('',(153.85099663,52.31214831,1.50000000));
#11274 = VERTEX_POINT('',#11273);
#11275 = CARTESIAN_POINT('',(153.85099663,52.31214831,0.00000000));
#11276 = DIRECTION('',(-0.93969262,0.34202014,0.00000000));
#11277 = VECTOR('',#11276,0.88213274);
#11278 = LINE('',#11275,#11277);
#11279 = EDGE_CURVE('',#11268,#11270,#11278,.T.);
#11280 = CARTESIAN_POINT('',(153.02206300,52.61385547,0.00000000));
#11281 = DIRECTION('',(0.00000000,0.00000000,1.00000000));
#11282 = VECTOR('',#11281,1.50000000);
#11283 = LINE('',#11280,#11282);
#11284 = EDGE_CURVE('',#11270,#11272,#11283,.T.);
#11285 = CARTESIAN_POINT('',(153.02206300,52.61385547,1.50000000));
#11286 = DIRECTION('',(0.93969262,-0.34202014,0.00000000));
#11287 = VECTOR('',#11286,0.88213274);
#11288 = LINE('',#11285,#11287);
#11289 = EDGE_CURVE('',#11272,#11274,#11288,.T.);
#11290 = CARTESIAN_POINT('',(153.85099663,52.31214831,1.50000000));
#11291 = DIRECTION('',(0.00000000,0.00000000,-1.00000000));
#11292 = VECTOR('',#11291,1.50000000);
#11293 = LINE('',#11290,#11292);
#11294 = EDGE_CURVE('',#11274,#11268,#11293,.T.);
#11295 = ORIENTED_EDGE('',*,*,#11279,.T.);
#11296 = ORIENTED_EDGE('',*,*,#11284,.T.);
#11297 = ORIENTED_EDGE('',*,*,#11289,.T.);
#11298 = ORIENTED_EDGE('',*,*,#11294,.T.);
#11299 = EDGE_LOOP('',(#11295,#11296,#11297,#11298));
#11300 = FACE_OUTER_BOUND('',#11299,.T.);
#11301 = CARTESIAN_POINT('',(153.85099663,52.31214831,0.00000000));
#11302 = DIRECTION('',(0.34202014,0.93969262,0.00000000));
#11303 = DIRECTION('',(-0.93969262,0.34202014,0.00000000));
#11304 = AXIS2_PLACEMENT_3D('',#11301,#11302,#11303);
#11305 = PLANE('',#11304);
#11306 = ADVANCED_FACE('',(#11300),#11305,.T.);
#11307 = CARTESIAN_POINT('',(153.02206300,52.61385547,0.00000000));
#11308 = VERTEX_POINT('',#11307);
#11309 = CARTESIAN_POINT('',(152.34631011,53.18087947,0.00000000));
#11310 = VERTEX_POINT('',#11309);
#11311 = CARTESIAN_POINT('',(152.34631011,53.18087947,1.50000000));
#11312 = VERTEX_POINT('',#11311);
#11313 = CARTESIAN_POINT('',(153.02206300,52.61385547,1.50000000));
#11314 = VERTEX_POINT('',#11313);
#11315 = CARTESIAN_POINT('',(153.02206300,52.61385547,0.00000000));
#11316 = DIRECTION('',(-0.76604444,0.64278761,0.00000000));
#11317 = VECTOR('',#11316,0.88213274);
#11318 = LINE('',#11315,#11317);
#11319 = EDGE_CURVE('',#11308,#11310,#11318,.T.);
#11320 = CARTESIAN_POINT('',(152.34631011,53.18087947,0.00000000));
#11321 = DIRECTION('',(0.00000000,0.00000000,1.00000000));
#11322 = VECTOR('',#11321,1.50000000);
#11323 = LINE('',#11320,#11322);
#11324 = EDGE_CURVE('',#11310,#11312,#11323,.T.);
#11325 = CARTESIAN_POINT('',(152.34631011,53.18087947,1.50000000));
#11326 = DIRECTION('',(0.76604444,-0.64278761,0.00000000));
#11327 = VECTOR('',#11326,0.88213274);
#11328 = LINE('',#11325,#11327);
#11329 = EDGE_CURVE('',#11312,#11314,#11328,.T.);
#11330 = CARTESIAN_POINT('',(153.02206300,52.61385547,1.50000000));
#11331 = DIRECTION('',(0.00000000,0.00000000,-1.00000000));
#11332 = VECTOR('',#11331,1.50000000);
#11333 = LINE('',#11330,#11332);
#11334 = EDGE_CURVE('',#11314,#11308,#11333,.T.);
#11335 = ORIENTED_EDGE('',*,*,#11319,.T.);
#11336 = ORIENTED_EDGE('',*,*,#11324,.T.);
#11337 = ORIENTED_EDGE('',*,*,#11329,.T.);
#11338 = ORIENTED_EDGE('',*,*,#11334,.T.);
#11339 = EDGE_LOOP('',(#11335,#11336,#11337,#11338));
#11340 = FACE_OUTER_BOUND('',#11339,.T.);
#11341 = CARTESIAN_POINT('',(153.02206300,52.61385547,0.00000000));
#11342 = DIRECTION('',(0.64278761,0.76604444,0.00000000));
#11343 = DIRECTION('',(-0.76604444,0.64278761,0.00000000));
#11344 = AXIS2_PLACEMENT_3D('',#11341,#11342,#11343);
#11345 = PLANE('',#11344);
#11346 = ADVANCED_FACE('',(#11340),#11345,.T.);
#11347 = CARTESIAN_POINT('',(152.34631011,53.18087947,0.00000000));
#11348 = VERTEX_POINT('',#11347);
#11349 = CARTESIAN_POINT('',(151.90524374,53.94482884,0.00000000));
#11350 = VERTEX_POINT('',#11349);
#11351 = CARTESIAN_POINT('',(151.90524374,53.94482884,1.50000000));
#11352 = VERTEX_POINT('',#11351);
#11353 = CARTESIAN_POINT('',(152.34631011,53.18087947,1.50000000));
#11354 = VERTEX_POINT('',#11353);
#11355 = CARTESIAN_POINT('',(152.34631011,53.18087947,0.00000000));
#11356 = DIRECTION('',(-0.50000000,0.86602540,0.00000000));
#11357 = VECTOR('',#11356,0.88213274);
#11358 = LINE('',#11355,#11357);
#11359 = EDGE_CURVE('',#11348,#11350,#11358,.T.);
#11360 = CARTESIAN_POINT('',(151.90524374,53.94482884,0.00000000));
#11361 = DIRECTION('',(0.00000000,0.00000000,1.00000000));
#11362 = VECTOR('',#11361,1.50000000);
#11363 = LINE('',#11360,#11362);
#11364 = EDGE_CURVE('',#11350,#11352,#11363,.T.);
#11365 = CARTESIAN_POINT('',(151.90524374,53.94482884,1.50000000));
#11366 = DIRECTION('',(0.50000000,-0.86602540,0.00000000));
#11367 = VECTOR('',#11366,0.88213274);
#11368 = LINE('',#11365,#11367);
#11369 = EDGE_CURVE('',#11352,#11354,#11368,.T.);
#11370 = CARTESIAN_POINT('',(152.34631011,53.18087947,1.50000000));
#11371 = DIRECTION('',(0.00000000,0.00000000,-1.00000000));
#11372 = VECTOR('',#11371,1.50000000);
#11373 = LINE('',#11370,#11372);
#11374 = EDGE_CURVE('',#11354,#11348,#11373,.T.);
#11375 = ORIENTED_EDGE('',*,*,#11359,.T.);
#11376 = ORIENTED_EDGE('',*,*,#11364,.T.);
#11377 = ORIENTED_EDGE('',*,*,#11369,.T.);
#11378 = ORIENTED_EDGE('',*,*,#11374,.T.);
#11379 = EDGE_LOOP('',(#11375,#11376,#11377,#11378));
#11380 = FACE_OUTER_BOUND('',#11379,.T.);
#11381 = CARTESIAN_POINT('',(152.34631011,53.18087947,0.00000000));
#11382 = DIRECTION('',(0.86602540,0.50000000,0.00000000));
#11383 = DIRECTION('',(-0.50000000,0.86602540,0.00000000));
#11384 = AXIS2_PLACEMENT_3D('',#11381,#11382,#11383);
#11385 = PLANE('',#11384);
#11386 = ADVANCED_FACE('',(#11380),#11385,.T.);
#11387 = CARTESIAN_POINT('',(151.90524374,53.94482884,0.00000000));
#11388 = VERTEX_POINT('',#11387);
#11389 = CARTESIAN_POINT('',(151.75206300,54.81356000,0.00000000));
#11390 = VERTEX_POINT('',#11389);
#11391 = CARTESIAN_POINT('',(151.75206300,54.81356000,1.50000000));
#11392 = VERTEX_POINT('',#11391);
#11393 = CARTESIAN_POINT('',(151.90524374,53.94482884,1.50000000));
#11394 = VERTEX_POINT('',#11393);
#11395 = CARTESIAN_POINT('',(151.90524374,53.94482884,0.00000000));
#11396 = DIRECTION('',(-0.17364818,0.98480775,0.00000000));
#11397 = VECTOR('',#11396,0.88213274);
#11398 = LINE('',#11395,#11397);
#11399 = EDGE_CURVE('',#11388,#11390,#11398,.T.);
#11400 = CARTESIAN_POINT('',(151.75206300,54.81356000,0.00000000));
#11401 = DIRECTION('',(0.00000000,0.00000000,1.00000000));
#11402 = VECTOR('',#11401,1.50000000);
#11403 = LINE('',#11400,#11402);
#11404 = EDGE_CURVE('',#11390,#11392,#11403,.T.);
#11405 = CARTESIAN_POINT('',(151.75206300,54.81356000,1.50000000));
#11406 = DIRECTION('',(0.17364818,-0.98480775,0.00000000));
#11407 = VECTOR('',#11406,0.88213274);
#11408 = LINE('',#11405,#11407);
#11409 = EDGE_CURVE('',#11392,#11394,#11408,.T.);
#11410 = CARTESIAN_POINT('',(151.90524374,53.94482884,1.50000000));
#11411 = DIRECTION('',(0.00000000,0.00000000,-1.00000000));
#11412 = VECTOR('',#11411,1.50000000);
#11413 = LINE('',#11410,#11412);
#11414 = EDGE_CURVE('',#11394,#11388,#11413,.T.);
#11415 = ORIENTED_EDGE('',*,*,#11399,.T.);
#11416 = ORIENTED_EDGE('',*,*,#11404,.T.);
#11417 = ORIENTED_EDGE('',*,*,#11409,.T.);
#11418 = ORIENTED_EDGE('',*,*,#11414,.T.);
#11419 = EDGE_LOOP('',(#11415,#11416,#11417,#11418));
#11420 = FACE_OUTER_BOUND('',#11419,.T.);
#11421 = CARTESIAN_POINT('',(151.90524374,53.94482884,0.00000000));
#11422 = DIRECTION('',(0.98480775,0.17364818,0.00000000));
#11423 = DIRECTION('',(-0.17364818,0.98480775,0.00000000));
#11424 = AXIS2_PLACEMENT_3D('',#11421,#11422,#11423);
#11425 = PLANE('',#11424);
#11426 = ADVANCED_FACE('',(#11420),#11425,.T.);
#11427 = CARTESIAN_POINT('',(151.75206300,54.81356000,0.00000000));
#11428 = VERTEX_POINT('',#11427);
#11429 = CARTESIAN_POINT('',(151.76476300,60.07136000,0.00000000));
#11430 = VERTEX_POINT('',#11429);
#11431 = CARTESIAN_POINT('',(151.76476300,60.07136000,1.50000000));
#11432 = VERTEX_POINT('',#11431);
#11433 = CARTESIAN_POINT('',(151.75206300,54.81356000,1.50000000));
#11434 = VERTEX_POINT('',#11433);
#11435 = CARTESIAN_POINT('',(151.75206300,54.81356000,0.00000000));
#11436 = DIRECTION('',(0.00241545,0.99999708,0.00000000));
#11437 = VECTOR('',#11436,5.25781534);
#11438 = LINE('',#11435,#11437);
#11439 = EDGE_CURVE('',#11428,#11430,#11438,.T.);
#11440 = CARTESIAN_POINT('',(151.76476300,60.07136000,0.00000000));
#11441 = DIRECTION('',(0.00000000,0.00000000,1.00000000));
#11442 = VECTOR('',#11441,1.50000000);
#11443 = LINE('',#11440,#11442);
#11444 = EDGE_CURVE('',#11430,#11432,#11443,.T.);
#11445 = CARTESIAN_POINT('',(151.76476300,60.07136000,1.50000000));
#11446 = DIRECTION('',(-0.00241545,-0.99999708,0.00000000));
#11447 = VECTOR('',#11446,5.25781534);
#11448 = LINE('',#11445,#11447);
#11449 = EDGE_CURVE('',#11432,#11434,#11448,.T.);
#11450 = CARTESIAN_POINT('',(151.75206300,54.81356000,1.50000000));
#11451 = DIRECTION('',(0.00000000,0.00000000,-1.00000000));
#11452 = VECTOR('',#11451,1.50000000);
#11453 = LINE('',#11450,#11452);
#11454 = EDGE_CURVE('',#11434,#11428,#11453,.T.);
#11455 = ORIENTED_EDGE('',*,*,#11439,.T.);
#11456 = ORIENTED_EDGE('',*,*,#11444,.T.);
#11457 = ORIENTED_EDGE('',*,*,#11449,.T.);
#11458 = ORIENTED_EDGE('',*,*,#11454,.T.);
#11459 = EDGE_LOOP('',(#11455,#11456,#11457,#11458));
#11460 = FACE_OUTER_BOUND('',#11459,.T.);
#11461 = CARTESIAN_POINT('',(151.75206300,54.81356000,0.00000000));
#11462 = DIRECTION('',(0.99999708,-0.00241545,0.00000000));
#11463 = DIRECTION('',(0.00241545,0.99999708,0.00000000));
#11464 = AXIS2_PLACEMENT_3D('',#11461,#11462,#11463);
#11465 = PLANE('',#11464);
#11466 = ADVANCED_FACE('',(#11460),#11465,.T.);
#11467 = CARTESIAN_POINT('',(9.15626300,59.06016000,0.00000000));
#11468 = VERTEX_POINT('',#11467);
#11469 = CARTESIAN_POINT('',(22.95626300,59.06016000,0.00000000));
#11470 = VERTEX_POINT('',#11469);
#11471 = CARTESIAN_POINT('',(22.95626300,59.06016000,1.50000000));
#11472 = VERTEX_POINT('',#11471);
#11473 = CARTESIAN_POINT('',(9.15626300,59.06016000,1.50000000));
#11474 = VERTEX_POINT('',#11473);
#11475 = CARTESIAN_POINT('',(9.15626300,59.06016000,0.00000000));
#11476 = DIRECTION('',(1.00000000,0.00000000,0.00000000));
#11477 = VECTOR('',#11476,13.80000000);
#11478 = LINE('',#11475,#11477);
#11479 = EDGE_CURVE('',#11468,#11470,#11478,.T.);
#11480 = CARTESIAN_POINT('',(22.95626300,59.06016000,0.00000000));
#11481 = DIRECTION('',(0.00000000,0.00000000,1.00000000));
#11482 = VECTOR('',#11481,1.50000000);
#11483 = LINE('',#11480,#11482);
#11484 = EDGE_CURVE('',#11470,#11472,#11483,.T.);
#11485 = CARTESIAN_POINT('',(22.95626300,59.06016000,1.50000000));
#11486 = DIRECTION('',(-1.00000000,-0.00000000,0.00000000));
#11487 = VECTOR('',#11486,13.80000000);
#11488 = LINE('',#11485,#11487);
#11489 = EDGE_CURVE('',#11472,#11474,#11488,.T.);
#11490 = CARTESIAN_POINT('',(9.15626300,59.06016000,1.50000000));
#11491 = DIRECTION('',(0.00000000,0.00000000,-1.00000000));
#11492 = VECTOR('',#11491,1.50000000);
#11493 = LINE('',#11490,#11492);
#11494 = EDGE_CURVE('',#11474,#11468,#11493,.T.);
#11495 = ORIENTED_EDGE('',*,*,#11494,.F.);
#11496 = ORIENTED_EDGE('',*,*,#11489,.F.);
#11497 = ORIENTED_EDGE('',*,*,#11484,.F.);
#11498 = ORIENTED_EDGE('',*,*,#11479,.F.);
#11499 = EDGE_LOOP('',(#11495,#11496,#11497,#11498));
#11500 = FACE_OUTER_BOUND('',#11499,.T.);
#11501 = CARTESIAN_POINT('',(9.15626300,59.06016000,0.00000000));
#11502 = DIRECTION('',(-0.00000000,1.00000000,0.00000000));
#11503 = DIRECTION('',(1.00000000,0.00000000,0.00000000));
#11504 = AXIS2_PLACEMENT_3D('',#11501,#11502,#11503);
#11505 = PLANE('',#11504);
#11506 = ADVANCED_FACE('',(#11500),#11505,.T.);
#11507 = CARTESIAN_POINT('',(22.95626300,59.06016000,0.00000000));
#11508 = VERTEX_POINT('',#11507);
#11509 = CARTESIAN_POINT('',(22.95626300,45.26016000,0.00000000));
#11510 = VERTEX_POINT('',#11509);
#11511 = CARTESIAN_POINT('',(22.95626300,45.26016000,1.50000000));
#11512 = VERTEX_POINT('',#11511);
#11513 = CARTESIAN_POINT('',(22.95626300,59.06016000,1.50000000));
#11514 = VERTEX_POINT('',#11513);
#11515 = CARTESIAN_POINT('',(22.95626300,59.06016000,0.00000000));
#11516 = DIRECTION('',(0.00000000,-1.00000000,0.00000000));
#11517 = VECTOR('',#11516,13.80000000);
#11518 = LINE('',#11515,#11517);
#11519 = EDGE_CURVE('',#11508,#11510,#11518,.T.);
#11520 = CARTESIAN_POINT('',(22.95626300,45.26016000,0.00000000));
#11521 = DIRECTION('',(0.00000000,0.00000000,1.00000000));
#11522 = VECTOR('',#11521,1.50000000);
#11523 = LINE('',#11520,#11522);
#11524 = EDGE_CURVE('',#11510,#11512,#11523,.T.);
#11525 = CARTESIAN_POINT('',(22.95626300,45.26016000,1.50000000));
#11526 = DIRECTION('',(-0.00000000,1.00000000,0.00000000));
#11527 = VECTOR('',#11526,13.80000000);
#11528 = LINE('',#11525,#11527);
#11529 = EDGE_CURVE('',#11512,#11514,#11528,.T.);
#11530 = CARTESIAN_POINT('',(22.95626300,59.06016000,1.50000000));
#11531 = DIRECTION('',(0.00000000,0.00000000,-1.00000000));
#11532 = VECTOR('',#11531,1.50000000);
#11533 = LINE('',#11530,#11532);
#11534 = EDGE_CURVE('',#11514,#11508,#11533,.T.);
#11535 = ORIENTED_EDGE('',*,*,#11534,.F.);
#11536 = ORIENTED_EDGE('',*,*,#11529,.F.);
#11537 = ORIENTED_EDGE('',*,*,#11524,.F.);
#11538 = ORIENTED_EDGE('',*,*,#11519,.F.);
#11539 = EDGE_LOOP('',(#11535,#11536,#11537,#11538));
#11540 = FACE_OUTER_BOUND('',#11539,.T.);
#11541 = CARTESIAN_POINT('',(22.95626300,59.06016000,0.00000000));
#11542 = DIRECTION('',(1.00000000,0.00000000,0.00000000));
#11543 = DIRECTION('',(0.00000000,-1.00000000,0.00000000));
#11544 = AXIS2_PLACEMENT_3D('',#11541,#11542,#11543);
#11545 = PLANE('',#11544);
#11546 = ADVANCED_FACE('',(#11540),#11545,.T.);
#11547 = CARTESIAN_POINT('',(22.95626300,45.26016000,0.00000000));
#11548 = VERTEX_POINT('',#11547);
#11549 = CARTESIAN_POINT('',(9.15626300,45.26016000,0.00000000));
#11550 = VERTEX_POINT('',#11549);
#11551 = CARTESIAN_POINT('',(9.15626300,45.26016000,1.50000000));
#11552 = VERTEX_POINT('',#11551);
#11553 = CARTESIAN_POINT('',(22.95626300,45.26016000,1.50000000));
#11554 = VERTEX_POINT('',#11553);
#11555 = CARTESIAN_POINT('',(22.95626300,45.26016000,0.00000000));
#11556 = DIRECTION('',(-1.00000000,0.00000000,0.00000000));
#11557 = VECTOR('',#11556,13.80000000);
#11558 = LINE('',#11555,#11557);
#11559 = EDGE_CURVE('',#11548,#11550,#11558,.T.);
#11560 = CARTESIAN_POINT('',(9.15626300,45.26016000,0.00000000));
#11561 = DIRECTION('',(0.00000000,0.00000000,1.00000000));
#11562 = VECTOR('',#11561,1.50000000);
#11563 = LINE('',#11560,#11562);
#11564 = EDGE_CURVE('',#11550,#11552,#11563,.T.);
#11565 = CARTESIAN_POINT('',(9.15626300,45.26016000,1.50000000));
#11566 = DIRECTION('',(1.00000000,-0.00000000,0.00000000));
#11567 = VECTOR('',#11566,13.80000000);
#11568 = LINE('',#11565,#11567);
#11569 = EDGE_CURVE('',#11552,#11554,#11568,.T.);
#11570 = CARTESIAN_POINT('',(22.95626300,45.26016000,1.50000000));
#11571 = DIRECTION('',(0.00000000,0.00000000,-1.00000000));
#11572 = VECTOR('',#11571,1.50000000);
#11573 = LINE('',#11570,#11572);
#11574 = EDGE_CURVE('',#11554,#11548,#11573,.T.);
#11575 = ORIENTED_EDGE('',*,*,#11574,.F.);
#11576 = ORIENTED_EDGE('',*,*,#11569,.F.);
#11577 = ORIENTED_EDGE('',*,*,#11564,.F.);
#11578 = ORIENTED_EDGE('',*,*,#11559,.F.);
#11579 = EDGE_LOOP('',(#11575,#11576,#11577,#11578));
#11580 = FACE_OUTER_BOUND('',#11579,.T.);
#11581 = CARTESIAN_POINT('',(22.95626300,45.26016000,0.00000000));
#11582 = DIRECTION('',(-0.00000000,-1.00000000,0.00000000));
#11583 = DIRECTION('',(-1.00000000,0.00000000,0.00000000));
#11584 = AXIS2_PLACEMENT_3D('',#11581,#11582,#11583);
#11585 = PLANE('',#11584);
#11586 = ADVANCED_FACE('',(#11580),#11585,.T.);
#11587 = CARTESIAN_POINT('',(9.15626300,45.26016000,0.00000000));
#11588 = VERTEX_POINT('',#11587);
#11589 = CARTESIAN_POINT('',(9.15626300,59.06016000,0.00000000));
#11590 = VERTEX_POINT('',#11589);
#11591 = CARTESIAN_POINT('',(9.15626300,59.06016000,1.50000000));
#11592 = VERTEX_POINT('',#11591);
#11593 = CARTESIAN_POINT('',(9.15626300,45.26016000,1.50000000));
#11594 = VERTEX_POINT('',#11593);
#11595 = CARTESIAN_POINT('',(9.15626300,45.26016000,0.00000000));
#11596 = DIRECTION('',(0.00000000,1.00000000,0.00000000));
#11597 = VECTOR('',#11596,13.80000000);
#11598 = LINE('',#11595,#11597);
#11599 = EDGE_CURVE('',#11588,#11590,#11598,.T.);
#11600 = CARTESIAN_POINT('',(9.15626300,59.06016000,0.00000000));
#11601 = DIRECTION('',(0.00000000,0.00000000,1.00000000));
#11602 = VECTOR('',#11601,1.50000000);
#11603 = LINE('',#11600,#11602);
#11604 = EDGE_CURVE('',#11590,#11592,#11603,.T.);
#11605 = CARTESIAN_POINT('',(9.15626300,59.06016000,1.50000000));
#11606 = DIRECTION('',(-0.00000000,-1.00000000,0.00000000));
#11607 = VECTOR('',#11606,13.80000000);
#11608 = LINE('',#11605,#11607);
#11609 = EDGE_CURVE('',#11592,#11594,#11608,.T.);
#11610 = CARTESIAN_POINT('',(9.15626300,45.26016000,1.50000000));
#11611 = DIRECTION('',(0.00000000,0.00000000,-1.00000000));
#11612 = VECTOR('',#11611,1.50000000);
#11613 = LINE('',#11610,#11612);
#11614 = EDGE_CURVE('',#11594,#11588,#11613,.T.);
#11615 = ORIENTED_EDGE('',*,*,#11614,.F.);
#11616 = ORIENTED_EDGE('',*,*,#11609,.F.);
#11617 = ORIENTED_EDGE('',*,*,#11604,.F.);
#11618 = ORIENTED_EDGE('',*,*,#11599,.F.);
#11619 = EDGE_LOOP('',(#11615,#11616,#11617,#11618));
#11620 = FACE_OUTER_BOUND('',#11619,.T.);
#11621 = CARTESIAN_POINT('',(9.15626300,45.26016000,0.00000000));
#11622 = DIRECTION('',(-1.00000000,0.00000000,0.00000000));
#11623 = DIRECTION('',(0.00000000,1.00000000,0.00000000));
#11624 = AXIS2_PLACEMENT_3D('',#11621,#11622,#11623);
#11625 = PLANE('',#11624);
#11626 = ADVANCED_FACE('',(#11620),#11625,.T.);
#11627 = CARTESIAN_POINT('',(47.50656300,37.64156000,0.00000000));
#11628 = VERTEX_POINT('',#11627);
#11629 = CARTESIAN_POINT('',(61.30656300,37.64156000,0.00000000));
#11630 = VERTEX_POINT('',#11629);
#11631 = CARTESIAN_POINT('',(61.30656300,37.64156000,1.50000000));
#11632 = VERTEX_POINT('',#11631);
#11633 = CARTESIAN_POINT('',(47.50656300,37.64156000,1.50000000));
#11634 = VERTEX_POINT('',#11633);
#11635 = CARTESIAN_POINT('',(47.50656300,37.64156000,0.00000000));
#11636 = DIRECTION('',(1.00000000,0.00000000,0.00000000));
#11637 = VECTOR('',#11636,13.80000000);
#11638 = LINE('',#11635,#11637);
#11639 = EDGE_CURVE('',#11628,#11630,#11638,.T.);
#11640 = CARTESIAN_POINT('',(61.30656300,37.64156000,0.00000000));
#11641 = DIRECTION('',(0.00000000,0.00000000,1.00000000));
#11642 = VECTOR('',#11641,1.50000000);
#11643 = LINE('',#11640,#11642);
#11644 = EDGE_CURVE('',#11630,#11632,#11643,.T.);
#11645 = CARTESIAN_POINT('',(61.30656300,37.64156000,1.50000000));
#11646 = DIRECTION('',(-1.00000000,-0.00000000,0.00000000));
#11647 = VECTOR('',#11646,13.80000000);
#11648 = LINE('',#11645,#11647);
#11649 = EDGE_CURVE('',#11632,#11634,#11648,.T.);
#11650 = CARTESIAN_POINT('',(47.50656300,37.64156000,1.50000000));
#11651 = DIRECTION('',(0.00000000,0.00000000,-1.00000000));
#11652 = VECTOR('',#11651,1.50000000);
#11653 = LINE('',#11650,#11652);
#11654 = EDGE_CURVE('',#11634,#11628,#11653,.T.);
#11655 = ORIENTED_EDGE('',*,*,#11654,.F.);
#11656 = ORIENTED_EDGE('',*,*,#11649,.F.);
#11657 = ORIENTED_EDGE('',*,*,#11644,.F.);
#11658 = ORIENTED_EDGE('',*,*,#11639,.F.);
#11659 = EDGE_LOOP('',(#11655,#11656,#11657,#11658));
#11660 = FACE_OUTER_BOUND('',#11659,.T.);
#11661 = CARTESIAN_POINT('',(47.50656300,37.64156000,0.00000000));
#11662 = DIRECTION('',(-0.00000000,1.00000000,0.00000000));
#11663 = DIRECTION('',(1.00000000,0.00000000,0.00000000));
#11664 = AXIS2_PLACEMENT_3D('',#11661,#11662,#11663);
#11665 = PLANE('',#11664);
#11666 = ADVANCED_FACE('',(#11660),#11665,.T.);
#11667 = CARTESIAN_POINT('',(61.30656300,37.64156000,0.00000000));
#11668 = VERTEX_POINT('',#11667);
#11669 = CARTESIAN_POINT('',(61.30656300,23.84156000,0.00000000));
#11670 = VERTEX_POINT('',#11669);
#11671 = CARTESIAN_POINT('',(61.30656300,23.84156000,1.50000000));
#11672 = VERTEX_POINT('',#11671);
#11673 = CARTESIAN_POINT('',(61.30656300,37.64156000,1.50000000));
#11674 = VERTEX_POINT('',#11673);
#11675 = CARTESIAN_POINT('',(61.30656300,37.64156000,0.00000000));
#11676 = DIRECTION('',(0.00000000,-1.00000000,0.00000000));
#11677 = VECTOR('',#11676,13.80000000);
#11678 = LINE('',#11675,#11677);
#11679 = EDGE_CURVE('',#11668,#11670,#11678,.T.);
#11680 = CARTESIAN_POINT('',(61.30656300,23.84156000,0.00000000));
#11681 = DIRECTION('',(0.00000000,0.00000000,1.00000000));
#11682 = VECTOR('',#11681,1.50000000);
#11683 = LINE('',#11680,#11682);
#11684 = EDGE_CURVE('',#11670,#11672,#11683,.T.);
#11685 = CARTESIAN_POINT('',(61.30656300,23.84156000,1.50000000));
#11686 = DIRECTION('',(-0.00000000,1.00000000,0.00000000));
#11687 = VECTOR('',#11686,13.80000000);
#11688 = LINE('',#11685,#11687);
#11689 = EDGE_CURVE('',#11672,#11674,#11688,.T.);
#11690 = CARTESIAN_POINT('',(61.30656300,37.64156000,1.50000000));
#11691 = DIRECTION('',(0.00000000,0.00000000,-1.00000000));
#11692 = VECTOR('',#11691,1.50000000);
#11693 = LINE('',#11690,#11692);
#11694 = EDGE_CURVE('',#11674,#11668,#11693,.T.);
#11695 = ORIENTED_EDGE('',*,*,#11694,.F.);
#11696 = ORIENTED_EDGE('',*,*,#11689,.F.);
#11697 = ORIENTED_EDGE('',*,*,#11684,.F.);
#11698 = ORIENTED_EDGE('',*,*,#11679,.F.);
#11699 = EDGE_LOOP('',(#11695,#11696,#11697,#11698));
#11700 = FACE_OUTER_BOUND('',#11699,.T.);
#11701 = CARTESIAN_POINT('',(61.30656300,37.64156000,0.00000000));
#11702 = DIRECTION('',(1.00000000,0.00000000,0.00000000));
#11703 = DIRECTION('',(0.00000000,-1.00000000,0.00000000));
#11704 = AXIS2_PLACEMENT_3D('',#11701,#11702,#11703);
#11705 = PLANE('',#11704);
#11706 = ADVANCED_FACE('',(#11700),#11705,.T.);
#11707 = CARTESIAN_POINT('',(61.30656300,23.84156000,0.00000000));
#11708 = VERTEX_POINT('',#11707);
#11709 = CARTESIAN_POINT('',(47.50656300,23.84156000,0.00000000));
#11710 = VERTEX_POINT('',#11709);
#11711 = CARTESIAN_POINT('',(47.50656300,23.84156000,1.50000000));
#11712 = VERTEX_POINT('',#11711);
#11713 = CARTESIAN_POINT('',(61.30656300,23.84156000,1.50000000));
#11714 = VERTEX_POINT('',#11713);
#11715 = CARTESIAN_POINT('',(61.30656300,23.84156000,0.00000000));
#11716 = DIRECTION('',(-1.00000000,0.00000000,0.00000000));
#11717 = VECTOR('',#11716,13.80000000);
#11718 = LINE('',#11715,#11717);
#11719 = EDGE_CURVE('',#11708,#11710,#11718,.T.);
#11720 = CARTESIAN_POINT('',(47.50656300,23.84156000,0.00000000));
#11721 = DIRECTION('',(0.00000000,0.00000000,1.00000000));
#11722 = VECTOR('',#11721,1.50000000);
#11723 = LINE('',#11720,#11722);
#11724 = EDGE_CURVE('',#11710,#11712,#11723,.T.);
#11725 = CARTESIAN_POINT('',(47.50656300,23.84156000,1.50000000));
#11726 = DIRECTION('',(1.00000000,-0.00000000,0.00000000));
#11727 = VECTOR('',#11726,13.80000000);
#11728 = LINE('',#11725,#11727);
#11729 = EDGE_CURVE('',#11712,#11714,#11728,.T.);
#11730 = CARTESIAN_POINT('',(61.30656300,23.84156000,1.50000000));
#11731 = DIRECTION('',(0.00000000,0.00000000,-1.00000000));
#11732 = VECTOR('',#11731,1.50000000);
#11733 = LINE('',#11730,#11732);
#11734 = EDGE_CURVE('',#11714,#11708,#11733,.T.);
#11735 = ORIENTED_EDGE('',*,*,#11734,.F.);
#11736 = ORIENTED_EDGE('',*,*,#11729,.F.);
#11737 = ORIENTED_EDGE('',*,*,#11724,.F.);
#11738 = ORIENTED_EDGE('',*,*,#11719,.F.);
#11739 = EDGE_LOOP('',(#11735,#11736,#11737,#11738));
#11740 = FACE_OUTER_BOUND('',#11739,.T.);
#11741 = CARTESIAN_POINT('',(61.30656300,23.84156000,0.00000000));
#11742 = DIRECTION('',(-0.00000000,-1.00000000,0.00000000));
#11743 = DIRECTION('',(-1.00000000,0.00000000,0.00000000));
#11744 = AXIS2_PLACEMENT_3D('',#11741,#11742,#11743);
#11745 = PLANE('',#11744);
#11746 = ADVANCED_FACE('',(#11740),#11745,.T.);
#11747 = CARTESIAN_POINT('',(47.50656300,23.84156000,0.00000000));
#11748 = VERTEX_POINT('',#11747);
#11749 = CARTESIAN_POINT('',(47.50656300,37.64156000,0.00000000));
#11750 = VERTEX_POINT('',#11749);
#11751 = CARTESIAN_POINT('',(47.50656300,37.64156000,1.50000000));
#11752 = VERTEX_POINT('',#11751);
#11753 = CARTESIAN_POINT('',(47.50656300,23.84156000,1.50000000));
#11754 = VERTEX_POINT('',#11753);
#11755 = CARTESIAN_POINT('',(47.50656300,23.84156000,0.00000000));
#11756 = DIRECTION('',(0.00000000,1.00000000,0.00000000));
#11757 = VECTOR('',#11756,13.80000000);
#11758 = LINE('',#11755,#11757);
#11759 = EDGE_CURVE('',#11748,#11750,#11758,.T.);
#11760 = CARTESIAN_POINT('',(47.50656300,37.64156000,0.00000000));
#11761 = DIRECTION('',(0.00000000,0.00000000,1.00000000));
#11762 = VECTOR('',#11761,1.50000000);
#11763 = LINE('',#11760,#11762);
#11764 = EDGE_CURVE('',#11750,#11752,#11763,.T.);
#11765 = CARTESIAN_POINT('',(47.50656300,37.64156000,1.50000000));
#11766 = DIRECTION('',(-0.00000000,-1.00000000,0.00000000));
#11767 = VECTOR('',#11766,13.80000000);
#11768 = LINE('',#11765,#11767);
#11769 = EDGE_CURVE('',#11752,#11754,#11768,.T.);
#11770 = CARTESIAN_POINT('',(47.50656300,23.84156000,1.50000000));
#11771 = DIRECTION('',(0.00000000,0.00000000,-1.00000000));
#11772 = VECTOR('',#11771,1.50000000);
#11773 = LINE('',#11770,#11772);
#11774 = EDGE_CURVE('',#11754,#11748,#11773,.T.);
#11775 = ORIENTED_EDGE('',*,*,#11774,.F.);
#11776 = ORIENTED_EDGE('',*,*,#11769,.F.);
#11777 = ORIENTED_EDGE('',*,*,#11764,.F.);
#11778 = ORIENTED_EDGE('',*,*,#11759,.F.);
#11779 = EDGE_LOOP('',(#11775,#11776,#11777,#11778));
#11780 = FACE_OUTER_BOUND('',#11779,.T.);
#11781 = CARTESIAN_POINT('',(47.50656300,23.84156000,0.00000000));
#11782 = DIRECTION('',(-1.00000000,0.00000000,0.00000000));
#11783 = DIRECTION('',(0.00000000,1.00000000,0.00000000));
#11784 = AXIS2_PLACEMENT_3D('',#11781,#11782,#11783);
#11785 = PLANE('',#11784);
#11786 = ADVANCED_FACE('',(#11780),#11785,.T.);
#11787 = CARTESIAN_POINT('',(66.75356300,34.81416000,0.00000000));
#11788 = VERTEX_POINT('',#11787);
#11789 = CARTESIAN_POINT('',(80.55356300,34.81416000,0.00000000));
#11790 = VERTEX_POINT('',#11789);
#11791 = CARTESIAN_POINT('',(80.55356300,34.81416000,1.50000000));
#11792 = VERTEX_POINT('',#11791);
#11793 = CARTESIAN_POINT('',(66.75356300,34.81416000,1.50000000));
#11794 = VERTEX_POINT('',#11793);
#11795 = CARTESIAN_POINT('',(66.75356300,34.81416000,0.00000000));
#11796 = DIRECTION('',(1.00000000,0.00000000,0.00000000));
#11797 = VECTOR('',#11796,13.80000000);
#11798 = LINE('',#11795,#11797);
#11799 = EDGE_CURVE('',#11788,#11790,#11798,.T.);
#11800 = CARTESIAN_POINT('',(80.55356300,34.81416000,0.00000000));
#11801 = DIRECTION('',(0.00000000,0.00000000,1.00000000));
#11802 = VECTOR('',#11801,1.50000000);
#11803 = LINE('',#11800,#11802);
#11804 = EDGE_CURVE('',#11790,#11792,#11803,.T.);
#11805 = CARTESIAN_POINT('',(80.55356300,34.81416000,1.50000000));
#11806 = DIRECTION('',(-1.00000000,-0.00000000,0.00000000));
#11807 = VECTOR('',#11806,13.80000000);
#11808 = LINE('',#11805,#11807);
#11809 = EDGE_CURVE('',#11792,#11794,#11808,.T.);
#11810 = CARTESIAN_POINT('',(66.75356300,34.81416000,1.50000000));
#11811 = DIRECTION('',(0.00000000,0.00000000,-1.00000000));
#11812 = VECTOR('',#11811,1.50000000);
#11813 = LINE('',#11810,#11812);
#11814 = EDGE_CURVE('',#11794,#11788,#11813,.T.);
#11815 = ORIENTED_EDGE('',*,*,#11814,.F.);
#11816 = ORIENTED_EDGE('',*,*,#11809,.F.);
#11817 = ORIENTED_EDGE('',*,*,#11804,.F.);
#11818 = ORIENTED_EDGE('',*,*,#11799,.F.);
#11819 = EDGE_LOOP('',(#11815,#11816,#11817,#11818));
#11820 = FACE_OUTER_BOUND('',#11819,.T.);
#11821 = CARTESIAN_POINT('',(66.75356300,34.81416000,0.00000000));
#11822 = DIRECTION('',(-0.00000000,1.00000000,0.00000000));
#11823 = DIRECTION('',(1.00000000,0.00000000,0.00000000));
#11824 = AXIS2_PLACEMENT_3D('',#11821,#11822,#11823);
#11825 = PLANE('',#11824);
#11826 = ADVANCED_FACE('',(#11820),#11825,.T.);
#11827 = CARTESIAN_POINT('',(80.55356300,34.81416000,0.00000000));
#11828 = VERTEX_POINT('',#11827);
#11829 = CARTESIAN_POINT('',(80.55356300,21.01416000,0.00000000));
#11830 = VERTEX_POINT('',#11829);
#11831 = CARTESIAN_POINT('',(80.55356300,21.01416000,1.50000000));
#11832 = VERTEX_POINT('',#11831);
#11833 = CARTESIAN_POINT('',(80.55356300,34.81416000,1.50000000));
#11834 = VERTEX_POINT('',#11833);
#11835 = CARTESIAN_POINT('',(80.55356300,34.81416000,0.00000000));
#11836 = DIRECTION('',(0.00000000,-1.00000000,0.00000000));
#11837 = VECTOR('',#11836,13.80000000);
#11838 = LINE('',#11835,#11837);
#11839 = EDGE_CURVE('',#11828,#11830,#11838,.T.);
#11840 = CARTESIAN_POINT('',(80.55356300,21.01416000,0.00000000));
#11841 = DIRECTION('',(0.00000000,0.00000000,1.00000000));
#11842 = VECTOR('',#11841,1.50000000);
#11843 = LINE('',#11840,#11842);
#11844 = EDGE_CURVE('',#11830,#11832,#11843,.T.);
#11845 = CARTESIAN_POINT('',(80.55356300,21.01416000,1.50000000));
#11846 = DIRECTION('',(-0.00000000,1.00000000,0.00000000));
#11847 = VECTOR('',#11846,13.80000000);
#11848 = LINE('',#11845,#11847);
#11849 = EDGE_CURVE('',#11832,#11834,#11848,.T.);
#11850 = CARTESIAN_POINT('',(80.55356300,34.81416000,1.50000000));
#11851 = DIRECTION('',(0.00000000,0.00000000,-1.00000000));
#11852 = VECTOR('',#11851,1.50000000);
#11853 = LINE('',#11850,#11852);
#11854 = EDGE_CURVE('',#11834,#11828,#11853,.T.);
#11855 = ORIENTED_EDGE('',*,*,#11854,.F.);
#11856 = ORIENTED_EDGE('',*,*,#11849,.F.);
#11857 = ORIENTED_EDGE('',*,*,#11844,.F.);
#11858 = ORIENTED_EDGE('',*,*,#11839,.F.);
#11859 = EDGE_LOOP('',(#11855,#11856,#11857,#11858));
#11860 = FACE_OUTER_BOUND('',#11859,.T.);
#11861 = CARTESIAN_POINT('',(80.55356300,34.81416000,0.00000000));
#11862 = DIRECTION('',(1.00000000,0.00000000,0.00000000));
#11863 = DIRECTION('',(0.00000000,-1.00000000,0.00000000));
#11864 = AXIS2_PLACEMENT_3D('',#11861,#11862,#11863);
#11865 = PLANE('',#11864);
#11866 = ADVANCED_FACE('',(#11860),#11865,.T.);
#11867 = CARTESIAN_POINT('',(80.55356300,21.01416000,0.00000000));
#11868 = VERTEX_POINT('',#11867);
#11869 = CARTESIAN_POINT('',(66.75356300,21.01416000,0.00000000));
#11870 = VERTEX_POINT('',#11869);
#11871 = CARTESIAN_POINT('',(66.75356300,21.01416000,1.50000000));
#11872 = VERTEX_POINT('',#11871);
#11873 = CARTESIAN_POINT('',(80.55356300,21.01416000,1.50000000));
#11874 = VERTEX_POINT('',#11873);
#11875 = CARTESIAN_POINT('',(80.55356300,21.01416000,0.00000000));
#11876 = DIRECTION('',(-1.00000000,0.00000000,0.00000000));
#11877 = VECTOR('',#11876,13.80000000);
#11878 = LINE('',#11875,#11877);
#11879 = EDGE_CURVE('',#11868,#11870,#11878,.T.);
#11880 = CARTESIAN_POINT('',(66.75356300,21.01416000,0.00000000));
#11881 = DIRECTION('',(0.00000000,0.00000000,1.00000000));
#11882 = VECTOR('',#11881,1.50000000);
#11883 = LINE('',#11880,#11882);
#11884 = EDGE_CURVE('',#11870,#11872,#11883,.T.);
#11885 = CARTESIAN_POINT('',(66.75356300,21.01416000,1.50000000));
#11886 = DIRECTION('',(1.00000000,-0.00000000,0.00000000));
#11887 = VECTOR('',#11886,13.80000000);
#11888 = LINE('',#11885,#11887);
#11889 = EDGE_CURVE('',#11872,#11874,#11888,.T.);
#11890 = CARTESIAN_POINT('',(80.55356300,21.01416000,1.50000000));
#11891 = DIRECTION('',(0.00000000,0.00000000,-1.00000000));
#11892 = VECTOR('',#11891,1.50000000);
#11893 = LINE('',#11890,#11892);
#11894 = EDGE_CURVE('',#11874,#11868,#11893,.T.);
#11895 = ORIENTED_EDGE('',*,*,#11894,.F.);
#11896 = ORIENTED_EDGE('',*,*,#11889,.F.);
#11897 = ORIENTED_EDGE('',*,*,#11884,.F.);
#11898 = ORIENTED_EDGE('',*,*,#11879,.F.);
#11899 = EDGE_LOOP('',(#11895,#11896,#11897,#11898));
#11900 = FACE_OUTER_BOUND('',#11899,.T.);
#11901 = CARTESIAN_POINT('',(80.55356300,21.01416000,0.00000000));
#11902 = DIRECTION('',(-0.00000000,-1.00000000,0.00000000));
#11903 = DIRECTION('',(-1.00000000,0.00000000,0.00000000));
#11904 = AXIS2_PLACEMENT_3D('',#11901,#11902,#11903);
#11905 = PLANE('',#11904);
#11906 = ADVANCED_FACE('',(#11900),#11905,.T.);
#11907 = CARTESIAN_POINT('',(66.75356300,21.01416000,0.00000000));
#11908 = VERTEX_POINT('',#11907);
#11909 = CARTESIAN_POINT('',(66.75356300,34.81416000,0.00000000));
#11910 = VERTEX_POINT('',#11909);
#11911 = CARTESIAN_POINT('',(66.75356300,34.81416000,1.50000000));
#11912 = VERTEX_POINT('',#11911);
#11913 = CARTESIAN_POINT('',(66.75356300,21.01416000,1.50000000));
#11914 = VERTEX_POINT('',#11913);
#11915 = CARTESIAN_POINT('',(66.75356300,21.01416000,0.00000000));
#11916 = DIRECTION('',(0.00000000,1.00000000,0.00000000));
#11917 = VECTOR('',#11916,13.80000000);
#11918 = LINE('',#11915,#11917);
#11919 = EDGE_CURVE('',#11908,#11910,#11918,.T.);
#11920 = CARTESIAN_POINT('',(66.75356300,34.81416000,0.00000000));
#11921 = DIRECTION('',(0.00000000,0.00000000,1.00000000));
#11922 = VECTOR('',#11921,1.50000000);
#11923 = LINE('',#11920,#11922);
#11924 = EDGE_CURVE('',#11910,#11912,#11923,.T.);
#11925 = CARTESIAN_POINT('',(66.75356300,34.81416000,1.50000000));
#11926 = DIRECTION('',(-0.00000000,-1.00000000,0.00000000));
#11927 = VECTOR('',#11926,13.80000000);
#11928 = LINE('',#11925,#11927);
#11929 = EDGE_CURVE('',#11912,#11914,#11928,.T.);
#11930 = CARTESIAN_POINT('',(66.75356300,21.01416000,1.50000000));
#11931 = DIRECTION('',(0.00000000,0.00000000,-1.00000000));
#11932 = VECTOR('',#11931,1.50000000);
#11933 = LINE('',#11930,#11932);
#11934 = EDGE_CURVE('',#11914,#11908,#11933,.T.);
#11935 = ORIENTED_EDGE('',*,*,#11934,.F.);
#11936 = ORIENTED_EDGE('',*,*,#11929,.F.);
#11937 = ORIENTED_EDGE('',*,*,#11924,.F.);
#11938 = ORIENTED_EDGE('',*,*,#11919,.F.);
#11939 = EDGE_LOOP('',(#11935,#11936,#11937,#11938));
#11940 = FACE_OUTER_BOUND('',#11939,.T.);
#11941 = CARTESIAN_POINT('',(66.75356300,21.01416000,0.00000000));
#11942 = DIRECTION('',(-1.00000000,0.00000000,0.00000000));
#11943 = DIRECTION('',(0.00000000,1.00000000,0.00000000));
#11944 = AXIS2_PLACEMENT_3D('',#11941,#11942,#11943);
#11945 = PLANE('',#11944);
#11946 = ADVANCED_FACE('',(#11940),#11945,.T.);
#11947 = CARTESIAN_POINT('',(98.77839721,79.33857504,0.00000000));
#11948 = VERTEX_POINT('',#11947);
#11949 = CARTESIAN_POINT('',(112.52588404,78.13582579,0.00000000));
#11950 = VERTEX_POINT('',#11949);
#11951 = CARTESIAN_POINT('',(112.52588404,78.13582579,1.50000000));
#11952 = VERTEX_POINT('',#11951);
#11953 = CARTESIAN_POINT('',(98.77839721,79.33857504,1.50000000));
#11954 = VERTEX_POINT('',#11953);
#11955 = CARTESIAN_POINT('',(98.77839721,79.33857504,0.00000000));
#11956 = DIRECTION('',(0.99619470,-0.08715574,0.00000000));
#11957 = VECTOR('',#11956,13.80000000);
#11958 = LINE('',#11955,#11957);
#11959 = EDGE_CURVE('',#11948,#11950,#11958,.T.);
#11960 = CARTESIAN_POINT('',(112.52588404,78.13582579,0.00000000));
#11961 = DIRECTION('',(0.00000000,0.00000000,1.00000000));
#11962 = VECTOR('',#11961,1.50000000);
#11963 = LINE('',#11960,#11962);
#11964 = EDGE_CURVE('',#11950,#11952,#11963,.T.);
#11965 = CARTESIAN_POINT('',(112.52588404,78.13582579,1.50000000));
#11966 = DIRECTION('',(-0.99619470,0.08715574,0.00000000));
#11967 = VECTOR('',#11966,13.80000000);
#11968 = LINE('',#11965,#11967);
#11969 = EDGE_CURVE('',#11952,#11954,#11968,.T.);
#11970 = CARTESIAN_POINT('',(98.77839721,79.33857504,1.50000000));
#11971 = DIRECTION('',(0.00000000,0.00000000,-1.00000000));
#11972 = VECTOR('',#11971,1.50000000);
#11973 = LINE('',#11970,#11972);
#11974 = EDGE_CURVE('',#11954,#11948,#11973,.T.);
#11975 = ORIENTED_EDGE('',*,*,#11974,.F.);
#11976 = ORIENTED_EDGE('',*,*,#11969,.F.);
#11977 = ORIENTED_EDGE('',*,*,#11964,.F.);
#11978 = ORIENTED_EDGE('',*,*,#11959,.F.);
#11979 = EDGE_LOOP('',(#11975,#11976,#11977,#11978));
#11980 = FACE_OUTER_BOUND('',#11979,.T.);
#11981 = CARTESIAN_POINT('',(98.77839721,79.33857504,0.00000000));
#11982 = DIRECTION('',(0.08715574,0.99619470,0.00000000));
#11983 = DIRECTION('',(0.99619470,-0.08715574,0.00000000));
#11984 = AXIS2_PLACEMENT_3D('',#11981,#11982,#11983);
#11985 = PLANE('',#11984);
#11986 = ADVANCED_FACE('',(#11980),#11985,.T.);
#11987 = CARTESIAN_POINT('',(112.52588404,78.13582579,0.00000000));
#11988 = VERTEX_POINT('',#11987);
#11989 = CARTESIAN_POINT('',(111.32313479,64.38833896,0.00000000));
#11990 = VERTEX_POINT('',#11989);
#11991 = CARTESIAN_POINT('',(111.32313479,64.38833896,1.50000000));
#11992 = VERTEX_POINT('',#11991);
#11993 = CARTESIAN_POINT('',(112.52588404,78.13582579,1.50000000));
#11994 = VERTEX_POINT('',#11993);
#11995 = CARTESIAN_POINT('',(112.52588404,78.13582579,0.00000000));
#11996 = DIRECTION('',(-0.08715574,-0.99619470,0.00000000));
#11997 = VECTOR('',#11996,13.80000000);
#11998 = LINE('',#11995,#11997);
#11999 = EDGE_CURVE('',#11988,#11990,#11998,.T.);
#12000 = CARTESIAN_POINT('',(111.32313479,64.38833896,0.00000000));
#12001 = DIRECTION('',(0.00000000,0.00000000,1.00000000));
#12002 = VECTOR('',#12001,1.50000000);
#12003 = LINE('',#12000,#12002);
#12004 = EDGE_CURVE('',#11990,#11992,#12003,.T.);
#12005 = CARTESIAN_POINT('',(111.32313479,64.38833896,1.50000000));
#12006 = DIRECTION('',(0.08715574,0.99619470,0.00000000));
#12007 = VECTOR('',#12006,13.80000000);
#12008 = LINE('',#12005,#12007);
#12009 = EDGE_CURVE('',#11992,#11994,#12008,.T.);
#12010 = CARTESIAN_POINT('',(112.52588404,78.13582579,1.50000000));
#12011 = DIRECTION('',(0.00000000,0.00000000,-1.00000000));
#12012 = VECTOR('',#12011,1.50000000);
#12013 = LINE('',#12010,#12012);
#12014 = EDGE_CURVE('',#11994,#11988,#12013,.T.);
#12015 = ORIENTED_EDGE('',*,*,#12014,.F.);
#12016 = ORIENTED_EDGE('',*,*,#12009,.F.);
#12017 = ORIENTED_EDGE('',*,*,#12004,.F.);
#12018 = ORIENTED_EDGE('',*,*,#11999,.F.);
#12019 = EDGE_LOOP('',(#12015,#12016,#12017,#12018));
#12020 = FACE_OUTER_BOUND('',#12019,.T.);
#12021 = CARTESIAN_POINT('',(112.52588404,78.13582579,0.00000000));
#12022 = DIRECTION('',(0.99619470,-0.08715574,0.00000000));
#12023 = DIRECTION('',(-0.08715574,-0.99619470,0.00000000));
#12024 = AXIS2_PLACEMENT_3D('',#12021,#12022,#12023);
#12025 = PLANE('',#12024);
#12026 = ADVANCED_FACE('',(#12020),#12025,.T.);
#12027 = CARTESIAN_POINT('',(111.32313479,64.38833896,0.00000000));
#12028 = VERTEX_POINT('',#12027);
#12029 = CARTESIAN_POINT('',(97.57564796,65.59108821,0.00000000));
#12030 = VERTEX_POINT('',#12029);
#12031 = CARTESIAN_POINT('',(97.57564796,65.59108821,1.50000000));
#12032 = VERTEX_POINT('',#12031);
#12033 = CARTESIAN_POINT('',(111.32313479,64.38833896,1.50000000));
#12034 = VERTEX_POINT('',#12033);
#12035 = CARTESIAN_POINT('',(111.32313479,64.38833896,0.00000000));
#12036 = DIRECTION('',(-0.99619470,0.08715574,0.00000000));
#12037 = VECTOR('',#12036,13.80000000);
#12038 = LINE('',#12035,#12037);
#12039 = EDGE_CURVE('',#12028,#12030,#12038,.T.);
#12040 = CARTESIAN_POINT('',(97.57564796,65.59108821,0.00000000));
#12041 = DIRECTION('',(0.00000000,0.00000000,1.00000000));
#12042 = VECTOR('',#12041,1.50000000);
#12043 = LINE('',#12040,#12042);
#12044 = EDGE_CURVE('',#12030,#12032,#12043,.T.);
#12045 = CARTESIAN_POINT('',(97.57564796,65.59108821,1.50000000));
#12046 = DIRECTION('',(0.99619470,-0.08715574,0.00000000));
#12047 = VECTOR('',#12046,13.80000000);
#12048 = LINE('',#12045,#12047);
#12049 = EDGE_CURVE('',#12032,#12034,#12048,.T.);
#12050 = CARTESIAN_POINT('',(111.32313479,64.38833896,1.50000000));
#12051 = DIRECTION('',(0.00000000,0.00000000,-1.00000000));
#12052 = VECTOR('',#12051,1.50000000);
#12053 = LINE('',#12050,#12052);
#12054 = EDGE_CURVE('',#12034,#12028,#12053,.T.);
#12055 = ORIENTED_EDGE('',*,*,#12054,.F.);
#12056 = ORIENTED_EDGE('',*,*,#12049,.F.);
#12057 = ORIENTED_EDGE('',*,*,#12044,.F.);
#12058 = ORIENTED_EDGE('',*,*,#12039,.F.);
#12059 = EDGE_LOOP('',(#12055,#12056,#12057,#12058));
#12060 = FACE_OUTER_BOUND('',#12059,.T.);
#12061 = CARTESIAN_POINT('',(111.32313479,64.38833896,0.00000000));
#12062 = DIRECTION('',(-0.08715574,-0.99619470,0.00000000));
#12063 = DIRECTION('',(-0.99619470,0.08715574,0.00000000));
#12064 = AXIS2_PLACEMENT_3D('',#12061,#12062,#12063);
#12065 = PLANE('',#12064);
#12066 = ADVANCED_FACE('',(#12060),#12065,.T.);
#12067 = CARTESIAN_POINT('',(97.57564796,65.59108821,0.00000000));
#12068 = VERTEX_POINT('',#12067);
#12069 = CARTESIAN_POINT('',(98.77839721,79.33857504,0.00000000));
#12070 = VERTEX_POINT('',#12069);
#12071 = CARTESIAN_POINT('',(98.77839721,79.33857504,1.50000000));
#12072 = VERTEX_POINT('',#12071);
#12073 = CARTESIAN_POINT('',(97.57564796,65.59108821,1.50000000));
#12074 = VERTEX_POINT('',#12073);
#12075 = CARTESIAN_POINT('',(97.57564796,65.59108821,0.00000000));
#12076 = DIRECTION('',(0.08715574,0.99619470,0.00000000));
#12077 = VECTOR('',#12076,13.80000000);
#12078 = LINE('',#12075,#12077);
#12079 = EDGE_CURVE('',#12068,#12070,#12078,.T.);
#12080 = CARTESIAN_POINT('',(98.77839721,79.33857504,0.00000000));
#12081 = DIRECTION('',(0.00000000,0.00000000,1.00000000));
#12082 = VECTOR('',#12081,1.50000000);
#12083 = LINE('',#12080,#12082);
#12084 = EDGE_CURVE('',#12070,#12072,#12083,.T.);
#12085 = CARTESIAN_POINT('',(98.77839721,79.33857504,1.50000000));
#12086 = DIRECTION('',(-0.08715574,-0.99619470,0.00000000));
#12087 = VECTOR('',#12086,13.80000000);
#12088 = LINE('',#12085,#12087);
#12089 = EDGE_CURVE('',#12072,#12074,#12088,.T.);
#12090 = CARTESIAN_POINT('',(97.57564796,65.59108821,1.50000000));
#12091 = DIRECTION('',(0.00000000,0.00000000,-1.00000000));
#12092 = VECTOR('',#12091,1.50000000);
#12093 = LINE('',#12090,#12092);
#12094 = EDGE_CURVE('',#12074,#12068,#12093,.T.);
#12095 = ORIENTED_EDGE('',*,*,#12094,.F.);
#12096 = ORIENTED_EDGE('',*,*,#12089,.F.);
#12097 = ORIENTED_EDGE('',*,*,#12084,.F.);
#12098 = ORIENTED_EDGE('',*,*,#12079,.F.);
#12099 = EDGE_LOOP('',(#12095,#12096,#12097,#12098));
#12100 = FACE_OUTER_BOUND('',#12099,.T.);
#12101 = CARTESIAN_POINT('',(97.57564796,65.59108821,0.00000000));
#12102 = DIRECTION('',(-0.99619470,0.08715574,0.00000000));
#12103 = DIRECTION('',(0.08715574,0.99619470,0.00000000));
#12104 = AXIS2_PLACEMENT_3D('',#12101,#12102,#12103);
#12105 = PLANE('',#12104);
#12106 = ADVANCED_FACE('',(#12100),#12105,.T.);
#12107 = CARTESIAN_POINT('',(76.68866300,77.88796000,0.00000000));
#12108 = VERTEX_POINT('',#12107);
#12109 = CARTESIAN_POINT('',(90.48866300,77.88796000,0.00000000));
#12110 = VERTEX_POINT('',#12109);
#12111 = CARTESIAN_POINT('',(90.48866300,77.88796000,1.50000000));
#12112 = VERTEX_POINT('',#12111);
#12113 = CARTESIAN_POINT('',(76.68866300,77.88796000,1.50000000));
#12114 = VERTEX_POINT('',#12113);
#12115 = CARTESIAN_POINT('',(76.68866300,77.88796000,0.00000000));
#12116 = DIRECTION('',(1.00000000,0.00000000,0.00000000));
#12117 = VECTOR('',#12116,13.80000000);
#12118 = LINE('',#12115,#12117);
#12119 = EDGE_CURVE('',#12108,#12110,#12118,.T.);
#12120 = CARTESIAN_POINT('',(90.48866300,77.88796000,0.00000000));
#12121 = DIRECTION('',(0.00000000,0.00000000,1.00000000));
#12122 = VECTOR('',#12121,1.50000000);
#12123 = LINE('',#12120,#12122);
#12124 = EDGE_CURVE('',#12110,#12112,#12123,.T.);
#12125 = CARTESIAN_POINT('',(90.48866300,77.88796000,1.50000000));
#12126 = DIRECTION('',(-1.00000000,-0.00000000,0.00000000));
#12127 = VECTOR('',#12126,13.80000000);
#12128 = LINE('',#12125,#12127);
#12129 = EDGE_CURVE('',#12112,#12114,#12128,.T.);
#12130 = CARTESIAN_POINT('',(76.68866300,77.88796000,1.50000000));
#12131 = DIRECTION('',(0.00000000,0.00000000,-1.00000000));
#12132 = VECTOR('',#12131,1.50000000);
#12133 = LINE('',#12130,#12132);
#12134 = EDGE_CURVE('',#12114,#12108,#12133,.T.);
#12135 = ORIENTED_EDGE('',*,*,#12134,.F.);
#12136 = ORIENTED_EDGE('',*,*,#12129,.F.);
#12137 = ORIENTED_EDGE('',*,*,#12124,.F.);
#12138 = ORIENTED_EDGE('',*,*,#12119,.F.);
#12139 = EDGE_LOOP('',(#12135,#12136,#12137,#12138));
#12140 = FACE_OUTER_BOUND('',#12139,.T.);
#12141 = CARTESIAN_POINT('',(76.68866300,77.88796000,0.00000000));
#12142 = DIRECTION('',(-0.00000000,1.00000000,0.00000000));
#12143 = DIRECTION('',(1.00000000,0.00000000,0.00000000));
#12144 = AXIS2_PLACEMENT_3D('',#12141,#12142,#12143);
#12145 = PLANE('',#12144);
#12146 = ADVANCED_FACE('',(#12140),#12145,.T.);
#12147 = CARTESIAN_POINT('',(90.48866300,77.88796000,0.00000000));
#12148 = VERTEX_POINT('',#12147);
#12149 = CARTESIAN_POINT('',(90.48866300,64.08796000,0.00000000));
#12150 = VERTEX_POINT('',#12149);
#12151 = CARTESIAN_POINT('',(90.48866300,64.08796000,1.50000000));
#12152 = VERTEX_POINT('',#12151);
#12153 = CARTESIAN_POINT('',(90.48866300,77.88796000,1.50000000));
#12154 = VERTEX_POINT('',#12153);
#12155 = CARTESIAN_POINT('',(90.48866300,77.88796000,0.00000000));
#12156 = DIRECTION('',(0.00000000,-1.00000000,0.00000000));
#12157 = VECTOR('',#12156,13.80000000);
#12158 = LINE('',#12155,#12157);
#12159 = EDGE_CURVE('',#12148,#12150,#12158,.T.);
#12160 = CARTESIAN_POINT('',(90.48866300,64.08796000,0.00000000));
#12161 = DIRECTION('',(0.00000000,0.00000000,1.00000000));
#12162 = VECTOR('',#12161,1.50000000);
#12163 = LINE('',#12160,#12162);
#12164 = EDGE_CURVE('',#12150,#12152,#12163,.T.);
#12165 = CARTESIAN_POINT('',(90.48866300,64.08796000,1.50000000));
#12166 = DIRECTION('',(-0.00000000,1.00000000,0.00000000));
#12167 = VECTOR('',#12166,13.80000000);
#12168 = LINE('',#12165,#12167);
#12169 = EDGE_CURVE('',#12152,#12154,#12168,.T.);
#12170 = CARTESIAN_POINT('',(90.48866300,77.88796000,1.50000000));
#12171 = DIRECTION('',(0.00000000,0.00000000,-1.00000000));
#12172 = VECTOR('',#12171,1.50000000);
#12173 = LINE('',#12170,#12172);
#12174 = EDGE_CURVE('',#12154,#12148,#12173,.T.);
#12175 = ORIENTED_EDGE('',*,*,#12174,.F.);
#12176 = ORIENTED_EDGE('',*,*,#12169,.F.);
#12177 = ORIENTED_EDGE('',*,*,#12164,.F.);
#12178 = ORIENTED_EDGE('',*,*,#12159,.F.);
#12179 = EDGE_LOOP('',(#12175,#12176,#12177,#12178));
#12180 = FACE_OUTER_BOUND('',#12179,.T.);
#12181 = CARTESIAN_POINT('',(90.48866300,77.88796000,0.00000000));
#12182 = DIRECTION('',(1.00000000,0.00000000,0.00000000));
#12183 = DIRECTION('',(0.00000000,-1.00000000,0.00000000));
#12184 = AXIS2_PLACEMENT_3D('',#12181,#12182,#12183);
#12185 = PLANE('',#12184);
#12186 = ADVANCED_FACE('',(#12180),#12185,.T.);
#12187 = CARTESIAN_POINT('',(90.48866300,64.08796000,0.00000000));
#12188 = VERTEX_POINT('',#12187);
#12189 = CARTESIAN_POINT('',(76.68866300,64.08796000,0.00000000));
#12190 = VERTEX_POINT('',#12189);
#12191 = CARTESIAN_POINT('',(76.68866300,64.08796000,1.50000000));
#12192 = VERTEX_POINT('',#12191);
#12193 = CARTESIAN_POINT('',(90.48866300,64.08796000,1.50000000));
#12194 = VERTEX_POINT('',#12193);
#12195 = CARTESIAN_POINT('',(90.48866300,64.08796000,0.00000000));
#12196 = DIRECTION('',(-1.00000000,0.00000000,0.00000000));
#12197 = VECTOR('',#12196,13.80000000);
#12198 = LINE('',#12195,#12197);
#12199 = EDGE_CURVE('',#12188,#12190,#12198,.T.);
#12200 = CARTESIAN_POINT('',(76.68866300,64.08796000,0.00000000));
#12201 = DIRECTION('',(0.00000000,0.00000000,1.00000000));
#12202 = VECTOR('',#12201,1.50000000);
#12203 = LINE('',#12200,#12202);
#12204 = EDGE_CURVE('',#12190,#12192,#12203,.T.);
#12205 = CARTESIAN_POINT('',(76.68866300,64.08796000,1.50000000));
#12206 = DIRECTION('',(1.00000000,-0.00000000,0.00000000));
#12207 = VECTOR('',#12206,13.80000000);
#12208 = LINE('',#12205,#12207);
#12209 = EDGE_CURVE('',#12192,#12194,#12208,.T.);
#12210 = CARTESIAN_POINT('',(90.48866300,64.08796000,1.50000000));
#12211 = DIRECTION('',(0.00000000,0.00000000,-1.00000000));
#12212 = VECTOR('',#12211,1.50000000);
#12213 = LINE('',#12210,#12212);
#12214 = EDGE_CURVE('',#12194,#12188,#12213,.T.);
#12215 = ORIENTED_EDGE('',*,*,#12214,.F.);
#12216 = ORIENTED_EDGE('',*,*,#12209,.F.);
#12217 = ORIENTED_EDGE('',*,*,#12204,.F.);
#12218 = ORIENTED_EDGE('',*,*,#12199,.F.);
#12219 = EDGE_LOOP('',(#12215,#12216,#12217,#12218));
#12220 = FACE_OUTER_BOUND('',#12219,.T.);
#12221 = CARTESIAN_POINT('',(90.48866300,64.08796000,0.00000000));
#12222 = DIRECTION('',(-0.00000000,-1.00000000,0.00000000));
#12223 = DIRECTION('',(-1.00000000,0.00000000,0.00000000));
#12224 = AXIS2_PLACEMENT_3D('',#12221,#12222,#12223);
#12225 = PLANE('',#12224);
#12226 = ADVANCED_FACE('',(#12220),#12225,.T.);
#12227 = CARTESIAN_POINT('',(76.68866300,64.08796000,0.00000000));
#12228 = VERTEX_POINT('',#12227);
#12229 = CARTESIAN_POINT('',(76.68866300,77.88796000,0.00000000));
#12230 = VERTEX_POINT('',#12229);
#12231 = CARTESIAN_POINT('',(76.68866300,77.88796000,1.50000000));
#12232 = VERTEX_POINT('',#12231);
#12233 = CARTESIAN_POINT('',(76.68866300,64.08796000,1.50000000));
#12234 = VERTEX_POINT('',#12233);
#12235 = CARTESIAN_POINT('',(76.68866300,64.08796000,0.00000000));
#12236 = DIRECTION('',(0.00000000,1.00000000,0.00000000));
#12237 = VECTOR('',#12236,13.80000000);
#12238 = LINE('',#12235,#12237);
#12239 = EDGE_CURVE('',#12228,#12230,#12238,.T.);
#12240 = CARTESIAN_POINT('',(76.68866300,77.88796000,0.00000000));
#12241 = DIRECTION('',(0.00000000,0.00000000,1.00000000));
#12242 = VECTOR('',#12241,1.50000000);
#12243 = LINE('',#12240,#12242);
#12244 = EDGE_CURVE('',#12230,#12232,#12243,.T.);
#12245 = CARTESIAN_POINT('',(76.68866300,77.88796000,1.50000000));
#12246 = DIRECTION('',(-0.00000000,-1.00000000,0.00000000));
#12247 = VECTOR('',#12246,13.80000000);
#12248 = LINE('',#12245,#12247);
#12249 = EDGE_CURVE('',#12232,#12234,#12248,.T.);
#12250 = CARTESIAN_POINT('',(76.68866300,64.08796000,1.50000000));
#12251 = DIRECTION('',(0.00000000,0.00000000,-1.00000000));
#12252 = VECTOR('',#12251,1.50000000);
#12253 = LINE('',#12250,#12252);
#12254 = EDGE_CURVE('',#12234,#12228,#12253,.T.);
#12255 = ORIENTED_EDGE('',*,*,#12254,.F.);
#12256 = ORIENTED_EDGE('',*,*,#12249,.F.);
#12257 = ORIENTED_EDGE('',*,*,#12244,.F.);
#12258 = ORIENTED_EDGE('',*,*,#12239,.F.);
#12259 = EDGE_LOOP('',(#12255,#12256,#12257,#12258));
#12260 = FACE_OUTER_BOUND('',#12259,.T.);
#12261 = CARTESIAN_POINT('',(76.68866300,64.08796000,0.00000000));
#12262 = DIRECTION('',(-1.00000000,0.00000000,0.00000000));
#12263 = DIRECTION('',(0.00000000,1.00000000,0.00000000));
#12264 = AXIS2_PLACEMENT_3D('',#12261,#12262,#12263);
#12265 = PLANE('',#12264);
#12266 = ADVANCED_FACE('',(#12260),#12265,.T.);
#12267 = CARTESIAN_POINT('',(105.01216300,57.10176000,0.00000000));
#12268 = VERTEX_POINT('',#12267);
#12269 = CARTESIAN_POINT('',(118.81216300,57.10176000,0.00000000));
#12270 = VERTEX_POINT('',#12269);
#12271 = CARTESIAN_POINT('',(118.81216300,57.10176000,1.50000000));
#12272 = VERTEX_POINT('',#12271);
#12273 = CARTESIAN_POINT('',(105.01216300,57.10176000,1.50000000));
#12274 = VERTEX_POINT('',#12273);
#12275 = CARTESIAN_POINT('',(105.01216300,57.10176000,0.00000000));
#12276 = DIRECTION('',(1.00000000,0.00000000,0.00000000));
#12277 = VECTOR('',#12276,13.80000000);
#12278 = LINE('',#12275,#12277);
#12279 = EDGE_CURVE('',#12268,#12270,#12278,.T.);
#12280 = CARTESIAN_POINT('',(118.81216300,57.10176000,0.00000000));
#12281 = DIRECTION('',(0.00000000,0.00000000,1.00000000));
#12282 = VECTOR('',#12281,1.50000000);
#12283 = LINE('',#12280,#12282);
#12284 = EDGE_CURVE('',#12270,#12272,#12283,.T.);
#12285 = CARTESIAN_POINT('',(118.81216300,57.10176000,1.50000000));
#12286 = DIRECTION('',(-1.00000000,-0.00000000,0.00000000));
#12287 = VECTOR('',#12286,13.80000000);
#12288 = LINE('',#12285,#12287);
#12289 = EDGE_CURVE('',#12272,#12274,#12288,.T.);
#12290 = CARTESIAN_POINT('',(105.01216300,57.10176000,1.50000000));
#12291 = DIRECTION('',(0.00000000,0.00000000,-1.00000000));
#12292 = VECTOR('',#12291,1.50000000);
#12293 = LINE('',#12290,#12292);
#12294 = EDGE_CURVE('',#12274,#12268,#12293,.T.);
#12295 = ORIENTED_EDGE('',*,*,#12294,.F.);
#12296 = ORIENTED_EDGE('',*,*,#12289,.F.);
#12297 = ORIENTED_EDGE('',*,*,#12284,.F.);
#12298 = ORIENTED_EDGE('',*,*,#12279,.F.);
#12299 = EDGE_LOOP('',(#12295,#12296,#12297,#12298));
#12300 = FACE_OUTER_BOUND('',#12299,.T.);
#12301 = CARTESIAN_POINT('',(105.01216300,57.10176000,0.00000000));
#12302 = DIRECTION('',(-0.00000000,1.00000000,0.00000000));
#12303 = DIRECTION('',(1.00000000,0.00000000,0.00000000));
#12304 = AXIS2_PLACEMENT_3D('',#12301,#12302,#12303);
#12305 = PLANE('',#12304);
#12306 = ADVANCED_FACE('',(#12300),#12305,.T.);
#12307 = CARTESIAN_POINT('',(118.81216300,57.10176000,0.00000000));
#12308 = VERTEX_POINT('',#12307);
#12309 = CARTESIAN_POINT('',(118.81216300,43.30176000,0.00000000));
#12310 = VERTEX_POINT('',#12309);
#12311 = CARTESIAN_POINT('',(118.81216300,43.30176000,1.50000000));
#12312 = VERTEX_POINT('',#12311);
#12313 = CARTESIAN_POINT('',(118.81216300,57.10176000,1.50000000));
#12314 = VERTEX_POINT('',#12313);
#12315 = CARTESIAN_POINT('',(118.81216300,57.10176000,0.00000000));
#12316 = DIRECTION('',(0.00000000,-1.00000000,0.00000000));
#12317 = VECTOR('',#12316,13.80000000);
#12318 = LINE('',#12315,#12317);
#12319 = EDGE_CURVE('',#12308,#12310,#12318,.T.);
#12320 = CARTESIAN_POINT('',(118.81216300,43.30176000,0.00000000));
#12321 = DIRECTION('',(0.00000000,0.00000000,1.00000000));
#12322 = VECTOR('',#12321,1.50000000);
#12323 = LINE('',#12320,#12322);
#12324 = EDGE_CURVE('',#12310,#12312,#12323,.T.);
#12325 = CARTESIAN_POINT('',(118.81216300,43.30176000,1.50000000));
#12326 = DIRECTION('',(-0.00000000,1.00000000,0.00000000));
#12327 = VECTOR('',#12326,13.80000000);
#12328 = LINE('',#12325,#12327);
#12329 = EDGE_CURVE('',#12312,#12314,#12328,.T.);
#12330 = CARTESIAN_POINT('',(118.81216300,57.10176000,1.50000000));
#12331 = DIRECTION('',(0.00000000,0.00000000,-1.00000000));
#12332 = VECTOR('',#12331,1.50000000);
#12333 = LINE('',#12330,#12332);
#12334 = EDGE_CURVE('',#12314,#12308,#12333,.T.);
#12335 = ORIENTED_EDGE('',*,*,#12334,.F.);
#12336 = ORIENTED_EDGE('',*,*,#12329,.F.);
#12337 = ORIENTED_EDGE('',*,*,#12324,.F.);
#12338 = ORIENTED_EDGE('',*,*,#12319,.F.);
#12339 = EDGE_LOOP('',(#12335,#12336,#12337,#12338));
#12340 = FACE_OUTER_BOUND('',#12339,.T.);
#12341 = CARTESIAN_POINT('',(118.81216300,57.10176000,0.00000000));
#12342 = DIRECTION('',(1.00000000,0.00000000,0.00000000));
#12343 = DIRECTION('',(0.00000000,-1.00000000,0.00000000));
#12344 = AXIS2_PLACEMENT_3D('',#12341,#12342,#12343);
#12345 = PLANE('',#12344);
#12346 = ADVANCED_FACE('',(#12340),#12345,.T.);
#12347 = CARTESIAN_POINT('',(118.81216300,43.30176000,0.00000000));
#12348 = VERTEX_POINT('',#12347);
#12349 = CARTESIAN_POINT('',(105.01216300,43.30176000,0.00000000));
#12350 = VERTEX_POINT('',#12349);
#12351 = CARTESIAN_POINT('',(105.01216300,43.30176000,1.50000000));
#12352 = VERTEX_POINT('',#12351);
#12353 = CARTESIAN_POINT('',(118.81216300,43.30176000,1.50000000));
#12354 = VERTEX_POINT('',#12353);
#12355 = CARTESIAN_POINT('',(118.81216300,43.30176000,0.00000000));
#12356 = DIRECTION('',(-1.00000000,0.00000000,0.00000000));
#12357 = VECTOR('',#12356,13.80000000);
#12358 = LINE('',#12355,#12357);
#12359 = EDGE_CURVE('',#12348,#12350,#12358,.T.);
#12360 = CARTESIAN_POINT('',(105.01216300,43.30176000,0.00000000));
#12361 = DIRECTION('',(0.00000000,0.00000000,1.00000000));
#12362 = VECTOR('',#12361,1.50000000);
#12363 = LINE('',#12360,#12362);
#12364 = EDGE_CURVE('',#12350,#12352,#12363,.T.);
#12365 = CARTESIAN_POINT('',(105.01216300,43.30176000,1.50000000));
#12366 = DIRECTION('',(1.00000000,-0.00000000,0.00000000));
#12367 = VECTOR('',#12366,13.80000000);
#12368 = LINE('',#12365,#12367);
#12369 = EDGE_CURVE('',#12352,#12354,#12368,.T.);
#12370 = CARTESIAN_POINT('',(118.81216300,43.30176000,1.50000000));
#12371 = DIRECTION('',(0.00000000,0.00000000,-1.00000000));
#12372 = VECTOR('',#12371,1.50000000);
#12373 = LINE('',#12370,#12372);
#12374 = EDGE_CURVE('',#12354,#12348,#12373,.T.);
#12375 = ORIENTED_EDGE('',*,*,#12374,.F.);
#12376 = ORIENTED_EDGE('',*,*,#12369,.F.);
#12377 = ORIENTED_EDGE('',*,*,#12364,.F.);
#12378 = ORIENTED_EDGE('',*,*,#12359,.F.);
#12379 = EDGE_LOOP('',(#12375,#12376,#12377,#12378));
#12380 = FACE_OUTER_BOUND('',#12379,.T.);
#12381 = CARTESIAN_POINT('',(118.81216300,43.30176000,0.00000000));
#12382 = DIRECTION('',(-0.00000000,-1.00000000,0.00000000));
#12383 = DIRECTION('',(-1.00000000,0.00000000,0.00000000));
#12384 = AXIS2_PLACEMENT_3D('',#12381,#12382,#12383);
#12385 = PLANE('',#12384);
#12386 = ADVANCED_FACE('',(#12380),#12385,.T.);
#12387 = CARTESIAN_POINT('',(105.01216300,43.30176000,0.00000000));
#12388 = VERTEX_POINT('',#12387);
#12389 = CARTESIAN_POINT('',(105.01216300,57.10176000,0.00000000));
#12390 = VERTEX_POINT('',#12389);
#12391 = CARTESIAN_POINT('',(105.01216300,57.10176000,1.50000000));
#12392 = VERTEX_POINT('',#12391);
#12393 = CARTESIAN_POINT('',(105.01216300,43.30176000,1.50000000));
#12394 = VERTEX_POINT('',#12393);
#12395 = CARTESIAN_POINT('',(105.01216300,43.30176000,0.00000000));
#12396 = DIRECTION('',(0.00000000,1.00000000,0.00000000));
#12397 = VECTOR('',#12396,13.80000000);
#12398 = LINE('',#12395,#12397);
#12399 = EDGE_CURVE('',#12388,#12390,#12398,.T.);
#12400 = CARTESIAN_POINT('',(105.01216300,57.10176000,0.00000000));
#12401 = DIRECTION('',(0.00000000,0.00000000,1.00000000));
#12402 = VECTOR('',#12401,1.50000000);
#12403 = LINE('',#12400,#12402);
#12404 = EDGE_CURVE('',#12390,#12392,#12403,.T.);
#12405 = CARTESIAN_POINT('',(105.01216300,57.10176000,1.50000000));
#12406 = DIRECTION('',(-0.00000000,-1.00000000,0.00000000));
#12407 = VECTOR('',#12406,13.80000000);
#12408 = LINE('',#12405,#12407);
#12409 = EDGE_CURVE('',#12392,#12394,#12408,.T.);
#12410 = CARTESIAN_POINT('',(105.01216300,43.30176000,1.50000000));
#12411 = DIRECTION('',(0.00000000,0.00000000,-1.00000000));
#12412 = VECTOR('',#12411,1.50000000);
#12413 = LINE('',#12410,#12412);
#12414 = EDGE_CURVE('',#12394,#12388,#12413,.T.);
#12415 = ORIENTED_EDGE('',*,*,#12414,.F.);
#12416 = ORIENTED_EDGE('',*,*,#12409,.F.);
#12417 = ORIENTED_EDGE('',*,*,#12404,.F.);
#12418 = ORIENTED_EDGE('',*,*,#12399,.F.);
#12419 = EDGE_LOOP('',(#12415,#12416,#12417,#12418));
#12420 = FACE_OUTER_BOUND('',#12419,.T.);
#12421 = CARTESIAN_POINT('',(105.01216300,43.30176000,0.00000000));
#12422 = DIRECTION('',(-1.00000000,0.00000000,0.00000000));
#12423 = DIRECTION('',(0.00000000,1.00000000,0.00000000));
#12424 = AXIS2_PLACEMENT_3D('',#12421,#12422,#12423);
#12425 = PLANE('',#12424);
#12426 = ADVANCED_FACE('',(#12420),#12425,.T.);
#12427 = CARTESIAN_POINT('',(85.86056300,55.36756000,0.00000000));
#12428 = VERTEX_POINT('',#12427);
#12429 = CARTESIAN_POINT('',(99.66056300,55.36756000,0.00000000));
#12430 = VERTEX_POINT('',#12429);
#12431 = CARTESIAN_POINT('',(99.66056300,55.36756000,1.50000000));
#12432 = VERTEX_POINT('',#12431);
#12433 = CARTESIAN_POINT('',(85.86056300,55.36756000,1.50000000));
#12434 = VERTEX_POINT('',#12433);
#12435 = CARTESIAN_POINT('',(85.86056300,55.36756000,0.00000000));
#12436 = DIRECTION('',(1.00000000,0.00000000,0.00000000));
#12437 = VECTOR('',#12436,13.80000000);
#12438 = LINE('',#12435,#12437);
#12439 = EDGE_CURVE('',#12428,#12430,#12438,.T.);
#12440 = CARTESIAN_POINT('',(99.66056300,55.36756000,0.00000000));
#12441 = DIRECTION('',(0.00000000,0.00000000,1.00000000));
#12442 = VECTOR('',#12441,1.50000000);
#12443 = LINE('',#12440,#12442);
#12444 = EDGE_CURVE('',#12430,#12432,#12443,.T.);
#12445 = CARTESIAN_POINT('',(99.66056300,55.36756000,1.50000000));
#12446 = DIRECTION('',(-1.00000000,-0.00000000,0.00000000));
#12447 = VECTOR('',#12446,13.80000000);
#12448 = LINE('',#12445,#12447);
#12449 = EDGE_CURVE('',#12432,#12434,#12448,.T.);
#12450 = CARTESIAN_POINT('',(85.86056300,55.36756000,1.50000000));
#12451 = DIRECTION('',(0.00000000,0.00000000,-1.00000000));
#12452 = VECTOR('',#12451,1.50000000);
#12453 = LINE('',#12450,#12452);
#12454 = EDGE_CURVE('',#12434,#12428,#12453,.T.);
#12455 = ORIENTED_EDGE('',*,*,#12454,.F.);
#12456 = ORIENTED_EDGE('',*,*,#12449,.F.);
#12457 = ORIENTED_EDGE('',*,*,#12444,.F.);
#12458 = ORIENTED_EDGE('',*,*,#12439,.F.);
#12459 = EDGE_LOOP('',(#12455,#12456,#12457,#12458));
#12460 = FACE_OUTER_BOUND('',#12459,.T.);
#12461 = CARTESIAN_POINT('',(85.86056300,55.36756000,0.00000000));
#12462 = DIRECTION('',(-0.00000000,1.00000000,0.00000000));
#12463 = DIRECTION('',(1.00000000,0.00000000,0.00000000));
#12464 = AXIS2_PLACEMENT_3D('',#12461,#12462,#12463);
#12465 = PLANE('',#12464);
#12466 = ADVANCED_FACE('',(#12460),#12465,.T.);
#12467 = CARTESIAN_POINT('',(99.66056300,55.36756000,0.00000000));
#12468 = VERTEX_POINT('',#12467);
#12469 = CARTESIAN_POINT('',(99.66056300,41.56756000,0.00000000));
#12470 = VERTEX_POINT('',#12469);
#12471 = CARTESIAN_POINT('',(99.66056300,41.56756000,1.50000000));
#12472 = VERTEX_POINT('',#12471);
#12473 = CARTESIAN_POINT('',(99.66056300,55.36756000,1.50000000));
#12474 = VERTEX_POINT('',#12473);
#12475 = CARTESIAN_POINT('',(99.66056300,55.36756000,0.00000000));
#12476 = DIRECTION('',(0.00000000,-1.00000000,0.00000000));
#12477 = VECTOR('',#12476,13.80000000);
#12478 = LINE('',#12475,#12477);
#12479 = EDGE_CURVE('',#12468,#12470,#12478,.T.);
#12480 = CARTESIAN_POINT('',(99.66056300,41.56756000,0.00000000));
#12481 = DIRECTION('',(0.00000000,0.00000000,1.00000000));
#12482 = VECTOR('',#12481,1.50000000);
#12483 = LINE('',#12480,#12482);
#12484 = EDGE_CURVE('',#12470,#12472,#12483,.T.);
#12485 = CARTESIAN_POINT('',(99.66056300,41.56756000,1.50000000));
#12486 = DIRECTION('',(-0.00000000,1.00000000,0.00000000));
#12487 = VECTOR('',#12486,13.80000000);
#12488 = LINE('',#12485,#12487);
#12489 = EDGE_CURVE('',#12472,#12474,#12488,.T.);
#12490 = CARTESIAN_POINT('',(99.66056300,55.36756000,1.50000000));
#12491 = DIRECTION('',(0.00000000,0.00000000,-1.00000000));
#12492 = VECTOR('',#12491,1.50000000);
#12493 = LINE('',#12490,#12492);
#12494 = EDGE_CURVE('',#12474,#12468,#12493,.T.);
#12495 = ORIENTED_EDGE('',*,*,#12494,.F.);
#12496 = ORIENTED_EDGE('',*,*,#12489,.F.);
#12497 = ORIENTED_EDGE('',*,*,#12484,.F.);
#12498 = ORIENTED_EDGE('',*,*,#12479,.F.);
#12499 = EDGE_LOOP('',(#12495,#12496,#12497,#12498));
#12500 = FACE_OUTER_BOUND('',#12499,.T.);
#12501 = CARTESIAN_POINT('',(99.66056300,55.36756000,0.00000000));
#12502 = DIRECTION('',(1.00000000,0.00000000,0.00000000));
#12503 = DIRECTION('',(0.00000000,-1.00000000,0.00000000));
#12504 = AXIS2_PLACEMENT_3D('',#12501,#12502,#12503);
#12505 = PLANE('',#12504);
#12506 = ADVANCED_FACE('',(#12500),#12505,.T.);
#12507 = CARTESIAN_POINT('',(99.66056300,41.56756000,0.00000000));
#12508 = VERTEX_POINT('',#12507);
#12509 = CARTESIAN_POINT('',(85.86056300,41.56756000,0.00000000));
#12510 = VERTEX_POINT('',#12509);
#12511 = CARTESIAN_POINT('',(85.86056300,41.56756000,1.50000000));
#12512 = VERTEX_POINT('',#12511);
#12513 = CARTESIAN_POINT('',(99.66056300,41.56756000,1.50000000));
#12514 = VERTEX_POINT('',#12513);
#12515 = CARTESIAN_POINT('',(99.66056300,41.56756000,0.00000000));
#12516 = DIRECTION('',(-1.00000000,0.00000000,0.00000000));
#12517 = VECTOR('',#12516,13.80000000);
#12518 = LINE('',#12515,#12517);
#12519 = EDGE_CURVE('',#12508,#12510,#12518,.T.);
#12520 = CARTESIAN_POINT('',(85.86056300,41.56756000,0.00000000));
#12521 = DIRECTION('',(0.00000000,0.00000000,1.00000000));
#12522 = VECTOR('',#12521,1.50000000);
#12523 = LINE('',#12520,#12522);
#12524 = EDGE_CURVE('',#12510,#12512,#12523,.T.);
#12525 = CARTESIAN_POINT('',(85.86056300,41.56756000,1.50000000));
#12526 = DIRECTION('',(1.00000000,-0.00000000,0.00000000));
#12527 = VECTOR('',#12526,13.80000000);
#12528 = LINE('',#12525,#12527);
#12529 = EDGE_CURVE('',#12512,#12514,#12528,.T.);
#12530 = CARTESIAN_POINT('',(99.66056300,41.56756000,1.50000000));
#12531 = DIRECTION('',(0.00000000,0.00000000,-1.00000000));
#12532 = VECTOR('',#12531,1.50000000);
#12533 = LINE('',#12530,#12532);
#12534 = EDGE_CURVE('',#12514,#12508,#12533,.T.);
#12535 = ORIENTED_EDGE('',*,*,#12534,.F.);
#12536 = ORIENTED_EDGE('',*,*,#12529,.F.);
#12537 = ORIENTED_EDGE('',*,*,#12524,.F.);
#12538 = ORIENTED_EDGE('',*,*,#12519,.F.);
#12539 = EDGE_LOOP('',(#12535,#12536,#12537,#12538));
#12540 = FACE_OUTER_BOUND('',#12539,.T.);
#12541 = CARTESIAN_POINT('',(99.66056300,41.56756000,0.00000000));
#12542 = DIRECTION('',(-0.00000000,-1.00000000,0.00000000));
#12543 = DIRECTION('',(-1.00000000,0.00000000,0.00000000));
#12544 = AXIS2_PLACEMENT_3D('',#12541,#12542,#12543);
#12545 = PLANE('',#12544);
#12546 = ADVANCED_FACE('',(#12540),#12545,.T.);
#12547 = CARTESIAN_POINT('',(85.86056300,41.56756000,0.00000000));
#12548 = VERTEX_POINT('',#12547);
#12549 = CARTESIAN_POINT('',(85.86056300,55.36756000,0.00000000));
#12550 = VERTEX_POINT('',#12549);
#12551 = CARTESIAN_POINT('',(85.86056300,55.36756000,1.50000000));
#12552 = VERTEX_POINT('',#12551);
#12553 = CARTESIAN_POINT('',(85.86056300,41.56756000,1.50000000));
#12554 = VERTEX_POINT('',#12553);
#12555 = CARTESIAN_POINT('',(85.86056300,41.56756000,0.00000000));
#12556 = DIRECTION('',(0.00000000,1.00000000,0.00000000));
#12557 = VECTOR('',#12556,13.80000000);
#12558 = LINE('',#12555,#12557);
#12559 = EDGE_CURVE('',#12548,#12550,#12558,.T.);
#12560 = CARTESIAN_POINT('',(85.86056300,55.36756000,0.00000000));
#12561 = DIRECTION('',(0.00000000,0.00000000,1.00000000));
#12562 = VECTOR('',#12561,1.50000000);
#12563 = LINE('',#12560,#12562);
#12564 = EDGE_CURVE('',#12550,#12552,#12563,.T.);
#12565 = CARTESIAN_POINT('',(85.86056300,55.36756000,1.50000000));
#12566 = DIRECTION('',(-0.00000000,-1.00000000,0.00000000));
#12567 = VECTOR('',#12566,13.80000000);
#12568 = LINE('',#12565,#12567);
#12569 = EDGE_CURVE('',#12552,#12554,#12568,.T.);
#12570 = CARTESIAN_POINT('',(85.86056300,41.56756000,1.50000000));
#12571 = DIRECTION('',(0.00000000,0.00000000,-1.00000000));
#12572 = VECTOR('',#12571,1.50000000);
#12573 = LINE('',#12570,#12572);
#12574 = EDGE_CURVE('',#12554,#12548,#12573,.T.);
#12575 = ORIENTED_EDGE('',*,*,#12574,.F.);
#12576 = ORIENTED_EDGE('',*,*,#12569,.F.);
#12577 = ORIENTED_EDGE('',*,*,#12564,.F.);
#12578 = ORIENTED_EDGE('',*,*,#12559,.F.);
#12579 = EDGE_LOOP('',(#12575,#12576,#12577,#12578));
#12580 = FACE_OUTER_BOUND('',#12579,.T.);
#12581 = CARTESIAN_POINT('',(85.86056300,41.56756000,0.00000000));
#12582 = DIRECTION('',(-1.00000000,0.00000000,0.00000000));
#12583 = DIRECTION('',(0.00000000,1.00000000,0.00000000));
#12584 = AXIS2_PLACEMENT_3D('',#12581,#12582,#12583);
#12585 = PLANE('',#12584);
#12586 = ADVANCED_FACE('',(#12580),#12585,.T.);
#12587 = CARTESIAN_POINT('',(28.40576300,59.12276000,0.00000000));
#12588 = VERTEX_POINT('',#12587);
#12589 = CARTESIAN_POINT('',(42.20576300,59.12276000,0.00000000));
#12590 = VERTEX_POINT('',#12589);
#12591 = CARTESIAN_POINT('',(42.20576300,59.12276000,1.50000000));
#12592 = VERTEX_POINT('',#12591);
#12593 = CARTESIAN_POINT('',(28.40576300,59.12276000,1.50000000));
#12594 = VERTEX_POINT('',#12593);
#12595 = CARTESIAN_POINT('',(28.40576300,59.12276000,0.00000000));
#12596 = DIRECTION('',(1.00000000,0.00000000,0.00000000));
#12597 = VECTOR('',#12596,13.80000000);
#12598 = LINE('',#12595,#12597);
#12599 = EDGE_CURVE('',#12588,#12590,#12598,.T.);
#12600 = CARTESIAN_POINT('',(42.20576300,59.12276000,0.00000000));
#12601 = DIRECTION('',(0.00000000,0.00000000,1.00000000));
#12602 = VECTOR('',#12601,1.50000000);
#12603 = LINE('',#12600,#12602);
#12604 = EDGE_CURVE('',#12590,#12592,#12603,.T.);
#12605 = CARTESIAN_POINT('',(42.20576300,59.12276000,1.50000000));
#12606 = DIRECTION('',(-1.00000000,-0.00000000,0.00000000));
#12607 = VECTOR('',#12606,13.80000000);
#12608 = LINE('',#12605,#12607);
#12609 = EDGE_CURVE('',#12592,#12594,#12608,.T.);
#12610 = CARTESIAN_POINT('',(28.40576300,59.12276000,1.50000000));
#12611 = DIRECTION('',(0.00000000,0.00000000,-1.00000000));
#12612 = VECTOR('',#12611,1.50000000);
#12613 = LINE('',#12610,#12612);
#12614 = EDGE_CURVE('',#12594,#12588,#12613,.T.);
#12615 = ORIENTED_EDGE('',*,*,#12614,.F.);
#12616 = ORIENTED_EDGE('',*,*,#12609,.F.);
#12617 = ORIENTED_EDGE('',*,*,#12604,.F.);
#12618 = ORIENTED_EDGE('',*,*,#12599,.F.);
#12619 = EDGE_LOOP('',(#12615,#12616,#12617,#12618));
#12620 = FACE_OUTER_BOUND('',#12619,.T.);
#12621 = CARTESIAN_POINT('',(28.40576300,59.12276000,0.00000000));
#12622 = DIRECTION('',(-0.00000000,1.00000000,0.00000000));
#12623 = DIRECTION('',(1.00000000,0.00000000,0.00000000));
#12624 = AXIS2_PLACEMENT_3D('',#12621,#12622,#12623);
#12625 = PLANE('',#12624);
#12626 = ADVANCED_FACE('',(#12620),#12625,.T.);
#12627 = CARTESIAN_POINT('',(42.20576300,59.12276000,0.00000000));
#12628 = VERTEX_POINT('',#12627);
#12629 = CARTESIAN_POINT('',(42.20576300,45.32276000,0.00000000));
#12630 = VERTEX_POINT('',#12629);
#12631 = CARTESIAN_POINT('',(42.20576300,45.32276000,1.50000000));
#12632 = VERTEX_POINT('',#12631);
#12633 = CARTESIAN_POINT('',(42.20576300,59.12276000,1.50000000));
#12634 = VERTEX_POINT('',#12633);
#12635 = CARTESIAN_POINT('',(42.20576300,59.12276000,0.00000000));
#12636 = DIRECTION('',(0.00000000,-1.00000000,0.00000000));
#12637 = VECTOR('',#12636,13.80000000);
#12638 = LINE('',#12635,#12637);
#12639 = EDGE_CURVE('',#12628,#12630,#12638,.T.);
#12640 = CARTESIAN_POINT('',(42.20576300,45.32276000,0.00000000));
#12641 = DIRECTION('',(0.00000000,0.00000000,1.00000000));
#12642 = VECTOR('',#12641,1.50000000);
#12643 = LINE('',#12640,#12642);
#12644 = EDGE_CURVE('',#12630,#12632,#12643,.T.);
#12645 = CARTESIAN_POINT('',(42.20576300,45.32276000,1.50000000));
#12646 = DIRECTION('',(-0.00000000,1.00000000,0.00000000));
#12647 = VECTOR('',#12646,13.80000000);
#12648 = LINE('',#12645,#12647);
#12649 = EDGE_CURVE('',#12632,#12634,#12648,.T.);
#12650 = CARTESIAN_POINT('',(42.20576300,59.12276000,1.50000000));
#12651 = DIRECTION('',(0.00000000,0.00000000,-1.00000000));
#12652 = VECTOR('',#12651,1.50000000);
#12653 = LINE('',#12650,#12652);
#12654 = EDGE_CURVE('',#12634,#12628,#12653,.T.);
#12655 = ORIENTED_EDGE('',*,*,#12654,.F.);
#12656 = ORIENTED_EDGE('',*,*,#12649,.F.);
#12657 = ORIENTED_EDGE('',*,*,#12644,.F.);
#12658 = ORIENTED_EDGE('',*,*,#12639,.F.);
#12659 = EDGE_LOOP('',(#12655,#12656,#12657,#12658));
#12660 = FACE_OUTER_BOUND('',#12659,.T.);
#12661 = CARTESIAN_POINT('',(42.20576300,59.12276000,0.00000000));
#12662 = DIRECTION('',(1.00000000,0.00000000,0.00000000));
#12663 = DIRECTION('',(0.00000000,-1.00000000,0.00000000));
#12664 = AXIS2_PLACEMENT_3D('',#12661,#12662,#12663);
#12665 = PLANE('',#12664);
#12666 = ADVANCED_FACE('',(#12660),#12665,.T.);
#12667 = CARTESIAN_POINT('',(42.20576300,45.32276000,0.00000000));
#12668 = VERTEX_POINT('',#12667);
#12669 = CARTESIAN_POINT('',(28.40576300,45.32276000,0.00000000));
#12670 = VERTEX_POINT('',#12669);
#12671 = CARTESIAN_POINT('',(28.40576300,45.32276000,1.50000000));
#12672 = VERTEX_POINT('',#12671);
#12673 = CARTESIAN_POINT('',(42.20576300,45.32276000,1.50000000));
#12674 = VERTEX_POINT('',#12673);
#12675 = CARTESIAN_POINT('',(42.20576300,45.32276000,0.00000000));
#12676 = DIRECTION('',(-1.00000000,0.00000000,0.00000000));
#12677 = VECTOR('',#12676,13.80000000);
#12678 = LINE('',#12675,#12677);
#12679 = EDGE_CURVE('',#12668,#12670,#12678,.T.);
#12680 = CARTESIAN_POINT('',(28.40576300,45.32276000,0.00000000));
#12681 = DIRECTION('',(0.00000000,0.00000000,1.00000000));
#12682 = VECTOR('',#12681,1.50000000);
#12683 = LINE('',#12680,#12682);
#12684 = EDGE_CURVE('',#12670,#12672,#12683,.T.);
#12685 = CARTESIAN_POINT('',(28.40576300,45.32276000,1.50000000));
#12686 = DIRECTION('',(1.00000000,-0.00000000,0.00000000));
#12687 = VECTOR('',#12686,13.80000000);
#12688 = LINE('',#12685,#12687);
#12689 = EDGE_CURVE('',#12672,#12674,#12688,.T.);
#12690 = CARTESIAN_POINT('',(42.20576300,45.32276000,1.50000000));
#12691 = DIRECTION('',(0.00000000,0.00000000,-1.00000000));
#12692 = VECTOR('',#12691,1.50000000);
#12693 = LINE('',#12690,#12692);
#12694 = EDGE_CURVE('',#12674,#12668,#12693,.T.);
#12695 = ORIENTED_EDGE('',*,*,#12694,.F.);
#12696 = ORIENTED_EDGE('',*,*,#12689,.F.);
#12697 = ORIENTED_EDGE('',*,*,#12684,.F.);
#12698 = ORIENTED_EDGE('',*,*,#12679,.F.);
#12699 = EDGE_LOOP('',(#12695,#12696,#12697,#12698));
#12700 = FACE_OUTER_BOUND('',#12699,.T.);
#12701 = CARTESIAN_POINT('',(42.20576300,45.32276000,0.00000000));
#12702 = DIRECTION('',(-0.00000000,-1.00000000,0.00000000));
#12703 = DIRECTION('',(-1.00000000,0.00000000,0.00000000));
#12704 = AXIS2_PLACEMENT_3D('',#12701,#12702,#12703);
#12705 = PLANE('',#12704);
#12706 = ADVANCED_FACE('',(#12700),#12705,.T.);
#12707 = CARTESIAN_POINT('',(28.40576300,45.32276000,0.00000000));
#12708 = VERTEX_POINT('',#12707);
#12709 = CARTESIAN_POINT('',(28.40576300,59.12276000,0.00000000));
#12710 = VERTEX_POINT('',#12709);
#12711 = CARTESIAN_POINT('',(28.40576300,59.12276000,1.50000000));
#12712 = VERTEX_POINT('',#12711);
#12713 = CARTESIAN_POINT('',(28.40576300,45.32276000,1.50000000));
#12714 = VERTEX_POINT('',#12713);
#12715 = CARTESIAN_POINT('',(28.40576300,45.32276000,0.00000000));
#12716 = DIRECTION('',(0.00000000,1.00000000,0.00000000));
#12717 = VECTOR('',#12716,13.80000000);
#12718 = LINE('',#12715,#12717);
#12719 = EDGE_CURVE('',#12708,#12710,#12718,.T.);
#12720 = CARTESIAN_POINT('',(28.40576300,59.12276000,0.00000000));
#12721 = DIRECTION('',(0.00000000,0.00000000,1.00000000));
#12722 = VECTOR('',#12721,1.50000000);
#12723 = LINE('',#12720,#12722);
#12724 = EDGE_CURVE('',#12710,#12712,#12723,.T.);
#12725 = CARTESIAN_POINT('',(28.40576300,59.12276000,1.50000000));
#12726 = DIRECTION('',(-0.00000000,-1.00000000,0.00000000));
#12727 = VECTOR('',#12726,13.80000000);
#12728 = LINE('',#12725,#12727);
#12729 = EDGE_CURVE('',#12712,#12714,#12728,.T.);
#12730 = CARTESIAN_POINT('',(28.40576300,45.32276000,1.50000000));
#12731 = DIRECTION('',(0.00000000,0.00000000,-1.00000000));
#12732 = VECTOR('',#12731,1.50000000);
#12733 = LINE('',#12730,#12732);
#12734 = EDGE_CURVE('',#12714,#12708,#12733,.T.);
#12735 = ORIENTED_EDGE('',*,*,#12734,.F.);
#12736 = ORIENTED_EDGE('',*,*,#12729,.F.);
#12737 = ORIENTED_EDGE('',*,*,#12724,.F.);
#12738 = ORIENTED_EDGE('',*,*,#12719,.F.);
#12739 = EDGE_LOOP('',(#12735,#12736,#12737,#12738));
#12740 = FACE_OUTER_BOUND('',#12739,.T.);
#12741 = CARTESIAN_POINT('',(28.40576300,45.32276000,0.00000000));
#12742 = DIRECTION('',(-1.00000000,0.00000000,0.00000000));
#12743 = DIRECTION('',(0.00000000,1.00000000,0.00000000));
#12744 = AXIS2_PLACEMENT_3D('',#12741,#12742,#12743);
#12745 = PLANE('',#12744);
#12746 = ADVANCED_FACE('',(#12740),#12745,.T.);
#12747 = CARTESIAN_POINT('',(9.15626300,41.46516000,0.00000000));
#12748 = VERTEX_POINT('',#12747);
#12749 = CARTESIAN_POINT('',(22.95626300,41.46516000,0.00000000));
#12750 = VERTEX_POINT('',#12749);
#12751 = CARTESIAN_POINT('',(22.95626300,41.46516000,1.50000000));
#12752 = VERTEX_POINT('',#12751);
#12753 = CARTESIAN_POINT('',(9.15626300,41.46516000,1.50000000));
#12754 = VERTEX_POINT('',#12753);
#12755 = CARTESIAN_POINT('',(9.15626300,41.46516000,0.00000000));
#12756 = DIRECTION('',(1.00000000,0.00000000,0.00000000));
#12757 = VECTOR('',#12756,13.80000000);
#12758 = LINE('',#12755,#12757);
#12759 = EDGE_CURVE('',#12748,#12750,#12758,.T.);
#12760 = CARTESIAN_POINT('',(22.95626300,41.46516000,0.00000000));
#12761 = DIRECTION('',(0.00000000,0.00000000,1.00000000));
#12762 = VECTOR('',#12761,1.50000000);
#12763 = LINE('',#12760,#12762);
#12764 = EDGE_CURVE('',#12750,#12752,#12763,.T.);
#12765 = CARTESIAN_POINT('',(22.95626300,41.46516000,1.50000000));
#12766 = DIRECTION('',(-1.00000000,-0.00000000,0.00000000));
#12767 = VECTOR('',#12766,13.80000000);
#12768 = LINE('',#12765,#12767);
#12769 = EDGE_CURVE('',#12752,#12754,#12768,.T.);
#12770 = CARTESIAN_POINT('',(9.15626300,41.46516000,1.50000000));
#12771 = DIRECTION('',(0.00000000,0.00000000,-1.00000000));
#12772 = VECTOR('',#12771,1.50000000);
#12773 = LINE('',#12770,#12772);
#12774 = EDGE_CURVE('',#12754,#12748,#12773,.T.);
#12775 = ORIENTED_EDGE('',*,*,#12774,.F.);
#12776 = ORIENTED_EDGE('',*,*,#12769,.F.);
#12777 = ORIENTED_EDGE('',*,*,#12764,.F.);
#12778 = ORIENTED_EDGE('',*,*,#12759,.F.);
#12779 = EDGE_LOOP('',(#12775,#12776,#12777,#12778));
#12780 = FACE_OUTER_BOUND('',#12779,.T.);
#12781 = CARTESIAN_POINT('',(9.15626300,41.46516000,0.00000000));
#12782 = DIRECTION('',(-0.00000000,1.00000000,0.00000000));
#12783 = DIRECTION('',(1.00000000,0.00000000,0.00000000));
#12784 = AXIS2_PLACEMENT_3D('',#12781,#12782,#12783);
#12785 = PLANE('',#12784);
#12786 = ADVANCED_FACE('',(#12780),#12785,.T.);
#12787 = CARTESIAN_POINT('',(22.95626300,41.46516000,0.00000000));
#12788 = VERTEX_POINT('',#12787);
#12789 = CARTESIAN_POINT('',(22.95626300,27.66516000,0.00000000));
#12790 = VERTEX_POINT('',#12789);
#12791 = CARTESIAN_POINT('',(22.95626300,27.66516000,1.50000000));
#12792 = VERTEX_POINT('',#12791);
#12793 = CARTESIAN_POINT('',(22.95626300,41.46516000,1.50000000));
#12794 = VERTEX_POINT('',#12793);
#12795 = CARTESIAN_POINT('',(22.95626300,41.46516000,0.00000000));
#12796 = DIRECTION('',(0.00000000,-1.00000000,0.00000000));
#12797 = VECTOR('',#12796,13.80000000);
#12798 = LINE('',#12795,#12797);
#12799 = EDGE_CURVE('',#12788,#12790,#12798,.T.);
#12800 = CARTESIAN_POINT('',(22.95626300,27.66516000,0.00000000));
#12801 = DIRECTION('',(0.00000000,0.00000000,1.00000000));
#12802 = VECTOR('',#12801,1.50000000);
#12803 = LINE('',#12800,#12802);
#12804 = EDGE_CURVE('',#12790,#12792,#12803,.T.);
#12805 = CARTESIAN_POINT('',(22.95626300,27.66516000,1.50000000));
#12806 = DIRECTION('',(-0.00000000,1.00000000,0.00000000));
#12807 = VECTOR('',#12806,13.80000000);
#12808 = LINE('',#12805,#12807);
#12809 = EDGE_CURVE('',#12792,#12794,#12808,.T.);
#12810 = CARTESIAN_POINT('',(22.95626300,41.46516000,1.50000000));
#12811 = DIRECTION('',(0.00000000,0.00000000,-1.00000000));
#12812 = VECTOR('',#12811,1.50000000);
#12813 = LINE('',#12810,#12812);
#12814 = EDGE_CURVE('',#12794,#12788,#12813,.T.);
#12815 = ORIENTED_EDGE('',*,*,#12814,.F.);
#12816 = ORIENTED_EDGE('',*,*,#12809,.F.);
#12817 = ORIENTED_EDGE('',*,*,#12804,.F.);
#12818 = ORIENTED_EDGE('',*,*,#12799,.F.);
#12819 = EDGE_LOOP('',(#12815,#12816,#12817,#12818));
#12820 = FACE_OUTER_BOUND('',#12819,.T.);
#12821 = CARTESIAN_POINT('',(22.95626300,41.46516000,0.00000000));
#12822 = DIRECTION('',(1.00000000,0.00000000,0.00000000));
#12823 = DIRECTION('',(0.00000000,-1.00000000,0.00000000));
#12824 = AXIS2_PLACEMENT_3D('',#12821,#12822,#12823);
#12825 = PLANE('',#12824);
#12826 = ADVANCED_FACE('',(#12820),#12825,.T.);
#12827 = CARTESIAN_POINT('',(22.95626300,27.66516000,0.00000000));
#12828 = VERTEX_POINT('',#12827);
#12829 = CARTESIAN_POINT('',(9.15626300,27.66516000,0.00000000));
#12830 = VERTEX_POINT('',#12829);
#12831 = CARTESIAN_POINT('',(9.15626300,27.66516000,1.50000000));
#12832 = VERTEX_POINT('',#12831);
#12833 = CARTESIAN_POINT('',(22.95626300,27.66516000,1.50000000));
#12834 = VERTEX_POINT('',#12833);
#12835 = CARTESIAN_POINT('',(22.95626300,27.66516000,0.00000000));
#12836 = DIRECTION('',(-1.00000000,0.00000000,0.00000000));
#12837 = VECTOR('',#12836,13.80000000);
#12838 = LINE('',#12835,#12837);
#12839 = EDGE_CURVE('',#12828,#12830,#12838,.T.);
#12840 = CARTESIAN_POINT('',(9.15626300,27.66516000,0.00000000));
#12841 = DIRECTION('',(0.00000000,0.00000000,1.00000000));
#12842 = VECTOR('',#12841,1.50000000);
#12843 = LINE('',#12840,#12842);
#12844 = EDGE_CURVE('',#12830,#12832,#12843,.T.);
#12845 = CARTESIAN_POINT('',(9.15626300,27.66516000,1.50000000));
#12846 = DIRECTION('',(1.00000000,-0.00000000,0.00000000));
#12847 = VECTOR('',#12846,13.80000000);
#12848 = LINE('',#12845,#12847);
#12849 = EDGE_CURVE('',#12832,#12834,#12848,.T.);
#12850 = CARTESIAN_POINT('',(22.95626300,27.66516000,1.50000000));
#12851 = DIRECTION('',(0.00000000,0.00000000,-1.00000000));
#12852 = VECTOR('',#12851,1.50000000);
#12853 = LINE('',#12850,#12852);
#12854 = EDGE_CURVE('',#12834,#12828,#12853,.T.);
#12855 = ORIENTED_EDGE('',*,*,#12854,.F.);
#12856 = ORIENTED_EDGE('',*,*,#12849,.F.);
#12857 = ORIENTED_EDGE('',*,*,#12844,.F.);
#12858 = ORIENTED_EDGE('',*,*,#12839,.F.);
#12859 = EDGE_LOOP('',(#12855,#12856,#12857,#12858));
#12860 = FACE_OUTER_BOUND('',#12859,.T.);
#12861 = CARTESIAN_POINT('',(22.95626300,27.66516000,0.00000000));
#12862 = DIRECTION('',(-0.00000000,-1.00000000,0.00000000));
#12863 = DIRECTION('',(-1.00000000,0.00000000,0.00000000));
#12864 = AXIS2_PLACEMENT_3D('',#12861,#12862,#12863);
#12865 = PLANE('',#12864);
#12866 = ADVANCED_FACE('',(#12860),#12865,.T.);
#12867 = CARTESIAN_POINT('',(9.15626300,27.66516000,0.00000000));
#12868 = VERTEX_POINT('',#12867);
#12869 = CARTESIAN_POINT('',(9.15626300,41.46516000,0.00000000));
#12870 = VERTEX_POINT('',#12869);
#12871 = CARTESIAN_POINT('',(9.15626300,41.46516000,1.50000000));
#12872 = VERTEX_POINT('',#12871);
#12873 = CARTESIAN_POINT('',(9.15626300,27.66516000,1.50000000));
#12874 = VERTEX_POINT('',#12873);
#12875 = CARTESIAN_POINT('',(9.15626300,27.66516000,0.00000000));
#12876 = DIRECTION('',(0.00000000,1.00000000,0.00000000));
#12877 = VECTOR('',#12876,13.80000000);
#12878 = LINE('',#12875,#12877);
#12879 = EDGE_CURVE('',#12868,#12870,#12878,.T.);
#12880 = CARTESIAN_POINT('',(9.15626300,41.46516000,0.00000000));
#12881 = DIRECTION('',(0.00000000,0.00000000,1.00000000));
#12882 = VECTOR('',#12881,1.50000000);
#12883 = LINE('',#12880,#12882);
#12884 = EDGE_CURVE('',#12870,#12872,#12883,.T.);
#12885 = CARTESIAN_POINT('',(9.15626300,41.46516000,1.50000000));
#12886 = DIRECTION('',(-0.00000000,-1.00000000,0.00000000));
#12887 = VECTOR('',#12886,13.80000000);
#12888 = LINE('',#12885,#12887);
#12889 = EDGE_CURVE('',#12872,#12874,#12888,.T.);
#12890 = CARTESIAN_POINT('',(9.15626300,27.66516000,1.50000000));
#12891 = DIRECTION('',(0.00000000,0.00000000,-1.00000000));
#12892 = VECTOR('',#12891,1.50000000);
#12893 = LINE('',#12890,#12892);
#12894 = EDGE_CURVE('',#12874,#12868,#12893,.T.);
#12895 = ORIENTED_EDGE('',*,*,#12894,.F.);
#12896 = ORIENTED_EDGE('',*,*,#12889,.F.);
#12897 = ORIENTED_EDGE('',*,*,#12884,.F.);
#12898 = ORIENTED_EDGE('',*,*,#12879,.F.);
#12899 = EDGE_LOOP('',(#12895,#12896,#12897,#12898));
#12900 = FACE_OUTER_BOUND('',#12899,.T.);
#12901 = CARTESIAN_POINT('',(9.15626300,27.66516000,0.00000000));
#12902 = DIRECTION('',(-1.00000000,0.00000000,0.00000000));
#12903 = DIRECTION('',(0.00000000,1.00000000,0.00000000));
#12904 = AXIS2_PLACEMENT_3D('',#12901,#12902,#12903);
#12905 = PLANE('',#12904);
#12906 = ADVANCED_FACE('',(#12900),#12905,.T.);
#12907 = CARTESIAN_POINT('',(47.50656300,55.23656000,0.00000000));
#12908 = VERTEX_POINT('',#12907);
#12909 = CARTESIAN_POINT('',(61.30656300,55.23656000,0.00000000));
#12910 = VERTEX_POINT('',#12909);
#12911 = CARTESIAN_POINT('',(61.30656300,55.23656000,1.50000000));
#12912 = VERTEX_POINT('',#12911);
#12913 = CARTESIAN_POINT('',(47.50656300,55.23656000,1.50000000));
#12914 = VERTEX_POINT('',#12913);
#12915 = CARTESIAN_POINT('',(47.50656300,55.23656000,0.00000000));
#12916 = DIRECTION('',(1.00000000,0.00000000,0.00000000));
#12917 = VECTOR('',#12916,13.80000000);
#12918 = LINE('',#12915,#12917);
#12919 = EDGE_CURVE('',#12908,#12910,#12918,.T.);
#12920 = CARTESIAN_POINT('',(61.30656300,55.23656000,0.00000000));
#12921 = DIRECTION('',(0.00000000,0.00000000,1.00000000));
#12922 = VECTOR('',#12921,1.50000000);
#12923 = LINE('',#12920,#12922);
#12924 = EDGE_CURVE('',#12910,#12912,#12923,.T.);
#12925 = CARTESIAN_POINT('',(61.30656300,55.23656000,1.50000000));
#12926 = DIRECTION('',(-1.00000000,-0.00000000,0.00000000));
#12927 = VECTOR('',#12926,13.80000000);
#12928 = LINE('',#12925,#12927);
#12929 = EDGE_CURVE('',#12912,#12914,#12928,.T.);
#12930 = CARTESIAN_POINT('',(47.50656300,55.23656000,1.50000000));
#12931 = DIRECTION('',(0.00000000,0.00000000,-1.00000000));
#12932 = VECTOR('',#12931,1.50000000);
#12933 = LINE('',#12930,#12932);
#12934 = EDGE_CURVE('',#12914,#12908,#12933,.T.);
#12935 = ORIENTED_EDGE('',*,*,#12934,.F.);
#12936 = ORIENTED_EDGE('',*,*,#12929,.F.);
#12937 = ORIENTED_EDGE('',*,*,#12924,.F.);
#12938 = ORIENTED_EDGE('',*,*,#12919,.F.);
#12939 = EDGE_LOOP('',(#12935,#12936,#12937,#12938));
#12940 = FACE_OUTER_BOUND('',#12939,.T.);
#12941 = CARTESIAN_POINT('',(47.50656300,55.23656000,0.00000000));
#12942 = DIRECTION('',(-0.00000000,1.00000000,0.00000000));
#12943 = DIRECTION('',(1.00000000,0.00000000,0.00000000));
#12944 = AXIS2_PLACEMENT_3D('',#12941,#12942,#12943);
#12945 = PLANE('',#12944);
#12946 = ADVANCED_FACE('',(#12940),#12945,.T.);
#12947 = CARTESIAN_POINT('',(61.30656300,55.23656000,0.00000000));
#12948 = VERTEX_POINT('',#12947);
#12949 = CARTESIAN_POINT('',(61.30656300,41.43656000,0.00000000));
#12950 = VERTEX_POINT('',#12949);
#12951 = CARTESIAN_POINT('',(61.30656300,41.43656000,1.50000000));
#12952 = VERTEX_POINT('',#12951);
#12953 = CARTESIAN_POINT('',(61.30656300,55.23656000,1.50000000));
#12954 = VERTEX_POINT('',#12953);
#12955 = CARTESIAN_POINT('',(61.30656300,55.23656000,0.00000000));
#12956 = DIRECTION('',(0.00000000,-1.00000000,0.00000000));
#12957 = VECTOR('',#12956,13.80000000);
#12958 = LINE('',#12955,#12957);
#12959 = EDGE_CURVE('',#12948,#12950,#12958,.T.);
#12960 = CARTESIAN_POINT('',(61.30656300,41.43656000,0.00000000));
#12961 = DIRECTION('',(0.00000000,0.00000000,1.00000000));
#12962 = VECTOR('',#12961,1.50000000);
#12963 = LINE('',#12960,#12962);
#12964 = EDGE_CURVE('',#12950,#12952,#12963,.T.);
#12965 = CARTESIAN_POINT('',(61.30656300,41.43656000,1.50000000));
#12966 = DIRECTION('',(-0.00000000,1.00000000,0.00000000));
#12967 = VECTOR('',#12966,13.80000000);
#12968 = LINE('',#12965,#12967);
#12969 = EDGE_CURVE('',#12952,#12954,#12968,.T.);
#12970 = CARTESIAN_POINT('',(61.30656300,55.23656000,1.50000000));
#12971 = DIRECTION('',(0.00000000,0.00000000,-1.00000000));
#12972 = VECTOR('',#12971,1.50000000);
#12973 = LINE('',#12970,#12972);
#12974 = EDGE_CURVE('',#12954,#12948,#12973,.T.);
#12975 = ORIENTED_EDGE('',*,*,#12974,.F.);
#12976 = ORIENTED_EDGE('',*,*,#12969,.F.);
#12977 = ORIENTED_EDGE('',*,*,#12964,.F.);
#12978 = ORIENTED_EDGE('',*,*,#12959,.F.);
#12979 = EDGE_LOOP('',(#12975,#12976,#12977,#12978));
#12980 = FACE_OUTER_BOUND('',#12979,.T.);
#12981 = CARTESIAN_POINT('',(61.30656300,55.23656000,0.00000000));
#12982 = DIRECTION('',(1.00000000,0.00000000,0.00000000));
#12983 = DIRECTION('',(0.00000000,-1.00000000,0.00000000));
#12984 = AXIS2_PLACEMENT_3D('',#12981,#12982,#12983);
#12985 = PLANE('',#12984);
#12986 = ADVANCED_FACE('',(#12980),#12985,.T.);
#12987 = CARTESIAN_POINT('',(61.30656300,41.43656000,0.00000000));
#12988 = VERTEX_POINT('',#12987);
#12989 = CARTESIAN_POINT('',(47.50656300,41.43656000,0.00000000));
#12990 = VERTEX_POINT('',#12989);
#12991 = CARTESIAN_POINT('',(47.50656300,41.43656000,1.50000000));
#12992 = VERTEX_POINT('',#12991);
#12993 = CARTESIAN_POINT('',(61.30656300,41.43656000,1.50000000));
#12994 = VERTEX_POINT('',#12993);
#12995 = CARTESIAN_POINT('',(61.30656300,41.43656000,0.00000000));
#12996 = DIRECTION('',(-1.00000000,0.00000000,0.00000000));
#12997 = VECTOR('',#12996,13.80000000);
#12998 = LINE('',#12995,#12997);
#12999 = EDGE_CURVE('',#12988,#12990,#12998,.T.);
#13000 = CARTESIAN_POINT('',(47.50656300,41.43656000,0.00000000));
#13001 = DIRECTION('',(0.00000000,0.00000000,1.00000000));
#13002 = VECTOR('',#13001,1.50000000);
#13003 = LINE('',#13000,#13002);
#13004 = EDGE_CURVE('',#12990,#12992,#13003,.T.);
#13005 = CARTESIAN_POINT('',(47.50656300,41.43656000,1.50000000));
#13006 = DIRECTION('',(1.00000000,-0.00000000,0.00000000));
#13007 = VECTOR('',#13006,13.80000000);
#13008 = LINE('',#13005,#13007);
#13009 = EDGE_CURVE('',#12992,#12994,#13008,.T.);
#13010 = CARTESIAN_POINT('',(61.30656300,41.43656000,1.50000000));
#13011 = DIRECTION('',(0.00000000,0.00000000,-1.00000000));
#13012 = VECTOR('',#13011,1.50000000);
#13013 = LINE('',#13010,#13012);
#13014 = EDGE_CURVE('',#12994,#12988,#13013,.T.);
#13015 = ORIENTED_EDGE('',*,*,#13014,.F.);
#13016 = ORIENTED_EDGE('',*,*,#13009,.F.);
#13017 = ORIENTED_EDGE('',*,*,#13004,.F.);
#13018 = ORIENTED_EDGE('',*,*,#12999,.F.);
#13019 = EDGE_LOOP('',(#13015,#13016,#13017,#13018));
#13020 = FACE_OUTER_BOUND('',#13019,.T.);
#13021 = CARTESIAN_POINT('',(61.30656300,41.43656000,0.00000000));
#13022 = DIRECTION('',(-0.00000000,-1.00000000,0.00000000));
#13023 = DIRECTION('',(-1.00000000,0.00000000,0.00000000));
#13024 = AXIS2_PLACEMENT_3D('',#13021,#13022,#13023);
#13025 = PLANE('',#13024);
#13026 = ADVANCED_FACE('',(#13020),#13025,.T.);
#13027 = CARTESIAN_POINT('',(47.50656300,41.43656000,0.00000000));
#13028 = VERTEX_POINT('',#13027);
#13029 = CARTESIAN_POINT('',(47.50656300,55.23656000,0.00000000));
#13030 = VERTEX_POINT('',#13029);
#13031 = CARTESIAN_POINT('',(47.50656300,55.23656000,1.50000000));
#13032 = VERTEX_POINT('',#13031);
#13033 = CARTESIAN_POINT('',(47.50656300,41.43656000,1.50000000));
#13034 = VERTEX_POINT('',#13033);
#13035 = CARTESIAN_POINT('',(47.50656300,41.43656000,0.00000000));
#13036 = DIRECTION('',(0.00000000,1.00000000,0.00000000));
#13037 = VECTOR('',#13036,13.80000000);
#13038 = LINE('',#13035,#13037);
#13039 = EDGE_CURVE('',#13028,#13030,#13038,.T.);
#13040 = CARTESIAN_POINT('',(47.50656300,55.23656000,0.00000000));
#13041 = DIRECTION('',(0.00000000,0.00000000,1.00000000));
#13042 = VECTOR('',#13041,1.50000000);
#13043 = LINE('',#13040,#13042);
#13044 = EDGE_CURVE('',#13030,#13032,#13043,.T.);
#13045 = CARTESIAN_POINT('',(47.50656300,55.23656000,1.50000000));
#13046 = DIRECTION('',(-0.00000000,-1.00000000,0.00000000));
#13047 = VECTOR('',#13046,13.80000000);
#13048 = LINE('',#13045,#13047);
#13049 = EDGE_CURVE('',#13032,#13034,#13048,.T.);
#13050 = CARTESIAN_POINT('',(47.50656300,41.43656000,1.50000000));
#13051 = DIRECTION('',(0.00000000,0.00000000,-1.00000000));
#13052 = VECTOR('',#13051,1.50000000);
#13053 = LINE('',#13050,#13052);
#13054 = EDGE_CURVE('',#13034,#13028,#13053,.T.);
#13055 = ORIENTED_EDGE('',*,*,#13054,.F.);
#13056 = ORIENTED_EDGE('',*,*,#13049,.F.);
#13057 = ORIENTED_EDGE('',*,*,#13044,.F.);
#13058 = ORIENTED_EDGE('',*,*,#13039,.F.);
#13059 = EDGE_LOOP('',(#13055,#13056,#13057,#13058));
#13060 = FACE_OUTER_BOUND('',#13059,.T.);
#13061 = CARTESIAN_POINT('',(47.50656300,41.43656000,0.00000000));
#13062 = DIRECTION('',(-1.00000000,0.00000000,0.00000000));
#13063 = DIRECTION('',(0.00000000,1.00000000,0.00000000));
#13064 = AXIS2_PLACEMENT_3D('',#13061,#13062,#13063);
#13065 = PLANE('',#13064);
#13066 = ADVANCED_FACE('',(#13060),#13065,.T.);
#13067 = CARTESIAN_POINT('',(125.55044071,88.25877129,0.00000000));
#13068 = VERTEX_POINT('',#13067);
#13069 = CARTESIAN_POINT('',(137.50159129,81.35877129,0.00000000));
#13070 = VERTEX_POINT('',#13069);
#13071 = CARTESIAN_POINT('',(137.50159129,81.35877129,1.50000000));
#13072 = VERTEX_POINT('',#13071);
#13073 = CARTESIAN_POINT('',(125.55044071,88.25877129,1.50000000));
#13074 = VERTEX_POINT('',#13073);
#13075 = CARTESIAN_POINT('',(125.55044071,88.25877129,0.00000000));
#13076 = DIRECTION('',(0.86602540,-0.50000000,0.00000000));
#13077 = VECTOR('',#13076,13.80000000);
#13078 = LINE('',#13075,#13077);
#13079 = EDGE_CURVE('',#13068,#13070,#13078,.T.);
#13080 = CARTESIAN_POINT('',(137.50159129,81.35877129,0.00000000));
#13081 = DIRECTION('',(0.00000000,0.00000000,1.00000000));
#13082 = VECTOR('',#13081,1.50000000);
#13083 = LINE('',#13080,#13082);
#13084 = EDGE_CURVE('',#13070,#13072,#13083,.T.);
#13085 = CARTESIAN_POINT('',(137.50159129,81.35877129,1.50000000));
#13086 = DIRECTION('',(-0.86602540,0.50000000,0.00000000));
#13087 = VECTOR('',#13086,13.80000000);
#13088 = LINE('',#13085,#13087);
#13089 = EDGE_CURVE('',#13072,#13074,#13088,.T.);
#13090 = CARTESIAN_POINT('',(125.55044071,88.25877129,1.50000000));
#13091 = DIRECTION('',(0.00000000,0.00000000,-1.00000000));
#13092 = VECTOR('',#13091,1.50000000);
#13093 = LINE('',#13090,#13092);
#13094 = EDGE_CURVE('',#13074,#13068,#13093,.T.);
#13095 = ORIENTED_EDGE('',*,*,#13094,.F.);
#13096 = ORIENTED_EDGE('',*,*,#13089,.F.);
#13097 = ORIENTED_EDGE('',*,*,#13084,.F.);
#13098 = ORIENTED_EDGE('',*,*,#13079,.F.);
#13099 = EDGE_LOOP('',(#13095,#13096,#13097,#13098));
#13100 = FACE_OUTER_BOUND('',#13099,.T.);
#13101 = CARTESIAN_POINT('',(125.55044071,88.25877129,0.00000000));
#13102 = DIRECTION('',(0.50000000,0.86602540,0.00000000));
#13103 = DIRECTION('',(0.86602540,-0.50000000,0.00000000));
#13104 = AXIS2_PLACEMENT_3D('',#13101,#13102,#13103);
#13105 = PLANE('',#13104);
#13106 = ADVANCED_FACE('',(#13100),#13105,.T.);
#13107 = CARTESIAN_POINT('',(137.50159129,81.35877129,0.00000000));
#13108 = VERTEX_POINT('',#13107);
#13109 = CARTESIAN_POINT('',(130.60159129,69.40762071,0.00000000));
#13110 = VERTEX_POINT('',#13109);
#13111 = CARTESIAN_POINT('',(130.60159129,69.40762071,1.50000000));
#13112 = VERTEX_POINT('',#13111);
#13113 = CARTESIAN_POINT('',(137.50159129,81.35877129,1.50000000));
#13114 = VERTEX_POINT('',#13113);
#13115 = CARTESIAN_POINT('',(137.50159129,81.35877129,0.00000000));
#13116 = DIRECTION('',(-0.50000000,-0.86602540,0.00000000));
#13117 = VECTOR('',#13116,13.80000000);
#13118 = LINE('',#13115,#13117);
#13119 = EDGE_CURVE('',#13108,#13110,#13118,.T.);
#13120 = CARTESIAN_POINT('',(130.60159129,69.40762071,0.00000000));
#13121 = DIRECTION('',(0.00000000,0.00000000,1.00000000));
#13122 = VECTOR('',#13121,1.50000000);
#13123 = LINE('',#13120,#13122);
#13124 = EDGE_CURVE('',#13110,#13112,#13123,.T.);
#13125 = CARTESIAN_POINT('',(130.60159129,69.40762071,1.50000000));
#13126 = DIRECTION('',(0.50000000,0.86602540,0.00000000));
#13127 = VECTOR('',#13126,13.80000000);
#13128 = LINE('',#13125,#13127);
#13129 = EDGE_CURVE('',#13112,#13114,#13128,.T.);
#13130 = CARTESIAN_POINT('',(137.50159129,81.35877129,1.50000000));
#13131 = DIRECTION('',(0.00000000,0.00000000,-1.00000000));
#13132 = VECTOR('',#13131,1.50000000);
#13133 = LINE('',#13130,#13132);
#13134 = EDGE_CURVE('',#13114,#13108,#13133,.T.);
#13135 = ORIENTED_EDGE('',*,*,#13134,.F.);
#13136 = ORIENTED_EDGE('',*,*,#13129,.F.);
#13137 = ORIENTED_EDGE('',*,*,#13124,.F.);
#13138 = ORIENTED_EDGE('',*,*,#13119,.F.);
#13139 = EDGE_LOOP('',(#13135,#13136,#13137,#13138));
#13140 = FACE_OUTER_BOUND('',#13139,.T.);
#13141 = CARTESIAN_POINT('',(137.50159129,81.35877129,0.00000000));
#13142 = DIRECTION('',(0.86602540,-0.50000000,0.00000000));
#13143 = DIRECTION('',(-0.50000000,-0.86602540,0.00000000));
#13144 = AXIS2_PLACEMENT_3D('',#13141,#13142,#13143);
#13145 = PLANE('',#13144);
#13146 = ADVANCED_FACE('',(#13140),#13145,.T.);
#13147 = CARTESIAN_POINT('',(130.60159129,69.40762071,0.00000000));
#13148 = VERTEX_POINT('',#13147);
#13149 = CARTESIAN_POINT('',(118.65044071,76.30762071,0.00000000));
#13150 = VERTEX_POINT('',#13149);
#13151 = CARTESIAN_POINT('',(118.65044071,76.30762071,1.50000000));
#13152 = VERTEX_POINT('',#13151);
#13153 = CARTESIAN_POINT('',(130.60159129,69.40762071,1.50000000));
#13154 = VERTEX_POINT('',#13153);
#13155 = CARTESIAN_POINT('',(130.60159129,69.40762071,0.00000000));
#13156 = DIRECTION('',(-0.86602540,0.50000000,0.00000000));
#13157 = VECTOR('',#13156,13.80000000);
#13158 = LINE('',#13155,#13157);
#13159 = EDGE_CURVE('',#13148,#13150,#13158,.T.);
#13160 = CARTESIAN_POINT('',(118.65044071,76.30762071,0.00000000));
#13161 = DIRECTION('',(0.00000000,0.00000000,1.00000000));
#13162 = VECTOR('',#13161,1.50000000);
#13163 = LINE('',#13160,#13162);
#13164 = EDGE_CURVE('',#13150,#13152,#13163,.T.);
#13165 = CARTESIAN_POINT('',(118.65044071,76.30762071,1.50000000));
#13166 = DIRECTION('',(0.86602540,-0.50000000,0.00000000));
#13167 = VECTOR('',#13166,13.80000000);
#13168 = LINE('',#13165,#13167);
#13169 = EDGE_CURVE('',#13152,#13154,#13168,.T.);
#13170 = CARTESIAN_POINT('',(130.60159129,69.40762071,1.50000000));
#13171 = DIRECTION('',(0.00000000,0.00000000,-1.00000000));
#13172 = VECTOR('',#13171,1.50000000);
#13173 = LINE('',#13170,#13172);
#13174 = EDGE_CURVE('',#13154,#13148,#13173,.T.);
#13175 = ORIENTED_EDGE('',*,*,#13174,.F.);
#13176 = ORIENTED_EDGE('',*,*,#13169,.F.);
#13177 = ORIENTED_EDGE('',*,*,#13164,.F.);
#13178 = ORIENTED_EDGE('',*,*,#13159,.F.);
#13179 = EDGE_LOOP('',(#13175,#13176,#13177,#13178));
#13180 = FACE_OUTER_BOUND('',#13179,.T.);
#13181 = CARTESIAN_POINT('',(130.60159129,69.40762071,0.00000000));
#13182 = DIRECTION('',(-0.50000000,-0.86602540,0.00000000));
#13183 = DIRECTION('',(-0.86602540,0.50000000,0.00000000));
#13184 = AXIS2_PLACEMENT_3D('',#13181,#13182,#13183);
#13185 = PLANE('',#13184);
#13186 = ADVANCED_FACE('',(#13180),#13185,.T.);
#13187 = CARTESIAN_POINT('',(118.65044071,76.30762071,0.00000000));
#13188 = VERTEX_POINT('',#13187);
#13189 = CARTESIAN_POINT('',(125.55044071,88.25877129,0.00000000));
#13190 = VERTEX_POINT('',#13189);
#13191 = CARTESIAN_POINT('',(125.55044071,88.25877129,1.50000000));
#13192 = VERTEX_POINT('',#13191);
#13193 = CARTESIAN_POINT('',(118.65044071,76.30762071,1.50000000));
#13194 = VERTEX_POINT('',#13193);
#13195 = CARTESIAN_POINT('',(118.65044071,76.30762071,0.00000000));
#13196 = DIRECTION('',(0.50000000,0.86602540,0.00000000));
#13197 = VECTOR('',#13196,13.80000000);
#13198 = LINE('',#13195,#13197);
#13199 = EDGE_CURVE('',#13188,#13190,#13198,.T.);
#13200 = CARTESIAN_POINT('',(125.55044071,88.25877129,0.00000000));
#13201 = DIRECTION('',(0.00000000,0.00000000,1.00000000));
#13202 = VECTOR('',#13201,1.50000000);
#13203 = LINE('',#13200,#13202);
#13204 = EDGE_CURVE('',#13190,#13192,#13203,.T.);
#13205 = CARTESIAN_POINT('',(125.55044071,88.25877129,1.50000000));
#13206 = DIRECTION('',(-0.50000000,-0.86602540,0.00000000));
#13207 = VECTOR('',#13206,13.80000000);
#13208 = LINE('',#13205,#13207);
#13209 = EDGE_CURVE('',#13192,#13194,#13208,.T.);
#13210 = CARTESIAN_POINT('',(118.65044071,76.30762071,1.50000000));
#13211 = DIRECTION('',(0.00000000,0.00000000,-1.00000000));
#13212 = VECTOR('',#13211,1.50000000);
#13213 = LINE('',#13210,#13212);
#13214 = EDGE_CURVE('',#13194,#13188,#13213,.T.);
#13215 = ORIENTED_EDGE('',*,*,#13214,.F.);
#13216 = ORIENTED_EDGE('',*,*,#13209,.F.);
#13217 = ORIENTED_EDGE('',*,*,#13204,.F.);
#13218 = ORIENTED_EDGE('',*,*,#13199,.F.);
#13219 = EDGE_LOOP('',(#13215,#13216,#13217,#13218));
#13220 = FACE_OUTER_BOUND('',#13219,.T.);
#13221 = CARTESIAN_POINT('',(118.65044071,76.30762071,0.00000000));
#13222 = DIRECTION('',(-0.86602540,0.50000000,0.00000000));
#13223 = DIRECTION('',(0.50000000,0.86602540,0.00000000));
#13224 = AXIS2_PLACEMENT_3D('',#13221,#13222,#13223);
#13225 = PLANE('',#13224);
#13226 = ADVANCED_FACE('',(#13220),#13225,.T.);
#13227 = CARTESIAN_POINT('',(66.75356300,52.40916000,0.00000000));
#13228 = VERTEX_POINT('',#13227);
#13229 = CARTESIAN_POINT('',(80.55356300,52.40916000,0.00000000));
#13230 = VERTEX_POINT('',#13229);
#13231 = CARTESIAN_POINT('',(80.55356300,52.40916000,1.50000000));
#13232 = VERTEX_POINT('',#13231);
#13233 = CARTESIAN_POINT('',(66.75356300,52.40916000,1.50000000));
#13234 = VERTEX_POINT('',#13233);
#13235 = CARTESIAN_POINT('',(66.75356300,52.40916000,0.00000000));
#13236 = DIRECTION('',(1.00000000,0.00000000,0.00000000));
#13237 = VECTOR('',#13236,13.80000000);
#13238 = LINE('',#13235,#13237);
#13239 = EDGE_CURVE('',#13228,#13230,#13238,.T.);
#13240 = CARTESIAN_POINT('',(80.55356300,52.40916000,0.00000000));
#13241 = DIRECTION('',(0.00000000,0.00000000,1.00000000));
#13242 = VECTOR('',#13241,1.50000000);
#13243 = LINE('',#13240,#13242);
#13244 = EDGE_CURVE('',#13230,#13232,#13243,.T.);
#13245 = CARTESIAN_POINT('',(80.55356300,52.40916000,1.50000000));
#13246 = DIRECTION('',(-1.00000000,-0.00000000,0.00000000));
#13247 = VECTOR('',#13246,13.80000000);
#13248 = LINE('',#13245,#13247);
#13249 = EDGE_CURVE('',#13232,#13234,#13248,.T.);
#13250 = CARTESIAN_POINT('',(66.75356300,52.40916000,1.50000000));
#13251 = DIRECTION('',(0.00000000,0.00000000,-1.00000000));
#13252 = VECTOR('',#13251,1.50000000);
#13253 = LINE('',#13250,#13252);
#13254 = EDGE_CURVE('',#13234,#13228,#13253,.T.);
#13255 = ORIENTED_EDGE('',*,*,#13254,.F.);
#13256 = ORIENTED_EDGE('',*,*,#13249,.F.);
#13257 = ORIENTED_EDGE('',*,*,#13244,.F.);
#13258 = ORIENTED_EDGE('',*,*,#13239,.F.);
#13259 = EDGE_LOOP('',(#13255,#13256,#13257,#13258));
#13260 = FACE_OUTER_BOUND('',#13259,.T.);
#13261 = CARTESIAN_POINT('',(66.75356300,52.40916000,0.00000000));
#13262 = DIRECTION('',(-0.00000000,1.00000000,0.00000000));
#13263 = DIRECTION('',(1.00000000,0.00000000,0.00000000));
#13264 = AXIS2_PLACEMENT_3D('',#13261,#13262,#13263);
#13265 = PLANE('',#13264);
#13266 = ADVANCED_FACE('',(#13260),#13265,.T.);
#13267 = CARTESIAN_POINT('',(80.55356300,52.40916000,0.00000000));
#13268 = VERTEX_POINT('',#13267);
#13269 = CARTESIAN_POINT('',(80.55356300,38.60916000,0.00000000));
#13270 = VERTEX_POINT('',#13269);
#13271 = CARTESIAN_POINT('',(80.55356300,38.60916000,1.50000000));
#13272 = VERTEX_POINT('',#13271);
#13273 = CARTESIAN_POINT('',(80.55356300,52.40916000,1.50000000));
#13274 = VERTEX_POINT('',#13273);
#13275 = CARTESIAN_POINT('',(80.55356300,52.40916000,0.00000000));
#13276 = DIRECTION('',(0.00000000,-1.00000000,0.00000000));
#13277 = VECTOR('',#13276,13.80000000);
#13278 = LINE('',#13275,#13277);
#13279 = EDGE_CURVE('',#13268,#13270,#13278,.T.);
#13280 = CARTESIAN_POINT('',(80.55356300,38.60916000,0.00000000));
#13281 = DIRECTION('',(0.00000000,0.00000000,1.00000000));
#13282 = VECTOR('',#13281,1.50000000);
#13283 = LINE('',#13280,#13282);
#13284 = EDGE_CURVE('',#13270,#13272,#13283,.T.);
#13285 = CARTESIAN_POINT('',(80.55356300,38.60916000,1.50000000));
#13286 = DIRECTION('',(-0.00000000,1.00000000,0.00000000));
#13287 = VECTOR('',#13286,13.80000000);
#13288 = LINE('',#13285,#13287);
#13289 = EDGE_CURVE('',#13272,#13274,#13288,.T.);
#13290 = CARTESIAN_POINT('',(80.55356300,52.40916000,1.50000000));
#13291 = DIRECTION('',(0.00000000,0.00000000,-1.00000000));
#13292 = VECTOR('',#13291,1.50000000);
#13293 = LINE('',#13290,#13292);
#13294 = EDGE_CURVE('',#13274,#13268,#13293,.T.);
#13295 = ORIENTED_EDGE('',*,*,#13294,.F.);
#13296 = ORIENTED_EDGE('',*,*,#13289,.F.);
#13297 = ORIENTED_EDGE('',*,*,#13284,.F.);
#13298 = ORIENTED_EDGE('',*,*,#13279,.F.);
#13299 = EDGE_LOOP('',(#13295,#13296,#13297,#13298));
#13300 = FACE_OUTER_BOUND('',#13299,.T.);
#13301 = CARTESIAN_POINT('',(80.55356300,52.40916000,0.00000000));
#13302 = DIRECTION('',(1.00000000,0.00000000,0.00000000));
#13303 = DIRECTION('',(0.00000000,-1.00000000,0.00000000));
#13304 = AXIS2_PLACEMENT_3D('',#13301,#13302,#13303);
#13305 = PLANE('',#13304);
#13306 = ADVANCED_FACE('',(#13300),#13305,.T.);
#13307 = CARTESIAN_POINT('',(80.55356300,38.60916000,0.00000000));
#13308 = VERTEX_POINT('',#13307);
#13309 = CARTESIAN_POINT('',(66.75356300,38.60916000,0.00000000));
#13310 = VERTEX_POINT('',#13309);
#13311 = CARTESIAN_POINT('',(66.75356300,38.60916000,1.50000000));
#13312 = VERTEX_POINT('',#13311);
#13313 = CARTESIAN_POINT('',(80.55356300,38.60916000,1.50000000));
#13314 = VERTEX_POINT('',#13313);
#13315 = CARTESIAN_POINT('',(80.55356300,38.60916000,0.00000000));
#13316 = DIRECTION('',(-1.00000000,0.00000000,0.00000000));
#13317 = VECTOR('',#13316,13.80000000);
#13318 = LINE('',#13315,#13317);
#13319 = EDGE_CURVE('',#13308,#13310,#13318,.T.);
#13320 = CARTESIAN_POINT('',(66.75356300,38.60916000,0.00000000));
#13321 = DIRECTION('',(0.00000000,0.00000000,1.00000000));
#13322 = VECTOR('',#13321,1.50000000);
#13323 = LINE('',#13320,#13322);
#13324 = EDGE_CURVE('',#13310,#13312,#13323,.T.);
#13325 = CARTESIAN_POINT('',(66.75356300,38.60916000,1.50000000));
#13326 = DIRECTION('',(1.00000000,-0.00000000,0.00000000));
#13327 = VECTOR('',#13326,13.80000000);
#13328 = LINE('',#13325,#13327);
#13329 = EDGE_CURVE('',#13312,#13314,#13328,.T.);
#13330 = CARTESIAN_POINT('',(80.55356300,38.60916000,1.50000000));
#13331 = DIRECTION('',(0.00000000,0.00000000,-1.00000000));
#13332 = VECTOR('',#13331,1.50000000);
#13333 = LINE('',#13330,#13332);
#13334 = EDGE_CURVE('',#13314,#13308,#13333,.T.);
#13335 = ORIENTED_EDGE('',*,*,#13334,.F.);
#13336 = ORIENTED_EDGE('',*,*,#13329,.F.);
#13337 = ORIENTED_EDGE('',*,*,#13324,.F.);
#13338 = ORIENTED_EDGE('',*,*,#13319,.F.);
#13339 = EDGE_LOOP('',(#13335,#13336,#13337,#13338));
#13340 = FACE_OUTER_BOUND('',#13339,.T.);
#13341 = CARTESIAN_POINT('',(80.55356300,38.60916000,0.00000000));
#13342 = DIRECTION('',(-0.00000000,-1.00000000,0.00000000));
#13343 = DIRECTION('',(-1.00000000,0.00000000,0.00000000));
#13344 = AXIS2_PLACEMENT_3D('',#13341,#13342,#13343);
#13345 = PLANE('',#13344);
#13346 = ADVANCED_FACE('',(#13340),#13345,.T.);
#13347 = CARTESIAN_POINT('',(66.75356300,38.60916000,0.00000000));
#13348 = VERTEX_POINT('',#13347);
#13349 = CARTESIAN_POINT('',(66.75356300,52.40916000,0.00000000));
#13350 = VERTEX_POINT('',#13349);
#13351 = CARTESIAN_POINT('',(66.75356300,52.40916000,1.50000000));
#13352 = VERTEX_POINT('',#13351);
#13353 = CARTESIAN_POINT('',(66.75356300,38.60916000,1.50000000));
#13354 = VERTEX_POINT('',#13353);
#13355 = CARTESIAN_POINT('',(66.75356300,38.60916000,0.00000000));
#13356 = DIRECTION('',(0.00000000,1.00000000,0.00000000));
#13357 = VECTOR('',#13356,13.80000000);
#13358 = LINE('',#13355,#13357);
#13359 = EDGE_CURVE('',#13348,#13350,#13358,.T.);
#13360 = CARTESIAN_POINT('',(66.75356300,52.40916000,0.00000000));
#13361 = DIRECTION('',(0.00000000,0.00000000,1.00000000));
#13362 = VECTOR('',#13361,1.50000000);
#13363 = LINE('',#13360,#13362);
#13364 = EDGE_CURVE('',#13350,#13352,#13363,.T.);
#13365 = CARTESIAN_POINT('',(66.75356300,52.40916000,1.50000000));
#13366 = DIRECTION('',(-0.00000000,-1.00000000,0.00000000));
#13367 = VECTOR('',#13366,13.80000000);
#13368 = LINE('',#13365,#13367);
#13369 = EDGE_CURVE('',#13352,#13354,#13368,.T.);
#13370 = CARTESIAN_POINT('',(66.75356300,38.60916000,1.50000000));
#13371 = DIRECTION('',(0.00000000,0.00000000,-1.00000000));
#13372 = VECTOR('',#13371,1.50000000);
#13373 = LINE('',#13370,#13372);
#13374 = EDGE_CURVE('',#13354,#13348,#13373,.T.);
#13375 = ORIENTED_EDGE('',*,*,#13374,.F.);
#13376 = ORIENTED_EDGE('',*,*,#13369,.F.);
#13377 = ORIENTED_EDGE('',*,*,#13364,.F.);
#13378 = ORIENTED_EDGE('',*,*,#13359,.F.);
#13379 = EDGE_LOOP('',(#13375,#13376,#13377,#13378));
#13380 = FACE_OUTER_BOUND('',#13379,.T.);
#13381 = CARTESIAN_POINT('',(66.75356300,38.60916000,0.00000000));
#13382 = DIRECTION('',(-1.00000000,0.00000000,0.00000000));
#13383 = DIRECTION('',(0.00000000,1.00000000,0.00000000));
#13384 = AXIS2_PLACEMENT_3D('',#13381,#13382,#13383);
#13385 = PLANE('',#13384);
#13386 = ADVANCED_FACE('',(#13380),#13385,.T.);
#13387 = CARTESIAN_POINT('',(85.86056300,37.77256000,0.00000000));
#13388 = VERTEX_POINT('',#13387);
#13389 = CARTESIAN_POINT('',(99.66056300,37.77256000,0.00000000));
#13390 = VERTEX_POINT('',#13389);
#13391 = CARTESIAN_POINT('',(99.66056300,37.77256000,1.50000000));
#13392 = VERTEX_POINT('',#13391);
#13393 = CARTESIAN_POINT('',(85.86056300,37.77256000,1.50000000));
#13394 = VERTEX_POINT('',#13393);
#13395 = CARTESIAN_POINT('',(85.86056300,37.77256000,0.00000000));
#13396 = DIRECTION('',(1.00000000,0.00000000,0.00000000));
#13397 = VECTOR('',#13396,13.80000000);
#13398 = LINE('',#13395,#13397);
#13399 = EDGE_CURVE('',#13388,#13390,#13398,.T.);
#13400 = CARTESIAN_POINT('',(99.66056300,37.77256000,0.00000000));
#13401 = DIRECTION('',(0.00000000,0.00000000,1.00000000));
#13402 = VECTOR('',#13401,1.50000000);
#13403 = LINE('',#13400,#13402);
#13404 = EDGE_CURVE('',#13390,#13392,#13403,.T.);
#13405 = CARTESIAN_POINT('',(99.66056300,37.77256000,1.50000000));
#13406 = DIRECTION('',(-1.00000000,-0.00000000,0.00000000));
#13407 = VECTOR('',#13406,13.80000000);
#13408 = LINE('',#13405,#13407);
#13409 = EDGE_CURVE('',#13392,#13394,#13408,.T.);
#13410 = CARTESIAN_POINT('',(85.86056300,37.77256000,1.50000000));
#13411 = DIRECTION('',(0.00000000,0.00000000,-1.00000000));
#13412 = VECTOR('',#13411,1.50000000);
#13413 = LINE('',#13410,#13412);
#13414 = EDGE_CURVE('',#13394,#13388,#13413,.T.);
#13415 = ORIENTED_EDGE('',*,*,#13414,.F.);
#13416 = ORIENTED_EDGE('',*,*,#13409,.F.);
#13417 = ORIENTED_EDGE('',*,*,#13404,.F.);
#13418 = ORIENTED_EDGE('',*,*,#13399,.F.);
#13419 = EDGE_LOOP('',(#13415,#13416,#13417,#13418));
#13420 = FACE_OUTER_BOUND('',#13419,.T.);
#13421 = CARTESIAN_POINT('',(85.86056300,37.77256000,0.00000000));
#13422 = DIRECTION('',(-0.00000000,1.00000000,0.00000000));
#13423 = DIRECTION('',(1.00000000,0.00000000,0.00000000));
#13424 = AXIS2_PLACEMENT_3D('',#13421,#13422,#13423);
#13425 = PLANE('',#13424);
#13426 = ADVANCED_FACE('',(#13420),#13425,.T.);
#13427 = CARTESIAN_POINT('',(99.66056300,37.77256000,0.00000000));
#13428 = VERTEX_POINT('',#13427);
#13429 = CARTESIAN_POINT('',(99.66056300,23.97256000,0.00000000));
#13430 = VERTEX_POINT('',#13429);
#13431 = CARTESIAN_POINT('',(99.66056300,23.97256000,1.50000000));
#13432 = VERTEX_POINT('',#13431);
#13433 = CARTESIAN_POINT('',(99.66056300,37.77256000,1.50000000));
#13434 = VERTEX_POINT('',#13433);
#13435 = CARTESIAN_POINT('',(99.66056300,37.77256000,0.00000000));
#13436 = DIRECTION('',(0.00000000,-1.00000000,0.00000000));
#13437 = VECTOR('',#13436,13.80000000);
#13438 = LINE('',#13435,#13437);
#13439 = EDGE_CURVE('',#13428,#13430,#13438,.T.);
#13440 = CARTESIAN_POINT('',(99.66056300,23.97256000,0.00000000));
#13441 = DIRECTION('',(0.00000000,0.00000000,1.00000000));
#13442 = VECTOR('',#13441,1.50000000);
#13443 = LINE('',#13440,#13442);
#13444 = EDGE_CURVE('',#13430,#13432,#13443,.T.);
#13445 = CARTESIAN_POINT('',(99.66056300,23.97256000,1.50000000));
#13446 = DIRECTION('',(-0.00000000,1.00000000,0.00000000));
#13447 = VECTOR('',#13446,13.80000000);
#13448 = LINE('',#13445,#13447);
#13449 = EDGE_CURVE('',#13432,#13434,#13448,.T.);
#13450 = CARTESIAN_POINT('',(99.66056300,37.77256000,1.50000000));
#13451 = DIRECTION('',(0.00000000,0.00000000,-1.00000000));
#13452 = VECTOR('',#13451,1.50000000);
#13453 = LINE('',#13450,#13452);
#13454 = EDGE_CURVE('',#13434,#13428,#13453,.T.);
#13455 = ORIENTED_EDGE('',*,*,#13454,.F.);
#13456 = ORIENTED_EDGE('',*,*,#13449,.F.);
#13457 = ORIENTED_EDGE('',*,*,#13444,.F.);
#13458 = ORIENTED_EDGE('',*,*,#13439,.F.);
#13459 = EDGE_LOOP('',(#13455,#13456,#13457,#13458));
#13460 = FACE_OUTER_BOUND('',#13459,.T.);
#13461 = CARTESIAN_POINT('',(99.66056300,37.77256000,0.00000000));
#13462 = DIRECTION('',(1.00000000,0.00000000,0.00000000));
#13463 = DIRECTION('',(0.00000000,-1.00000000,0.00000000));
#13464 = AXIS2_PLACEMENT_3D('',#13461,#13462,#13463);
#13465 = PLANE('',#13464);
#13466 = ADVANCED_FACE('',(#13460),#13465,.T.);
#13467 = CARTESIAN_POINT('',(99.66056300,23.97256000,0.00000000));
#13468 = VERTEX_POINT('',#13467);
#13469 = CARTESIAN_POINT('',(85.86056300,23.97256000,0.00000000));
#13470 = VERTEX_POINT('',#13469);
#13471 = CARTESIAN_POINT('',(85.86056300,23.97256000,1.50000000));
#13472 = VERTEX_POINT('',#13471);
#13473 = CARTESIAN_POINT('',(99.66056300,23.97256000,1.50000000));
#13474 = VERTEX_POINT('',#13473);
#13475 = CARTESIAN_POINT('',(99.66056300,23.97256000,0.00000000));
#13476 = DIRECTION('',(-1.00000000,0.00000000,0.00000000));
#13477 = VECTOR('',#13476,13.80000000);
#13478 = LINE('',#13475,#13477);
#13479 = EDGE_CURVE('',#13468,#13470,#13478,.T.);
#13480 = CARTESIAN_POINT('',(85.86056300,23.97256000,0.00000000));
#13481 = DIRECTION('',(0.00000000,0.00000000,1.00000000));
#13482 = VECTOR('',#13481,1.50000000);
#13483 = LINE('',#13480,#13482);
#13484 = EDGE_CURVE('',#13470,#13472,#13483,.T.);
#13485 = CARTESIAN_POINT('',(85.86056300,23.97256000,1.50000000));
#13486 = DIRECTION('',(1.00000000,-0.00000000,0.00000000));
#13487 = VECTOR('',#13486,13.80000000);
#13488 = LINE('',#13485,#13487);
#13489 = EDGE_CURVE('',#13472,#13474,#13488,.T.);
#13490 = CARTESIAN_POINT('',(99.66056300,23.97256000,1.50000000));
#13491 = DIRECTION('',(0.00000000,0.00000000,-1.00000000));
#13492 = VECTOR('',#13491,1.50000000);
#13493 = LINE('',#13490,#13492);
#13494 = EDGE_CURVE('',#13474,#13468,#13493,.T.);
#13495 = ORIENTED_EDGE('',*,*,#13494,.F.);
#13496 = ORIENTED_EDGE('',*,*,#13489,.F.);
#13497 = ORIENTED_EDGE('',*,*,#13484,.F.);
#13498 = ORIENTED_EDGE('',*,*,#13479,.F.);
#13499 = EDGE_LOOP('',(#13495,#13496,#13497,#13498));
#13500 = FACE_OUTER_BOUND('',#13499,.T.);
#13501 = CARTESIAN_POINT('',(99.66056300,23.97256000,0.00000000));
#13502 = DIRECTION('',(-0.00000000,-1.00000000,0.00000000));
#13503 = DIRECTION('',(-1.00000000,0.00000000,0.00000000));
#13504 = AXIS2_PLACEMENT_3D('',#13501,#13502,#13503);
#13505 = PLANE('',#13504);
#13506 = ADVANCED_FACE('',(#13500),#13505,.T.);
#13507 = CARTESIAN_POINT('',(85.86056300,23.97256000,0.00000000));
#13508 = VERTEX_POINT('',#13507);
#13509 = CARTESIAN_POINT('',(85.86056300,37.77256000,0.00000000));
#13510 = VERTEX_POINT('',#13509);
#13511 = CARTESIAN_POINT('',(85.86056300,37.77256000,1.50000000));
#13512 = VERTEX_POINT('',#13511);
#13513 = CARTESIAN_POINT('',(85.86056300,23.97256000,1.50000000));
#13514 = VERTEX_POINT('',#13513);
#13515 = CARTESIAN_POINT('',(85.86056300,23.97256000,0.00000000));
#13516 = DIRECTION('',(0.00000000,1.00000000,0.00000000));
#13517 = VECTOR('',#13516,13.80000000);
#13518 = LINE('',#13515,#13517);
#13519 = EDGE_CURVE('',#13508,#13510,#13518,.T.);
#13520 = CARTESIAN_POINT('',(85.86056300,37.77256000,0.00000000));
#13521 = DIRECTION('',(0.00000000,0.00000000,1.00000000));
#13522 = VECTOR('',#13521,1.50000000);
#13523 = LINE('',#13520,#13522);
#13524 = EDGE_CURVE('',#13510,#13512,#13523,.T.);
#13525 = CARTESIAN_POINT('',(85.86056300,37.77256000,1.50000000));
#13526 = DIRECTION('',(-0.00000000,-1.00000000,0.00000000));
#13527 = VECTOR('',#13526,13.80000000);
#13528 = LINE('',#13525,#13527);
#13529 = EDGE_CURVE('',#13512,#13514,#13528,.T.);
#13530 = CARTESIAN_POINT('',(85.86056300,23.97256000,1.50000000));
#13531 = DIRECTION('',(0.00000000,0.00000000,-1.00000000));
#13532 = VECTOR('',#13531,1.50000000);
#13533 = LINE('',#13530,#13532);
#13534 = EDGE_CURVE('',#13514,#13508,#13533,.T.);
#13535 = ORIENTED_EDGE('',*,*,#13534,.F.);
#13536 = ORIENTED_EDGE('',*,*,#13529,.F.);
#13537 = ORIENTED_EDGE('',*,*,#13524,.F.);
#13538 = ORIENTED_EDGE('',*,*,#13519,.F.);
#13539 = EDGE_LOOP('',(#13535,#13536,#13537,#13538));
#13540 = FACE_OUTER_BOUND('',#13539,.T.);
#13541 = CARTESIAN_POINT('',(85.86056300,23.97256000,0.00000000));
#13542 = DIRECTION('',(-1.00000000,0.00000000,0.00000000));
#13543 = DIRECTION('',(0.00000000,1.00000000,0.00000000));
#13544 = AXIS2_PLACEMENT_3D('',#13541,#13542,#13543);
#13545 = PLANE('',#13544);
#13546 = ADVANCED_FACE('',(#13540),#13545,.T.);
#13547 = CARTESIAN_POINT('',(85.86056300,20.17756000,0.00000000));
#13548 = VERTEX_POINT('',#13547);
#13549 = CARTESIAN_POINT('',(99.66056300,20.17756000,0.00000000));
#13550 = VERTEX_POINT('',#13549);
#13551 = CARTESIAN_POINT('',(99.66056300,20.17756000,1.50000000));
#13552 = VERTEX_POINT('',#13551);
#13553 = CARTESIAN_POINT('',(85.86056300,20.17756000,1.50000000));
#13554 = VERTEX_POINT('',#13553);
#13555 = CARTESIAN_POINT('',(85.86056300,20.17756000,0.00000000));
#13556 = DIRECTION('',(1.00000000,0.00000000,0.00000000));
#13557 = VECTOR('',#13556,13.80000000);
#13558 = LINE('',#13555,#13557);
#13559 = EDGE_CURVE('',#13548,#13550,#13558,.T.);
#13560 = CARTESIAN_POINT('',(99.66056300,20.17756000,0.00000000));
#13561 = DIRECTION('',(0.00000000,0.00000000,1.00000000));
#13562 = VECTOR('',#13561,1.50000000);
#13563 = LINE('',#13560,#13562);
#13564 = EDGE_CURVE('',#13550,#13552,#13563,.T.);
#13565 = CARTESIAN_POINT('',(99.66056300,20.17756000,1.50000000));
#13566 = DIRECTION('',(-1.00000000,-0.00000000,0.00000000));
#13567 = VECTOR('',#13566,13.80000000);
#13568 = LINE('',#13565,#13567);
#13569 = EDGE_CURVE('',#13552,#13554,#13568,.T.);
#13570 = CARTESIAN_POINT('',(85.86056300,20.17756000,1.50000000));
#13571 = DIRECTION('',(0.00000000,0.00000000,-1.00000000));
#13572 = VECTOR('',#13571,1.50000000);
#13573 = LINE('',#13570,#13572);
#13574 = EDGE_CURVE('',#13554,#13548,#13573,.T.);
#13575 = ORIENTED_EDGE('',*,*,#13574,.F.);
#13576 = ORIENTED_EDGE('',*,*,#13569,.F.);
#13577 = ORIENTED_EDGE('',*,*,#13564,.F.);
#13578 = ORIENTED_EDGE('',*,*,#13559,.F.);
#13579 = EDGE_LOOP('',(#13575,#13576,#13577,#13578));
#13580 = FACE_OUTER_BOUND('',#13579,.T.);
#13581 = CARTESIAN_POINT('',(85.86056300,20.17756000,0.00000000));
#13582 = DIRECTION('',(-0.00000000,1.00000000,0.00000000));
#13583 = DIRECTION('',(1.00000000,0.00000000,0.00000000));
#13584 = AXIS2_PLACEMENT_3D('',#13581,#13582,#13583);
#13585 = PLANE('',#13584);
#13586 = ADVANCED_FACE('',(#13580),#13585,.T.);
#13587 = CARTESIAN_POINT('',(99.66056300,20.17756000,0.00000000));
#13588 = VERTEX_POINT('',#13587);
#13589 = CARTESIAN_POINT('',(99.66056300,6.37756000,0.00000000));
#13590 = VERTEX_POINT('',#13589);
#13591 = CARTESIAN_POINT('',(99.66056300,6.37756000,1.50000000));
#13592 = VERTEX_POINT('',#13591);
#13593 = CARTESIAN_POINT('',(99.66056300,20.17756000,1.50000000));
#13594 = VERTEX_POINT('',#13593);
#13595 = CARTESIAN_POINT('',(99.66056300,20.17756000,0.00000000));
#13596 = DIRECTION('',(0.00000000,-1.00000000,0.00000000));
#13597 = VECTOR('',#13596,13.80000000);
#13598 = LINE('',#13595,#13597);
#13599 = EDGE_CURVE('',#13588,#13590,#13598,.T.);
#13600 = CARTESIAN_POINT('',(99.66056300,6.37756000,0.00000000));
#13601 = DIRECTION('',(0.00000000,0.00000000,1.00000000));
#13602 = VECTOR('',#13601,1.50000000);
#13603 = LINE('',#13600,#13602);
#13604 = EDGE_CURVE('',#13590,#13592,#13603,.T.);
#13605 = CARTESIAN_POINT('',(99.66056300,6.37756000,1.50000000));
#13606 = DIRECTION('',(-0.00000000,1.00000000,0.00000000));
#13607 = VECTOR('',#13606,13.80000000);
#13608 = LINE('',#13605,#13607);
#13609 = EDGE_CURVE('',#13592,#13594,#13608,.T.);
#13610 = CARTESIAN_POINT('',(99.66056300,20.17756000,1.50000000));
#13611 = DIRECTION('',(0.00000000,0.00000000,-1.00000000));
#13612 = VECTOR('',#13611,1.50000000);
#13613 = LINE('',#13610,#13612);
#13614 = EDGE_CURVE('',#13594,#13588,#13613,.T.);
#13615 = ORIENTED_EDGE('',*,*,#13614,.F.);
#13616 = ORIENTED_EDGE('',*,*,#13609,.F.);
#13617 = ORIENTED_EDGE('',*,*,#13604,.F.);
#13618 = ORIENTED_EDGE('',*,*,#13599,.F.);
#13619 = EDGE_LOOP('',(#13615,#13616,#13617,#13618));
#13620 = FACE_OUTER_BOUND('',#13619,.T.);
#13621 = CARTESIAN_POINT('',(99.66056300,20.17756000,0.00000000));
#13622 = DIRECTION('',(1.00000000,0.00000000,0.00000000));
#13623 = DIRECTION('',(0.00000000,-1.00000000,0.00000000));
#13624 = AXIS2_PLACEMENT_3D('',#13621,#13622,#13623);
#13625 = PLANE('',#13624);
#13626 = ADVANCED_FACE('',(#13620),#13625,.T.);
#13627 = CARTESIAN_POINT('',(99.66056300,6.37756000,0.00000000));
#13628 = VERTEX_POINT('',#13627);
#13629 = CARTESIAN_POINT('',(85.86056300,6.37756000,0.00000000));
#13630 = VERTEX_POINT('',#13629);
#13631 = CARTESIAN_POINT('',(85.86056300,6.37756000,1.50000000));
#13632 = VERTEX_POINT('',#13631);
#13633 = CARTESIAN_POINT('',(99.66056300,6.37756000,1.50000000));
#13634 = VERTEX_POINT('',#13633);
#13635 = CARTESIAN_POINT('',(99.66056300,6.37756000,0.00000000));
#13636 = DIRECTION('',(-1.00000000,0.00000000,0.00000000));
#13637 = VECTOR('',#13636,13.80000000);
#13638 = LINE('',#13635,#13637);
#13639 = EDGE_CURVE('',#13628,#13630,#13638,.T.);
#13640 = CARTESIAN_POINT('',(85.86056300,6.37756000,0.00000000));
#13641 = DIRECTION('',(0.00000000,0.00000000,1.00000000));
#13642 = VECTOR('',#13641,1.50000000);
#13643 = LINE('',#13640,#13642);
#13644 = EDGE_CURVE('',#13630,#13632,#13643,.T.);
#13645 = CARTESIAN_POINT('',(85.86056300,6.37756000,1.50000000));
#13646 = DIRECTION('',(1.00000000,-0.00000000,0.00000000));
#13647 = VECTOR('',#13646,13.80000000);
#13648 = LINE('',#13645,#13647);
#13649 = EDGE_CURVE('',#13632,#13634,#13648,.T.);
#13650 = CARTESIAN_POINT('',(99.66056300,6.37756000,1.50000000));
#13651 = DIRECTION('',(0.00000000,0.00000000,-1.00000000));
#13652 = VECTOR('',#13651,1.50000000);
#13653 = LINE('',#13650,#13652);
#13654 = EDGE_CURVE('',#13634,#13628,#13653,.T.);
#13655 = ORIENTED_EDGE('',*,*,#13654,.F.);
#13656 = ORIENTED_EDGE('',*,*,#13649,.F.);
#13657 = ORIENTED_EDGE('',*,*,#13644,.F.);
#13658 = ORIENTED_EDGE('',*,*,#13639,.F.);
#13659 = EDGE_LOOP('',(#13655,#13656,#13657,#13658));
#13660 = FACE_OUTER_BOUND('',#13659,.T.);
#13661 = CARTESIAN_POINT('',(99.66056300,6.37756000,0.00000000));
#13662 = DIRECTION('',(-0.00000000,-1.00000000,0.00000000));
#13663 = DIRECTION('',(-1.00000000,0.00000000,0.00000000));
#13664 = AXIS2_PLACEMENT_3D('',#13661,#13662,#13663);
#13665 = PLANE('',#13664);
#13666 = ADVANCED_FACE('',(#13660),#13665,.T.);
#13667 = CARTESIAN_POINT('',(85.86056300,6.37756000,0.00000000));
#13668 = VERTEX_POINT('',#13667);
#13669 = CARTESIAN_POINT('',(85.86056300,20.17756000,0.00000000));
#13670 = VERTEX_POINT('',#13669);
#13671 = CARTESIAN_POINT('',(85.86056300,20.17756000,1.50000000));
#13672 = VERTEX_POINT('',#13671);
#13673 = CARTESIAN_POINT('',(85.86056300,6.37756000,1.50000000));
#13674 = VERTEX_POINT('',#13673);
#13675 = CARTESIAN_POINT('',(85.86056300,6.37756000,0.00000000));
#13676 = DIRECTION('',(0.00000000,1.00000000,0.00000000));
#13677 = VECTOR('',#13676,13.80000000);
#13678 = LINE('',#13675,#13677);
#13679 = EDGE_CURVE('',#13668,#13670,#13678,.T.);
#13680 = CARTESIAN_POINT('',(85.86056300,20.17756000,0.00000000));
#13681 = DIRECTION('',(0.00000000,0.00000000,1.00000000));
#13682 = VECTOR('',#13681,1.50000000);
#13683 = LINE('',#13680,#13682);
#13684 = EDGE_CURVE('',#13670,#13672,#13683,.T.);
#13685 = CARTESIAN_POINT('',(85.86056300,20.17756000,1.50000000));
#13686 = DIRECTION('',(-0.00000000,-1.00000000,0.00000000));
#13687 = VECTOR('',#13686,13.80000000);
#13688 = LINE('',#13685,#13687);
#13689 = EDGE_CURVE('',#13672,#13674,#13688,.T.);
#13690 = CARTESIAN_POINT('',(85.86056300,6.37756000,1.50000000));
#13691 = DIRECTION('',(0.00000000,0.00000000,-1.00000000));
#13692 = VECTOR('',#13691,1.50000000);
#13693 = LINE('',#13690,#13692);
#13694 = EDGE_CURVE('',#13674,#13668,#13693,.T.);
#13695 = ORIENTED_EDGE('',*,*,#13694,.F.);
#13696 = ORIENTED_EDGE('',*,*,#13689,.F.);
#13697 = ORIENTED_EDGE('',*,*,#13684,.F.);
#13698 = ORIENTED_EDGE('',*,*,#13679,.F.);
#13699 = EDGE_LOOP('',(#13695,#13696,#13697,#13698));
#13700 = FACE_OUTER_BOUND('',#13699,.T.);
#13701 = CARTESIAN_POINT('',(85.86056300,6.37756000,0.00000000));
#13702 = DIRECTION('',(-1.00000000,0.00000000,0.00000000));
#13703 = DIRECTION('',(0.00000000,1.00000000,0.00000000));
#13704 = AXIS2_PLACEMENT_3D('',#13701,#13702,#13703);
#13705 = PLANE('',#13704);
#13706 = ADVANCED_FACE('',(#13700),#13705,.T.);
#13707 = CARTESIAN_POINT('',(47.50656300,20.04656000,0.00000000));
#13708 = VERTEX_POINT('',#13707);
#13709 = CARTESIAN_POINT('',(61.30656300,20.04656000,0.00000000));
#13710 = VERTEX_POINT('',#13709);
#13711 = CARTESIAN_POINT('',(61.30656300,20.04656000,1.50000000));
#13712 = VERTEX_POINT('',#13711);
#13713 = CARTESIAN_POINT('',(47.50656300,20.04656000,1.50000000));
#13714 = VERTEX_POINT('',#13713);
#13715 = CARTESIAN_POINT('',(47.50656300,20.04656000,0.00000000));
#13716 = DIRECTION('',(1.00000000,0.00000000,0.00000000));
#13717 = VECTOR('',#13716,13.80000000);
#13718 = LINE('',#13715,#13717);
#13719 = EDGE_CURVE('',#13708,#13710,#13718,.T.);
#13720 = CARTESIAN_POINT('',(61.30656300,20.04656000,0.00000000));
#13721 = DIRECTION('',(0.00000000,0.00000000,1.00000000));
#13722 = VECTOR('',#13721,1.50000000);
#13723 = LINE('',#13720,#13722);
#13724 = EDGE_CURVE('',#13710,#13712,#13723,.T.);
#13725 = CARTESIAN_POINT('',(61.30656300,20.04656000,1.50000000));
#13726 = DIRECTION('',(-1.00000000,-0.00000000,0.00000000));
#13727 = VECTOR('',#13726,13.80000000);
#13728 = LINE('',#13725,#13727);
#13729 = EDGE_CURVE('',#13712,#13714,#13728,.T.);
#13730 = CARTESIAN_POINT('',(47.50656300,20.04656000,1.50000000));
#13731 = DIRECTION('',(0.00000000,0.00000000,-1.00000000));
#13732 = VECTOR('',#13731,1.50000000);
#13733 = LINE('',#13730,#13732);
#13734 = EDGE_CURVE('',#13714,#13708,#13733,.T.);
#13735 = ORIENTED_EDGE('',*,*,#13734,.F.);
#13736 = ORIENTED_EDGE('',*,*,#13729,.F.);
#13737 = ORIENTED_EDGE('',*,*,#13724,.F.);
#13738 = ORIENTED_EDGE('',*,*,#13719,.F.);
#13739 = EDGE_LOOP('',(#13735,#13736,#13737,#13738));
#13740 = FACE_OUTER_BOUND('',#13739,.T.);
#13741 = CARTESIAN_POINT('',(47.50656300,20.04656000,0.00000000));
#13742 = DIRECTION('',(-0.00000000,1.00000000,0.00000000));
#13743 = DIRECTION('',(1.00000000,0.00000000,0.00000000));
#13744 = AXIS2_PLACEMENT_3D('',#13741,#13742,#13743);
#13745 = PLANE('',#13744);
#13746 = ADVANCED_FACE('',(#13740),#13745,.T.);
#13747 = CARTESIAN_POINT('',(61.30656300,20.04656000,0.00000000));
#13748 = VERTEX_POINT('',#13747);
#13749 = CARTESIAN_POINT('',(61.30656300,6.24656000,0.00000000));
#13750 = VERTEX_POINT('',#13749);
#13751 = CARTESIAN_POINT('',(61.30656300,6.24656000,1.50000000));
#13752 = VERTEX_POINT('',#13751);
#13753 = CARTESIAN_POINT('',(61.30656300,20.04656000,1.50000000));
#13754 = VERTEX_POINT('',#13753);
#13755 = CARTESIAN_POINT('',(61.30656300,20.04656000,0.00000000));
#13756 = DIRECTION('',(0.00000000,-1.00000000,0.00000000));
#13757 = VECTOR('',#13756,13.80000000);
#13758 = LINE('',#13755,#13757);
#13759 = EDGE_CURVE('',#13748,#13750,#13758,.T.);
#13760 = CARTESIAN_POINT('',(61.30656300,6.24656000,0.00000000));
#13761 = DIRECTION('',(0.00000000,0.00000000,1.00000000));
#13762 = VECTOR('',#13761,1.50000000);
#13763 = LINE('',#13760,#13762);
#13764 = EDGE_CURVE('',#13750,#13752,#13763,.T.);
#13765 = CARTESIAN_POINT('',(61.30656300,6.24656000,1.50000000));
#13766 = DIRECTION('',(-0.00000000,1.00000000,0.00000000));
#13767 = VECTOR('',#13766,13.80000000);
#13768 = LINE('',#13765,#13767);
#13769 = EDGE_CURVE('',#13752,#13754,#13768,.T.);
#13770 = CARTESIAN_POINT('',(61.30656300,20.04656000,1.50000000));
#13771 = DIRECTION('',(0.00000000,0.00000000,-1.00000000));
#13772 = VECTOR('',#13771,1.50000000);
#13773 = LINE('',#13770,#13772);
#13774 = EDGE_CURVE('',#13754,#13748,#13773,.T.);
#13775 = ORIENTED_EDGE('',*,*,#13774,.F.);
#13776 = ORIENTED_EDGE('',*,*,#13769,.F.);
#13777 = ORIENTED_EDGE('',*,*,#13764,.F.);
#13778 = ORIENTED_EDGE('',*,*,#13759,.F.);
#13779 = EDGE_LOOP('',(#13775,#13776,#13777,#13778));
#13780 = FACE_OUTER_BOUND('',#13779,.T.);
#13781 = CARTESIAN_POINT('',(61.30656300,20.04656000,0.00000000));
#13782 = DIRECTION('',(1.00000000,0.00000000,0.00000000));
#13783 = DIRECTION('',(0.00000000,-1.00000000,0.00000000));
#13784 = AXIS2_PLACEMENT_3D('',#13781,#13782,#13783);
#13785 = PLANE('',#13784);
#13786 = ADVANCED_FACE('',(#13780),#13785,.T.);
#13787 = CARTESIAN_POINT('',(61.30656300,6.24656000,0.00000000));
#13788 = VERTEX_POINT('',#13787);
#13789 = CARTESIAN_POINT('',(47.50656300,6.24656000,0.00000000));
#13790 = VERTEX_POINT('',#13789);
#13791 = CARTESIAN_POINT('',(47.50656300,6.24656000,1.50000000));
#13792 = VERTEX_POINT('',#13791);
#13793 = CARTESIAN_POINT('',(61.30656300,6.24656000,1.50000000));
#13794 = VERTEX_POINT('',#13793);
#13795 = CARTESIAN_POINT('',(61.30656300,6.24656000,0.00000000));
#13796 = DIRECTION('',(-1.00000000,0.00000000,0.00000000));
#13797 = VECTOR('',#13796,13.80000000);
#13798 = LINE('',#13795,#13797);
#13799 = EDGE_CURVE('',#13788,#13790,#13798,.T.);
#13800 = CARTESIAN_POINT('',(47.50656300,6.24656000,0.00000000));
#13801 = DIRECTION('',(0.00000000,0.00000000,1.00000000));
#13802 = VECTOR('',#13801,1.50000000);
#13803 = LINE('',#13800,#13802);
#13804 = EDGE_CURVE('',#13790,#13792,#13803,.T.);
#13805 = CARTESIAN_POINT('',(47.50656300,6.24656000,1.50000000));
#13806 = DIRECTION('',(1.00000000,-0.00000000,0.00000000));
#13807 = VECTOR('',#13806,13.80000000);
#13808 = LINE('',#13805,#13807);
#13809 = EDGE_CURVE('',#13792,#13794,#13808,.T.);
#13810 = CARTESIAN_POINT('',(61.30656300,6.24656000,1.50000000));
#13811 = DIRECTION('',(0.00000000,0.00000000,-1.00000000));
#13812 = VECTOR('',#13811,1.50000000);
#13813 = LINE('',#13810,#13812);
#13814 = EDGE_CURVE('',#13794,#13788,#13813,.T.);
#13815 = ORIENTED_EDGE('',*,*,#13814,.F.);
#13816 = ORIENTED_EDGE('',*,*,#13809,.F.);
#13817 = ORIENTED_EDGE('',*,*,#13804,.F.);
#13818 = ORIENTED_EDGE('',*,*,#13799,.F.);
#13819 = EDGE_LOOP('',(#13815,#13816,#13817,#13818));
#13820 = FACE_OUTER_BOUND('',#13819,.T.);
#13821 = CARTESIAN_POINT('',(61.30656300,6.24656000,0.00000000));
#13822 = DIRECTION('',(-0.00000000,-1.00000000,0.00000000));
#13823 = DIRECTION('',(-1.00000000,0.00000000,0.00000000));
#13824 = AXIS2_PLACEMENT_3D('',#13821,#13822,#13823);
#13825 = PLANE('',#13824);
#13826 = ADVANCED_FACE('',(#13820),#13825,.T.);
#13827 = CARTESIAN_POINT('',(47.50656300,6.24656000,0.00000000));
#13828 = VERTEX_POINT('',#13827);
#13829 = CARTESIAN_POINT('',(47.50656300,20.04656000,0.00000000));
#13830 = VERTEX_POINT('',#13829);
#13831 = CARTESIAN_POINT('',(47.50656300,20.04656000,1.50000000));
#13832 = VERTEX_POINT('',#13831);
#13833 = CARTESIAN_POINT('',(47.50656300,6.24656000,1.50000000));
#13834 = VERTEX_POINT('',#13833);
#13835 = CARTESIAN_POINT('',(47.50656300,6.24656000,0.00000000));
#13836 = DIRECTION('',(0.00000000,1.00000000,0.00000000));
#13837 = VECTOR('',#13836,13.80000000);
#13838 = LINE('',#13835,#13837);
#13839 = EDGE_CURVE('',#13828,#13830,#13838,.T.);
#13840 = CARTESIAN_POINT('',(47.50656300,20.04656000,0.00000000));
#13841 = DIRECTION('',(0.00000000,0.00000000,1.00000000));
#13842 = VECTOR('',#13841,1.50000000);
#13843 = LINE('',#13840,#13842);
#13844 = EDGE_CURVE('',#13830,#13832,#13843,.T.);
#13845 = CARTESIAN_POINT('',(47.50656300,20.04656000,1.50000000));
#13846 = DIRECTION('',(-0.00000000,-1.00000000,0.00000000));
#13847 = VECTOR('',#13846,13.80000000);
#13848 = LINE('',#13845,#13847);
#13849 = EDGE_CURVE('',#13832,#13834,#13848,.T.);
#13850 = CARTESIAN_POINT('',(47.50656300,6.24656000,1.50000000));
#13851 = DIRECTION('',(0.00000000,0.00000000,-1.00000000));
#13852 = VECTOR('',#13851,1.50000000);
#13853 = LINE('',#13850,#13852);
#13854 = EDGE_CURVE('',#13834,#13828,#13853,.T.);
#13855 = ORIENTED_EDGE('',*,*,#13854,.F.);
#13856 = ORIENTED_EDGE('',*,*,#13849,.F.);
#13857 = ORIENTED_EDGE('',*,*,#13844,.F.);
#13858 = ORIENTED_EDGE('',*,*,#13839,.F.);
#13859 = EDGE_LOOP('',(#13855,#13856,#13857,#13858));
#13860 = FACE_OUTER_BOUND('',#13859,.T.);
#13861 = CARTESIAN_POINT('',(47.50656300,6.24656000,0.00000000));
#13862 = DIRECTION('',(-1.00000000,0.00000000,0.00000000));
#13863 = DIRECTION('',(0.00000000,1.00000000,0.00000000));
#13864 = AXIS2_PLACEMENT_3D('',#13861,#13862,#13863);
#13865 = PLANE('',#13864);
#13866 = ADVANCED_FACE('',(#13860),#13865,.T.);
#13867 = CARTESIAN_POINT('',(105.01216300,21.91176000,0.00000000));
#13868 = VERTEX_POINT('',#13867);
#13869 = CARTESIAN_POINT('',(118.81216300,21.91176000,0.00000000));
#13870 = VERTEX_POINT('',#13869);
#13871 = CARTESIAN_POINT('',(118.81216300,21.91176000,1.50000000));
#13872 = VERTEX_POINT('',#13871);
#13873 = CARTESIAN_POINT('',(105.01216300,21.91176000,1.50000000));
#13874 = VERTEX_POINT('',#13873);
#13875 = CARTESIAN_POINT('',(105.01216300,21.91176000,0.00000000));
#13876 = DIRECTION('',(1.00000000,0.00000000,0.00000000));
#13877 = VECTOR('',#13876,13.80000000);
#13878 = LINE('',#13875,#13877);
#13879 = EDGE_CURVE('',#13868,#13870,#13878,.T.);
#13880 = CARTESIAN_POINT('',(118.81216300,21.91176000,0.00000000));
#13881 = DIRECTION('',(0.00000000,0.00000000,1.00000000));
#13882 = VECTOR('',#13881,1.50000000);
#13883 = LINE('',#13880,#13882);
#13884 = EDGE_CURVE('',#13870,#13872,#13883,.T.);
#13885 = CARTESIAN_POINT('',(118.81216300,21.91176000,1.50000000));
#13886 = DIRECTION('',(-1.00000000,-0.00000000,0.00000000));
#13887 = VECTOR('',#13886,13.80000000);
#13888 = LINE('',#13885,#13887);
#13889 = EDGE_CURVE('',#13872,#13874,#13888,.T.);
#13890 = CARTESIAN_POINT('',(105.01216300,21.91176000,1.50000000));
#13891 = DIRECTION('',(0.00000000,0.00000000,-1.00000000));
#13892 = VECTOR('',#13891,1.50000000);
#13893 = LINE('',#13890,#13892);
#13894 = EDGE_CURVE('',#13874,#13868,#13893,.T.);
#13895 = ORIENTED_EDGE('',*,*,#13894,.F.);
#13896 = ORIENTED_EDGE('',*,*,#13889,.F.);
#13897 = ORIENTED_EDGE('',*,*,#13884,.F.);
#13898 = ORIENTED_EDGE('',*,*,#13879,.F.);
#13899 = EDGE_LOOP('',(#13895,#13896,#13897,#13898));
#13900 = FACE_OUTER_BOUND('',#13899,.T.);
#13901 = CARTESIAN_POINT('',(105.01216300,21.91176000,0.00000000));
#13902 = DIRECTION('',(-0.00000000,1.00000000,0.00000000));
#13903 = DIRECTION('',(1.00000000,0.00000000,0.00000000));
#13904 = AXIS2_PLACEMENT_3D('',#13901,#13902,#13903);
#13905 = PLANE('',#13904);
#13906 = ADVANCED_FACE('',(#13900),#13905,.T.);
#13907 = CARTESIAN_POINT('',(118.81216300,21.91176000,0.00000000));
#13908 = VERTEX_POINT('',#13907);
#13909 = CARTESIAN_POINT('',(118.81216300,8.11176000,0.00000000));
#13910 = VERTEX_POINT('',#13909);
#13911 = CARTESIAN_POINT('',(118.81216300,8.11176000,1.50000000));
#13912 = VERTEX_POINT('',#13911);
#13913 = CARTESIAN_POINT('',(118.81216300,21.91176000,1.50000000));
#13914 = VERTEX_POINT('',#13913);
#13915 = CARTESIAN_POINT('',(118.81216300,21.91176000,0.00000000));
#13916 = DIRECTION('',(0.00000000,-1.00000000,0.00000000));
#13917 = VECTOR('',#13916,13.80000000);
#13918 = LINE('',#13915,#13917);
#13919 = EDGE_CURVE('',#13908,#13910,#13918,.T.);
#13920 = CARTESIAN_POINT('',(118.81216300,8.11176000,0.00000000));
#13921 = DIRECTION('',(0.00000000,0.00000000,1.00000000));
#13922 = VECTOR('',#13921,1.50000000);
#13923 = LINE('',#13920,#13922);
#13924 = EDGE_CURVE('',#13910,#13912,#13923,.T.);
#13925 = CARTESIAN_POINT('',(118.81216300,8.11176000,1.50000000));
#13926 = DIRECTION('',(-0.00000000,1.00000000,0.00000000));
#13927 = VECTOR('',#13926,13.80000000);
#13928 = LINE('',#13925,#13927);
#13929 = EDGE_CURVE('',#13912,#13914,#13928,.T.);
#13930 = CARTESIAN_POINT('',(118.81216300,21.91176000,1.50000000));
#13931 = DIRECTION('',(0.00000000,0.00000000,-1.00000000));
#13932 = VECTOR('',#13931,1.50000000);
#13933 = LINE('',#13930,#13932);
#13934 = EDGE_CURVE('',#13914,#13908,#13933,.T.);
#13935 = ORIENTED_EDGE('',*,*,#13934,.F.);
#13936 = ORIENTED_EDGE('',*,*,#13929,.F.);
#13937 = ORIENTED_EDGE('',*,*,#13924,.F.);
#13938 = ORIENTED_EDGE('',*,*,#13919,.F.);
#13939 = EDGE_LOOP('',(#13935,#13936,#13937,#13938));
#13940 = FACE_OUTER_BOUND('',#13939,.T.);
#13941 = CARTESIAN_POINT('',(118.81216300,21.91176000,0.00000000));
#13942 = DIRECTION('',(1.00000000,0.00000000,0.00000000));
#13943 = DIRECTION('',(0.00000000,-1.00000000,0.00000000));
#13944 = AXIS2_PLACEMENT_3D('',#13941,#13942,#13943);
#13945 = PLANE('',#13944);
#13946 = ADVANCED_FACE('',(#13940),#13945,.T.);
#13947 = CARTESIAN_POINT('',(118.81216300,8.11176000,0.00000000));
#13948 = VERTEX_POINT('',#13947);
#13949 = CARTESIAN_POINT('',(105.01216300,8.11176000,0.00000000));
#13950 = VERTEX_POINT('',#13949);
#13951 = CARTESIAN_POINT('',(105.01216300,8.11176000,1.50000000));
#13952 = VERTEX_POINT('',#13951);
#13953 = CARTESIAN_POINT('',(118.81216300,8.11176000,1.50000000));
#13954 = VERTEX_POINT('',#13953);
#13955 = CARTESIAN_POINT('',(118.81216300,8.11176000,0.00000000));
#13956 = DIRECTION('',(-1.00000000,0.00000000,0.00000000));
#13957 = VECTOR('',#13956,13.80000000);
#13958 = LINE('',#13955,#13957);
#13959 = EDGE_CURVE('',#13948,#13950,#13958,.T.);
#13960 = CARTESIAN_POINT('',(105.01216300,8.11176000,0.00000000));
#13961 = DIRECTION('',(0.00000000,0.00000000,1.00000000));
#13962 = VECTOR('',#13961,1.50000000);
#13963 = LINE('',#13960,#13962);
#13964 = EDGE_CURVE('',#13950,#13952,#13963,.T.);
#13965 = CARTESIAN_POINT('',(105.01216300,8.11176000,1.50000000));
#13966 = DIRECTION('',(1.00000000,-0.00000000,0.00000000));
#13967 = VECTOR('',#13966,13.80000000);
#13968 = LINE('',#13965,#13967);
#13969 = EDGE_CURVE('',#13952,#13954,#13968,.T.);
#13970 = CARTESIAN_POINT('',(118.81216300,8.11176000,1.50000000));
#13971 = DIRECTION('',(0.00000000,0.00000000,-1.00000000));
#13972 = VECTOR('',#13971,1.50000000);
#13973 = LINE('',#13970,#13972);
#13974 = EDGE_CURVE('',#13954,#13948,#13973,.T.);
#13975 = ORIENTED_EDGE('',*,*,#13974,.F.);
#13976 = ORIENTED_EDGE('',*,*,#13969,.F.);
#13977 = ORIENTED_EDGE('',*,*,#13964,.F.);
#13978 = ORIENTED_EDGE('',*,*,#13959,.F.);
#13979 = EDGE_LOOP('',(#13975,#13976,#13977,#13978));
#13980 = FACE_OUTER_BOUND('',#13979,.T.);
#13981 = CARTESIAN_POINT('',(118.81216300,8.11176000,0.00000000));
#13982 = DIRECTION('',(-0.00000000,-1.00000000,0.00000000));
#13983 = DIRECTION('',(-1.00000000,0.00000000,0.00000000));
#13984 = AXIS2_PLACEMENT_3D('',#13981,#13982,#13983);
#13985 = PLANE('',#13984);
#13986 = ADVANCED_FACE('',(#13980),#13985,.T.);
#13987 = CARTESIAN_POINT('',(105.01216300,8.11176000,0.00000000));
#13988 = VERTEX_POINT('',#13987);
#13989 = CARTESIAN_POINT('',(105.01216300,21.91176000,0.00000000));
#13990 = VERTEX_POINT('',#13989);
#13991 = CARTESIAN_POINT('',(105.01216300,21.91176000,1.50000000));
#13992 = VERTEX_POINT('',#13991);
#13993 = CARTESIAN_POINT('',(105.01216300,8.11176000,1.50000000));
#13994 = VERTEX_POINT('',#13993);
#13995 = CARTESIAN_POINT('',(105.01216300,8.11176000,0.00000000));
#13996 = DIRECTION('',(0.00000000,1.00000000,0.00000000));
#13997 = VECTOR('',#13996,13.80000000);
#13998 = LINE('',#13995,#13997);
#13999 = EDGE_CURVE('',#13988,#13990,#13998,.T.);
#14000 = CARTESIAN_POINT('',(105.01216300,21.91176000,0.00000000));
#14001 = DIRECTION('',(0.00000000,0.00000000,1.00000000));
#14002 = VECTOR('',#14001,1.50000000);
#14003 = LINE('',#14000,#14002);
#14004 = EDGE_CURVE('',#13990,#13992,#14003,.T.);
#14005 = CARTESIAN_POINT('',(105.01216300,21.91176000,1.50000000));
#14006 = DIRECTION('',(-0.00000000,-1.00000000,0.00000000));
#14007 = VECTOR('',#14006,13.80000000);
#14008 = LINE('',#14005,#14007);
#14009 = EDGE_CURVE('',#13992,#13994,#14008,.T.);
#14010 = CARTESIAN_POINT('',(105.01216300,8.11176000,1.50000000));
#14011 = DIRECTION('',(0.00000000,0.00000000,-1.00000000));
#14012 = VECTOR('',#14011,1.50000000);
#14013 = LINE('',#14010,#14012);
#14014 = EDGE_CURVE('',#13994,#13988,#14013,.T.);
#14015 = ORIENTED_EDGE('',*,*,#14014,.F.);
#14016 = ORIENTED_EDGE('',*,*,#14009,.F.);
#14017 = ORIENTED_EDGE('',*,*,#14004,.F.);
#14018 = ORIENTED_EDGE('',*,*,#13999,.F.);
#14019 = EDGE_LOOP('',(#14015,#14016,#14017,#14018));
#14020 = FACE_OUTER_BOUND('',#14019,.T.);
#14021 = CARTESIAN_POINT('',(105.01216300,8.11176000,0.00000000));
#14022 = DIRECTION('',(-1.00000000,0.00000000,0.00000000));
#14023 = DIRECTION('',(0.00000000,1.00000000,0.00000000));
#14024 = AXIS2_PLACEMENT_3D('',#14021,#14022,#14023);
#14025 = PLANE('',#14024);
#14026 = ADVANCED_FACE('',(#14020),#14025,.T.);
#14027 = CARTESIAN_POINT('',(28.40576300,41.52776000,0.00000000));
#14028 = VERTEX_POINT('',#14027);
#14029 = CARTESIAN_POINT('',(42.20576300,41.52776000,0.00000000));
#14030 = VERTEX_POINT('',#14029);
#14031 = CARTESIAN_POINT('',(42.20576300,41.52776000,1.50000000));
#14032 = VERTEX_POINT('',#14031);
#14033 = CARTESIAN_POINT('',(28.40576300,41.52776000,1.50000000));
#14034 = VERTEX_POINT('',#14033);
#14035 = CARTESIAN_POINT('',(28.40576300,41.52776000,0.00000000));
#14036 = DIRECTION('',(1.00000000,0.00000000,0.00000000));
#14037 = VECTOR('',#14036,13.80000000);
#14038 = LINE('',#14035,#14037);
#14039 = EDGE_CURVE('',#14028,#14030,#14038,.T.);
#14040 = CARTESIAN_POINT('',(42.20576300,41.52776000,0.00000000));
#14041 = DIRECTION('',(0.00000000,0.00000000,1.00000000));
#14042 = VECTOR('',#14041,1.50000000);
#14043 = LINE('',#14040,#14042);
#14044 = EDGE_CURVE('',#14030,#14032,#14043,.T.);
#14045 = CARTESIAN_POINT('',(42.20576300,41.52776000,1.50000000));
#14046 = DIRECTION('',(-1.00000000,-0.00000000,0.00000000));
#14047 = VECTOR('',#14046,13.80000000);
#14048 = LINE('',#14045,#14047);
#14049 = EDGE_CURVE('',#14032,#14034,#14048,.T.);
#14050 = CARTESIAN_POINT('',(28.40576300,41.52776000,1.50000000));
#14051 = DIRECTION('',(0.00000000,0.00000000,-1.00000000));
#14052 = VECTOR('',#14051,1.50000000);
#14053 = LINE('',#14050,#14052);
#14054 = EDGE_CURVE('',#14034,#14028,#14053,.T.);
#14055 = ORIENTED_EDGE('',*,*,#14054,.F.);
#14056 = ORIENTED_EDGE('',*,*,#14049,.F.);
#14057 = ORIENTED_EDGE('',*,*,#14044,.F.);
#14058 = ORIENTED_EDGE('',*,*,#14039,.F.);
#14059 = EDGE_LOOP('',(#14055,#14056,#14057,#14058));
#14060 = FACE_OUTER_BOUND('',#14059,.T.);
#14061 = CARTESIAN_POINT('',(28.40576300,41.52776000,0.00000000));
#14062 = DIRECTION('',(-0.00000000,1.00000000,0.00000000));
#14063 = DIRECTION('',(1.00000000,0.00000000,0.00000000));
#14064 = AXIS2_PLACEMENT_3D('',#14061,#14062,#14063);
#14065 = PLANE('',#14064);
#14066 = ADVANCED_FACE('',(#14060),#14065,.T.);
#14067 = CARTESIAN_POINT('',(42.20576300,41.52776000,0.00000000));
#14068 = VERTEX_POINT('',#14067);
#14069 = CARTESIAN_POINT('',(42.20576300,27.72776000,0.00000000));
#14070 = VERTEX_POINT('',#14069);
#14071 = CARTESIAN_POINT('',(42.20576300,27.72776000,1.50000000));
#14072 = VERTEX_POINT('',#14071);
#14073 = CARTESIAN_POINT('',(42.20576300,41.52776000,1.50000000));
#14074 = VERTEX_POINT('',#14073);
#14075 = CARTESIAN_POINT('',(42.20576300,41.52776000,0.00000000));
#14076 = DIRECTION('',(0.00000000,-1.00000000,0.00000000));
#14077 = VECTOR('',#14076,13.80000000);
#14078 = LINE('',#14075,#14077);
#14079 = EDGE_CURVE('',#14068,#14070,#14078,.T.);
#14080 = CARTESIAN_POINT('',(42.20576300,27.72776000,0.00000000));
#14081 = DIRECTION('',(0.00000000,0.00000000,1.00000000));
#14082 = VECTOR('',#14081,1.50000000);
#14083 = LINE('',#14080,#14082);
#14084 = EDGE_CURVE('',#14070,#14072,#14083,.T.);
#14085 = CARTESIAN_POINT('',(42.20576300,27.72776000,1.50000000));
#14086 = DIRECTION('',(-0.00000000,1.00000000,0.00000000));
#14087 = VECTOR('',#14086,13.80000000);
#14088 = LINE('',#14085,#14087);
#14089 = EDGE_CURVE('',#14072,#14074,#14088,.T.);
#14090 = CARTESIAN_POINT('',(42.20576300,41.52776000,1.50000000));
#14091 = DIRECTION('',(0.00000000,0.00000000,-1.00000000));
#14092 = VECTOR('',#14091,1.50000000);
#14093 = LINE('',#14090,#14092);
#14094 = EDGE_CURVE('',#14074,#14068,#14093,.T.);
#14095 = ORIENTED_EDGE('',*,*,#14094,.F.);
#14096 = ORIENTED_EDGE('',*,*,#14089,.F.);
#14097 = ORIENTED_EDGE('',*,*,#14084,.F.);
#14098 = ORIENTED_EDGE('',*,*,#14079,.F.);
#14099 = EDGE_LOOP('',(#14095,#14096,#14097,#14098));
#14100 = FACE_OUTER_BOUND('',#14099,.T.);
#14101 = CARTESIAN_POINT('',(42.20576300,41.52776000,0.00000000));
#14102 = DIRECTION('',(1.00000000,0.00000000,0.00000000));
#14103 = DIRECTION('',(0.00000000,-1.00000000,0.00000000));
#14104 = AXIS2_PLACEMENT_3D('',#14101,#14102,#14103);
#14105 = PLANE('',#14104);
#14106 = ADVANCED_FACE('',(#14100),#14105,.T.);
#14107 = CARTESIAN_POINT('',(42.20576300,27.72776000,0.00000000));
#14108 = VERTEX_POINT('',#14107);
#14109 = CARTESIAN_POINT('',(28.40576300,27.72776000,0.00000000));
#14110 = VERTEX_POINT('',#14109);
#14111 = CARTESIAN_POINT('',(28.40576300,27.72776000,1.50000000));
#14112 = VERTEX_POINT('',#14111);
#14113 = CARTESIAN_POINT('',(42.20576300,27.72776000,1.50000000));
#14114 = VERTEX_POINT('',#14113);
#14115 = CARTESIAN_POINT('',(42.20576300,27.72776000,0.00000000));
#14116 = DIRECTION('',(-1.00000000,0.00000000,0.00000000));
#14117 = VECTOR('',#14116,13.80000000);
#14118 = LINE('',#14115,#14117);
#14119 = EDGE_CURVE('',#14108,#14110,#14118,.T.);
#14120 = CARTESIAN_POINT('',(28.40576300,27.72776000,0.00000000));
#14121 = DIRECTION('',(0.00000000,0.00000000,1.00000000));
#14122 = VECTOR('',#14121,1.50000000);
#14123 = LINE('',#14120,#14122);
#14124 = EDGE_CURVE('',#14110,#14112,#14123,.T.);
#14125 = CARTESIAN_POINT('',(28.40576300,27.72776000,1.50000000));
#14126 = DIRECTION('',(1.00000000,-0.00000000,0.00000000));
#14127 = VECTOR('',#14126,13.80000000);
#14128 = LINE('',#14125,#14127);
#14129 = EDGE_CURVE('',#14112,#14114,#14128,.T.);
#14130 = CARTESIAN_POINT('',(42.20576300,27.72776000,1.50000000));
#14131 = DIRECTION('',(0.00000000,0.00000000,-1.00000000));
#14132 = VECTOR('',#14131,1.50000000);
#14133 = LINE('',#14130,#14132);
#14134 = EDGE_CURVE('',#14114,#14108,#14133,.T.);
#14135 = ORIENTED_EDGE('',*,*,#14134,.F.);
#14136 = ORIENTED_EDGE('',*,*,#14129,.F.);
#14137 = ORIENTED_EDGE('',*,*,#14124,.F.);
#14138 = ORIENTED_EDGE('',*,*,#14119,.F.);
#14139 = EDGE_LOOP('',(#14135,#14136,#14137,#14138));
#14140 = FACE_OUTER_BOUND('',#14139,.T.);
#14141 = CARTESIAN_POINT('',(42.20576300,27.72776000,0.00000000));
#14142 = DIRECTION('',(-0.00000000,-1.00000000,0.00000000));
#14143 = DIRECTION('',(-1.00000000,0.00000000,0.00000000));
#14144 = AXIS2_PLACEMENT_3D('',#14141,#14142,#14143);
#14145 = PLANE('',#14144);
#14146 = ADVANCED_FACE('',(#14140),#14145,.T.);
#14147 = CARTESIAN_POINT('',(28.40576300,27.72776000,0.00000000));
#14148 = VERTEX_POINT('',#14147);
#14149 = CARTESIAN_POINT('',(28.40576300,41.52776000,0.00000000));
#14150 = VERTEX_POINT('',#14149);
#14151 = CARTESIAN_POINT('',(28.40576300,41.52776000,1.50000000));
#14152 = VERTEX_POINT('',#14151);
#14153 = CARTESIAN_POINT('',(28.40576300,27.72776000,1.50000000));
#14154 = VERTEX_POINT('',#14153);
#14155 = CARTESIAN_POINT('',(28.40576300,27.72776000,0.00000000));
#14156 = DIRECTION('',(0.00000000,1.00000000,0.00000000));
#14157 = VECTOR('',#14156,13.80000000);
#14158 = LINE('',#14155,#14157);
#14159 = EDGE_CURVE('',#14148,#14150,#14158,.T.);
#14160 = CARTESIAN_POINT('',(28.40576300,41.52776000,0.00000000));
#14161 = DIRECTION('',(0.00000000,0.00000000,1.00000000));
#14162 = VECTOR('',#14161,1.50000000);
#14163 = LINE('',#14160,#14162);
#14164 = EDGE_CURVE('',#14150,#14152,#14163,.T.);
#14165 = CARTESIAN_POINT('',(28.40576300,41.52776000,1.50000000));
#14166 = DIRECTION('',(-0.00000000,-1.00000000,0.00000000));
#14167 = VECTOR('',#14166,13.80000000);
#14168 = LINE('',#14165,#14167);
#14169 = EDGE_CURVE('',#14152,#14154,#14168,.T.);
#14170 = CARTESIAN_POINT('',(28.40576300,27.72776000,1.50000000));
#14171 = DIRECTION('',(0.00000000,0.00000000,-1.00000000));
#14172 = VECTOR('',#14171,1.50000000);
#14173 = LINE('',#14170,#14172);
#14174 = EDGE_CURVE('',#14154,#14148,#14173,.T.);
#14175 = ORIENTED_EDGE('',*,*,#14174,.F.);
#14176 = ORIENTED_EDGE('',*,*,#14169,.F.);
#14177 = ORIENTED_EDGE('',*,*,#14164,.F.);
#14178 = ORIENTED_EDGE('',*,*,#14159,.F.);
#14179 = EDGE_LOOP('',(#14175,#14176,#14177,#14178));
#14180 = FACE_OUTER_BOUND('',#14179,.T.);
#14181 = CARTESIAN_POINT('',(28.40576300,27.72776000,0.00000000));
#14182 = DIRECTION('',(-1.00000000,0.00000000,0.00000000));
#14183 = DIRECTION('',(0.00000000,1.00000000,0.00000000));
#14184 = AXIS2_PLACEMENT_3D('',#14181,#14182,#14183);
#14185 = PLANE('',#14184);
#14186 = ADVANCED_FACE('',(#14180),#14185,.T.);
#14187 = CARTESIAN_POINT('',(66.75356300,17.21916000,0.00000000));
#14188 = VERTEX_POINT('',#14187);
#14189 = CARTESIAN_POINT('',(80.55356300,17.21916000,0.00000000));
#14190 = VERTEX_POINT('',#14189);
#14191 = CARTESIAN_POINT('',(80.55356300,17.21916000,1.50000000));
#14192 = VERTEX_POINT('',#14191);
#14193 = CARTESIAN_POINT('',(66.75356300,17.21916000,1.50000000));
#14194 = VERTEX_POINT('',#14193);
#14195 = CARTESIAN_POINT('',(66.75356300,17.21916000,0.00000000));
#14196 = DIRECTION('',(1.00000000,0.00000000,0.00000000));
#14197 = VECTOR('',#14196,13.80000000);
#14198 = LINE('',#14195,#14197);
#14199 = EDGE_CURVE('',#14188,#14190,#14198,.T.);
#14200 = CARTESIAN_POINT('',(80.55356300,17.21916000,0.00000000));
#14201 = DIRECTION('',(0.00000000,0.00000000,1.00000000));
#14202 = VECTOR('',#14201,1.50000000);
#14203 = LINE('',#14200,#14202);
#14204 = EDGE_CURVE('',#14190,#14192,#14203,.T.);
#14205 = CARTESIAN_POINT('',(80.55356300,17.21916000,1.50000000));
#14206 = DIRECTION('',(-1.00000000,-0.00000000,0.00000000));
#14207 = VECTOR('',#14206,13.80000000);
#14208 = LINE('',#14205,#14207);
#14209 = EDGE_CURVE('',#14192,#14194,#14208,.T.);
#14210 = CARTESIAN_POINT('',(66.75356300,17.21916000,1.50000000));
#14211 = DIRECTION('',(0.00000000,0.00000000,-1.00000000));
#14212 = VECTOR('',#14211,1.50000000);
#14213 = LINE('',#14210,#14212);
#14214 = EDGE_CURVE('',#14194,#14188,#14213,.T.);
#14215 = ORIENTED_EDGE('',*,*,#14214,.F.);
#14216 = ORIENTED_EDGE('',*,*,#14209,.F.);
#14217 = ORIENTED_EDGE('',*,*,#14204,.F.);
#14218 = ORIENTED_EDGE('',*,*,#14199,.F.);
#14219 = EDGE_LOOP('',(#14215,#14216,#14217,#14218));
#14220 = FACE_OUTER_BOUND('',#14219,.T.);
#14221 = CARTESIAN_POINT('',(66.75356300,17.21916000,0.00000000));
#14222 = DIRECTION('',(-0.00000000,1.00000000,0.00000000));
#14223 = DIRECTION('',(1.00000000,0.00000000,0.00000000));
#14224 = AXIS2_PLACEMENT_3D('',#14221,#14222,#14223);
#14225 = PLANE('',#14224);
#14226 = ADVANCED_FACE('',(#14220),#14225,.T.);
#14227 = CARTESIAN_POINT('',(80.55356300,17.21916000,0.00000000));
#14228 = VERTEX_POINT('',#14227);
#14229 = CARTESIAN_POINT('',(80.55356300,3.41916000,0.00000000));
#14230 = VERTEX_POINT('',#14229);
#14231 = CARTESIAN_POINT('',(80.55356300,3.41916000,1.50000000));
#14232 = VERTEX_POINT('',#14231);
#14233 = CARTESIAN_POINT('',(80.55356300,17.21916000,1.50000000));
#14234 = VERTEX_POINT('',#14233);
#14235 = CARTESIAN_POINT('',(80.55356300,17.21916000,0.00000000));
#14236 = DIRECTION('',(0.00000000,-1.00000000,0.00000000));
#14237 = VECTOR('',#14236,13.80000000);
#14238 = LINE('',#14235,#14237);
#14239 = EDGE_CURVE('',#14228,#14230,#14238,.T.);
#14240 = CARTESIAN_POINT('',(80.55356300,3.41916000,0.00000000));
#14241 = DIRECTION('',(0.00000000,0.00000000,1.00000000));
#14242 = VECTOR('',#14241,1.50000000);
#14243 = LINE('',#14240,#14242);
#14244 = EDGE_CURVE('',#14230,#14232,#14243,.T.);
#14245 = CARTESIAN_POINT('',(80.55356300,3.41916000,1.50000000));
#14246 = DIRECTION('',(-0.00000000,1.00000000,0.00000000));
#14247 = VECTOR('',#14246,13.80000000);
#14248 = LINE('',#14245,#14247);
#14249 = EDGE_CURVE('',#14232,#14234,#14248,.T.);
#14250 = CARTESIAN_POINT('',(80.55356300,17.21916000,1.50000000));
#14251 = DIRECTION('',(0.00000000,0.00000000,-1.00000000));
#14252 = VECTOR('',#14251,1.50000000);
#14253 = LINE('',#14250,#14252);
#14254 = EDGE_CURVE('',#14234,#14228,#14253,.T.);
#14255 = ORIENTED_EDGE('',*,*,#14254,.F.);
#14256 = ORIENTED_EDGE('',*,*,#14249,.F.);
#14257 = ORIENTED_EDGE('',*,*,#14244,.F.);
#14258 = ORIENTED_EDGE('',*,*,#14239,.F.);
#14259 = EDGE_LOOP('',(#14255,#14256,#14257,#14258));
#14260 = FACE_OUTER_BOUND('',#14259,.T.);
#14261 = CARTESIAN_POINT('',(80.55356300,17.21916000,0.00000000));
#14262 = DIRECTION('',(1.00000000,0.00000000,0.00000000));
#14263 = DIRECTION('',(0.00000000,-1.00000000,0.00000000));
#14264 = AXIS2_PLACEMENT_3D('',#14261,#14262,#14263);
#14265 = PLANE('',#14264);
#14266 = ADVANCED_FACE('',(#14260),#14265,.T.);
#14267 = CARTESIAN_POINT('',(80.55356300,3.41916000,0.00000000));
#14268 = VERTEX_POINT('',#14267);
#14269 = CARTESIAN_POINT('',(66.75356300,3.41916000,0.00000000));
#14270 = VERTEX_POINT('',#14269);
#14271 = CARTESIAN_POINT('',(66.75356300,3.41916000,1.50000000));
#14272 = VERTEX_POINT('',#14271);
#14273 = CARTESIAN_POINT('',(80.55356300,3.41916000,1.50000000));
#14274 = VERTEX_POINT('',#14273);
#14275 = CARTESIAN_POINT('',(80.55356300,3.41916000,0.00000000));
#14276 = DIRECTION('',(-1.00000000,0.00000000,0.00000000));
#14277 = VECTOR('',#14276,13.80000000);
#14278 = LINE('',#14275,#14277);
#14279 = EDGE_CURVE('',#14268,#14270,#14278,.T.);
#14280 = CARTESIAN_POINT('',(66.75356300,3.41916000,0.00000000));
#14281 = DIRECTION('',(0.00000000,0.00000000,1.00000000));
#14282 = VECTOR('',#14281,1.50000000);
#14283 = LINE('',#14280,#14282);
#14284 = EDGE_CURVE('',#14270,#14272,#14283,.T.);
#14285 = CARTESIAN_POINT('',(66.75356300,3.41916000,1.50000000));
#14286 = DIRECTION('',(1.00000000,-0.00000000,0.00000000));
#14287 = VECTOR('',#14286,13.80000000);
#14288 = LINE('',#14285,#14287);
#14289 = EDGE_CURVE('',#14272,#14274,#14288,.T.);
#14290 = CARTESIAN_POINT('',(80.55356300,3.41916000,1.50000000));
#14291 = DIRECTION('',(0.00000000,0.00000000,-1.00000000));
#14292 = VECTOR('',#14291,1.50000000);
#14293 = LINE('',#14290,#14292);
#14294 = EDGE_CURVE('',#14274,#14268,#14293,.T.);
#14295 = ORIENTED_EDGE('',*,*,#14294,.F.);
#14296 = ORIENTED_EDGE('',*,*,#14289,.F.);
#14297 = ORIENTED_EDGE('',*,*,#14284,.F.);
#14298 = ORIENTED_EDGE('',*,*,#14279,.F.);
#14299 = EDGE_LOOP('',(#14295,#14296,#14297,#14298));
#14300 = FACE_OUTER_BOUND('',#14299,.T.);
#14301 = CARTESIAN_POINT('',(80.55356300,3.41916000,0.00000000));
#14302 = DIRECTION('',(-0.00000000,-1.00000000,0.00000000));
#14303 = DIRECTION('',(-1.00000000,0.00000000,0.00000000));
#14304 = AXIS2_PLACEMENT_3D('',#14301,#14302,#14303);
#14305 = PLANE('',#14304);
#14306 = ADVANCED_FACE('',(#14300),#14305,.T.);
#14307 = CARTESIAN_POINT('',(66.75356300,3.41916000,0.00000000));
#14308 = VERTEX_POINT('',#14307);
#14309 = CARTESIAN_POINT('',(66.75356300,17.21916000,0.00000000));
#14310 = VERTEX_POINT('',#14309);
#14311 = CARTESIAN_POINT('',(66.75356300,17.21916000,1.50000000));
#14312 = VERTEX_POINT('',#14311);
#14313 = CARTESIAN_POINT('',(66.75356300,3.41916000,1.50000000));
#14314 = VERTEX_POINT('',#14313);
#14315 = CARTESIAN_POINT('',(66.75356300,3.41916000,0.00000000));
#14316 = DIRECTION('',(0.00000000,1.00000000,0.00000000));
#14317 = VECTOR('',#14316,13.80000000);
#14318 = LINE('',#14315,#14317);
#14319 = EDGE_CURVE('',#14308,#14310,#14318,.T.);
#14320 = CARTESIAN_POINT('',(66.75356300,17.21916000,0.00000000));
#14321 = DIRECTION('',(0.00000000,0.00000000,1.00000000));
#14322 = VECTOR('',#14321,1.50000000);
#14323 = LINE('',#14320,#14322);
#14324 = EDGE_CURVE('',#14310,#14312,#14323,.T.);
#14325 = CARTESIAN_POINT('',(66.75356300,17.21916000,1.50000000));
#14326 = DIRECTION('',(-0.00000000,-1.00000000,0.00000000));
#14327 = VECTOR('',#14326,13.80000000);
#14328 = LINE('',#14325,#14327);
#14329 = EDGE_CURVE('',#14312,#14314,#14328,.T.);
#14330 = CARTESIAN_POINT('',(66.75356300,3.41916000,1.50000000));
#14331 = DIRECTION('',(0.00000000,0.00000000,-1.00000000));
#14332 = VECTOR('',#14331,1.50000000);
#14333 = LINE('',#14330,#14332);
#14334 = EDGE_CURVE('',#14314,#14308,#14333,.T.);
#14335 = ORIENTED_EDGE('',*,*,#14334,.F.);
#14336 = ORIENTED_EDGE('',*,*,#14329,.F.);
#14337 = ORIENTED_EDGE('',*,*,#14324,.F.);
#14338 = ORIENTED_EDGE('',*,*,#14319,.F.);
#14339 = EDGE_LOOP('',(#14335,#14336,#14337,#14338));
#14340 = FACE_OUTER_BOUND('',#14339,.T.);
#14341 = CARTESIAN_POINT('',(66.75356300,3.41916000,0.00000000));
#14342 = DIRECTION('',(-1.00000000,0.00000000,0.00000000));
#14343 = DIRECTION('',(0.00000000,1.00000000,0.00000000));
#14344 = AXIS2_PLACEMENT_3D('',#14341,#14342,#14343);
#14345 = PLANE('',#14344);
#14346 = ADVANCED_FACE('',(#14340),#14345,.T.);
#14347 = CARTESIAN_POINT('',(28.40576300,23.93276000,0.00000000));
#14348 = VERTEX_POINT('',#14347);
#14349 = CARTESIAN_POINT('',(42.20576300,23.93276000,0.00000000));
#14350 = VERTEX_POINT('',#14349);
#14351 = CARTESIAN_POINT('',(42.20576300,23.93276000,1.50000000));
#14352 = VERTEX_POINT('',#14351);
#14353 = CARTESIAN_POINT('',(28.40576300,23.93276000,1.50000000));
#14354 = VERTEX_POINT('',#14353);
#14355 = CARTESIAN_POINT('',(28.40576300,23.93276000,0.00000000));
#14356 = DIRECTION('',(1.00000000,0.00000000,0.00000000));
#14357 = VECTOR('',#14356,13.80000000);
#14358 = LINE('',#14355,#14357);
#14359 = EDGE_CURVE('',#14348,#14350,#14358,.T.);
#14360 = CARTESIAN_POINT('',(42.20576300,23.93276000,0.00000000));
#14361 = DIRECTION('',(0.00000000,0.00000000,1.00000000));
#14362 = VECTOR('',#14361,1.50000000);
#14363 = LINE('',#14360,#14362);
#14364 = EDGE_CURVE('',#14350,#14352,#14363,.T.);
#14365 = CARTESIAN_POINT('',(42.20576300,23.93276000,1.50000000));
#14366 = DIRECTION('',(-1.00000000,-0.00000000,0.00000000));
#14367 = VECTOR('',#14366,13.80000000);
#14368 = LINE('',#14365,#14367);
#14369 = EDGE_CURVE('',#14352,#14354,#14368,.T.);
#14370 = CARTESIAN_POINT('',(28.40576300,23.93276000,1.50000000));
#14371 = DIRECTION('',(0.00000000,0.00000000,-1.00000000));
#14372 = VECTOR('',#14371,1.50000000);
#14373 = LINE('',#14370,#14372);
#14374 = EDGE_CURVE('',#14354,#14348,#14373,.T.);
#14375 = ORIENTED_EDGE('',*,*,#14374,.F.);
#14376 = ORIENTED_EDGE('',*,*,#14369,.F.);
#14377 = ORIENTED_EDGE('',*,*,#14364,.F.);
#14378 = ORIENTED_EDGE('',*,*,#14359,.F.);
#14379 = EDGE_LOOP('',(#14375,#14376,#14377,#14378));
#14380 = FACE_OUTER_BOUND('',#14379,.T.);
#14381 = CARTESIAN_POINT('',(28.40576300,23.93276000,0.00000000));
#14382 = DIRECTION('',(-0.00000000,1.00000000,0.00000000));
#14383 = DIRECTION('',(1.00000000,0.00000000,0.00000000));
#14384 = AXIS2_PLACEMENT_3D('',#14381,#14382,#14383);
#14385 = PLANE('',#14384);
#14386 = ADVANCED_FACE('',(#14380),#14385,.T.);
#14387 = CARTESIAN_POINT('',(42.20576300,23.93276000,0.00000000));
#14388 = VERTEX_POINT('',#14387);
#14389 = CARTESIAN_POINT('',(42.20576300,10.13276000,0.00000000));
#14390 = VERTEX_POINT('',#14389);
#14391 = CARTESIAN_POINT('',(42.20576300,10.13276000,1.50000000));
#14392 = VERTEX_POINT('',#14391);
#14393 = CARTESIAN_POINT('',(42.20576300,23.93276000,1.50000000));
#14394 = VERTEX_POINT('',#14393);
#14395 = CARTESIAN_POINT('',(42.20576300,23.93276000,0.00000000));
#14396 = DIRECTION('',(0.00000000,-1.00000000,0.00000000));
#14397 = VECTOR('',#14396,13.80000000);
#14398 = LINE('',#14395,#14397);
#14399 = EDGE_CURVE('',#14388,#14390,#14398,.T.);
#14400 = CARTESIAN_POINT('',(42.20576300,10.13276000,0.00000000));
#14401 = DIRECTION('',(0.00000000,0.00000000,1.00000000));
#14402 = VECTOR('',#14401,1.50000000);
#14403 = LINE('',#14400,#14402);
#14404 = EDGE_CURVE('',#14390,#14392,#14403,.T.);
#14405 = CARTESIAN_POINT('',(42.20576300,10.13276000,1.50000000));
#14406 = DIRECTION('',(-0.00000000,1.00000000,0.00000000));
#14407 = VECTOR('',#14406,13.80000000);
#14408 = LINE('',#14405,#14407);
#14409 = EDGE_CURVE('',#14392,#14394,#14408,.T.);
#14410 = CARTESIAN_POINT('',(42.20576300,23.93276000,1.50000000));
#14411 = DIRECTION('',(0.00000000,0.00000000,-1.00000000));
#14412 = VECTOR('',#14411,1.50000000);
#14413 = LINE('',#14410,#14412);
#14414 = EDGE_CURVE('',#14394,#14388,#14413,.T.);
#14415 = ORIENTED_EDGE('',*,*,#14414,.F.);
#14416 = ORIENTED_EDGE('',*,*,#14409,.F.);
#14417 = ORIENTED_EDGE('',*,*,#14404,.F.);
#14418 = ORIENTED_EDGE('',*,*,#14399,.F.);
#14419 = EDGE_LOOP('',(#14415,#14416,#14417,#14418));
#14420 = FACE_OUTER_BOUND('',#14419,.T.);
#14421 = CARTESIAN_POINT('',(42.20576300,23.93276000,0.00000000));
#14422 = DIRECTION('',(1.00000000,0.00000000,0.00000000));
#14423 = DIRECTION('',(0.00000000,-1.00000000,0.00000000));
#14424 = AXIS2_PLACEMENT_3D('',#14421,#14422,#14423);
#14425 = PLANE('',#14424);
#14426 = ADVANCED_FACE('',(#14420),#14425,.T.);
#14427 = CARTESIAN_POINT('',(42.20576300,10.13276000,0.00000000));
#14428 = VERTEX_POINT('',#14427);
#14429 = CARTESIAN_POINT('',(28.40576300,10.13276000,0.00000000));
#14430 = VERTEX_POINT('',#14429);
#14431 = CARTESIAN_POINT('',(28.40576300,10.13276000,1.50000000));
#14432 = VERTEX_POINT('',#14431);
#14433 = CARTESIAN_POINT('',(42.20576300,10.13276000,1.50000000));
#14434 = VERTEX_POINT('',#14433);
#14435 = CARTESIAN_POINT('',(42.20576300,10.13276000,0.00000000));
#14436 = DIRECTION('',(-1.00000000,0.00000000,0.00000000));
#14437 = VECTOR('',#14436,13.80000000);
#14438 = LINE('',#14435,#14437);
#14439 = EDGE_CURVE('',#14428,#14430,#14438,.T.);
#14440 = CARTESIAN_POINT('',(28.40576300,10.13276000,0.00000000));
#14441 = DIRECTION('',(0.00000000,0.00000000,1.00000000));
#14442 = VECTOR('',#14441,1.50000000);
#14443 = LINE('',#14440,#14442);
#14444 = EDGE_CURVE('',#14430,#14432,#14443,.T.);
#14445 = CARTESIAN_POINT('',(28.40576300,10.13276000,1.50000000));
#14446 = DIRECTION('',(1.00000000,-0.00000000,0.00000000));
#14447 = VECTOR('',#14446,13.80000000);
#14448 = LINE('',#14445,#14447);
#14449 = EDGE_CURVE('',#14432,#14434,#14448,.T.);
#14450 = CARTESIAN_POINT('',(42.20576300,10.13276000,1.50000000));
#14451 = DIRECTION('',(0.00000000,0.00000000,-1.00000000));
#14452 = VECTOR('',#14451,1.50000000);
#14453 = LINE('',#14450,#14452);
#14454 = EDGE_CURVE('',#14434,#14428,#14453,.T.);
#14455 = ORIENTED_EDGE('',*,*,#14454,.F.);
#14456 = ORIENTED_EDGE('',*,*,#14449,.F.);
#14457 = ORIENTED_EDGE('',*,*,#14444,.F.);
#14458 = ORIENTED_EDGE('',*,*,#14439,.F.);
#14459 = EDGE_LOOP('',(#14455,#14456,#14457,#14458));
#14460 = FACE_OUTER_BOUND('',#14459,.T.);
#14461 = CARTESIAN_POINT('',(42.20576300,10.13276000,0.00000000));
#14462 = DIRECTION('',(-0.00000000,-1.00000000,0.00000000));
#14463 = DIRECTION('',(-1.00000000,0.00000000,0.00000000));
#14464 = AXIS2_PLACEMENT_3D('',#14461,#14462,#14463);
#14465 = PLANE('',#14464);
#14466 = ADVANCED_FACE('',(#14460),#14465,.T.);
#14467 = CARTESIAN_POINT('',(28.40576300,10.13276000,0.00000000));
#14468 = VERTEX_POINT('',#14467);
#14469 = CARTESIAN_POINT('',(28.40576300,23.93276000,0.00000000));
#14470 = VERTEX_POINT('',#14469);
#14471 = CARTESIAN_POINT('',(28.40576300,23.93276000,1.50000000));
#14472 = VERTEX_POINT('',#14471);
#14473 = CARTESIAN_POINT('',(28.40576300,10.13276000,1.50000000));
#14474 = VERTEX_POINT('',#14473);
#14475 = CARTESIAN_POINT('',(28.40576300,10.13276000,0.00000000));
#14476 = DIRECTION('',(0.00000000,1.00000000,0.00000000));
#14477 = VECTOR('',#14476,13.80000000);
#14478 = LINE('',#14475,#14477);
#14479 = EDGE_CURVE('',#14468,#14470,#14478,.T.);
#14480 = CARTESIAN_POINT('',(28.40576300,23.93276000,0.00000000));
#14481 = DIRECTION('',(0.00000000,0.00000000,1.00000000));
#14482 = VECTOR('',#14481,1.50000000);
#14483 = LINE('',#14480,#14482);
#14484 = EDGE_CURVE('',#14470,#14472,#14483,.T.);
#14485 = CARTESIAN_POINT('',(28.40576300,23.93276000,1.50000000));
#14486 = DIRECTION('',(-0.00000000,-1.00000000,0.00000000));
#14487 = VECTOR('',#14486,13.80000000);
#14488 = LINE('',#14485,#14487);
#14489 = EDGE_CURVE('',#14472,#14474,#14488,.T.);
#14490 = CARTESIAN_POINT('',(28.40576300,10.13276000,1.50000000));
#14491 = DIRECTION('',(0.00000000,0.00000000,-1.00000000));
#14492 = VECTOR('',#14491,1.50000000);
#14493 = LINE('',#14490,#14492);
#14494 = EDGE_CURVE('',#14474,#14468,#14493,.T.);
#14495 = ORIENTED_EDGE('',*,*,#14494,.F.);
#14496 = ORIENTED_EDGE('',*,*,#14489,.F.);
#14497 = ORIENTED_EDGE('',*,*,#14484,.F.);
#14498 = ORIENTED_EDGE('',*,*,#14479,.F.);
#14499 = EDGE_LOOP('',(#14495,#14496,#14497,#14498));
#14500 = FACE_OUTER_BOUND('',#14499,.T.);
#14501 = CARTESIAN_POINT('',(28.40576300,10.13276000,0.00000000));
#14502 = DIRECTION('',(-1.00000000,0.00000000,0.00000000));
#14503 = DIRECTION('',(0.00000000,1.00000000,0.00000000));
#14504 = AXIS2_PLACEMENT_3D('',#14501,#14502,#14503);
#14505 = PLANE('',#14504);
#14506 = ADVANCED_FACE('',(#14500),#14505,.T.);
#14507 = CARTESIAN_POINT('',(105.01216300,39.50676000,0.00000000));
#14508 = VERTEX_POINT('',#14507);
#14509 = CARTESIAN_POINT('',(118.81216300,39.50676000,0.00000000));
#14510 = VERTEX_POINT('',#14509);
#14511 = CARTESIAN_POINT('',(118.81216300,39.50676000,1.50000000));
#14512 = VERTEX_POINT('',#14511);
#14513 = CARTESIAN_POINT('',(105.01216300,39.50676000,1.50000000));
#14514 = VERTEX_POINT('',#14513);
#14515 = CARTESIAN_POINT('',(105.01216300,39.50676000,0.00000000));
#14516 = DIRECTION('',(1.00000000,0.00000000,0.00000000));
#14517 = VECTOR('',#14516,13.80000000);
#14518 = LINE('',#14515,#14517);
#14519 = EDGE_CURVE('',#14508,#14510,#14518,.T.);
#14520 = CARTESIAN_POINT('',(118.81216300,39.50676000,0.00000000));
#14521 = DIRECTION('',(0.00000000,0.00000000,1.00000000));
#14522 = VECTOR('',#14521,1.50000000);
#14523 = LINE('',#14520,#14522);
#14524 = EDGE_CURVE('',#14510,#14512,#14523,.T.);
#14525 = CARTESIAN_POINT('',(118.81216300,39.50676000,1.50000000));
#14526 = DIRECTION('',(-1.00000000,-0.00000000,0.00000000));
#14527 = VECTOR('',#14526,13.80000000);
#14528 = LINE('',#14525,#14527);
#14529 = EDGE_CURVE('',#14512,#14514,#14528,.T.);
#14530 = CARTESIAN_POINT('',(105.01216300,39.50676000,1.50000000));
#14531 = DIRECTION('',(0.00000000,0.00000000,-1.00000000));
#14532 = VECTOR('',#14531,1.50000000);
#14533 = LINE('',#14530,#14532);
#14534 = EDGE_CURVE('',#14514,#14508,#14533,.T.);
#14535 = ORIENTED_EDGE('',*,*,#14534,.F.);
#14536 = ORIENTED_EDGE('',*,*,#14529,.F.);
#14537 = ORIENTED_EDGE('',*,*,#14524,.F.);
#14538 = ORIENTED_EDGE('',*,*,#14519,.F.);
#14539 = EDGE_LOOP('',(#14535,#14536,#14537,#14538));
#14540 = FACE_OUTER_BOUND('',#14539,.T.);
#14541 = CARTESIAN_POINT('',(105.01216300,39.50676000,0.00000000));
#14542 = DIRECTION('',(-0.00000000,1.00000000,0.00000000));
#14543 = DIRECTION('',(1.00000000,0.00000000,0.00000000));
#14544 = AXIS2_PLACEMENT_3D('',#14541,#14542,#14543);
#14545 = PLANE('',#14544);
#14546 = ADVANCED_FACE('',(#14540),#14545,.T.);
#14547 = CARTESIAN_POINT('',(118.81216300,39.50676000,0.00000000));
#14548 = VERTEX_POINT('',#14547);
#14549 = CARTESIAN_POINT('',(118.81216300,25.70676000,0.00000000));
#14550 = VERTEX_POINT('',#14549);
#14551 = CARTESIAN_POINT('',(118.81216300,25.70676000,1.50000000));
#14552 = VERTEX_POINT('',#14551);
#14553 = CARTESIAN_POINT('',(118.81216300,39.50676000,1.50000000));
#14554 = VERTEX_POINT('',#14553);
#14555 = CARTESIAN_POINT('',(118.81216300,39.50676000,0.00000000));
#14556 = DIRECTION('',(0.00000000,-1.00000000,0.00000000));
#14557 = VECTOR('',#14556,13.80000000);
#14558 = LINE('',#14555,#14557);
#14559 = EDGE_CURVE('',#14548,#14550,#14558,.T.);
#14560 = CARTESIAN_POINT('',(118.81216300,25.70676000,0.00000000));
#14561 = DIRECTION('',(0.00000000,0.00000000,1.00000000));
#14562 = VECTOR('',#14561,1.50000000);
#14563 = LINE('',#14560,#14562);
#14564 = EDGE_CURVE('',#14550,#14552,#14563,.T.);
#14565 = CARTESIAN_POINT('',(118.81216300,25.70676000,1.50000000));
#14566 = DIRECTION('',(-0.00000000,1.00000000,0.00000000));
#14567 = VECTOR('',#14566,13.80000000);
#14568 = LINE('',#14565,#14567);
#14569 = EDGE_CURVE('',#14552,#14554,#14568,.T.);
#14570 = CARTESIAN_POINT('',(118.81216300,39.50676000,1.50000000));
#14571 = DIRECTION('',(0.00000000,0.00000000,-1.00000000));
#14572 = VECTOR('',#14571,1.50000000);
#14573 = LINE('',#14570,#14572);
#14574 = EDGE_CURVE('',#14554,#14548,#14573,.T.);
#14575 = ORIENTED_EDGE('',*,*,#14574,.F.);
#14576 = ORIENTED_EDGE('',*,*,#14569,.F.);
#14577 = ORIENTED_EDGE('',*,*,#14564,.F.);
#14578 = ORIENTED_EDGE('',*,*,#14559,.F.);
#14579 = EDGE_LOOP('',(#14575,#14576,#14577,#14578));
#14580 = FACE_OUTER_BOUND('',#14579,.T.);
#14581 = CARTESIAN_POINT('',(118.81216300,39.50676000,0.00000000));
#14582 = DIRECTION('',(1.00000000,0.00000000,0.00000000));
#14583 = DIRECTION('',(0.00000000,-1.00000000,0.00000000));
#14584 = AXIS2_PLACEMENT_3D('',#14581,#14582,#14583);
#14585 = PLANE('',#14584);
#14586 = ADVANCED_FACE('',(#14580),#14585,.T.);
#14587 = CARTESIAN_POINT('',(118.81216300,25.70676000,0.00000000));
#14588 = VERTEX_POINT('',#14587);
#14589 = CARTESIAN_POINT('',(105.01216300,25.70676000,0.00000000));
#14590 = VERTEX_POINT('',#14589);
#14591 = CARTESIAN_POINT('',(105.01216300,25.70676000,1.50000000));
#14592 = VERTEX_POINT('',#14591);
#14593 = CARTESIAN_POINT('',(118.81216300,25.70676000,1.50000000));
#14594 = VERTEX_POINT('',#14593);
#14595 = CARTESIAN_POINT('',(118.81216300,25.70676000,0.00000000));
#14596 = DIRECTION('',(-1.00000000,0.00000000,0.00000000));
#14597 = VECTOR('',#14596,13.80000000);
#14598 = LINE('',#14595,#14597);
#14599 = EDGE_CURVE('',#14588,#14590,#14598,.T.);
#14600 = CARTESIAN_POINT('',(105.01216300,25.70676000,0.00000000));
#14601 = DIRECTION('',(0.00000000,0.00000000,1.00000000));
#14602 = VECTOR('',#14601,1.50000000);
#14603 = LINE('',#14600,#14602);
#14604 = EDGE_CURVE('',#14590,#14592,#14603,.T.);
#14605 = CARTESIAN_POINT('',(105.01216300,25.70676000,1.50000000));
#14606 = DIRECTION('',(1.00000000,-0.00000000,0.00000000));
#14607 = VECTOR('',#14606,13.80000000);
#14608 = LINE('',#14605,#14607);
#14609 = EDGE_CURVE('',#14592,#14594,#14608,.T.);
#14610 = CARTESIAN_POINT('',(118.81216300,25.70676000,1.50000000));
#14611 = DIRECTION('',(0.00000000,0.00000000,-1.00000000));
#14612 = VECTOR('',#14611,1.50000000);
#14613 = LINE('',#14610,#14612);
#14614 = EDGE_CURVE('',#14594,#14588,#14613,.T.);
#14615 = ORIENTED_EDGE('',*,*,#14614,.F.);
#14616 = ORIENTED_EDGE('',*,*,#14609,.F.);
#14617 = ORIENTED_EDGE('',*,*,#14604,.F.);
#14618 = ORIENTED_EDGE('',*,*,#14599,.F.);
#14619 = EDGE_LOOP('',(#14615,#14616,#14617,#14618));
#14620 = FACE_OUTER_BOUND('',#14619,.T.);
#14621 = CARTESIAN_POINT('',(118.81216300,25.70676000,0.00000000));
#14622 = DIRECTION('',(-0.00000000,-1.00000000,0.00000000));
#14623 = DIRECTION('',(-1.00000000,0.00000000,0.00000000));
#14624 = AXIS2_PLACEMENT_3D('',#14621,#14622,#14623);
#14625 = PLANE('',#14624);
#14626 = ADVANCED_FACE('',(#14620),#14625,.T.);
#14627 = CARTESIAN_POINT('',(105.01216300,25.70676000,0.00000000));
#14628 = VERTEX_POINT('',#14627);
#14629 = CARTESIAN_POINT('',(105.01216300,39.50676000,0.00000000));
#14630 = VERTEX_POINT('',#14629);
#14631 = CARTESIAN_POINT('',(105.01216300,39.50676000,1.50000000));
#14632 = VERTEX_POINT('',#14631);
#14633 = CARTESIAN_POINT('',(105.01216300,25.70676000,1.50000000));
#14634 = VERTEX_POINT('',#14633);
#14635 = CARTESIAN_POINT('',(105.01216300,25.70676000,0.00000000));
#14636 = DIRECTION('',(0.00000000,1.00000000,0.00000000));
#14637 = VECTOR('',#14636,13.80000000);
#14638 = LINE('',#14635,#14637);
#14639 = EDGE_CURVE('',#14628,#14630,#14638,.T.);
#14640 = CARTESIAN_POINT('',(105.01216300,39.50676000,0.00000000));
#14641 = DIRECTION('',(0.00000000,0.00000000,1.00000000));
#14642 = VECTOR('',#14641,1.50000000);
#14643 = LINE('',#14640,#14642);
#14644 = EDGE_CURVE('',#14630,#14632,#14643,.T.);
#14645 = CARTESIAN_POINT('',(105.01216300,39.50676000,1.50000000));
#14646 = DIRECTION('',(-0.00000000,-1.00000000,0.00000000));
#14647 = VECTOR('',#14646,13.80000000);
#14648 = LINE('',#14645,#14647);
#14649 = EDGE_CURVE('',#14632,#14634,#14648,.T.);
#14650 = CARTESIAN_POINT('',(105.01216300,25.70676000,1.50000000));
#14651 = DIRECTION('',(0.00000000,0.00000000,-1.00000000));
#14652 = VECTOR('',#14651,1.50000000);
#14653 = LINE('',#14650,#14652);
#14654 = EDGE_CURVE('',#14634,#14628,#14653,.T.);
#14655 = ORIENTED_EDGE('',*,*,#14654,.F.);
#14656 = ORIENTED_EDGE('',*,*,#14649,.F.);
#14657 = ORIENTED_EDGE('',*,*,#14644,.F.);
#14658 = ORIENTED_EDGE('',*,*,#14639,.F.);
#14659 = EDGE_LOOP('',(#14655,#14656,#14657,#14658));
#14660 = FACE_OUTER_BOUND('',#14659,.T.);
#14661 = CARTESIAN_POINT('',(105.01216300,25.70676000,0.00000000));
#14662 = DIRECTION('',(-1.00000000,0.00000000,0.00000000));
#14663 = DIRECTION('',(0.00000000,1.00000000,0.00000000));
#14664 = AXIS2_PLACEMENT_3D('',#14661,#14662,#14663);
#14665 = PLANE('',#14664);
#14666 = ADVANCED_FACE('',(#14660),#14665,.T.);
#14667 = CARTESIAN_POINT('',(9.15626300,23.87016000,0.00000000));
#14668 = VERTEX_POINT('',#14667);
#14669 = CARTESIAN_POINT('',(22.95626300,23.87016000,0.00000000));
#14670 = VERTEX_POINT('',#14669);
#14671 = CARTESIAN_POINT('',(22.95626300,23.87016000,1.50000000));
#14672 = VERTEX_POINT('',#14671);
#14673 = CARTESIAN_POINT('',(9.15626300,23.87016000,1.50000000));
#14674 = VERTEX_POINT('',#14673);
#14675 = CARTESIAN_POINT('',(9.15626300,23.87016000,0.00000000));
#14676 = DIRECTION('',(1.00000000,0.00000000,0.00000000));
#14677 = VECTOR('',#14676,13.80000000);
#14678 = LINE('',#14675,#14677);
#14679 = EDGE_CURVE('',#14668,#14670,#14678,.T.);
#14680 = CARTESIAN_POINT('',(22.95626300,23.87016000,0.00000000));
#14681 = DIRECTION('',(0.00000000,0.00000000,1.00000000));
#14682 = VECTOR('',#14681,1.50000000);
#14683 = LINE('',#14680,#14682);
#14684 = EDGE_CURVE('',#14670,#14672,#14683,.T.);
#14685 = CARTESIAN_POINT('',(22.95626300,23.87016000,1.50000000));
#14686 = DIRECTION('',(-1.00000000,-0.00000000,0.00000000));
#14687 = VECTOR('',#14686,13.80000000);
#14688 = LINE('',#14685,#14687);
#14689 = EDGE_CURVE('',#14672,#14674,#14688,.T.);
#14690 = CARTESIAN_POINT('',(9.15626300,23.87016000,1.50000000));
#14691 = DIRECTION('',(0.00000000,0.00000000,-1.00000000));
#14692 = VECTOR('',#14691,1.50000000);
#14693 = LINE('',#14690,#14692);
#14694 = EDGE_CURVE('',#14674,#14668,#14693,.T.);
#14695 = ORIENTED_EDGE('',*,*,#14694,.F.);
#14696 = ORIENTED_EDGE('',*,*,#14689,.F.);
#14697 = ORIENTED_EDGE('',*,*,#14684,.F.);
#14698 = ORIENTED_EDGE('',*,*,#14679,.F.);
#14699 = EDGE_LOOP('',(#14695,#14696,#14697,#14698));
#14700 = FACE_OUTER_BOUND('',#14699,.T.);
#14701 = CARTESIAN_POINT('',(9.15626300,23.87016000,0.00000000));
#14702 = DIRECTION('',(-0.00000000,1.00000000,0.00000000));
#14703 = DIRECTION('',(1.00000000,0.00000000,0.00000000));
#14704 = AXIS2_PLACEMENT_3D('',#14701,#14702,#14703);
#14705 = PLANE('',#14704);
#14706 = ADVANCED_FACE('',(#14700),#14705,.T.);
#14707 = CARTESIAN_POINT('',(22.95626300,23.87016000,0.00000000));
#14708 = VERTEX_POINT('',#14707);
#14709 = CARTESIAN_POINT('',(22.95626300,10.07016000,0.00000000));
#14710 = VERTEX_POINT('',#14709);
#14711 = CARTESIAN_POINT('',(22.95626300,10.07016000,1.50000000));
#14712 = VERTEX_POINT('',#14711);
#14713 = CARTESIAN_POINT('',(22.95626300,23.87016000,1.50000000));
#14714 = VERTEX_POINT('',#14713);
#14715 = CARTESIAN_POINT('',(22.95626300,23.87016000,0.00000000));
#14716 = DIRECTION('',(0.00000000,-1.00000000,0.00000000));
#14717 = VECTOR('',#14716,13.80000000);
#14718 = LINE('',#14715,#14717);
#14719 = EDGE_CURVE('',#14708,#14710,#14718,.T.);
#14720 = CARTESIAN_POINT('',(22.95626300,10.07016000,0.00000000));
#14721 = DIRECTION('',(0.00000000,0.00000000,1.00000000));
#14722 = VECTOR('',#14721,1.50000000);
#14723 = LINE('',#14720,#14722);
#14724 = EDGE_CURVE('',#14710,#14712,#14723,.T.);
#14725 = CARTESIAN_POINT('',(22.95626300,10.07016000,1.50000000));
#14726 = DIRECTION('',(-0.00000000,1.00000000,0.00000000));
#14727 = VECTOR('',#14726,13.80000000);
#14728 = LINE('',#14725,#14727);
#14729 = EDGE_CURVE('',#14712,#14714,#14728,.T.);
#14730 = CARTESIAN_POINT('',(22.95626300,23.87016000,1.50000000));
#14731 = DIRECTION('',(0.00000000,0.00000000,-1.00000000));
#14732 = VECTOR('',#14731,1.50000000);
#14733 = LINE('',#14730,#14732);
#14734 = EDGE_CURVE('',#14714,#14708,#14733,.T.);
#14735 = ORIENTED_EDGE('',*,*,#14734,.F.);
#14736 = ORIENTED_EDGE('',*,*,#14729,.F.);
#14737 = ORIENTED_EDGE('',*,*,#14724,.F.);
#14738 = ORIENTED_EDGE('',*,*,#14719,.F.);
#14739 = EDGE_LOOP('',(#14735,#14736,#14737,#14738));
#14740 = FACE_OUTER_BOUND('',#14739,.T.);
#14741 = CARTESIAN_POINT('',(22.95626300,23.87016000,0.00000000));
#14742 = DIRECTION('',(1.00000000,0.00000000,0.00000000));
#14743 = DIRECTION('',(0.00000000,-1.00000000,0.00000000));
#14744 = AXIS2_PLACEMENT_3D('',#14741,#14742,#14743);
#14745 = PLANE('',#14744);
#14746 = ADVANCED_FACE('',(#14740),#14745,.T.);
#14747 = CARTESIAN_POINT('',(22.95626300,10.07016000,0.00000000));
#14748 = VERTEX_POINT('',#14747);
#14749 = CARTESIAN_POINT('',(9.15626300,10.07016000,0.00000000));
#14750 = VERTEX_POINT('',#14749);
#14751 = CARTESIAN_POINT('',(9.15626300,10.07016000,1.50000000));
#14752 = VERTEX_POINT('',#14751);
#14753 = CARTESIAN_POINT('',(22.95626300,10.07016000,1.50000000));
#14754 = VERTEX_POINT('',#14753);
#14755 = CARTESIAN_POINT('',(22.95626300,10.07016000,0.00000000));
#14756 = DIRECTION('',(-1.00000000,0.00000000,0.00000000));
#14757 = VECTOR('',#14756,13.80000000);
#14758 = LINE('',#14755,#14757);
#14759 = EDGE_CURVE('',#14748,#14750,#14758,.T.);
#14760 = CARTESIAN_POINT('',(9.15626300,10.07016000,0.00000000));
#14761 = DIRECTION('',(0.00000000,0.00000000,1.00000000));
#14762 = VECTOR('',#14761,1.50000000);
#14763 = LINE('',#14760,#14762);
#14764 = EDGE_CURVE('',#14750,#14752,#14763,.T.);
#14765 = CARTESIAN_POINT('',(9.15626300,10.07016000,1.50000000));
#14766 = DIRECTION('',(1.00000000,-0.00000000,0.00000000));
#14767 = VECTOR('',#14766,13.80000000);
#14768 = LINE('',#14765,#14767);
#14769 = EDGE_CURVE('',#14752,#14754,#14768,.T.);
#14770 = CARTESIAN_POINT('',(22.95626300,10.07016000,1.50000000));
#14771 = DIRECTION('',(0.00000000,0.00000000,-1.00000000));
#14772 = VECTOR('',#14771,1.50000000);
#14773 = LINE('',#14770,#14772);
#14774 = EDGE_CURVE('',#14754,#14748,#14773,.T.);
#14775 = ORIENTED_EDGE('',*,*,#14774,.F.);
#14776 = ORIENTED_EDGE('',*,*,#14769,.F.);
#14777 = ORIENTED_EDGE('',*,*,#14764,.F.);
#14778 = ORIENTED_EDGE('',*,*,#14759,.F.);
#14779 = EDGE_LOOP('',(#14775,#14776,#14777,#14778));
#14780 = FACE_OUTER_BOUND('',#14779,.T.);
#14781 = CARTESIAN_POINT('',(22.95626300,10.07016000,0.00000000));
#14782 = DIRECTION('',(-0.00000000,-1.00000000,0.00000000));
#14783 = DIRECTION('',(-1.00000000,0.00000000,0.00000000));
#14784 = AXIS2_PLACEMENT_3D('',#14781,#14782,#14783);
#14785 = PLANE('',#14784);
#14786 = ADVANCED_FACE('',(#14780),#14785,.T.);
#14787 = CARTESIAN_POINT('',(9.15626300,10.07016000,0.00000000));
#14788 = VERTEX_POINT('',#14787);
#14789 = CARTESIAN_POINT('',(9.15626300,23.87016000,0.00000000));
#14790 = VERTEX_POINT('',#14789);
#14791 = CARTESIAN_POINT('',(9.15626300,23.87016000,1.50000000));
#14792 = VERTEX_POINT('',#14791);
#14793 = CARTESIAN_POINT('',(9.15626300,10.07016000,1.50000000));
#14794 = VERTEX_POINT('',#14793);
#14795 = CARTESIAN_POINT('',(9.15626300,10.07016000,0.00000000));
#14796 = DIRECTION('',(0.00000000,1.00000000,0.00000000));
#14797 = VECTOR('',#14796,13.80000000);
#14798 = LINE('',#14795,#14797);
#14799 = EDGE_CURVE('',#14788,#14790,#14798,.T.);
#14800 = CARTESIAN_POINT('',(9.15626300,23.87016000,0.00000000));
#14801 = DIRECTION('',(0.00000000,0.00000000,1.00000000));
#14802 = VECTOR('',#14801,1.50000000);
#14803 = LINE('',#14800,#14802);
#14804 = EDGE_CURVE('',#14790,#14792,#14803,.T.);
#14805 = CARTESIAN_POINT('',(9.15626300,23.87016000,1.50000000));
#14806 = DIRECTION('',(-0.00000000,-1.00000000,0.00000000));
#14807 = VECTOR('',#14806,13.80000000);
#14808 = LINE('',#14805,#14807);
#14809 = EDGE_CURVE('',#14792,#14794,#14808,.T.);
#14810 = CARTESIAN_POINT('',(9.15626300,10.07016000,1.50000000));
#14811 = DIRECTION('',(0.00000000,0.00000000,-1.00000000));
#14812 = VECTOR('',#14811,1.50000000);
#14813 = LINE('',#14810,#14812);
#14814 = EDGE_CURVE('',#14794,#14788,#14813,.T.);
#14815 = ORIENTED_EDGE('',*,*,#14814,.F.);
#14816 = ORIENTED_EDGE('',*,*,#14809,.F.);
#14817 = ORIENTED_EDGE('',*,*,#14804,.F.);
#14818 = ORIENTED_EDGE('',*,*,#14799,.F.);
#14819 = EDGE_LOOP('',(#14815,#14816,#14817,#14818));
#14820 = FACE_OUTER_BOUND('',#14819,.T.);
#14821 = CARTESIAN_POINT('',(9.15626300,10.07016000,0.00000000));
#14822 = DIRECTION('',(-1.00000000,0.00000000,0.00000000));
#14823 = DIRECTION('',(0.00000000,1.00000000,0.00000000));
#14824 = AXIS2_PLACEMENT_3D('',#14821,#14822,#14823);
#14825 = PLANE('',#14824);
#14826 = ADVANCED_FACE('',(#14820),#14825,.T.);
#14827 = CARTESIAN_POINT('',(120.09076300,65.76096000,0.00000000));
#14828 = VERTEX_POINT('',#14827);
#14829 = CARTESIAN_POINT('',(116.89076300,65.76096000,0.00000000));
#14830 = VERTEX_POINT('',#14829);
#14831 = CARTESIAN_POINT('',(120.09076300,65.76096000,1.50000000));
#14832 = VERTEX_POINT('',#14831);
#14833 = CARTESIAN_POINT('',(116.89076300,65.76096000,1.50000000));
#14834 = VERTEX_POINT('',#14833);
#14835 = CARTESIAN_POINT('',(118.49076300,65.76096000,0.00000000));
#14836 = DIRECTION('',(0.00000000,0.00000000,-1.00000000));
#14837 = DIRECTION('',(1.00000000,0.00000000,0.00000000));
#14838 = AXIS2_PLACEMENT_3D('',#14835,#14836,#14837);
#14839 = CIRCLE('',#14838,1.60000000);
#14840 = EDGE_CURVE('',#14828,#14830,#14839,.T.);
#14841 = CARTESIAN_POINT('',(118.49076300,65.76096000,1.50000000));
#14842 = DIRECTION('',(0.00000000,0.00000000,1.00000000));
#14843 = DIRECTION('',(1.00000000,0.00000000,0.00000000));
#14844 = AXIS2_PLACEMENT_3D('',#14841,#14842,#14843);
#14845 = CIRCLE('',#14844,1.60000000);
#14846 = EDGE_CURVE('',#14834,#14832,#14845,.T.);
#14847 = CARTESIAN_POINT('',(120.09076300,65.76096000,0.00000000));
#14848 = DIRECTION('',(0.00000000,0.00000000,1.00000000));
#14849 = VECTOR('',#14848,1.50000000);
#14850 = LINE('',#14847,#14849);
#14851 = EDGE_CURVE('',#14828,#14832,#14850,.T.);
#14852 = CARTESIAN_POINT('',(116.89076300,65.76096000,1.50000000));
#14853 = DIRECTION('',(0.00000000,0.00000000,-1.00000000));
#14854 = VECTOR('',#14853,1.50000000);
#14855 = LINE('',#14852,#14854);
#14856 = EDGE_CURVE('',#14834,#14830,#14855,.T.);
#14857 = ORIENTED_EDGE('',*,*,#14840,.T.);
#14858 = ORIENTED_EDGE('',*,*,#14851,.T.);
#14859 = ORIENTED_EDGE('',*,*,#14846,.T.);
#14860 = ORIENTED_EDGE('',*,*,#14856,.T.);
#14861 = EDGE_LOOP('',(#14857,#14858,#14859,#14860));
#14862 = FACE_OUTER_BOUND('',#14861,.T.);
#14863 = CARTESIAN_POINT('',(118.49076300,65.76096000,0.00000000));
#14864 = DIRECTION('',(0.00000000,0.00000000,1.00000000));
#14865 = DIRECTION('',(1.00000000,0.00000000,0.00000000));
#14866 = AXIS2_PLACEMENT_3D('',#14863,#14864,#14865);
#14867 = CYLINDRICAL_SURFACE('',#14866,1.60000000);
#14868 = ADVANCED_FACE('',(#14862),#14867,.F.);
#14869 = CARTESIAN_POINT('',(116.89076300,65.76096000,0.00000000));
#14870 = VERTEX_POINT('',#14869);
#14871 = CARTESIAN_POINT('',(120.09076300,65.76096000,0.00000000));
#14872 = VERTEX_POINT('',#14871);
#14873 = CARTESIAN_POINT('',(116.89076300,65.76096000,1.50000000));
#14874 = VERTEX_POINT('',#14873);
#14875 = CARTESIAN_POINT('',(120.09076300,65.76096000,1.50000000));
#14876 = VERTEX_POINT('',#14875);
#14877 = CARTESIAN_POINT('',(118.49076300,65.76096000,0.00000000));
#14878 = DIRECTION('',(0.00000000,0.00000000,-1.00000000));
#14879 = DIRECTION('',(1.00000000,0.00000000,0.00000000));
#14880 = AXIS2_PLACEMENT_3D('',#14877,#14878,#14879);
#14881 = CIRCLE('',#14880,1.60000000);
#14882 = EDGE_CURVE('',#14870,#14872,#14881,.T.);
#14883 = CARTESIAN_POINT('',(118.49076300,65.76096000,1.50000000));
#14884 = DIRECTION('',(0.00000000,0.00000000,1.00000000));
#14885 = DIRECTION('',(1.00000000,0.00000000,0.00000000));
#14886 = AXIS2_PLACEMENT_3D('',#14883,#14884,#14885);
#14887 = CIRCLE('',#14886,1.60000000);
#14888 = EDGE_CURVE('',#14876,#14874,#14887,.T.);
#14889 = CARTESIAN_POINT('',(116.89076300,65.76096000,0.00000000));
#14890 = DIRECTION('',(0.00000000,0.00000000,1.00000000));
#14891 = VECTOR('',#14890,1.50000000);
#14892 = LINE('',#14889,#14891);
#14893 = EDGE_CURVE('',#14870,#14874,#14892,.T.);
#14894 = CARTESIAN_POINT('',(120.09076300,65.76096000,1.50000000));
#14895 = DIRECTION('',(0.00000000,0.00000000,-1.00000000));
#14896 = VECTOR('',#14895,1.50000000);
#14897 = LINE('',#14894,#14896);
#14898 = EDGE_CURVE('',#14876,#14872,#14897,.T.);
#14899 = ORIENTED_EDGE('',*,*,#14882,.T.);
#14900 = ORIENTED_EDGE('',*,*,#14893,.T.);
#14901 = ORIENTED_EDGE('',*,*,#14888,.T.);
#14902 = ORIENTED_EDGE('',*,*,#14898,.T.);
#14903 = EDGE_LOOP('',(#14899,#14900,#14901,#14902));
#14904 = FACE_OUTER_BOUND('',#14903,.T.);
#14905 = CARTESIAN_POINT('',(118.49076300,65.76096000,0.00000000));
#14906 = DIRECTION('',(0.00000000,0.00000000,1.00000000));
#14907 = DIRECTION('',(1.00000000,0.00000000,0.00000000));
#14908 = AXIS2_PLACEMENT_3D('',#14905,#14906,#14907);
#14909 = CYLINDRICAL_SURFACE('',#14908,1.60000000);
#14910 = ADVANCED_FACE('',(#14904),#14909,.F.);
#14911 = CARTESIAN_POINT('',(71.01796300,66.70076000,0.00000000));
#14912 = VERTEX_POINT('',#14911);
#14913 = CARTESIAN_POINT('',(67.81796300,66.70076000,0.00000000));
#14914 = VERTEX_POINT('',#14913);
#14915 = CARTESIAN_POINT('',(71.01796300,66.70076000,1.50000000));
#14916 = VERTEX_POINT('',#14915);
#14917 = CARTESIAN_POINT('',(67.81796300,66.70076000,1.50000000));
#14918 = VERTEX_POINT('',#14917);
#14919 = CARTESIAN_POINT('',(69.41796300,66.70076000,0.00000000));
#14920 = DIRECTION('',(0.00000000,0.00000000,-1.00000000));
#14921 = DIRECTION('',(1.00000000,0.00000000,0.00000000));
#14922 = AXIS2_PLACEMENT_3D('',#14919,#14920,#14921);
#14923 = CIRCLE('',#14922,1.60000000);
#14924 = EDGE_CURVE('',#14912,#14914,#14923,.T.);
#14925 = CARTESIAN_POINT('',(69.41796300,66.70076000,1.50000000));
#14926 = DIRECTION('',(0.00000000,0.00000000,1.00000000));
#14927 = DIRECTION('',(1.00000000,0.00000000,0.00000000));
#14928 = AXIS2_PLACEMENT_3D('',#14925,#14926,#14927);
#14929 = CIRCLE('',#14928,1.60000000);
#14930 = EDGE_CURVE('',#14918,#14916,#14929,.T.);
#14931 = CARTESIAN_POINT('',(71.01796300,66.70076000,0.00000000));
#14932 = DIRECTION('',(0.00000000,0.00000000,1.00000000));
#14933 = VECTOR('',#14932,1.50000000);
#14934 = LINE('',#14931,#14933);
#14935 = EDGE_CURVE('',#14912,#14916,#14934,.T.);
#14936 = CARTESIAN_POINT('',(67.81796300,66.70076000,1.50000000));
#14937 = DIRECTION('',(0.00000000,0.00000000,-1.00000000));
#14938 = VECTOR('',#14937,1.50000000);
#14939 = LINE('',#14936,#14938);
#14940 = EDGE_CURVE('',#14918,#14914,#14939,.T.);
#14941 = ORIENTED_EDGE('',*,*,#14924,.T.);
#14942 = ORIENTED_EDGE('',*,*,#14935,.T.);
#14943 = ORIENTED_EDGE('',*,*,#14930,.T.);
#14944 = ORIENTED_EDGE('',*,*,#14940,.T.);
#14945 = EDGE_LOOP('',(#14941,#14942,#14943,#14944));
#14946 = FACE_OUTER_BOUND('',#14945,.T.);
#14947 = CARTESIAN_POINT('',(69.41796300,66.70076000,0.00000000));
#14948 = DIRECTION('',(0.00000000,0.00000000,1.00000000));
#14949 = DIRECTION('',(1.00000000,0.00000000,0.00000000));
#14950 = AXIS2_PLACEMENT_3D('',#14947,#14948,#14949);
#14951 = CYLINDRICAL_SURFACE('',#14950,1.60000000);
#14952 = ADVANCED_FACE('',(#14946),#14951,.F.);
#14953 = CARTESIAN_POINT('',(67.81796300,66.70076000,0.00000000));
#14954 = VERTEX_POINT('',#14953);
#14955 = CARTESIAN_POINT('',(71.01796300,66.70076000,0.00000000));
#14956 = VERTEX_POINT('',#14955);
#14957 = CARTESIAN_POINT('',(67.81796300,66.70076000,1.50000000));
#14958 = VERTEX_POINT('',#14957);
#14959 = CARTESIAN_POINT('',(71.01796300,66.70076000,1.50000000));
#14960 = VERTEX_POINT('',#14959);
#14961 = CARTESIAN_POINT('',(69.41796300,66.70076000,0.00000000));
#14962 = DIRECTION('',(0.00000000,0.00000000,-1.00000000));
#14963 = DIRECTION('',(1.00000000,0.00000000,0.00000000));
#14964 = AXIS2_PLACEMENT_3D('',#14961,#14962,#14963);
#14965 = CIRCLE('',#14964,1.60000000);
#14966 = EDGE_CURVE('',#14954,#14956,#14965,.T.);
#14967 = CARTESIAN_POINT('',(69.41796300,66.70076000,1.50000000));
#14968 = DIRECTION('',(0.00000000,0.00000000,1.00000000));
#14969 = DIRECTION('',(1.00000000,0.00000000,0.00000000));
#14970 = AXIS2_PLACEMENT_3D('',#14967,#14968,#14969);
#14971 = CIRCLE('',#14970,1.60000000);
#14972 = EDGE_CURVE('',#14960,#14958,#14971,.T.);
#14973 = CARTESIAN_POINT('',(67.81796300,66.70076000,0.00000000));
#14974 = DIRECTION('',(0.00000000,0.00000000,1.00000000));
#14975 = VECTOR('',#14974,1.50000000);
#14976 = LINE('',#14973,#14975);
#14977 = EDGE_CURVE('',#14954,#14958,#14976,.T.);
#14978 = CARTESIAN_POINT('',(71.01796300,66.70076000,1.50000000));
#14979 = DIRECTION('',(0.00000000,0.00000000,-1.00000000));
#14980 = VECTOR('',#14979,1.50000000);
#14981 = LINE('',#14978,#14980);
#14982 = EDGE_CURVE('',#14960,#14956,#14981,.T.);
#14983 = ORIENTED_EDGE('',*,*,#14966,.T.);
#14984 = ORIENTED_EDGE('',*,*,#14977,.T.);
#14985 = ORIENTED_EDGE('',*,*,#14972,.T.);
#14986 = ORIENTED_EDGE('',*,*,#14982,.T.);
#14987 = EDGE_LOOP('',(#14983,#14984,#14985,#14986));
#14988 = FACE_OUTER_BOUND('',#14987,.T.);
#14989 = CARTESIAN_POINT('',(69.41796300,66.70076000,0.00000000));
#14990 = DIRECTION('',(0.00000000,0.00000000,1.00000000));
#14991 = DIRECTION('',(1.00000000,0.00000000,0.00000000));
#14992 = AXIS2_PLACEMENT_3D('',#14989,#14990,#14991);
#14993 = CYLINDRICAL_SURFACE('',#14992,1.60000000);
#14994 = ADVANCED_FACE('',(#14988),#14993,.F.);
#14995 = CARTESIAN_POINT('',(131.67316300,15.13876000,0.00000000));
#14996 = VERTEX_POINT('',#14995);
#14997 = CARTESIAN_POINT('',(128.47316300,15.13876000,0.00000000));
#14998 = VERTEX_POINT('',#14997);
#14999 = CARTESIAN_POINT('',(131.67316300,15.13876000,1.50000000));
#15000 = VERTEX_POINT('',#14999);
#15001 = CARTESIAN_POINT('',(128.47316300,15.13876000,1.50000000));
#15002 = VERTEX_POINT('',#15001);
#15003 = CARTESIAN_POINT('',(130.07316300,15.13876000,0.00000000));
#15004 = DIRECTION('',(0.00000000,0.00000000,-1.00000000));
#15005 = DIRECTION('',(1.00000000,0.00000000,0.00000000));
#15006 = AXIS2_PLACEMENT_3D('',#15003,#15004,#15005);
#15007 = CIRCLE('',#15006,1.60000000);
#15008 = EDGE_CURVE('',#14996,#14998,#15007,.T.);
#15009 = CARTESIAN_POINT('',(130.07316300,15.13876000,1.50000000));
#15010 = DIRECTION('',(0.00000000,0.00000000,1.00000000));
#15011 = DIRECTION('',(1.00000000,0.00000000,0.00000000));
#15012 = AXIS2_PLACEMENT_3D('',#15009,#15010,#15011);
#15013 = CIRCLE('',#15012,1.60000000);
#15014 = EDGE_CURVE('',#15002,#15000,#15013,.T.);
#15015 = CARTESIAN_POINT('',(131.67316300,15.13876000,0.00000000));
#15016 = DIRECTION('',(0.00000000,0.00000000,1.00000000));
#15017 = VECTOR('',#15016,1.50000000);
#15018 = LINE('',#15015,#15017);
#15019 = EDGE_CURVE('',#14996,#15000,#15018,.T.);
#15020 = CARTESIAN_POINT('',(128.47316300,15.13876000,1.50000000));
#15021 = DIRECTION('',(0.00000000,0.00000000,-1.00000000));
#15022 = VECTOR('',#15021,1.50000000);
#15023 = LINE('',#15020,#15022);
#15024 = EDGE_CURVE('',#15002,#14998,#15023,.T.);
#15025 = ORIENTED_EDGE('',*,*,#15008,.T.);
#15026 = ORIENTED_EDGE('',*,*,#15019,.T.);
#15027 = ORIENTED_EDGE('',*,*,#15014,.T.);
#15028 = ORIENTED_EDGE('',*,*,#15024,.T.);
#15029 = EDGE_LOOP('',(#15025,#15026,#15027,#15028));
#15030 = FACE_OUTER_BOUND('',#15029,.T.);
#15031 = CARTESIAN_POINT('',(130.07316300,15.13876000,0.00000000));
#15032 = DIRECTION('',(0.00000000,0.00000000,1.00000000));
#15033 = DIRECTION('',(1.00000000,0.00000000,0.00000000));
#15034 = AXIS2_PLACEMENT_3D('',#15031,#15032,#15033);
#15035 = CYLINDRICAL_SURFACE('',#15034,1.60000000);
#15036 = ADVANCED_FACE('',(#15030),#15035,.F.);
#15037 = CARTESIAN_POINT('',(128.47316300,15.13876000,0.00000000));
#15038 = VERTEX_POINT('',#15037);
#15039 = CARTESIAN_POINT('',(131.67316300,15.13876000,0.00000000));
#15040 = VERTEX_POINT('',#15039);
#15041 = CARTESIAN_POINT('',(128.47316300,15.13876000,1.50000000));
#15042 = VERTEX_POINT('',#15041);
#15043 = CARTESIAN_POINT('',(131.67316300,15.13876000,1.50000000));
#15044 = VERTEX_POINT('',#15043);
#15045 = CARTESIAN_POINT('',(130.07316300,15.13876000,0.00000000));
#15046 = DIRECTION('',(0.00000000,0.00000000,-1.00000000));
#15047 = DIRECTION('',(1.00000000,0.00000000,0.00000000));
#15048 = AXIS2_PLACEMENT_3D('',#15045,#15046,#15047);
#15049 = CIRCLE('',#15048,1.60000000);
#15050 = EDGE_CURVE('',#15038,#15040,#15049,.T.);
#15051 = CARTESIAN_POINT('',(130.07316300,15.13876000,1.50000000));
#15052 = DIRECTION('',(0.00000000,0.00000000,1.00000000));
#15053 = DIRECTION('',(1.00000000,0.00000000,0.00000000));
#15054 = AXIS2_PLACEMENT_3D('',#15051,#15052,#15053);
#15055 = CIRCLE('',#15054,1.60000000);
#15056 = EDGE_CURVE('',#15044,#15042,#15055,.T.);
#15057 = CARTESIAN_POINT('',(128.47316300,15.13876000,0.00000000));
#15058 = DIRECTION('',(0.00000000,0.00000000,1.00000000));
#15059 = VECTOR('',#15058,1.50000000);
#15060 = LINE('',#15057,#15059);
#15061 = EDGE_CURVE('',#15038,#15042,#15060,.T.);
#15062 = CARTESIAN_POINT('',(131.67316300,15.13876000,1.50000000));
#15063 = DIRECTION('',(0.00000000,0.00000000,-1.00000000));
#15064 = VECTOR('',#15063,1.50000000);
#15065 = LINE('',#15062,#15064);
#15066 = EDGE_CURVE('',#15044,#15040,#15065,.T.);
#15067 = ORIENTED_EDGE('',*,*,#15050,.T.);
#15068 = ORIENTED_EDGE('',*,*,#15061,.T.);
#15069 = ORIENTED_EDGE('',*,*,#15056,.T.);
#15070 = ORIENTED_EDGE('',*,*,#15066,.T.);
#15071 = EDGE_LOOP('',(#15067,#15068,#15069,#15070));
#15072 = FACE_OUTER_BOUND('',#15071,.T.);
#15073 = CARTESIAN_POINT('',(130.07316300,15.13876000,0.00000000));
#15074 = DIRECTION('',(0.00000000,0.00000000,1.00000000));
#15075 = DIRECTION('',(1.00000000,0.00000000,0.00000000));
#15076 = AXIS2_PLACEMENT_3D('',#15073,#15074,#15075);
#15077 = CYLINDRICAL_SURFACE('',#15076,1.60000000);
#15078 = ADVANCED_FACE('',(#15072),#15077,.F.);
#15079 = CARTESIAN_POINT('',(7.44176300,63.17016000,0.00000000));
#15080 = VERTEX_POINT('',#15079);
#15081 = CARTESIAN_POINT('',(4.24176300,63.17016000,0.00000000));
#15082 = VERTEX_POINT('',#15081);
#15083 = CARTESIAN_POINT('',(7.44176300,63.17016000,1.50000000));
#15084 = VERTEX_POINT('',#15083);
#15085 = CARTESIAN_POINT('',(4.24176300,63.17016000,1.50000000));
#15086 = VERTEX_POINT('',#15085);
#15087 = CARTESIAN_POINT('',(5.84176300,63.17016000,0.00000000));
#15088 = DIRECTION('',(0.00000000,0.00000000,-1.00000000));
#15089 = DIRECTION('',(1.00000000,0.00000000,0.00000000));
#15090 = AXIS2_PLACEMENT_3D('',#15087,#15088,#15089);
#15091 = CIRCLE('',#15090,1.60000000);
#15092 = EDGE_CURVE('',#15080,#15082,#15091,.T.);
#15093 = CARTESIAN_POINT('',(5.84176300,63.17016000,1.50000000));
#15094 = DIRECTION('',(0.00000000,0.00000000,1.00000000));
#15095 = DIRECTION('',(1.00000000,0.00000000,0.00000000));
#15096 = AXIS2_PLACEMENT_3D('',#15093,#15094,#15095);
#15097 = CIRCLE('',#15096,1.60000000);
#15098 = EDGE_CURVE('',#15086,#15084,#15097,.T.);
#15099 = CARTESIAN_POINT('',(7.44176300,63.17016000,0.00000000));
#15100 = DIRECTION('',(0.00000000,0.00000000,1.00000000));
#15101 = VECTOR('',#15100,1.50000000);
#15102 = LINE('',#15099,#15101);
#15103 = EDGE_CURVE('',#15080,#15084,#15102,.T.);
#15104 = CARTESIAN_POINT('',(4.24176300,63.17016000,1.50000000));
#15105 = DIRECTION('',(0.00000000,0.00000000,-1.00000000));
#15106 = VECTOR('',#15105,1.50000000);
#15107 = LINE('',#15104,#15106);
#15108 = EDGE_CURVE('',#15086,#15082,#15107,.T.);
#15109 = ORIENTED_EDGE('',*,*,#15092,.T.);
#15110 = ORIENTED_EDGE('',*,*,#15103,.T.);
#15111 = ORIENTED_EDGE('',*,*,#15098,.T.);
#15112 = ORIENTED_EDGE('',*,*,#15108,.T.);
#15113 = EDGE_LOOP('',(#15109,#15110,#15111,#15112));
#15114 = FACE_OUTER_BOUND('',#15113,.T.);
#15115 = CARTESIAN_POINT('',(5.84176300,63.17016000,0.00000000));
#15116 = DIRECTION('',(0.00000000,0.00000000,1.00000000));
#15117 = DIRECTION('',(1.00000000,0.00000000,0.00000000));
#15118 = AXIS2_PLACEMENT_3D('',#15115,#15116,#15117);
#15119 = CYLINDRICAL_SURFACE('',#15118,1.60000000);
#15120 = ADVANCED_FACE('',(#15114),#15119,.F.);
#15121 = CARTESIAN_POINT('',(4.24176300,63.17016000,0.00000000));
#15122 = VERTEX_POINT('',#15121);
#15123 = CARTESIAN_POINT('',(7.44176300,63.17016000,0.00000000));
#15124 = VERTEX_POINT('',#15123);
#15125 = CARTESIAN_POINT('',(4.24176300,63.17016000,1.50000000));
#15126 = VERTEX_POINT('',#15125);
#15127 = CARTESIAN_POINT('',(7.44176300,63.17016000,1.50000000));
#15128 = VERTEX_POINT('',#15127);
#15129 = CARTESIAN_POINT('',(5.84176300,63.17016000,0.00000000));
#15130 = DIRECTION('',(0.00000000,0.00000000,-1.00000000));
#15131 = DIRECTION('',(1.00000000,0.00000000,0.00000000));
#15132 = AXIS2_PLACEMENT_3D('',#15129,#15130,#15131);
#15133 = CIRCLE('',#15132,1.60000000);
#15134 = EDGE_CURVE('',#15122,#15124,#15133,.T.);
#15135 = CARTESIAN_POINT('',(5.84176300,63.17016000,1.50000000));
#15136 = DIRECTION('',(0.00000000,0.00000000,1.00000000));
#15137 = DIRECTION('',(1.00000000,0.00000000,0.00000000));
#15138 = AXIS2_PLACEMENT_3D('',#15135,#15136,#15137);
#15139 = CIRCLE('',#15138,1.60000000);
#15140 = EDGE_CURVE('',#15128,#15126,#15139,.T.);
#15141 = CARTESIAN_POINT('',(4.24176300,63.17016000,0.00000000));
#15142 = DIRECTION('',(0.00000000,0.00000000,1.00000000));
#15143 = VECTOR('',#15142,1.50000000);
#15144 = LINE('',#15141,#15143);
#15145 = EDGE_CURVE('',#15122,#15126,#15144,.T.);
#15146 = CARTESIAN_POINT('',(7.44176300,63.17016000,1.50000000));
#15147 = DIRECTION('',(0.00000000,0.00000000,-1.00000000));
#15148 = VECTOR('',#15147,1.50000000);
#15149 = LINE('',#15146,#15148);
#15150 = EDGE_CURVE('',#15128,#15124,#15149,.T.);
#15151 = ORIENTED_EDGE('',*,*,#15134,.T.);
#15152 = ORIENTED_EDGE('',*,*,#15145,.T.);
#15153 = ORIENTED_EDGE('',*,*,#15140,.T.);
#15154 = ORIENTED_EDGE('',*,*,#15150,.T.);
#15155 = EDGE_LOOP('',(#15151,#15152,#15153,#15154));
#15156 = FACE_OUTER_BOUND('',#15155,.T.);
#15157 = CARTESIAN_POINT('',(5.84176300,63.17016000,0.00000000));
#15158 = DIRECTION('',(0.00000000,0.00000000,1.00000000));
#15159 = DIRECTION('',(1.00000000,0.00000000,0.00000000));
#15160 = AXIS2_PLACEMENT_3D('',#15157,#15158,#15159);
#15161 = CYLINDRICAL_SURFACE('',#15160,1.60000000);
#15162 = ADVANCED_FACE('',(#15156),#15161,.F.);
#15163 = CARTESIAN_POINT('',(26.72036300,7.46796000,0.00000000));
#15164 = VERTEX_POINT('',#15163);
#15165 = CARTESIAN_POINT('',(23.52036300,7.46796000,0.00000000));
#15166 = VERTEX_POINT('',#15165);
#15167 = CARTESIAN_POINT('',(26.72036300,7.46796000,1.50000000));
#15168 = VERTEX_POINT('',#15167);
#15169 = CARTESIAN_POINT('',(23.52036300,7.46796000,1.50000000));
#15170 = VERTEX_POINT('',#15169);
#15171 = CARTESIAN_POINT('',(25.12036300,7.46796000,0.00000000));
#15172 = DIRECTION('',(0.00000000,0.00000000,-1.00000000));
#15173 = DIRECTION('',(1.00000000,0.00000000,0.00000000));
#15174 = AXIS2_PLACEMENT_3D('',#15171,#15172,#15173);
#15175 = CIRCLE('',#15174,1.60000000);
#15176 = EDGE_CURVE('',#15164,#15166,#15175,.T.);
#15177 = CARTESIAN_POINT('',(25.12036300,7.46796000,1.50000000));
#15178 = DIRECTION('',(0.00000000,0.00000000,1.00000000));
#15179 = DIRECTION('',(1.00000000,0.00000000,0.00000000));
#15180 = AXIS2_PLACEMENT_3D('',#15177,#15178,#15179);
#15181 = CIRCLE('',#15180,1.60000000);
#15182 = EDGE_CURVE('',#15170,#15168,#15181,.T.);
#15183 = CARTESIAN_POINT('',(26.72036300,7.46796000,0.00000000));
#15184 = DIRECTION('',(0.00000000,0.00000000,1.00000000));
#15185 = VECTOR('',#15184,1.50000000);
#15186 = LINE('',#15183,#15185);
#15187 = EDGE_CURVE('',#15164,#15168,#15186,.T.);
#15188 = CARTESIAN_POINT('',(23.52036300,7.46796000,1.50000000));
#15189 = DIRECTION('',(0.00000000,0.00000000,-1.00000000));
#15190 = VECTOR('',#15189,1.50000000);
#15191 = LINE('',#15188,#15190);
#15192 = EDGE_CURVE('',#15170,#15166,#15191,.T.);
#15193 = ORIENTED_EDGE('',*,*,#15176,.T.);
#15194 = ORIENTED_EDGE('',*,*,#15187,.T.);
#15195 = ORIENTED_EDGE('',*,*,#15182,.T.);
#15196 = ORIENTED_EDGE('',*,*,#15192,.T.);
#15197 = EDGE_LOOP('',(#15193,#15194,#15195,#15196));
#15198 = FACE_OUTER_BOUND('',#15197,.T.);
#15199 = CARTESIAN_POINT('',(25.12036300,7.46796000,0.00000000));
#15200 = DIRECTION('',(0.00000000,0.00000000,1.00000000));
#15201 = DIRECTION('',(1.00000000,0.00000000,0.00000000));
#15202 = AXIS2_PLACEMENT_3D('',#15199,#15200,#15201);
#15203 = CYLINDRICAL_SURFACE('',#15202,1.60000000);
#15204 = ADVANCED_FACE('',(#15198),#15203,.F.);
#15205 = CARTESIAN_POINT('',(23.52036300,7.46796000,0.00000000));
#15206 = VERTEX_POINT('',#15205);
#15207 = CARTESIAN_POINT('',(26.72036300,7.46796000,0.00000000));
#15208 = VERTEX_POINT('',#15207);
#15209 = CARTESIAN_POINT('',(23.52036300,7.46796000,1.50000000));
#15210 = VERTEX_POINT('',#15209);
#15211 = CARTESIAN_POINT('',(26.72036300,7.46796000,1.50000000));
#15212 = VERTEX_POINT('',#15211);
#15213 = CARTESIAN_POINT('',(25.12036300,7.46796000,0.00000000));
#15214 = DIRECTION('',(0.00000000,0.00000000,-1.00000000));
#15215 = DIRECTION('',(1.00000000,0.00000000,0.00000000));
#15216 = AXIS2_PLACEMENT_3D('',#15213,#15214,#15215);
#15217 = CIRCLE('',#15216,1.60000000);
#15218 = EDGE_CURVE('',#15206,#15208,#15217,.T.);
#15219 = CARTESIAN_POINT('',(25.12036300,7.46796000,1.50000000));
#15220 = DIRECTION('',(0.00000000,0.00000000,1.00000000));
#15221 = DIRECTION('',(1.00000000,0.00000000,0.00000000));
#15222 = AXIS2_PLACEMENT_3D('',#15219,#15220,#15221);
#15223 = CIRCLE('',#15222,1.60000000);
#15224 = EDGE_CURVE('',#15212,#15210,#15223,.T.);
#15225 = CARTESIAN_POINT('',(23.52036300,7.46796000,0.00000000));
#15226 = DIRECTION('',(0.00000000,0.00000000,1.00000000));
#15227 = VECTOR('',#15226,1.50000000);
#15228 = LINE('',#15225,#15227);
#15229 = EDGE_CURVE('',#15206,#15210,#15228,.T.);
#15230 = CARTESIAN_POINT('',(26.72036300,7.46796000,1.50000000));
#15231 = DIRECTION('',(0.00000000,0.00000000,-1.00000000));
#15232 = VECTOR('',#15231,1.50000000);
#15233 = LINE('',#15230,#15232);
#15234 = EDGE_CURVE('',#15212,#15208,#15233,.T.);
#15235 = ORIENTED_EDGE('',*,*,#15218,.T.);
#15236 = ORIENTED_EDGE('',*,*,#15229,.T.);
#15237 = ORIENTED_EDGE('',*,*,#15224,.T.);
#15238 = ORIENTED_EDGE('',*,*,#15234,.T.);
#15239 = EDGE_LOOP('',(#15235,#15236,#15237,#15238));
#15240 = FACE_OUTER_BOUND('',#15239,.T.);
#15241 = CARTESIAN_POINT('',(25.12036300,7.46796000,0.00000000));
#15242 = DIRECTION('',(0.00000000,0.00000000,1.00000000));
#15243 = DIRECTION('',(1.00000000,0.00000000,0.00000000));
#15244 = AXIS2_PLACEMENT_3D('',#15241,#15242,#15243);
#15245 = CYLINDRICAL_SURFACE('',#15244,1.60000000);
#15246 = ADVANCED_FACE('',(#15240),#15245,.F.);
#15247 = CLOSED_SHELL('',(#2936,#4386,#4426,#4466,#4506,#4546,#4586,#4626,#4666,#4706,#4746,#4786,#4826,#4866,#4906,#4946,#4986,#5026,#5066,#5106,#5146,#5186,#5226,#5266,#5306,#5346,#5386,#5426,#5466,#5506,#5546,#5586,#5626,#5666,#5706,#5746,#5786,#5826,#5866,#5906,#5946,#5986,#6026,#6066,#6106,#6146,#6186,#6226,#6266,#6306,#6346,#6386,#6426,#6466,#6506,#6546,#6586,#6626,#6666,#6706,#6746,#6786,#6826,#6866,#6906,#6946,#6986,#7026,#7066,#7106,#7146,#7186,#7226,#7266,#7306,#7346,#7386,#7426,#7466,#7506,#7546,#7586,#7626,#7666,#7706,#7746,#7786,#7826,#7866,#7906,#7946,#7986,#8026,#8066,#8106,#8146,#8186,#8226,#8266,#8306,#8346,#8386,#8426,#8466,#8506,#8546,#8586,#8626,#8666,#8706,#8746,#8786,#8826,#8866,#8906,#8946,#8986,#9026,#9066,#9106,#9146,#9186,#9226,#9266,#9306,#9346,#9386,#9426,#9466,#9506,#9546,#9586,#9626,#9666,#9706,#9746,#9786,#9826,#9866,#9906,#9946,#9986,#10026,#10066,#10106,#10146,#10186,#10226,#10266,#10306,#10346,#10386,#10426,#10466,#10506,#10546,#10586,#10626,#10666,#10706,#10746,#10786,#10826,#10866,#10906,#10946,#10986,#11026,#11066,#11106,#11146,#11186,#11226,#11266,#11306,#11346,#11386,#11426,#11466,#11506,#11546,#11586,#11626,#11666,#11706,#11746,#11786,#11826,#11866,#11906,#11946,#11986,#12026,#12066,#12106,#12146,#12186,#12226,#12266,#12306,#12346,#12386,#12426,#12466,#12506,#12546,#12586,#12626,#12666,#12706,#12746,#12786,#12826,#12866,#12906,#12946,#12986,#13026,#13066,#13106,#13146,#13186,#13226,#13266,#13306,#13346,#13386,#13426,#13466,#13506,#13546,#13586,#13626,#13666,#13706,#13746,#13786,#13826,#13866,#13906,#13946,#13986,#14026,#14066,#14106,#14146,#14186,#14226,#14266,#14306,#14346,#14386,#14426,#14466,#14506,#14546,#14586,#14626,#14666,#14706,#14746,#14786,#14826,#14868,#14910,#14952,#14994,#15036,#15078,#15120,#15162,#15204,#15246));
#15248 = MANIFOLD_SOLID_BREP('',#15247);
#90007 = CARTESIAN_POINT('',(0.00000000,0.00000000,0.00000000));
#90008  = DIRECTION('',(0.00000000,0.00000000,1.00000000));
#90009  = DIRECTION('',(1.00000000,0.00000000,0.00000000));
#90006  = AXIS2_PLACEMENT_3D('',#90007,#90008,#90009);
#90001  = (NAMED_UNIT(*) SI_UNIT(.MILLI.,.METRE.) LENGTH_UNIT());
#90002  = (NAMED_UNIT(*) SI_UNIT($,.RADIAN.) NAMED_UNIT(*) PLANE_ANGLE_UNIT());
#90003  = (NAMED_UNIT(*) SI_UNIT($,.STERADIAN.) NAMED_UNIT(*) SOLID_ANGLE_UNIT());
#90004 = UNCERTAINTY_MEASURE_WITH_UNIT(LENGTH_MEASURE(1.E-05),#90001,'distance_accuracy_value','NONE');
#90005 = ( GEOMETRIC_REPRESENTATION_CONTEXT(3) GLOBAL_UNCERTAINTY_ASSIGNED_CONTEXT((#90004)) GLOBAL_UNIT_ASSIGNED_CONTEXT((#90001,#90002,#90003)) REPRESENTATION_CONTEXT('Context #1','3D Context with UNIT and UNCERTAINTY') );
#90010 = ADVANCED_BREP_SHAPE_REPRESENTATION('left_switch_plate',(#15248,#90006),#90005);
#90020   = APPLICATION_CONTEXT('core data for automotive mechanical design processes');
#90021 = APPLICATION_PROTOCOL_DEFINITION('international standard','automotive_design',2000,#90020);
#90031  = PRODUCT_CONTEXT('',#90020,'mechanical');
#90030  = PRODUCT('left_switch_plate','left_switch_plate','',(#90031));
#90032   = PRODUCT_DEFINITION_FORMATION('','',#90030);
#90033 = PRODUCT_DEFINITION_CONTEXT('part definition',#90020,'design');
#90034    = PRODUCT_DEFINITION('design','',#90032,#90033);
#90035   = PRODUCT_DEFINITION_SHAPE('','',#90034);
#90036   = SHAPE_DEFINITION_REPRESENTATION(#90035,#90010);
#90037   = PRODUCT_RELATED_PRODUCT_CATEGORY('part',$,(#90030));
ENDSEC;
END-ISO-10303-21;
