ISO-10303-21;
HEADER;
FILE_DESCRIPTION(('Keyboard Case Plate - right_bottom_plate'),'2;1');
FILE_NAME('right_bottom_plate.stp','2025-01-01T00:00:00',(''),(''),'','','');
FILE_SCHEMA(('AUTOMOTIVE_DESIGN { 1 0 10303 214 1 1 1 1 }'));
ENDSEC;
DATA;
#1 = CARTESIAN_POINT('',(129.64216637,7.94356000,3.00000000));
#2 = DIRECTION('',(0.00000000,0.00000000,-1.00000000));
#3 = DIRECTION('',(1.00000000,0.00000000,0.00000000));
#4 = AXIS2_PLACEMENT_3D('',#1,#2,#3);
#5 = CIRCLE('',#4,1.60000000);
#6 = CARTESIAN_POINT('',(131.24216637,7.94356000,3.00000000));
#7 = VERTEX_POINT('',#6);
#8 = EDGE_CURVE('',#7,#7,#5,.T.);
#9 = ORIENTED_EDGE('',*,*,#8,.T.);
#10 = EDGE_LOOP('',(#9));
#11 = CARTESIAN_POINT('',(129.64216637,7.94356000,0.00000000));
#12 = DIRECTION('',(0.00000000,0.00000000,1.00000000));
#13 = DIRECTION('',(1.00000000,0.00000000,0.00000000));
#14 = AXIS2_PLACEMENT_3D('',#11,#12,#13);
#15 = CIRCLE('',#14,1.60000000);
#16 = CARTESIAN_POINT('',(131.24216637,7.94356000,0.00000000));
#17 = VERTEX_POINT('',#16);
#18 = EDGE_CURVE('',#17,#17,#15,.T.);
#19 = ORIENTED_EDGE('',*,*,#18,.T.);
#20 = EDGE_LOOP('',(#19));
#21 = CARTESIAN_POINT('',(36.22096637,66.77696000,3.00000000));
#22 = DIRECTION('',(0.00000000,0.00000000,-1.00000000));
#23 = DIRECTION('',(1.00000000,0.00000000,0.00000000));
#24 = AXIS2_PLACEMENT_3D('',#21,#22,#23);
#25 = CIRCLE('',#24,1.60000000);
#26 = CARTESIAN_POINT('',(37.82096637,66.77696000,3.00000000));
#27 = VERTEX_POINT('',#26);
#28 = EDGE_CURVE('',#27,#27,#25,.T.);
#29 = ORIENTED_EDGE('',*,*,#28,.T.);
#30 = EDGE_LOOP('',(#29));
#31 = CARTESIAN_POINT('',(36.22096637,66.77696000,0.00000000));
#32 = DIRECTION('',(0.00000000,0.00000000,1.00000000));
#33 = DIRECTION('',(1.00000000,0.00000000,0.00000000));
#34 = AXIS2_PLACEMENT_3D('',#31,#32,#33);
#35 = CIRCLE('',#34,1.60000000);
#36 = CARTESIAN_POINT('',(37.82096637,66.77696000,0.00000000));
#37 = VERTEX_POINT('',#36);
#38 = EDGE_CURVE('',#37,#37,#35,.T.);
#39 = ORIENTED_EDGE('',*,*,#38,.T.);
#40 = EDGE_LOOP('',(#39));
#41 = CARTESIAN_POINT('',(150.08916637,62.88376000,3.00000000));
#42 = DIRECTION('',(0.00000000,0.00000000,-1.00000000));
#43 = DIRECTION('',(1.00000000,0.00000000,0.00000000));
#44 = AXIS2_PLACEMENT_3D('',#41,#42,#43);
#45 = CIRCLE('',#44,1.60000000);
#46 = CARTESIAN_POINT('',(151.68916637,62.88376000,3.00000000));
#47 = VERTEX_POINT('',#46);
#48 = EDGE_CURVE('',#47,#47,#45,.T.);
#49 = ORIENTED_EDGE('',*,*,#48,.T.);
#50 = EDGE_LOOP('',(#49));
#51 = CARTESIAN_POINT('',(150.08916637,62.88376000,0.00000000));
#52 = DIRECTION('',(0.00000000,0.00000000,1.00000000));
#53 = DIRECTION('',(1.00000000,0.00000000,0.00000000));
#54 = AXIS2_PLACEMENT_3D('',#51,#52,#53);
#55 = CIRCLE('',#54,1.60000000);
#56 = CARTESIAN_POINT('',(151.68916637,62.88376000,0.00000000));
#57 = VERTEX_POINT('',#56);
#58 = EDGE_CURVE('',#57,#57,#55,.T.);
#59 = ORIENTED_EDGE('',*,*,#58,.T.);
#60 = EDGE_LOOP('',(#59));
#61 = CARTESIAN_POINT('',(86.10656637,67.65896000,3.00000000));
#62 = DIRECTION('',(0.00000000,0.00000000,-1.00000000));
#63 = DIRECTION('',(1.00000000,0.00000000,0.00000000));
#64 = AXIS2_PLACEMENT_3D('',#61,#62,#63);
#65 = CIRCLE('',#64,1.60000000);
#66 = CARTESIAN_POINT('',(87.70656637,67.65896000,3.00000000));
#67 = VERTEX_POINT('',#66);
#68 = EDGE_CURVE('',#67,#67,#65,.T.);
#69 = ORIENTED_EDGE('',*,*,#68,.T.);
#70 = EDGE_LOOP('',(#69));
#71 = CARTESIAN_POINT('',(86.10656637,67.65896000,0.00000000));
#72 = DIRECTION('',(0.00000000,0.00000000,1.00000000));
#73 = DIRECTION('',(1.00000000,0.00000000,0.00000000));
#74 = AXIS2_PLACEMENT_3D('',#71,#72,#73);
#75 = CIRCLE('',#74,1.60000000);
#76 = CARTESIAN_POINT('',(87.70656637,67.65896000,0.00000000));
#77 = VERTEX_POINT('',#76);
#78 = EDGE_CURVE('',#77,#77,#75,.T.);
#79 = ORIENTED_EDGE('',*,*,#78,.T.);
#80 = EDGE_LOOP('',(#79));
#81 = CARTESIAN_POINT('',(27.38176637,15.99536000,3.00000000));
#82 = DIRECTION('',(0.00000000,0.00000000,-1.00000000));
#83 = DIRECTION('',(1.00000000,0.00000000,0.00000000));
#84 = AXIS2_PLACEMENT_3D('',#81,#82,#83);
#85 = CIRCLE('',#84,1.60000000);
#86 = CARTESIAN_POINT('',(28.98176637,15.99536000,3.00000000));
#87 = VERTEX_POINT('',#86);
#88 = EDGE_CURVE('',#87,#87,#85,.T.);
#89 = ORIENTED_EDGE('',*,*,#88,.T.);
#90 = EDGE_LOOP('',(#89));
#91 = CARTESIAN_POINT('',(27.38176637,15.99536000,0.00000000));
#92 = DIRECTION('',(0.00000000,0.00000000,1.00000000));
#93 = DIRECTION('',(1.00000000,0.00000000,0.00000000));
#94 = AXIS2_PLACEMENT_3D('',#91,#92,#93);
#95 = CIRCLE('',#94,1.60000000);
#96 = CARTESIAN_POINT('',(28.98176637,15.99536000,0.00000000));
#97 = VERTEX_POINT('',#96);
#98 = EDGE_CURVE('',#97,#97,#95,.T.);
#99 = ORIENTED_EDGE('',*,*,#98,.T.);
#100 = EDGE_LOOP('',(#99));
#101 = CARTESIAN_POINT('',(0.02981066,21.22195758,3.00000000));
#102 = VERTEX_POINT('',#101);
#103 = CARTESIAN_POINT('',(0.43566637,21.22195758,3.00000000));
#104 = VERTEX_POINT('',#103);
#105 = CARTESIAN_POINT('',(0.90312208,21.22195758,3.00000000));
#106 = VERTEX_POINT('',#105);
#107 = CARTESIAN_POINT('',(1.72376637,20.92326748,3.00000000));
#108 = VERTEX_POINT('',#107);
#109 = CARTESIAN_POINT('',(2.39276173,20.36191372,3.00000000));
#110 = VERTEX_POINT('',#109);
#111 = CARTESIAN_POINT('',(2.82941744,19.60560385,3.00000000));
#112 = VERTEX_POINT('',#111);
#113 = CARTESIAN_POINT('',(2.98106637,18.74556000,3.00000000));
#114 = VERTEX_POINT('',#113);
#115 = CARTESIAN_POINT('',(2.98106637,4.92796000,3.00000000));
#116 = VERTEX_POINT('',#115);
#117 = CARTESIAN_POINT('',(2.98338171,4.90149603,3.00000000));
#118 = VERTEX_POINT('',#117);
#119 = CARTESIAN_POINT('',(2.99025728,4.87583616,3.00000000));
#120 = VERTEX_POINT('',#119);
#121 = CARTESIAN_POINT('',(3.00148418,4.85176005,3.00000000));
#122 = VERTEX_POINT('',#121);
#123 = CARTESIAN_POINT('',(3.01672127,4.82999924,3.00000000));
#124 = VERTEX_POINT('',#123);
#125 = CARTESIAN_POINT('',(3.03550561,4.81121490,3.00000000));
#126 = VERTEX_POINT('',#125);
#127 = CARTESIAN_POINT('',(3.05726642,4.79597780,3.00000000));
#128 = VERTEX_POINT('',#127);
#129 = CARTESIAN_POINT('',(3.08134254,4.78475091,3.00000000));
#130 = VERTEX_POINT('',#129);
#131 = CARTESIAN_POINT('',(3.10700240,4.77787534,3.00000000));
#132 = VERTEX_POINT('',#131);
#133 = CARTESIAN_POINT('',(3.13346637,4.77556000,3.00000000));
#134 = VERTEX_POINT('',#133);
#135 = CARTESIAN_POINT('',(50.50446637,4.75016000,3.00000000));
#136 = VERTEX_POINT('',#135);
#137 = CARTESIAN_POINT('',(50.53534110,4.74745903,3.00000000));
#138 = VERTEX_POINT('',#137);
#139 = CARTESIAN_POINT('',(50.56527775,4.73943770,3.00000000));
#140 = VERTEX_POINT('',#139);
#141 = CARTESIAN_POINT('',(50.59336667,4.72633974,3.00000000));
#142 = VERTEX_POINT('',#141);
#143 = CARTESIAN_POINT('',(50.61875439,4.70856313,3.00000000));
#144 = VERTEX_POINT('',#143);
#145 = CARTESIAN_POINT('',(50.64066951,4.68664802,3.00000000));
#146 = VERTEX_POINT('',#145);
#147 = CARTESIAN_POINT('',(50.65844611,4.66126030,3.00000000));
#148 = VERTEX_POINT('',#147);
#149 = CARTESIAN_POINT('',(50.67154407,4.63317137,3.00000000));
#150 = VERTEX_POINT('',#149);
#151 = CARTESIAN_POINT('',(50.67956540,4.60323473,3.00000000));
#152 = VERTEX_POINT('',#151);
#153 = CARTESIAN_POINT('',(50.68226637,4.57236000,3.00000000));
#154 = VERTEX_POINT('',#153);
#155 = CARTESIAN_POINT('',(50.68226637,2.92135300,3.00000000));
#156 = VERTEX_POINT('',#155);
#157 = CARTESIAN_POINT('',(50.68315982,2.86082519,3.00000000));
#158 = VERTEX_POINT('',#157);
#159 = CARTESIAN_POINT('',(50.69505827,2.80146453,3.00000000));
#160 = VERTEX_POINT('',#159);
#161 = CARTESIAN_POINT('',(50.71756409,2.74526178,3.00000000));
#162 = VERTEX_POINT('',#161);
#163 = CARTESIAN_POINT('',(50.74992517,2.69409517,3.00000000));
#164 = VERTEX_POINT('',#163);
#165 = CARTESIAN_POINT('',(50.79106003,2.64967463,3.00000000));
#166 = VERTEX_POINT('',#165);
#167 = CARTESIAN_POINT('',(50.83959400,2.61348464,3.00000000));
#168 = VERTEX_POINT('',#167);
#169 = CARTESIAN_POINT('',(50.89390512,2.58673462,3.00000000));
#170 = VERTEX_POINT('',#169);
#171 = CARTESIAN_POINT('',(50.95217839,2.57031854,3.00000000));
#172 = VERTEX_POINT('',#171);
#173 = CARTESIAN_POINT('',(51.01246637,2.56478500,3.00000000));
#174 = VERTEX_POINT('',#173);
#175 = CARTESIAN_POINT('',(70.97686637,2.56478500,3.00000000));
#176 = VERTEX_POINT('',#175);
#177 = CARTESIAN_POINT('',(71.00316112,2.56248470,3.00000000));
#178 = VERTEX_POINT('',#177);
#179 = CARTESIAN_POINT('',(71.02865694,2.55565326,3.00000000));
#180 = VERTEX_POINT('',#179);
#181 = CARTESIAN_POINT('',(71.05257913,2.54449826,3.00000000));
#182 = VERTEX_POINT('',#181);
#183 = CARTESIAN_POINT('',(71.07420082,2.52935865,3.00000000));
#184 = VERTEX_POINT('',#183);
#185 = CARTESIAN_POINT('',(71.09286502,2.51069444,3.00000000));
#186 = VERTEX_POINT('',#185);
#187 = CARTESIAN_POINT('',(71.10800463,2.48907276,3.00000000));
#188 = VERTEX_POINT('',#187);
#189 = CARTESIAN_POINT('',(71.11915963,2.46515057,3.00000000));
#190 = VERTEX_POINT('',#189);
#191 = CARTESIAN_POINT('',(71.12599107,2.43965475,3.00000000));
#192 = VERTEX_POINT('',#191);
#193 = CARTESIAN_POINT('',(71.12829137,2.41336000,3.00000000));
#194 = VERTEX_POINT('',#193);
#195 = CARTESIAN_POINT('',(71.12829137,0.35596000,3.00000000));
#196 = VERTEX_POINT('',#195);
#197 = CARTESIAN_POINT('',(71.13412020,0.29175016,3.00000000));
#198 = VERTEX_POINT('',#197);
#199 = CARTESIAN_POINT('',(71.15141626,0.22963958,3.00000000));
#200 = VERTEX_POINT('',#199);
#201 = CARTESIAN_POINT('',(71.17961407,0.17165887,3.00000000));
#202 = VERTEX_POINT('',#201);
#203 = CARTESIAN_POINT('',(71.21779175,0.11970367,3.00000000));
#204 = VERTEX_POINT('',#203);
#205 = CARTESIAN_POINT('',(71.26470112,0.07547257,3.00000000));
#206 = VERTEX_POINT('',#205);
#207 = CARTESIAN_POINT('',(71.31880852,0.04041167,3.00000000));
#208 = VERTEX_POINT('',#207);
#209 = CARTESIAN_POINT('',(71.37834500,0.01566724,3.00000000));
#210 = VERTEX_POINT('',#209);
#211 = CARTESIAN_POINT('',(71.44136406,0.00204826,3.00000000));
#212 = VERTEX_POINT('',#211);
#213 = CARTESIAN_POINT('',(71.50580537,0.00000000,3.00000000));
#214 = VERTEX_POINT('',#213);
#215 = CARTESIAN_POINT('',(91.95726637,0.00000000,3.00000000));
#216 = VERTEX_POINT('',#215);
#217 = CARTESIAN_POINT('',(92.02982230,0.00613441,3.00000000));
#218 = VERTEX_POINT('',#217);
#219 = CARTESIAN_POINT('',(92.10031842,0.02436322,3.00000000));
#220 = VERTEX_POINT('',#219);
#221 = CARTESIAN_POINT('',(92.16675344,0.05416895,3.00000000));
#222 = VERTEX_POINT('',#221);
#223 = CARTESIAN_POINT('',(92.22724135,0.09470544,3.00000000));
#224 = VERTEX_POINT('',#223);
#225 = CARTESIAN_POINT('',(92.28006495,0.14482191,3.00000000));
#226 = VERTEX_POINT('',#225);
#227 = CARTESIAN_POINT('',(92.32372465,0.20309561,3.00000000));
#228 = VERTEX_POINT('',#227);
#229 = CARTESIAN_POINT('',(92.35698101,0.26787221,3.00000000));
#230 = VERTEX_POINT('',#229);
#231 = CARTESIAN_POINT('',(92.37888990,0.33731279,3.00000000));
#232 = VERTEX_POINT('',#231);
#233 = CARTESIAN_POINT('',(92.38882937,0.40944600,3.00000000));
#234 = VERTEX_POINT('',#233);
#235 = CARTESIAN_POINT('',(92.38882937,2.41336000,3.00000000));
#236 = VERTEX_POINT('',#235);
#237 = CARTESIAN_POINT('',(92.39230602,2.45309709,3.00000000));
#238 = VERTEX_POINT('',#237);
#239 = CARTESIAN_POINT('',(92.40263010,2.49162677,3.00000000));
#240 = VERTEX_POINT('',#239);
#241 = CARTESIAN_POINT('',(92.41948792,2.52777836,3.00000000));
#242 = VERTEX_POINT('',#241);
#243 = CARTESIAN_POINT('',(92.44236726,2.56045341,3.00000000));
#244 = VERTEX_POINT('',#243);
#245 = CARTESIAN_POINT('',(92.47057296,2.58865911,3.00000000));
#246 = VERTEX_POINT('',#245);
#247 = CARTESIAN_POINT('',(92.50324801,2.61153846,3.00000000));
#248 = VERTEX_POINT('',#247);
#249 = CARTESIAN_POINT('',(92.53939960,2.62839627,3.00000000));
#250 = VERTEX_POINT('',#249);
#251 = CARTESIAN_POINT('',(92.57792928,2.63872035,3.00000000));
#252 = VERTEX_POINT('',#251);
#253 = CARTESIAN_POINT('',(92.61766637,2.64219700,3.00000000));
#254 = VERTEX_POINT('',#253);
#255 = CARTESIAN_POINT('',(111.46446637,2.64219700,3.00000000));
#256 = VERTEX_POINT('',#255);
#257 = CARTESIAN_POINT('',(111.49088910,2.64450895,3.00000000));
#258 = VERTEX_POINT('',#257);
#259 = CARTESIAN_POINT('',(111.51650896,2.65137397,3.00000000));
#260 = VERTEX_POINT('',#259);
#261 = CARTESIAN_POINT('',(111.54054752,2.66258348,3.00000000));
#262 = VERTEX_POINT('',#261);
#263 = CARTESIAN_POINT('',(111.56227441,2.67779689,3.00000000));
#264 = VERTEX_POINT('',#263);
#265 = CARTESIAN_POINT('',(111.58102948,2.69655196,3.00000000));
#266 = VERTEX_POINT('',#265);
#267 = CARTESIAN_POINT('',(111.59624289,2.71827885,3.00000000));
#268 = VERTEX_POINT('',#267);
#269 = CARTESIAN_POINT('',(111.60745240,2.74231742,3.00000000));
#270 = VERTEX_POINT('',#269);
#271 = CARTESIAN_POINT('',(111.61431742,2.76793727,3.00000000));
#272 = VERTEX_POINT('',#271);
#273 = CARTESIAN_POINT('',(111.61662937,2.79436000,3.00000000));
#274 = VERTEX_POINT('',#273);
#275 = CARTESIAN_POINT('',(111.61662937,6.68056000,3.00000000));
#276 = VERTEX_POINT('',#275);
#277 = CARTESIAN_POINT('',(111.62049165,6.72470785,3.00000000));
#278 = VERTEX_POINT('',#277);
#279 = CARTESIAN_POINT('',(111.63196149,6.76751431,3.00000000));
#280 = VERTEX_POINT('',#279);
#281 = CARTESIAN_POINT('',(111.65069037,6.80767871,3.00000000));
#282 = VERTEX_POINT('',#281);
#283 = CARTESIAN_POINT('',(111.67610922,6.84398067,3.00000000));
#284 = VERTEX_POINT('',#283);
#285 = CARTESIAN_POINT('',(111.70744571,6.87531715,3.00000000));
#286 = VERTEX_POINT('',#285);
#287 = CARTESIAN_POINT('',(111.74374766,6.90073600,3.00000000));
#288 = VERTEX_POINT('',#287);
#289 = CARTESIAN_POINT('',(111.78391206,6.91946488,3.00000000));
#290 = VERTEX_POINT('',#289);
#291 = CARTESIAN_POINT('',(111.82671852,6.93093472,3.00000000));
#292 = VERTEX_POINT('',#291);
#293 = CARTESIAN_POINT('',(111.87086637,6.93479700,3.00000000));
#294 = VERTEX_POINT('',#293);
#295 = CARTESIAN_POINT('',(125.68846637,6.93479700,3.00000000));
#296 = VERTEX_POINT('',#295);
#297 = CARTESIAN_POINT('',(126.14901097,5.78733066,3.00000000));
#298 = VERTEX_POINT('',#297);
#299 = CARTESIAN_POINT('',(126.92530113,4.82496175,3.00000000));
#300 = VERTEX_POINT('',#299);
#301 = CARTESIAN_POINT('',(127.94931598,4.13201593,3.00000000));
#302 = VERTEX_POINT('',#301);
#303 = CARTESIAN_POINT('',(129.13132827,3.76921119,3.00000000));
#304 = VERTEX_POINT('',#303);
#305 = CARTESIAN_POINT('',(130.36776653,3.76833756,3.00000000));
#306 = VERTEX_POINT('',#305);
#307 = CARTESIAN_POINT('',(131.55029032,4.12947160,3.00000000));
#308 = VERTEX_POINT('',#307);
#309 = CARTESIAN_POINT('',(132.57528337,4.82096967,3.00000000));
#310 = VERTEX_POINT('',#309);
#311 = CARTESIAN_POINT('',(133.35293271,5.78224061,3.00000000));
#312 = VERTEX_POINT('',#311);
#313 = CARTESIAN_POINT('',(133.81509837,6.92905500,3.00000000));
#314 = VERTEX_POINT('',#313);
#315 = CARTESIAN_POINT('',(154.56826637,6.93479700,3.00000000));
#316 = VERTEX_POINT('',#315);
#317 = CARTESIAN_POINT('',(154.59909986,6.93749458,3.00000000));
#318 = VERTEX_POINT('',#317);
#319 = CARTESIAN_POINT('',(154.62899649,6.94550536,3.00000000));
#320 = VERTEX_POINT('',#319);
#321 = CARTESIAN_POINT('',(154.65704787,6.95858593,3.00000000));
#322 = VERTEX_POINT('',#321);
#323 = CARTESIAN_POINT('',(154.68240167,6.97633885,3.00000000));
#324 = VERTEX_POINT('',#323);
#325 = CARTESIAN_POINT('',(154.70428752,6.99822470,3.00000000));
#326 = VERTEX_POINT('',#325);
#327 = CARTESIAN_POINT('',(154.72204044,7.02357850,3.00000000));
#328 = VERTEX_POINT('',#327);
#329 = CARTESIAN_POINT('',(154.73512101,7.05162988,3.00000000));
#330 = VERTEX_POINT('',#329);
#331 = CARTESIAN_POINT('',(154.74313179,7.08152651,3.00000000));
#332 = VERTEX_POINT('',#331);
#333 = CARTESIAN_POINT('',(154.74582937,7.11236000,3.00000000));
#334 = VERTEX_POINT('',#333);
#335 = CARTESIAN_POINT('',(154.74582937,67.76756000,3.00000000));
#336 = VERTEX_POINT('',#335);
#337 = CARTESIAN_POINT('',(146.99906637,67.76756000,3.00000000));
#338 = VERTEX_POINT('',#337);
#339 = CARTESIAN_POINT('',(146.41685868,67.71662363,3.00000000));
#340 = VERTEX_POINT('',#339);
#341 = CARTESIAN_POINT('',(145.85234106,67.56536175,3.00000000));
#342 = VERTEX_POINT('',#341);
#343 = CARTESIAN_POINT('',(145.32266609,67.31837037,3.00000000));
#344 = VERTEX_POINT('',#343);
#345 = CARTESIAN_POINT('',(144.84392772,66.98315421,3.00000000));
#346 = VERTEX_POINT('',#345);
#347 = CARTESIAN_POINT('',(144.43067216,66.56989865,3.00000000));
#348 = VERTEX_POINT('',#347);
#349 = CARTESIAN_POINT('',(144.09545600,66.09116028,3.00000000));
#350 = VERTEX_POINT('',#349);
#351 = CARTESIAN_POINT('',(143.84846462,65.56148531,3.00000000));
#352 = VERTEX_POINT('',#351);
#353 = CARTESIAN_POINT('',(143.69720274,64.99696769,3.00000000));
#354 = VERTEX_POINT('',#353);
#355 = CARTESIAN_POINT('',(143.64626637,64.41476000,3.00000000));
#356 = VERTEX_POINT('',#355);
#357 = CARTESIAN_POINT('',(143.64125007,64.35742130,3.00000000));
#358 = VERTEX_POINT('',#357);
#359 = CARTESIAN_POINT('',(143.62635317,64.30182479,3.00000000));
#360 = VERTEX_POINT('',#359);
#361 = CARTESIAN_POINT('',(143.60202831,64.24965975,3.00000000));
#362 = VERTEX_POINT('',#361);
#363 = CARTESIAN_POINT('',(143.56901460,64.20251121,3.00000000));
#364 = VERTEX_POINT('',#363);
#365 = CARTESIAN_POINT('',(143.52831516,64.16181177,3.00000000));
#366 = VERTEX_POINT('',#365);
#367 = CARTESIAN_POINT('',(143.48116662,64.12879806,3.00000000));
#368 = VERTEX_POINT('',#367);
#369 = CARTESIAN_POINT('',(143.42900158,64.10447321,3.00000000));
#370 = VERTEX_POINT('',#369);
#371 = CARTESIAN_POINT('',(143.37340507,64.08957631,3.00000000));
#372 = VERTEX_POINT('',#371);
#373 = CARTESIAN_POINT('',(143.31606637,64.08456000,3.00000000));
#374 = VERTEX_POINT('',#373);
#375 = CARTESIAN_POINT('',(93.43046637,64.08456000,3.00000000));
#376 = VERTEX_POINT('',#375);
#377 = CARTESIAN_POINT('',(93.36430635,64.09034808,3.00000000));
#378 = VERTEX_POINT('',#377);
#379 = CARTESIAN_POINT('',(93.30015655,64.10753684,3.00000000));
#380 = VERTEX_POINT('',#379);
#381 = CARTESIAN_POINT('',(93.23996614,64.13560400,3.00000000));
#382 = VERTEX_POINT('',#381);
#383 = CARTESIAN_POINT('',(93.18556400,64.17369674,3.00000000));
#384 = VERTEX_POINT('',#383);
#385 = CARTESIAN_POINT('',(93.13860311,64.22065763,3.00000000));
#386 = VERTEX_POINT('',#385);
#387 = CARTESIAN_POINT('',(93.10051037,64.27505977,3.00000000));
#388 = VERTEX_POINT('',#387);
#389 = CARTESIAN_POINT('',(93.07244321,64.33525018,3.00000000));
#390 = VERTEX_POINT('',#389);
#391 = CARTESIAN_POINT('',(93.05525446,64.39939998,3.00000000));
#392 = VERTEX_POINT('',#391);
#393 = CARTESIAN_POINT('',(93.04946637,64.46556000,3.00000000));
#394 = VERTEX_POINT('',#393);
#395 = CARTESIAN_POINT('',(80.42566637,82.29636000,3.00000000));
#396 = VERTEX_POINT('',#395);
#397 = CARTESIAN_POINT('',(45.39906637,85.36976000,3.00000000));
#398 = VERTEX_POINT('',#397);
#399 = CARTESIAN_POINT('',(38.33786637,85.97936000,3.00000000));
#400 = VERTEX_POINT('',#399);
#401 = CARTESIAN_POINT('',(38.33123317,85.97957698,3.00000000));
#402 = VERTEX_POINT('',#401);
#403 = CARTESIAN_POINT('',(38.32462827,85.98022651,3.00000000));
#404 = VERTEX_POINT('',#403);
#405 = CARTESIAN_POINT('',(38.31807987,85.98130582,3.00000000));
#406 = VERTEX_POINT('',#405);
#407 = CARTESIAN_POINT('',(38.31161589,85.98281031,3.00000000));
#408 = VERTEX_POINT('',#407);
#409 = CARTESIAN_POINT('',(38.30526391,85.98473355,3.00000000));
#410 = VERTEX_POINT('',#409);
#411 = CARTESIAN_POINT('',(38.29905103,85.98706735,3.00000000));
#412 = VERTEX_POINT('',#411);
#413 = CARTESIAN_POINT('',(38.29300375,85.98980174,3.00000000));
#414 = VERTEX_POINT('',#413);
#415 = CARTESIAN_POINT('',(38.28714787,85.99292507,3.00000000));
#416 = VERTEX_POINT('',#415);
#417 = CARTESIAN_POINT('',(38.28150837,85.99642400,3.00000000));
#418 = VERTEX_POINT('',#417);
#419 = CARTESIAN_POINT('',(21.90406637,94.94556000,3.00000000));
#420 = VERTEX_POINT('',#419);
#421 = CARTESIAN_POINT('',(21.89471625,94.94498326,3.00000000));
#422 = VERTEX_POINT('',#421);
#423 = CARTESIAN_POINT('',(21.88550745,94.94326451,3.00000000));
#424 = VERTEX_POINT('',#423);
#425 = CARTESIAN_POINT('',(21.87657915,94.94042874,3.00000000));
#426 = VERTEX_POINT('',#425);
#427 = CARTESIAN_POINT('',(21.86806630,94.93651881,3.00000000));
#428 = VERTEX_POINT('',#427);
#429 = CARTESIAN_POINT('',(21.86009758,94.93159381,3.00000000));
#430 = VERTEX_POINT('',#429);
#431 = CARTESIAN_POINT('',(21.85279343,94.92572818,3.00000000));
#432 = VERTEX_POINT('',#431);
#433 = CARTESIAN_POINT('',(21.84626425,94.91901059,3.00000000));
#434 = VERTEX_POINT('',#433);
#435 = CARTESIAN_POINT('',(21.84060874,94.91154257,3.00000000));
#436 = VERTEX_POINT('',#435);
#437 = CARTESIAN_POINT('',(21.83591237,94.90343700,3.00000000));
#438 = VERTEX_POINT('',#437);
#439 = CARTESIAN_POINT('',(2.98106637,60.07136000,3.00000000));
#440 = VERTEX_POINT('',#439);
#441 = CARTESIAN_POINT('',(2.98106637,55.06756000,3.00000000));
#442 = VERTEX_POINT('',#441);
#443 = CARTESIAN_POINT('',(2.82788563,54.19882884,3.00000000));
#444 = VERTEX_POINT('',#443);
#445 = CARTESIAN_POINT('',(2.38681926,53.43487947,3.00000000));
#446 = VERTEX_POINT('',#445);
#447 = CARTESIAN_POINT('',(1.71106637,52.86785547,3.00000000));
#448 = VERTEX_POINT('',#447);
#449 = CARTESIAN_POINT('',(0.88213274,52.56614831,3.00000000));
#450 = VERTEX_POINT('',#449);
#451 = CARTESIAN_POINT('',(0.43566637,52.56614831,3.00000000));
#452 = VERTEX_POINT('',#451);
#453 = CARTESIAN_POINT('',(0.00000000,52.56614831,3.00000000));
#454 = VERTEX_POINT('',#453);
#455 = CARTESIAN_POINT('',(0.02981066,21.22195758,3.00000000));
#456 = DIRECTION('',(1.00000000,0.00000000,0.00000000));
#457 = VECTOR('',#456,0.40585571);
#458 = LINE('',#455,#457);
#459 = EDGE_CURVE('',#102,#104,#458,.T.);
#460 = CARTESIAN_POINT('',(0.43566637,21.22195758,3.00000000));
#461 = DIRECTION('',(1.00000000,0.00000000,0.00000000));
#462 = VECTOR('',#461,0.46745571);
#463 = LINE('',#460,#462);
#464 = EDGE_CURVE('',#104,#106,#463,.T.);
#465 = CARTESIAN_POINT('',(0.90312208,21.22195758,3.00000000));
#466 = DIRECTION('',(0.93969262,-0.34202014,0.00000000));
#467 = VECTOR('',#466,0.87331142);
#468 = LINE('',#465,#467);
#469 = EDGE_CURVE('',#106,#108,#468,.T.);
#470 = CARTESIAN_POINT('',(1.72376637,20.92326748,3.00000000));
#471 = DIRECTION('',(0.76604444,-0.64278761,0.00000000));
#472 = VECTOR('',#471,0.87331142);
#473 = LINE('',#470,#472);
#474 = EDGE_CURVE('',#108,#110,#473,.T.);
#475 = CARTESIAN_POINT('',(2.39276173,20.36191372,3.00000000));
#476 = DIRECTION('',(0.50000000,-0.86602540,0.00000000));
#477 = VECTOR('',#476,0.87331142);
#478 = LINE('',#475,#477);
#479 = EDGE_CURVE('',#110,#112,#478,.T.);
#480 = CARTESIAN_POINT('',(2.82941744,19.60560385,3.00000000));
#481 = DIRECTION('',(0.17364818,-0.98480775,0.00000000));
#482 = VECTOR('',#481,0.87331142);
#483 = LINE('',#480,#482);
#484 = EDGE_CURVE('',#112,#114,#483,.T.);
#485 = CARTESIAN_POINT('',(2.98106637,18.74556000,3.00000000));
#486 = DIRECTION('',(0.00000000,-1.00000000,0.00000000));
#487 = VECTOR('',#486,13.81760000);
#488 = LINE('',#485,#487);
#489 = EDGE_CURVE('',#114,#116,#488,.T.);
#490 = CARTESIAN_POINT('',(2.98106637,4.92796000,3.00000000));
#491 = DIRECTION('',(0.08715720,-0.99619457,0.00000000));
#492 = VECTOR('',#491,0.02656506);
#493 = LINE('',#490,#492);
#494 = EDGE_CURVE('',#116,#118,#493,.T.);
#495 = CARTESIAN_POINT('',(2.98338171,4.90149603,3.00000000));
#496 = DIRECTION('',(0.25882011,-0.96592554,0.00000000));
#497 = VECTOR('',#496,0.02656506);
#498 = LINE('',#495,#497);
#499 = EDGE_CURVE('',#118,#120,#498,.T.);
#500 = CARTESIAN_POINT('',(2.99025728,4.87583616,3.00000000));
#501 = DIRECTION('',(0.42261892,-0.90630748,0.00000000));
#502 = VECTOR('',#501,0.02656506);
#503 = LINE('',#500,#502);
#504 = EDGE_CURVE('',#120,#122,#503,.T.);
#505 = CARTESIAN_POINT('',(3.00148418,4.85176005,3.00000000));
#506 = DIRECTION('',(0.57357674,-0.81915183,0.00000000));
#507 = VECTOR('',#506,0.02656506);
#508 = LINE('',#505,#507);
#509 = EDGE_CURVE('',#122,#124,#508,.T.);
#510 = CARTESIAN_POINT('',(3.01672127,4.82999924,3.00000000));
#511 = DIRECTION('',(0.70710678,-0.70710678,0.00000000));
#512 = VECTOR('',#511,0.02656506);
#513 = LINE('',#510,#512);
#514 = EDGE_CURVE('',#124,#126,#513,.T.);
#515 = CARTESIAN_POINT('',(3.03550561,4.81121490,3.00000000));
#516 = DIRECTION('',(0.81915183,-0.57357674,0.00000000));
#517 = VECTOR('',#516,0.02656506);
#518 = LINE('',#515,#517);
#519 = EDGE_CURVE('',#126,#128,#518,.T.);
#520 = CARTESIAN_POINT('',(3.05726642,4.79597780,3.00000000));
#521 = DIRECTION('',(0.90630748,-0.42261893,0.00000000));
#522 = VECTOR('',#521,0.02656506);
#523 = LINE('',#520,#522);
#524 = EDGE_CURVE('',#128,#130,#523,.T.);
#525 = CARTESIAN_POINT('',(3.08134254,4.78475091,3.00000000));
#526 = DIRECTION('',(0.96592554,-0.25882011,0.00000000));
#527 = VECTOR('',#526,0.02656506);
#528 = LINE('',#525,#527);
#529 = EDGE_CURVE('',#130,#132,#528,.T.);
#530 = CARTESIAN_POINT('',(3.10700240,4.77787534,3.00000000));
#531 = DIRECTION('',(0.99619457,-0.08715720,0.00000000));
#532 = VECTOR('',#531,0.02656506);
#533 = LINE('',#530,#532);
#534 = EDGE_CURVE('',#132,#134,#533,.T.);
#535 = CARTESIAN_POINT('',(3.13346637,4.77556000,3.00000000));
#536 = DIRECTION('',(0.99999986,-0.00053619,0.00000000));
#537 = VECTOR('',#536,47.37100681);
#538 = LINE('',#535,#537);
#539 = EDGE_CURVE('',#134,#136,#538,.T.);
#540 = CARTESIAN_POINT('',(50.50446637,4.75016000,3.00000000));
#541 = DIRECTION('',(0.99619531,-0.08714870,0.00000000));
#542 = VECTOR('',#541,0.03099265);
#543 = LINE('',#540,#542);
#544 = EDGE_CURVE('',#136,#138,#543,.T.);
#545 = CARTESIAN_POINT('',(50.53534110,4.74745903,3.00000000));
#546 = DIRECTION('',(0.96592720,-0.25881392,0.00000000));
#547 = VECTOR('',#546,0.03099265);
#548 = LINE('',#545,#547);
#549 = EDGE_CURVE('',#138,#140,#548,.T.);
#550 = CARTESIAN_POINT('',(50.56527775,4.73943770,3.00000000));
#551 = DIRECTION('',(0.90630928,-0.42261506,0.00000000));
#552 = VECTOR('',#551,0.03099265);
#553 = LINE('',#550,#552);
#554 = EDGE_CURVE('',#140,#142,#553,.T.);
#555 = CARTESIAN_POINT('',(50.59336667,4.72633974,3.00000000));
#556 = DIRECTION('',(0.81915306,-0.57357499,0.00000000));
#557 = VECTOR('',#556,0.03099265);
#558 = LINE('',#555,#557);
#559 = EDGE_CURVE('',#142,#144,#558,.T.);
#560 = CARTESIAN_POINT('',(50.61875439,4.70856313,3.00000000));
#561 = DIRECTION('',(0.70710678,-0.70710678,0.00000000));
#562 = VECTOR('',#561,0.03099265);
#563 = LINE('',#560,#562);
#564 = EDGE_CURVE('',#144,#146,#563,.T.);
#565 = CARTESIAN_POINT('',(50.64066951,4.68664802,3.00000000));
#566 = DIRECTION('',(0.57357499,-0.81915306,0.00000000));
#567 = VECTOR('',#566,0.03099265);
#568 = LINE('',#565,#567);
#569 = EDGE_CURVE('',#146,#148,#568,.T.);
#570 = CARTESIAN_POINT('',(50.65844611,4.66126030,3.00000000));
#571 = DIRECTION('',(0.42261506,-0.90630928,0.00000000));
#572 = VECTOR('',#571,0.03099265);
#573 = LINE('',#570,#572);
#574 = EDGE_CURVE('',#148,#150,#573,.T.);
#575 = CARTESIAN_POINT('',(50.67154407,4.63317137,3.00000000));
#576 = DIRECTION('',(0.25881392,-0.96592720,0.00000000));
#577 = VECTOR('',#576,0.03099265);
#578 = LINE('',#575,#577);
#579 = EDGE_CURVE('',#150,#152,#578,.T.);
#580 = CARTESIAN_POINT('',(50.67956540,4.60323473,3.00000000));
#581 = DIRECTION('',(0.08714870,-0.99619531,0.00000000));
#582 = VECTOR('',#581,0.03099265);
#583 = LINE('',#580,#582);
#584 = EDGE_CURVE('',#152,#154,#583,.T.);
#585 = CARTESIAN_POINT('',(50.68226637,4.57236000,3.00000000));
#586 = DIRECTION('',(0.00000000,-1.00000000,0.00000000));
#587 = VECTOR('',#586,1.65100700);
#588 = LINE('',#585,#587);
#589 = EDGE_CURVE('',#154,#156,#588,.T.);
#590 = CARTESIAN_POINT('',(50.68226637,2.92135300,3.00000000));
#591 = DIRECTION('',(0.01475933,-0.99989108,0.00000000));
#592 = VECTOR('',#591,0.06053440);
#593 = LINE('',#590,#592);
#594 = EDGE_CURVE('',#156,#158,#593,.T.);
#595 = CARTESIAN_POINT('',(50.68315982,2.86082519,3.00000000));
#596 = DIRECTION('',(0.19653412,-0.98049699,0.00000000));
#597 = VECTOR('',#596,0.06054140);
#598 = LINE('',#595,#597);
#599 = EDGE_CURVE('',#158,#160,#598,.T.);
#600 = CARTESIAN_POINT('',(50.69505827,2.80146453,3.00000000));
#601 = DIRECTION('',(0.37174268,-0.92833581,0.00000000));
#602 = VECTOR('',#601,0.06054140);
#603 = LINE('',#600,#602);
#604 = EDGE_CURVE('',#160,#162,#603,.T.);
#605 = CARTESIAN_POINT('',(50.71756409,2.74526178,3.00000000));
#606 = DIRECTION('',(0.53452803,-0.84515074,0.00000000));
#607 = VECTOR('',#606,0.06054140);
#608 = LINE('',#605,#607);
#609 = EDGE_CURVE('',#162,#164,#608,.T.);
#610 = CARTESIAN_POINT('',(50.74992517,2.69409517,3.00000000));
#611 = DIRECTION('',(0.67945009,-0.73372173,0.00000000));
#612 = VECTOR('',#611,0.06054140);
#613 = LINE('',#610,#612);
#614 = EDGE_CURVE('',#164,#166,#613,.T.);
#615 = CARTESIAN_POINT('',(50.79106003,2.64967463,3.00000000));
#616 = DIRECTION('',(0.80166572,-0.59777260,0.00000000));
#617 = VECTOR('',#616,0.06054140);
#618 = LINE('',#615,#617);
#619 = EDGE_CURVE('',#166,#168,#618,.T.);
#620 = CARTESIAN_POINT('',(50.83959400,2.61348464,3.00000000));
#621 = DIRECTION('',(0.89709062,-0.44184660,0.00000000));
#622 = VECTOR('',#621,0.06054140);
#623 = LINE('',#620,#622);
#624 = EDGE_CURVE('',#168,#170,#623,.T.);
#625 = CARTESIAN_POINT('',(50.89390512,2.58673462,3.00000000));
#626 = DIRECTION('',(0.96253580,-0.27115462,0.00000000));
#627 = VECTOR('',#626,0.06054140);
#628 = LINE('',#625,#627);
#629 = EDGE_CURVE('',#170,#172,#628,.T.);
#630 = CARTESIAN_POINT('',(50.95217839,2.57031854,3.00000000));
#631 = DIRECTION('',(0.99581417,-0.09140096,0.00000000));
#632 = VECTOR('',#631,0.06054140);
#633 = LINE('',#630,#632);
#634 = EDGE_CURVE('',#172,#174,#633,.T.);
#635 = CARTESIAN_POINT('',(51.01246637,2.56478500,3.00000000));
#636 = DIRECTION('',(1.00000000,0.00000000,0.00000000));
#637 = VECTOR('',#636,19.96440000);
#638 = LINE('',#635,#637);
#639 = EDGE_CURVE('',#174,#176,#638,.T.);
#640 = CARTESIAN_POINT('',(70.97686637,2.56478500,3.00000000));
#641 = DIRECTION('',(0.99619532,-0.08714864,0.00000000));
#642 = VECTOR('',#641,0.02639517);
#643 = LINE('',#640,#642);
#644 = EDGE_CURVE('',#176,#178,#643,.T.);
#645 = CARTESIAN_POINT('',(71.00316112,2.56248470,3.00000000));
#646 = DIRECTION('',(0.96592721,-0.25881388,0.00000000));
#647 = VECTOR('',#646,0.02639517);
#648 = LINE('',#645,#647);
#649 = EDGE_CURVE('',#178,#180,#648,.T.);
#650 = CARTESIAN_POINT('',(71.02865694,2.55565326,3.00000000));
#651 = DIRECTION('',(0.90630929,-0.42261503,0.00000000));
#652 = VECTOR('',#651,0.02639517);
#653 = LINE('',#650,#652);
#654 = EDGE_CURVE('',#180,#182,#653,.T.);
#655 = CARTESIAN_POINT('',(71.05257913,2.54449826,3.00000000));
#656 = DIRECTION('',(0.81915307,-0.57357498,0.00000000));
#657 = VECTOR('',#656,0.02639517);
#658 = LINE('',#655,#657);
#659 = EDGE_CURVE('',#182,#184,#658,.T.);
#660 = CARTESIAN_POINT('',(71.07420082,2.52935865,3.00000000));
#661 = DIRECTION('',(0.70710678,-0.70710678,0.00000000));
#662 = VECTOR('',#661,0.02639517);
#663 = LINE('',#660,#662);
#664 = EDGE_CURVE('',#184,#186,#663,.T.);
#665 = CARTESIAN_POINT('',(71.09286502,2.51069444,3.00000000));
#666 = DIRECTION('',(0.57357498,-0.81915307,0.00000000));
#667 = VECTOR('',#666,0.02639517);
#668 = LINE('',#665,#667);
#669 = EDGE_CURVE('',#186,#188,#668,.T.);
#670 = CARTESIAN_POINT('',(71.10800463,2.48907276,3.00000000));
#671 = DIRECTION('',(0.42261503,-0.90630929,0.00000000));
#672 = VECTOR('',#671,0.02639517);
#673 = LINE('',#670,#672);
#674 = EDGE_CURVE('',#188,#190,#673,.T.);
#675 = CARTESIAN_POINT('',(71.11915963,2.46515057,3.00000000));
#676 = DIRECTION('',(0.25881388,-0.96592721,0.00000000));
#677 = VECTOR('',#676,0.02639517);
#678 = LINE('',#675,#677);
#679 = EDGE_CURVE('',#190,#192,#678,.T.);
#680 = CARTESIAN_POINT('',(71.12599107,2.43965475,3.00000000));
#681 = DIRECTION('',(0.08714864,-0.99619532,0.00000000));
#682 = VECTOR('',#681,0.02639517);
#683 = LINE('',#680,#682);
#684 = EDGE_CURVE('',#192,#194,#683,.T.);
#685 = CARTESIAN_POINT('',(71.12829137,2.41336000,3.00000000));
#686 = DIRECTION('',(0.00000000,-1.00000000,0.00000000));
#687 = VECTOR('',#686,2.05740000);
#688 = LINE('',#685,#687);
#689 = EDGE_CURVE('',#194,#196,#688,.T.);
#690 = CARTESIAN_POINT('',(71.12829137,0.35596000,3.00000000));
#691 = DIRECTION('',(0.09040605,-0.99590499,0.00000000));
#692 = VECTOR('',#691,0.06447386);
#693 = LINE('',#690,#692);
#694 = EDGE_CURVE('',#196,#198,#693,.T.);
#695 = CARTESIAN_POINT('',(71.13412020,0.29175016,3.00000000));
#696 = DIRECTION('',(0.26826466,-0.96334525,0.00000000));
#697 = VECTOR('',#696,0.06447386);
#698 = LINE('',#695,#697);
#699 = EDGE_CURVE('',#198,#200,#698,.T.);
#700 = CARTESIAN_POINT('',(71.15141626,0.22963958,3.00000000));
#701 = DIRECTION('',(0.43735268,-0.89929007,0.00000000));
#702 = VECTOR('',#701,0.06447386);
#703 = LINE('',#700,#702);
#704 = EDGE_CURVE('',#200,#202,#703,.T.);
#705 = CARTESIAN_POINT('',(71.17961407,0.17165887,3.00000000));
#706 = DIRECTION('',(0.59214197,-0.80583366,0.00000000));
#707 = VECTOR('',#706,0.06447386);
#708 = LINE('',#705,#707);
#709 = EDGE_CURVE('',#202,#204,#708,.T.);
#710 = CARTESIAN_POINT('',(71.21779175,0.11970367,3.00000000));
#711 = DIRECTION('',(0.72757187,-0.68603147,0.00000000));
#712 = VECTOR('',#711,0.06447386);
#713 = LINE('',#710,#712);
#714 = EDGE_CURVE('',#204,#206,#713,.T.);
#715 = CARTESIAN_POINT('',(71.26470112,0.07547257,3.00000000));
#716 = DIRECTION('',(0.83921467,-0.54380028,0.00000000));
#717 = VECTOR('',#716,0.06447386);
#718 = LINE('',#715,#717);
#719 = EDGE_CURVE('',#206,#208,#718,.T.);
#720 = CARTESIAN_POINT('',(71.31880852,0.04041167,3.00000000));
#721 = DIRECTION('',(0.92342032,-0.38379018,0.00000000));
#722 = VECTOR('',#721,0.06447386);
#723 = LINE('',#720,#722);
#724 = EDGE_CURVE('',#208,#210,#723,.T.);
#725 = CARTESIAN_POINT('',(71.37834500,0.01566724,3.00000000));
#726 = DIRECTION('',(0.97743584,-0.21123252,0.00000000));
#727 = VECTOR('',#726,0.06447386);
#728 = LINE('',#725,#727);
#729 = EDGE_CURVE('',#210,#212,#728,.T.);
#730 = CARTESIAN_POINT('',(71.44136406,0.00204826,3.00000000));
#731 = DIRECTION('',(0.99949524,-0.03176885,0.00000000));
#732 = VECTOR('',#731,0.06447386);
#733 = LINE('',#730,#732);
#734 = EDGE_CURVE('',#212,#214,#733,.T.);
#735 = CARTESIAN_POINT('',(71.50580537,0.00000000,3.00000000));
#736 = DIRECTION('',(1.00000000,0.00000000,0.00000000));
#737 = VECTOR('',#736,20.45146100);
#738 = LINE('',#735,#737);
#739 = EDGE_CURVE('',#214,#216,#738,.T.);
#740 = CARTESIAN_POINT('',(91.95726637,0.00000000,3.00000000));
#741 = DIRECTION('',(0.99644492,0.08424673,0.00000000));
#742 = VECTOR('',#741,0.07281479);
#743 = LINE('',#740,#742);
#744 = EDGE_CURVE('',#216,#218,#743,.T.);
#745 = CARTESIAN_POINT('',(92.02982230,0.00613441,3.00000000));
#746 = DIRECTION('',(0.96815670,0.25034496,0.00000000));
#747 = VECTOR('',#746,0.07281479);
#748 = LINE('',#745,#747);
#749 = EDGE_CURVE('',#218,#220,#748,.T.);
#750 = CARTESIAN_POINT('',(92.10031842,0.02436322,3.00000000));
#751 = DIRECTION('',(0.91238363,0.40933618,0.00000000));
#752 = VECTOR('',#751,0.07281479);
#753 = LINE('',#750,#752);
#754 = EDGE_CURVE('',#220,#222,#753,.T.);
#755 = CARTESIAN_POINT('',(92.16675344,0.05416895,3.00000000));
#756 = DIRECTION('',(0.83070904,0.55670683,0.00000000));
#757 = VECTOR('',#756,0.07281479);
#758 = LINE('',#755,#757);
#759 = EDGE_CURVE('',#222,#224,#758,.T.);
#760 = CARTESIAN_POINT('',(92.22724135,0.09470544,3.00000000));
#761 = DIRECTION('',(0.72545158,0.68827320,0.00000000));
#762 = VECTOR('',#761,0.07281479);
#763 = LINE('',#760,#762);
#764 = EDGE_CURVE('',#224,#226,#763,.T.);
#765 = CARTESIAN_POINT('',(92.28006495,0.14482191,3.00000000));
#766 = DIRECTION('',(0.59959939,0.80030030,0.00000000));
#767 = VECTOR('',#766,0.07281479);
#768 = LINE('',#765,#767);
#769 = EDGE_CURVE('',#226,#228,#768,.T.);
#770 = CARTESIAN_POINT('',(92.32372465,0.20309561,3.00000000));
#771 = DIRECTION('',(0.45672527,0.88960780,0.00000000));
#772 = VECTOR('',#771,0.07281479);
#773 = LINE('',#770,#772);
#774 = EDGE_CURVE('',#228,#230,#773,.T.);
#775 = CARTESIAN_POINT('',(92.35698101,0.26787221,3.00000000));
#776 = DIRECTION('',(0.30088524,0.95366036,0.00000000));
#777 = VECTOR('',#776,0.07281479);
#778 = LINE('',#775,#777);
#779 = EDGE_CURVE('',#230,#232,#778,.T.);
#780 = CARTESIAN_POINT('',(92.37888990,0.33731279,3.00000000));
#781 = DIRECTION('',(0.13650343,0.99063960,0.00000000));
#782 = VECTOR('',#781,0.07281479);
#783 = LINE('',#780,#782);
#784 = EDGE_CURVE('',#232,#234,#783,.T.);
#785 = CARTESIAN_POINT('',(92.38882937,0.40944600,3.00000000));
#786 = DIRECTION('',(0.00000000,1.00000000,0.00000000));
#787 = VECTOR('',#786,2.00391400);
#788 = LINE('',#785,#787);
#789 = EDGE_CURVE('',#234,#236,#788,.T.);
#790 = CARTESIAN_POINT('',(92.38882937,2.41336000,3.00000000));
#791 = DIRECTION('',(0.08715832,0.99619447,0.00000000));
#792 = VECTOR('',#791,0.03988889);
#793 = LINE('',#790,#792);
#794 = EDGE_CURVE('',#236,#238,#793,.T.);
#795 = CARTESIAN_POINT('',(92.39230602,2.45309709,3.00000000));
#796 = DIRECTION('',(0.25882091,0.96592533,0.00000000));
#797 = VECTOR('',#796,0.03988889);
#798 = LINE('',#795,#797);
#799 = EDGE_CURVE('',#238,#240,#798,.T.);
#800 = CARTESIAN_POINT('',(92.40263010,2.49162677,3.00000000));
#801 = DIRECTION('',(0.42261943,0.90630724,0.00000000));
#802 = VECTOR('',#801,0.03988889);
#803 = LINE('',#800,#802);
#804 = EDGE_CURVE('',#240,#242,#803,.T.);
#805 = CARTESIAN_POINT('',(92.41948792,2.52777836,3.00000000));
#806 = DIRECTION('',(0.57357696,0.81915167,0.00000000));
#807 = VECTOR('',#806,0.03988889);
#808 = LINE('',#805,#807);
#809 = EDGE_CURVE('',#242,#244,#808,.T.);
#810 = CARTESIAN_POINT('',(92.44236726,2.56045341,3.00000000));
#811 = DIRECTION('',(0.70710678,0.70710678,0.00000000));
#812 = VECTOR('',#811,0.03988889);
#813 = LINE('',#810,#812);
#814 = EDGE_CURVE('',#244,#246,#813,.T.);
#815 = CARTESIAN_POINT('',(92.47057296,2.58865911,3.00000000));
#816 = DIRECTION('',(0.81915167,0.57357696,0.00000000));
#817 = VECTOR('',#816,0.03988889);
#818 = LINE('',#815,#817);
#819 = EDGE_CURVE('',#246,#248,#818,.T.);
#820 = CARTESIAN_POINT('',(92.50324801,2.61153846,3.00000000));
#821 = DIRECTION('',(0.90630724,0.42261943,0.00000000));
#822 = VECTOR('',#821,0.03988889);
#823 = LINE('',#820,#822);
#824 = EDGE_CURVE('',#248,#250,#823,.T.);
#825 = CARTESIAN_POINT('',(92.53939960,2.62839627,3.00000000));
#826 = DIRECTION('',(0.96592533,0.25882091,0.00000000));
#827 = VECTOR('',#826,0.03988889);
#828 = LINE('',#825,#827);
#829 = EDGE_CURVE('',#250,#252,#828,.T.);
#830 = CARTESIAN_POINT('',(92.57792928,2.63872035,3.00000000));
#831 = DIRECTION('',(0.99619447,0.08715831,0.00000000));
#832 = VECTOR('',#831,0.03988889);
#833 = LINE('',#830,#832);
#834 = EDGE_CURVE('',#252,#254,#833,.T.);
#835 = CARTESIAN_POINT('',(92.61766637,2.64219700,3.00000000));
#836 = DIRECTION('',(1.00000000,0.00000000,0.00000000));
#837 = VECTOR('',#836,18.84680000);
#838 = LINE('',#835,#837);
#839 = EDGE_CURVE('',#254,#256,#838,.T.);
#840 = CARTESIAN_POINT('',(111.46446637,2.64219700,3.00000000));
#841 = DIRECTION('',(0.99619385,0.08716547,0.00000000));
#842 = VECTOR('',#841,0.02652368);
#843 = LINE('',#840,#842);
#844 = EDGE_CURVE('',#256,#258,#843,.T.);
#845 = CARTESIAN_POINT('',(111.49088910,2.64450895,3.00000000));
#846 = DIRECTION('',(0.96592393,0.25882611,0.00000000));
#847 = VECTOR('',#846,0.02652368);
#848 = LINE('',#845,#847);
#849 = EDGE_CURVE('',#258,#260,#848,.T.);
#850 = CARTESIAN_POINT('',(111.51650896,2.65137397,3.00000000));
#851 = DIRECTION('',(0.90630573,0.42262268,0.00000000));
#852 = VECTOR('',#851,0.02652368);
#853 = LINE('',#850,#852);
#854 = EDGE_CURVE('',#260,#262,#853,.T.);
#855 = CARTESIAN_POINT('',(111.54054752,2.66258348,3.00000000));
#856 = DIRECTION('',(0.81915065,0.57357843,0.00000000));
#857 = VECTOR('',#856,0.02652368);
#858 = LINE('',#855,#857);
#859 = EDGE_CURVE('',#262,#264,#858,.T.);
#860 = CARTESIAN_POINT('',(111.56227441,2.67779689,3.00000000));
#861 = DIRECTION('',(0.70710678,0.70710678,0.00000000));
#862 = VECTOR('',#861,0.02652368);
#863 = LINE('',#860,#862);
#864 = EDGE_CURVE('',#264,#266,#863,.T.);
#865 = CARTESIAN_POINT('',(111.58102948,2.69655196,3.00000000));
#866 = DIRECTION('',(0.57357843,0.81915065,0.00000000));
#867 = VECTOR('',#866,0.02652368);
#868 = LINE('',#865,#867);
#869 = EDGE_CURVE('',#266,#268,#868,.T.);
#870 = CARTESIAN_POINT('',(111.59624289,2.71827885,3.00000000));
#871 = DIRECTION('',(0.42262268,0.90630573,0.00000000));
#872 = VECTOR('',#871,0.02652368);
#873 = LINE('',#870,#872);
#874 = EDGE_CURVE('',#268,#270,#873,.T.);
#875 = CARTESIAN_POINT('',(111.60745240,2.74231742,3.00000000));
#876 = DIRECTION('',(0.25882611,0.96592393,0.00000000));
#877 = VECTOR('',#876,0.02652368);
#878 = LINE('',#875,#877);
#879 = EDGE_CURVE('',#270,#272,#878,.T.);
#880 = CARTESIAN_POINT('',(111.61431742,2.76793727,3.00000000));
#881 = DIRECTION('',(0.08716546,0.99619385,0.00000000));
#882 = VECTOR('',#881,0.02652368);
#883 = LINE('',#880,#882);
#884 = EDGE_CURVE('',#272,#274,#883,.T.);
#885 = CARTESIAN_POINT('',(111.61662937,2.79436000,3.00000000));
#886 = DIRECTION('',(0.00000000,1.00000000,0.00000000));
#887 = VECTOR('',#886,3.88620000);
#888 = LINE('',#885,#887);
#889 = EDGE_CURVE('',#274,#276,#888,.T.);
#890 = CARTESIAN_POINT('',(111.61662937,6.68056000,3.00000000));
#891 = DIRECTION('',(0.08715226,0.99619500,0.00000000));
#892 = VECTOR('',#891,0.04431648);
#893 = LINE('',#890,#892);
#894 = EDGE_CURVE('',#276,#278,#893,.T.);
#895 = CARTESIAN_POINT('',(111.62049165,6.72470785,3.00000000));
#896 = DIRECTION('',(0.25881651,0.96592651,0.00000000));
#897 = VECTOR('',#896,0.04431648);
#898 = LINE('',#895,#897);
#899 = EDGE_CURVE('',#278,#280,#898,.T.);
#900 = CARTESIAN_POINT('',(111.63196149,6.76751431,3.00000000));
#901 = DIRECTION('',(0.42261668,0.90630853,0.00000000));
#902 = VECTOR('',#901,0.04431648);
#903 = LINE('',#900,#902);
#904 = EDGE_CURVE('',#280,#282,#903,.T.);
#905 = CARTESIAN_POINT('',(111.65069037,6.80767871,3.00000000));
#906 = DIRECTION('',(0.57357572,0.81915255,0.00000000));
#907 = VECTOR('',#906,0.04431648);
#908 = LINE('',#905,#907);
#909 = EDGE_CURVE('',#282,#284,#908,.T.);
#910 = CARTESIAN_POINT('',(111.67610922,6.84398067,3.00000000));
#911 = DIRECTION('',(0.70710678,0.70710678,0.00000000));
#912 = VECTOR('',#911,0.04431648);
#913 = LINE('',#910,#912);
#914 = EDGE_CURVE('',#284,#286,#913,.T.);
#915 = CARTESIAN_POINT('',(111.70744571,6.87531715,3.00000000));
#916 = DIRECTION('',(0.81915255,0.57357572,0.00000000));
#917 = VECTOR('',#916,0.04431648);
#918 = LINE('',#915,#917);
#919 = EDGE_CURVE('',#286,#288,#918,.T.);
#920 = CARTESIAN_POINT('',(111.74374766,6.90073600,3.00000000));
#921 = DIRECTION('',(0.90630853,0.42261668,0.00000000));
#922 = VECTOR('',#921,0.04431648);
#923 = LINE('',#920,#922);
#924 = EDGE_CURVE('',#288,#290,#923,.T.);
#925 = CARTESIAN_POINT('',(111.78391206,6.91946488,3.00000000));
#926 = DIRECTION('',(0.96592651,0.25881651,0.00000000));
#927 = VECTOR('',#926,0.04431648);
#928 = LINE('',#925,#927);
#929 = EDGE_CURVE('',#290,#292,#928,.T.);
#930 = CARTESIAN_POINT('',(111.82671852,6.93093472,3.00000000));
#931 = DIRECTION('',(0.99619500,0.08715226,0.00000000));
#932 = VECTOR('',#931,0.04431648);
#933 = LINE('',#930,#932);
#934 = EDGE_CURVE('',#292,#294,#933,.T.);
#935 = CARTESIAN_POINT('',(111.87086637,6.93479700,3.00000000));
#936 = DIRECTION('',(1.00000000,0.00000000,0.00000000));
#937 = VECTOR('',#936,13.81760000);
#938 = LINE('',#935,#937);
#939 = EDGE_CURVE('',#294,#296,#938,.T.);
#940 = CARTESIAN_POINT('',(125.68846637,6.93479700,3.00000000));
#941 = DIRECTION('',(0.37247673,-0.92804153,0.00000000));
#942 = VECTOR('',#941,1.23643857);
#943 = LINE('',#940,#942);
#944 = EDGE_CURVE('',#296,#298,#943,.T.);
#945 = CARTESIAN_POINT('',(126.14901097,5.78733066,3.00000000));
#946 = DIRECTION('',(0.62784370,-0.77833944,0.00000000));
#947 = VECTOR('',#946,1.23643857);
#948 = LINE('',#945,#947);
#949 = EDGE_CURVE('',#298,#300,#948,.T.);
#950 = CARTESIAN_POINT('',(126.92530113,4.82496175,3.00000000));
#951 = DIRECTION('',(0.82819711,-0.56043692,0.00000000));
#952 = VECTOR('',#951,1.23643857);
#953 = LINE('',#950,#952);
#954 = EDGE_CURVE('',#300,#302,#953,.T.);
#955 = CARTESIAN_POINT('',(127.94931598,4.13201593,3.00000000));
#956 = DIRECTION('',(0.95598141,-0.29342723,0.00000000));
#957 = VECTOR('',#956,1.23643857);
#958 = LINE('',#955,#957);
#959 = EDGE_CURVE('',#302,#304,#958,.T.);
#960 = CARTESIAN_POINT('',(129.13132827,3.76921119,3.00000000));
#961 = DIRECTION('',(0.99999975,-0.00070657,0.00000000));
#962 = VECTOR('',#961,1.23643857);
#963 = LINE('',#960,#962);
#964 = EDGE_CURVE('',#304,#306,#963,.T.);
#965 = CARTESIAN_POINT('',(130.36776653,3.76833756,3.00000000));
#966 = DIRECTION('',(0.95639511,0.29207601,0.00000000));
#967 = VECTOR('',#966,1.23643857);
#968 = LINE('',#965,#967);
#969 = EDGE_CURVE('',#306,#308,#968,.T.);
#970 = CARTESIAN_POINT('',(131.55029032,4.12947160,3.00000000));
#971 = DIRECTION('',(0.82898826,0.55926601,0.00000000));
#972 = VECTOR('',#971,1.23643857);
#973 = LINE('',#970,#972);
#974 = EDGE_CURVE('',#308,#310,#973,.T.);
#975 = CARTESIAN_POINT('',(132.57528337,4.82096967,3.00000000));
#976 = DIRECTION('',(0.62894297,0.77745144,0.00000000));
#977 = VECTOR('',#976,1.23643857);
#978 = LINE('',#975,#977);
#979 = EDGE_CURVE('',#310,#312,#978,.T.);
#980 = CARTESIAN_POINT('',(133.35293271,5.78224061,3.00000000));
#981 = DIRECTION('',(0.37378780,0.92751425,0.00000000));
#982 = VECTOR('',#981,1.23643857);
#983 = LINE('',#980,#982);
#984 = EDGE_CURVE('',#312,#314,#983,.T.);
#985 = CARTESIAN_POINT('',(133.81509837,6.92905500,3.00000000));
#986 = DIRECTION('',(0.99999996,0.00027668,0.00000000));
#987 = VECTOR('',#986,20.75316879);
#988 = LINE('',#985,#987);
#989 = EDGE_CURVE('',#314,#316,#988,.T.);
#990 = CARTESIAN_POINT('',(154.56826637,6.93479700,3.00000000));
#991 = DIRECTION('',(0.99619470,0.08715576,0.00000000));
#992 = VECTOR('',#991,0.03095127);
#993 = LINE('',#990,#992);
#994 = EDGE_CURVE('',#316,#318,#993,.T.);
#995 = CARTESIAN_POINT('',(154.59909986,6.93749458,3.00000000));
#996 = DIRECTION('',(0.96592582,0.25881906,0.00000000));
#997 = VECTOR('',#996,0.03095127);
#998 = LINE('',#995,#997);
#999 = EDGE_CURVE('',#318,#320,#998,.T.);
#1000 = CARTESIAN_POINT('',(154.62899649,6.94550536,3.00000000));
#1001 = DIRECTION('',(0.90630778,0.42261827,0.00000000));
#1002 = VECTOR('',#1001,0.03095127);
#1003 = LINE('',#1000,#1002);
#1004 = EDGE_CURVE('',#320,#322,#1003,.T.);
#1005 = CARTESIAN_POINT('',(154.65704787,6.95858593,3.00000000));
#1006 = DIRECTION('',(0.81915204,0.57357644,0.00000000));
#1007 = VECTOR('',#1006,0.03095127);
#1008 = LINE('',#1005,#1007);
#1009 = EDGE_CURVE('',#322,#324,#1008,.T.);
#1010 = CARTESIAN_POINT('',(154.68240167,6.97633885,3.00000000));
#1011 = DIRECTION('',(0.70710678,0.70710678,0.00000000));
#1012 = VECTOR('',#1011,0.03095127);
#1013 = LINE('',#1010,#1012);
#1014 = EDGE_CURVE('',#324,#326,#1013,.T.);
#1015 = CARTESIAN_POINT('',(154.70428752,6.99822470,3.00000000));
#1016 = DIRECTION('',(0.57357644,0.81915204,0.00000000));
#1017 = VECTOR('',#1016,0.03095127);
#1018 = LINE('',#1015,#1017);
#1019 = EDGE_CURVE('',#326,#328,#1018,.T.);
#1020 = CARTESIAN_POINT('',(154.72204044,7.02357850,3.00000000));
#1021 = DIRECTION('',(0.42261827,0.90630778,0.00000000));
#1022 = VECTOR('',#1021,0.03095127);
#1023 = LINE('',#1020,#1022);
#1024 = EDGE_CURVE('',#328,#330,#1023,.T.);
#1025 = CARTESIAN_POINT('',(154.73512101,7.05162988,3.00000000));
#1026 = DIRECTION('',(0.25881906,0.96592582,0.00000000));
#1027 = VECTOR('',#1026,0.03095127);
#1028 = LINE('',#1025,#1027);
#1029 = EDGE_CURVE('',#330,#332,#1028,.T.);
#1030 = CARTESIAN_POINT('',(154.74313179,7.08152651,3.00000000));
#1031 = DIRECTION('',(0.08715577,0.99619470,0.00000000));
#1032 = VECTOR('',#1031,0.03095127);
#1033 = LINE('',#1030,#1032);
#1034 = EDGE_CURVE('',#332,#334,#1033,.T.);
#1035 = CARTESIAN_POINT('',(154.74582937,7.11236000,3.00000000));
#1036 = DIRECTION('',(0.00000000,1.00000000,0.00000000));
#1037 = VECTOR('',#1036,60.65520000);
#1038 = LINE('',#1035,#1037);
#1039 = EDGE_CURVE('',#334,#336,#1038,.T.);
#1040 = CARTESIAN_POINT('',(154.74582937,67.76756000,3.00000000));
#1041 = DIRECTION('',(-1.00000000,0.00000000,0.00000000));
#1042 = VECTOR('',#1041,7.74676300);
#1043 = LINE('',#1040,#1042);
#1044 = EDGE_CURVE('',#336,#338,#1043,.T.);
#1045 = CARTESIAN_POINT('',(146.99906637,67.76756000,3.00000000));
#1046 = DIRECTION('',(-0.99619473,-0.08715540,0.00000000));
#1047 = VECTOR('',#1046,0.58443161);
#1048 = LINE('',#1045,#1047);
#1049 = EDGE_CURVE('',#338,#340,#1048,.T.);
#1050 = CARTESIAN_POINT('',(146.41685868,67.71662363,3.00000000));
#1051 = DIRECTION('',(-0.96592589,-0.25881879,0.00000000));
#1052 = VECTOR('',#1051,0.58443161);
#1053 = LINE('',#1050,#1052);
#1054 = EDGE_CURVE('',#340,#342,#1053,.T.);
#1055 = CARTESIAN_POINT('',(145.85234106,67.56536175,3.00000000));
#1056 = DIRECTION('',(-0.90630786,-0.42261810,0.00000000));
#1057 = VECTOR('',#1056,0.58443161);
#1058 = LINE('',#1055,#1057);
#1059 = EDGE_CURVE('',#342,#344,#1058,.T.);
#1060 = CARTESIAN_POINT('',(145.32266609,67.31837037,3.00000000));
#1061 = DIRECTION('',(-0.81915209,-0.57357637,0.00000000));
#1062 = VECTOR('',#1061,0.58443161);
#1063 = LINE('',#1060,#1062);
#1064 = EDGE_CURVE('',#344,#346,#1063,.T.);
#1065 = CARTESIAN_POINT('',(144.84392772,66.98315421,3.00000000));
#1066 = DIRECTION('',(-0.70710678,-0.70710678,0.00000000));
#1067 = VECTOR('',#1066,0.58443161);
#1068 = LINE('',#1065,#1067);
#1069 = EDGE_CURVE('',#346,#348,#1068,.T.);
#1070 = CARTESIAN_POINT('',(144.43067216,66.56989865,3.00000000));
#1071 = DIRECTION('',(-0.57357637,-0.81915209,0.00000000));
#1072 = VECTOR('',#1071,0.58443161);
#1073 = LINE('',#1070,#1072);
#1074 = EDGE_CURVE('',#348,#350,#1073,.T.);
#1075 = CARTESIAN_POINT('',(144.09545600,66.09116028,3.00000000));
#1076 = DIRECTION('',(-0.42261810,-0.90630786,0.00000000));
#1077 = VECTOR('',#1076,0.58443161);
#1078 = LINE('',#1075,#1077);
#1079 = EDGE_CURVE('',#350,#352,#1078,.T.);
#1080 = CARTESIAN_POINT('',(143.84846462,65.56148531,3.00000000));
#1081 = DIRECTION('',(-0.25881879,-0.96592589,0.00000000));
#1082 = VECTOR('',#1081,0.58443161);
#1083 = LINE('',#1080,#1082);
#1084 = EDGE_CURVE('',#352,#354,#1083,.T.);
#1085 = CARTESIAN_POINT('',(143.69720274,64.99696769,3.00000000));
#1086 = DIRECTION('',(-0.08715540,-0.99619473,0.00000000));
#1087 = VECTOR('',#1086,0.58443161);
#1088 = LINE('',#1085,#1087);
#1089 = EDGE_CURVE('',#354,#356,#1088,.T.);
#1090 = CARTESIAN_POINT('',(143.64626637,64.41476000,3.00000000));
#1091 = DIRECTION('',(-0.08715262,-0.99619497,0.00000000));
#1092 = VECTOR('',#1091,0.05755771);
#1093 = LINE('',#1090,#1092);
#1094 = EDGE_CURVE('',#356,#358,#1093,.T.);
#1095 = CARTESIAN_POINT('',(143.64125007,64.35742130,3.00000000));
#1096 = DIRECTION('',(-0.25881678,-0.96592643,0.00000000));
#1097 = VECTOR('',#1096,0.05755771);
#1098 = LINE('',#1095,#1097);
#1099 = EDGE_CURVE('',#358,#360,#1098,.T.);
#1100 = CARTESIAN_POINT('',(143.62635317,64.30182479,3.00000000));
#1101 = DIRECTION('',(-0.42261684,-0.90630845,0.00000000));
#1102 = VECTOR('',#1101,0.05755771);
#1103 = LINE('',#1100,#1102);
#1104 = EDGE_CURVE('',#360,#362,#1103,.T.);
#1105 = CARTESIAN_POINT('',(143.60202831,64.24965975,3.00000000));
#1106 = DIRECTION('',(-0.57357580,-0.81915249,0.00000000));
#1107 = VECTOR('',#1106,0.05755771);
#1108 = LINE('',#1105,#1107);
#1109 = EDGE_CURVE('',#362,#364,#1108,.T.);
#1110 = CARTESIAN_POINT('',(143.56901460,64.20251121,3.00000000));
#1111 = DIRECTION('',(-0.70710678,-0.70710678,0.00000000));
#1112 = VECTOR('',#1111,0.05755771);
#1113 = LINE('',#1110,#1112);
#1114 = EDGE_CURVE('',#364,#366,#1113,.T.);
#1115 = CARTESIAN_POINT('',(143.52831516,64.16181177,3.00000000));
#1116 = DIRECTION('',(-0.81915249,-0.57357579,0.00000000));
#1117 = VECTOR('',#1116,0.05755771);
#1118 = LINE('',#1115,#1117);
#1119 = EDGE_CURVE('',#366,#368,#1118,.T.);
#1120 = CARTESIAN_POINT('',(143.48116662,64.12879806,3.00000000));
#1121 = DIRECTION('',(-0.90630845,-0.42261684,0.00000000));
#1122 = VECTOR('',#1121,0.05755771);
#1123 = LINE('',#1120,#1122);
#1124 = EDGE_CURVE('',#368,#370,#1123,.T.);
#1125 = CARTESIAN_POINT('',(143.42900158,64.10447321,3.00000000));
#1126 = DIRECTION('',(-0.96592643,-0.25881678,0.00000000));
#1127 = VECTOR('',#1126,0.05755771);
#1128 = LINE('',#1125,#1127);
#1129 = EDGE_CURVE('',#370,#372,#1128,.T.);
#1130 = CARTESIAN_POINT('',(143.37340507,64.08957631,3.00000000));
#1131 = DIRECTION('',(-0.99619497,-0.08715262,0.00000000));
#1132 = VECTOR('',#1131,0.05755771);
#1133 = LINE('',#1130,#1132);
#1134 = EDGE_CURVE('',#372,#374,#1133,.T.);
#1135 = CARTESIAN_POINT('',(143.31606637,64.08456000,3.00000000));
#1136 = DIRECTION('',(-1.00000000,0.00000000,0.00000000));
#1137 = VECTOR('',#1136,49.88560000);
#1138 = LINE('',#1135,#1137);
#1139 = EDGE_CURVE('',#374,#376,#1138,.T.);
#1140 = CARTESIAN_POINT('',(93.43046637,64.08456000,3.00000000));
#1141 = DIRECTION('',(-0.99619492,0.08715323,0.00000000));
#1142 = VECTOR('',#1141,0.06641273);
#1143 = LINE('',#1140,#1142);
#1144 = EDGE_CURVE('',#376,#378,#1143,.T.);
#1145 = CARTESIAN_POINT('',(93.36430635,64.09034808,3.00000000));
#1146 = DIRECTION('',(-0.96592632,0.25881722,0.00000000));
#1147 = VECTOR('',#1146,0.06641273);
#1148 = LINE('',#1145,#1147);
#1149 = EDGE_CURVE('',#378,#380,#1148,.T.);
#1150 = CARTESIAN_POINT('',(93.30015655,64.10753684,3.00000000));
#1151 = DIRECTION('',(-0.90630832,0.42261712,0.00000000));
#1152 = VECTOR('',#1151,0.06641273);
#1153 = LINE('',#1150,#1152);
#1154 = EDGE_CURVE('',#380,#382,#1153,.T.);
#1155 = CARTESIAN_POINT('',(93.23996614,64.13560400,3.00000000));
#1156 = DIRECTION('',(-0.81915241,0.57357592,0.00000000));
#1157 = VECTOR('',#1156,0.06641273);
#1158 = LINE('',#1155,#1157);
#1159 = EDGE_CURVE('',#382,#384,#1158,.T.);
#1160 = CARTESIAN_POINT('',(93.18556400,64.17369674,3.00000000));
#1161 = DIRECTION('',(-0.70710678,0.70710678,0.00000000));
#1162 = VECTOR('',#1161,0.06641273);
#1163 = LINE('',#1160,#1162);
#1164 = EDGE_CURVE('',#384,#386,#1163,.T.);
#1165 = CARTESIAN_POINT('',(93.13860311,64.22065763,3.00000000));
#1166 = DIRECTION('',(-0.57357592,0.81915241,0.00000000));
#1167 = VECTOR('',#1166,0.06641273);
#1168 = LINE('',#1165,#1167);
#1169 = EDGE_CURVE('',#386,#388,#1168,.T.);
#1170 = CARTESIAN_POINT('',(93.10051037,64.27505977,3.00000000));
#1171 = DIRECTION('',(-0.42261712,0.90630832,0.00000000));
#1172 = VECTOR('',#1171,0.06641273);
#1173 = LINE('',#1170,#1172);
#1174 = EDGE_CURVE('',#388,#390,#1173,.T.);
#1175 = CARTESIAN_POINT('',(93.07244321,64.33525018,3.00000000));
#1176 = DIRECTION('',(-0.25881722,0.96592632,0.00000000));
#1177 = VECTOR('',#1176,0.06641273);
#1178 = LINE('',#1175,#1177);
#1179 = EDGE_CURVE('',#390,#392,#1178,.T.);
#1180 = CARTESIAN_POINT('',(93.05525446,64.39939998,3.00000000));
#1181 = DIRECTION('',(-0.08715323,0.99619492,0.00000000));
#1182 = VECTOR('',#1181,0.06641273);
#1183 = LINE('',#1180,#1182);
#1184 = EDGE_CURVE('',#392,#394,#1183,.T.);
#1185 = CARTESIAN_POINT('',(93.04946637,64.46556000,3.00000000));
#1186 = DIRECTION('',(-0.57782378,0.81616155,0.00000000));
#1187 = VECTOR('',#1186,21.84714524);
#1188 = LINE('',#1185,#1187);
#1189 = EDGE_CURVE('',#394,#396,#1188,.T.);
#1190 = CARTESIAN_POINT('',(80.42566637,82.29636000,3.00000000));
#1191 = DIRECTION('',(-0.99617252,0.08740890,0.00000000));
#1192 = VECTOR('',#1191,35.16117881);
#1193 = LINE('',#1190,#1192);
#1194 = EDGE_CURVE('',#396,#398,#1193,.T.);
#1195 = CARTESIAN_POINT('',(45.39906637,85.36976000,3.00000000));
#1196 = DIRECTION('',(-0.99629419,0.08601101,0.00000000));
#1197 = VECTOR('',#1196,7.08746482);
#1198 = LINE('',#1195,#1197);
#1199 = EDGE_CURVE('',#398,#400,#1198,.T.);
#1200 = CARTESIAN_POINT('',(38.33786637,85.97936000,3.00000000));
#1201 = DIRECTION('',(-0.99946542,0.03269354,0.00000000));
#1202 = VECTOR('',#1201,0.00663675);
#1203 = LINE('',#1200,#1202);
#1204 = EDGE_CURVE('',#400,#402,#1203,.T.);
#1205 = CARTESIAN_POINT('',(38.33123317,85.97957698,3.00000000));
#1206 = DIRECTION('',(-0.99519934,0.09786863,0.00000000));
#1207 = VECTOR('',#1206,0.00663675);
#1208 = LINE('',#1205,#1207);
#1209 = EDGE_CURVE('',#402,#404,#1208,.T.);
#1210 = CARTESIAN_POINT('',(38.32462827,85.98022651,3.00000000));
#1211 = DIRECTION('',(-0.98668775,0.16262622,0.00000000));
#1212 = VECTOR('',#1211,0.00663675);
#1213 = LINE('',#1210,#1212);
#1214 = EDGE_CURVE('',#404,#406,#1213,.T.);
#1215 = CARTESIAN_POINT('',(38.31807987,85.98130582,3.00000000));
#1216 = DIRECTION('',(-0.97396695,0.22669004,0.00000000));
#1217 = VECTOR('',#1216,0.00663675);
#1218 = LINE('',#1215,#1217);
#1219 = EDGE_CURVE('',#406,#408,#1218,.T.);
#1220 = CARTESIAN_POINT('',(38.31161589,85.98281031,3.00000000));
#1221 = DIRECTION('',(-0.95709122,0.28978680,0.00000000));
#1222 = VECTOR('',#1221,0.00663675);
#1223 = LINE('',#1220,#1222);
#1224 = EDGE_CURVE('',#408,#410,#1223,.T.);
#1225 = CARTESIAN_POINT('',(38.30526391,85.98473355,3.00000000));
#1226 = DIRECTION('',(-0.93613255,0.35164734,0.00000000));
#1227 = VECTOR('',#1226,0.00663675);
#1228 = LINE('',#1225,#1227);
#1229 = EDGE_CURVE('',#410,#412,#1228,.T.);
#1230 = CARTESIAN_POINT('',(38.29905103,85.98706735,3.00000000));
#1231 = DIRECTION('',(-0.91118034,0.41200775,0.00000000));
#1232 = VECTOR('',#1231,0.00663675);
#1233 = LINE('',#1230,#1232);
#1234 = EDGE_CURVE('',#412,#414,#1233,.T.);
#1235 = CARTESIAN_POINT('',(38.29300375,85.98980174,3.00000000));
#1236 = DIRECTION('',(-0.88234104,0.47061054,0.00000000));
#1237 = VECTOR('',#1236,0.00663675);
#1238 = LINE('',#1235,#1237);
#1239 = EDGE_CURVE('',#414,#416,#1238,.T.);
#1240 = CARTESIAN_POINT('',(38.28714787,85.99292507,3.00000000));
#1241 = DIRECTION('',(-0.84973769,0.52720571,0.00000000));
#1242 = VECTOR('',#1241,0.00663675);
#1243 = LINE('',#1240,#1242);
#1244 = EDGE_CURVE('',#416,#418,#1243,.T.);
#1245 = CARTESIAN_POINT('',(38.28150837,85.99642400,3.00000000));
#1246 = DIRECTION('',(-0.87753525,0.47951214,0.00000000));
#1247 = VECTOR('',#1246,18.66300195);
#1248 = LINE('',#1245,#1247);
#1249 = EDGE_CURVE('',#418,#420,#1248,.T.);
#1250 = CARTESIAN_POINT('',(21.90406637,94.94556000,3.00000000));
#1251 = DIRECTION('',(-0.99810303,-0.06156569,0.00000000));
#1252 = VECTOR('',#1251,0.00936789);
#1253 = LINE('',#1250,#1252);
#1254 = EDGE_CURVE('',#420,#422,#1253,.T.);
#1255 = CARTESIAN_POINT('',(21.89471625,94.94498326,3.00000000));
#1256 = DIRECTION('',(-0.98302470,-0.18347328,0.00000000));
#1257 = VECTOR('',#1256,0.00936783);
#1258 = LINE('',#1255,#1257);
#1259 = EDGE_CURVE('',#422,#424,#1258,.T.);
#1260 = CARTESIAN_POINT('',(21.88550745,94.94326451,3.00000000));
#1261 = DIRECTION('',(-0.95308144,-0.30271399,0.00000000));
#1262 = VECTOR('',#1261,0.00936783);
#1263 = LINE('',#1260,#1262);
#1264 = EDGE_CURVE('',#424,#426,#1263,.T.);
#1265 = CARTESIAN_POINT('',(21.87657915,94.94042874,3.00000000));
#1266 = DIRECTION('',(-0.90873242,-0.41737919,0.00000000));
#1267 = VECTOR('',#1266,0.00936783);
#1268 = LINE('',#1265,#1267);
#1269 = EDGE_CURVE('',#426,#428,#1268,.T.);
#1270 = CARTESIAN_POINT('',(21.86806630,94.93651881,3.00000000));
#1271 = DIRECTION('',(-0.85064795,-0.52573574,0.00000000));
#1272 = VECTOR('',#1271,0.00936783);
#1273 = LINE('',#1270,#1272);
#1274 = EDGE_CURVE('',#428,#430,#1273,.T.);
#1275 = CARTESIAN_POINT('',(21.86009758,94.93159381,3.00000000));
#1276 = DIRECTION('',(-0.77970599,-0.62614581,0.00000000));
#1277 = VECTOR('',#1276,0.00936783);
#1278 = LINE('',#1275,#1277);
#1279 = EDGE_CURVE('',#430,#432,#1278,.T.);
#1280 = CARTESIAN_POINT('',(21.85279343,94.92572818,3.00000000));
#1281 = DIRECTION('',(-0.69697881,-0.71709172,0.00000000));
#1282 = VECTOR('',#1281,0.00936783);
#1283 = LINE('',#1280,#1282);
#1284 = EDGE_CURVE('',#432,#434,#1283,.T.);
#1285 = CARTESIAN_POINT('',(21.84626425,94.91901059,3.00000000));
#1286 = DIRECTION('',(-0.60371684,-0.79719883,0.00000000));
#1287 = VECTOR('',#1286,0.00936783);
#1288 = LINE('',#1285,#1287);
#1289 = EDGE_CURVE('',#434,#436,#1288,.T.);
#1290 = CARTESIAN_POINT('',(21.84060874,94.91154257,3.00000000));
#1291 = DIRECTION('',(-0.50132972,-0.86525633,0.00000000));
#1292 = VECTOR('',#1291,0.00936783);
#1293 = LINE('',#1290,#1292);
#1294 = EDGE_CURVE('',#436,#438,#1293,.T.);
#1295 = CARTESIAN_POINT('',(21.83591237,94.90343700,3.00000000));
#1296 = DIRECTION('',(-0.47603856,-0.87942441,0.00000000));
#1297 = VECTOR('',#1296,39.60781243);
#1298 = LINE('',#1295,#1297);
#1299 = EDGE_CURVE('',#438,#440,#1298,.T.);
#1300 = CARTESIAN_POINT('',(2.98106637,60.07136000,3.00000000));
#1301 = DIRECTION('',(0.00000000,-1.00000000,0.00000000));
#1302 = VECTOR('',#1301,5.00380000);
#1303 = LINE('',#1300,#1302);
#1304 = EDGE_CURVE('',#440,#442,#1303,.T.);
#1305 = CARTESIAN_POINT('',(2.98106637,55.06756000,3.00000000));
#1306 = DIRECTION('',(-0.17364818,-0.98480775,0.00000000));
#1307 = VECTOR('',#1306,0.88213274);
#1308 = LINE('',#1305,#1307);
#1309 = EDGE_CURVE('',#442,#444,#1308,.T.);
#1310 = CARTESIAN_POINT('',(2.82788563,54.19882884,3.00000000));
#1311 = DIRECTION('',(-0.50000000,-0.86602540,0.00000000));
#1312 = VECTOR('',#1311,0.88213274);
#1313 = LINE('',#1310,#1312);
#1314 = EDGE_CURVE('',#444,#446,#1313,.T.);
#1315 = CARTESIAN_POINT('',(2.38681926,53.43487947,3.00000000));
#1316 = DIRECTION('',(-0.76604444,-0.64278761,0.00000000));
#1317 = VECTOR('',#1316,0.88213274);
#1318 = LINE('',#1315,#1317);
#1319 = EDGE_CURVE('',#446,#448,#1318,.T.);
#1320 = CARTESIAN_POINT('',(1.71106637,52.86785547,3.00000000));
#1321 = DIRECTION('',(-0.93969262,-0.34202014,0.00000000));
#1322 = VECTOR('',#1321,0.88213274);
#1323 = LINE('',#1320,#1322);
#1324 = EDGE_CURVE('',#448,#450,#1323,.T.);
#1325 = CARTESIAN_POINT('',(0.88213274,52.56614831,3.00000000));
#1326 = DIRECTION('',(-1.00000000,0.00000000,0.00000000));
#1327 = VECTOR('',#1326,0.44646637);
#1328 = LINE('',#1325,#1327);
#1329 = EDGE_CURVE('',#450,#452,#1328,.T.);
#1330 = CARTESIAN_POINT('',(0.43566637,52.56614831,3.00000000));
#1331 = DIRECTION('',(-1.00000000,0.00000000,0.00000000));
#1332 = VECTOR('',#1331,0.43566637);
#1333 = LINE('',#1330,#1332);
#1334 = EDGE_CURVE('',#452,#454,#1333,.T.);
#1335 = CARTESIAN_POINT('',(0.00000000,52.56614831,3.00000000));
#1336 = DIRECTION('',(0.00095107,-0.99999955,0.00000000));
#1337 = VECTOR('',#1336,31.34420491);
#1338 = LINE('',#1335,#1337);
#1339 = EDGE_CURVE('',#454,#102,#1338,.T.);
#1340 = ORIENTED_EDGE('',*,*,#459,.T.);
#1341 = ORIENTED_EDGE('',*,*,#464,.T.);
#1342 = ORIENTED_EDGE('',*,*,#469,.T.);
#1343 = ORIENTED_EDGE('',*,*,#474,.T.);
#1344 = ORIENTED_EDGE('',*,*,#479,.T.);
#1345 = ORIENTED_EDGE('',*,*,#484,.T.);
#1346 = ORIENTED_EDGE('',*,*,#489,.T.);
#1347 = ORIENTED_EDGE('',*,*,#494,.T.);
#1348 = ORIENTED_EDGE('',*,*,#499,.T.);
#1349 = ORIENTED_EDGE('',*,*,#504,.T.);
#1350 = ORIENTED_EDGE('',*,*,#509,.T.);
#1351 = ORIENTED_EDGE('',*,*,#514,.T.);
#1352 = ORIENTED_EDGE('',*,*,#519,.T.);
#1353 = ORIENTED_EDGE('',*,*,#524,.T.);
#1354 = ORIENTED_EDGE('',*,*,#529,.T.);
#1355 = ORIENTED_EDGE('',*,*,#534,.T.);
#1356 = ORIENTED_EDGE('',*,*,#539,.T.);
#1357 = ORIENTED_EDGE('',*,*,#544,.T.);
#1358 = ORIENTED_EDGE('',*,*,#549,.T.);
#1359 = ORIENTED_EDGE('',*,*,#554,.T.);
#1360 = ORIENTED_EDGE('',*,*,#559,.T.);
#1361 = ORIENTED_EDGE('',*,*,#564,.T.);
#1362 = ORIENTED_EDGE('',*,*,#569,.T.);
#1363 = ORIENTED_EDGE('',*,*,#574,.T.);
#1364 = ORIENTED_EDGE('',*,*,#579,.T.);
#1365 = ORIENTED_EDGE('',*,*,#584,.T.);
#1366 = ORIENTED_EDGE('',*,*,#589,.T.);
#1367 = ORIENTED_EDGE('',*,*,#594,.T.);
#1368 = ORIENTED_EDGE('',*,*,#599,.T.);
#1369 = ORIENTED_EDGE('',*,*,#604,.T.);
#1370 = ORIENTED_EDGE('',*,*,#609,.T.);
#1371 = ORIENTED_EDGE('',*,*,#614,.T.);
#1372 = ORIENTED_EDGE('',*,*,#619,.T.);
#1373 = ORIENTED_EDGE('',*,*,#624,.T.);
#1374 = ORIENTED_EDGE('',*,*,#629,.T.);
#1375 = ORIENTED_EDGE('',*,*,#634,.T.);
#1376 = ORIENTED_EDGE('',*,*,#639,.T.);
#1377 = ORIENTED_EDGE('',*,*,#644,.T.);
#1378 = ORIENTED_EDGE('',*,*,#649,.T.);
#1379 = ORIENTED_EDGE('',*,*,#654,.T.);
#1380 = ORIENTED_EDGE('',*,*,#659,.T.);
#1381 = ORIENTED_EDGE('',*,*,#664,.T.);
#1382 = ORIENTED_EDGE('',*,*,#669,.T.);
#1383 = ORIENTED_EDGE('',*,*,#674,.T.);
#1384 = ORIENTED_EDGE('',*,*,#679,.T.);
#1385 = ORIENTED_EDGE('',*,*,#684,.T.);
#1386 = ORIENTED_EDGE('',*,*,#689,.T.);
#1387 = ORIENTED_EDGE('',*,*,#694,.T.);
#1388 = ORIENTED_EDGE('',*,*,#699,.T.);
#1389 = ORIENTED_EDGE('',*,*,#704,.T.);
#1390 = ORIENTED_EDGE('',*,*,#709,.T.);
#1391 = ORIENTED_EDGE('',*,*,#714,.T.);
#1392 = ORIENTED_EDGE('',*,*,#719,.T.);
#1393 = ORIENTED_EDGE('',*,*,#724,.T.);
#1394 = ORIENTED_EDGE('',*,*,#729,.T.);
#1395 = ORIENTED_EDGE('',*,*,#734,.T.);
#1396 = ORIENTED_EDGE('',*,*,#739,.T.);
#1397 = ORIENTED_EDGE('',*,*,#744,.T.);
#1398 = ORIENTED_EDGE('',*,*,#749,.T.);
#1399 = ORIENTED_EDGE('',*,*,#754,.T.);
#1400 = ORIENTED_EDGE('',*,*,#759,.T.);
#1401 = ORIENTED_EDGE('',*,*,#764,.T.);
#1402 = ORIENTED_EDGE('',*,*,#769,.T.);
#1403 = ORIENTED_EDGE('',*,*,#774,.T.);
#1404 = ORIENTED_EDGE('',*,*,#779,.T.);
#1405 = ORIENTED_EDGE('',*,*,#784,.T.);
#1406 = ORIENTED_EDGE('',*,*,#789,.T.);
#1407 = ORIENTED_EDGE('',*,*,#794,.T.);
#1408 = ORIENTED_EDGE('',*,*,#799,.T.);
#1409 = ORIENTED_EDGE('',*,*,#804,.T.);
#1410 = ORIENTED_EDGE('',*,*,#809,.T.);
#1411 = ORIENTED_EDGE('',*,*,#814,.T.);
#1412 = ORIENTED_EDGE('',*,*,#819,.T.);
#1413 = ORIENTED_EDGE('',*,*,#824,.T.);
#1414 = ORIENTED_EDGE('',*,*,#829,.T.);
#1415 = ORIENTED_EDGE('',*,*,#834,.T.);
#1416 = ORIENTED_EDGE('',*,*,#839,.T.);
#1417 = ORIENTED_EDGE('',*,*,#844,.T.);
#1418 = ORIENTED_EDGE('',*,*,#849,.T.);
#1419 = ORIENTED_EDGE('',*,*,#854,.T.);
#1420 = ORIENTED_EDGE('',*,*,#859,.T.);
#1421 = ORIENTED_EDGE('',*,*,#864,.T.);
#1422 = ORIENTED_EDGE('',*,*,#869,.T.);
#1423 = ORIENTED_EDGE('',*,*,#874,.T.);
#1424 = ORIENTED_EDGE('',*,*,#879,.T.);
#1425 = ORIENTED_EDGE('',*,*,#884,.T.);
#1426 = ORIENTED_EDGE('',*,*,#889,.T.);
#1427 = ORIENTED_EDGE('',*,*,#894,.T.);
#1428 = ORIENTED_EDGE('',*,*,#899,.T.);
#1429 = ORIENTED_EDGE('',*,*,#904,.T.);
#1430 = ORIENTED_EDGE('',*,*,#909,.T.);
#1431 = ORIENTED_EDGE('',*,*,#914,.T.);
#1432 = ORIENTED_EDGE('',*,*,#919,.T.);
#1433 = ORIENTED_EDGE('',*,*,#924,.T.);
#1434 = ORIENTED_EDGE('',*,*,#929,.T.);
#1435 = ORIENTED_EDGE('',*,*,#934,.T.);
#1436 = ORIENTED_EDGE('',*,*,#939,.T.);
#1437 = ORIENTED_EDGE('',*,*,#944,.T.);
#1438 = ORIENTED_EDGE('',*,*,#949,.T.);
#1439 = ORIENTED_EDGE('',*,*,#954,.T.);
#1440 = ORIENTED_EDGE('',*,*,#959,.T.);
#1441 = ORIENTED_EDGE('',*,*,#964,.T.);
#1442 = ORIENTED_EDGE('',*,*,#969,.T.);
#1443 = ORIENTED_EDGE('',*,*,#974,.T.);
#1444 = ORIENTED_EDGE('',*,*,#979,.T.);
#1445 = ORIENTED_EDGE('',*,*,#984,.T.);
#1446 = ORIENTED_EDGE('',*,*,#989,.T.);
#1447 = ORIENTED_EDGE('',*,*,#994,.T.);
#1448 = ORIENTED_EDGE('',*,*,#999,.T.);
#1449 = ORIENTED_EDGE('',*,*,#1004,.T.);
#1450 = ORIENTED_EDGE('',*,*,#1009,.T.);
#1451 = ORIENTED_EDGE('',*,*,#1014,.T.);
#1452 = ORIENTED_EDGE('',*,*,#1019,.T.);
#1453 = ORIENTED_EDGE('',*,*,#1024,.T.);
#1454 = ORIENTED_EDGE('',*,*,#1029,.T.);
#1455 = ORIENTED_EDGE('',*,*,#1034,.T.);
#1456 = ORIENTED_EDGE('',*,*,#1039,.T.);
#1457 = ORIENTED_EDGE('',*,*,#1044,.T.);
#1458 = ORIENTED_EDGE('',*,*,#1049,.T.);
#1459 = ORIENTED_EDGE('',*,*,#1054,.T.);
#1460 = ORIENTED_EDGE('',*,*,#1059,.T.);
#1461 = ORIENTED_EDGE('',*,*,#1064,.T.);
#1462 = ORIENTED_EDGE('',*,*,#1069,.T.);
#1463 = ORIENTED_EDGE('',*,*,#1074,.T.);
#1464 = ORIENTED_EDGE('',*,*,#1079,.T.);
#1465 = ORIENTED_EDGE('',*,*,#1084,.T.);
#1466 = ORIENTED_EDGE('',*,*,#1089,.T.);
#1467 = ORIENTED_EDGE('',*,*,#1094,.T.);
#1468 = ORIENTED_EDGE('',*,*,#1099,.T.);
#1469 = ORIENTED_EDGE('',*,*,#1104,.T.);
#1470 = ORIENTED_EDGE('',*,*,#1109,.T.);
#1471 = ORIENTED_EDGE('',*,*,#1114,.T.);
#1472 = ORIENTED_EDGE('',*,*,#1119,.T.);
#1473 = ORIENTED_EDGE('',*,*,#1124,.T.);
#1474 = ORIENTED_EDGE('',*,*,#1129,.T.);
#1475 = ORIENTED_EDGE('',*,*,#1134,.T.);
#1476 = ORIENTED_EDGE('',*,*,#1139,.T.);
#1477 = ORIENTED_EDGE('',*,*,#1144,.T.);
#1478 = ORIENTED_EDGE('',*,*,#1149,.T.);
#1479 = ORIENTED_EDGE('',*,*,#1154,.T.);
#1480 = ORIENTED_EDGE('',*,*,#1159,.T.);
#1481 = ORIENTED_EDGE('',*,*,#1164,.T.);
#1482 = ORIENTED_EDGE('',*,*,#1169,.T.);
#1483 = ORIENTED_EDGE('',*,*,#1174,.T.);
#1484 = ORIENTED_EDGE('',*,*,#1179,.T.);
#1485 = ORIENTED_EDGE('',*,*,#1184,.T.);
#1486 = ORIENTED_EDGE('',*,*,#1189,.T.);
#1487 = ORIENTED_EDGE('',*,*,#1194,.T.);
#1488 = ORIENTED_EDGE('',*,*,#1199,.T.);
#1489 = ORIENTED_EDGE('',*,*,#1204,.T.);
#1490 = ORIENTED_EDGE('',*,*,#1209,.T.);
#1491 = ORIENTED_EDGE('',*,*,#1214,.T.);
#1492 = ORIENTED_EDGE('',*,*,#1219,.T.);
#1493 = ORIENTED_EDGE('',*,*,#1224,.T.);
#1494 = ORIENTED_EDGE('',*,*,#1229,.T.);
#1495 = ORIENTED_EDGE('',*,*,#1234,.T.);
#1496 = ORIENTED_EDGE('',*,*,#1239,.T.);
#1497 = ORIENTED_EDGE('',*,*,#1244,.T.);
#1498 = ORIENTED_EDGE('',*,*,#1249,.T.);
#1499 = ORIENTED_EDGE('',*,*,#1254,.T.);
#1500 = ORIENTED_EDGE('',*,*,#1259,.T.);
#1501 = ORIENTED_EDGE('',*,*,#1264,.T.);
#1502 = ORIENTED_EDGE('',*,*,#1269,.T.);
#1503 = ORIENTED_EDGE('',*,*,#1274,.T.);
#1504 = ORIENTED_EDGE('',*,*,#1279,.T.);
#1505 = ORIENTED_EDGE('',*,*,#1284,.T.);
#1506 = ORIENTED_EDGE('',*,*,#1289,.T.);
#1507 = ORIENTED_EDGE('',*,*,#1294,.T.);
#1508 = ORIENTED_EDGE('',*,*,#1299,.T.);
#1509 = ORIENTED_EDGE('',*,*,#1304,.T.);
#1510 = ORIENTED_EDGE('',*,*,#1309,.T.);
#1511 = ORIENTED_EDGE('',*,*,#1314,.T.);
#1512 = ORIENTED_EDGE('',*,*,#1319,.T.);
#1513 = ORIENTED_EDGE('',*,*,#1324,.T.);
#1514 = ORIENTED_EDGE('',*,*,#1329,.T.);
#1515 = ORIENTED_EDGE('',*,*,#1334,.T.);
#1516 = ORIENTED_EDGE('',*,*,#1339,.T.);
#1517 = EDGE_LOOP('',(#1340,#1341,#1342,#1343,#1344,#1345,#1346,#1347,#1348,#1349,#1350,#1351,#1352,#1353,#1354,#1355,#1356,#1357,#1358,#1359,#1360,#1361,#1362,#1363,#1364,#1365,#1366,#1367,#1368,#1369,#1370,#1371,#1372,#1373,#1374,#1375,#1376,#1377,#1378,#1379,#1380,#1381,#1382,#1383,#1384,#1385,#1386,#1387,#1388,#1389,#1390,#1391,#1392,#1393,#1394,#1395,#1396,#1397,#1398,#1399,#1400,#1401,#1402,#1403,#1404,#1405,#1406,#1407,#1408,#1409,#1410,#1411,#1412,#1413,#1414,#1415,#1416,#1417,#1418,#1419,#1420,#1421,#1422,#1423,#1424,#1425,#1426,#1427,#1428,#1429,#1430,#1431,#1432,#1433,#1434,#1435,#1436,#1437,#1438,#1439,#1440,#1441,#1442,#1443,#1444,#1445,#1446,#1447,#1448,#1449,#1450,#1451,#1452,#1453,#1454,#1455,#1456,#1457,#1458,#1459,#1460,#1461,#1462,#1463,#1464,#1465,#1466,#1467,#1468,#1469,#1470,#1471,#1472,#1473,#1474,#1475,#1476,#1477,#1478,#1479,#1480,#1481,#1482,#1483,#1484,#1485,#1486,#1487,#1488,#1489,#1490,#1491,#1492,#1493,#1494,#1495,#1496,#1497,#1498,#1499,#1500,#1501,#1502,#1503,#1504,#1505,#1506,#1507,#1508,#1509,#1510,#1511,#1512,#1513,#1514,#1515,#1516));
#1518 = FACE_OUTER_BOUND('',#1517,.T.);
#1519 = FACE_BOUND('',#10,.T.);
#1520 = FACE_BOUND('',#30,.T.);
#1521 = FACE_BOUND('',#50,.T.);
#1522 = FACE_BOUND('',#70,.T.);
#1523 = FACE_BOUND('',#90,.T.);
#1524 = CARTESIAN_POINT('',(0.00000000,0.00000000,3.00000000));
#1525 = DIRECTION('',(0.00000000,0.00000000,1.00000000));
#1526 = DIRECTION('',(1.00000000,0.00000000,0.00000000));
#1527 = AXIS2_PLACEMENT_3D('',#1524,#1525,#1526);
#1528 = PLANE('',#1527);
#1529 = ADVANCED_FACE('',(#1518,#1519,#1520,#1521,#1522,#1523),#1528,.T.);
#1530 = CARTESIAN_POINT('',(0.00000000,52.56614831,0.00000000));
#1531 = VERTEX_POINT('',#1530);
#1532 = CARTESIAN_POINT('',(0.43566637,52.56614831,0.00000000));
#1533 = VERTEX_POINT('',#1532);
#1534 = CARTESIAN_POINT('',(0.88213274,52.56614831,0.00000000));
#1535 = VERTEX_POINT('',#1534);
#1536 = CARTESIAN_POINT('',(1.71106637,52.86785547,0.00000000));
#1537 = VERTEX_POINT('',#1536);
#1538 = CARTESIAN_POINT('',(2.38681926,53.43487947,0.00000000));
#1539 = VERTEX_POINT('',#1538);
#1540 = CARTESIAN_POINT('',(2.82788563,54.19882884,0.00000000));
#1541 = VERTEX_POINT('',#1540);
#1542 = CARTESIAN_POINT('',(2.98106637,55.06756000,0.00000000));
#1543 = VERTEX_POINT('',#1542);
#1544 = CARTESIAN_POINT('',(2.98106637,60.07136000,0.00000000));
#1545 = VERTEX_POINT('',#1544);
#1546 = CARTESIAN_POINT('',(21.83591237,94.90343700,0.00000000));
#1547 = VERTEX_POINT('',#1546);
#1548 = CARTESIAN_POINT('',(21.84060874,94.91154257,0.00000000));
#1549 = VERTEX_POINT('',#1548);
#1550 = CARTESIAN_POINT('',(21.84626425,94.91901059,0.00000000));
#1551 = VERTEX_POINT('',#1550);
#1552 = CARTESIAN_POINT('',(21.85279343,94.92572818,0.00000000));
#1553 = VERTEX_POINT('',#1552);
#1554 = CARTESIAN_POINT('',(21.86009758,94.93159381,0.00000000));
#1555 = VERTEX_POINT('',#1554);
#1556 = CARTESIAN_POINT('',(21.86806630,94.93651881,0.00000000));
#1557 = VERTEX_POINT('',#1556);
#1558 = CARTESIAN_POINT('',(21.87657915,94.94042874,0.00000000));
#1559 = VERTEX_POINT('',#1558);
#1560 = CARTESIAN_POINT('',(21.88550745,94.94326451,0.00000000));
#1561 = VERTEX_POINT('',#1560);
#1562 = CARTESIAN_POINT('',(21.89471625,94.94498326,0.00000000));
#1563 = VERTEX_POINT('',#1562);
#1564 = CARTESIAN_POINT('',(21.90406637,94.94556000,0.00000000));
#1565 = VERTEX_POINT('',#1564);
#1566 = CARTESIAN_POINT('',(38.28150837,85.99642400,0.00000000));
#1567 = VERTEX_POINT('',#1566);
#1568 = CARTESIAN_POINT('',(38.28714787,85.99292507,0.00000000));
#1569 = VERTEX_POINT('',#1568);
#1570 = CARTESIAN_POINT('',(38.29300375,85.98980174,0.00000000));
#1571 = VERTEX_POINT('',#1570);
#1572 = CARTESIAN_POINT('',(38.29905103,85.98706735,0.00000000));
#1573 = VERTEX_POINT('',#1572);
#1574 = CARTESIAN_POINT('',(38.30526391,85.98473355,0.00000000));
#1575 = VERTEX_POINT('',#1574);
#1576 = CARTESIAN_POINT('',(38.31161589,85.98281031,0.00000000));
#1577 = VERTEX_POINT('',#1576);
#1578 = CARTESIAN_POINT('',(38.31807987,85.98130582,0.00000000));
#1579 = VERTEX_POINT('',#1578);
#1580 = CARTESIAN_POINT('',(38.32462827,85.98022651,0.00000000));
#1581 = VERTEX_POINT('',#1580);
#1582 = CARTESIAN_POINT('',(38.33123317,85.97957698,0.00000000));
#1583 = VERTEX_POINT('',#1582);
#1584 = CARTESIAN_POINT('',(38.33786637,85.97936000,0.00000000));
#1585 = VERTEX_POINT('',#1584);
#1586 = CARTESIAN_POINT('',(45.39906637,85.36976000,0.00000000));
#1587 = VERTEX_POINT('',#1586);
#1588 = CARTESIAN_POINT('',(80.42566637,82.29636000,0.00000000));
#1589 = VERTEX_POINT('',#1588);
#1590 = CARTESIAN_POINT('',(93.04946637,64.46556000,0.00000000));
#1591 = VERTEX_POINT('',#1590);
#1592 = CARTESIAN_POINT('',(93.05525446,64.39939998,0.00000000));
#1593 = VERTEX_POINT('',#1592);
#1594 = CARTESIAN_POINT('',(93.07244321,64.33525018,0.00000000));
#1595 = VERTEX_POINT('',#1594);
#1596 = CARTESIAN_POINT('',(93.10051037,64.27505977,0.00000000));
#1597 = VERTEX_POINT('',#1596);
#1598 = CARTESIAN_POINT('',(93.13860311,64.22065763,0.00000000));
#1599 = VERTEX_POINT('',#1598);
#1600 = CARTESIAN_POINT('',(93.18556400,64.17369674,0.00000000));
#1601 = VERTEX_POINT('',#1600);
#1602 = CARTESIAN_POINT('',(93.23996614,64.13560400,0.00000000));
#1603 = VERTEX_POINT('',#1602);
#1604 = CARTESIAN_POINT('',(93.30015655,64.10753684,0.00000000));
#1605 = VERTEX_POINT('',#1604);
#1606 = CARTESIAN_POINT('',(93.36430635,64.09034808,0.00000000));
#1607 = VERTEX_POINT('',#1606);
#1608 = CARTESIAN_POINT('',(93.43046637,64.08456000,0.00000000));
#1609 = VERTEX_POINT('',#1608);
#1610 = CARTESIAN_POINT('',(143.31606637,64.08456000,0.00000000));
#1611 = VERTEX_POINT('',#1610);
#1612 = CARTESIAN_POINT('',(143.37340507,64.08957631,0.00000000));
#1613 = VERTEX_POINT('',#1612);
#1614 = CARTESIAN_POINT('',(143.42900158,64.10447321,0.00000000));
#1615 = VERTEX_POINT('',#1614);
#1616 = CARTESIAN_POINT('',(143.48116662,64.12879806,0.00000000));
#1617 = VERTEX_POINT('',#1616);
#1618 = CARTESIAN_POINT('',(143.52831516,64.16181177,0.00000000));
#1619 = VERTEX_POINT('',#1618);
#1620 = CARTESIAN_POINT('',(143.56901460,64.20251121,0.00000000));
#1621 = VERTEX_POINT('',#1620);
#1622 = CARTESIAN_POINT('',(143.60202831,64.24965975,0.00000000));
#1623 = VERTEX_POINT('',#1622);
#1624 = CARTESIAN_POINT('',(143.62635317,64.30182479,0.00000000));
#1625 = VERTEX_POINT('',#1624);
#1626 = CARTESIAN_POINT('',(143.64125007,64.35742130,0.00000000));
#1627 = VERTEX_POINT('',#1626);
#1628 = CARTESIAN_POINT('',(143.64626637,64.41476000,0.00000000));
#1629 = VERTEX_POINT('',#1628);
#1630 = CARTESIAN_POINT('',(143.69720274,64.99696769,0.00000000));
#1631 = VERTEX_POINT('',#1630);
#1632 = CARTESIAN_POINT('',(143.84846462,65.56148531,0.00000000));
#1633 = VERTEX_POINT('',#1632);
#1634 = CARTESIAN_POINT('',(144.09545600,66.09116028,0.00000000));
#1635 = VERTEX_POINT('',#1634);
#1636 = CARTESIAN_POINT('',(144.43067216,66.56989865,0.00000000));
#1637 = VERTEX_POINT('',#1636);
#1638 = CARTESIAN_POINT('',(144.84392772,66.98315421,0.00000000));
#1639 = VERTEX_POINT('',#1638);
#1640 = CARTESIAN_POINT('',(145.32266609,67.31837037,0.00000000));
#1641 = VERTEX_POINT('',#1640);
#1642 = CARTESIAN_POINT('',(145.85234106,67.56536175,0.00000000));
#1643 = VERTEX_POINT('',#1642);
#1644 = CARTESIAN_POINT('',(146.41685868,67.71662363,0.00000000));
#1645 = VERTEX_POINT('',#1644);
#1646 = CARTESIAN_POINT('',(146.99906637,67.76756000,0.00000000));
#1647 = VERTEX_POINT('',#1646);
#1648 = CARTESIAN_POINT('',(154.74582937,67.76756000,0.00000000));
#1649 = VERTEX_POINT('',#1648);
#1650 = CARTESIAN_POINT('',(154.74582937,7.11236000,0.00000000));
#1651 = VERTEX_POINT('',#1650);
#1652 = CARTESIAN_POINT('',(154.74313179,7.08152651,0.00000000));
#1653 = VERTEX_POINT('',#1652);
#1654 = CARTESIAN_POINT('',(154.73512101,7.05162988,0.00000000));
#1655 = VERTEX_POINT('',#1654);
#1656 = CARTESIAN_POINT('',(154.72204044,7.02357850,0.00000000));
#1657 = VERTEX_POINT('',#1656);
#1658 = CARTESIAN_POINT('',(154.70428752,6.99822470,0.00000000));
#1659 = VERTEX_POINT('',#1658);
#1660 = CARTESIAN_POINT('',(154.68240167,6.97633885,0.00000000));
#1661 = VERTEX_POINT('',#1660);
#1662 = CARTESIAN_POINT('',(154.65704787,6.95858593,0.00000000));
#1663 = VERTEX_POINT('',#1662);
#1664 = CARTESIAN_POINT('',(154.62899649,6.94550536,0.00000000));
#1665 = VERTEX_POINT('',#1664);
#1666 = CARTESIAN_POINT('',(154.59909986,6.93749458,0.00000000));
#1667 = VERTEX_POINT('',#1666);
#1668 = CARTESIAN_POINT('',(154.56826637,6.93479700,0.00000000));
#1669 = VERTEX_POINT('',#1668);
#1670 = CARTESIAN_POINT('',(133.81509837,6.92905500,0.00000000));
#1671 = VERTEX_POINT('',#1670);
#1672 = CARTESIAN_POINT('',(133.35293271,5.78224061,0.00000000));
#1673 = VERTEX_POINT('',#1672);
#1674 = CARTESIAN_POINT('',(132.57528337,4.82096967,0.00000000));
#1675 = VERTEX_POINT('',#1674);
#1676 = CARTESIAN_POINT('',(131.55029032,4.12947160,0.00000000));
#1677 = VERTEX_POINT('',#1676);
#1678 = CARTESIAN_POINT('',(130.36776653,3.76833756,0.00000000));
#1679 = VERTEX_POINT('',#1678);
#1680 = CARTESIAN_POINT('',(129.13132827,3.76921119,0.00000000));
#1681 = VERTEX_POINT('',#1680);
#1682 = CARTESIAN_POINT('',(127.94931598,4.13201593,0.00000000));
#1683 = VERTEX_POINT('',#1682);
#1684 = CARTESIAN_POINT('',(126.92530113,4.82496175,0.00000000));
#1685 = VERTEX_POINT('',#1684);
#1686 = CARTESIAN_POINT('',(126.14901097,5.78733066,0.00000000));
#1687 = VERTEX_POINT('',#1686);
#1688 = CARTESIAN_POINT('',(125.68846637,6.93479700,0.00000000));
#1689 = VERTEX_POINT('',#1688);
#1690 = CARTESIAN_POINT('',(111.87086637,6.93479700,0.00000000));
#1691 = VERTEX_POINT('',#1690);
#1692 = CARTESIAN_POINT('',(111.82671852,6.93093472,0.00000000));
#1693 = VERTEX_POINT('',#1692);
#1694 = CARTESIAN_POINT('',(111.78391206,6.91946488,0.00000000));
#1695 = VERTEX_POINT('',#1694);
#1696 = CARTESIAN_POINT('',(111.74374766,6.90073600,0.00000000));
#1697 = VERTEX_POINT('',#1696);
#1698 = CARTESIAN_POINT('',(111.70744571,6.87531715,0.00000000));
#1699 = VERTEX_POINT('',#1698);
#1700 = CARTESIAN_POINT('',(111.67610922,6.84398067,0.00000000));
#1701 = VERTEX_POINT('',#1700);
#1702 = CARTESIAN_POINT('',(111.65069037,6.80767871,0.00000000));
#1703 = VERTEX_POINT('',#1702);
#1704 = CARTESIAN_POINT('',(111.63196149,6.76751431,0.00000000));
#1705 = VERTEX_POINT('',#1704);
#1706 = CARTESIAN_POINT('',(111.62049165,6.72470785,0.00000000));
#1707 = VERTEX_POINT('',#1706);
#1708 = CARTESIAN_POINT('',(111.61662937,6.68056000,0.00000000));
#1709 = VERTEX_POINT('',#1708);
#1710 = CARTESIAN_POINT('',(111.61662937,2.79436000,0.00000000));
#1711 = VERTEX_POINT('',#1710);
#1712 = CARTESIAN_POINT('',(111.61431742,2.76793727,0.00000000));
#1713 = VERTEX_POINT('',#1712);
#1714 = CARTESIAN_POINT('',(111.60745240,2.74231742,0.00000000));
#1715 = VERTEX_POINT('',#1714);
#1716 = CARTESIAN_POINT('',(111.59624289,2.71827885,0.00000000));
#1717 = VERTEX_POINT('',#1716);
#1718 = CARTESIAN_POINT('',(111.58102948,2.69655196,0.00000000));
#1719 = VERTEX_POINT('',#1718);
#1720 = CARTESIAN_POINT('',(111.56227441,2.67779689,0.00000000));
#1721 = VERTEX_POINT('',#1720);
#1722 = CARTESIAN_POINT('',(111.54054752,2.66258348,0.00000000));
#1723 = VERTEX_POINT('',#1722);
#1724 = CARTESIAN_POINT('',(111.51650896,2.65137397,0.00000000));
#1725 = VERTEX_POINT('',#1724);
#1726 = CARTESIAN_POINT('',(111.49088910,2.64450895,0.00000000));
#1727 = VERTEX_POINT('',#1726);
#1728 = CARTESIAN_POINT('',(111.46446637,2.64219700,0.00000000));
#1729 = VERTEX_POINT('',#1728);
#1730 = CARTESIAN_POINT('',(92.61766637,2.64219700,0.00000000));
#1731 = VERTEX_POINT('',#1730);
#1732 = CARTESIAN_POINT('',(92.57792928,2.63872035,0.00000000));
#1733 = VERTEX_POINT('',#1732);
#1734 = CARTESIAN_POINT('',(92.53939960,2.62839627,0.00000000));
#1735 = VERTEX_POINT('',#1734);
#1736 = CARTESIAN_POINT('',(92.50324801,2.61153846,0.00000000));
#1737 = VERTEX_POINT('',#1736);
#1738 = CARTESIAN_POINT('',(92.47057296,2.58865911,0.00000000));
#1739 = VERTEX_POINT('',#1738);
#1740 = CARTESIAN_POINT('',(92.44236726,2.56045341,0.00000000));
#1741 = VERTEX_POINT('',#1740);
#1742 = CARTESIAN_POINT('',(92.41948792,2.52777836,0.00000000));
#1743 = VERTEX_POINT('',#1742);
#1744 = CARTESIAN_POINT('',(92.40263010,2.49162677,0.00000000));
#1745 = VERTEX_POINT('',#1744);
#1746 = CARTESIAN_POINT('',(92.39230602,2.45309709,0.00000000));
#1747 = VERTEX_POINT('',#1746);
#1748 = CARTESIAN_POINT('',(92.38882937,2.41336000,0.00000000));
#1749 = VERTEX_POINT('',#1748);
#1750 = CARTESIAN_POINT('',(92.38882937,0.40944600,0.00000000));
#1751 = VERTEX_POINT('',#1750);
#1752 = CARTESIAN_POINT('',(92.37888990,0.33731279,0.00000000));
#1753 = VERTEX_POINT('',#1752);
#1754 = CARTESIAN_POINT('',(92.35698101,0.26787221,0.00000000));
#1755 = VERTEX_POINT('',#1754);
#1756 = CARTESIAN_POINT('',(92.32372465,0.20309561,0.00000000));
#1757 = VERTEX_POINT('',#1756);
#1758 = CARTESIAN_POINT('',(92.28006495,0.14482191,0.00000000));
#1759 = VERTEX_POINT('',#1758);
#1760 = CARTESIAN_POINT('',(92.22724135,0.09470544,0.00000000));
#1761 = VERTEX_POINT('',#1760);
#1762 = CARTESIAN_POINT('',(92.16675344,0.05416895,0.00000000));
#1763 = VERTEX_POINT('',#1762);
#1764 = CARTESIAN_POINT('',(92.10031842,0.02436322,0.00000000));
#1765 = VERTEX_POINT('',#1764);
#1766 = CARTESIAN_POINT('',(92.02982230,0.00613441,0.00000000));
#1767 = VERTEX_POINT('',#1766);
#1768 = CARTESIAN_POINT('',(91.95726637,0.00000000,0.00000000));
#1769 = VERTEX_POINT('',#1768);
#1770 = CARTESIAN_POINT('',(71.50580537,0.00000000,0.00000000));
#1771 = VERTEX_POINT('',#1770);
#1772 = CARTESIAN_POINT('',(71.44136406,0.00204826,0.00000000));
#1773 = VERTEX_POINT('',#1772);
#1774 = CARTESIAN_POINT('',(71.37834500,0.01566724,0.00000000));
#1775 = VERTEX_POINT('',#1774);
#1776 = CARTESIAN_POINT('',(71.31880852,0.04041167,0.00000000));
#1777 = VERTEX_POINT('',#1776);
#1778 = CARTESIAN_POINT('',(71.26470112,0.07547257,0.00000000));
#1779 = VERTEX_POINT('',#1778);
#1780 = CARTESIAN_POINT('',(71.21779175,0.11970367,0.00000000));
#1781 = VERTEX_POINT('',#1780);
#1782 = CARTESIAN_POINT('',(71.17961407,0.17165887,0.00000000));
#1783 = VERTEX_POINT('',#1782);
#1784 = CARTESIAN_POINT('',(71.15141626,0.22963958,0.00000000));
#1785 = VERTEX_POINT('',#1784);
#1786 = CARTESIAN_POINT('',(71.13412020,0.29175016,0.00000000));
#1787 = VERTEX_POINT('',#1786);
#1788 = CARTESIAN_POINT('',(71.12829137,0.35596000,0.00000000));
#1789 = VERTEX_POINT('',#1788);
#1790 = CARTESIAN_POINT('',(71.12829137,2.41336000,0.00000000));
#1791 = VERTEX_POINT('',#1790);
#1792 = CARTESIAN_POINT('',(71.12599107,2.43965475,0.00000000));
#1793 = VERTEX_POINT('',#1792);
#1794 = CARTESIAN_POINT('',(71.11915963,2.46515057,0.00000000));
#1795 = VERTEX_POINT('',#1794);
#1796 = CARTESIAN_POINT('',(71.10800463,2.48907276,0.00000000));
#1797 = VERTEX_POINT('',#1796);
#1798 = CARTESIAN_POINT('',(71.09286502,2.51069444,0.00000000));
#1799 = VERTEX_POINT('',#1798);
#1800 = CARTESIAN_POINT('',(71.07420082,2.52935865,0.00000000));
#1801 = VERTEX_POINT('',#1800);
#1802 = CARTESIAN_POINT('',(71.05257913,2.54449826,0.00000000));
#1803 = VERTEX_POINT('',#1802);
#1804 = CARTESIAN_POINT('',(71.02865694,2.55565326,0.00000000));
#1805 = VERTEX_POINT('',#1804);
#1806 = CARTESIAN_POINT('',(71.00316112,2.56248470,0.00000000));
#1807 = VERTEX_POINT('',#1806);
#1808 = CARTESIAN_POINT('',(70.97686637,2.56478500,0.00000000));
#1809 = VERTEX_POINT('',#1808);
#1810 = CARTESIAN_POINT('',(51.01246637,2.56478500,0.00000000));
#1811 = VERTEX_POINT('',#1810);
#1812 = CARTESIAN_POINT('',(50.95217839,2.57031854,0.00000000));
#1813 = VERTEX_POINT('',#1812);
#1814 = CARTESIAN_POINT('',(50.89390512,2.58673462,0.00000000));
#1815 = VERTEX_POINT('',#1814);
#1816 = CARTESIAN_POINT('',(50.83959400,2.61348464,0.00000000));
#1817 = VERTEX_POINT('',#1816);
#1818 = CARTESIAN_POINT('',(50.79106003,2.64967463,0.00000000));
#1819 = VERTEX_POINT('',#1818);
#1820 = CARTESIAN_POINT('',(50.74992517,2.69409517,0.00000000));
#1821 = VERTEX_POINT('',#1820);
#1822 = CARTESIAN_POINT('',(50.71756409,2.74526178,0.00000000));
#1823 = VERTEX_POINT('',#1822);
#1824 = CARTESIAN_POINT('',(50.69505827,2.80146453,0.00000000));
#1825 = VERTEX_POINT('',#1824);
#1826 = CARTESIAN_POINT('',(50.68315982,2.86082519,0.00000000));
#1827 = VERTEX_POINT('',#1826);
#1828 = CARTESIAN_POINT('',(50.68226637,2.92135300,0.00000000));
#1829 = VERTEX_POINT('',#1828);
#1830 = CARTESIAN_POINT('',(50.68226637,4.57236000,0.00000000));
#1831 = VERTEX_POINT('',#1830);
#1832 = CARTESIAN_POINT('',(50.67956540,4.60323473,0.00000000));
#1833 = VERTEX_POINT('',#1832);
#1834 = CARTESIAN_POINT('',(50.67154407,4.63317137,0.00000000));
#1835 = VERTEX_POINT('',#1834);
#1836 = CARTESIAN_POINT('',(50.65844611,4.66126030,0.00000000));
#1837 = VERTEX_POINT('',#1836);
#1838 = CARTESIAN_POINT('',(50.64066951,4.68664802,0.00000000));
#1839 = VERTEX_POINT('',#1838);
#1840 = CARTESIAN_POINT('',(50.61875439,4.70856313,0.00000000));
#1841 = VERTEX_POINT('',#1840);
#1842 = CARTESIAN_POINT('',(50.59336667,4.72633974,0.00000000));
#1843 = VERTEX_POINT('',#1842);
#1844 = CARTESIAN_POINT('',(50.56527775,4.73943770,0.00000000));
#1845 = VERTEX_POINT('',#1844);
#1846 = CARTESIAN_POINT('',(50.53534110,4.74745903,0.00000000));
#1847 = VERTEX_POINT('',#1846);
#1848 = CARTESIAN_POINT('',(50.50446637,4.75016000,0.00000000));
#1849 = VERTEX_POINT('',#1848);
#1850 = CARTESIAN_POINT('',(3.13346637,4.77556000,0.00000000));
#1851 = VERTEX_POINT('',#1850);
#1852 = CARTESIAN_POINT('',(3.10700240,4.77787534,0.00000000));
#1853 = VERTEX_POINT('',#1852);
#1854 = CARTESIAN_POINT('',(3.08134254,4.78475091,0.00000000));
#1855 = VERTEX_POINT('',#1854);
#1856 = CARTESIAN_POINT('',(3.05726642,4.79597780,0.00000000));
#1857 = VERTEX_POINT('',#1856);
#1858 = CARTESIAN_POINT('',(3.03550561,4.81121490,0.00000000));
#1859 = VERTEX_POINT('',#1858);
#1860 = CARTESIAN_POINT('',(3.01672127,4.82999924,0.00000000));
#1861 = VERTEX_POINT('',#1860);
#1862 = CARTESIAN_POINT('',(3.00148418,4.85176005,0.00000000));
#1863 = VERTEX_POINT('',#1862);
#1864 = CARTESIAN_POINT('',(2.99025728,4.87583616,0.00000000));
#1865 = VERTEX_POINT('',#1864);
#1866 = CARTESIAN_POINT('',(2.98338171,4.90149603,0.00000000));
#1867 = VERTEX_POINT('',#1866);
#1868 = CARTESIAN_POINT('',(2.98106637,4.92796000,0.00000000));
#1869 = VERTEX_POINT('',#1868);
#1870 = CARTESIAN_POINT('',(2.98106637,18.74556000,0.00000000));
#1871 = VERTEX_POINT('',#1870);
#1872 = CARTESIAN_POINT('',(2.82941744,19.60560385,0.00000000));
#1873 = VERTEX_POINT('',#1872);
#1874 = CARTESIAN_POINT('',(2.39276173,20.36191372,0.00000000));
#1875 = VERTEX_POINT('',#1874);
#1876 = CARTESIAN_POINT('',(1.72376637,20.92326748,0.00000000));
#1877 = VERTEX_POINT('',#1876);
#1878 = CARTESIAN_POINT('',(0.90312208,21.22195758,0.00000000));
#1879 = VERTEX_POINT('',#1878);
#1880 = CARTESIAN_POINT('',(0.43566637,21.22195758,0.00000000));
#1881 = VERTEX_POINT('',#1880);
#1882 = CARTESIAN_POINT('',(0.02981066,21.22195758,0.00000000));
#1883 = VERTEX_POINT('',#1882);
#1884 = CARTESIAN_POINT('',(0.00000000,52.56614831,0.00000000));
#1885 = DIRECTION('',(1.00000000,0.00000000,0.00000000));
#1886 = VECTOR('',#1885,0.43566637);
#1887 = LINE('',#1884,#1886);
#1888 = EDGE_CURVE('',#1531,#1533,#1887,.T.);
#1889 = CARTESIAN_POINT('',(0.43566637,52.56614831,0.00000000));
#1890 = DIRECTION('',(1.00000000,0.00000000,0.00000000));
#1891 = VECTOR('',#1890,0.44646637);
#1892 = LINE('',#1889,#1891);
#1893 = EDGE_CURVE('',#1533,#1535,#1892,.T.);
#1894 = CARTESIAN_POINT('',(0.88213274,52.56614831,0.00000000));
#1895 = DIRECTION('',(0.93969262,0.34202014,0.00000000));
#1896 = VECTOR('',#1895,0.88213274);
#1897 = LINE('',#1894,#1896);
#1898 = EDGE_CURVE('',#1535,#1537,#1897,.T.);
#1899 = CARTESIAN_POINT('',(1.71106637,52.86785547,0.00000000));
#1900 = DIRECTION('',(0.76604444,0.64278761,0.00000000));
#1901 = VECTOR('',#1900,0.88213274);
#1902 = LINE('',#1899,#1901);
#1903 = EDGE_CURVE('',#1537,#1539,#1902,.T.);
#1904 = CARTESIAN_POINT('',(2.38681926,53.43487947,0.00000000));
#1905 = DIRECTION('',(0.50000000,0.86602540,0.00000000));
#1906 = VECTOR('',#1905,0.88213274);
#1907 = LINE('',#1904,#1906);
#1908 = EDGE_CURVE('',#1539,#1541,#1907,.T.);
#1909 = CARTESIAN_POINT('',(2.82788563,54.19882884,0.00000000));
#1910 = DIRECTION('',(0.17364818,0.98480775,0.00000000));
#1911 = VECTOR('',#1910,0.88213274);
#1912 = LINE('',#1909,#1911);
#1913 = EDGE_CURVE('',#1541,#1543,#1912,.T.);
#1914 = CARTESIAN_POINT('',(2.98106637,55.06756000,0.00000000));
#1915 = DIRECTION('',(0.00000000,1.00000000,0.00000000));
#1916 = VECTOR('',#1915,5.00380000);
#1917 = LINE('',#1914,#1916);
#1918 = EDGE_CURVE('',#1543,#1545,#1917,.T.);
#1919 = CARTESIAN_POINT('',(2.98106637,60.07136000,0.00000000));
#1920 = DIRECTION('',(0.47603856,0.87942441,0.00000000));
#1921 = VECTOR('',#1920,39.60781243);
#1922 = LINE('',#1919,#1921);
#1923 = EDGE_CURVE('',#1545,#1547,#1922,.T.);
#1924 = CARTESIAN_POINT('',(21.83591237,94.90343700,0.00000000));
#1925 = DIRECTION('',(0.50132972,0.86525633,0.00000000));
#1926 = VECTOR('',#1925,0.00936783);
#1927 = LINE('',#1924,#1926);
#1928 = EDGE_CURVE('',#1547,#1549,#1927,.T.);
#1929 = CARTESIAN_POINT('',(21.84060874,94.91154257,0.00000000));
#1930 = DIRECTION('',(0.60371684,0.79719883,0.00000000));
#1931 = VECTOR('',#1930,0.00936783);
#1932 = LINE('',#1929,#1931);
#1933 = EDGE_CURVE('',#1549,#1551,#1932,.T.);
#1934 = CARTESIAN_POINT('',(21.84626425,94.91901059,0.00000000));
#1935 = DIRECTION('',(0.69697881,0.71709172,0.00000000));
#1936 = VECTOR('',#1935,0.00936783);
#1937 = LINE('',#1934,#1936);
#1938 = EDGE_CURVE('',#1551,#1553,#1937,.T.);
#1939 = CARTESIAN_POINT('',(21.85279343,94.92572818,0.00000000));
#1940 = DIRECTION('',(0.77970599,0.62614581,0.00000000));
#1941 = VECTOR('',#1940,0.00936783);
#1942 = LINE('',#1939,#1941);
#1943 = EDGE_CURVE('',#1553,#1555,#1942,.T.);
#1944 = CARTESIAN_POINT('',(21.86009758,94.93159381,0.00000000));
#1945 = DIRECTION('',(0.85064795,0.52573574,0.00000000));
#1946 = VECTOR('',#1945,0.00936783);
#1947 = LINE('',#1944,#1946);
#1948 = EDGE_CURVE('',#1555,#1557,#1947,.T.);
#1949 = CARTESIAN_POINT('',(21.86806630,94.93651881,0.00000000));
#1950 = DIRECTION('',(0.90873242,0.41737919,0.00000000));
#1951 = VECTOR('',#1950,0.00936783);
#1952 = LINE('',#1949,#1951);
#1953 = EDGE_CURVE('',#1557,#1559,#1952,.T.);
#1954 = CARTESIAN_POINT('',(21.87657915,94.94042874,0.00000000));
#1955 = DIRECTION('',(0.95308144,0.30271399,0.00000000));
#1956 = VECTOR('',#1955,0.00936783);
#1957 = LINE('',#1954,#1956);
#1958 = EDGE_CURVE('',#1559,#1561,#1957,.T.);
#1959 = CARTESIAN_POINT('',(21.88550745,94.94326451,0.00000000));
#1960 = DIRECTION('',(0.98302470,0.18347328,0.00000000));
#1961 = VECTOR('',#1960,0.00936783);
#1962 = LINE('',#1959,#1961);
#1963 = EDGE_CURVE('',#1561,#1563,#1962,.T.);
#1964 = CARTESIAN_POINT('',(21.89471625,94.94498326,0.00000000));
#1965 = DIRECTION('',(0.99810303,0.06156569,0.00000000));
#1966 = VECTOR('',#1965,0.00936789);
#1967 = LINE('',#1964,#1966);
#1968 = EDGE_CURVE('',#1563,#1565,#1967,.T.);
#1969 = CARTESIAN_POINT('',(21.90406637,94.94556000,0.00000000));
#1970 = DIRECTION('',(0.87753525,-0.47951214,0.00000000));
#1971 = VECTOR('',#1970,18.66300195);
#1972 = LINE('',#1969,#1971);
#1973 = EDGE_CURVE('',#1565,#1567,#1972,.T.);
#1974 = CARTESIAN_POINT('',(38.28150837,85.99642400,0.00000000));
#1975 = DIRECTION('',(0.84973769,-0.52720571,0.00000000));
#1976 = VECTOR('',#1975,0.00663675);
#1977 = LINE('',#1974,#1976);
#1978 = EDGE_CURVE('',#1567,#1569,#1977,.T.);
#1979 = CARTESIAN_POINT('',(38.28714787,85.99292507,0.00000000));
#1980 = DIRECTION('',(0.88234104,-0.47061054,0.00000000));
#1981 = VECTOR('',#1980,0.00663675);
#1982 = LINE('',#1979,#1981);
#1983 = EDGE_CURVE('',#1569,#1571,#1982,.T.);
#1984 = CARTESIAN_POINT('',(38.29300375,85.98980174,0.00000000));
#1985 = DIRECTION('',(0.91118034,-0.41200775,0.00000000));
#1986 = VECTOR('',#1985,0.00663675);
#1987 = LINE('',#1984,#1986);
#1988 = EDGE_CURVE('',#1571,#1573,#1987,.T.);
#1989 = CARTESIAN_POINT('',(38.29905103,85.98706735,0.00000000));
#1990 = DIRECTION('',(0.93613255,-0.35164734,0.00000000));
#1991 = VECTOR('',#1990,0.00663675);
#1992 = LINE('',#1989,#1991);
#1993 = EDGE_CURVE('',#1573,#1575,#1992,.T.);
#1994 = CARTESIAN_POINT('',(38.30526391,85.98473355,0.00000000));
#1995 = DIRECTION('',(0.95709122,-0.28978680,0.00000000));
#1996 = VECTOR('',#1995,0.00663675);
#1997 = LINE('',#1994,#1996);
#1998 = EDGE_CURVE('',#1575,#1577,#1997,.T.);
#1999 = CARTESIAN_POINT('',(38.31161589,85.98281031,0.00000000));
#2000 = DIRECTION('',(0.97396695,-0.22669004,0.00000000));
#2001 = VECTOR('',#2000,0.00663675);
#2002 = LINE('',#1999,#2001);
#2003 = EDGE_CURVE('',#1577,#1579,#2002,.T.);
#2004 = CARTESIAN_POINT('',(38.31807987,85.98130582,0.00000000));
#2005 = DIRECTION('',(0.98668775,-0.16262622,0.00000000));
#2006 = VECTOR('',#2005,0.00663675);
#2007 = LINE('',#2004,#2006);
#2008 = EDGE_CURVE('',#1579,#1581,#2007,.T.);
#2009 = CARTESIAN_POINT('',(38.32462827,85.98022651,0.00000000));
#2010 = DIRECTION('',(0.99519934,-0.09786863,0.00000000));
#2011 = VECTOR('',#2010,0.00663675);
#2012 = LINE('',#2009,#2011);
#2013 = EDGE_CURVE('',#1581,#1583,#2012,.T.);
#2014 = CARTESIAN_POINT('',(38.33123317,85.97957698,0.00000000));
#2015 = DIRECTION('',(0.99946542,-0.03269354,0.00000000));
#2016 = VECTOR('',#2015,0.00663675);
#2017 = LINE('',#2014,#2016);
#2018 = EDGE_CURVE('',#1583,#1585,#2017,.T.);
#2019 = CARTESIAN_POINT('',(38.33786637,85.97936000,0.00000000));
#2020 = DIRECTION('',(0.99629419,-0.08601101,0.00000000));
#2021 = VECTOR('',#2020,7.08746482);
#2022 = LINE('',#2019,#2021);
#2023 = EDGE_CURVE('',#1585,#1587,#2022,.T.);
#2024 = CARTESIAN_POINT('',(45.39906637,85.36976000,0.00000000));
#2025 = DIRECTION('',(0.99617252,-0.08740890,0.00000000));
#2026 = VECTOR('',#2025,35.16117881);
#2027 = LINE('',#2024,#2026);
#2028 = EDGE_CURVE('',#1587,#1589,#2027,.T.);
#2029 = CARTESIAN_POINT('',(80.42566637,82.29636000,0.00000000));
#2030 = DIRECTION('',(0.57782378,-0.81616155,0.00000000));
#2031 = VECTOR('',#2030,21.84714524);
#2032 = LINE('',#2029,#2031);
#2033 = EDGE_CURVE('',#1589,#1591,#2032,.T.);
#2034 = CARTESIAN_POINT('',(93.04946637,64.46556000,0.00000000));
#2035 = DIRECTION('',(0.08715323,-0.99619492,0.00000000));
#2036 = VECTOR('',#2035,0.06641273);
#2037 = LINE('',#2034,#2036);
#2038 = EDGE_CURVE('',#1591,#1593,#2037,.T.);
#2039 = CARTESIAN_POINT('',(93.05525446,64.39939998,0.00000000));
#2040 = DIRECTION('',(0.25881722,-0.96592632,0.00000000));
#2041 = VECTOR('',#2040,0.06641273);
#2042 = LINE('',#2039,#2041);
#2043 = EDGE_CURVE('',#1593,#1595,#2042,.T.);
#2044 = CARTESIAN_POINT('',(93.07244321,64.33525018,0.00000000));
#2045 = DIRECTION('',(0.42261712,-0.90630832,0.00000000));
#2046 = VECTOR('',#2045,0.06641273);
#2047 = LINE('',#2044,#2046);
#2048 = EDGE_CURVE('',#1595,#1597,#2047,.T.);
#2049 = CARTESIAN_POINT('',(93.10051037,64.27505977,0.00000000));
#2050 = DIRECTION('',(0.57357592,-0.81915241,0.00000000));
#2051 = VECTOR('',#2050,0.06641273);
#2052 = LINE('',#2049,#2051);
#2053 = EDGE_CURVE('',#1597,#1599,#2052,.T.);
#2054 = CARTESIAN_POINT('',(93.13860311,64.22065763,0.00000000));
#2055 = DIRECTION('',(0.70710678,-0.70710678,0.00000000));
#2056 = VECTOR('',#2055,0.06641273);
#2057 = LINE('',#2054,#2056);
#2058 = EDGE_CURVE('',#1599,#1601,#2057,.T.);
#2059 = CARTESIAN_POINT('',(93.18556400,64.17369674,0.00000000));
#2060 = DIRECTION('',(0.81915241,-0.57357592,0.00000000));
#2061 = VECTOR('',#2060,0.06641273);
#2062 = LINE('',#2059,#2061);
#2063 = EDGE_CURVE('',#1601,#1603,#2062,.T.);
#2064 = CARTESIAN_POINT('',(93.23996614,64.13560400,0.00000000));
#2065 = DIRECTION('',(0.90630832,-0.42261712,0.00000000));
#2066 = VECTOR('',#2065,0.06641273);
#2067 = LINE('',#2064,#2066);
#2068 = EDGE_CURVE('',#1603,#1605,#2067,.T.);
#2069 = CARTESIAN_POINT('',(93.30015655,64.10753684,0.00000000));
#2070 = DIRECTION('',(0.96592632,-0.25881722,0.00000000));
#2071 = VECTOR('',#2070,0.06641273);
#2072 = LINE('',#2069,#2071);
#2073 = EDGE_CURVE('',#1605,#1607,#2072,.T.);
#2074 = CARTESIAN_POINT('',(93.36430635,64.09034808,0.00000000));
#2075 = DIRECTION('',(0.99619492,-0.08715323,0.00000000));
#2076 = VECTOR('',#2075,0.06641273);
#2077 = LINE('',#2074,#2076);
#2078 = EDGE_CURVE('',#1607,#1609,#2077,.T.);
#2079 = CARTESIAN_POINT('',(93.43046637,64.08456000,0.00000000));
#2080 = DIRECTION('',(1.00000000,0.00000000,0.00000000));
#2081 = VECTOR('',#2080,49.88560000);
#2082 = LINE('',#2079,#2081);
#2083 = EDGE_CURVE('',#1609,#1611,#2082,.T.);
#2084 = CARTESIAN_POINT('',(143.31606637,64.08456000,0.00000000));
#2085 = DIRECTION('',(0.99619497,0.08715262,0.00000000));
#2086 = VECTOR('',#2085,0.05755771);
#2087 = LINE('',#2084,#2086);
#2088 = EDGE_CURVE('',#1611,#1613,#2087,.T.);
#2089 = CARTESIAN_POINT('',(143.37340507,64.08957631,0.00000000));
#2090 = DIRECTION('',(0.96592643,0.25881678,0.00000000));
#2091 = VECTOR('',#2090,0.05755771);
#2092 = LINE('',#2089,#2091);
#2093 = EDGE_CURVE('',#1613,#1615,#2092,.T.);
#2094 = CARTESIAN_POINT('',(143.42900158,64.10447321,0.00000000));
#2095 = DIRECTION('',(0.90630845,0.42261684,0.00000000));
#2096 = VECTOR('',#2095,0.05755771);
#2097 = LINE('',#2094,#2096);
#2098 = EDGE_CURVE('',#1615,#1617,#2097,.T.);
#2099 = CARTESIAN_POINT('',(143.48116662,64.12879806,0.00000000));
#2100 = DIRECTION('',(0.81915249,0.57357579,0.00000000));
#2101 = VECTOR('',#2100,0.05755771);
#2102 = LINE('',#2099,#2101);
#2103 = EDGE_CURVE('',#1617,#1619,#2102,.T.);
#2104 = CARTESIAN_POINT('',(143.52831516,64.16181177,0.00000000));
#2105 = DIRECTION('',(0.70710678,0.70710678,0.00000000));
#2106 = VECTOR('',#2105,0.05755771);
#2107 = LINE('',#2104,#2106);
#2108 = EDGE_CURVE('',#1619,#1621,#2107,.T.);
#2109 = CARTESIAN_POINT('',(143.56901460,64.20251121,0.00000000));
#2110 = DIRECTION('',(0.57357580,0.81915249,0.00000000));
#2111 = VECTOR('',#2110,0.05755771);
#2112 = LINE('',#2109,#2111);
#2113 = EDGE_CURVE('',#1621,#1623,#2112,.T.);
#2114 = CARTESIAN_POINT('',(143.60202831,64.24965975,0.00000000));
#2115 = DIRECTION('',(0.42261684,0.90630845,0.00000000));
#2116 = VECTOR('',#2115,0.05755771);
#2117 = LINE('',#2114,#2116);
#2118 = EDGE_CURVE('',#1623,#1625,#2117,.T.);
#2119 = CARTESIAN_POINT('',(143.62635317,64.30182479,0.00000000));
#2120 = DIRECTION('',(0.25881678,0.96592643,0.00000000));
#2121 = VECTOR('',#2120,0.05755771);
#2122 = LINE('',#2119,#2121);
#2123 = EDGE_CURVE('',#1625,#1627,#2122,.T.);
#2124 = CARTESIAN_POINT('',(143.64125007,64.35742130,0.00000000));
#2125 = DIRECTION('',(0.08715262,0.99619497,0.00000000));
#2126 = VECTOR('',#2125,0.05755771);
#2127 = LINE('',#2124,#2126);
#2128 = EDGE_CURVE('',#1627,#1629,#2127,.T.);
#2129 = CARTESIAN_POINT('',(143.64626637,64.41476000,0.00000000));
#2130 = DIRECTION('',(0.08715540,0.99619473,0.00000000));
#2131 = VECTOR('',#2130,0.58443161);
#2132 = LINE('',#2129,#2131);
#2133 = EDGE_CURVE('',#1629,#1631,#2132,.T.);
#2134 = CARTESIAN_POINT('',(143.69720274,64.99696769,0.00000000));
#2135 = DIRECTION('',(0.25881879,0.96592589,0.00000000));
#2136 = VECTOR('',#2135,0.58443161);
#2137 = LINE('',#2134,#2136);
#2138 = EDGE_CURVE('',#1631,#1633,#2137,.T.);
#2139 = CARTESIAN_POINT('',(143.84846462,65.56148531,0.00000000));
#2140 = DIRECTION('',(0.42261810,0.90630786,0.00000000));
#2141 = VECTOR('',#2140,0.58443161);
#2142 = LINE('',#2139,#2141);
#2143 = EDGE_CURVE('',#1633,#1635,#2142,.T.);
#2144 = CARTESIAN_POINT('',(144.09545600,66.09116028,0.00000000));
#2145 = DIRECTION('',(0.57357637,0.81915209,0.00000000));
#2146 = VECTOR('',#2145,0.58443161);
#2147 = LINE('',#2144,#2146);
#2148 = EDGE_CURVE('',#1635,#1637,#2147,.T.);
#2149 = CARTESIAN_POINT('',(144.43067216,66.56989865,0.00000000));
#2150 = DIRECTION('',(0.70710678,0.70710678,0.00000000));
#2151 = VECTOR('',#2150,0.58443161);
#2152 = LINE('',#2149,#2151);
#2153 = EDGE_CURVE('',#1637,#1639,#2152,.T.);
#2154 = CARTESIAN_POINT('',(144.84392772,66.98315421,0.00000000));
#2155 = DIRECTION('',(0.81915209,0.57357637,0.00000000));
#2156 = VECTOR('',#2155,0.58443161);
#2157 = LINE('',#2154,#2156);
#2158 = EDGE_CURVE('',#1639,#1641,#2157,.T.);
#2159 = CARTESIAN_POINT('',(145.32266609,67.31837037,0.00000000));
#2160 = DIRECTION('',(0.90630786,0.42261810,0.00000000));
#2161 = VECTOR('',#2160,0.58443161);
#2162 = LINE('',#2159,#2161);
#2163 = EDGE_CURVE('',#1641,#1643,#2162,.T.);
#2164 = CARTESIAN_POINT('',(145.85234106,67.56536175,0.00000000));
#2165 = DIRECTION('',(0.96592589,0.25881879,0.00000000));
#2166 = VECTOR('',#2165,0.58443161);
#2167 = LINE('',#2164,#2166);
#2168 = EDGE_CURVE('',#1643,#1645,#2167,.T.);
#2169 = CARTESIAN_POINT('',(146.41685868,67.71662363,0.00000000));
#2170 = DIRECTION('',(0.99619473,0.08715540,0.00000000));
#2171 = VECTOR('',#2170,0.58443161);
#2172 = LINE('',#2169,#2171);
#2173 = EDGE_CURVE('',#1645,#1647,#2172,.T.);
#2174 = CARTESIAN_POINT('',(146.99906637,67.76756000,0.00000000));
#2175 = DIRECTION('',(1.00000000,0.00000000,0.00000000));
#2176 = VECTOR('',#2175,7.74676300);
#2177 = LINE('',#2174,#2176);
#2178 = EDGE_CURVE('',#1647,#1649,#2177,.T.);
#2179 = CARTESIAN_POINT('',(154.74582937,67.76756000,0.00000000));
#2180 = DIRECTION('',(0.00000000,-1.00000000,0.00000000));
#2181 = VECTOR('',#2180,60.65520000);
#2182 = LINE('',#2179,#2181);
#2183 = EDGE_CURVE('',#1649,#1651,#2182,.T.);
#2184 = CARTESIAN_POINT('',(154.74582937,7.11236000,0.00000000));
#2185 = DIRECTION('',(-0.08715577,-0.99619470,0.00000000));
#2186 = VECTOR('',#2185,0.03095127);
#2187 = LINE('',#2184,#2186);
#2188 = EDGE_CURVE('',#1651,#1653,#2187,.T.);
#2189 = CARTESIAN_POINT('',(154.74313179,7.08152651,0.00000000));
#2190 = DIRECTION('',(-0.25881906,-0.96592582,0.00000000));
#2191 = VECTOR('',#2190,0.03095127);
#2192 = LINE('',#2189,#2191);
#2193 = EDGE_CURVE('',#1653,#1655,#2192,.T.);
#2194 = CARTESIAN_POINT('',(154.73512101,7.05162988,0.00000000));
#2195 = DIRECTION('',(-0.42261827,-0.90630778,0.00000000));
#2196 = VECTOR('',#2195,0.03095127);
#2197 = LINE('',#2194,#2196);
#2198 = EDGE_CURVE('',#1655,#1657,#2197,.T.);
#2199 = CARTESIAN_POINT('',(154.72204044,7.02357850,0.00000000));
#2200 = DIRECTION('',(-0.57357644,-0.81915204,0.00000000));
#2201 = VECTOR('',#2200,0.03095127);
#2202 = LINE('',#2199,#2201);
#2203 = EDGE_CURVE('',#1657,#1659,#2202,.T.);
#2204 = CARTESIAN_POINT('',(154.70428752,6.99822470,0.00000000));
#2205 = DIRECTION('',(-0.70710678,-0.70710678,0.00000000));
#2206 = VECTOR('',#2205,0.03095127);
#2207 = LINE('',#2204,#2206);
#2208 = EDGE_CURVE('',#1659,#1661,#2207,.T.);
#2209 = CARTESIAN_POINT('',(154.68240167,6.97633885,0.00000000));
#2210 = DIRECTION('',(-0.81915204,-0.57357644,0.00000000));
#2211 = VECTOR('',#2210,0.03095127);
#2212 = LINE('',#2209,#2211);
#2213 = EDGE_CURVE('',#1661,#1663,#2212,.T.);
#2214 = CARTESIAN_POINT('',(154.65704787,6.95858593,0.00000000));
#2215 = DIRECTION('',(-0.90630778,-0.42261827,0.00000000));
#2216 = VECTOR('',#2215,0.03095127);
#2217 = LINE('',#2214,#2216);
#2218 = EDGE_CURVE('',#1663,#1665,#2217,.T.);
#2219 = CARTESIAN_POINT('',(154.62899649,6.94550536,0.00000000));
#2220 = DIRECTION('',(-0.96592582,-0.25881906,0.00000000));
#2221 = VECTOR('',#2220,0.03095127);
#2222 = LINE('',#2219,#2221);
#2223 = EDGE_CURVE('',#1665,#1667,#2222,.T.);
#2224 = CARTESIAN_POINT('',(154.59909986,6.93749458,0.00000000));
#2225 = DIRECTION('',(-0.99619470,-0.08715576,0.00000000));
#2226 = VECTOR('',#2225,0.03095127);
#2227 = LINE('',#2224,#2226);
#2228 = EDGE_CURVE('',#1667,#1669,#2227,.T.);
#2229 = CARTESIAN_POINT('',(154.56826637,6.93479700,0.00000000));
#2230 = DIRECTION('',(-0.99999996,-0.00027668,0.00000000));
#2231 = VECTOR('',#2230,20.75316879);
#2232 = LINE('',#2229,#2231);
#2233 = EDGE_CURVE('',#1669,#1671,#2232,.T.);
#2234 = CARTESIAN_POINT('',(133.81509837,6.92905500,0.00000000));
#2235 = DIRECTION('',(-0.37378780,-0.92751425,0.00000000));
#2236 = VECTOR('',#2235,1.23643857);
#2237 = LINE('',#2234,#2236);
#2238 = EDGE_CURVE('',#1671,#1673,#2237,.T.);
#2239 = CARTESIAN_POINT('',(133.35293271,5.78224061,0.00000000));
#2240 = DIRECTION('',(-0.62894297,-0.77745144,0.00000000));
#2241 = VECTOR('',#2240,1.23643857);
#2242 = LINE('',#2239,#2241);
#2243 = EDGE_CURVE('',#1673,#1675,#2242,.T.);
#2244 = CARTESIAN_POINT('',(132.57528337,4.82096967,0.00000000));
#2245 = DIRECTION('',(-0.82898826,-0.55926601,0.00000000));
#2246 = VECTOR('',#2245,1.23643857);
#2247 = LINE('',#2244,#2246);
#2248 = EDGE_CURVE('',#1675,#1677,#2247,.T.);
#2249 = CARTESIAN_POINT('',(131.55029032,4.12947160,0.00000000));
#2250 = DIRECTION('',(-0.95639511,-0.29207601,0.00000000));
#2251 = VECTOR('',#2250,1.23643857);
#2252 = LINE('',#2249,#2251);
#2253 = EDGE_CURVE('',#1677,#1679,#2252,.T.);
#2254 = CARTESIAN_POINT('',(130.36776653,3.76833756,0.00000000));
#2255 = DIRECTION('',(-0.99999975,0.00070657,0.00000000));
#2256 = VECTOR('',#2255,1.23643857);
#2257 = LINE('',#2254,#2256);
#2258 = EDGE_CURVE('',#1679,#1681,#2257,.T.);
#2259 = CARTESIAN_POINT('',(129.13132827,3.76921119,0.00000000));
#2260 = DIRECTION('',(-0.95598141,0.29342723,0.00000000));
#2261 = VECTOR('',#2260,1.23643857);
#2262 = LINE('',#2259,#2261);
#2263 = EDGE_CURVE('',#1681,#1683,#2262,.T.);
#2264 = CARTESIAN_POINT('',(127.94931598,4.13201593,0.00000000));
#2265 = DIRECTION('',(-0.82819711,0.56043692,0.00000000));
#2266 = VECTOR('',#2265,1.23643857);
#2267 = LINE('',#2264,#2266);
#2268 = EDGE_CURVE('',#1683,#1685,#2267,.T.);
#2269 = CARTESIAN_POINT('',(126.92530113,4.82496175,0.00000000));
#2270 = DIRECTION('',(-0.62784370,0.77833944,0.00000000));
#2271 = VECTOR('',#2270,1.23643857);
#2272 = LINE('',#2269,#2271);
#2273 = EDGE_CURVE('',#1685,#1687,#2272,.T.);
#2274 = CARTESIAN_POINT('',(126.14901097,5.78733066,0.00000000));
#2275 = DIRECTION('',(-0.37247673,0.92804153,0.00000000));
#2276 = VECTOR('',#2275,1.23643857);
#2277 = LINE('',#2274,#2276);
#2278 = EDGE_CURVE('',#1687,#1689,#2277,.T.);
#2279 = CARTESIAN_POINT('',(125.68846637,6.93479700,0.00000000));
#2280 = DIRECTION('',(-1.00000000,0.00000000,0.00000000));
#2281 = VECTOR('',#2280,13.81760000);
#2282 = LINE('',#2279,#2281);
#2283 = EDGE_CURVE('',#1689,#1691,#2282,.T.);
#2284 = CARTESIAN_POINT('',(111.87086637,6.93479700,0.00000000));
#2285 = DIRECTION('',(-0.99619500,-0.08715226,0.00000000));
#2286 = VECTOR('',#2285,0.04431648);
#2287 = LINE('',#2284,#2286);
#2288 = EDGE_CURVE('',#1691,#1693,#2287,.T.);
#2289 = CARTESIAN_POINT('',(111.82671852,6.93093472,0.00000000));
#2290 = DIRECTION('',(-0.96592651,-0.25881651,0.00000000));
#2291 = VECTOR('',#2290,0.04431648);
#2292 = LINE('',#2289,#2291);
#2293 = EDGE_CURVE('',#1693,#1695,#2292,.T.);
#2294 = CARTESIAN_POINT('',(111.78391206,6.91946488,0.00000000));
#2295 = DIRECTION('',(-0.90630853,-0.42261668,0.00000000));
#2296 = VECTOR('',#2295,0.04431648);
#2297 = LINE('',#2294,#2296);
#2298 = EDGE_CURVE('',#1695,#1697,#2297,.T.);
#2299 = CARTESIAN_POINT('',(111.74374766,6.90073600,0.00000000));
#2300 = DIRECTION('',(-0.81915255,-0.57357572,0.00000000));
#2301 = VECTOR('',#2300,0.04431648);
#2302 = LINE('',#2299,#2301);
#2303 = EDGE_CURVE('',#1697,#1699,#2302,.T.);
#2304 = CARTESIAN_POINT('',(111.70744571,6.87531715,0.00000000));
#2305 = DIRECTION('',(-0.70710678,-0.70710678,0.00000000));
#2306 = VECTOR('',#2305,0.04431648);
#2307 = LINE('',#2304,#2306);
#2308 = EDGE_CURVE('',#1699,#1701,#2307,.T.);
#2309 = CARTESIAN_POINT('',(111.67610922,6.84398067,0.00000000));
#2310 = DIRECTION('',(-0.57357572,-0.81915255,0.00000000));
#2311 = VECTOR('',#2310,0.04431648);
#2312 = LINE('',#2309,#2311);
#2313 = EDGE_CURVE('',#1701,#1703,#2312,.T.);
#2314 = CARTESIAN_POINT('',(111.65069037,6.80767871,0.00000000));
#2315 = DIRECTION('',(-0.42261668,-0.90630853,0.00000000));
#2316 = VECTOR('',#2315,0.04431648);
#2317 = LINE('',#2314,#2316);
#2318 = EDGE_CURVE('',#1703,#1705,#2317,.T.);
#2319 = CARTESIAN_POINT('',(111.63196149,6.76751431,0.00000000));
#2320 = DIRECTION('',(-0.25881651,-0.96592651,0.00000000));
#2321 = VECTOR('',#2320,0.04431648);
#2322 = LINE('',#2319,#2321);
#2323 = EDGE_CURVE('',#1705,#1707,#2322,.T.);
#2324 = CARTESIAN_POINT('',(111.62049165,6.72470785,0.00000000));
#2325 = DIRECTION('',(-0.08715226,-0.99619500,0.00000000));
#2326 = VECTOR('',#2325,0.04431648);
#2327 = LINE('',#2324,#2326);
#2328 = EDGE_CURVE('',#1707,#1709,#2327,.T.);
#2329 = CARTESIAN_POINT('',(111.61662937,6.68056000,0.00000000));
#2330 = DIRECTION('',(0.00000000,-1.00000000,0.00000000));
#2331 = VECTOR('',#2330,3.88620000);
#2332 = LINE('',#2329,#2331);
#2333 = EDGE_CURVE('',#1709,#1711,#2332,.T.);
#2334 = CARTESIAN_POINT('',(111.61662937,2.79436000,0.00000000));
#2335 = DIRECTION('',(-0.08716546,-0.99619385,0.00000000));
#2336 = VECTOR('',#2335,0.02652368);
#2337 = LINE('',#2334,#2336);
#2338 = EDGE_CURVE('',#1711,#1713,#2337,.T.);
#2339 = CARTESIAN_POINT('',(111.61431742,2.76793727,0.00000000));
#2340 = DIRECTION('',(-0.25882611,-0.96592393,0.00000000));
#2341 = VECTOR('',#2340,0.02652368);
#2342 = LINE('',#2339,#2341);
#2343 = EDGE_CURVE('',#1713,#1715,#2342,.T.);
#2344 = CARTESIAN_POINT('',(111.60745240,2.74231742,0.00000000));
#2345 = DIRECTION('',(-0.42262268,-0.90630573,0.00000000));
#2346 = VECTOR('',#2345,0.02652368);
#2347 = LINE('',#2344,#2346);
#2348 = EDGE_CURVE('',#1715,#1717,#2347,.T.);
#2349 = CARTESIAN_POINT('',(111.59624289,2.71827885,0.00000000));
#2350 = DIRECTION('',(-0.57357843,-0.81915065,0.00000000));
#2351 = VECTOR('',#2350,0.02652368);
#2352 = LINE('',#2349,#2351);
#2353 = EDGE_CURVE('',#1717,#1719,#2352,.T.);
#2354 = CARTESIAN_POINT('',(111.58102948,2.69655196,0.00000000));
#2355 = DIRECTION('',(-0.70710678,-0.70710678,0.00000000));
#2356 = VECTOR('',#2355,0.02652368);
#2357 = LINE('',#2354,#2356);
#2358 = EDGE_CURVE('',#1719,#1721,#2357,.T.);
#2359 = CARTESIAN_POINT('',(111.56227441,2.67779689,0.00000000));
#2360 = DIRECTION('',(-0.81915065,-0.57357843,0.00000000));
#2361 = VECTOR('',#2360,0.02652368);
#2362 = LINE('',#2359,#2361);
#2363 = EDGE_CURVE('',#1721,#1723,#2362,.T.);
#2364 = CARTESIAN_POINT('',(111.54054752,2.66258348,0.00000000));
#2365 = DIRECTION('',(-0.90630573,-0.42262268,0.00000000));
#2366 = VECTOR('',#2365,0.02652368);
#2367 = LINE('',#2364,#2366);
#2368 = EDGE_CURVE('',#1723,#1725,#2367,.T.);
#2369 = CARTESIAN_POINT('',(111.51650896,2.65137397,0.00000000));
#2370 = DIRECTION('',(-0.96592393,-0.25882611,0.00000000));
#2371 = VECTOR('',#2370,0.02652368);
#2372 = LINE('',#2369,#2371);
#2373 = EDGE_CURVE('',#1725,#1727,#2372,.T.);
#2374 = CARTESIAN_POINT('',(111.49088910,2.64450895,0.00000000));
#2375 = DIRECTION('',(-0.99619385,-0.08716547,0.00000000));
#2376 = VECTOR('',#2375,0.02652368);
#2377 = LINE('',#2374,#2376);
#2378 = EDGE_CURVE('',#1727,#1729,#2377,.T.);
#2379 = CARTESIAN_POINT('',(111.46446637,2.64219700,0.00000000));
#2380 = DIRECTION('',(-1.00000000,0.00000000,0.00000000));
#2381 = VECTOR('',#2380,18.84680000);
#2382 = LINE('',#2379,#2381);
#2383 = EDGE_CURVE('',#1729,#1731,#2382,.T.);
#2384 = CARTESIAN_POINT('',(92.61766637,2.64219700,0.00000000));
#2385 = DIRECTION('',(-0.99619447,-0.08715831,0.00000000));
#2386 = VECTOR('',#2385,0.03988889);
#2387 = LINE('',#2384,#2386);
#2388 = EDGE_CURVE('',#1731,#1733,#2387,.T.);
#2389 = CARTESIAN_POINT('',(92.57792928,2.63872035,0.00000000));
#2390 = DIRECTION('',(-0.96592533,-0.25882091,0.00000000));
#2391 = VECTOR('',#2390,0.03988889);
#2392 = LINE('',#2389,#2391);
#2393 = EDGE_CURVE('',#1733,#1735,#2392,.T.);
#2394 = CARTESIAN_POINT('',(92.53939960,2.62839627,0.00000000));
#2395 = DIRECTION('',(-0.90630724,-0.42261943,0.00000000));
#2396 = VECTOR('',#2395,0.03988889);
#2397 = LINE('',#2394,#2396);
#2398 = EDGE_CURVE('',#1735,#1737,#2397,.T.);
#2399 = CARTESIAN_POINT('',(92.50324801,2.61153846,0.00000000));
#2400 = DIRECTION('',(-0.81915167,-0.57357696,0.00000000));
#2401 = VECTOR('',#2400,0.03988889);
#2402 = LINE('',#2399,#2401);
#2403 = EDGE_CURVE('',#1737,#1739,#2402,.T.);
#2404 = CARTESIAN_POINT('',(92.47057296,2.58865911,0.00000000));
#2405 = DIRECTION('',(-0.70710678,-0.70710678,0.00000000));
#2406 = VECTOR('',#2405,0.03988889);
#2407 = LINE('',#2404,#2406);
#2408 = EDGE_CURVE('',#1739,#1741,#2407,.T.);
#2409 = CARTESIAN_POINT('',(92.44236726,2.56045341,0.00000000));
#2410 = DIRECTION('',(-0.57357696,-0.81915167,0.00000000));
#2411 = VECTOR('',#2410,0.03988889);
#2412 = LINE('',#2409,#2411);
#2413 = EDGE_CURVE('',#1741,#1743,#2412,.T.);
#2414 = CARTESIAN_POINT('',(92.41948792,2.52777836,0.00000000));
#2415 = DIRECTION('',(-0.42261943,-0.90630724,0.00000000));
#2416 = VECTOR('',#2415,0.03988889);
#2417 = LINE('',#2414,#2416);
#2418 = EDGE_CURVE('',#1743,#1745,#2417,.T.);
#2419 = CARTESIAN_POINT('',(92.40263010,2.49162677,0.00000000));
#2420 = DIRECTION('',(-0.25882091,-0.96592533,0.00000000));
#2421 = VECTOR('',#2420,0.03988889);
#2422 = LINE('',#2419,#2421);
#2423 = EDGE_CURVE('',#1745,#1747,#2422,.T.);
#2424 = CARTESIAN_POINT('',(92.39230602,2.45309709,0.00000000));
#2425 = DIRECTION('',(-0.08715832,-0.99619447,0.00000000));
#2426 = VECTOR('',#2425,0.03988889);
#2427 = LINE('',#2424,#2426);
#2428 = EDGE_CURVE('',#1747,#1749,#2427,.T.);
#2429 = CARTESIAN_POINT('',(92.38882937,2.41336000,0.00000000));
#2430 = DIRECTION('',(0.00000000,-1.00000000,0.00000000));
#2431 = VECTOR('',#2430,2.00391400);
#2432 = LINE('',#2429,#2431);
#2433 = EDGE_CURVE('',#1749,#1751,#2432,.T.);
#2434 = CARTESIAN_POINT('',(92.38882937,0.40944600,0.00000000));
#2435 = DIRECTION('',(-0.13650343,-0.99063960,0.00000000));
#2436 = VECTOR('',#2435,0.07281479);
#2437 = LINE('',#2434,#2436);
#2438 = EDGE_CURVE('',#1751,#1753,#2437,.T.);
#2439 = CARTESIAN_POINT('',(92.37888990,0.33731279,0.00000000));
#2440 = DIRECTION('',(-0.30088524,-0.95366036,0.00000000));
#2441 = VECTOR('',#2440,0.07281479);
#2442 = LINE('',#2439,#2441);
#2443 = EDGE_CURVE('',#1753,#1755,#2442,.T.);
#2444 = CARTESIAN_POINT('',(92.35698101,0.26787221,0.00000000));
#2445 = DIRECTION('',(-0.45672527,-0.88960780,0.00000000));
#2446 = VECTOR('',#2445,0.07281479);
#2447 = LINE('',#2444,#2446);
#2448 = EDGE_CURVE('',#1755,#1757,#2447,.T.);
#2449 = CARTESIAN_POINT('',(92.32372465,0.20309561,0.00000000));
#2450 = DIRECTION('',(-0.59959939,-0.80030030,0.00000000));
#2451 = VECTOR('',#2450,0.07281479);
#2452 = LINE('',#2449,#2451);
#2453 = EDGE_CURVE('',#1757,#1759,#2452,.T.);
#2454 = CARTESIAN_POINT('',(92.28006495,0.14482191,0.00000000));
#2455 = DIRECTION('',(-0.72545158,-0.68827320,0.00000000));
#2456 = VECTOR('',#2455,0.07281479);
#2457 = LINE('',#2454,#2456);
#2458 = EDGE_CURVE('',#1759,#1761,#2457,.T.);
#2459 = CARTESIAN_POINT('',(92.22724135,0.09470544,0.00000000));
#2460 = DIRECTION('',(-0.83070904,-0.55670683,0.00000000));
#2461 = VECTOR('',#2460,0.07281479);
#2462 = LINE('',#2459,#2461);
#2463 = EDGE_CURVE('',#1761,#1763,#2462,.T.);
#2464 = CARTESIAN_POINT('',(92.16675344,0.05416895,0.00000000));
#2465 = DIRECTION('',(-0.91238363,-0.40933618,0.00000000));
#2466 = VECTOR('',#2465,0.07281479);
#2467 = LINE('',#2464,#2466);
#2468 = EDGE_CURVE('',#1763,#1765,#2467,.T.);
#2469 = CARTESIAN_POINT('',(92.10031842,0.02436322,0.00000000));
#2470 = DIRECTION('',(-0.96815670,-0.25034496,0.00000000));
#2471 = VECTOR('',#2470,0.07281479);
#2472 = LINE('',#2469,#2471);
#2473 = EDGE_CURVE('',#1765,#1767,#2472,.T.);
#2474 = CARTESIAN_POINT('',(92.02982230,0.00613441,0.00000000));
#2475 = DIRECTION('',(-0.99644492,-0.08424673,0.00000000));
#2476 = VECTOR('',#2475,0.07281479);
#2477 = LINE('',#2474,#2476);
#2478 = EDGE_CURVE('',#1767,#1769,#2477,.T.);
#2479 = CARTESIAN_POINT('',(91.95726637,0.00000000,0.00000000));
#2480 = DIRECTION('',(-1.00000000,0.00000000,0.00000000));
#2481 = VECTOR('',#2480,20.45146100);
#2482 = LINE('',#2479,#2481);
#2483 = EDGE_CURVE('',#1769,#1771,#2482,.T.);
#2484 = CARTESIAN_POINT('',(71.50580537,0.00000000,0.00000000));
#2485 = DIRECTION('',(-0.99949524,0.03176885,0.00000000));
#2486 = VECTOR('',#2485,0.06447386);
#2487 = LINE('',#2484,#2486);
#2488 = EDGE_CURVE('',#1771,#1773,#2487,.T.);
#2489 = CARTESIAN_POINT('',(71.44136406,0.00204826,0.00000000));
#2490 = DIRECTION('',(-0.97743584,0.21123252,0.00000000));
#2491 = VECTOR('',#2490,0.06447386);
#2492 = LINE('',#2489,#2491);
#2493 = EDGE_CURVE('',#1773,#1775,#2492,.T.);
#2494 = CARTESIAN_POINT('',(71.37834500,0.01566724,0.00000000));
#2495 = DIRECTION('',(-0.92342032,0.38379018,0.00000000));
#2496 = VECTOR('',#2495,0.06447386);
#2497 = LINE('',#2494,#2496);
#2498 = EDGE_CURVE('',#1775,#1777,#2497,.T.);
#2499 = CARTESIAN_POINT('',(71.31880852,0.04041167,0.00000000));
#2500 = DIRECTION('',(-0.83921467,0.54380028,0.00000000));
#2501 = VECTOR('',#2500,0.06447386);
#2502 = LINE('',#2499,#2501);
#2503 = EDGE_CURVE('',#1777,#1779,#2502,.T.);
#2504 = CARTESIAN_POINT('',(71.26470112,0.07547257,0.00000000));
#2505 = DIRECTION('',(-0.72757187,0.68603147,0.00000000));
#2506 = VECTOR('',#2505,0.06447386);
#2507 = LINE('',#2504,#2506);
#2508 = EDGE_CURVE('',#1779,#1781,#2507,.T.);
#2509 = CARTESIAN_POINT('',(71.21779175,0.11970367,0.00000000));
#2510 = DIRECTION('',(-0.59214197,0.80583366,0.00000000));
#2511 = VECTOR('',#2510,0.06447386);
#2512 = LINE('',#2509,#2511);
#2513 = EDGE_CURVE('',#1781,#1783,#2512,.T.);
#2514 = CARTESIAN_POINT('',(71.17961407,0.17165887,0.00000000));
#2515 = DIRECTION('',(-0.43735268,0.89929007,0.00000000));
#2516 = VECTOR('',#2515,0.06447386);
#2517 = LINE('',#2514,#2516);
#2518 = EDGE_CURVE('',#1783,#1785,#2517,.T.);
#2519 = CARTESIAN_POINT('',(71.15141626,0.22963958,0.00000000));
#2520 = DIRECTION('',(-0.26826466,0.96334525,0.00000000));
#2521 = VECTOR('',#2520,0.06447386);
#2522 = LINE('',#2519,#2521);
#2523 = EDGE_CURVE('',#1785,#1787,#2522,.T.);
#2524 = CARTESIAN_POINT('',(71.13412020,0.29175016,0.00000000));
#2525 = DIRECTION('',(-0.09040605,0.99590499,0.00000000));
#2526 = VECTOR('',#2525,0.06447386);
#2527 = LINE('',#2524,#2526);
#2528 = EDGE_CURVE('',#1787,#1789,#2527,.T.);
#2529 = CARTESIAN_POINT('',(71.12829137,0.35596000,0.00000000));
#2530 = DIRECTION('',(0.00000000,1.00000000,0.00000000));
#2531 = VECTOR('',#2530,2.05740000);
#2532 = LINE('',#2529,#2531);
#2533 = EDGE_CURVE('',#1789,#1791,#2532,.T.);
#2534 = CARTESIAN_POINT('',(71.12829137,2.41336000,0.00000000));
#2535 = DIRECTION('',(-0.08714864,0.99619532,0.00000000));
#2536 = VECTOR('',#2535,0.02639517);
#2537 = LINE('',#2534,#2536);
#2538 = EDGE_CURVE('',#1791,#1793,#2537,.T.);
#2539 = CARTESIAN_POINT('',(71.12599107,2.43965475,0.00000000));
#2540 = DIRECTION('',(-0.25881388,0.96592721,0.00000000));
#2541 = VECTOR('',#2540,0.02639517);
#2542 = LINE('',#2539,#2541);
#2543 = EDGE_CURVE('',#1793,#1795,#2542,.T.);
#2544 = CARTESIAN_POINT('',(71.11915963,2.46515057,0.00000000));
#2545 = DIRECTION('',(-0.42261503,0.90630929,0.00000000));
#2546 = VECTOR('',#2545,0.02639517);
#2547 = LINE('',#2544,#2546);
#2548 = EDGE_CURVE('',#1795,#1797,#2547,.T.);
#2549 = CARTESIAN_POINT('',(71.10800463,2.48907276,0.00000000));
#2550 = DIRECTION('',(-0.57357498,0.81915307,0.00000000));
#2551 = VECTOR('',#2550,0.02639517);
#2552 = LINE('',#2549,#2551);
#2553 = EDGE_CURVE('',#1797,#1799,#2552,.T.);
#2554 = CARTESIAN_POINT('',(71.09286502,2.51069444,0.00000000));
#2555 = DIRECTION('',(-0.70710678,0.70710678,0.00000000));
#2556 = VECTOR('',#2555,0.02639517);
#2557 = LINE('',#2554,#2556);
#2558 = EDGE_CURVE('',#1799,#1801,#2557,.T.);
#2559 = CARTESIAN_POINT('',(71.07420082,2.52935865,0.00000000));
#2560 = DIRECTION('',(-0.81915307,0.57357498,0.00000000));
#2561 = VECTOR('',#2560,0.02639517);
#2562 = LINE('',#2559,#2561);
#2563 = EDGE_CURVE('',#1801,#1803,#2562,.T.);
#2564 = CARTESIAN_POINT('',(71.05257913,2.54449826,0.00000000));
#2565 = DIRECTION('',(-0.90630929,0.42261503,0.00000000));
#2566 = VECTOR('',#2565,0.02639517);
#2567 = LINE('',#2564,#2566);
#2568 = EDGE_CURVE('',#1803,#1805,#2567,.T.);
#2569 = CARTESIAN_POINT('',(71.02865694,2.55565326,0.00000000));
#2570 = DIRECTION('',(-0.96592721,0.25881388,0.00000000));
#2571 = VECTOR('',#2570,0.02639517);
#2572 = LINE('',#2569,#2571);
#2573 = EDGE_CURVE('',#1805,#1807,#2572,.T.);
#2574 = CARTESIAN_POINT('',(71.00316112,2.56248470,0.00000000));
#2575 = DIRECTION('',(-0.99619532,0.08714864,0.00000000));
#2576 = VECTOR('',#2575,0.02639517);
#2577 = LINE('',#2574,#2576);
#2578 = EDGE_CURVE('',#1807,#1809,#2577,.T.);
#2579 = CARTESIAN_POINT('',(70.97686637,2.56478500,0.00000000));
#2580 = DIRECTION('',(-1.00000000,0.00000000,0.00000000));
#2581 = VECTOR('',#2580,19.96440000);
#2582 = LINE('',#2579,#2581);
#2583 = EDGE_CURVE('',#1809,#1811,#2582,.T.);
#2584 = CARTESIAN_POINT('',(51.01246637,2.56478500,0.00000000));
#2585 = DIRECTION('',(-0.99581417,0.09140096,0.00000000));
#2586 = VECTOR('',#2585,0.06054140);
#2587 = LINE('',#2584,#2586);
#2588 = EDGE_CURVE('',#1811,#1813,#2587,.T.);
#2589 = CARTESIAN_POINT('',(50.95217839,2.57031854,0.00000000));
#2590 = DIRECTION('',(-0.96253580,0.27115462,0.00000000));
#2591 = VECTOR('',#2590,0.06054140);
#2592 = LINE('',#2589,#2591);
#2593 = EDGE_CURVE('',#1813,#1815,#2592,.T.);
#2594 = CARTESIAN_POINT('',(50.89390512,2.58673462,0.00000000));
#2595 = DIRECTION('',(-0.89709062,0.44184660,0.00000000));
#2596 = VECTOR('',#2595,0.06054140);
#2597 = LINE('',#2594,#2596);
#2598 = EDGE_CURVE('',#1815,#1817,#2597,.T.);
#2599 = CARTESIAN_POINT('',(50.83959400,2.61348464,0.00000000));
#2600 = DIRECTION('',(-0.80166572,0.59777260,0.00000000));
#2601 = VECTOR('',#2600,0.06054140);
#2602 = LINE('',#2599,#2601);
#2603 = EDGE_CURVE('',#1817,#1819,#2602,.T.);
#2604 = CARTESIAN_POINT('',(50.79106003,2.64967463,0.00000000));
#2605 = DIRECTION('',(-0.67945009,0.73372173,0.00000000));
#2606 = VECTOR('',#2605,0.06054140);
#2607 = LINE('',#2604,#2606);
#2608 = EDGE_CURVE('',#1819,#1821,#2607,.T.);
#2609 = CARTESIAN_POINT('',(50.74992517,2.69409517,0.00000000));
#2610 = DIRECTION('',(-0.53452803,0.84515074,0.00000000));
#2611 = VECTOR('',#2610,0.06054140);
#2612 = LINE('',#2609,#2611);
#2613 = EDGE_CURVE('',#1821,#1823,#2612,.T.);
#2614 = CARTESIAN_POINT('',(50.71756409,2.74526178,0.00000000));
#2615 = DIRECTION('',(-0.37174268,0.92833581,0.00000000));
#2616 = VECTOR('',#2615,0.06054140);
#2617 = LINE('',#2614,#2616);
#2618 = EDGE_CURVE('',#1823,#1825,#2617,.T.);
#2619 = CARTESIAN_POINT('',(50.69505827,2.80146453,0.00000000));
#2620 = DIRECTION('',(-0.19653412,0.98049699,0.00000000));
#2621 = VECTOR('',#2620,0.06054140);
#2622 = LINE('',#2619,#2621);
#2623 = EDGE_CURVE('',#1825,#1827,#2622,.T.);
#2624 = CARTESIAN_POINT('',(50.68315982,2.86082519,0.00000000));
#2625 = DIRECTION('',(-0.01475933,0.99989108,0.00000000));
#2626 = VECTOR('',#2625,0.06053440);
#2627 = LINE('',#2624,#2626);
#2628 = EDGE_CURVE('',#1827,#1829,#2627,.T.);
#2629 = CARTESIAN_POINT('',(50.68226637,2.92135300,0.00000000));
#2630 = DIRECTION('',(0.00000000,1.00000000,0.00000000));
#2631 = VECTOR('',#2630,1.65100700);
#2632 = LINE('',#2629,#2631);
#2633 = EDGE_CURVE('',#1829,#1831,#2632,.T.);
#2634 = CARTESIAN_POINT('',(50.68226637,4.57236000,0.00000000));
#2635 = DIRECTION('',(-0.08714870,0.99619531,0.00000000));
#2636 = VECTOR('',#2635,0.03099265);
#2637 = LINE('',#2634,#2636);
#2638 = EDGE_CURVE('',#1831,#1833,#2637,.T.);
#2639 = CARTESIAN_POINT('',(50.67956540,4.60323473,0.00000000));
#2640 = DIRECTION('',(-0.25881392,0.96592720,0.00000000));
#2641 = VECTOR('',#2640,0.03099265);
#2642 = LINE('',#2639,#2641);
#2643 = EDGE_CURVE('',#1833,#1835,#2642,.T.);
#2644 = CARTESIAN_POINT('',(50.67154407,4.63317137,0.00000000));
#2645 = DIRECTION('',(-0.42261506,0.90630928,0.00000000));
#2646 = VECTOR('',#2645,0.03099265);
#2647 = LINE('',#2644,#2646);
#2648 = EDGE_CURVE('',#1835,#1837,#2647,.T.);
#2649 = CARTESIAN_POINT('',(50.65844611,4.66126030,0.00000000));
#2650 = DIRECTION('',(-0.57357499,0.81915306,0.00000000));
#2651 = VECTOR('',#2650,0.03099265);
#2652 = LINE('',#2649,#2651);
#2653 = EDGE_CURVE('',#1837,#1839,#2652,.T.);
#2654 = CARTESIAN_POINT('',(50.64066951,4.68664802,0.00000000));
#2655 = DIRECTION('',(-0.70710678,0.70710678,0.00000000));
#2656 = VECTOR('',#2655,0.03099265);
#2657 = LINE('',#2654,#2656);
#2658 = EDGE_CURVE('',#1839,#1841,#2657,.T.);
#2659 = CARTESIAN_POINT('',(50.61875439,4.70856313,0.00000000));
#2660 = DIRECTION('',(-0.81915306,0.57357499,0.00000000));
#2661 = VECTOR('',#2660,0.03099265);
#2662 = LINE('',#2659,#2661);
#2663 = EDGE_CURVE('',#1841,#1843,#2662,.T.);
#2664 = CARTESIAN_POINT('',(50.59336667,4.72633974,0.00000000));
#2665 = DIRECTION('',(-0.90630928,0.42261506,0.00000000));
#2666 = VECTOR('',#2665,0.03099265);
#2667 = LINE('',#2664,#2666);
#2668 = EDGE_CURVE('',#1843,#1845,#2667,.T.);
#2669 = CARTESIAN_POINT('',(50.56527775,4.73943770,0.00000000));
#2670 = DIRECTION('',(-0.96592720,0.25881392,0.00000000));
#2671 = VECTOR('',#2670,0.03099265);
#2672 = LINE('',#2669,#2671);
#2673 = EDGE_CURVE('',#1845,#1847,#2672,.T.);
#2674 = CARTESIAN_POINT('',(50.53534110,4.74745903,0.00000000));
#2675 = DIRECTION('',(-0.99619531,0.08714870,0.00000000));
#2676 = VECTOR('',#2675,0.03099265);
#2677 = LINE('',#2674,#2676);
#2678 = EDGE_CURVE('',#1847,#1849,#2677,.T.);
#2679 = CARTESIAN_POINT('',(50.50446637,4.75016000,0.00000000));
#2680 = DIRECTION('',(-0.99999986,0.00053619,0.00000000));
#2681 = VECTOR('',#2680,47.37100681);
#2682 = LINE('',#2679,#2681);
#2683 = EDGE_CURVE('',#1849,#1851,#2682,.T.);
#2684 = CARTESIAN_POINT('',(3.13346637,4.77556000,0.00000000));
#2685 = DIRECTION('',(-0.99619457,0.08715720,0.00000000));
#2686 = VECTOR('',#2685,0.02656506);
#2687 = LINE('',#2684,#2686);
#2688 = EDGE_CURVE('',#1851,#1853,#2687,.T.);
#2689 = CARTESIAN_POINT('',(3.10700240,4.77787534,0.00000000));
#2690 = DIRECTION('',(-0.96592554,0.25882011,0.00000000));
#2691 = VECTOR('',#2690,0.02656506);
#2692 = LINE('',#2689,#2691);
#2693 = EDGE_CURVE('',#1853,#1855,#2692,.T.);
#2694 = CARTESIAN_POINT('',(3.08134254,4.78475091,0.00000000));
#2695 = DIRECTION('',(-0.90630748,0.42261893,0.00000000));
#2696 = VECTOR('',#2695,0.02656506);
#2697 = LINE('',#2694,#2696);
#2698 = EDGE_CURVE('',#1855,#1857,#2697,.T.);
#2699 = CARTESIAN_POINT('',(3.05726642,4.79597780,0.00000000));
#2700 = DIRECTION('',(-0.81915183,0.57357674,0.00000000));
#2701 = VECTOR('',#2700,0.02656506);
#2702 = LINE('',#2699,#2701);
#2703 = EDGE_CURVE('',#1857,#1859,#2702,.T.);
#2704 = CARTESIAN_POINT('',(3.03550561,4.81121490,0.00000000));
#2705 = DIRECTION('',(-0.70710678,0.70710678,0.00000000));
#2706 = VECTOR('',#2705,0.02656506);
#2707 = LINE('',#2704,#2706);
#2708 = EDGE_CURVE('',#1859,#1861,#2707,.T.);
#2709 = CARTESIAN_POINT('',(3.01672127,4.82999924,0.00000000));
#2710 = DIRECTION('',(-0.57357674,0.81915183,0.00000000));
#2711 = VECTOR('',#2710,0.02656506);
#2712 = LINE('',#2709,#2711);
#2713 = EDGE_CURVE('',#1861,#1863,#2712,.T.);
#2714 = CARTESIAN_POINT('',(3.00148418,4.85176005,0.00000000));
#2715 = DIRECTION('',(-0.42261892,0.90630748,0.00000000));
#2716 = VECTOR('',#2715,0.02656506);
#2717 = LINE('',#2714,#2716);
#2718 = EDGE_CURVE('',#1863,#1865,#2717,.T.);
#2719 = CARTESIAN_POINT('',(2.99025728,4.87583616,0.00000000));
#2720 = DIRECTION('',(-0.25882011,0.96592554,0.00000000));
#2721 = VECTOR('',#2720,0.02656506);
#2722 = LINE('',#2719,#2721);
#2723 = EDGE_CURVE('',#1865,#1867,#2722,.T.);
#2724 = CARTESIAN_POINT('',(2.98338171,4.90149603,0.00000000));
#2725 = DIRECTION('',(-0.08715720,0.99619457,0.00000000));
#2726 = VECTOR('',#2725,0.02656506);
#2727 = LINE('',#2724,#2726);
#2728 = EDGE_CURVE('',#1867,#1869,#2727,.T.);
#2729 = CARTESIAN_POINT('',(2.98106637,4.92796000,0.00000000));
#2730 = DIRECTION('',(0.00000000,1.00000000,0.00000000));
#2731 = VECTOR('',#2730,13.81760000);
#2732 = LINE('',#2729,#2731);
#2733 = EDGE_CURVE('',#1869,#1871,#2732,.T.);
#2734 = CARTESIAN_POINT('',(2.98106637,18.74556000,0.00000000));
#2735 = DIRECTION('',(-0.17364818,0.98480775,0.00000000));
#2736 = VECTOR('',#2735,0.87331142);
#2737 = LINE('',#2734,#2736);
#2738 = EDGE_CURVE('',#1871,#1873,#2737,.T.);
#2739 = CARTESIAN_POINT('',(2.82941744,19.60560385,0.00000000));
#2740 = DIRECTION('',(-0.50000000,0.86602540,0.00000000));
#2741 = VECTOR('',#2740,0.87331142);
#2742 = LINE('',#2739,#2741);
#2743 = EDGE_CURVE('',#1873,#1875,#2742,.T.);
#2744 = CARTESIAN_POINT('',(2.39276173,20.36191372,0.00000000));
#2745 = DIRECTION('',(-0.76604444,0.64278761,0.00000000));
#2746 = VECTOR('',#2745,0.87331142);
#2747 = LINE('',#2744,#2746);
#2748 = EDGE_CURVE('',#1875,#1877,#2747,.T.);
#2749 = CARTESIAN_POINT('',(1.72376637,20.92326748,0.00000000));
#2750 = DIRECTION('',(-0.93969262,0.34202014,0.00000000));
#2751 = VECTOR('',#2750,0.87331142);
#2752 = LINE('',#2749,#2751);
#2753 = EDGE_CURVE('',#1877,#1879,#2752,.T.);
#2754 = CARTESIAN_POINT('',(0.90312208,21.22195758,0.00000000));
#2755 = DIRECTION('',(-1.00000000,0.00000000,0.00000000));
#2756 = VECTOR('',#2755,0.46745571);
#2757 = LINE('',#2754,#2756);
#2758 = EDGE_CURVE('',#1879,#1881,#2757,.T.);
#2759 = CARTESIAN_POINT('',(0.43566637,21.22195758,0.00000000));
#2760 = DIRECTION('',(-1.00000000,0.00000000,0.00000000));
#2761 = VECTOR('',#2760,0.40585571);
#2762 = LINE('',#2759,#2761);
#2763 = EDGE_CURVE('',#1881,#1883,#2762,.T.);
#2764 = CARTESIAN_POINT('',(0.02981066,21.22195758,0.00000000));
#2765 = DIRECTION('',(-0.00095107,0.99999955,0.00000000));
#2766 = VECTOR('',#2765,31.34420491);
#2767 = LINE('',#2764,#2766);
#2768 = EDGE_CURVE('',#1883,#1531,#2767,.T.);
#2769 = ORIENTED_EDGE('',*,*,#1888,.F.);
#2770 = ORIENTED_EDGE('',*,*,#1893,.F.);
#2771 = ORIENTED_EDGE('',*,*,#1898,.F.);
#2772 = ORIENTED_EDGE('',*,*,#1903,.F.);
#2773 = ORIENTED_EDGE('',*,*,#1908,.F.);
#2774 = ORIENTED_EDGE('',*,*,#1913,.F.);
#2775 = ORIENTED_EDGE('',*,*,#1918,.F.);
#2776 = ORIENTED_EDGE('',*,*,#1923,.F.);
#2777 = ORIENTED_EDGE('',*,*,#1928,.F.);
#2778 = ORIENTED_EDGE('',*,*,#1933,.F.);
#2779 = ORIENTED_EDGE('',*,*,#1938,.F.);
#2780 = ORIENTED_EDGE('',*,*,#1943,.F.);
#2781 = ORIENTED_EDGE('',*,*,#1948,.F.);
#2782 = ORIENTED_EDGE('',*,*,#1953,.F.);
#2783 = ORIENTED_EDGE('',*,*,#1958,.F.);
#2784 = ORIENTED_EDGE('',*,*,#1963,.F.);
#2785 = ORIENTED_EDGE('',*,*,#1968,.F.);
#2786 = ORIENTED_EDGE('',*,*,#1973,.F.);
#2787 = ORIENTED_EDGE('',*,*,#1978,.F.);
#2788 = ORIENTED_EDGE('',*,*,#1983,.F.);
#2789 = ORIENTED_EDGE('',*,*,#1988,.F.);
#2790 = ORIENTED_EDGE('',*,*,#1993,.F.);
#2791 = ORIENTED_EDGE('',*,*,#1998,.F.);
#2792 = ORIENTED_EDGE('',*,*,#2003,.F.);
#2793 = ORIENTED_EDGE('',*,*,#2008,.F.);
#2794 = ORIENTED_EDGE('',*,*,#2013,.F.);
#2795 = ORIENTED_EDGE('',*,*,#2018,.F.);
#2796 = ORIENTED_EDGE('',*,*,#2023,.F.);
#2797 = ORIENTED_EDGE('',*,*,#2028,.F.);
#2798 = ORIENTED_EDGE('',*,*,#2033,.F.);
#2799 = ORIENTED_EDGE('',*,*,#2038,.F.);
#2800 = ORIENTED_EDGE('',*,*,#2043,.F.);
#2801 = ORIENTED_EDGE('',*,*,#2048,.F.);
#2802 = ORIENTED_EDGE('',*,*,#2053,.F.);
#2803 = ORIENTED_EDGE('',*,*,#2058,.F.);
#2804 = ORIENTED_EDGE('',*,*,#2063,.F.);
#2805 = ORIENTED_EDGE('',*,*,#2068,.F.);
#2806 = ORIENTED_EDGE('',*,*,#2073,.F.);
#2807 = ORIENTED_EDGE('',*,*,#2078,.F.);
#2808 = ORIENTED_EDGE('',*,*,#2083,.F.);
#2809 = ORIENTED_EDGE('',*,*,#2088,.F.);
#2810 = ORIENTED_EDGE('',*,*,#2093,.F.);
#2811 = ORIENTED_EDGE('',*,*,#2098,.F.);
#2812 = ORIENTED_EDGE('',*,*,#2103,.F.);
#2813 = ORIENTED_EDGE('',*,*,#2108,.F.);
#2814 = ORIENTED_EDGE('',*,*,#2113,.F.);
#2815 = ORIENTED_EDGE('',*,*,#2118,.F.);
#2816 = ORIENTED_EDGE('',*,*,#2123,.F.);
#2817 = ORIENTED_EDGE('',*,*,#2128,.F.);
#2818 = ORIENTED_EDGE('',*,*,#2133,.F.);
#2819 = ORIENTED_EDGE('',*,*,#2138,.F.);
#2820 = ORIENTED_EDGE('',*,*,#2143,.F.);
#2821 = ORIENTED_EDGE('',*,*,#2148,.F.);
#2822 = ORIENTED_EDGE('',*,*,#2153,.F.);
#2823 = ORIENTED_EDGE('',*,*,#2158,.F.);
#2824 = ORIENTED_EDGE('',*,*,#2163,.F.);
#2825 = ORIENTED_EDGE('',*,*,#2168,.F.);
#2826 = ORIENTED_EDGE('',*,*,#2173,.F.);
#2827 = ORIENTED_EDGE('',*,*,#2178,.F.);
#2828 = ORIENTED_EDGE('',*,*,#2183,.F.);
#2829 = ORIENTED_EDGE('',*,*,#2188,.F.);
#2830 = ORIENTED_EDGE('',*,*,#2193,.F.);
#2831 = ORIENTED_EDGE('',*,*,#2198,.F.);
#2832 = ORIENTED_EDGE('',*,*,#2203,.F.);
#2833 = ORIENTED_EDGE('',*,*,#2208,.F.);
#2834 = ORIENTED_EDGE('',*,*,#2213,.F.);
#2835 = ORIENTED_EDGE('',*,*,#2218,.F.);
#2836 = ORIENTED_EDGE('',*,*,#2223,.F.);
#2837 = ORIENTED_EDGE('',*,*,#2228,.F.);
#2838 = ORIENTED_EDGE('',*,*,#2233,.F.);
#2839 = ORIENTED_EDGE('',*,*,#2238,.F.);
#2840 = ORIENTED_EDGE('',*,*,#2243,.F.);
#2841 = ORIENTED_EDGE('',*,*,#2248,.F.);
#2842 = ORIENTED_EDGE('',*,*,#2253,.F.);
#2843 = ORIENTED_EDGE('',*,*,#2258,.F.);
#2844 = ORIENTED_EDGE('',*,*,#2263,.F.);
#2845 = ORIENTED_EDGE('',*,*,#2268,.F.);
#2846 = ORIENTED_EDGE('',*,*,#2273,.F.);
#2847 = ORIENTED_EDGE('',*,*,#2278,.F.);
#2848 = ORIENTED_EDGE('',*,*,#2283,.F.);
#2849 = ORIENTED_EDGE('',*,*,#2288,.F.);
#2850 = ORIENTED_EDGE('',*,*,#2293,.F.);
#2851 = ORIENTED_EDGE('',*,*,#2298,.F.);
#2852 = ORIENTED_EDGE('',*,*,#2303,.F.);
#2853 = ORIENTED_EDGE('',*,*,#2308,.F.);
#2854 = ORIENTED_EDGE('',*,*,#2313,.F.);
#2855 = ORIENTED_EDGE('',*,*,#2318,.F.);
#2856 = ORIENTED_EDGE('',*,*,#2323,.F.);
#2857 = ORIENTED_EDGE('',*,*,#2328,.F.);
#2858 = ORIENTED_EDGE('',*,*,#2333,.F.);
#2859 = ORIENTED_EDGE('',*,*,#2338,.F.);
#2860 = ORIENTED_EDGE('',*,*,#2343,.F.);
#2861 = ORIENTED_EDGE('',*,*,#2348,.F.);
#2862 = ORIENTED_EDGE('',*,*,#2353,.F.);
#2863 = ORIENTED_EDGE('',*,*,#2358,.F.);
#2864 = ORIENTED_EDGE('',*,*,#2363,.F.);
#2865 = ORIENTED_EDGE('',*,*,#2368,.F.);
#2866 = ORIENTED_EDGE('',*,*,#2373,.F.);
#2867 = ORIENTED_EDGE('',*,*,#2378,.F.);
#2868 = ORIENTED_EDGE('',*,*,#2383,.F.);
#2869 = ORIENTED_EDGE('',*,*,#2388,.F.);
#2870 = ORIENTED_EDGE('',*,*,#2393,.F.);
#2871 = ORIENTED_EDGE('',*,*,#2398,.F.);
#2872 = ORIENTED_EDGE('',*,*,#2403,.F.);
#2873 = ORIENTED_EDGE('',*,*,#2408,.F.);
#2874 = ORIENTED_EDGE('',*,*,#2413,.F.);
#2875 = ORIENTED_EDGE('',*,*,#2418,.F.);
#2876 = ORIENTED_EDGE('',*,*,#2423,.F.);
#2877 = ORIENTED_EDGE('',*,*,#2428,.F.);
#2878 = ORIENTED_EDGE('',*,*,#2433,.F.);
#2879 = ORIENTED_EDGE('',*,*,#2438,.F.);
#2880 = ORIENTED_EDGE('',*,*,#2443,.F.);
#2881 = ORIENTED_EDGE('',*,*,#2448,.F.);
#2882 = ORIENTED_EDGE('',*,*,#2453,.F.);
#2883 = ORIENTED_EDGE('',*,*,#2458,.F.);
#2884 = ORIENTED_EDGE('',*,*,#2463,.F.);
#2885 = ORIENTED_EDGE('',*,*,#2468,.F.);
#2886 = ORIENTED_EDGE('',*,*,#2473,.F.);
#2887 = ORIENTED_EDGE('',*,*,#2478,.F.);
#2888 = ORIENTED_EDGE('',*,*,#2483,.F.);
#2889 = ORIENTED_EDGE('',*,*,#2488,.F.);
#2890 = ORIENTED_EDGE('',*,*,#2493,.F.);
#2891 = ORIENTED_EDGE('',*,*,#2498,.F.);
#2892 = ORIENTED_EDGE('',*,*,#2503,.F.);
#2893 = ORIENTED_EDGE('',*,*,#2508,.F.);
#2894 = ORIENTED_EDGE('',*,*,#2513,.F.);
#2895 = ORIENTED_EDGE('',*,*,#2518,.F.);
#2896 = ORIENTED_EDGE('',*,*,#2523,.F.);
#2897 = ORIENTED_EDGE('',*,*,#2528,.F.);
#2898 = ORIENTED_EDGE('',*,*,#2533,.F.);
#2899 = ORIENTED_EDGE('',*,*,#2538,.F.);
#2900 = ORIENTED_EDGE('',*,*,#2543,.F.);
#2901 = ORIENTED_EDGE('',*,*,#2548,.F.);
#2902 = ORIENTED_EDGE('',*,*,#2553,.F.);
#2903 = ORIENTED_EDGE('',*,*,#2558,.F.);
#2904 = ORIENTED_EDGE('',*,*,#2563,.F.);
#2905 = ORIENTED_EDGE('',*,*,#2568,.F.);
#2906 = ORIENTED_EDGE('',*,*,#2573,.F.);
#2907 = ORIENTED_EDGE('',*,*,#2578,.F.);
#2908 = ORIENTED_EDGE('',*,*,#2583,.F.);
#2909 = ORIENTED_EDGE('',*,*,#2588,.F.);
#2910 = ORIENTED_EDGE('',*,*,#2593,.F.);
#2911 = ORIENTED_EDGE('',*,*,#2598,.F.);
#2912 = ORIENTED_EDGE('',*,*,#2603,.F.);
#2913 = ORIENTED_EDGE('',*,*,#2608,.F.);
#2914 = ORIENTED_EDGE('',*,*,#2613,.F.);
#2915 = ORIENTED_EDGE('',*,*,#2618,.F.);
#2916 = ORIENTED_EDGE('',*,*,#2623,.F.);
#2917 = ORIENTED_EDGE('',*,*,#2628,.F.);
#2918 = ORIENTED_EDGE('',*,*,#2633,.F.);
#2919 = ORIENTED_EDGE('',*,*,#2638,.F.);
#2920 = ORIENTED_EDGE('',*,*,#2643,.F.);
#2921 = ORIENTED_EDGE('',*,*,#2648,.F.);
#2922 = ORIENTED_EDGE('',*,*,#2653,.F.);
#2923 = ORIENTED_EDGE('',*,*,#2658,.F.);
#2924 = ORIENTED_EDGE('',*,*,#2663,.F.);
#2925 = ORIENTED_EDGE('',*,*,#2668,.F.);
#2926 = ORIENTED_EDGE('',*,*,#2673,.F.);
#2927 = ORIENTED_EDGE('',*,*,#2678,.F.);
#2928 = ORIENTED_EDGE('',*,*,#2683,.F.);
#2929 = ORIENTED_EDGE('',*,*,#2688,.F.);
#2930 = ORIENTED_EDGE('',*,*,#2693,.F.);
#2931 = ORIENTED_EDGE('',*,*,#2698,.F.);
#2932 = ORIENTED_EDGE('',*,*,#2703,.F.);
#2933 = ORIENTED_EDGE('',*,*,#2708,.F.);
#2934 = ORIENTED_EDGE('',*,*,#2713,.F.);
#2935 = ORIENTED_EDGE('',*,*,#2718,.F.);
#2936 = ORIENTED_EDGE('',*,*,#2723,.F.);
#2937 = ORIENTED_EDGE('',*,*,#2728,.F.);
#2938 = ORIENTED_EDGE('',*,*,#2733,.F.);
#2939 = ORIENTED_EDGE('',*,*,#2738,.F.);
#2940 = ORIENTED_EDGE('',*,*,#2743,.F.);
#2941 = ORIENTED_EDGE('',*,*,#2748,.F.);
#2942 = ORIENTED_EDGE('',*,*,#2753,.F.);
#2943 = ORIENTED_EDGE('',*,*,#2758,.F.);
#2944 = ORIENTED_EDGE('',*,*,#2763,.F.);
#2945 = ORIENTED_EDGE('',*,*,#2768,.F.);
#2946 = EDGE_LOOP('',(#2769,#2770,#2771,#2772,#2773,#2774,#2775,#2776,#2777,#2778,#2779,#2780,#2781,#2782,#2783,#2784,#2785,#2786,#2787,#2788,#2789,#2790,#2791,#2792,#2793,#2794,#2795,#2796,#2797,#2798,#2799,#2800,#2801,#2802,#2803,#2804,#2805,#2806,#2807,#2808,#2809,#2810,#2811,#2812,#2813,#2814,#2815,#2816,#2817,#2818,#2819,#2820,#2821,#2822,#2823,#2824,#2825,#2826,#2827,#2828,#2829,#2830,#2831,#2832,#2833,#2834,#2835,#2836,#2837,#2838,#2839,#2840,#2841,#2842,#2843,#2844,#2845,#2846,#2847,#2848,#2849,#2850,#2851,#2852,#2853,#2854,#2855,#2856,#2857,#2858,#2859,#2860,#2861,#2862,#2863,#2864,#2865,#2866,#2867,#2868,#2869,#2870,#2871,#2872,#2873,#2874,#2875,#2876,#2877,#2878,#2879,#2880,#2881,#2882,#2883,#2884,#2885,#2886,#2887,#2888,#2889,#2890,#2891,#2892,#2893,#2894,#2895,#2896,#2897,#2898,#2899,#2900,#2901,#2902,#2903,#2904,#2905,#2906,#2907,#2908,#2909,#2910,#2911,#2912,#2913,#2914,#2915,#2916,#2917,#2918,#2919,#2920,#2921,#2922,#2923,#2924,#2925,#2926,#2927,#2928,#2929,#2930,#2931,#2932,#2933,#2934,#2935,#2936,#2937,#2938,#2939,#2940,#2941,#2942,#2943,#2944,#2945));
#2947 = FACE_OUTER_BOUND('',#2946,.T.);
#2948 = FACE_BOUND('',#20,.F.);
#2949 = FACE_BOUND('',#40,.F.);
#2950 = FACE_BOUND('',#60,.F.);
#2951 = FACE_BOUND('',#80,.F.);
#2952 = FACE_BOUND('',#100,.F.);
#2953 = CARTESIAN_POINT('',(0.00000000,0.00000000,0.00000000));
#2954 = DIRECTION('',(0.00000000,0.00000000,-1.00000000));
#2955 = DIRECTION('',(1.00000000,0.00000000,0.00000000));
#2956 = AXIS2_PLACEMENT_3D('',#2953,#2954,#2955);
#2957 = PLANE('',#2956);
#2958 = ADVANCED_FACE('',(#2947,#2948,#2949,#2950,#2951,#2952),#2957,.T.);
#2959 = CARTESIAN_POINT('',(0.02981066,21.22195758,0.00000000));
#2960 = VERTEX_POINT('',#2959);
#2961 = CARTESIAN_POINT('',(0.43566637,21.22195758,0.00000000));
#2962 = VERTEX_POINT('',#2961);
#2963 = CARTESIAN_POINT('',(0.43566637,21.22195758,3.00000000));
#2964 = VERTEX_POINT('',#2963);
#2965 = CARTESIAN_POINT('',(0.02981066,21.22195758,3.00000000));
#2966 = VERTEX_POINT('',#2965);
#2967 = CARTESIAN_POINT('',(0.02981066,21.22195758,0.00000000));
#2968 = DIRECTION('',(1.00000000,0.00000000,0.00000000));
#2969 = VECTOR('',#2968,0.40585571);
#2970 = LINE('',#2967,#2969);
#2971 = EDGE_CURVE('',#2960,#2962,#2970,.T.);
#2972 = CARTESIAN_POINT('',(0.43566637,21.22195758,0.00000000));
#2973 = DIRECTION('',(0.00000000,0.00000000,1.00000000));
#2974 = VECTOR('',#2973,3.00000000);
#2975 = LINE('',#2972,#2974);
#2976 = EDGE_CURVE('',#2962,#2964,#2975,.T.);
#2977 = CARTESIAN_POINT('',(0.43566637,21.22195758,3.00000000));
#2978 = DIRECTION('',(-1.00000000,-0.00000000,0.00000000));
#2979 = VECTOR('',#2978,0.40585571);
#2980 = LINE('',#2977,#2979);
#2981 = EDGE_CURVE('',#2964,#2966,#2980,.T.);
#2982 = CARTESIAN_POINT('',(0.02981066,21.22195758,3.00000000));
#2983 = DIRECTION('',(0.00000000,0.00000000,-1.00000000));
#2984 = VECTOR('',#2983,3.00000000);
#2985 = LINE('',#2982,#2984);
#2986 = EDGE_CURVE('',#2966,#2960,#2985,.T.);
#2987 = ORIENTED_EDGE('',*,*,#2971,.T.);
#2988 = ORIENTED_EDGE('',*,*,#2976,.T.);
#2989 = ORIENTED_EDGE('',*,*,#2981,.T.);
#2990 = ORIENTED_EDGE('',*,*,#2986,.T.);
#2991 = EDGE_LOOP('',(#2987,#2988,#2989,#2990));
#2992 = FACE_OUTER_BOUND('',#2991,.T.);
#2993 = CARTESIAN_POINT('',(0.02981066,21.22195758,0.00000000));
#2994 = DIRECTION('',(0.00000000,-1.00000000,0.00000000));
#2995 = DIRECTION('',(1.00000000,0.00000000,0.00000000));
#2996 = AXIS2_PLACEMENT_3D('',#2993,#2994,#2995);
#2997 = PLANE('',#2996);
#2998 = ADVANCED_FACE('',(#2992),#2997,.T.);
#2999 = CARTESIAN_POINT('',(0.43566637,21.22195758,0.00000000));
#3000 = VERTEX_POINT('',#2999);
#3001 = CARTESIAN_POINT('',(0.90312208,21.22195758,0.00000000));
#3002 = VERTEX_POINT('',#3001);
#3003 = CARTESIAN_POINT('',(0.90312208,21.22195758,3.00000000));
#3004 = VERTEX_POINT('',#3003);
#3005 = CARTESIAN_POINT('',(0.43566637,21.22195758,3.00000000));
#3006 = VERTEX_POINT('',#3005);
#3007 = CARTESIAN_POINT('',(0.43566637,21.22195758,0.00000000));
#3008 = DIRECTION('',(1.00000000,0.00000000,0.00000000));
#3009 = VECTOR('',#3008,0.46745571);
#3010 = LINE('',#3007,#3009);
#3011 = EDGE_CURVE('',#3000,#3002,#3010,.T.);
#3012 = CARTESIAN_POINT('',(0.90312208,21.22195758,0.00000000));
#3013 = DIRECTION('',(0.00000000,0.00000000,1.00000000));
#3014 = VECTOR('',#3013,3.00000000);
#3015 = LINE('',#3012,#3014);
#3016 = EDGE_CURVE('',#3002,#3004,#3015,.T.);
#3017 = CARTESIAN_POINT('',(0.90312208,21.22195758,3.00000000));
#3018 = DIRECTION('',(-1.00000000,-0.00000000,0.00000000));
#3019 = VECTOR('',#3018,0.46745571);
#3020 = LINE('',#3017,#3019);
#3021 = EDGE_CURVE('',#3004,#3006,#3020,.T.);
#3022 = CARTESIAN_POINT('',(0.43566637,21.22195758,3.00000000));
#3023 = DIRECTION('',(0.00000000,0.00000000,-1.00000000));
#3024 = VECTOR('',#3023,3.00000000);
#3025 = LINE('',#3022,#3024);
#3026 = EDGE_CURVE('',#3006,#3000,#3025,.T.);
#3027 = ORIENTED_EDGE('',*,*,#3011,.T.);
#3028 = ORIENTED_EDGE('',*,*,#3016,.T.);
#3029 = ORIENTED_EDGE('',*,*,#3021,.T.);
#3030 = ORIENTED_EDGE('',*,*,#3026,.T.);
#3031 = EDGE_LOOP('',(#3027,#3028,#3029,#3030));
#3032 = FACE_OUTER_BOUND('',#3031,.T.);
#3033 = CARTESIAN_POINT('',(0.43566637,21.22195758,0.00000000));
#3034 = DIRECTION('',(0.00000000,-1.00000000,0.00000000));
#3035 = DIRECTION('',(1.00000000,0.00000000,0.00000000));
#3036 = AXIS2_PLACEMENT_3D('',#3033,#3034,#3035);
#3037 = PLANE('',#3036);
#3038 = ADVANCED_FACE('',(#3032),#3037,.T.);
#3039 = CARTESIAN_POINT('',(0.90312208,21.22195758,0.00000000));
#3040 = VERTEX_POINT('',#3039);
#3041 = CARTESIAN_POINT('',(1.72376637,20.92326748,0.00000000));
#3042 = VERTEX_POINT('',#3041);
#3043 = CARTESIAN_POINT('',(1.72376637,20.92326748,3.00000000));
#3044 = VERTEX_POINT('',#3043);
#3045 = CARTESIAN_POINT('',(0.90312208,21.22195758,3.00000000));
#3046 = VERTEX_POINT('',#3045);
#3047 = CARTESIAN_POINT('',(0.90312208,21.22195758,0.00000000));
#3048 = DIRECTION('',(0.93969262,-0.34202014,0.00000000));
#3049 = VECTOR('',#3048,0.87331142);
#3050 = LINE('',#3047,#3049);
#3051 = EDGE_CURVE('',#3040,#3042,#3050,.T.);
#3052 = CARTESIAN_POINT('',(1.72376637,20.92326748,0.00000000));
#3053 = DIRECTION('',(0.00000000,0.00000000,1.00000000));
#3054 = VECTOR('',#3053,3.00000000);
#3055 = LINE('',#3052,#3054);
#3056 = EDGE_CURVE('',#3042,#3044,#3055,.T.);
#3057 = CARTESIAN_POINT('',(1.72376637,20.92326748,3.00000000));
#3058 = DIRECTION('',(-0.93969262,0.34202014,0.00000000));
#3059 = VECTOR('',#3058,0.87331142);
#3060 = LINE('',#3057,#3059);
#3061 = EDGE_CURVE('',#3044,#3046,#3060,.T.);
#3062 = CARTESIAN_POINT('',(0.90312208,21.22195758,3.00000000));
#3063 = DIRECTION('',(0.00000000,0.00000000,-1.00000000));
#3064 = VECTOR('',#3063,3.00000000);
#3065 = LINE('',#3062,#3064);
#3066 = EDGE_CURVE('',#3046,#3040,#3065,.T.);
#3067 = ORIENTED_EDGE('',*,*,#3051,.T.);
#3068 = ORIENTED_EDGE('',*,*,#3056,.T.);
#3069 = ORIENTED_EDGE('',*,*,#3061,.T.);
#3070 = ORIENTED_EDGE('',*,*,#3066,.T.);
#3071 = EDGE_LOOP('',(#3067,#3068,#3069,#3070));
#3072 = FACE_OUTER_BOUND('',#3071,.T.);
#3073 = CARTESIAN_POINT('',(0.90312208,21.22195758,0.00000000));
#3074 = DIRECTION('',(-0.34202014,-0.93969262,0.00000000));
#3075 = DIRECTION('',(0.93969262,-0.34202014,0.00000000));
#3076 = AXIS2_PLACEMENT_3D('',#3073,#3074,#3075);
#3077 = PLANE('',#3076);
#3078 = ADVANCED_FACE('',(#3072),#3077,.T.);
#3079 = CARTESIAN_POINT('',(1.72376637,20.92326748,0.00000000));
#3080 = VERTEX_POINT('',#3079);
#3081 = CARTESIAN_POINT('',(2.39276173,20.36191372,0.00000000));
#3082 = VERTEX_POINT('',#3081);
#3083 = CARTESIAN_POINT('',(2.39276173,20.36191372,3.00000000));
#3084 = VERTEX_POINT('',#3083);
#3085 = CARTESIAN_POINT('',(1.72376637,20.92326748,3.00000000));
#3086 = VERTEX_POINT('',#3085);
#3087 = CARTESIAN_POINT('',(1.72376637,20.92326748,0.00000000));
#3088 = DIRECTION('',(0.76604444,-0.64278761,0.00000000));
#3089 = VECTOR('',#3088,0.87331142);
#3090 = LINE('',#3087,#3089);
#3091 = EDGE_CURVE('',#3080,#3082,#3090,.T.);
#3092 = CARTESIAN_POINT('',(2.39276173,20.36191372,0.00000000));
#3093 = DIRECTION('',(0.00000000,0.00000000,1.00000000));
#3094 = VECTOR('',#3093,3.00000000);
#3095 = LINE('',#3092,#3094);
#3096 = EDGE_CURVE('',#3082,#3084,#3095,.T.);
#3097 = CARTESIAN_POINT('',(2.39276173,20.36191372,3.00000000));
#3098 = DIRECTION('',(-0.76604444,0.64278761,0.00000000));
#3099 = VECTOR('',#3098,0.87331142);
#3100 = LINE('',#3097,#3099);
#3101 = EDGE_CURVE('',#3084,#3086,#3100,.T.);
#3102 = CARTESIAN_POINT('',(1.72376637,20.92326748,3.00000000));
#3103 = DIRECTION('',(0.00000000,0.00000000,-1.00000000));
#3104 = VECTOR('',#3103,3.00000000);
#3105 = LINE('',#3102,#3104);
#3106 = EDGE_CURVE('',#3086,#3080,#3105,.T.);
#3107 = ORIENTED_EDGE('',*,*,#3091,.T.);
#3108 = ORIENTED_EDGE('',*,*,#3096,.T.);
#3109 = ORIENTED_EDGE('',*,*,#3101,.T.);
#3110 = ORIENTED_EDGE('',*,*,#3106,.T.);
#3111 = EDGE_LOOP('',(#3107,#3108,#3109,#3110));
#3112 = FACE_OUTER_BOUND('',#3111,.T.);
#3113 = CARTESIAN_POINT('',(1.72376637,20.92326748,0.00000000));
#3114 = DIRECTION('',(-0.64278761,-0.76604444,0.00000000));
#3115 = DIRECTION('',(0.76604444,-0.64278761,0.00000000));
#3116 = AXIS2_PLACEMENT_3D('',#3113,#3114,#3115);
#3117 = PLANE('',#3116);
#3118 = ADVANCED_FACE('',(#3112),#3117,.T.);
#3119 = CARTESIAN_POINT('',(2.39276173,20.36191372,0.00000000));
#3120 = VERTEX_POINT('',#3119);
#3121 = CARTESIAN_POINT('',(2.82941744,19.60560385,0.00000000));
#3122 = VERTEX_POINT('',#3121);
#3123 = CARTESIAN_POINT('',(2.82941744,19.60560385,3.00000000));
#3124 = VERTEX_POINT('',#3123);
#3125 = CARTESIAN_POINT('',(2.39276173,20.36191372,3.00000000));
#3126 = VERTEX_POINT('',#3125);
#3127 = CARTESIAN_POINT('',(2.39276173,20.36191372,0.00000000));
#3128 = DIRECTION('',(0.50000000,-0.86602540,0.00000000));
#3129 = VECTOR('',#3128,0.87331142);
#3130 = LINE('',#3127,#3129);
#3131 = EDGE_CURVE('',#3120,#3122,#3130,.T.);
#3132 = CARTESIAN_POINT('',(2.82941744,19.60560385,0.00000000));
#3133 = DIRECTION('',(0.00000000,0.00000000,1.00000000));
#3134 = VECTOR('',#3133,3.00000000);
#3135 = LINE('',#3132,#3134);
#3136 = EDGE_CURVE('',#3122,#3124,#3135,.T.);
#3137 = CARTESIAN_POINT('',(2.82941744,19.60560385,3.00000000));
#3138 = DIRECTION('',(-0.50000000,0.86602540,0.00000000));
#3139 = VECTOR('',#3138,0.87331142);
#3140 = LINE('',#3137,#3139);
#3141 = EDGE_CURVE('',#3124,#3126,#3140,.T.);
#3142 = CARTESIAN_POINT('',(2.39276173,20.36191372,3.00000000));
#3143 = DIRECTION('',(0.00000000,0.00000000,-1.00000000));
#3144 = VECTOR('',#3143,3.00000000);
#3145 = LINE('',#3142,#3144);
#3146 = EDGE_CURVE('',#3126,#3120,#3145,.T.);
#3147 = ORIENTED_EDGE('',*,*,#3131,.T.);
#3148 = ORIENTED_EDGE('',*,*,#3136,.T.);
#3149 = ORIENTED_EDGE('',*,*,#3141,.T.);
#3150 = ORIENTED_EDGE('',*,*,#3146,.T.);
#3151 = EDGE_LOOP('',(#3147,#3148,#3149,#3150));
#3152 = FACE_OUTER_BOUND('',#3151,.T.);
#3153 = CARTESIAN_POINT('',(2.39276173,20.36191372,0.00000000));
#3154 = DIRECTION('',(-0.86602540,-0.50000000,0.00000000));
#3155 = DIRECTION('',(0.50000000,-0.86602540,0.00000000));
#3156 = AXIS2_PLACEMENT_3D('',#3153,#3154,#3155);
#3157 = PLANE('',#3156);
#3158 = ADVANCED_FACE('',(#3152),#3157,.T.);
#3159 = CARTESIAN_POINT('',(2.82941744,19.60560385,0.00000000));
#3160 = VERTEX_POINT('',#3159);
#3161 = CARTESIAN_POINT('',(2.98106637,18.74556000,0.00000000));
#3162 = VERTEX_POINT('',#3161);
#3163 = CARTESIAN_POINT('',(2.98106637,18.74556000,3.00000000));
#3164 = VERTEX_POINT('',#3163);
#3165 = CARTESIAN_POINT('',(2.82941744,19.60560385,3.00000000));
#3166 = VERTEX_POINT('',#3165);
#3167 = CARTESIAN_POINT('',(2.82941744,19.60560385,0.00000000));
#3168 = DIRECTION('',(0.17364818,-0.98480775,0.00000000));
#3169 = VECTOR('',#3168,0.87331142);
#3170 = LINE('',#3167,#3169);
#3171 = EDGE_CURVE('',#3160,#3162,#3170,.T.);
#3172 = CARTESIAN_POINT('',(2.98106637,18.74556000,0.00000000));
#3173 = DIRECTION('',(0.00000000,0.00000000,1.00000000));
#3174 = VECTOR('',#3173,3.00000000);
#3175 = LINE('',#3172,#3174);
#3176 = EDGE_CURVE('',#3162,#3164,#3175,.T.);
#3177 = CARTESIAN_POINT('',(2.98106637,18.74556000,3.00000000));
#3178 = DIRECTION('',(-0.17364818,0.98480775,0.00000000));
#3179 = VECTOR('',#3178,0.87331142);
#3180 = LINE('',#3177,#3179);
#3181 = EDGE_CURVE('',#3164,#3166,#3180,.T.);
#3182 = CARTESIAN_POINT('',(2.82941744,19.60560385,3.00000000));
#3183 = DIRECTION('',(0.00000000,0.00000000,-1.00000000));
#3184 = VECTOR('',#3183,3.00000000);
#3185 = LINE('',#3182,#3184);
#3186 = EDGE_CURVE('',#3166,#3160,#3185,.T.);
#3187 = ORIENTED_EDGE('',*,*,#3171,.T.);
#3188 = ORIENTED_EDGE('',*,*,#3176,.T.);
#3189 = ORIENTED_EDGE('',*,*,#3181,.T.);
#3190 = ORIENTED_EDGE('',*,*,#3186,.T.);
#3191 = EDGE_LOOP('',(#3187,#3188,#3189,#3190));
#3192 = FACE_OUTER_BOUND('',#3191,.T.);
#3193 = CARTESIAN_POINT('',(2.82941744,19.60560385,0.00000000));
#3194 = DIRECTION('',(-0.98480775,-0.17364818,0.00000000));
#3195 = DIRECTION('',(0.17364818,-0.98480775,0.00000000));
#3196 = AXIS2_PLACEMENT_3D('',#3193,#3194,#3195);
#3197 = PLANE('',#3196);
#3198 = ADVANCED_FACE('',(#3192),#3197,.T.);
#3199 = CARTESIAN_POINT('',(2.98106637,18.74556000,0.00000000));
#3200 = VERTEX_POINT('',#3199);
#3201 = CARTESIAN_POINT('',(2.98106637,4.92796000,0.00000000));
#3202 = VERTEX_POINT('',#3201);
#3203 = CARTESIAN_POINT('',(2.98106637,4.92796000,3.00000000));
#3204 = VERTEX_POINT('',#3203);
#3205 = CARTESIAN_POINT('',(2.98106637,18.74556000,3.00000000));
#3206 = VERTEX_POINT('',#3205);
#3207 = CARTESIAN_POINT('',(2.98106637,18.74556000,0.00000000));
#3208 = DIRECTION('',(0.00000000,-1.00000000,0.00000000));
#3209 = VECTOR('',#3208,13.81760000);
#3210 = LINE('',#3207,#3209);
#3211 = EDGE_CURVE('',#3200,#3202,#3210,.T.);
#3212 = CARTESIAN_POINT('',(2.98106637,4.92796000,0.00000000));
#3213 = DIRECTION('',(0.00000000,0.00000000,1.00000000));
#3214 = VECTOR('',#3213,3.00000000);
#3215 = LINE('',#3212,#3214);
#3216 = EDGE_CURVE('',#3202,#3204,#3215,.T.);
#3217 = CARTESIAN_POINT('',(2.98106637,4.92796000,3.00000000));
#3218 = DIRECTION('',(-0.00000000,1.00000000,0.00000000));
#3219 = VECTOR('',#3218,13.81760000);
#3220 = LINE('',#3217,#3219);
#3221 = EDGE_CURVE('',#3204,#3206,#3220,.T.);
#3222 = CARTESIAN_POINT('',(2.98106637,18.74556000,3.00000000));
#3223 = DIRECTION('',(0.00000000,0.00000000,-1.00000000));
#3224 = VECTOR('',#3223,3.00000000);
#3225 = LINE('',#3222,#3224);
#3226 = EDGE_CURVE('',#3206,#3200,#3225,.T.);
#3227 = ORIENTED_EDGE('',*,*,#3211,.T.);
#3228 = ORIENTED_EDGE('',*,*,#3216,.T.);
#3229 = ORIENTED_EDGE('',*,*,#3221,.T.);
#3230 = ORIENTED_EDGE('',*,*,#3226,.T.);
#3231 = EDGE_LOOP('',(#3227,#3228,#3229,#3230));
#3232 = FACE_OUTER_BOUND('',#3231,.T.);
#3233 = CARTESIAN_POINT('',(2.98106637,18.74556000,0.00000000));
#3234 = DIRECTION('',(-1.00000000,-0.00000000,0.00000000));
#3235 = DIRECTION('',(0.00000000,-1.00000000,0.00000000));
#3236 = AXIS2_PLACEMENT_3D('',#3233,#3234,#3235);
#3237 = PLANE('',#3236);
#3238 = ADVANCED_FACE('',(#3232),#3237,.T.);
#3239 = CARTESIAN_POINT('',(2.98106637,4.92796000,0.00000000));
#3240 = VERTEX_POINT('',#3239);
#3241 = CARTESIAN_POINT('',(2.98338171,4.90149603,0.00000000));
#3242 = VERTEX_POINT('',#3241);
#3243 = CARTESIAN_POINT('',(2.98338171,4.90149603,3.00000000));
#3244 = VERTEX_POINT('',#3243);
#3245 = CARTESIAN_POINT('',(2.98106637,4.92796000,3.00000000));
#3246 = VERTEX_POINT('',#3245);
#3247 = CARTESIAN_POINT('',(2.98106637,4.92796000,0.00000000));
#3248 = DIRECTION('',(0.08715720,-0.99619457,0.00000000));
#3249 = VECTOR('',#3248,0.02656506);
#3250 = LINE('',#3247,#3249);
#3251 = EDGE_CURVE('',#3240,#3242,#3250,.T.);
#3252 = CARTESIAN_POINT('',(2.98338171,4.90149603,0.00000000));
#3253 = DIRECTION('',(0.00000000,0.00000000,1.00000000));
#3254 = VECTOR('',#3253,3.00000000);
#3255 = LINE('',#3252,#3254);
#3256 = EDGE_CURVE('',#3242,#3244,#3255,.T.);
#3257 = CARTESIAN_POINT('',(2.98338171,4.90149603,3.00000000));
#3258 = DIRECTION('',(-0.08715720,0.99619457,0.00000000));
#3259 = VECTOR('',#3258,0.02656506);
#3260 = LINE('',#3257,#3259);
#3261 = EDGE_CURVE('',#3244,#3246,#3260,.T.);
#3262 = CARTESIAN_POINT('',(2.98106637,4.92796000,3.00000000));
#3263 = DIRECTION('',(0.00000000,0.00000000,-1.00000000));
#3264 = VECTOR('',#3263,3.00000000);
#3265 = LINE('',#3262,#3264);
#3266 = EDGE_CURVE('',#3246,#3240,#3265,.T.);
#3267 = ORIENTED_EDGE('',*,*,#3251,.T.);
#3268 = ORIENTED_EDGE('',*,*,#3256,.T.);
#3269 = ORIENTED_EDGE('',*,*,#3261,.T.);
#3270 = ORIENTED_EDGE('',*,*,#3266,.T.);
#3271 = EDGE_LOOP('',(#3267,#3268,#3269,#3270));
#3272 = FACE_OUTER_BOUND('',#3271,.T.);
#3273 = CARTESIAN_POINT('',(2.98106637,4.92796000,0.00000000));
#3274 = DIRECTION('',(-0.99619457,-0.08715720,0.00000000));
#3275 = DIRECTION('',(0.08715720,-0.99619457,0.00000000));
#3276 = AXIS2_PLACEMENT_3D('',#3273,#3274,#3275);
#3277 = PLANE('',#3276);
#3278 = ADVANCED_FACE('',(#3272),#3277,.T.);
#3279 = CARTESIAN_POINT('',(2.98338171,4.90149603,0.00000000));
#3280 = VERTEX_POINT('',#3279);
#3281 = CARTESIAN_POINT('',(2.99025728,4.87583616,0.00000000));
#3282 = VERTEX_POINT('',#3281);
#3283 = CARTESIAN_POINT('',(2.99025728,4.87583616,3.00000000));
#3284 = VERTEX_POINT('',#3283);
#3285 = CARTESIAN_POINT('',(2.98338171,4.90149603,3.00000000));
#3286 = VERTEX_POINT('',#3285);
#3287 = CARTESIAN_POINT('',(2.98338171,4.90149603,0.00000000));
#3288 = DIRECTION('',(0.25882011,-0.96592554,0.00000000));
#3289 = VECTOR('',#3288,0.02656506);
#3290 = LINE('',#3287,#3289);
#3291 = EDGE_CURVE('',#3280,#3282,#3290,.T.);
#3292 = CARTESIAN_POINT('',(2.99025728,4.87583616,0.00000000));
#3293 = DIRECTION('',(0.00000000,0.00000000,1.00000000));
#3294 = VECTOR('',#3293,3.00000000);
#3295 = LINE('',#3292,#3294);
#3296 = EDGE_CURVE('',#3282,#3284,#3295,.T.);
#3297 = CARTESIAN_POINT('',(2.99025728,4.87583616,3.00000000));
#3298 = DIRECTION('',(-0.25882011,0.96592554,0.00000000));
#3299 = VECTOR('',#3298,0.02656506);
#3300 = LINE('',#3297,#3299);
#3301 = EDGE_CURVE('',#3284,#3286,#3300,.T.);
#3302 = CARTESIAN_POINT('',(2.98338171,4.90149603,3.00000000));
#3303 = DIRECTION('',(0.00000000,0.00000000,-1.00000000));
#3304 = VECTOR('',#3303,3.00000000);
#3305 = LINE('',#3302,#3304);
#3306 = EDGE_CURVE('',#3286,#3280,#3305,.T.);
#3307 = ORIENTED_EDGE('',*,*,#3291,.T.);
#3308 = ORIENTED_EDGE('',*,*,#3296,.T.);
#3309 = ORIENTED_EDGE('',*,*,#3301,.T.);
#3310 = ORIENTED_EDGE('',*,*,#3306,.T.);
#3311 = EDGE_LOOP('',(#3307,#3308,#3309,#3310));
#3312 = FACE_OUTER_BOUND('',#3311,.T.);
#3313 = CARTESIAN_POINT('',(2.98338171,4.90149603,0.00000000));
#3314 = DIRECTION('',(-0.96592554,-0.25882011,0.00000000));
#3315 = DIRECTION('',(0.25882011,-0.96592554,0.00000000));
#3316 = AXIS2_PLACEMENT_3D('',#3313,#3314,#3315);
#3317 = PLANE('',#3316);
#3318 = ADVANCED_FACE('',(#3312),#3317,.T.);
#3319 = CARTESIAN_POINT('',(2.99025728,4.87583616,0.00000000));
#3320 = VERTEX_POINT('',#3319);
#3321 = CARTESIAN_POINT('',(3.00148418,4.85176005,0.00000000));
#3322 = VERTEX_POINT('',#3321);
#3323 = CARTESIAN_POINT('',(3.00148418,4.85176005,3.00000000));
#3324 = VERTEX_POINT('',#3323);
#3325 = CARTESIAN_POINT('',(2.99025728,4.87583616,3.00000000));
#3326 = VERTEX_POINT('',#3325);
#3327 = CARTESIAN_POINT('',(2.99025728,4.87583616,0.00000000));
#3328 = DIRECTION('',(0.42261892,-0.90630748,0.00000000));
#3329 = VECTOR('',#3328,0.02656506);
#3330 = LINE('',#3327,#3329);
#3331 = EDGE_CURVE('',#3320,#3322,#3330,.T.);
#3332 = CARTESIAN_POINT('',(3.00148418,4.85176005,0.00000000));
#3333 = DIRECTION('',(0.00000000,0.00000000,1.00000000));
#3334 = VECTOR('',#3333,3.00000000);
#3335 = LINE('',#3332,#3334);
#3336 = EDGE_CURVE('',#3322,#3324,#3335,.T.);
#3337 = CARTESIAN_POINT('',(3.00148418,4.85176005,3.00000000));
#3338 = DIRECTION('',(-0.42261892,0.90630748,0.00000000));
#3339 = VECTOR('',#3338,0.02656506);
#3340 = LINE('',#3337,#3339);
#3341 = EDGE_CURVE('',#3324,#3326,#3340,.T.);
#3342 = CARTESIAN_POINT('',(2.99025728,4.87583616,3.00000000));
#3343 = DIRECTION('',(0.00000000,0.00000000,-1.00000000));
#3344 = VECTOR('',#3343,3.00000000);
#3345 = LINE('',#3342,#3344);
#3346 = EDGE_CURVE('',#3326,#3320,#3345,.T.);
#3347 = ORIENTED_EDGE('',*,*,#3331,.T.);
#3348 = ORIENTED_EDGE('',*,*,#3336,.T.);
#3349 = ORIENTED_EDGE('',*,*,#3341,.T.);
#3350 = ORIENTED_EDGE('',*,*,#3346,.T.);
#3351 = EDGE_LOOP('',(#3347,#3348,#3349,#3350));
#3352 = FACE_OUTER_BOUND('',#3351,.T.);
#3353 = CARTESIAN_POINT('',(2.99025728,4.87583616,0.00000000));
#3354 = DIRECTION('',(-0.90630748,-0.42261892,0.00000000));
#3355 = DIRECTION('',(0.42261892,-0.90630748,0.00000000));
#3356 = AXIS2_PLACEMENT_3D('',#3353,#3354,#3355);
#3357 = PLANE('',#3356);
#3358 = ADVANCED_FACE('',(#3352),#3357,.T.);
#3359 = CARTESIAN_POINT('',(3.00148418,4.85176005,0.00000000));
#3360 = VERTEX_POINT('',#3359);
#3361 = CARTESIAN_POINT('',(3.01672127,4.82999924,0.00000000));
#3362 = VERTEX_POINT('',#3361);
#3363 = CARTESIAN_POINT('',(3.01672127,4.82999924,3.00000000));
#3364 = VERTEX_POINT('',#3363);
#3365 = CARTESIAN_POINT('',(3.00148418,4.85176005,3.00000000));
#3366 = VERTEX_POINT('',#3365);
#3367 = CARTESIAN_POINT('',(3.00148418,4.85176005,0.00000000));
#3368 = DIRECTION('',(0.57357674,-0.81915183,0.00000000));
#3369 = VECTOR('',#3368,0.02656506);
#3370 = LINE('',#3367,#3369);
#3371 = EDGE_CURVE('',#3360,#3362,#3370,.T.);
#3372 = CARTESIAN_POINT('',(3.01672127,4.82999924,0.00000000));
#3373 = DIRECTION('',(0.00000000,0.00000000,1.00000000));
#3374 = VECTOR('',#3373,3.00000000);
#3375 = LINE('',#3372,#3374);
#3376 = EDGE_CURVE('',#3362,#3364,#3375,.T.);
#3377 = CARTESIAN_POINT('',(3.01672127,4.82999924,3.00000000));
#3378 = DIRECTION('',(-0.57357674,0.81915183,0.00000000));
#3379 = VECTOR('',#3378,0.02656506);
#3380 = LINE('',#3377,#3379);
#3381 = EDGE_CURVE('',#3364,#3366,#3380,.T.);
#3382 = CARTESIAN_POINT('',(3.00148418,4.85176005,3.00000000));
#3383 = DIRECTION('',(0.00000000,0.00000000,-1.00000000));
#3384 = VECTOR('',#3383,3.00000000);
#3385 = LINE('',#3382,#3384);
#3386 = EDGE_CURVE('',#3366,#3360,#3385,.T.);
#3387 = ORIENTED_EDGE('',*,*,#3371,.T.);
#3388 = ORIENTED_EDGE('',*,*,#3376,.T.);
#3389 = ORIENTED_EDGE('',*,*,#3381,.T.);
#3390 = ORIENTED_EDGE('',*,*,#3386,.T.);
#3391 = EDGE_LOOP('',(#3387,#3388,#3389,#3390));
#3392 = FACE_OUTER_BOUND('',#3391,.T.);
#3393 = CARTESIAN_POINT('',(3.00148418,4.85176005,0.00000000));
#3394 = DIRECTION('',(-0.81915183,-0.57357674,0.00000000));
#3395 = DIRECTION('',(0.57357674,-0.81915183,0.00000000));
#3396 = AXIS2_PLACEMENT_3D('',#3393,#3394,#3395);
#3397 = PLANE('',#3396);
#3398 = ADVANCED_FACE('',(#3392),#3397,.T.);
#3399 = CARTESIAN_POINT('',(3.01672127,4.82999924,0.00000000));
#3400 = VERTEX_POINT('',#3399);
#3401 = CARTESIAN_POINT('',(3.03550561,4.81121490,0.00000000));
#3402 = VERTEX_POINT('',#3401);
#3403 = CARTESIAN_POINT('',(3.03550561,4.81121490,3.00000000));
#3404 = VERTEX_POINT('',#3403);
#3405 = CARTESIAN_POINT('',(3.01672127,4.82999924,3.00000000));
#3406 = VERTEX_POINT('',#3405);
#3407 = CARTESIAN_POINT('',(3.01672127,4.82999924,0.00000000));
#3408 = DIRECTION('',(0.70710678,-0.70710678,0.00000000));
#3409 = VECTOR('',#3408,0.02656506);
#3410 = LINE('',#3407,#3409);
#3411 = EDGE_CURVE('',#3400,#3402,#3410,.T.);
#3412 = CARTESIAN_POINT('',(3.03550561,4.81121490,0.00000000));
#3413 = DIRECTION('',(0.00000000,0.00000000,1.00000000));
#3414 = VECTOR('',#3413,3.00000000);
#3415 = LINE('',#3412,#3414);
#3416 = EDGE_CURVE('',#3402,#3404,#3415,.T.);
#3417 = CARTESIAN_POINT('',(3.03550561,4.81121490,3.00000000));
#3418 = DIRECTION('',(-0.70710678,0.70710678,0.00000000));
#3419 = VECTOR('',#3418,0.02656506);
#3420 = LINE('',#3417,#3419);
#3421 = EDGE_CURVE('',#3404,#3406,#3420,.T.);
#3422 = CARTESIAN_POINT('',(3.01672127,4.82999924,3.00000000));
#3423 = DIRECTION('',(0.00000000,0.00000000,-1.00000000));
#3424 = VECTOR('',#3423,3.00000000);
#3425 = LINE('',#3422,#3424);
#3426 = EDGE_CURVE('',#3406,#3400,#3425,.T.);
#3427 = ORIENTED_EDGE('',*,*,#3411,.T.);
#3428 = ORIENTED_EDGE('',*,*,#3416,.T.);
#3429 = ORIENTED_EDGE('',*,*,#3421,.T.);
#3430 = ORIENTED_EDGE('',*,*,#3426,.T.);
#3431 = EDGE_LOOP('',(#3427,#3428,#3429,#3430));
#3432 = FACE_OUTER_BOUND('',#3431,.T.);
#3433 = CARTESIAN_POINT('',(3.01672127,4.82999924,0.00000000));
#3434 = DIRECTION('',(-0.70710678,-0.70710678,0.00000000));
#3435 = DIRECTION('',(0.70710678,-0.70710678,0.00000000));
#3436 = AXIS2_PLACEMENT_3D('',#3433,#3434,#3435);
#3437 = PLANE('',#3436);
#3438 = ADVANCED_FACE('',(#3432),#3437,.T.);
#3439 = CARTESIAN_POINT('',(3.03550561,4.81121490,0.00000000));
#3440 = VERTEX_POINT('',#3439);
#3441 = CARTESIAN_POINT('',(3.05726642,4.79597780,0.00000000));
#3442 = VERTEX_POINT('',#3441);
#3443 = CARTESIAN_POINT('',(3.05726642,4.79597780,3.00000000));
#3444 = VERTEX_POINT('',#3443);
#3445 = CARTESIAN_POINT('',(3.03550561,4.81121490,3.00000000));
#3446 = VERTEX_POINT('',#3445);
#3447 = CARTESIAN_POINT('',(3.03550561,4.81121490,0.00000000));
#3448 = DIRECTION('',(0.81915183,-0.57357674,0.00000000));
#3449 = VECTOR('',#3448,0.02656506);
#3450 = LINE('',#3447,#3449);
#3451 = EDGE_CURVE('',#3440,#3442,#3450,.T.);
#3452 = CARTESIAN_POINT('',(3.05726642,4.79597780,0.00000000));
#3453 = DIRECTION('',(0.00000000,0.00000000,1.00000000));
#3454 = VECTOR('',#3453,3.00000000);
#3455 = LINE('',#3452,#3454);
#3456 = EDGE_CURVE('',#3442,#3444,#3455,.T.);
#3457 = CARTESIAN_POINT('',(3.05726642,4.79597780,3.00000000));
#3458 = DIRECTION('',(-0.81915183,0.57357674,0.00000000));
#3459 = VECTOR('',#3458,0.02656506);
#3460 = LINE('',#3457,#3459);
#3461 = EDGE_CURVE('',#3444,#3446,#3460,.T.);
#3462 = CARTESIAN_POINT('',(3.03550561,4.81121490,3.00000000));
#3463 = DIRECTION('',(0.00000000,0.00000000,-1.00000000));
#3464 = VECTOR('',#3463,3.00000000);
#3465 = LINE('',#3462,#3464);
#3466 = EDGE_CURVE('',#3446,#3440,#3465,.T.);
#3467 = ORIENTED_EDGE('',*,*,#3451,.T.);
#3468 = ORIENTED_EDGE('',*,*,#3456,.T.);
#3469 = ORIENTED_EDGE('',*,*,#3461,.T.);
#3470 = ORIENTED_EDGE('',*,*,#3466,.T.);
#3471 = EDGE_LOOP('',(#3467,#3468,#3469,#3470));
#3472 = FACE_OUTER_BOUND('',#3471,.T.);
#3473 = CARTESIAN_POINT('',(3.03550561,4.81121490,0.00000000));
#3474 = DIRECTION('',(-0.57357674,-0.81915183,0.00000000));
#3475 = DIRECTION('',(0.81915183,-0.57357674,0.00000000));
#3476 = AXIS2_PLACEMENT_3D('',#3473,#3474,#3475);
#3477 = PLANE('',#3476);
#3478 = ADVANCED_FACE('',(#3472),#3477,.T.);
#3479 = CARTESIAN_POINT('',(3.05726642,4.79597780,0.00000000));
#3480 = VERTEX_POINT('',#3479);
#3481 = CARTESIAN_POINT('',(3.08134254,4.78475091,0.00000000));
#3482 = VERTEX_POINT('',#3481);
#3483 = CARTESIAN_POINT('',(3.08134254,4.78475091,3.00000000));
#3484 = VERTEX_POINT('',#3483);
#3485 = CARTESIAN_POINT('',(3.05726642,4.79597780,3.00000000));
#3486 = VERTEX_POINT('',#3485);
#3487 = CARTESIAN_POINT('',(3.05726642,4.79597780,0.00000000));
#3488 = DIRECTION('',(0.90630748,-0.42261893,0.00000000));
#3489 = VECTOR('',#3488,0.02656506);
#3490 = LINE('',#3487,#3489);
#3491 = EDGE_CURVE('',#3480,#3482,#3490,.T.);
#3492 = CARTESIAN_POINT('',(3.08134254,4.78475091,0.00000000));
#3493 = DIRECTION('',(0.00000000,0.00000000,1.00000000));
#3494 = VECTOR('',#3493,3.00000000);
#3495 = LINE('',#3492,#3494);
#3496 = EDGE_CURVE('',#3482,#3484,#3495,.T.);
#3497 = CARTESIAN_POINT('',(3.08134254,4.78475091,3.00000000));
#3498 = DIRECTION('',(-0.90630748,0.42261893,0.00000000));
#3499 = VECTOR('',#3498,0.02656506);
#3500 = LINE('',#3497,#3499);
#3501 = EDGE_CURVE('',#3484,#3486,#3500,.T.);
#3502 = CARTESIAN_POINT('',(3.05726642,4.79597780,3.00000000));
#3503 = DIRECTION('',(0.00000000,0.00000000,-1.00000000));
#3504 = VECTOR('',#3503,3.00000000);
#3505 = LINE('',#3502,#3504);
#3506 = EDGE_CURVE('',#3486,#3480,#3505,.T.);
#3507 = ORIENTED_EDGE('',*,*,#3491,.T.);
#3508 = ORIENTED_EDGE('',*,*,#3496,.T.);
#3509 = ORIENTED_EDGE('',*,*,#3501,.T.);
#3510 = ORIENTED_EDGE('',*,*,#3506,.T.);
#3511 = EDGE_LOOP('',(#3507,#3508,#3509,#3510));
#3512 = FACE_OUTER_BOUND('',#3511,.T.);
#3513 = CARTESIAN_POINT('',(3.05726642,4.79597780,0.00000000));
#3514 = DIRECTION('',(-0.42261893,-0.90630748,0.00000000));
#3515 = DIRECTION('',(0.90630748,-0.42261893,0.00000000));
#3516 = AXIS2_PLACEMENT_3D('',#3513,#3514,#3515);
#3517 = PLANE('',#3516);
#3518 = ADVANCED_FACE('',(#3512),#3517,.T.);
#3519 = CARTESIAN_POINT('',(3.08134254,4.78475091,0.00000000));
#3520 = VERTEX_POINT('',#3519);
#3521 = CARTESIAN_POINT('',(3.10700240,4.77787534,0.00000000));
#3522 = VERTEX_POINT('',#3521);
#3523 = CARTESIAN_POINT('',(3.10700240,4.77787534,3.00000000));
#3524 = VERTEX_POINT('',#3523);
#3525 = CARTESIAN_POINT('',(3.08134254,4.78475091,3.00000000));
#3526 = VERTEX_POINT('',#3525);
#3527 = CARTESIAN_POINT('',(3.08134254,4.78475091,0.00000000));
#3528 = DIRECTION('',(0.96592554,-0.25882011,0.00000000));
#3529 = VECTOR('',#3528,0.02656506);
#3530 = LINE('',#3527,#3529);
#3531 = EDGE_CURVE('',#3520,#3522,#3530,.T.);
#3532 = CARTESIAN_POINT('',(3.10700240,4.77787534,0.00000000));
#3533 = DIRECTION('',(0.00000000,0.00000000,1.00000000));
#3534 = VECTOR('',#3533,3.00000000);
#3535 = LINE('',#3532,#3534);
#3536 = EDGE_CURVE('',#3522,#3524,#3535,.T.);
#3537 = CARTESIAN_POINT('',(3.10700240,4.77787534,3.00000000));
#3538 = DIRECTION('',(-0.96592554,0.25882011,0.00000000));
#3539 = VECTOR('',#3538,0.02656506);
#3540 = LINE('',#3537,#3539);
#3541 = EDGE_CURVE('',#3524,#3526,#3540,.T.);
#3542 = CARTESIAN_POINT('',(3.08134254,4.78475091,3.00000000));
#3543 = DIRECTION('',(0.00000000,0.00000000,-1.00000000));
#3544 = VECTOR('',#3543,3.00000000);
#3545 = LINE('',#3542,#3544);
#3546 = EDGE_CURVE('',#3526,#3520,#3545,.T.);
#3547 = ORIENTED_EDGE('',*,*,#3531,.T.);
#3548 = ORIENTED_EDGE('',*,*,#3536,.T.);
#3549 = ORIENTED_EDGE('',*,*,#3541,.T.);
#3550 = ORIENTED_EDGE('',*,*,#3546,.T.);
#3551 = EDGE_LOOP('',(#3547,#3548,#3549,#3550));
#3552 = FACE_OUTER_BOUND('',#3551,.T.);
#3553 = CARTESIAN_POINT('',(3.08134254,4.78475091,0.00000000));
#3554 = DIRECTION('',(-0.25882011,-0.96592554,0.00000000));
#3555 = DIRECTION('',(0.96592554,-0.25882011,0.00000000));
#3556 = AXIS2_PLACEMENT_3D('',#3553,#3554,#3555);
#3557 = PLANE('',#3556);
#3558 = ADVANCED_FACE('',(#3552),#3557,.T.);
#3559 = CARTESIAN_POINT('',(3.10700240,4.77787534,0.00000000));
#3560 = VERTEX_POINT('',#3559);
#3561 = CARTESIAN_POINT('',(3.13346637,4.77556000,0.00000000));
#3562 = VERTEX_POINT('',#3561);
#3563 = CARTESIAN_POINT('',(3.13346637,4.77556000,3.00000000));
#3564 = VERTEX_POINT('',#3563);
#3565 = CARTESIAN_POINT('',(3.10700240,4.77787534,3.00000000));
#3566 = VERTEX_POINT('',#3565);
#3567 = CARTESIAN_POINT('',(3.10700240,4.77787534,0.00000000));
#3568 = DIRECTION('',(0.99619457,-0.08715720,0.00000000));
#3569 = VECTOR('',#3568,0.02656506);
#3570 = LINE('',#3567,#3569);
#3571 = EDGE_CURVE('',#3560,#3562,#3570,.T.);
#3572 = CARTESIAN_POINT('',(3.13346637,4.77556000,0.00000000));
#3573 = DIRECTION('',(0.00000000,0.00000000,1.00000000));
#3574 = VECTOR('',#3573,3.00000000);
#3575 = LINE('',#3572,#3574);
#3576 = EDGE_CURVE('',#3562,#3564,#3575,.T.);
#3577 = CARTESIAN_POINT('',(3.13346637,4.77556000,3.00000000));
#3578 = DIRECTION('',(-0.99619457,0.08715720,0.00000000));
#3579 = VECTOR('',#3578,0.02656506);
#3580 = LINE('',#3577,#3579);
#3581 = EDGE_CURVE('',#3564,#3566,#3580,.T.);
#3582 = CARTESIAN_POINT('',(3.10700240,4.77787534,3.00000000));
#3583 = DIRECTION('',(0.00000000,0.00000000,-1.00000000));
#3584 = VECTOR('',#3583,3.00000000);
#3585 = LINE('',#3582,#3584);
#3586 = EDGE_CURVE('',#3566,#3560,#3585,.T.);
#3587 = ORIENTED_EDGE('',*,*,#3571,.T.);
#3588 = ORIENTED_EDGE('',*,*,#3576,.T.);
#3589 = ORIENTED_EDGE('',*,*,#3581,.T.);
#3590 = ORIENTED_EDGE('',*,*,#3586,.T.);
#3591 = EDGE_LOOP('',(#3587,#3588,#3589,#3590));
#3592 = FACE_OUTER_BOUND('',#3591,.T.);
#3593 = CARTESIAN_POINT('',(3.10700240,4.77787534,0.00000000));
#3594 = DIRECTION('',(-0.08715720,-0.99619457,0.00000000));
#3595 = DIRECTION('',(0.99619457,-0.08715720,0.00000000));
#3596 = AXIS2_PLACEMENT_3D('',#3593,#3594,#3595);
#3597 = PLANE('',#3596);
#3598 = ADVANCED_FACE('',(#3592),#3597,.T.);
#3599 = CARTESIAN_POINT('',(3.13346637,4.77556000,0.00000000));
#3600 = VERTEX_POINT('',#3599);
#3601 = CARTESIAN_POINT('',(50.50446637,4.75016000,0.00000000));
#3602 = VERTEX_POINT('',#3601);
#3603 = CARTESIAN_POINT('',(50.50446637,4.75016000,3.00000000));
#3604 = VERTEX_POINT('',#3603);
#3605 = CARTESIAN_POINT('',(3.13346637,4.77556000,3.00000000));
#3606 = VERTEX_POINT('',#3605);
#3607 = CARTESIAN_POINT('',(3.13346637,4.77556000,0.00000000));
#3608 = DIRECTION('',(0.99999986,-0.00053619,0.00000000));
#3609 = VECTOR('',#3608,47.37100681);
#3610 = LINE('',#3607,#3609);
#3611 = EDGE_CURVE('',#3600,#3602,#3610,.T.);
#3612 = CARTESIAN_POINT('',(50.50446637,4.75016000,0.00000000));
#3613 = DIRECTION('',(0.00000000,0.00000000,1.00000000));
#3614 = VECTOR('',#3613,3.00000000);
#3615 = LINE('',#3612,#3614);
#3616 = EDGE_CURVE('',#3602,#3604,#3615,.T.);
#3617 = CARTESIAN_POINT('',(50.50446637,4.75016000,3.00000000));
#3618 = DIRECTION('',(-0.99999986,0.00053619,0.00000000));
#3619 = VECTOR('',#3618,47.37100681);
#3620 = LINE('',#3617,#3619);
#3621 = EDGE_CURVE('',#3604,#3606,#3620,.T.);
#3622 = CARTESIAN_POINT('',(3.13346637,4.77556000,3.00000000));
#3623 = DIRECTION('',(0.00000000,0.00000000,-1.00000000));
#3624 = VECTOR('',#3623,3.00000000);
#3625 = LINE('',#3622,#3624);
#3626 = EDGE_CURVE('',#3606,#3600,#3625,.T.);
#3627 = ORIENTED_EDGE('',*,*,#3611,.T.);
#3628 = ORIENTED_EDGE('',*,*,#3616,.T.);
#3629 = ORIENTED_EDGE('',*,*,#3621,.T.);
#3630 = ORIENTED_EDGE('',*,*,#3626,.T.);
#3631 = EDGE_LOOP('',(#3627,#3628,#3629,#3630));
#3632 = FACE_OUTER_BOUND('',#3631,.T.);
#3633 = CARTESIAN_POINT('',(3.13346637,4.77556000,0.00000000));
#3634 = DIRECTION('',(-0.00053619,-0.99999986,0.00000000));
#3635 = DIRECTION('',(0.99999986,-0.00053619,0.00000000));
#3636 = AXIS2_PLACEMENT_3D('',#3633,#3634,#3635);
#3637 = PLANE('',#3636);
#3638 = ADVANCED_FACE('',(#3632),#3637,.T.);
#3639 = CARTESIAN_POINT('',(50.50446637,4.75016000,0.00000000));
#3640 = VERTEX_POINT('',#3639);
#3641 = CARTESIAN_POINT('',(50.53534110,4.74745903,0.00000000));
#3642 = VERTEX_POINT('',#3641);
#3643 = CARTESIAN_POINT('',(50.53534110,4.74745903,3.00000000));
#3644 = VERTEX_POINT('',#3643);
#3645 = CARTESIAN_POINT('',(50.50446637,4.75016000,3.00000000));
#3646 = VERTEX_POINT('',#3645);
#3647 = CARTESIAN_POINT('',(50.50446637,4.75016000,0.00000000));
#3648 = DIRECTION('',(0.99619531,-0.08714870,0.00000000));
#3649 = VECTOR('',#3648,0.03099265);
#3650 = LINE('',#3647,#3649);
#3651 = EDGE_CURVE('',#3640,#3642,#3650,.T.);
#3652 = CARTESIAN_POINT('',(50.53534110,4.74745903,0.00000000));
#3653 = DIRECTION('',(0.00000000,0.00000000,1.00000000));
#3654 = VECTOR('',#3653,3.00000000);
#3655 = LINE('',#3652,#3654);
#3656 = EDGE_CURVE('',#3642,#3644,#3655,.T.);
#3657 = CARTESIAN_POINT('',(50.53534110,4.74745903,3.00000000));
#3658 = DIRECTION('',(-0.99619531,0.08714870,0.00000000));
#3659 = VECTOR('',#3658,0.03099265);
#3660 = LINE('',#3657,#3659);
#3661 = EDGE_CURVE('',#3644,#3646,#3660,.T.);
#3662 = CARTESIAN_POINT('',(50.50446637,4.75016000,3.00000000));
#3663 = DIRECTION('',(0.00000000,0.00000000,-1.00000000));
#3664 = VECTOR('',#3663,3.00000000);
#3665 = LINE('',#3662,#3664);
#3666 = EDGE_CURVE('',#3646,#3640,#3665,.T.);
#3667 = ORIENTED_EDGE('',*,*,#3651,.T.);
#3668 = ORIENTED_EDGE('',*,*,#3656,.T.);
#3669 = ORIENTED_EDGE('',*,*,#3661,.T.);
#3670 = ORIENTED_EDGE('',*,*,#3666,.T.);
#3671 = EDGE_LOOP('',(#3667,#3668,#3669,#3670));
#3672 = FACE_OUTER_BOUND('',#3671,.T.);
#3673 = CARTESIAN_POINT('',(50.50446637,4.75016000,0.00000000));
#3674 = DIRECTION('',(-0.08714870,-0.99619531,0.00000000));
#3675 = DIRECTION('',(0.99619531,-0.08714870,0.00000000));
#3676 = AXIS2_PLACEMENT_3D('',#3673,#3674,#3675);
#3677 = PLANE('',#3676);
#3678 = ADVANCED_FACE('',(#3672),#3677,.T.);
#3679 = CARTESIAN_POINT('',(50.53534110,4.74745903,0.00000000));
#3680 = VERTEX_POINT('',#3679);
#3681 = CARTESIAN_POINT('',(50.56527775,4.73943770,0.00000000));
#3682 = VERTEX_POINT('',#3681);
#3683 = CARTESIAN_POINT('',(50.56527775,4.73943770,3.00000000));
#3684 = VERTEX_POINT('',#3683);
#3685 = CARTESIAN_POINT('',(50.53534110,4.74745903,3.00000000));
#3686 = VERTEX_POINT('',#3685);
#3687 = CARTESIAN_POINT('',(50.53534110,4.74745903,0.00000000));
#3688 = DIRECTION('',(0.96592720,-0.25881392,0.00000000));
#3689 = VECTOR('',#3688,0.03099265);
#3690 = LINE('',#3687,#3689);
#3691 = EDGE_CURVE('',#3680,#3682,#3690,.T.);
#3692 = CARTESIAN_POINT('',(50.56527775,4.73943770,0.00000000));
#3693 = DIRECTION('',(0.00000000,0.00000000,1.00000000));
#3694 = VECTOR('',#3693,3.00000000);
#3695 = LINE('',#3692,#3694);
#3696 = EDGE_CURVE('',#3682,#3684,#3695,.T.);
#3697 = CARTESIAN_POINT('',(50.56527775,4.73943770,3.00000000));
#3698 = DIRECTION('',(-0.96592720,0.25881392,0.00000000));
#3699 = VECTOR('',#3698,0.03099265);
#3700 = LINE('',#3697,#3699);
#3701 = EDGE_CURVE('',#3684,#3686,#3700,.T.);
#3702 = CARTESIAN_POINT('',(50.53534110,4.74745903,3.00000000));
#3703 = DIRECTION('',(0.00000000,0.00000000,-1.00000000));
#3704 = VECTOR('',#3703,3.00000000);
#3705 = LINE('',#3702,#3704);
#3706 = EDGE_CURVE('',#3686,#3680,#3705,.T.);
#3707 = ORIENTED_EDGE('',*,*,#3691,.T.);
#3708 = ORIENTED_EDGE('',*,*,#3696,.T.);
#3709 = ORIENTED_EDGE('',*,*,#3701,.T.);
#3710 = ORIENTED_EDGE('',*,*,#3706,.T.);
#3711 = EDGE_LOOP('',(#3707,#3708,#3709,#3710));
#3712 = FACE_OUTER_BOUND('',#3711,.T.);
#3713 = CARTESIAN_POINT('',(50.53534110,4.74745903,0.00000000));
#3714 = DIRECTION('',(-0.25881392,-0.96592720,0.00000000));
#3715 = DIRECTION('',(0.96592720,-0.25881392,0.00000000));
#3716 = AXIS2_PLACEMENT_3D('',#3713,#3714,#3715);
#3717 = PLANE('',#3716);
#3718 = ADVANCED_FACE('',(#3712),#3717,.T.);
#3719 = CARTESIAN_POINT('',(50.56527775,4.73943770,0.00000000));
#3720 = VERTEX_POINT('',#3719);
#3721 = CARTESIAN_POINT('',(50.59336667,4.72633974,0.00000000));
#3722 = VERTEX_POINT('',#3721);
#3723 = CARTESIAN_POINT('',(50.59336667,4.72633974,3.00000000));
#3724 = VERTEX_POINT('',#3723);
#3725 = CARTESIAN_POINT('',(50.56527775,4.73943770,3.00000000));
#3726 = VERTEX_POINT('',#3725);
#3727 = CARTESIAN_POINT('',(50.56527775,4.73943770,0.00000000));
#3728 = DIRECTION('',(0.90630928,-0.42261506,0.00000000));
#3729 = VECTOR('',#3728,0.03099265);
#3730 = LINE('',#3727,#3729);
#3731 = EDGE_CURVE('',#3720,#3722,#3730,.T.);
#3732 = CARTESIAN_POINT('',(50.59336667,4.72633974,0.00000000));
#3733 = DIRECTION('',(0.00000000,0.00000000,1.00000000));
#3734 = VECTOR('',#3733,3.00000000);
#3735 = LINE('',#3732,#3734);
#3736 = EDGE_CURVE('',#3722,#3724,#3735,.T.);
#3737 = CARTESIAN_POINT('',(50.59336667,4.72633974,3.00000000));
#3738 = DIRECTION('',(-0.90630928,0.42261506,0.00000000));
#3739 = VECTOR('',#3738,0.03099265);
#3740 = LINE('',#3737,#3739);
#3741 = EDGE_CURVE('',#3724,#3726,#3740,.T.);
#3742 = CARTESIAN_POINT('',(50.56527775,4.73943770,3.00000000));
#3743 = DIRECTION('',(0.00000000,0.00000000,-1.00000000));
#3744 = VECTOR('',#3743,3.00000000);
#3745 = LINE('',#3742,#3744);
#3746 = EDGE_CURVE('',#3726,#3720,#3745,.T.);
#3747 = ORIENTED_EDGE('',*,*,#3731,.T.);
#3748 = ORIENTED_EDGE('',*,*,#3736,.T.);
#3749 = ORIENTED_EDGE('',*,*,#3741,.T.);
#3750 = ORIENTED_EDGE('',*,*,#3746,.T.);
#3751 = EDGE_LOOP('',(#3747,#3748,#3749,#3750));
#3752 = FACE_OUTER_BOUND('',#3751,.T.);
#3753 = CARTESIAN_POINT('',(50.56527775,4.73943770,0.00000000));
#3754 = DIRECTION('',(-0.42261506,-0.90630928,0.00000000));
#3755 = DIRECTION('',(0.90630928,-0.42261506,0.00000000));
#3756 = AXIS2_PLACEMENT_3D('',#3753,#3754,#3755);
#3757 = PLANE('',#3756);
#3758 = ADVANCED_FACE('',(#3752),#3757,.T.);
#3759 = CARTESIAN_POINT('',(50.59336667,4.72633974,0.00000000));
#3760 = VERTEX_POINT('',#3759);
#3761 = CARTESIAN_POINT('',(50.61875439,4.70856313,0.00000000));
#3762 = VERTEX_POINT('',#3761);
#3763 = CARTESIAN_POINT('',(50.61875439,4.70856313,3.00000000));
#3764 = VERTEX_POINT('',#3763);
#3765 = CARTESIAN_POINT('',(50.59336667,4.72633974,3.00000000));
#3766 = VERTEX_POINT('',#3765);
#3767 = CARTESIAN_POINT('',(50.59336667,4.72633974,0.00000000));
#3768 = DIRECTION('',(0.81915306,-0.57357499,0.00000000));
#3769 = VECTOR('',#3768,0.03099265);
#3770 = LINE('',#3767,#3769);
#3771 = EDGE_CURVE('',#3760,#3762,#3770,.T.);
#3772 = CARTESIAN_POINT('',(50.61875439,4.70856313,0.00000000));
#3773 = DIRECTION('',(0.00000000,0.00000000,1.00000000));
#3774 = VECTOR('',#3773,3.00000000);
#3775 = LINE('',#3772,#3774);
#3776 = EDGE_CURVE('',#3762,#3764,#3775,.T.);
#3777 = CARTESIAN_POINT('',(50.61875439,4.70856313,3.00000000));
#3778 = DIRECTION('',(-0.81915306,0.57357499,0.00000000));
#3779 = VECTOR('',#3778,0.03099265);
#3780 = LINE('',#3777,#3779);
#3781 = EDGE_CURVE('',#3764,#3766,#3780,.T.);
#3782 = CARTESIAN_POINT('',(50.59336667,4.72633974,3.00000000));
#3783 = DIRECTION('',(0.00000000,0.00000000,-1.00000000));
#3784 = VECTOR('',#3783,3.00000000);
#3785 = LINE('',#3782,#3784);
#3786 = EDGE_CURVE('',#3766,#3760,#3785,.T.);
#3787 = ORIENTED_EDGE('',*,*,#3771,.T.);
#3788 = ORIENTED_EDGE('',*,*,#3776,.T.);
#3789 = ORIENTED_EDGE('',*,*,#3781,.T.);
#3790 = ORIENTED_EDGE('',*,*,#3786,.T.);
#3791 = EDGE_LOOP('',(#3787,#3788,#3789,#3790));
#3792 = FACE_OUTER_BOUND('',#3791,.T.);
#3793 = CARTESIAN_POINT('',(50.59336667,4.72633974,0.00000000));
#3794 = DIRECTION('',(-0.57357499,-0.81915306,0.00000000));
#3795 = DIRECTION('',(0.81915306,-0.57357499,0.00000000));
#3796 = AXIS2_PLACEMENT_3D('',#3793,#3794,#3795);
#3797 = PLANE('',#3796);
#3798 = ADVANCED_FACE('',(#3792),#3797,.T.);
#3799 = CARTESIAN_POINT('',(50.61875439,4.70856313,0.00000000));
#3800 = VERTEX_POINT('',#3799);
#3801 = CARTESIAN_POINT('',(50.64066951,4.68664802,0.00000000));
#3802 = VERTEX_POINT('',#3801);
#3803 = CARTESIAN_POINT('',(50.64066951,4.68664802,3.00000000));
#3804 = VERTEX_POINT('',#3803);
#3805 = CARTESIAN_POINT('',(50.61875439,4.70856313,3.00000000));
#3806 = VERTEX_POINT('',#3805);
#3807 = CARTESIAN_POINT('',(50.61875439,4.70856313,0.00000000));
#3808 = DIRECTION('',(0.70710678,-0.70710678,0.00000000));
#3809 = VECTOR('',#3808,0.03099265);
#3810 = LINE('',#3807,#3809);
#3811 = EDGE_CURVE('',#3800,#3802,#3810,.T.);
#3812 = CARTESIAN_POINT('',(50.64066951,4.68664802,0.00000000));
#3813 = DIRECTION('',(0.00000000,0.00000000,1.00000000));
#3814 = VECTOR('',#3813,3.00000000);
#3815 = LINE('',#3812,#3814);
#3816 = EDGE_CURVE('',#3802,#3804,#3815,.T.);
#3817 = CARTESIAN_POINT('',(50.64066951,4.68664802,3.00000000));
#3818 = DIRECTION('',(-0.70710678,0.70710678,0.00000000));
#3819 = VECTOR('',#3818,0.03099265);
#3820 = LINE('',#3817,#3819);
#3821 = EDGE_CURVE('',#3804,#3806,#3820,.T.);
#3822 = CARTESIAN_POINT('',(50.61875439,4.70856313,3.00000000));
#3823 = DIRECTION('',(0.00000000,0.00000000,-1.00000000));
#3824 = VECTOR('',#3823,3.00000000);
#3825 = LINE('',#3822,#3824);
#3826 = EDGE_CURVE('',#3806,#3800,#3825,.T.);
#3827 = ORIENTED_EDGE('',*,*,#3811,.T.);
#3828 = ORIENTED_EDGE('',*,*,#3816,.T.);
#3829 = ORIENTED_EDGE('',*,*,#3821,.T.);
#3830 = ORIENTED_EDGE('',*,*,#3826,.T.);
#3831 = EDGE_LOOP('',(#3827,#3828,#3829,#3830));
#3832 = FACE_OUTER_BOUND('',#3831,.T.);
#3833 = CARTESIAN_POINT('',(50.61875439,4.70856313,0.00000000));
#3834 = DIRECTION('',(-0.70710678,-0.70710678,0.00000000));
#3835 = DIRECTION('',(0.70710678,-0.70710678,0.00000000));
#3836 = AXIS2_PLACEMENT_3D('',#3833,#3834,#3835);
#3837 = PLANE('',#3836);
#3838 = ADVANCED_FACE('',(#3832),#3837,.T.);
#3839 = CARTESIAN_POINT('',(50.64066951,4.68664802,0.00000000));
#3840 = VERTEX_POINT('',#3839);
#3841 = CARTESIAN_POINT('',(50.65844611,4.66126030,0.00000000));
#3842 = VERTEX_POINT('',#3841);
#3843 = CARTESIAN_POINT('',(50.65844611,4.66126030,3.00000000));
#3844 = VERTEX_POINT('',#3843);
#3845 = CARTESIAN_POINT('',(50.64066951,4.68664802,3.00000000));
#3846 = VERTEX_POINT('',#3845);
#3847 = CARTESIAN_POINT('',(50.64066951,4.68664802,0.00000000));
#3848 = DIRECTION('',(0.57357499,-0.81915306,0.00000000));
#3849 = VECTOR('',#3848,0.03099265);
#3850 = LINE('',#3847,#3849);
#3851 = EDGE_CURVE('',#3840,#3842,#3850,.T.);
#3852 = CARTESIAN_POINT('',(50.65844611,4.66126030,0.00000000));
#3853 = DIRECTION('',(0.00000000,0.00000000,1.00000000));
#3854 = VECTOR('',#3853,3.00000000);
#3855 = LINE('',#3852,#3854);
#3856 = EDGE_CURVE('',#3842,#3844,#3855,.T.);
#3857 = CARTESIAN_POINT('',(50.65844611,4.66126030,3.00000000));
#3858 = DIRECTION('',(-0.57357499,0.81915306,0.00000000));
#3859 = VECTOR('',#3858,0.03099265);
#3860 = LINE('',#3857,#3859);
#3861 = EDGE_CURVE('',#3844,#3846,#3860,.T.);
#3862 = CARTESIAN_POINT('',(50.64066951,4.68664802,3.00000000));
#3863 = DIRECTION('',(0.00000000,0.00000000,-1.00000000));
#3864 = VECTOR('',#3863,3.00000000);
#3865 = LINE('',#3862,#3864);
#3866 = EDGE_CURVE('',#3846,#3840,#3865,.T.);
#3867 = ORIENTED_EDGE('',*,*,#3851,.T.);
#3868 = ORIENTED_EDGE('',*,*,#3856,.T.);
#3869 = ORIENTED_EDGE('',*,*,#3861,.T.);
#3870 = ORIENTED_EDGE('',*,*,#3866,.T.);
#3871 = EDGE_LOOP('',(#3867,#3868,#3869,#3870));
#3872 = FACE_OUTER_BOUND('',#3871,.T.);
#3873 = CARTESIAN_POINT('',(50.64066951,4.68664802,0.00000000));
#3874 = DIRECTION('',(-0.81915306,-0.57357499,0.00000000));
#3875 = DIRECTION('',(0.57357499,-0.81915306,0.00000000));
#3876 = AXIS2_PLACEMENT_3D('',#3873,#3874,#3875);
#3877 = PLANE('',#3876);
#3878 = ADVANCED_FACE('',(#3872),#3877,.T.);
#3879 = CARTESIAN_POINT('',(50.65844611,4.66126030,0.00000000));
#3880 = VERTEX_POINT('',#3879);
#3881 = CARTESIAN_POINT('',(50.67154407,4.63317137,0.00000000));
#3882 = VERTEX_POINT('',#3881);
#3883 = CARTESIAN_POINT('',(50.67154407,4.63317137,3.00000000));
#3884 = VERTEX_POINT('',#3883);
#3885 = CARTESIAN_POINT('',(50.65844611,4.66126030,3.00000000));
#3886 = VERTEX_POINT('',#3885);
#3887 = CARTESIAN_POINT('',(50.65844611,4.66126030,0.00000000));
#3888 = DIRECTION('',(0.42261506,-0.90630928,0.00000000));
#3889 = VECTOR('',#3888,0.03099265);
#3890 = LINE('',#3887,#3889);
#3891 = EDGE_CURVE('',#3880,#3882,#3890,.T.);
#3892 = CARTESIAN_POINT('',(50.67154407,4.63317137,0.00000000));
#3893 = DIRECTION('',(0.00000000,0.00000000,1.00000000));
#3894 = VECTOR('',#3893,3.00000000);
#3895 = LINE('',#3892,#3894);
#3896 = EDGE_CURVE('',#3882,#3884,#3895,.T.);
#3897 = CARTESIAN_POINT('',(50.67154407,4.63317137,3.00000000));
#3898 = DIRECTION('',(-0.42261506,0.90630928,0.00000000));
#3899 = VECTOR('',#3898,0.03099265);
#3900 = LINE('',#3897,#3899);
#3901 = EDGE_CURVE('',#3884,#3886,#3900,.T.);
#3902 = CARTESIAN_POINT('',(50.65844611,4.66126030,3.00000000));
#3903 = DIRECTION('',(0.00000000,0.00000000,-1.00000000));
#3904 = VECTOR('',#3903,3.00000000);
#3905 = LINE('',#3902,#3904);
#3906 = EDGE_CURVE('',#3886,#3880,#3905,.T.);
#3907 = ORIENTED_EDGE('',*,*,#3891,.T.);
#3908 = ORIENTED_EDGE('',*,*,#3896,.T.);
#3909 = ORIENTED_EDGE('',*,*,#3901,.T.);
#3910 = ORIENTED_EDGE('',*,*,#3906,.T.);
#3911 = EDGE_LOOP('',(#3907,#3908,#3909,#3910));
#3912 = FACE_OUTER_BOUND('',#3911,.T.);
#3913 = CARTESIAN_POINT('',(50.65844611,4.66126030,0.00000000));
#3914 = DIRECTION('',(-0.90630928,-0.42261506,0.00000000));
#3915 = DIRECTION('',(0.42261506,-0.90630928,0.00000000));
#3916 = AXIS2_PLACEMENT_3D('',#3913,#3914,#3915);
#3917 = PLANE('',#3916);
#3918 = ADVANCED_FACE('',(#3912),#3917,.T.);
#3919 = CARTESIAN_POINT('',(50.67154407,4.63317137,0.00000000));
#3920 = VERTEX_POINT('',#3919);
#3921 = CARTESIAN_POINT('',(50.67956540,4.60323473,0.00000000));
#3922 = VERTEX_POINT('',#3921);
#3923 = CARTESIAN_POINT('',(50.67956540,4.60323473,3.00000000));
#3924 = VERTEX_POINT('',#3923);
#3925 = CARTESIAN_POINT('',(50.67154407,4.63317137,3.00000000));
#3926 = VERTEX_POINT('',#3925);
#3927 = CARTESIAN_POINT('',(50.67154407,4.63317137,0.00000000));
#3928 = DIRECTION('',(0.25881392,-0.96592720,0.00000000));
#3929 = VECTOR('',#3928,0.03099265);
#3930 = LINE('',#3927,#3929);
#3931 = EDGE_CURVE('',#3920,#3922,#3930,.T.);
#3932 = CARTESIAN_POINT('',(50.67956540,4.60323473,0.00000000));
#3933 = DIRECTION('',(0.00000000,0.00000000,1.00000000));
#3934 = VECTOR('',#3933,3.00000000);
#3935 = LINE('',#3932,#3934);
#3936 = EDGE_CURVE('',#3922,#3924,#3935,.T.);
#3937 = CARTESIAN_POINT('',(50.67956540,4.60323473,3.00000000));
#3938 = DIRECTION('',(-0.25881392,0.96592720,0.00000000));
#3939 = VECTOR('',#3938,0.03099265);
#3940 = LINE('',#3937,#3939);
#3941 = EDGE_CURVE('',#3924,#3926,#3940,.T.);
#3942 = CARTESIAN_POINT('',(50.67154407,4.63317137,3.00000000));
#3943 = DIRECTION('',(0.00000000,0.00000000,-1.00000000));
#3944 = VECTOR('',#3943,3.00000000);
#3945 = LINE('',#3942,#3944);
#3946 = EDGE_CURVE('',#3926,#3920,#3945,.T.);
#3947 = ORIENTED_EDGE('',*,*,#3931,.T.);
#3948 = ORIENTED_EDGE('',*,*,#3936,.T.);
#3949 = ORIENTED_EDGE('',*,*,#3941,.T.);
#3950 = ORIENTED_EDGE('',*,*,#3946,.T.);
#3951 = EDGE_LOOP('',(#3947,#3948,#3949,#3950));
#3952 = FACE_OUTER_BOUND('',#3951,.T.);
#3953 = CARTESIAN_POINT('',(50.67154407,4.63317137,0.00000000));
#3954 = DIRECTION('',(-0.96592720,-0.25881392,0.00000000));
#3955 = DIRECTION('',(0.25881392,-0.96592720,0.00000000));
#3956 = AXIS2_PLACEMENT_3D('',#3953,#3954,#3955);
#3957 = PLANE('',#3956);
#3958 = ADVANCED_FACE('',(#3952),#3957,.T.);
#3959 = CARTESIAN_POINT('',(50.67956540,4.60323473,0.00000000));
#3960 = VERTEX_POINT('',#3959);
#3961 = CARTESIAN_POINT('',(50.68226637,4.57236000,0.00000000));
#3962 = VERTEX_POINT('',#3961);
#3963 = CARTESIAN_POINT('',(50.68226637,4.57236000,3.00000000));
#3964 = VERTEX_POINT('',#3963);
#3965 = CARTESIAN_POINT('',(50.67956540,4.60323473,3.00000000));
#3966 = VERTEX_POINT('',#3965);
#3967 = CARTESIAN_POINT('',(50.67956540,4.60323473,0.00000000));
#3968 = DIRECTION('',(0.08714870,-0.99619531,0.00000000));
#3969 = VECTOR('',#3968,0.03099265);
#3970 = LINE('',#3967,#3969);
#3971 = EDGE_CURVE('',#3960,#3962,#3970,.T.);
#3972 = CARTESIAN_POINT('',(50.68226637,4.57236000,0.00000000));
#3973 = DIRECTION('',(0.00000000,0.00000000,1.00000000));
#3974 = VECTOR('',#3973,3.00000000);
#3975 = LINE('',#3972,#3974);
#3976 = EDGE_CURVE('',#3962,#3964,#3975,.T.);
#3977 = CARTESIAN_POINT('',(50.68226637,4.57236000,3.00000000));
#3978 = DIRECTION('',(-0.08714870,0.99619531,0.00000000));
#3979 = VECTOR('',#3978,0.03099265);
#3980 = LINE('',#3977,#3979);
#3981 = EDGE_CURVE('',#3964,#3966,#3980,.T.);
#3982 = CARTESIAN_POINT('',(50.67956540,4.60323473,3.00000000));
#3983 = DIRECTION('',(0.00000000,0.00000000,-1.00000000));
#3984 = VECTOR('',#3983,3.00000000);
#3985 = LINE('',#3982,#3984);
#3986 = EDGE_CURVE('',#3966,#3960,#3985,.T.);
#3987 = ORIENTED_EDGE('',*,*,#3971,.T.);
#3988 = ORIENTED_EDGE('',*,*,#3976,.T.);
#3989 = ORIENTED_EDGE('',*,*,#3981,.T.);
#3990 = ORIENTED_EDGE('',*,*,#3986,.T.);
#3991 = EDGE_LOOP('',(#3987,#3988,#3989,#3990));
#3992 = FACE_OUTER_BOUND('',#3991,.T.);
#3993 = CARTESIAN_POINT('',(50.67956540,4.60323473,0.00000000));
#3994 = DIRECTION('',(-0.99619531,-0.08714870,0.00000000));
#3995 = DIRECTION('',(0.08714870,-0.99619531,0.00000000));
#3996 = AXIS2_PLACEMENT_3D('',#3993,#3994,#3995);
#3997 = PLANE('',#3996);
#3998 = ADVANCED_FACE('',(#3992),#3997,.T.);
#3999 = CARTESIAN_POINT('',(50.68226637,4.57236000,0.00000000));
#4000 = VERTEX_POINT('',#3999);
#4001 = CARTESIAN_POINT('',(50.68226637,2.92135300,0.00000000));
#4002 = VERTEX_POINT('',#4001);
#4003 = CARTESIAN_POINT('',(50.68226637,2.92135300,3.00000000));
#4004 = VERTEX_POINT('',#4003);
#4005 = CARTESIAN_POINT('',(50.68226637,4.57236000,3.00000000));
#4006 = VERTEX_POINT('',#4005);
#4007 = CARTESIAN_POINT('',(50.68226637,4.57236000,0.00000000));
#4008 = DIRECTION('',(0.00000000,-1.00000000,0.00000000));
#4009 = VECTOR('',#4008,1.65100700);
#4010 = LINE('',#4007,#4009);
#4011 = EDGE_CURVE('',#4000,#4002,#4010,.T.);
#4012 = CARTESIAN_POINT('',(50.68226637,2.92135300,0.00000000));
#4013 = DIRECTION('',(0.00000000,0.00000000,1.00000000));
#4014 = VECTOR('',#4013,3.00000000);
#4015 = LINE('',#4012,#4014);
#4016 = EDGE_CURVE('',#4002,#4004,#4015,.T.);
#4017 = CARTESIAN_POINT('',(50.68226637,2.92135300,3.00000000));
#4018 = DIRECTION('',(-0.00000000,1.00000000,0.00000000));
#4019 = VECTOR('',#4018,1.65100700);
#4020 = LINE('',#4017,#4019);
#4021 = EDGE_CURVE('',#4004,#4006,#4020,.T.);
#4022 = CARTESIAN_POINT('',(50.68226637,4.57236000,3.00000000));
#4023 = DIRECTION('',(0.00000000,0.00000000,-1.00000000));
#4024 = VECTOR('',#4023,3.00000000);
#4025 = LINE('',#4022,#4024);
#4026 = EDGE_CURVE('',#4006,#4000,#4025,.T.);
#4027 = ORIENTED_EDGE('',*,*,#4011,.T.);
#4028 = ORIENTED_EDGE('',*,*,#4016,.T.);
#4029 = ORIENTED_EDGE('',*,*,#4021,.T.);
#4030 = ORIENTED_EDGE('',*,*,#4026,.T.);
#4031 = EDGE_LOOP('',(#4027,#4028,#4029,#4030));
#4032 = FACE_OUTER_BOUND('',#4031,.T.);
#4033 = CARTESIAN_POINT('',(50.68226637,4.57236000,0.00000000));
#4034 = DIRECTION('',(-1.00000000,-0.00000000,0.00000000));
#4035 = DIRECTION('',(0.00000000,-1.00000000,0.00000000));
#4036 = AXIS2_PLACEMENT_3D('',#4033,#4034,#4035);
#4037 = PLANE('',#4036);
#4038 = ADVANCED_FACE('',(#4032),#4037,.T.);
#4039 = CARTESIAN_POINT('',(50.68226637,2.92135300,0.00000000));
#4040 = VERTEX_POINT('',#4039);
#4041 = CARTESIAN_POINT('',(50.68315982,2.86082519,0.00000000));
#4042 = VERTEX_POINT('',#4041);
#4043 = CARTESIAN_POINT('',(50.68315982,2.86082519,3.00000000));
#4044 = VERTEX_POINT('',#4043);
#4045 = CARTESIAN_POINT('',(50.68226637,2.92135300,3.00000000));
#4046 = VERTEX_POINT('',#4045);
#4047 = CARTESIAN_POINT('',(50.68226637,2.92135300,0.00000000));
#4048 = DIRECTION('',(0.01475933,-0.99989108,0.00000000));
#4049 = VECTOR('',#4048,0.06053440);
#4050 = LINE('',#4047,#4049);
#4051 = EDGE_CURVE('',#4040,#4042,#4050,.T.);
#4052 = CARTESIAN_POINT('',(50.68315982,2.86082519,0.00000000));
#4053 = DIRECTION('',(0.00000000,0.00000000,1.00000000));
#4054 = VECTOR('',#4053,3.00000000);
#4055 = LINE('',#4052,#4054);
#4056 = EDGE_CURVE('',#4042,#4044,#4055,.T.);
#4057 = CARTESIAN_POINT('',(50.68315982,2.86082519,3.00000000));
#4058 = DIRECTION('',(-0.01475933,0.99989108,0.00000000));
#4059 = VECTOR('',#4058,0.06053440);
#4060 = LINE('',#4057,#4059);
#4061 = EDGE_CURVE('',#4044,#4046,#4060,.T.);
#4062 = CARTESIAN_POINT('',(50.68226637,2.92135300,3.00000000));
#4063 = DIRECTION('',(0.00000000,0.00000000,-1.00000000));
#4064 = VECTOR('',#4063,3.00000000);
#4065 = LINE('',#4062,#4064);
#4066 = EDGE_CURVE('',#4046,#4040,#4065,.T.);
#4067 = ORIENTED_EDGE('',*,*,#4051,.T.);
#4068 = ORIENTED_EDGE('',*,*,#4056,.T.);
#4069 = ORIENTED_EDGE('',*,*,#4061,.T.);
#4070 = ORIENTED_EDGE('',*,*,#4066,.T.);
#4071 = EDGE_LOOP('',(#4067,#4068,#4069,#4070));
#4072 = FACE_OUTER_BOUND('',#4071,.T.);
#4073 = CARTESIAN_POINT('',(50.68226637,2.92135300,0.00000000));
#4074 = DIRECTION('',(-0.99989108,-0.01475933,0.00000000));
#4075 = DIRECTION('',(0.01475933,-0.99989108,0.00000000));
#4076 = AXIS2_PLACEMENT_3D('',#4073,#4074,#4075);
#4077 = PLANE('',#4076);
#4078 = ADVANCED_FACE('',(#4072),#4077,.T.);
#4079 = CARTESIAN_POINT('',(50.68315982,2.86082519,0.00000000));
#4080 = VERTEX_POINT('',#4079);
#4081 = CARTESIAN_POINT('',(50.69505827,2.80146453,0.00000000));
#4082 = VERTEX_POINT('',#4081);
#4083 = CARTESIAN_POINT('',(50.69505827,2.80146453,3.00000000));
#4084 = VERTEX_POINT('',#4083);
#4085 = CARTESIAN_POINT('',(50.68315982,2.86082519,3.00000000));
#4086 = VERTEX_POINT('',#4085);
#4087 = CARTESIAN_POINT('',(50.68315982,2.86082519,0.00000000));
#4088 = DIRECTION('',(0.19653412,-0.98049699,0.00000000));
#4089 = VECTOR('',#4088,0.06054140);
#4090 = LINE('',#4087,#4089);
#4091 = EDGE_CURVE('',#4080,#4082,#4090,.T.);
#4092 = CARTESIAN_POINT('',(50.69505827,2.80146453,0.00000000));
#4093 = DIRECTION('',(0.00000000,0.00000000,1.00000000));
#4094 = VECTOR('',#4093,3.00000000);
#4095 = LINE('',#4092,#4094);
#4096 = EDGE_CURVE('',#4082,#4084,#4095,.T.);
#4097 = CARTESIAN_POINT('',(50.69505827,2.80146453,3.00000000));
#4098 = DIRECTION('',(-0.19653412,0.98049699,0.00000000));
#4099 = VECTOR('',#4098,0.06054140);
#4100 = LINE('',#4097,#4099);
#4101 = EDGE_CURVE('',#4084,#4086,#4100,.T.);
#4102 = CARTESIAN_POINT('',(50.68315982,2.86082519,3.00000000));
#4103 = DIRECTION('',(0.00000000,0.00000000,-1.00000000));
#4104 = VECTOR('',#4103,3.00000000);
#4105 = LINE('',#4102,#4104);
#4106 = EDGE_CURVE('',#4086,#4080,#4105,.T.);
#4107 = ORIENTED_EDGE('',*,*,#4091,.T.);
#4108 = ORIENTED_EDGE('',*,*,#4096,.T.);
#4109 = ORIENTED_EDGE('',*,*,#4101,.T.);
#4110 = ORIENTED_EDGE('',*,*,#4106,.T.);
#4111 = EDGE_LOOP('',(#4107,#4108,#4109,#4110));
#4112 = FACE_OUTER_BOUND('',#4111,.T.);
#4113 = CARTESIAN_POINT('',(50.68315982,2.86082519,0.00000000));
#4114 = DIRECTION('',(-0.98049699,-0.19653412,0.00000000));
#4115 = DIRECTION('',(0.19653412,-0.98049699,0.00000000));
#4116 = AXIS2_PLACEMENT_3D('',#4113,#4114,#4115);
#4117 = PLANE('',#4116);
#4118 = ADVANCED_FACE('',(#4112),#4117,.T.);
#4119 = CARTESIAN_POINT('',(50.69505827,2.80146453,0.00000000));
#4120 = VERTEX_POINT('',#4119);
#4121 = CARTESIAN_POINT('',(50.71756409,2.74526178,0.00000000));
#4122 = VERTEX_POINT('',#4121);
#4123 = CARTESIAN_POINT('',(50.71756409,2.74526178,3.00000000));
#4124 = VERTEX_POINT('',#4123);
#4125 = CARTESIAN_POINT('',(50.69505827,2.80146453,3.00000000));
#4126 = VERTEX_POINT('',#4125);
#4127 = CARTESIAN_POINT('',(50.69505827,2.80146453,0.00000000));
#4128 = DIRECTION('',(0.37174268,-0.92833581,0.00000000));
#4129 = VECTOR('',#4128,0.06054140);
#4130 = LINE('',#4127,#4129);
#4131 = EDGE_CURVE('',#4120,#4122,#4130,.T.);
#4132 = CARTESIAN_POINT('',(50.71756409,2.74526178,0.00000000));
#4133 = DIRECTION('',(0.00000000,0.00000000,1.00000000));
#4134 = VECTOR('',#4133,3.00000000);
#4135 = LINE('',#4132,#4134);
#4136 = EDGE_CURVE('',#4122,#4124,#4135,.T.);
#4137 = CARTESIAN_POINT('',(50.71756409,2.74526178,3.00000000));
#4138 = DIRECTION('',(-0.37174268,0.92833581,0.00000000));
#4139 = VECTOR('',#4138,0.06054140);
#4140 = LINE('',#4137,#4139);
#4141 = EDGE_CURVE('',#4124,#4126,#4140,.T.);
#4142 = CARTESIAN_POINT('',(50.69505827,2.80146453,3.00000000));
#4143 = DIRECTION('',(0.00000000,0.00000000,-1.00000000));
#4144 = VECTOR('',#4143,3.00000000);
#4145 = LINE('',#4142,#4144);
#4146 = EDGE_CURVE('',#4126,#4120,#4145,.T.);
#4147 = ORIENTED_EDGE('',*,*,#4131,.T.);
#4148 = ORIENTED_EDGE('',*,*,#4136,.T.);
#4149 = ORIENTED_EDGE('',*,*,#4141,.T.);
#4150 = ORIENTED_EDGE('',*,*,#4146,.T.);
#4151 = EDGE_LOOP('',(#4147,#4148,#4149,#4150));
#4152 = FACE_OUTER_BOUND('',#4151,.T.);
#4153 = CARTESIAN_POINT('',(50.69505827,2.80146453,0.00000000));
#4154 = DIRECTION('',(-0.92833581,-0.37174268,0.00000000));
#4155 = DIRECTION('',(0.37174268,-0.92833581,0.00000000));
#4156 = AXIS2_PLACEMENT_3D('',#4153,#4154,#4155);
#4157 = PLANE('',#4156);
#4158 = ADVANCED_FACE('',(#4152),#4157,.T.);
#4159 = CARTESIAN_POINT('',(50.71756409,2.74526178,0.00000000));
#4160 = VERTEX_POINT('',#4159);
#4161 = CARTESIAN_POINT('',(50.74992517,2.69409517,0.00000000));
#4162 = VERTEX_POINT('',#4161);
#4163 = CARTESIAN_POINT('',(50.74992517,2.69409517,3.00000000));
#4164 = VERTEX_POINT('',#4163);
#4165 = CARTESIAN_POINT('',(50.71756409,2.74526178,3.00000000));
#4166 = VERTEX_POINT('',#4165);
#4167 = CARTESIAN_POINT('',(50.71756409,2.74526178,0.00000000));
#4168 = DIRECTION('',(0.53452803,-0.84515074,0.00000000));
#4169 = VECTOR('',#4168,0.06054140);
#4170 = LINE('',#4167,#4169);
#4171 = EDGE_CURVE('',#4160,#4162,#4170,.T.);
#4172 = CARTESIAN_POINT('',(50.74992517,2.69409517,0.00000000));
#4173 = DIRECTION('',(0.00000000,0.00000000,1.00000000));
#4174 = VECTOR('',#4173,3.00000000);
#4175 = LINE('',#4172,#4174);
#4176 = EDGE_CURVE('',#4162,#4164,#4175,.T.);
#4177 = CARTESIAN_POINT('',(50.74992517,2.69409517,3.00000000));
#4178 = DIRECTION('',(-0.53452803,0.84515074,0.00000000));
#4179 = VECTOR('',#4178,0.06054140);
#4180 = LINE('',#4177,#4179);
#4181 = EDGE_CURVE('',#4164,#4166,#4180,.T.);
#4182 = CARTESIAN_POINT('',(50.71756409,2.74526178,3.00000000));
#4183 = DIRECTION('',(0.00000000,0.00000000,-1.00000000));
#4184 = VECTOR('',#4183,3.00000000);
#4185 = LINE('',#4182,#4184);
#4186 = EDGE_CURVE('',#4166,#4160,#4185,.T.);
#4187 = ORIENTED_EDGE('',*,*,#4171,.T.);
#4188 = ORIENTED_EDGE('',*,*,#4176,.T.);
#4189 = ORIENTED_EDGE('',*,*,#4181,.T.);
#4190 = ORIENTED_EDGE('',*,*,#4186,.T.);
#4191 = EDGE_LOOP('',(#4187,#4188,#4189,#4190));
#4192 = FACE_OUTER_BOUND('',#4191,.T.);
#4193 = CARTESIAN_POINT('',(50.71756409,2.74526178,0.00000000));
#4194 = DIRECTION('',(-0.84515074,-0.53452803,0.00000000));
#4195 = DIRECTION('',(0.53452803,-0.84515074,0.00000000));
#4196 = AXIS2_PLACEMENT_3D('',#4193,#4194,#4195);
#4197 = PLANE('',#4196);
#4198 = ADVANCED_FACE('',(#4192),#4197,.T.);
#4199 = CARTESIAN_POINT('',(50.74992517,2.69409517,0.00000000));
#4200 = VERTEX_POINT('',#4199);
#4201 = CARTESIAN_POINT('',(50.79106003,2.64967463,0.00000000));
#4202 = VERTEX_POINT('',#4201);
#4203 = CARTESIAN_POINT('',(50.79106003,2.64967463,3.00000000));
#4204 = VERTEX_POINT('',#4203);
#4205 = CARTESIAN_POINT('',(50.74992517,2.69409517,3.00000000));
#4206 = VERTEX_POINT('',#4205);
#4207 = CARTESIAN_POINT('',(50.74992517,2.69409517,0.00000000));
#4208 = DIRECTION('',(0.67945009,-0.73372173,0.00000000));
#4209 = VECTOR('',#4208,0.06054140);
#4210 = LINE('',#4207,#4209);
#4211 = EDGE_CURVE('',#4200,#4202,#4210,.T.);
#4212 = CARTESIAN_POINT('',(50.79106003,2.64967463,0.00000000));
#4213 = DIRECTION('',(0.00000000,0.00000000,1.00000000));
#4214 = VECTOR('',#4213,3.00000000);
#4215 = LINE('',#4212,#4214);
#4216 = EDGE_CURVE('',#4202,#4204,#4215,.T.);
#4217 = CARTESIAN_POINT('',(50.79106003,2.64967463,3.00000000));
#4218 = DIRECTION('',(-0.67945009,0.73372173,0.00000000));
#4219 = VECTOR('',#4218,0.06054140);
#4220 = LINE('',#4217,#4219);
#4221 = EDGE_CURVE('',#4204,#4206,#4220,.T.);
#4222 = CARTESIAN_POINT('',(50.74992517,2.69409517,3.00000000));
#4223 = DIRECTION('',(0.00000000,0.00000000,-1.00000000));
#4224 = VECTOR('',#4223,3.00000000);
#4225 = LINE('',#4222,#4224);
#4226 = EDGE_CURVE('',#4206,#4200,#4225,.T.);
#4227 = ORIENTED_EDGE('',*,*,#4211,.T.);
#4228 = ORIENTED_EDGE('',*,*,#4216,.T.);
#4229 = ORIENTED_EDGE('',*,*,#4221,.T.);
#4230 = ORIENTED_EDGE('',*,*,#4226,.T.);
#4231 = EDGE_LOOP('',(#4227,#4228,#4229,#4230));
#4232 = FACE_OUTER_BOUND('',#4231,.T.);
#4233 = CARTESIAN_POINT('',(50.74992517,2.69409517,0.00000000));
#4234 = DIRECTION('',(-0.73372173,-0.67945009,0.00000000));
#4235 = DIRECTION('',(0.67945009,-0.73372173,0.00000000));
#4236 = AXIS2_PLACEMENT_3D('',#4233,#4234,#4235);
#4237 = PLANE('',#4236);
#4238 = ADVANCED_FACE('',(#4232),#4237,.T.);
#4239 = CARTESIAN_POINT('',(50.79106003,2.64967463,0.00000000));
#4240 = VERTEX_POINT('',#4239);
#4241 = CARTESIAN_POINT('',(50.83959400,2.61348464,0.00000000));
#4242 = VERTEX_POINT('',#4241);
#4243 = CARTESIAN_POINT('',(50.83959400,2.61348464,3.00000000));
#4244 = VERTEX_POINT('',#4243);
#4245 = CARTESIAN_POINT('',(50.79106003,2.64967463,3.00000000));
#4246 = VERTEX_POINT('',#4245);
#4247 = CARTESIAN_POINT('',(50.79106003,2.64967463,0.00000000));
#4248 = DIRECTION('',(0.80166572,-0.59777260,0.00000000));
#4249 = VECTOR('',#4248,0.06054140);
#4250 = LINE('',#4247,#4249);
#4251 = EDGE_CURVE('',#4240,#4242,#4250,.T.);
#4252 = CARTESIAN_POINT('',(50.83959400,2.61348464,0.00000000));
#4253 = DIRECTION('',(0.00000000,0.00000000,1.00000000));
#4254 = VECTOR('',#4253,3.00000000);
#4255 = LINE('',#4252,#4254);
#4256 = EDGE_CURVE('',#4242,#4244,#4255,.T.);
#4257 = CARTESIAN_POINT('',(50.83959400,2.61348464,3.00000000));
#4258 = DIRECTION('',(-0.80166572,0.59777260,0.00000000));
#4259 = VECTOR('',#4258,0.06054140);
#4260 = LINE('',#4257,#4259);
#4261 = EDGE_CURVE('',#4244,#4246,#4260,.T.);
#4262 = CARTESIAN_POINT('',(50.79106003,2.64967463,3.00000000));
#4263 = DIRECTION('',(0.00000000,0.00000000,-1.00000000));
#4264 = VECTOR('',#4263,3.00000000);
#4265 = LINE('',#4262,#4264);
#4266 = EDGE_CURVE('',#4246,#4240,#4265,.T.);
#4267 = ORIENTED_EDGE('',*,*,#4251,.T.);
#4268 = ORIENTED_EDGE('',*,*,#4256,.T.);
#4269 = ORIENTED_EDGE('',*,*,#4261,.T.);
#4270 = ORIENTED_EDGE('',*,*,#4266,.T.);
#4271 = EDGE_LOOP('',(#4267,#4268,#4269,#4270));
#4272 = FACE_OUTER_BOUND('',#4271,.T.);
#4273 = CARTESIAN_POINT('',(50.79106003,2.64967463,0.00000000));
#4274 = DIRECTION('',(-0.59777260,-0.80166572,0.00000000));
#4275 = DIRECTION('',(0.80166572,-0.59777260,0.00000000));
#4276 = AXIS2_PLACEMENT_3D('',#4273,#4274,#4275);
#4277 = PLANE('',#4276);
#4278 = ADVANCED_FACE('',(#4272),#4277,.T.);
#4279 = CARTESIAN_POINT('',(50.83959400,2.61348464,0.00000000));
#4280 = VERTEX_POINT('',#4279);
#4281 = CARTESIAN_POINT('',(50.89390512,2.58673462,0.00000000));
#4282 = VERTEX_POINT('',#4281);
#4283 = CARTESIAN_POINT('',(50.89390512,2.58673462,3.00000000));
#4284 = VERTEX_POINT('',#4283);
#4285 = CARTESIAN_POINT('',(50.83959400,2.61348464,3.00000000));
#4286 = VERTEX_POINT('',#4285);
#4287 = CARTESIAN_POINT('',(50.83959400,2.61348464,0.00000000));
#4288 = DIRECTION('',(0.89709062,-0.44184660,0.00000000));
#4289 = VECTOR('',#4288,0.06054140);
#4290 = LINE('',#4287,#4289);
#4291 = EDGE_CURVE('',#4280,#4282,#4290,.T.);
#4292 = CARTESIAN_POINT('',(50.89390512,2.58673462,0.00000000));
#4293 = DIRECTION('',(0.00000000,0.00000000,1.00000000));
#4294 = VECTOR('',#4293,3.00000000);
#4295 = LINE('',#4292,#4294);
#4296 = EDGE_CURVE('',#4282,#4284,#4295,.T.);
#4297 = CARTESIAN_POINT('',(50.89390512,2.58673462,3.00000000));
#4298 = DIRECTION('',(-0.89709062,0.44184660,0.00000000));
#4299 = VECTOR('',#4298,0.06054140);
#4300 = LINE('',#4297,#4299);
#4301 = EDGE_CURVE('',#4284,#4286,#4300,.T.);
#4302 = CARTESIAN_POINT('',(50.83959400,2.61348464,3.00000000));
#4303 = DIRECTION('',(0.00000000,0.00000000,-1.00000000));
#4304 = VECTOR('',#4303,3.00000000);
#4305 = LINE('',#4302,#4304);
#4306 = EDGE_CURVE('',#4286,#4280,#4305,.T.);
#4307 = ORIENTED_EDGE('',*,*,#4291,.T.);
#4308 = ORIENTED_EDGE('',*,*,#4296,.T.);
#4309 = ORIENTED_EDGE('',*,*,#4301,.T.);
#4310 = ORIENTED_EDGE('',*,*,#4306,.T.);
#4311 = EDGE_LOOP('',(#4307,#4308,#4309,#4310));
#4312 = FACE_OUTER_BOUND('',#4311,.T.);
#4313 = CARTESIAN_POINT('',(50.83959400,2.61348464,0.00000000));
#4314 = DIRECTION('',(-0.44184660,-0.89709062,0.00000000));
#4315 = DIRECTION('',(0.89709062,-0.44184660,0.00000000));
#4316 = AXIS2_PLACEMENT_3D('',#4313,#4314,#4315);
#4317 = PLANE('',#4316);
#4318 = ADVANCED_FACE('',(#4312),#4317,.T.);
#4319 = CARTESIAN_POINT('',(50.89390512,2.58673462,0.00000000));
#4320 = VERTEX_POINT('',#4319);
#4321 = CARTESIAN_POINT('',(50.95217839,2.57031854,0.00000000));
#4322 = VERTEX_POINT('',#4321);
#4323 = CARTESIAN_POINT('',(50.95217839,2.57031854,3.00000000));
#4324 = VERTEX_POINT('',#4323);
#4325 = CARTESIAN_POINT('',(50.89390512,2.58673462,3.00000000));
#4326 = VERTEX_POINT('',#4325);
#4327 = CARTESIAN_POINT('',(50.89390512,2.58673462,0.00000000));
#4328 = DIRECTION('',(0.96253580,-0.27115462,0.00000000));
#4329 = VECTOR('',#4328,0.06054140);
#4330 = LINE('',#4327,#4329);
#4331 = EDGE_CURVE('',#4320,#4322,#4330,.T.);
#4332 = CARTESIAN_POINT('',(50.95217839,2.57031854,0.00000000));
#4333 = DIRECTION('',(0.00000000,0.00000000,1.00000000));
#4334 = VECTOR('',#4333,3.00000000);
#4335 = LINE('',#4332,#4334);
#4336 = EDGE_CURVE('',#4322,#4324,#4335,.T.);
#4337 = CARTESIAN_POINT('',(50.95217839,2.57031854,3.00000000));
#4338 = DIRECTION('',(-0.96253580,0.27115462,0.00000000));
#4339 = VECTOR('',#4338,0.06054140);
#4340 = LINE('',#4337,#4339);
#4341 = EDGE_CURVE('',#4324,#4326,#4340,.T.);
#4342 = CARTESIAN_POINT('',(50.89390512,2.58673462,3.00000000));
#4343 = DIRECTION('',(0.00000000,0.00000000,-1.00000000));
#4344 = VECTOR('',#4343,3.00000000);
#4345 = LINE('',#4342,#4344);
#4346 = EDGE_CURVE('',#4326,#4320,#4345,.T.);
#4347 = ORIENTED_EDGE('',*,*,#4331,.T.);
#4348 = ORIENTED_EDGE('',*,*,#4336,.T.);
#4349 = ORIENTED_EDGE('',*,*,#4341,.T.);
#4350 = ORIENTED_EDGE('',*,*,#4346,.T.);
#4351 = EDGE_LOOP('',(#4347,#4348,#4349,#4350));
#4352 = FACE_OUTER_BOUND('',#4351,.T.);
#4353 = CARTESIAN_POINT('',(50.89390512,2.58673462,0.00000000));
#4354 = DIRECTION('',(-0.27115462,-0.96253580,0.00000000));
#4355 = DIRECTION('',(0.96253580,-0.27115462,0.00000000));
#4356 = AXIS2_PLACEMENT_3D('',#4353,#4354,#4355);
#4357 = PLANE('',#4356);
#4358 = ADVANCED_FACE('',(#4352),#4357,.T.);
#4359 = CARTESIAN_POINT('',(50.95217839,2.57031854,0.00000000));
#4360 = VERTEX_POINT('',#4359);
#4361 = CARTESIAN_POINT('',(51.01246637,2.56478500,0.00000000));
#4362 = VERTEX_POINT('',#4361);
#4363 = CARTESIAN_POINT('',(51.01246637,2.56478500,3.00000000));
#4364 = VERTEX_POINT('',#4363);
#4365 = CARTESIAN_POINT('',(50.95217839,2.57031854,3.00000000));
#4366 = VERTEX_POINT('',#4365);
#4367 = CARTESIAN_POINT('',(50.95217839,2.57031854,0.00000000));
#4368 = DIRECTION('',(0.99581417,-0.09140096,0.00000000));
#4369 = VECTOR('',#4368,0.06054140);
#4370 = LINE('',#4367,#4369);
#4371 = EDGE_CURVE('',#4360,#4362,#4370,.T.);
#4372 = CARTESIAN_POINT('',(51.01246637,2.56478500,0.00000000));
#4373 = DIRECTION('',(0.00000000,0.00000000,1.00000000));
#4374 = VECTOR('',#4373,3.00000000);
#4375 = LINE('',#4372,#4374);
#4376 = EDGE_CURVE('',#4362,#4364,#4375,.T.);
#4377 = CARTESIAN_POINT('',(51.01246637,2.56478500,3.00000000));
#4378 = DIRECTION('',(-0.99581417,0.09140096,0.00000000));
#4379 = VECTOR('',#4378,0.06054140);
#4380 = LINE('',#4377,#4379);
#4381 = EDGE_CURVE('',#4364,#4366,#4380,.T.);
#4382 = CARTESIAN_POINT('',(50.95217839,2.57031854,3.00000000));
#4383 = DIRECTION('',(0.00000000,0.00000000,-1.00000000));
#4384 = VECTOR('',#4383,3.00000000);
#4385 = LINE('',#4382,#4384);
#4386 = EDGE_CURVE('',#4366,#4360,#4385,.T.);
#4387 = ORIENTED_EDGE('',*,*,#4371,.T.);
#4388 = ORIENTED_EDGE('',*,*,#4376,.T.);
#4389 = ORIENTED_EDGE('',*,*,#4381,.T.);
#4390 = ORIENTED_EDGE('',*,*,#4386,.T.);
#4391 = EDGE_LOOP('',(#4387,#4388,#4389,#4390));
#4392 = FACE_OUTER_BOUND('',#4391,.T.);
#4393 = CARTESIAN_POINT('',(50.95217839,2.57031854,0.00000000));
#4394 = DIRECTION('',(-0.09140096,-0.99581417,0.00000000));
#4395 = DIRECTION('',(0.99581417,-0.09140096,0.00000000));
#4396 = AXIS2_PLACEMENT_3D('',#4393,#4394,#4395);
#4397 = PLANE('',#4396);
#4398 = ADVANCED_FACE('',(#4392),#4397,.T.);
#4399 = CARTESIAN_POINT('',(51.01246637,2.56478500,0.00000000));
#4400 = VERTEX_POINT('',#4399);
#4401 = CARTESIAN_POINT('',(70.97686637,2.56478500,0.00000000));
#4402 = VERTEX_POINT('',#4401);
#4403 = CARTESIAN_POINT('',(70.97686637,2.56478500,3.00000000));
#4404 = VERTEX_POINT('',#4403);
#4405 = CARTESIAN_POINT('',(51.01246637,2.56478500,3.00000000));
#4406 = VERTEX_POINT('',#4405);
#4407 = CARTESIAN_POINT('',(51.01246637,2.56478500,0.00000000));
#4408 = DIRECTION('',(1.00000000,0.00000000,0.00000000));
#4409 = VECTOR('',#4408,19.96440000);
#4410 = LINE('',#4407,#4409);
#4411 = EDGE_CURVE('',#4400,#4402,#4410,.T.);
#4412 = CARTESIAN_POINT('',(70.97686637,2.56478500,0.00000000));
#4413 = DIRECTION('',(0.00000000,0.00000000,1.00000000));
#4414 = VECTOR('',#4413,3.00000000);
#4415 = LINE('',#4412,#4414);
#4416 = EDGE_CURVE('',#4402,#4404,#4415,.T.);
#4417 = CARTESIAN_POINT('',(70.97686637,2.56478500,3.00000000));
#4418 = DIRECTION('',(-1.00000000,-0.00000000,0.00000000));
#4419 = VECTOR('',#4418,19.96440000);
#4420 = LINE('',#4417,#4419);
#4421 = EDGE_CURVE('',#4404,#4406,#4420,.T.);
#4422 = CARTESIAN_POINT('',(51.01246637,2.56478500,3.00000000));
#4423 = DIRECTION('',(0.00000000,0.00000000,-1.00000000));
#4424 = VECTOR('',#4423,3.00000000);
#4425 = LINE('',#4422,#4424);
#4426 = EDGE_CURVE('',#4406,#4400,#4425,.T.);
#4427 = ORIENTED_EDGE('',*,*,#4411,.T.);
#4428 = ORIENTED_EDGE('',*,*,#4416,.T.);
#4429 = ORIENTED_EDGE('',*,*,#4421,.T.);
#4430 = ORIENTED_EDGE('',*,*,#4426,.T.);
#4431 = EDGE_LOOP('',(#4427,#4428,#4429,#4430));
#4432 = FACE_OUTER_BOUND('',#4431,.T.);
#4433 = CARTESIAN_POINT('',(51.01246637,2.56478500,0.00000000));
#4434 = DIRECTION('',(0.00000000,-1.00000000,0.00000000));
#4435 = DIRECTION('',(1.00000000,0.00000000,0.00000000));
#4436 = AXIS2_PLACEMENT_3D('',#4433,#4434,#4435);
#4437 = PLANE('',#4436);
#4438 = ADVANCED_FACE('',(#4432),#4437,.T.);
#4439 = CARTESIAN_POINT('',(70.97686637,2.56478500,0.00000000));
#4440 = VERTEX_POINT('',#4439);
#4441 = CARTESIAN_POINT('',(71.00316112,2.56248470,0.00000000));
#4442 = VERTEX_POINT('',#4441);
#4443 = CARTESIAN_POINT('',(71.00316112,2.56248470,3.00000000));
#4444 = VERTEX_POINT('',#4443);
#4445 = CARTESIAN_POINT('',(70.97686637,2.56478500,3.00000000));
#4446 = VERTEX_POINT('',#4445);
#4447 = CARTESIAN_POINT('',(70.97686637,2.56478500,0.00000000));
#4448 = DIRECTION('',(0.99619532,-0.08714864,0.00000000));
#4449 = VECTOR('',#4448,0.02639517);
#4450 = LINE('',#4447,#4449);
#4451 = EDGE_CURVE('',#4440,#4442,#4450,.T.);
#4452 = CARTESIAN_POINT('',(71.00316112,2.56248470,0.00000000));
#4453 = DIRECTION('',(0.00000000,0.00000000,1.00000000));
#4454 = VECTOR('',#4453,3.00000000);
#4455 = LINE('',#4452,#4454);
#4456 = EDGE_CURVE('',#4442,#4444,#4455,.T.);
#4457 = CARTESIAN_POINT('',(71.00316112,2.56248470,3.00000000));
#4458 = DIRECTION('',(-0.99619532,0.08714864,0.00000000));
#4459 = VECTOR('',#4458,0.02639517);
#4460 = LINE('',#4457,#4459);
#4461 = EDGE_CURVE('',#4444,#4446,#4460,.T.);
#4462 = CARTESIAN_POINT('',(70.97686637,2.56478500,3.00000000));
#4463 = DIRECTION('',(0.00000000,0.00000000,-1.00000000));
#4464 = VECTOR('',#4463,3.00000000);
#4465 = LINE('',#4462,#4464);
#4466 = EDGE_CURVE('',#4446,#4440,#4465,.T.);
#4467 = ORIENTED_EDGE('',*,*,#4451,.T.);
#4468 = ORIENTED_EDGE('',*,*,#4456,.T.);
#4469 = ORIENTED_EDGE('',*,*,#4461,.T.);
#4470 = ORIENTED_EDGE('',*,*,#4466,.T.);
#4471 = EDGE_LOOP('',(#4467,#4468,#4469,#4470));
#4472 = FACE_OUTER_BOUND('',#4471,.T.);
#4473 = CARTESIAN_POINT('',(70.97686637,2.56478500,0.00000000));
#4474 = DIRECTION('',(-0.08714864,-0.99619532,0.00000000));
#4475 = DIRECTION('',(0.99619532,-0.08714864,0.00000000));
#4476 = AXIS2_PLACEMENT_3D('',#4473,#4474,#4475);
#4477 = PLANE('',#4476);
#4478 = ADVANCED_FACE('',(#4472),#4477,.T.);
#4479 = CARTESIAN_POINT('',(71.00316112,2.56248470,0.00000000));
#4480 = VERTEX_POINT('',#4479);
#4481 = CARTESIAN_POINT('',(71.02865694,2.55565326,0.00000000));
#4482 = VERTEX_POINT('',#4481);
#4483 = CARTESIAN_POINT('',(71.02865694,2.55565326,3.00000000));
#4484 = VERTEX_POINT('',#4483);
#4485 = CARTESIAN_POINT('',(71.00316112,2.56248470,3.00000000));
#4486 = VERTEX_POINT('',#4485);
#4487 = CARTESIAN_POINT('',(71.00316112,2.56248470,0.00000000));
#4488 = DIRECTION('',(0.96592721,-0.25881388,0.00000000));
#4489 = VECTOR('',#4488,0.02639517);
#4490 = LINE('',#4487,#4489);
#4491 = EDGE_CURVE('',#4480,#4482,#4490,.T.);
#4492 = CARTESIAN_POINT('',(71.02865694,2.55565326,0.00000000));
#4493 = DIRECTION('',(0.00000000,0.00000000,1.00000000));
#4494 = VECTOR('',#4493,3.00000000);
#4495 = LINE('',#4492,#4494);
#4496 = EDGE_CURVE('',#4482,#4484,#4495,.T.);
#4497 = CARTESIAN_POINT('',(71.02865694,2.55565326,3.00000000));
#4498 = DIRECTION('',(-0.96592721,0.25881388,0.00000000));
#4499 = VECTOR('',#4498,0.02639517);
#4500 = LINE('',#4497,#4499);
#4501 = EDGE_CURVE('',#4484,#4486,#4500,.T.);
#4502 = CARTESIAN_POINT('',(71.00316112,2.56248470,3.00000000));
#4503 = DIRECTION('',(0.00000000,0.00000000,-1.00000000));
#4504 = VECTOR('',#4503,3.00000000);
#4505 = LINE('',#4502,#4504);
#4506 = EDGE_CURVE('',#4486,#4480,#4505,.T.);
#4507 = ORIENTED_EDGE('',*,*,#4491,.T.);
#4508 = ORIENTED_EDGE('',*,*,#4496,.T.);
#4509 = ORIENTED_EDGE('',*,*,#4501,.T.);
#4510 = ORIENTED_EDGE('',*,*,#4506,.T.);
#4511 = EDGE_LOOP('',(#4507,#4508,#4509,#4510));
#4512 = FACE_OUTER_BOUND('',#4511,.T.);
#4513 = CARTESIAN_POINT('',(71.00316112,2.56248470,0.00000000));
#4514 = DIRECTION('',(-0.25881388,-0.96592721,0.00000000));
#4515 = DIRECTION('',(0.96592721,-0.25881388,0.00000000));
#4516 = AXIS2_PLACEMENT_3D('',#4513,#4514,#4515);
#4517 = PLANE('',#4516);
#4518 = ADVANCED_FACE('',(#4512),#4517,.T.);
#4519 = CARTESIAN_POINT('',(71.02865694,2.55565326,0.00000000));
#4520 = VERTEX_POINT('',#4519);
#4521 = CARTESIAN_POINT('',(71.05257913,2.54449826,0.00000000));
#4522 = VERTEX_POINT('',#4521);
#4523 = CARTESIAN_POINT('',(71.05257913,2.54449826,3.00000000));
#4524 = VERTEX_POINT('',#4523);
#4525 = CARTESIAN_POINT('',(71.02865694,2.55565326,3.00000000));
#4526 = VERTEX_POINT('',#4525);
#4527 = CARTESIAN_POINT('',(71.02865694,2.55565326,0.00000000));
#4528 = DIRECTION('',(0.90630929,-0.42261503,0.00000000));
#4529 = VECTOR('',#4528,0.02639517);
#4530 = LINE('',#4527,#4529);
#4531 = EDGE_CURVE('',#4520,#4522,#4530,.T.);
#4532 = CARTESIAN_POINT('',(71.05257913,2.54449826,0.00000000));
#4533 = DIRECTION('',(0.00000000,0.00000000,1.00000000));
#4534 = VECTOR('',#4533,3.00000000);
#4535 = LINE('',#4532,#4534);
#4536 = EDGE_CURVE('',#4522,#4524,#4535,.T.);
#4537 = CARTESIAN_POINT('',(71.05257913,2.54449826,3.00000000));
#4538 = DIRECTION('',(-0.90630929,0.42261503,0.00000000));
#4539 = VECTOR('',#4538,0.02639517);
#4540 = LINE('',#4537,#4539);
#4541 = EDGE_CURVE('',#4524,#4526,#4540,.T.);
#4542 = CARTESIAN_POINT('',(71.02865694,2.55565326,3.00000000));
#4543 = DIRECTION('',(0.00000000,0.00000000,-1.00000000));
#4544 = VECTOR('',#4543,3.00000000);
#4545 = LINE('',#4542,#4544);
#4546 = EDGE_CURVE('',#4526,#4520,#4545,.T.);
#4547 = ORIENTED_EDGE('',*,*,#4531,.T.);
#4548 = ORIENTED_EDGE('',*,*,#4536,.T.);
#4549 = ORIENTED_EDGE('',*,*,#4541,.T.);
#4550 = ORIENTED_EDGE('',*,*,#4546,.T.);
#4551 = EDGE_LOOP('',(#4547,#4548,#4549,#4550));
#4552 = FACE_OUTER_BOUND('',#4551,.T.);
#4553 = CARTESIAN_POINT('',(71.02865694,2.55565326,0.00000000));
#4554 = DIRECTION('',(-0.42261503,-0.90630929,0.00000000));
#4555 = DIRECTION('',(0.90630929,-0.42261503,0.00000000));
#4556 = AXIS2_PLACEMENT_3D('',#4553,#4554,#4555);
#4557 = PLANE('',#4556);
#4558 = ADVANCED_FACE('',(#4552),#4557,.T.);
#4559 = CARTESIAN_POINT('',(71.05257913,2.54449826,0.00000000));
#4560 = VERTEX_POINT('',#4559);
#4561 = CARTESIAN_POINT('',(71.07420082,2.52935865,0.00000000));
#4562 = VERTEX_POINT('',#4561);
#4563 = CARTESIAN_POINT('',(71.07420082,2.52935865,3.00000000));
#4564 = VERTEX_POINT('',#4563);
#4565 = CARTESIAN_POINT('',(71.05257913,2.54449826,3.00000000));
#4566 = VERTEX_POINT('',#4565);
#4567 = CARTESIAN_POINT('',(71.05257913,2.54449826,0.00000000));
#4568 = DIRECTION('',(0.81915307,-0.57357498,0.00000000));
#4569 = VECTOR('',#4568,0.02639517);
#4570 = LINE('',#4567,#4569);
#4571 = EDGE_CURVE('',#4560,#4562,#4570,.T.);
#4572 = CARTESIAN_POINT('',(71.07420082,2.52935865,0.00000000));
#4573 = DIRECTION('',(0.00000000,0.00000000,1.00000000));
#4574 = VECTOR('',#4573,3.00000000);
#4575 = LINE('',#4572,#4574);
#4576 = EDGE_CURVE('',#4562,#4564,#4575,.T.);
#4577 = CARTESIAN_POINT('',(71.07420082,2.52935865,3.00000000));
#4578 = DIRECTION('',(-0.81915307,0.57357498,0.00000000));
#4579 = VECTOR('',#4578,0.02639517);
#4580 = LINE('',#4577,#4579);
#4581 = EDGE_CURVE('',#4564,#4566,#4580,.T.);
#4582 = CARTESIAN_POINT('',(71.05257913,2.54449826,3.00000000));
#4583 = DIRECTION('',(0.00000000,0.00000000,-1.00000000));
#4584 = VECTOR('',#4583,3.00000000);
#4585 = LINE('',#4582,#4584);
#4586 = EDGE_CURVE('',#4566,#4560,#4585,.T.);
#4587 = ORIENTED_EDGE('',*,*,#4571,.T.);
#4588 = ORIENTED_EDGE('',*,*,#4576,.T.);
#4589 = ORIENTED_EDGE('',*,*,#4581,.T.);
#4590 = ORIENTED_EDGE('',*,*,#4586,.T.);
#4591 = EDGE_LOOP('',(#4587,#4588,#4589,#4590));
#4592 = FACE_OUTER_BOUND('',#4591,.T.);
#4593 = CARTESIAN_POINT('',(71.05257913,2.54449826,0.00000000));
#4594 = DIRECTION('',(-0.57357498,-0.81915307,0.00000000));
#4595 = DIRECTION('',(0.81915307,-0.57357498,0.00000000));
#4596 = AXIS2_PLACEMENT_3D('',#4593,#4594,#4595);
#4597 = PLANE('',#4596);
#4598 = ADVANCED_FACE('',(#4592),#4597,.T.);
#4599 = CARTESIAN_POINT('',(71.07420082,2.52935865,0.00000000));
#4600 = VERTEX_POINT('',#4599);
#4601 = CARTESIAN_POINT('',(71.09286502,2.51069444,0.00000000));
#4602 = VERTEX_POINT('',#4601);
#4603 = CARTESIAN_POINT('',(71.09286502,2.51069444,3.00000000));
#4604 = VERTEX_POINT('',#4603);
#4605 = CARTESIAN_POINT('',(71.07420082,2.52935865,3.00000000));
#4606 = VERTEX_POINT('',#4605);
#4607 = CARTESIAN_POINT('',(71.07420082,2.52935865,0.00000000));
#4608 = DIRECTION('',(0.70710678,-0.70710678,0.00000000));
#4609 = VECTOR('',#4608,0.02639517);
#4610 = LINE('',#4607,#4609);
#4611 = EDGE_CURVE('',#4600,#4602,#4610,.T.);
#4612 = CARTESIAN_POINT('',(71.09286502,2.51069444,0.00000000));
#4613 = DIRECTION('',(0.00000000,0.00000000,1.00000000));
#4614 = VECTOR('',#4613,3.00000000);
#4615 = LINE('',#4612,#4614);
#4616 = EDGE_CURVE('',#4602,#4604,#4615,.T.);
#4617 = CARTESIAN_POINT('',(71.09286502,2.51069444,3.00000000));
#4618 = DIRECTION('',(-0.70710678,0.70710678,0.00000000));
#4619 = VECTOR('',#4618,0.02639517);
#4620 = LINE('',#4617,#4619);
#4621 = EDGE_CURVE('',#4604,#4606,#4620,.T.);
#4622 = CARTESIAN_POINT('',(71.07420082,2.52935865,3.00000000));
#4623 = DIRECTION('',(0.00000000,0.00000000,-1.00000000));
#4624 = VECTOR('',#4623,3.00000000);
#4625 = LINE('',#4622,#4624);
#4626 = EDGE_CURVE('',#4606,#4600,#4625,.T.);
#4627 = ORIENTED_EDGE('',*,*,#4611,.T.);
#4628 = ORIENTED_EDGE('',*,*,#4616,.T.);
#4629 = ORIENTED_EDGE('',*,*,#4621,.T.);
#4630 = ORIENTED_EDGE('',*,*,#4626,.T.);
#4631 = EDGE_LOOP('',(#4627,#4628,#4629,#4630));
#4632 = FACE_OUTER_BOUND('',#4631,.T.);
#4633 = CARTESIAN_POINT('',(71.07420082,2.52935865,0.00000000));
#4634 = DIRECTION('',(-0.70710678,-0.70710678,0.00000000));
#4635 = DIRECTION('',(0.70710678,-0.70710678,0.00000000));
#4636 = AXIS2_PLACEMENT_3D('',#4633,#4634,#4635);
#4637 = PLANE('',#4636);
#4638 = ADVANCED_FACE('',(#4632),#4637,.T.);
#4639 = CARTESIAN_POINT('',(71.09286502,2.51069444,0.00000000));
#4640 = VERTEX_POINT('',#4639);
#4641 = CARTESIAN_POINT('',(71.10800463,2.48907276,0.00000000));
#4642 = VERTEX_POINT('',#4641);
#4643 = CARTESIAN_POINT('',(71.10800463,2.48907276,3.00000000));
#4644 = VERTEX_POINT('',#4643);
#4645 = CARTESIAN_POINT('',(71.09286502,2.51069444,3.00000000));
#4646 = VERTEX_POINT('',#4645);
#4647 = CARTESIAN_POINT('',(71.09286502,2.51069444,0.00000000));
#4648 = DIRECTION('',(0.57357498,-0.81915307,0.00000000));
#4649 = VECTOR('',#4648,0.02639517);
#4650 = LINE('',#4647,#4649);
#4651 = EDGE_CURVE('',#4640,#4642,#4650,.T.);
#4652 = CARTESIAN_POINT('',(71.10800463,2.48907276,0.00000000));
#4653 = DIRECTION('',(0.00000000,0.00000000,1.00000000));
#4654 = VECTOR('',#4653,3.00000000);
#4655 = LINE('',#4652,#4654);
#4656 = EDGE_CURVE('',#4642,#4644,#4655,.T.);
#4657 = CARTESIAN_POINT('',(71.10800463,2.48907276,3.00000000));
#4658 = DIRECTION('',(-0.57357498,0.81915307,0.00000000));
#4659 = VECTOR('',#4658,0.02639517);
#4660 = LINE('',#4657,#4659);
#4661 = EDGE_CURVE('',#4644,#4646,#4660,.T.);
#4662 = CARTESIAN_POINT('',(71.09286502,2.51069444,3.00000000));
#4663 = DIRECTION('',(0.00000000,0.00000000,-1.00000000));
#4664 = VECTOR('',#4663,3.00000000);
#4665 = LINE('',#4662,#4664);
#4666 = EDGE_CURVE('',#4646,#4640,#4665,.T.);
#4667 = ORIENTED_EDGE('',*,*,#4651,.T.);
#4668 = ORIENTED_EDGE('',*,*,#4656,.T.);
#4669 = ORIENTED_EDGE('',*,*,#4661,.T.);
#4670 = ORIENTED_EDGE('',*,*,#4666,.T.);
#4671 = EDGE_LOOP('',(#4667,#4668,#4669,#4670));
#4672 = FACE_OUTER_BOUND('',#4671,.T.);
#4673 = CARTESIAN_POINT('',(71.09286502,2.51069444,0.00000000));
#4674 = DIRECTION('',(-0.81915307,-0.57357498,0.00000000));
#4675 = DIRECTION('',(0.57357498,-0.81915307,0.00000000));
#4676 = AXIS2_PLACEMENT_3D('',#4673,#4674,#4675);
#4677 = PLANE('',#4676);
#4678 = ADVANCED_FACE('',(#4672),#4677,.T.);
#4679 = CARTESIAN_POINT('',(71.10800463,2.48907276,0.00000000));
#4680 = VERTEX_POINT('',#4679);
#4681 = CARTESIAN_POINT('',(71.11915963,2.46515057,0.00000000));
#4682 = VERTEX_POINT('',#4681);
#4683 = CARTESIAN_POINT('',(71.11915963,2.46515057,3.00000000));
#4684 = VERTEX_POINT('',#4683);
#4685 = CARTESIAN_POINT('',(71.10800463,2.48907276,3.00000000));
#4686 = VERTEX_POINT('',#4685);
#4687 = CARTESIAN_POINT('',(71.10800463,2.48907276,0.00000000));
#4688 = DIRECTION('',(0.42261503,-0.90630929,0.00000000));
#4689 = VECTOR('',#4688,0.02639517);
#4690 = LINE('',#4687,#4689);
#4691 = EDGE_CURVE('',#4680,#4682,#4690,.T.);
#4692 = CARTESIAN_POINT('',(71.11915963,2.46515057,0.00000000));
#4693 = DIRECTION('',(0.00000000,0.00000000,1.00000000));
#4694 = VECTOR('',#4693,3.00000000);
#4695 = LINE('',#4692,#4694);
#4696 = EDGE_CURVE('',#4682,#4684,#4695,.T.);
#4697 = CARTESIAN_POINT('',(71.11915963,2.46515057,3.00000000));
#4698 = DIRECTION('',(-0.42261503,0.90630929,0.00000000));
#4699 = VECTOR('',#4698,0.02639517);
#4700 = LINE('',#4697,#4699);
#4701 = EDGE_CURVE('',#4684,#4686,#4700,.T.);
#4702 = CARTESIAN_POINT('',(71.10800463,2.48907276,3.00000000));
#4703 = DIRECTION('',(0.00000000,0.00000000,-1.00000000));
#4704 = VECTOR('',#4703,3.00000000);
#4705 = LINE('',#4702,#4704);
#4706 = EDGE_CURVE('',#4686,#4680,#4705,.T.);
#4707 = ORIENTED_EDGE('',*,*,#4691,.T.);
#4708 = ORIENTED_EDGE('',*,*,#4696,.T.);
#4709 = ORIENTED_EDGE('',*,*,#4701,.T.);
#4710 = ORIENTED_EDGE('',*,*,#4706,.T.);
#4711 = EDGE_LOOP('',(#4707,#4708,#4709,#4710));
#4712 = FACE_OUTER_BOUND('',#4711,.T.);
#4713 = CARTESIAN_POINT('',(71.10800463,2.48907276,0.00000000));
#4714 = DIRECTION('',(-0.90630929,-0.42261503,0.00000000));
#4715 = DIRECTION('',(0.42261503,-0.90630929,0.00000000));
#4716 = AXIS2_PLACEMENT_3D('',#4713,#4714,#4715);
#4717 = PLANE('',#4716);
#4718 = ADVANCED_FACE('',(#4712),#4717,.T.);
#4719 = CARTESIAN_POINT('',(71.11915963,2.46515057,0.00000000));
#4720 = VERTEX_POINT('',#4719);
#4721 = CARTESIAN_POINT('',(71.12599107,2.43965475,0.00000000));
#4722 = VERTEX_POINT('',#4721);
#4723 = CARTESIAN_POINT('',(71.12599107,2.43965475,3.00000000));
#4724 = VERTEX_POINT('',#4723);
#4725 = CARTESIAN_POINT('',(71.11915963,2.46515057,3.00000000));
#4726 = VERTEX_POINT('',#4725);
#4727 = CARTESIAN_POINT('',(71.11915963,2.46515057,0.00000000));
#4728 = DIRECTION('',(0.25881388,-0.96592721,0.00000000));
#4729 = VECTOR('',#4728,0.02639517);
#4730 = LINE('',#4727,#4729);
#4731 = EDGE_CURVE('',#4720,#4722,#4730,.T.);
#4732 = CARTESIAN_POINT('',(71.12599107,2.43965475,0.00000000));
#4733 = DIRECTION('',(0.00000000,0.00000000,1.00000000));
#4734 = VECTOR('',#4733,3.00000000);
#4735 = LINE('',#4732,#4734);
#4736 = EDGE_CURVE('',#4722,#4724,#4735,.T.);
#4737 = CARTESIAN_POINT('',(71.12599107,2.43965475,3.00000000));
#4738 = DIRECTION('',(-0.25881388,0.96592721,0.00000000));
#4739 = VECTOR('',#4738,0.02639517);
#4740 = LINE('',#4737,#4739);
#4741 = EDGE_CURVE('',#4724,#4726,#4740,.T.);
#4742 = CARTESIAN_POINT('',(71.11915963,2.46515057,3.00000000));
#4743 = DIRECTION('',(0.00000000,0.00000000,-1.00000000));
#4744 = VECTOR('',#4743,3.00000000);
#4745 = LINE('',#4742,#4744);
#4746 = EDGE_CURVE('',#4726,#4720,#4745,.T.);
#4747 = ORIENTED_EDGE('',*,*,#4731,.T.);
#4748 = ORIENTED_EDGE('',*,*,#4736,.T.);
#4749 = ORIENTED_EDGE('',*,*,#4741,.T.);
#4750 = ORIENTED_EDGE('',*,*,#4746,.T.);
#4751 = EDGE_LOOP('',(#4747,#4748,#4749,#4750));
#4752 = FACE_OUTER_BOUND('',#4751,.T.);
#4753 = CARTESIAN_POINT('',(71.11915963,2.46515057,0.00000000));
#4754 = DIRECTION('',(-0.96592721,-0.25881388,0.00000000));
#4755 = DIRECTION('',(0.25881388,-0.96592721,0.00000000));
#4756 = AXIS2_PLACEMENT_3D('',#4753,#4754,#4755);
#4757 = PLANE('',#4756);
#4758 = ADVANCED_FACE('',(#4752),#4757,.T.);
#4759 = CARTESIAN_POINT('',(71.12599107,2.43965475,0.00000000));
#4760 = VERTEX_POINT('',#4759);
#4761 = CARTESIAN_POINT('',(71.12829137,2.41336000,0.00000000));
#4762 = VERTEX_POINT('',#4761);
#4763 = CARTESIAN_POINT('',(71.12829137,2.41336000,3.00000000));
#4764 = VERTEX_POINT('',#4763);
#4765 = CARTESIAN_POINT('',(71.12599107,2.43965475,3.00000000));
#4766 = VERTEX_POINT('',#4765);
#4767 = CARTESIAN_POINT('',(71.12599107,2.43965475,0.00000000));
#4768 = DIRECTION('',(0.08714864,-0.99619532,0.00000000));
#4769 = VECTOR('',#4768,0.02639517);
#4770 = LINE('',#4767,#4769);
#4771 = EDGE_CURVE('',#4760,#4762,#4770,.T.);
#4772 = CARTESIAN_POINT('',(71.12829137,2.41336000,0.00000000));
#4773 = DIRECTION('',(0.00000000,0.00000000,1.00000000));
#4774 = VECTOR('',#4773,3.00000000);
#4775 = LINE('',#4772,#4774);
#4776 = EDGE_CURVE('',#4762,#4764,#4775,.T.);
#4777 = CARTESIAN_POINT('',(71.12829137,2.41336000,3.00000000));
#4778 = DIRECTION('',(-0.08714864,0.99619532,0.00000000));
#4779 = VECTOR('',#4778,0.02639517);
#4780 = LINE('',#4777,#4779);
#4781 = EDGE_CURVE('',#4764,#4766,#4780,.T.);
#4782 = CARTESIAN_POINT('',(71.12599107,2.43965475,3.00000000));
#4783 = DIRECTION('',(0.00000000,0.00000000,-1.00000000));
#4784 = VECTOR('',#4783,3.00000000);
#4785 = LINE('',#4782,#4784);
#4786 = EDGE_CURVE('',#4766,#4760,#4785,.T.);
#4787 = ORIENTED_EDGE('',*,*,#4771,.T.);
#4788 = ORIENTED_EDGE('',*,*,#4776,.T.);
#4789 = ORIENTED_EDGE('',*,*,#4781,.T.);
#4790 = ORIENTED_EDGE('',*,*,#4786,.T.);
#4791 = EDGE_LOOP('',(#4787,#4788,#4789,#4790));
#4792 = FACE_OUTER_BOUND('',#4791,.T.);
#4793 = CARTESIAN_POINT('',(71.12599107,2.43965475,0.00000000));
#4794 = DIRECTION('',(-0.99619532,-0.08714864,0.00000000));
#4795 = DIRECTION('',(0.08714864,-0.99619532,0.00000000));
#4796 = AXIS2_PLACEMENT_3D('',#4793,#4794,#4795);
#4797 = PLANE('',#4796);
#4798 = ADVANCED_FACE('',(#4792),#4797,.T.);
#4799 = CARTESIAN_POINT('',(71.12829137,2.41336000,0.00000000));
#4800 = VERTEX_POINT('',#4799);
#4801 = CARTESIAN_POINT('',(71.12829137,0.35596000,0.00000000));
#4802 = VERTEX_POINT('',#4801);
#4803 = CARTESIAN_POINT('',(71.12829137,0.35596000,3.00000000));
#4804 = VERTEX_POINT('',#4803);
#4805 = CARTESIAN_POINT('',(71.12829137,2.41336000,3.00000000));
#4806 = VERTEX_POINT('',#4805);
#4807 = CARTESIAN_POINT('',(71.12829137,2.41336000,0.00000000));
#4808 = DIRECTION('',(0.00000000,-1.00000000,0.00000000));
#4809 = VECTOR('',#4808,2.05740000);
#4810 = LINE('',#4807,#4809);
#4811 = EDGE_CURVE('',#4800,#4802,#4810,.T.);
#4812 = CARTESIAN_POINT('',(71.12829137,0.35596000,0.00000000));
#4813 = DIRECTION('',(0.00000000,0.00000000,1.00000000));
#4814 = VECTOR('',#4813,3.00000000);
#4815 = LINE('',#4812,#4814);
#4816 = EDGE_CURVE('',#4802,#4804,#4815,.T.);
#4817 = CARTESIAN_POINT('',(71.12829137,0.35596000,3.00000000));
#4818 = DIRECTION('',(-0.00000000,1.00000000,0.00000000));
#4819 = VECTOR('',#4818,2.05740000);
#4820 = LINE('',#4817,#4819);
#4821 = EDGE_CURVE('',#4804,#4806,#4820,.T.);
#4822 = CARTESIAN_POINT('',(71.12829137,2.41336000,3.00000000));
#4823 = DIRECTION('',(0.00000000,0.00000000,-1.00000000));
#4824 = VECTOR('',#4823,3.00000000);
#4825 = LINE('',#4822,#4824);
#4826 = EDGE_CURVE('',#4806,#4800,#4825,.T.);
#4827 = ORIENTED_EDGE('',*,*,#4811,.T.);
#4828 = ORIENTED_EDGE('',*,*,#4816,.T.);
#4829 = ORIENTED_EDGE('',*,*,#4821,.T.);
#4830 = ORIENTED_EDGE('',*,*,#4826,.T.);
#4831 = EDGE_LOOP('',(#4827,#4828,#4829,#4830));
#4832 = FACE_OUTER_BOUND('',#4831,.T.);
#4833 = CARTESIAN_POINT('',(71.12829137,2.41336000,0.00000000));
#4834 = DIRECTION('',(-1.00000000,-0.00000000,0.00000000));
#4835 = DIRECTION('',(0.00000000,-1.00000000,0.00000000));
#4836 = AXIS2_PLACEMENT_3D('',#4833,#4834,#4835);
#4837 = PLANE('',#4836);
#4838 = ADVANCED_FACE('',(#4832),#4837,.T.);
#4839 = CARTESIAN_POINT('',(71.12829137,0.35596000,0.00000000));
#4840 = VERTEX_POINT('',#4839);
#4841 = CARTESIAN_POINT('',(71.13412020,0.29175016,0.00000000));
#4842 = VERTEX_POINT('',#4841);
#4843 = CARTESIAN_POINT('',(71.13412020,0.29175016,3.00000000));
#4844 = VERTEX_POINT('',#4843);
#4845 = CARTESIAN_POINT('',(71.12829137,0.35596000,3.00000000));
#4846 = VERTEX_POINT('',#4845);
#4847 = CARTESIAN_POINT('',(71.12829137,0.35596000,0.00000000));
#4848 = DIRECTION('',(0.09040605,-0.99590499,0.00000000));
#4849 = VECTOR('',#4848,0.06447386);
#4850 = LINE('',#4847,#4849);
#4851 = EDGE_CURVE('',#4840,#4842,#4850,.T.);
#4852 = CARTESIAN_POINT('',(71.13412020,0.29175016,0.00000000));
#4853 = DIRECTION('',(0.00000000,0.00000000,1.00000000));
#4854 = VECTOR('',#4853,3.00000000);
#4855 = LINE('',#4852,#4854);
#4856 = EDGE_CURVE('',#4842,#4844,#4855,.T.);
#4857 = CARTESIAN_POINT('',(71.13412020,0.29175016,3.00000000));
#4858 = DIRECTION('',(-0.09040605,0.99590499,0.00000000));
#4859 = VECTOR('',#4858,0.06447386);
#4860 = LINE('',#4857,#4859);
#4861 = EDGE_CURVE('',#4844,#4846,#4860,.T.);
#4862 = CARTESIAN_POINT('',(71.12829137,0.35596000,3.00000000));
#4863 = DIRECTION('',(0.00000000,0.00000000,-1.00000000));
#4864 = VECTOR('',#4863,3.00000000);
#4865 = LINE('',#4862,#4864);
#4866 = EDGE_CURVE('',#4846,#4840,#4865,.T.);
#4867 = ORIENTED_EDGE('',*,*,#4851,.T.);
#4868 = ORIENTED_EDGE('',*,*,#4856,.T.);
#4869 = ORIENTED_EDGE('',*,*,#4861,.T.);
#4870 = ORIENTED_EDGE('',*,*,#4866,.T.);
#4871 = EDGE_LOOP('',(#4867,#4868,#4869,#4870));
#4872 = FACE_OUTER_BOUND('',#4871,.T.);
#4873 = CARTESIAN_POINT('',(71.12829137,0.35596000,0.00000000));
#4874 = DIRECTION('',(-0.99590499,-0.09040605,0.00000000));
#4875 = DIRECTION('',(0.09040605,-0.99590499,0.00000000));
#4876 = AXIS2_PLACEMENT_3D('',#4873,#4874,#4875);
#4877 = PLANE('',#4876);
#4878 = ADVANCED_FACE('',(#4872),#4877,.T.);
#4879 = CARTESIAN_POINT('',(71.13412020,0.29175016,0.00000000));
#4880 = VERTEX_POINT('',#4879);
#4881 = CARTESIAN_POINT('',(71.15141626,0.22963958,0.00000000));
#4882 = VERTEX_POINT('',#4881);
#4883 = CARTESIAN_POINT('',(71.15141626,0.22963958,3.00000000));
#4884 = VERTEX_POINT('',#4883);
#4885 = CARTESIAN_POINT('',(71.13412020,0.29175016,3.00000000));
#4886 = VERTEX_POINT('',#4885);
#4887 = CARTESIAN_POINT('',(71.13412020,0.29175016,0.00000000));
#4888 = DIRECTION('',(0.26826466,-0.96334525,0.00000000));
#4889 = VECTOR('',#4888,0.06447386);
#4890 = LINE('',#4887,#4889);
#4891 = EDGE_CURVE('',#4880,#4882,#4890,.T.);
#4892 = CARTESIAN_POINT('',(71.15141626,0.22963958,0.00000000));
#4893 = DIRECTION('',(0.00000000,0.00000000,1.00000000));
#4894 = VECTOR('',#4893,3.00000000);
#4895 = LINE('',#4892,#4894);
#4896 = EDGE_CURVE('',#4882,#4884,#4895,.T.);
#4897 = CARTESIAN_POINT('',(71.15141626,0.22963958,3.00000000));
#4898 = DIRECTION('',(-0.26826466,0.96334525,0.00000000));
#4899 = VECTOR('',#4898,0.06447386);
#4900 = LINE('',#4897,#4899);
#4901 = EDGE_CURVE('',#4884,#4886,#4900,.T.);
#4902 = CARTESIAN_POINT('',(71.13412020,0.29175016,3.00000000));
#4903 = DIRECTION('',(0.00000000,0.00000000,-1.00000000));
#4904 = VECTOR('',#4903,3.00000000);
#4905 = LINE('',#4902,#4904);
#4906 = EDGE_CURVE('',#4886,#4880,#4905,.T.);
#4907 = ORIENTED_EDGE('',*,*,#4891,.T.);
#4908 = ORIENTED_EDGE('',*,*,#4896,.T.);
#4909 = ORIENTED_EDGE('',*,*,#4901,.T.);
#4910 = ORIENTED_EDGE('',*,*,#4906,.T.);
#4911 = EDGE_LOOP('',(#4907,#4908,#4909,#4910));
#4912 = FACE_OUTER_BOUND('',#4911,.T.);
#4913 = CARTESIAN_POINT('',(71.13412020,0.29175016,0.00000000));
#4914 = DIRECTION('',(-0.96334525,-0.26826466,0.00000000));
#4915 = DIRECTION('',(0.26826466,-0.96334525,0.00000000));
#4916 = AXIS2_PLACEMENT_3D('',#4913,#4914,#4915);
#4917 = PLANE('',#4916);
#4918 = ADVANCED_FACE('',(#4912),#4917,.T.);
#4919 = CARTESIAN_POINT('',(71.15141626,0.22963958,0.00000000));
#4920 = VERTEX_POINT('',#4919);
#4921 = CARTESIAN_POINT('',(71.17961407,0.17165887,0.00000000));
#4922 = VERTEX_POINT('',#4921);
#4923 = CARTESIAN_POINT('',(71.17961407,0.17165887,3.00000000));
#4924 = VERTEX_POINT('',#4923);
#4925 = CARTESIAN_POINT('',(71.15141626,0.22963958,3.00000000));
#4926 = VERTEX_POINT('',#4925);
#4927 = CARTESIAN_POINT('',(71.15141626,0.22963958,0.00000000));
#4928 = DIRECTION('',(0.43735268,-0.89929007,0.00000000));
#4929 = VECTOR('',#4928,0.06447386);
#4930 = LINE('',#4927,#4929);
#4931 = EDGE_CURVE('',#4920,#4922,#4930,.T.);
#4932 = CARTESIAN_POINT('',(71.17961407,0.17165887,0.00000000));
#4933 = DIRECTION('',(0.00000000,0.00000000,1.00000000));
#4934 = VECTOR('',#4933,3.00000000);
#4935 = LINE('',#4932,#4934);
#4936 = EDGE_CURVE('',#4922,#4924,#4935,.T.);
#4937 = CARTESIAN_POINT('',(71.17961407,0.17165887,3.00000000));
#4938 = DIRECTION('',(-0.43735268,0.89929007,0.00000000));
#4939 = VECTOR('',#4938,0.06447386);
#4940 = LINE('',#4937,#4939);
#4941 = EDGE_CURVE('',#4924,#4926,#4940,.T.);
#4942 = CARTESIAN_POINT('',(71.15141626,0.22963958,3.00000000));
#4943 = DIRECTION('',(0.00000000,0.00000000,-1.00000000));
#4944 = VECTOR('',#4943,3.00000000);
#4945 = LINE('',#4942,#4944);
#4946 = EDGE_CURVE('',#4926,#4920,#4945,.T.);
#4947 = ORIENTED_EDGE('',*,*,#4931,.T.);
#4948 = ORIENTED_EDGE('',*,*,#4936,.T.);
#4949 = ORIENTED_EDGE('',*,*,#4941,.T.);
#4950 = ORIENTED_EDGE('',*,*,#4946,.T.);
#4951 = EDGE_LOOP('',(#4947,#4948,#4949,#4950));
#4952 = FACE_OUTER_BOUND('',#4951,.T.);
#4953 = CARTESIAN_POINT('',(71.15141626,0.22963958,0.00000000));
#4954 = DIRECTION('',(-0.89929007,-0.43735268,0.00000000));
#4955 = DIRECTION('',(0.43735268,-0.89929007,0.00000000));
#4956 = AXIS2_PLACEMENT_3D('',#4953,#4954,#4955);
#4957 = PLANE('',#4956);
#4958 = ADVANCED_FACE('',(#4952),#4957,.T.);
#4959 = CARTESIAN_POINT('',(71.17961407,0.17165887,0.00000000));
#4960 = VERTEX_POINT('',#4959);
#4961 = CARTESIAN_POINT('',(71.21779175,0.11970367,0.00000000));
#4962 = VERTEX_POINT('',#4961);
#4963 = CARTESIAN_POINT('',(71.21779175,0.11970367,3.00000000));
#4964 = VERTEX_POINT('',#4963);
#4965 = CARTESIAN_POINT('',(71.17961407,0.17165887,3.00000000));
#4966 = VERTEX_POINT('',#4965);
#4967 = CARTESIAN_POINT('',(71.17961407,0.17165887,0.00000000));
#4968 = DIRECTION('',(0.59214197,-0.80583366,0.00000000));
#4969 = VECTOR('',#4968,0.06447386);
#4970 = LINE('',#4967,#4969);
#4971 = EDGE_CURVE('',#4960,#4962,#4970,.T.);
#4972 = CARTESIAN_POINT('',(71.21779175,0.11970367,0.00000000));
#4973 = DIRECTION('',(0.00000000,0.00000000,1.00000000));
#4974 = VECTOR('',#4973,3.00000000);
#4975 = LINE('',#4972,#4974);
#4976 = EDGE_CURVE('',#4962,#4964,#4975,.T.);
#4977 = CARTESIAN_POINT('',(71.21779175,0.11970367,3.00000000));
#4978 = DIRECTION('',(-0.59214197,0.80583366,0.00000000));
#4979 = VECTOR('',#4978,0.06447386);
#4980 = LINE('',#4977,#4979);
#4981 = EDGE_CURVE('',#4964,#4966,#4980,.T.);
#4982 = CARTESIAN_POINT('',(71.17961407,0.17165887,3.00000000));
#4983 = DIRECTION('',(0.00000000,0.00000000,-1.00000000));
#4984 = VECTOR('',#4983,3.00000000);
#4985 = LINE('',#4982,#4984);
#4986 = EDGE_CURVE('',#4966,#4960,#4985,.T.);
#4987 = ORIENTED_EDGE('',*,*,#4971,.T.);
#4988 = ORIENTED_EDGE('',*,*,#4976,.T.);
#4989 = ORIENTED_EDGE('',*,*,#4981,.T.);
#4990 = ORIENTED_EDGE('',*,*,#4986,.T.);
#4991 = EDGE_LOOP('',(#4987,#4988,#4989,#4990));
#4992 = FACE_OUTER_BOUND('',#4991,.T.);
#4993 = CARTESIAN_POINT('',(71.17961407,0.17165887,0.00000000));
#4994 = DIRECTION('',(-0.80583366,-0.59214197,0.00000000));
#4995 = DIRECTION('',(0.59214197,-0.80583366,0.00000000));
#4996 = AXIS2_PLACEMENT_3D('',#4993,#4994,#4995);
#4997 = PLANE('',#4996);
#4998 = ADVANCED_FACE('',(#4992),#4997,.T.);
#4999 = CARTESIAN_POINT('',(71.21779175,0.11970367,0.00000000));
#5000 = VERTEX_POINT('',#4999);
#5001 = CARTESIAN_POINT('',(71.26470112,0.07547257,0.00000000));
#5002 = VERTEX_POINT('',#5001);
#5003 = CARTESIAN_POINT('',(71.26470112,0.07547257,3.00000000));
#5004 = VERTEX_POINT('',#5003);
#5005 = CARTESIAN_POINT('',(71.21779175,0.11970367,3.00000000));
#5006 = VERTEX_POINT('',#5005);
#5007 = CARTESIAN_POINT('',(71.21779175,0.11970367,0.00000000));
#5008 = DIRECTION('',(0.72757187,-0.68603147,0.00000000));
#5009 = VECTOR('',#5008,0.06447386);
#5010 = LINE('',#5007,#5009);
#5011 = EDGE_CURVE('',#5000,#5002,#5010,.T.);
#5012 = CARTESIAN_POINT('',(71.26470112,0.07547257,0.00000000));
#5013 = DIRECTION('',(0.00000000,0.00000000,1.00000000));
#5014 = VECTOR('',#5013,3.00000000);
#5015 = LINE('',#5012,#5014);
#5016 = EDGE_CURVE('',#5002,#5004,#5015,.T.);
#5017 = CARTESIAN_POINT('',(71.26470112,0.07547257,3.00000000));
#5018 = DIRECTION('',(-0.72757187,0.68603147,0.00000000));
#5019 = VECTOR('',#5018,0.06447386);
#5020 = LINE('',#5017,#5019);
#5021 = EDGE_CURVE('',#5004,#5006,#5020,.T.);
#5022 = CARTESIAN_POINT('',(71.21779175,0.11970367,3.00000000));
#5023 = DIRECTION('',(0.00000000,0.00000000,-1.00000000));
#5024 = VECTOR('',#5023,3.00000000);
#5025 = LINE('',#5022,#5024);
#5026 = EDGE_CURVE('',#5006,#5000,#5025,.T.);
#5027 = ORIENTED_EDGE('',*,*,#5011,.T.);
#5028 = ORIENTED_EDGE('',*,*,#5016,.T.);
#5029 = ORIENTED_EDGE('',*,*,#5021,.T.);
#5030 = ORIENTED_EDGE('',*,*,#5026,.T.);
#5031 = EDGE_LOOP('',(#5027,#5028,#5029,#5030));
#5032 = FACE_OUTER_BOUND('',#5031,.T.);
#5033 = CARTESIAN_POINT('',(71.21779175,0.11970367,0.00000000));
#5034 = DIRECTION('',(-0.68603147,-0.72757187,0.00000000));
#5035 = DIRECTION('',(0.72757187,-0.68603147,0.00000000));
#5036 = AXIS2_PLACEMENT_3D('',#5033,#5034,#5035);
#5037 = PLANE('',#5036);
#5038 = ADVANCED_FACE('',(#5032),#5037,.T.);
#5039 = CARTESIAN_POINT('',(71.26470112,0.07547257,0.00000000));
#5040 = VERTEX_POINT('',#5039);
#5041 = CARTESIAN_POINT('',(71.31880852,0.04041167,0.00000000));
#5042 = VERTEX_POINT('',#5041);
#5043 = CARTESIAN_POINT('',(71.31880852,0.04041167,3.00000000));
#5044 = VERTEX_POINT('',#5043);
#5045 = CARTESIAN_POINT('',(71.26470112,0.07547257,3.00000000));
#5046 = VERTEX_POINT('',#5045);
#5047 = CARTESIAN_POINT('',(71.26470112,0.07547257,0.00000000));
#5048 = DIRECTION('',(0.83921467,-0.54380028,0.00000000));
#5049 = VECTOR('',#5048,0.06447386);
#5050 = LINE('',#5047,#5049);
#5051 = EDGE_CURVE('',#5040,#5042,#5050,.T.);
#5052 = CARTESIAN_POINT('',(71.31880852,0.04041167,0.00000000));
#5053 = DIRECTION('',(0.00000000,0.00000000,1.00000000));
#5054 = VECTOR('',#5053,3.00000000);
#5055 = LINE('',#5052,#5054);
#5056 = EDGE_CURVE('',#5042,#5044,#5055,.T.);
#5057 = CARTESIAN_POINT('',(71.31880852,0.04041167,3.00000000));
#5058 = DIRECTION('',(-0.83921467,0.54380028,0.00000000));
#5059 = VECTOR('',#5058,0.06447386);
#5060 = LINE('',#5057,#5059);
#5061 = EDGE_CURVE('',#5044,#5046,#5060,.T.);
#5062 = CARTESIAN_POINT('',(71.26470112,0.07547257,3.00000000));
#5063 = DIRECTION('',(0.00000000,0.00000000,-1.00000000));
#5064 = VECTOR('',#5063,3.00000000);
#5065 = LINE('',#5062,#5064);
#5066 = EDGE_CURVE('',#5046,#5040,#5065,.T.);
#5067 = ORIENTED_EDGE('',*,*,#5051,.T.);
#5068 = ORIENTED_EDGE('',*,*,#5056,.T.);
#5069 = ORIENTED_EDGE('',*,*,#5061,.T.);
#5070 = ORIENTED_EDGE('',*,*,#5066,.T.);
#5071 = EDGE_LOOP('',(#5067,#5068,#5069,#5070));
#5072 = FACE_OUTER_BOUND('',#5071,.T.);
#5073 = CARTESIAN_POINT('',(71.26470112,0.07547257,0.00000000));
#5074 = DIRECTION('',(-0.54380028,-0.83921467,0.00000000));
#5075 = DIRECTION('',(0.83921467,-0.54380028,0.00000000));
#5076 = AXIS2_PLACEMENT_3D('',#5073,#5074,#5075);
#5077 = PLANE('',#5076);
#5078 = ADVANCED_FACE('',(#5072),#5077,.T.);
#5079 = CARTESIAN_POINT('',(71.31880852,0.04041167,0.00000000));
#5080 = VERTEX_POINT('',#5079);
#5081 = CARTESIAN_POINT('',(71.37834500,0.01566724,0.00000000));
#5082 = VERTEX_POINT('',#5081);
#5083 = CARTESIAN_POINT('',(71.37834500,0.01566724,3.00000000));
#5084 = VERTEX_POINT('',#5083);
#5085 = CARTESIAN_POINT('',(71.31880852,0.04041167,3.00000000));
#5086 = VERTEX_POINT('',#5085);
#5087 = CARTESIAN_POINT('',(71.31880852,0.04041167,0.00000000));
#5088 = DIRECTION('',(0.92342032,-0.38379018,0.00000000));
#5089 = VECTOR('',#5088,0.06447386);
#5090 = LINE('',#5087,#5089);
#5091 = EDGE_CURVE('',#5080,#5082,#5090,.T.);
#5092 = CARTESIAN_POINT('',(71.37834500,0.01566724,0.00000000));
#5093 = DIRECTION('',(0.00000000,0.00000000,1.00000000));
#5094 = VECTOR('',#5093,3.00000000);
#5095 = LINE('',#5092,#5094);
#5096 = EDGE_CURVE('',#5082,#5084,#5095,.T.);
#5097 = CARTESIAN_POINT('',(71.37834500,0.01566724,3.00000000));
#5098 = DIRECTION('',(-0.92342032,0.38379018,0.00000000));
#5099 = VECTOR('',#5098,0.06447386);
#5100 = LINE('',#5097,#5099);
#5101 = EDGE_CURVE('',#5084,#5086,#5100,.T.);
#5102 = CARTESIAN_POINT('',(71.31880852,0.04041167,3.00000000));
#5103 = DIRECTION('',(0.00000000,0.00000000,-1.00000000));
#5104 = VECTOR('',#5103,3.00000000);
#5105 = LINE('',#5102,#5104);
#5106 = EDGE_CURVE('',#5086,#5080,#5105,.T.);
#5107 = ORIENTED_EDGE('',*,*,#5091,.T.);
#5108 = ORIENTED_EDGE('',*,*,#5096,.T.);
#5109 = ORIENTED_EDGE('',*,*,#5101,.T.);
#5110 = ORIENTED_EDGE('',*,*,#5106,.T.);
#5111 = EDGE_LOOP('',(#5107,#5108,#5109,#5110));
#5112 = FACE_OUTER_BOUND('',#5111,.T.);
#5113 = CARTESIAN_POINT('',(71.31880852,0.04041167,0.00000000));
#5114 = DIRECTION('',(-0.38379018,-0.92342032,0.00000000));
#5115 = DIRECTION('',(0.92342032,-0.38379018,0.00000000));
#5116 = AXIS2_PLACEMENT_3D('',#5113,#5114,#5115);
#5117 = PLANE('',#5116);
#5118 = ADVANCED_FACE('',(#5112),#5117,.T.);
#5119 = CARTESIAN_POINT('',(71.37834500,0.01566724,0.00000000));
#5120 = VERTEX_POINT('',#5119);
#5121 = CARTESIAN_POINT('',(71.44136406,0.00204826,0.00000000));
#5122 = VERTEX_POINT('',#5121);
#5123 = CARTESIAN_POINT('',(71.44136406,0.00204826,3.00000000));
#5124 = VERTEX_POINT('',#5123);
#5125 = CARTESIAN_POINT('',(71.37834500,0.01566724,3.00000000));
#5126 = VERTEX_POINT('',#5125);
#5127 = CARTESIAN_POINT('',(71.37834500,0.01566724,0.00000000));
#5128 = DIRECTION('',(0.97743584,-0.21123252,0.00000000));
#5129 = VECTOR('',#5128,0.06447386);
#5130 = LINE('',#5127,#5129);
#5131 = EDGE_CURVE('',#5120,#5122,#5130,.T.);
#5132 = CARTESIAN_POINT('',(71.44136406,0.00204826,0.00000000));
#5133 = DIRECTION('',(0.00000000,0.00000000,1.00000000));
#5134 = VECTOR('',#5133,3.00000000);
#5135 = LINE('',#5132,#5134);
#5136 = EDGE_CURVE('',#5122,#5124,#5135,.T.);
#5137 = CARTESIAN_POINT('',(71.44136406,0.00204826,3.00000000));
#5138 = DIRECTION('',(-0.97743584,0.21123252,0.00000000));
#5139 = VECTOR('',#5138,0.06447386);
#5140 = LINE('',#5137,#5139);
#5141 = EDGE_CURVE('',#5124,#5126,#5140,.T.);
#5142 = CARTESIAN_POINT('',(71.37834500,0.01566724,3.00000000));
#5143 = DIRECTION('',(0.00000000,0.00000000,-1.00000000));
#5144 = VECTOR('',#5143,3.00000000);
#5145 = LINE('',#5142,#5144);
#5146 = EDGE_CURVE('',#5126,#5120,#5145,.T.);
#5147 = ORIENTED_EDGE('',*,*,#5131,.T.);
#5148 = ORIENTED_EDGE('',*,*,#5136,.T.);
#5149 = ORIENTED_EDGE('',*,*,#5141,.T.);
#5150 = ORIENTED_EDGE('',*,*,#5146,.T.);
#5151 = EDGE_LOOP('',(#5147,#5148,#5149,#5150));
#5152 = FACE_OUTER_BOUND('',#5151,.T.);
#5153 = CARTESIAN_POINT('',(71.37834500,0.01566724,0.00000000));
#5154 = DIRECTION('',(-0.21123252,-0.97743584,0.00000000));
#5155 = DIRECTION('',(0.97743584,-0.21123252,0.00000000));
#5156 = AXIS2_PLACEMENT_3D('',#5153,#5154,#5155);
#5157 = PLANE('',#5156);
#5158 = ADVANCED_FACE('',(#5152),#5157,.T.);
#5159 = CARTESIAN_POINT('',(71.44136406,0.00204826,0.00000000));
#5160 = VERTEX_POINT('',#5159);
#5161 = CARTESIAN_POINT('',(71.50580537,0.00000000,0.00000000));
#5162 = VERTEX_POINT('',#5161);
#5163 = CARTESIAN_POINT('',(71.50580537,0.00000000,3.00000000));
#5164 = VERTEX_POINT('',#5163);
#5165 = CARTESIAN_POINT('',(71.44136406,0.00204826,3.00000000));
#5166 = VERTEX_POINT('',#5165);
#5167 = CARTESIAN_POINT('',(71.44136406,0.00204826,0.00000000));
#5168 = DIRECTION('',(0.99949524,-0.03176885,0.00000000));
#5169 = VECTOR('',#5168,0.06447386);
#5170 = LINE('',#5167,#5169);
#5171 = EDGE_CURVE('',#5160,#5162,#5170,.T.);
#5172 = CARTESIAN_POINT('',(71.50580537,0.00000000,0.00000000));
#5173 = DIRECTION('',(0.00000000,0.00000000,1.00000000));
#5174 = VECTOR('',#5173,3.00000000);
#5175 = LINE('',#5172,#5174);
#5176 = EDGE_CURVE('',#5162,#5164,#5175,.T.);
#5177 = CARTESIAN_POINT('',(71.50580537,0.00000000,3.00000000));
#5178 = DIRECTION('',(-0.99949524,0.03176885,0.00000000));
#5179 = VECTOR('',#5178,0.06447386);
#5180 = LINE('',#5177,#5179);
#5181 = EDGE_CURVE('',#5164,#5166,#5180,.T.);
#5182 = CARTESIAN_POINT('',(71.44136406,0.00204826,3.00000000));
#5183 = DIRECTION('',(0.00000000,0.00000000,-1.00000000));
#5184 = VECTOR('',#5183,3.00000000);
#5185 = LINE('',#5182,#5184);
#5186 = EDGE_CURVE('',#5166,#5160,#5185,.T.);
#5187 = ORIENTED_EDGE('',*,*,#5171,.T.);
#5188 = ORIENTED_EDGE('',*,*,#5176,.T.);
#5189 = ORIENTED_EDGE('',*,*,#5181,.T.);
#5190 = ORIENTED_EDGE('',*,*,#5186,.T.);
#5191 = EDGE_LOOP('',(#5187,#5188,#5189,#5190));
#5192 = FACE_OUTER_BOUND('',#5191,.T.);
#5193 = CARTESIAN_POINT('',(71.44136406,0.00204826,0.00000000));
#5194 = DIRECTION('',(-0.03176885,-0.99949524,0.00000000));
#5195 = DIRECTION('',(0.99949524,-0.03176885,0.00000000));
#5196 = AXIS2_PLACEMENT_3D('',#5193,#5194,#5195);
#5197 = PLANE('',#5196);
#5198 = ADVANCED_FACE('',(#5192),#5197,.T.);
#5199 = CARTESIAN_POINT('',(71.50580537,0.00000000,0.00000000));
#5200 = VERTEX_POINT('',#5199);
#5201 = CARTESIAN_POINT('',(91.95726637,0.00000000,0.00000000));
#5202 = VERTEX_POINT('',#5201);
#5203 = CARTESIAN_POINT('',(91.95726637,0.00000000,3.00000000));
#5204 = VERTEX_POINT('',#5203);
#5205 = CARTESIAN_POINT('',(71.50580537,0.00000000,3.00000000));
#5206 = VERTEX_POINT('',#5205);
#5207 = CARTESIAN_POINT('',(71.50580537,0.00000000,0.00000000));
#5208 = DIRECTION('',(1.00000000,0.00000000,0.00000000));
#5209 = VECTOR('',#5208,20.45146100);
#5210 = LINE('',#5207,#5209);
#5211 = EDGE_CURVE('',#5200,#5202,#5210,.T.);
#5212 = CARTESIAN_POINT('',(91.95726637,0.00000000,0.00000000));
#5213 = DIRECTION('',(0.00000000,0.00000000,1.00000000));
#5214 = VECTOR('',#5213,3.00000000);
#5215 = LINE('',#5212,#5214);
#5216 = EDGE_CURVE('',#5202,#5204,#5215,.T.);
#5217 = CARTESIAN_POINT('',(91.95726637,0.00000000,3.00000000));
#5218 = DIRECTION('',(-1.00000000,-0.00000000,0.00000000));
#5219 = VECTOR('',#5218,20.45146100);
#5220 = LINE('',#5217,#5219);
#5221 = EDGE_CURVE('',#5204,#5206,#5220,.T.);
#5222 = CARTESIAN_POINT('',(71.50580537,0.00000000,3.00000000));
#5223 = DIRECTION('',(0.00000000,0.00000000,-1.00000000));
#5224 = VECTOR('',#5223,3.00000000);
#5225 = LINE('',#5222,#5224);
#5226 = EDGE_CURVE('',#5206,#5200,#5225,.T.);
#5227 = ORIENTED_EDGE('',*,*,#5211,.T.);
#5228 = ORIENTED_EDGE('',*,*,#5216,.T.);
#5229 = ORIENTED_EDGE('',*,*,#5221,.T.);
#5230 = ORIENTED_EDGE('',*,*,#5226,.T.);
#5231 = EDGE_LOOP('',(#5227,#5228,#5229,#5230));
#5232 = FACE_OUTER_BOUND('',#5231,.T.);
#5233 = CARTESIAN_POINT('',(71.50580537,0.00000000,0.00000000));
#5234 = DIRECTION('',(0.00000000,-1.00000000,0.00000000));
#5235 = DIRECTION('',(1.00000000,0.00000000,0.00000000));
#5236 = AXIS2_PLACEMENT_3D('',#5233,#5234,#5235);
#5237 = PLANE('',#5236);
#5238 = ADVANCED_FACE('',(#5232),#5237,.T.);
#5239 = CARTESIAN_POINT('',(91.95726637,0.00000000,0.00000000));
#5240 = VERTEX_POINT('',#5239);
#5241 = CARTESIAN_POINT('',(92.02982230,0.00613441,0.00000000));
#5242 = VERTEX_POINT('',#5241);
#5243 = CARTESIAN_POINT('',(92.02982230,0.00613441,3.00000000));
#5244 = VERTEX_POINT('',#5243);
#5245 = CARTESIAN_POINT('',(91.95726637,0.00000000,3.00000000));
#5246 = VERTEX_POINT('',#5245);
#5247 = CARTESIAN_POINT('',(91.95726637,0.00000000,0.00000000));
#5248 = DIRECTION('',(0.99644492,0.08424673,0.00000000));
#5249 = VECTOR('',#5248,0.07281479);
#5250 = LINE('',#5247,#5249);
#5251 = EDGE_CURVE('',#5240,#5242,#5250,.T.);
#5252 = CARTESIAN_POINT('',(92.02982230,0.00613441,0.00000000));
#5253 = DIRECTION('',(0.00000000,0.00000000,1.00000000));
#5254 = VECTOR('',#5253,3.00000000);
#5255 = LINE('',#5252,#5254);
#5256 = EDGE_CURVE('',#5242,#5244,#5255,.T.);
#5257 = CARTESIAN_POINT('',(92.02982230,0.00613441,3.00000000));
#5258 = DIRECTION('',(-0.99644492,-0.08424673,0.00000000));
#5259 = VECTOR('',#5258,0.07281479);
#5260 = LINE('',#5257,#5259);
#5261 = EDGE_CURVE('',#5244,#5246,#5260,.T.);
#5262 = CARTESIAN_POINT('',(91.95726637,0.00000000,3.00000000));
#5263 = DIRECTION('',(0.00000000,0.00000000,-1.00000000));
#5264 = VECTOR('',#5263,3.00000000);
#5265 = LINE('',#5262,#5264);
#5266 = EDGE_CURVE('',#5246,#5240,#5265,.T.);
#5267 = ORIENTED_EDGE('',*,*,#5251,.T.);
#5268 = ORIENTED_EDGE('',*,*,#5256,.T.);
#5269 = ORIENTED_EDGE('',*,*,#5261,.T.);
#5270 = ORIENTED_EDGE('',*,*,#5266,.T.);
#5271 = EDGE_LOOP('',(#5267,#5268,#5269,#5270));
#5272 = FACE_OUTER_BOUND('',#5271,.T.);
#5273 = CARTESIAN_POINT('',(91.95726637,0.00000000,0.00000000));
#5274 = DIRECTION('',(0.08424673,-0.99644492,0.00000000));
#5275 = DIRECTION('',(0.99644492,0.08424673,0.00000000));
#5276 = AXIS2_PLACEMENT_3D('',#5273,#5274,#5275);
#5277 = PLANE('',#5276);
#5278 = ADVANCED_FACE('',(#5272),#5277,.T.);
#5279 = CARTESIAN_POINT('',(92.02982230,0.00613441,0.00000000));
#5280 = VERTEX_POINT('',#5279);
#5281 = CARTESIAN_POINT('',(92.10031842,0.02436322,0.00000000));
#5282 = VERTEX_POINT('',#5281);
#5283 = CARTESIAN_POINT('',(92.10031842,0.02436322,3.00000000));
#5284 = VERTEX_POINT('',#5283);
#5285 = CARTESIAN_POINT('',(92.02982230,0.00613441,3.00000000));
#5286 = VERTEX_POINT('',#5285);
#5287 = CARTESIAN_POINT('',(92.02982230,0.00613441,0.00000000));
#5288 = DIRECTION('',(0.96815670,0.25034496,0.00000000));
#5289 = VECTOR('',#5288,0.07281479);
#5290 = LINE('',#5287,#5289);
#5291 = EDGE_CURVE('',#5280,#5282,#5290,.T.);
#5292 = CARTESIAN_POINT('',(92.10031842,0.02436322,0.00000000));
#5293 = DIRECTION('',(0.00000000,0.00000000,1.00000000));
#5294 = VECTOR('',#5293,3.00000000);
#5295 = LINE('',#5292,#5294);
#5296 = EDGE_CURVE('',#5282,#5284,#5295,.T.);
#5297 = CARTESIAN_POINT('',(92.10031842,0.02436322,3.00000000));
#5298 = DIRECTION('',(-0.96815670,-0.25034496,0.00000000));
#5299 = VECTOR('',#5298,0.07281479);
#5300 = LINE('',#5297,#5299);
#5301 = EDGE_CURVE('',#5284,#5286,#5300,.T.);
#5302 = CARTESIAN_POINT('',(92.02982230,0.00613441,3.00000000));
#5303 = DIRECTION('',(0.00000000,0.00000000,-1.00000000));
#5304 = VECTOR('',#5303,3.00000000);
#5305 = LINE('',#5302,#5304);
#5306 = EDGE_CURVE('',#5286,#5280,#5305,.T.);
#5307 = ORIENTED_EDGE('',*,*,#5291,.T.);
#5308 = ORIENTED_EDGE('',*,*,#5296,.T.);
#5309 = ORIENTED_EDGE('',*,*,#5301,.T.);
#5310 = ORIENTED_EDGE('',*,*,#5306,.T.);
#5311 = EDGE_LOOP('',(#5307,#5308,#5309,#5310));
#5312 = FACE_OUTER_BOUND('',#5311,.T.);
#5313 = CARTESIAN_POINT('',(92.02982230,0.00613441,0.00000000));
#5314 = DIRECTION('',(0.25034496,-0.96815670,0.00000000));
#5315 = DIRECTION('',(0.96815670,0.25034496,0.00000000));
#5316 = AXIS2_PLACEMENT_3D('',#5313,#5314,#5315);
#5317 = PLANE('',#5316);
#5318 = ADVANCED_FACE('',(#5312),#5317,.T.);
#5319 = CARTESIAN_POINT('',(92.10031842,0.02436322,0.00000000));
#5320 = VERTEX_POINT('',#5319);
#5321 = CARTESIAN_POINT('',(92.16675344,0.05416895,0.00000000));
#5322 = VERTEX_POINT('',#5321);
#5323 = CARTESIAN_POINT('',(92.16675344,0.05416895,3.00000000));
#5324 = VERTEX_POINT('',#5323);
#5325 = CARTESIAN_POINT('',(92.10031842,0.02436322,3.00000000));
#5326 = VERTEX_POINT('',#5325);
#5327 = CARTESIAN_POINT('',(92.10031842,0.02436322,0.00000000));
#5328 = DIRECTION('',(0.91238363,0.40933618,0.00000000));
#5329 = VECTOR('',#5328,0.07281479);
#5330 = LINE('',#5327,#5329);
#5331 = EDGE_CURVE('',#5320,#5322,#5330,.T.);
#5332 = CARTESIAN_POINT('',(92.16675344,0.05416895,0.00000000));
#5333 = DIRECTION('',(0.00000000,0.00000000,1.00000000));
#5334 = VECTOR('',#5333,3.00000000);
#5335 = LINE('',#5332,#5334);
#5336 = EDGE_CURVE('',#5322,#5324,#5335,.T.);
#5337 = CARTESIAN_POINT('',(92.16675344,0.05416895,3.00000000));
#5338 = DIRECTION('',(-0.91238363,-0.40933618,0.00000000));
#5339 = VECTOR('',#5338,0.07281479);
#5340 = LINE('',#5337,#5339);
#5341 = EDGE_CURVE('',#5324,#5326,#5340,.T.);
#5342 = CARTESIAN_POINT('',(92.10031842,0.02436322,3.00000000));
#5343 = DIRECTION('',(0.00000000,0.00000000,-1.00000000));
#5344 = VECTOR('',#5343,3.00000000);
#5345 = LINE('',#5342,#5344);
#5346 = EDGE_CURVE('',#5326,#5320,#5345,.T.);
#5347 = ORIENTED_EDGE('',*,*,#5331,.T.);
#5348 = ORIENTED_EDGE('',*,*,#5336,.T.);
#5349 = ORIENTED_EDGE('',*,*,#5341,.T.);
#5350 = ORIENTED_EDGE('',*,*,#5346,.T.);
#5351 = EDGE_LOOP('',(#5347,#5348,#5349,#5350));
#5352 = FACE_OUTER_BOUND('',#5351,.T.);
#5353 = CARTESIAN_POINT('',(92.10031842,0.02436322,0.00000000));
#5354 = DIRECTION('',(0.40933618,-0.91238363,0.00000000));
#5355 = DIRECTION('',(0.91238363,0.40933618,0.00000000));
#5356 = AXIS2_PLACEMENT_3D('',#5353,#5354,#5355);
#5357 = PLANE('',#5356);
#5358 = ADVANCED_FACE('',(#5352),#5357,.T.);
#5359 = CARTESIAN_POINT('',(92.16675344,0.05416895,0.00000000));
#5360 = VERTEX_POINT('',#5359);
#5361 = CARTESIAN_POINT('',(92.22724135,0.09470544,0.00000000));
#5362 = VERTEX_POINT('',#5361);
#5363 = CARTESIAN_POINT('',(92.22724135,0.09470544,3.00000000));
#5364 = VERTEX_POINT('',#5363);
#5365 = CARTESIAN_POINT('',(92.16675344,0.05416895,3.00000000));
#5366 = VERTEX_POINT('',#5365);
#5367 = CARTESIAN_POINT('',(92.16675344,0.05416895,0.00000000));
#5368 = DIRECTION('',(0.83070904,0.55670683,0.00000000));
#5369 = VECTOR('',#5368,0.07281479);
#5370 = LINE('',#5367,#5369);
#5371 = EDGE_CURVE('',#5360,#5362,#5370,.T.);
#5372 = CARTESIAN_POINT('',(92.22724135,0.09470544,0.00000000));
#5373 = DIRECTION('',(0.00000000,0.00000000,1.00000000));
#5374 = VECTOR('',#5373,3.00000000);
#5375 = LINE('',#5372,#5374);
#5376 = EDGE_CURVE('',#5362,#5364,#5375,.T.);
#5377 = CARTESIAN_POINT('',(92.22724135,0.09470544,3.00000000));
#5378 = DIRECTION('',(-0.83070904,-0.55670683,0.00000000));
#5379 = VECTOR('',#5378,0.07281479);
#5380 = LINE('',#5377,#5379);
#5381 = EDGE_CURVE('',#5364,#5366,#5380,.T.);
#5382 = CARTESIAN_POINT('',(92.16675344,0.05416895,3.00000000));
#5383 = DIRECTION('',(0.00000000,0.00000000,-1.00000000));
#5384 = VECTOR('',#5383,3.00000000);
#5385 = LINE('',#5382,#5384);
#5386 = EDGE_CURVE('',#5366,#5360,#5385,.T.);
#5387 = ORIENTED_EDGE('',*,*,#5371,.T.);
#5388 = ORIENTED_EDGE('',*,*,#5376,.T.);
#5389 = ORIENTED_EDGE('',*,*,#5381,.T.);
#5390 = ORIENTED_EDGE('',*,*,#5386,.T.);
#5391 = EDGE_LOOP('',(#5387,#5388,#5389,#5390));
#5392 = FACE_OUTER_BOUND('',#5391,.T.);
#5393 = CARTESIAN_POINT('',(92.16675344,0.05416895,0.00000000));
#5394 = DIRECTION('',(0.55670683,-0.83070904,0.00000000));
#5395 = DIRECTION('',(0.83070904,0.55670683,0.00000000));
#5396 = AXIS2_PLACEMENT_3D('',#5393,#5394,#5395);
#5397 = PLANE('',#5396);
#5398 = ADVANCED_FACE('',(#5392),#5397,.T.);
#5399 = CARTESIAN_POINT('',(92.22724135,0.09470544,0.00000000));
#5400 = VERTEX_POINT('',#5399);
#5401 = CARTESIAN_POINT('',(92.28006495,0.14482191,0.00000000));
#5402 = VERTEX_POINT('',#5401);
#5403 = CARTESIAN_POINT('',(92.28006495,0.14482191,3.00000000));
#5404 = VERTEX_POINT('',#5403);
#5405 = CARTESIAN_POINT('',(92.22724135,0.09470544,3.00000000));
#5406 = VERTEX_POINT('',#5405);
#5407 = CARTESIAN_POINT('',(92.22724135,0.09470544,0.00000000));
#5408 = DIRECTION('',(0.72545158,0.68827320,0.00000000));
#5409 = VECTOR('',#5408,0.07281479);
#5410 = LINE('',#5407,#5409);
#5411 = EDGE_CURVE('',#5400,#5402,#5410,.T.);
#5412 = CARTESIAN_POINT('',(92.28006495,0.14482191,0.00000000));
#5413 = DIRECTION('',(0.00000000,0.00000000,1.00000000));
#5414 = VECTOR('',#5413,3.00000000);
#5415 = LINE('',#5412,#5414);
#5416 = EDGE_CURVE('',#5402,#5404,#5415,.T.);
#5417 = CARTESIAN_POINT('',(92.28006495,0.14482191,3.00000000));
#5418 = DIRECTION('',(-0.72545158,-0.68827320,0.00000000));
#5419 = VECTOR('',#5418,0.07281479);
#5420 = LINE('',#5417,#5419);
#5421 = EDGE_CURVE('',#5404,#5406,#5420,.T.);
#5422 = CARTESIAN_POINT('',(92.22724135,0.09470544,3.00000000));
#5423 = DIRECTION('',(0.00000000,0.00000000,-1.00000000));
#5424 = VECTOR('',#5423,3.00000000);
#5425 = LINE('',#5422,#5424);
#5426 = EDGE_CURVE('',#5406,#5400,#5425,.T.);
#5427 = ORIENTED_EDGE('',*,*,#5411,.T.);
#5428 = ORIENTED_EDGE('',*,*,#5416,.T.);
#5429 = ORIENTED_EDGE('',*,*,#5421,.T.);
#5430 = ORIENTED_EDGE('',*,*,#5426,.T.);
#5431 = EDGE_LOOP('',(#5427,#5428,#5429,#5430));
#5432 = FACE_OUTER_BOUND('',#5431,.T.);
#5433 = CARTESIAN_POINT('',(92.22724135,0.09470544,0.00000000));
#5434 = DIRECTION('',(0.68827320,-0.72545158,0.00000000));
#5435 = DIRECTION('',(0.72545158,0.68827320,0.00000000));
#5436 = AXIS2_PLACEMENT_3D('',#5433,#5434,#5435);
#5437 = PLANE('',#5436);
#5438 = ADVANCED_FACE('',(#5432),#5437,.T.);
#5439 = CARTESIAN_POINT('',(92.28006495,0.14482191,0.00000000));
#5440 = VERTEX_POINT('',#5439);
#5441 = CARTESIAN_POINT('',(92.32372465,0.20309561,0.00000000));
#5442 = VERTEX_POINT('',#5441);
#5443 = CARTESIAN_POINT('',(92.32372465,0.20309561,3.00000000));
#5444 = VERTEX_POINT('',#5443);
#5445 = CARTESIAN_POINT('',(92.28006495,0.14482191,3.00000000));
#5446 = VERTEX_POINT('',#5445);
#5447 = CARTESIAN_POINT('',(92.28006495,0.14482191,0.00000000));
#5448 = DIRECTION('',(0.59959939,0.80030030,0.00000000));
#5449 = VECTOR('',#5448,0.07281479);
#5450 = LINE('',#5447,#5449);
#5451 = EDGE_CURVE('',#5440,#5442,#5450,.T.);
#5452 = CARTESIAN_POINT('',(92.32372465,0.20309561,0.00000000));
#5453 = DIRECTION('',(0.00000000,0.00000000,1.00000000));
#5454 = VECTOR('',#5453,3.00000000);
#5455 = LINE('',#5452,#5454);
#5456 = EDGE_CURVE('',#5442,#5444,#5455,.T.);
#5457 = CARTESIAN_POINT('',(92.32372465,0.20309561,3.00000000));
#5458 = DIRECTION('',(-0.59959939,-0.80030030,0.00000000));
#5459 = VECTOR('',#5458,0.07281479);
#5460 = LINE('',#5457,#5459);
#5461 = EDGE_CURVE('',#5444,#5446,#5460,.T.);
#5462 = CARTESIAN_POINT('',(92.28006495,0.14482191,3.00000000));
#5463 = DIRECTION('',(0.00000000,0.00000000,-1.00000000));
#5464 = VECTOR('',#5463,3.00000000);
#5465 = LINE('',#5462,#5464);
#5466 = EDGE_CURVE('',#5446,#5440,#5465,.T.);
#5467 = ORIENTED_EDGE('',*,*,#5451,.T.);
#5468 = ORIENTED_EDGE('',*,*,#5456,.T.);
#5469 = ORIENTED_EDGE('',*,*,#5461,.T.);
#5470 = ORIENTED_EDGE('',*,*,#5466,.T.);
#5471 = EDGE_LOOP('',(#5467,#5468,#5469,#5470));
#5472 = FACE_OUTER_BOUND('',#5471,.T.);
#5473 = CARTESIAN_POINT('',(92.28006495,0.14482191,0.00000000));
#5474 = DIRECTION('',(0.80030030,-0.59959939,0.00000000));
#5475 = DIRECTION('',(0.59959939,0.80030030,0.00000000));
#5476 = AXIS2_PLACEMENT_3D('',#5473,#5474,#5475);
#5477 = PLANE('',#5476);
#5478 = ADVANCED_FACE('',(#5472),#5477,.T.);
#5479 = CARTESIAN_POINT('',(92.32372465,0.20309561,0.00000000));
#5480 = VERTEX_POINT('',#5479);
#5481 = CARTESIAN_POINT('',(92.35698101,0.26787221,0.00000000));
#5482 = VERTEX_POINT('',#5481);
#5483 = CARTESIAN_POINT('',(92.35698101,0.26787221,3.00000000));
#5484 = VERTEX_POINT('',#5483);
#5485 = CARTESIAN_POINT('',(92.32372465,0.20309561,3.00000000));
#5486 = VERTEX_POINT('',#5485);
#5487 = CARTESIAN_POINT('',(92.32372465,0.20309561,0.00000000));
#5488 = DIRECTION('',(0.45672527,0.88960780,0.00000000));
#5489 = VECTOR('',#5488,0.07281479);
#5490 = LINE('',#5487,#5489);
#5491 = EDGE_CURVE('',#5480,#5482,#5490,.T.);
#5492 = CARTESIAN_POINT('',(92.35698101,0.26787221,0.00000000));
#5493 = DIRECTION('',(0.00000000,0.00000000,1.00000000));
#5494 = VECTOR('',#5493,3.00000000);
#5495 = LINE('',#5492,#5494);
#5496 = EDGE_CURVE('',#5482,#5484,#5495,.T.);
#5497 = CARTESIAN_POINT('',(92.35698101,0.26787221,3.00000000));
#5498 = DIRECTION('',(-0.45672527,-0.88960780,0.00000000));
#5499 = VECTOR('',#5498,0.07281479);
#5500 = LINE('',#5497,#5499);
#5501 = EDGE_CURVE('',#5484,#5486,#5500,.T.);
#5502 = CARTESIAN_POINT('',(92.32372465,0.20309561,3.00000000));
#5503 = DIRECTION('',(0.00000000,0.00000000,-1.00000000));
#5504 = VECTOR('',#5503,3.00000000);
#5505 = LINE('',#5502,#5504);
#5506 = EDGE_CURVE('',#5486,#5480,#5505,.T.);
#5507 = ORIENTED_EDGE('',*,*,#5491,.T.);
#5508 = ORIENTED_EDGE('',*,*,#5496,.T.);
#5509 = ORIENTED_EDGE('',*,*,#5501,.T.);
#5510 = ORIENTED_EDGE('',*,*,#5506,.T.);
#5511 = EDGE_LOOP('',(#5507,#5508,#5509,#5510));
#5512 = FACE_OUTER_BOUND('',#5511,.T.);
#5513 = CARTESIAN_POINT('',(92.32372465,0.20309561,0.00000000));
#5514 = DIRECTION('',(0.88960780,-0.45672527,0.00000000));
#5515 = DIRECTION('',(0.45672527,0.88960780,0.00000000));
#5516 = AXIS2_PLACEMENT_3D('',#5513,#5514,#5515);
#5517 = PLANE('',#5516);
#5518 = ADVANCED_FACE('',(#5512),#5517,.T.);
#5519 = CARTESIAN_POINT('',(92.35698101,0.26787221,0.00000000));
#5520 = VERTEX_POINT('',#5519);
#5521 = CARTESIAN_POINT('',(92.37888990,0.33731279,0.00000000));
#5522 = VERTEX_POINT('',#5521);
#5523 = CARTESIAN_POINT('',(92.37888990,0.33731279,3.00000000));
#5524 = VERTEX_POINT('',#5523);
#5525 = CARTESIAN_POINT('',(92.35698101,0.26787221,3.00000000));
#5526 = VERTEX_POINT('',#5525);
#5527 = CARTESIAN_POINT('',(92.35698101,0.26787221,0.00000000));
#5528 = DIRECTION('',(0.30088524,0.95366036,0.00000000));
#5529 = VECTOR('',#5528,0.07281479);
#5530 = LINE('',#5527,#5529);
#5531 = EDGE_CURVE('',#5520,#5522,#5530,.T.);
#5532 = CARTESIAN_POINT('',(92.37888990,0.33731279,0.00000000));
#5533 = DIRECTION('',(0.00000000,0.00000000,1.00000000));
#5534 = VECTOR('',#5533,3.00000000);
#5535 = LINE('',#5532,#5534);
#5536 = EDGE_CURVE('',#5522,#5524,#5535,.T.);
#5537 = CARTESIAN_POINT('',(92.37888990,0.33731279,3.00000000));
#5538 = DIRECTION('',(-0.30088524,-0.95366036,0.00000000));
#5539 = VECTOR('',#5538,0.07281479);
#5540 = LINE('',#5537,#5539);
#5541 = EDGE_CURVE('',#5524,#5526,#5540,.T.);
#5542 = CARTESIAN_POINT('',(92.35698101,0.26787221,3.00000000));
#5543 = DIRECTION('',(0.00000000,0.00000000,-1.00000000));
#5544 = VECTOR('',#5543,3.00000000);
#5545 = LINE('',#5542,#5544);
#5546 = EDGE_CURVE('',#5526,#5520,#5545,.T.);
#5547 = ORIENTED_EDGE('',*,*,#5531,.T.);
#5548 = ORIENTED_EDGE('',*,*,#5536,.T.);
#5549 = ORIENTED_EDGE('',*,*,#5541,.T.);
#5550 = ORIENTED_EDGE('',*,*,#5546,.T.);
#5551 = EDGE_LOOP('',(#5547,#5548,#5549,#5550));
#5552 = FACE_OUTER_BOUND('',#5551,.T.);
#5553 = CARTESIAN_POINT('',(92.35698101,0.26787221,0.00000000));
#5554 = DIRECTION('',(0.95366036,-0.30088524,0.00000000));
#5555 = DIRECTION('',(0.30088524,0.95366036,0.00000000));
#5556 = AXIS2_PLACEMENT_3D('',#5553,#5554,#5555);
#5557 = PLANE('',#5556);
#5558 = ADVANCED_FACE('',(#5552),#5557,.T.);
#5559 = CARTESIAN_POINT('',(92.37888990,0.33731279,0.00000000));
#5560 = VERTEX_POINT('',#5559);
#5561 = CARTESIAN_POINT('',(92.38882937,0.40944600,0.00000000));
#5562 = VERTEX_POINT('',#5561);
#5563 = CARTESIAN_POINT('',(92.38882937,0.40944600,3.00000000));
#5564 = VERTEX_POINT('',#5563);
#5565 = CARTESIAN_POINT('',(92.37888990,0.33731279,3.00000000));
#5566 = VERTEX_POINT('',#5565);
#5567 = CARTESIAN_POINT('',(92.37888990,0.33731279,0.00000000));
#5568 = DIRECTION('',(0.13650343,0.99063960,0.00000000));
#5569 = VECTOR('',#5568,0.07281479);
#5570 = LINE('',#5567,#5569);
#5571 = EDGE_CURVE('',#5560,#5562,#5570,.T.);
#5572 = CARTESIAN_POINT('',(92.38882937,0.40944600,0.00000000));
#5573 = DIRECTION('',(0.00000000,0.00000000,1.00000000));
#5574 = VECTOR('',#5573,3.00000000);
#5575 = LINE('',#5572,#5574);
#5576 = EDGE_CURVE('',#5562,#5564,#5575,.T.);
#5577 = CARTESIAN_POINT('',(92.38882937,0.40944600,3.00000000));
#5578 = DIRECTION('',(-0.13650343,-0.99063960,0.00000000));
#5579 = VECTOR('',#5578,0.07281479);
#5580 = LINE('',#5577,#5579);
#5581 = EDGE_CURVE('',#5564,#5566,#5580,.T.);
#5582 = CARTESIAN_POINT('',(92.37888990,0.33731279,3.00000000));
#5583 = DIRECTION('',(0.00000000,0.00000000,-1.00000000));
#5584 = VECTOR('',#5583,3.00000000);
#5585 = LINE('',#5582,#5584);
#5586 = EDGE_CURVE('',#5566,#5560,#5585,.T.);
#5587 = ORIENTED_EDGE('',*,*,#5571,.T.);
#5588 = ORIENTED_EDGE('',*,*,#5576,.T.);
#5589 = ORIENTED_EDGE('',*,*,#5581,.T.);
#5590 = ORIENTED_EDGE('',*,*,#5586,.T.);
#5591 = EDGE_LOOP('',(#5587,#5588,#5589,#5590));
#5592 = FACE_OUTER_BOUND('',#5591,.T.);
#5593 = CARTESIAN_POINT('',(92.37888990,0.33731279,0.00000000));
#5594 = DIRECTION('',(0.99063960,-0.13650343,0.00000000));
#5595 = DIRECTION('',(0.13650343,0.99063960,0.00000000));
#5596 = AXIS2_PLACEMENT_3D('',#5593,#5594,#5595);
#5597 = PLANE('',#5596);
#5598 = ADVANCED_FACE('',(#5592),#5597,.T.);
#5599 = CARTESIAN_POINT('',(92.38882937,0.40944600,0.00000000));
#5600 = VERTEX_POINT('',#5599);
#5601 = CARTESIAN_POINT('',(92.38882937,2.41336000,0.00000000));
#5602 = VERTEX_POINT('',#5601);
#5603 = CARTESIAN_POINT('',(92.38882937,2.41336000,3.00000000));
#5604 = VERTEX_POINT('',#5603);
#5605 = CARTESIAN_POINT('',(92.38882937,0.40944600,3.00000000));
#5606 = VERTEX_POINT('',#5605);
#5607 = CARTESIAN_POINT('',(92.38882937,0.40944600,0.00000000));
#5608 = DIRECTION('',(0.00000000,1.00000000,0.00000000));
#5609 = VECTOR('',#5608,2.00391400);
#5610 = LINE('',#5607,#5609);
#5611 = EDGE_CURVE('',#5600,#5602,#5610,.T.);
#5612 = CARTESIAN_POINT('',(92.38882937,2.41336000,0.00000000));
#5613 = DIRECTION('',(0.00000000,0.00000000,1.00000000));
#5614 = VECTOR('',#5613,3.00000000);
#5615 = LINE('',#5612,#5614);
#5616 = EDGE_CURVE('',#5602,#5604,#5615,.T.);
#5617 = CARTESIAN_POINT('',(92.38882937,2.41336000,3.00000000));
#5618 = DIRECTION('',(-0.00000000,-1.00000000,0.00000000));
#5619 = VECTOR('',#5618,2.00391400);
#5620 = LINE('',#5617,#5619);
#5621 = EDGE_CURVE('',#5604,#5606,#5620,.T.);
#5622 = CARTESIAN_POINT('',(92.38882937,0.40944600,3.00000000));
#5623 = DIRECTION('',(0.00000000,0.00000000,-1.00000000));
#5624 = VECTOR('',#5623,3.00000000);
#5625 = LINE('',#5622,#5624);
#5626 = EDGE_CURVE('',#5606,#5600,#5625,.T.);
#5627 = ORIENTED_EDGE('',*,*,#5611,.T.);
#5628 = ORIENTED_EDGE('',*,*,#5616,.T.);
#5629 = ORIENTED_EDGE('',*,*,#5621,.T.);
#5630 = ORIENTED_EDGE('',*,*,#5626,.T.);
#5631 = EDGE_LOOP('',(#5627,#5628,#5629,#5630));
#5632 = FACE_OUTER_BOUND('',#5631,.T.);
#5633 = CARTESIAN_POINT('',(92.38882937,0.40944600,0.00000000));
#5634 = DIRECTION('',(1.00000000,-0.00000000,0.00000000));
#5635 = DIRECTION('',(0.00000000,1.00000000,0.00000000));
#5636 = AXIS2_PLACEMENT_3D('',#5633,#5634,#5635);
#5637 = PLANE('',#5636);
#5638 = ADVANCED_FACE('',(#5632),#5637,.T.);
#5639 = CARTESIAN_POINT('',(92.38882937,2.41336000,0.00000000));
#5640 = VERTEX_POINT('',#5639);
#5641 = CARTESIAN_POINT('',(92.39230602,2.45309709,0.00000000));
#5642 = VERTEX_POINT('',#5641);
#5643 = CARTESIAN_POINT('',(92.39230602,2.45309709,3.00000000));
#5644 = VERTEX_POINT('',#5643);
#5645 = CARTESIAN_POINT('',(92.38882937,2.41336000,3.00000000));
#5646 = VERTEX_POINT('',#5645);
#5647 = CARTESIAN_POINT('',(92.38882937,2.41336000,0.00000000));
#5648 = DIRECTION('',(0.08715832,0.99619447,0.00000000));
#5649 = VECTOR('',#5648,0.03988889);
#5650 = LINE('',#5647,#5649);
#5651 = EDGE_CURVE('',#5640,#5642,#5650,.T.);
#5652 = CARTESIAN_POINT('',(92.39230602,2.45309709,0.00000000));
#5653 = DIRECTION('',(0.00000000,0.00000000,1.00000000));
#5654 = VECTOR('',#5653,3.00000000);
#5655 = LINE('',#5652,#5654);
#5656 = EDGE_CURVE('',#5642,#5644,#5655,.T.);
#5657 = CARTESIAN_POINT('',(92.39230602,2.45309709,3.00000000));
#5658 = DIRECTION('',(-0.08715832,-0.99619447,0.00000000));
#5659 = VECTOR('',#5658,0.03988889);
#5660 = LINE('',#5657,#5659);
#5661 = EDGE_CURVE('',#5644,#5646,#5660,.T.);
#5662 = CARTESIAN_POINT('',(92.38882937,2.41336000,3.00000000));
#5663 = DIRECTION('',(0.00000000,0.00000000,-1.00000000));
#5664 = VECTOR('',#5663,3.00000000);
#5665 = LINE('',#5662,#5664);
#5666 = EDGE_CURVE('',#5646,#5640,#5665,.T.);
#5667 = ORIENTED_EDGE('',*,*,#5651,.T.);
#5668 = ORIENTED_EDGE('',*,*,#5656,.T.);
#5669 = ORIENTED_EDGE('',*,*,#5661,.T.);
#5670 = ORIENTED_EDGE('',*,*,#5666,.T.);
#5671 = EDGE_LOOP('',(#5667,#5668,#5669,#5670));
#5672 = FACE_OUTER_BOUND('',#5671,.T.);
#5673 = CARTESIAN_POINT('',(92.38882937,2.41336000,0.00000000));
#5674 = DIRECTION('',(0.99619447,-0.08715832,0.00000000));
#5675 = DIRECTION('',(0.08715832,0.99619447,0.00000000));
#5676 = AXIS2_PLACEMENT_3D('',#5673,#5674,#5675);
#5677 = PLANE('',#5676);
#5678 = ADVANCED_FACE('',(#5672),#5677,.T.);
#5679 = CARTESIAN_POINT('',(92.39230602,2.45309709,0.00000000));
#5680 = VERTEX_POINT('',#5679);
#5681 = CARTESIAN_POINT('',(92.40263010,2.49162677,0.00000000));
#5682 = VERTEX_POINT('',#5681);
#5683 = CARTESIAN_POINT('',(92.40263010,2.49162677,3.00000000));
#5684 = VERTEX_POINT('',#5683);
#5685 = CARTESIAN_POINT('',(92.39230602,2.45309709,3.00000000));
#5686 = VERTEX_POINT('',#5685);
#5687 = CARTESIAN_POINT('',(92.39230602,2.45309709,0.00000000));
#5688 = DIRECTION('',(0.25882091,0.96592533,0.00000000));
#5689 = VECTOR('',#5688,0.03988889);
#5690 = LINE('',#5687,#5689);
#5691 = EDGE_CURVE('',#5680,#5682,#5690,.T.);
#5692 = CARTESIAN_POINT('',(92.40263010,2.49162677,0.00000000));
#5693 = DIRECTION('',(0.00000000,0.00000000,1.00000000));
#5694 = VECTOR('',#5693,3.00000000);
#5695 = LINE('',#5692,#5694);
#5696 = EDGE_CURVE('',#5682,#5684,#5695,.T.);
#5697 = CARTESIAN_POINT('',(92.40263010,2.49162677,3.00000000));
#5698 = DIRECTION('',(-0.25882091,-0.96592533,0.00000000));
#5699 = VECTOR('',#5698,0.03988889);
#5700 = LINE('',#5697,#5699);
#5701 = EDGE_CURVE('',#5684,#5686,#5700,.T.);
#5702 = CARTESIAN_POINT('',(92.39230602,2.45309709,3.00000000));
#5703 = DIRECTION('',(0.00000000,0.00000000,-1.00000000));
#5704 = VECTOR('',#5703,3.00000000);
#5705 = LINE('',#5702,#5704);
#5706 = EDGE_CURVE('',#5686,#5680,#5705,.T.);
#5707 = ORIENTED_EDGE('',*,*,#5691,.T.);
#5708 = ORIENTED_EDGE('',*,*,#5696,.T.);
#5709 = ORIENTED_EDGE('',*,*,#5701,.T.);
#5710 = ORIENTED_EDGE('',*,*,#5706,.T.);
#5711 = EDGE_LOOP('',(#5707,#5708,#5709,#5710));
#5712 = FACE_OUTER_BOUND('',#5711,.T.);
#5713 = CARTESIAN_POINT('',(92.39230602,2.45309709,0.00000000));
#5714 = DIRECTION('',(0.96592533,-0.25882091,0.00000000));
#5715 = DIRECTION('',(0.25882091,0.96592533,0.00000000));
#5716 = AXIS2_PLACEMENT_3D('',#5713,#5714,#5715);
#5717 = PLANE('',#5716);
#5718 = ADVANCED_FACE('',(#5712),#5717,.T.);
#5719 = CARTESIAN_POINT('',(92.40263010,2.49162677,0.00000000));
#5720 = VERTEX_POINT('',#5719);
#5721 = CARTESIAN_POINT('',(92.41948792,2.52777836,0.00000000));
#5722 = VERTEX_POINT('',#5721);
#5723 = CARTESIAN_POINT('',(92.41948792,2.52777836,3.00000000));
#5724 = VERTEX_POINT('',#5723);
#5725 = CARTESIAN_POINT('',(92.40263010,2.49162677,3.00000000));
#5726 = VERTEX_POINT('',#5725);
#5727 = CARTESIAN_POINT('',(92.40263010,2.49162677,0.00000000));
#5728 = DIRECTION('',(0.42261943,0.90630724,0.00000000));
#5729 = VECTOR('',#5728,0.03988889);
#5730 = LINE('',#5727,#5729);
#5731 = EDGE_CURVE('',#5720,#5722,#5730,.T.);
#5732 = CARTESIAN_POINT('',(92.41948792,2.52777836,0.00000000));
#5733 = DIRECTION('',(0.00000000,0.00000000,1.00000000));
#5734 = VECTOR('',#5733,3.00000000);
#5735 = LINE('',#5732,#5734);
#5736 = EDGE_CURVE('',#5722,#5724,#5735,.T.);
#5737 = CARTESIAN_POINT('',(92.41948792,2.52777836,3.00000000));
#5738 = DIRECTION('',(-0.42261943,-0.90630724,0.00000000));
#5739 = VECTOR('',#5738,0.03988889);
#5740 = LINE('',#5737,#5739);
#5741 = EDGE_CURVE('',#5724,#5726,#5740,.T.);
#5742 = CARTESIAN_POINT('',(92.40263010,2.49162677,3.00000000));
#5743 = DIRECTION('',(0.00000000,0.00000000,-1.00000000));
#5744 = VECTOR('',#5743,3.00000000);
#5745 = LINE('',#5742,#5744);
#5746 = EDGE_CURVE('',#5726,#5720,#5745,.T.);
#5747 = ORIENTED_EDGE('',*,*,#5731,.T.);
#5748 = ORIENTED_EDGE('',*,*,#5736,.T.);
#5749 = ORIENTED_EDGE('',*,*,#5741,.T.);
#5750 = ORIENTED_EDGE('',*,*,#5746,.T.);
#5751 = EDGE_LOOP('',(#5747,#5748,#5749,#5750));
#5752 = FACE_OUTER_BOUND('',#5751,.T.);
#5753 = CARTESIAN_POINT('',(92.40263010,2.49162677,0.00000000));
#5754 = DIRECTION('',(0.90630724,-0.42261943,0.00000000));
#5755 = DIRECTION('',(0.42261943,0.90630724,0.00000000));
#5756 = AXIS2_PLACEMENT_3D('',#5753,#5754,#5755);
#5757 = PLANE('',#5756);
#5758 = ADVANCED_FACE('',(#5752),#5757,.T.);
#5759 = CARTESIAN_POINT('',(92.41948792,2.52777836,0.00000000));
#5760 = VERTEX_POINT('',#5759);
#5761 = CARTESIAN_POINT('',(92.44236726,2.56045341,0.00000000));
#5762 = VERTEX_POINT('',#5761);
#5763 = CARTESIAN_POINT('',(92.44236726,2.56045341,3.00000000));
#5764 = VERTEX_POINT('',#5763);
#5765 = CARTESIAN_POINT('',(92.41948792,2.52777836,3.00000000));
#5766 = VERTEX_POINT('',#5765);
#5767 = CARTESIAN_POINT('',(92.41948792,2.52777836,0.00000000));
#5768 = DIRECTION('',(0.57357696,0.81915167,0.00000000));
#5769 = VECTOR('',#5768,0.03988889);
#5770 = LINE('',#5767,#5769);
#5771 = EDGE_CURVE('',#5760,#5762,#5770,.T.);
#5772 = CARTESIAN_POINT('',(92.44236726,2.56045341,0.00000000));
#5773 = DIRECTION('',(0.00000000,0.00000000,1.00000000));
#5774 = VECTOR('',#5773,3.00000000);
#5775 = LINE('',#5772,#5774);
#5776 = EDGE_CURVE('',#5762,#5764,#5775,.T.);
#5777 = CARTESIAN_POINT('',(92.44236726,2.56045341,3.00000000));
#5778 = DIRECTION('',(-0.57357696,-0.81915167,0.00000000));
#5779 = VECTOR('',#5778,0.03988889);
#5780 = LINE('',#5777,#5779);
#5781 = EDGE_CURVE('',#5764,#5766,#5780,.T.);
#5782 = CARTESIAN_POINT('',(92.41948792,2.52777836,3.00000000));
#5783 = DIRECTION('',(0.00000000,0.00000000,-1.00000000));
#5784 = VECTOR('',#5783,3.00000000);
#5785 = LINE('',#5782,#5784);
#5786 = EDGE_CURVE('',#5766,#5760,#5785,.T.);
#5787 = ORIENTED_EDGE('',*,*,#5771,.T.);
#5788 = ORIENTED_EDGE('',*,*,#5776,.T.);
#5789 = ORIENTED_EDGE('',*,*,#5781,.T.);
#5790 = ORIENTED_EDGE('',*,*,#5786,.T.);
#5791 = EDGE_LOOP('',(#5787,#5788,#5789,#5790));
#5792 = FACE_OUTER_BOUND('',#5791,.T.);
#5793 = CARTESIAN_POINT('',(92.41948792,2.52777836,0.00000000));
#5794 = DIRECTION('',(0.81915167,-0.57357696,0.00000000));
#5795 = DIRECTION('',(0.57357696,0.81915167,0.00000000));
#5796 = AXIS2_PLACEMENT_3D('',#5793,#5794,#5795);
#5797 = PLANE('',#5796);
#5798 = ADVANCED_FACE('',(#5792),#5797,.T.);
#5799 = CARTESIAN_POINT('',(92.44236726,2.56045341,0.00000000));
#5800 = VERTEX_POINT('',#5799);
#5801 = CARTESIAN_POINT('',(92.47057296,2.58865911,0.00000000));
#5802 = VERTEX_POINT('',#5801);
#5803 = CARTESIAN_POINT('',(92.47057296,2.58865911,3.00000000));
#5804 = VERTEX_POINT('',#5803);
#5805 = CARTESIAN_POINT('',(92.44236726,2.56045341,3.00000000));
#5806 = VERTEX_POINT('',#5805);
#5807 = CARTESIAN_POINT('',(92.44236726,2.56045341,0.00000000));
#5808 = DIRECTION('',(0.70710678,0.70710678,0.00000000));
#5809 = VECTOR('',#5808,0.03988889);
#5810 = LINE('',#5807,#5809);
#5811 = EDGE_CURVE('',#5800,#5802,#5810,.T.);
#5812 = CARTESIAN_POINT('',(92.47057296,2.58865911,0.00000000));
#5813 = DIRECTION('',(0.00000000,0.00000000,1.00000000));
#5814 = VECTOR('',#5813,3.00000000);
#5815 = LINE('',#5812,#5814);
#5816 = EDGE_CURVE('',#5802,#5804,#5815,.T.);
#5817 = CARTESIAN_POINT('',(92.47057296,2.58865911,3.00000000));
#5818 = DIRECTION('',(-0.70710678,-0.70710678,0.00000000));
#5819 = VECTOR('',#5818,0.03988889);
#5820 = LINE('',#5817,#5819);
#5821 = EDGE_CURVE('',#5804,#5806,#5820,.T.);
#5822 = CARTESIAN_POINT('',(92.44236726,2.56045341,3.00000000));
#5823 = DIRECTION('',(0.00000000,0.00000000,-1.00000000));
#5824 = VECTOR('',#5823,3.00000000);
#5825 = LINE('',#5822,#5824);
#5826 = EDGE_CURVE('',#5806,#5800,#5825,.T.);
#5827 = ORIENTED_EDGE('',*,*,#5811,.T.);
#5828 = ORIENTED_EDGE('',*,*,#5816,.T.);
#5829 = ORIENTED_EDGE('',*,*,#5821,.T.);
#5830 = ORIENTED_EDGE('',*,*,#5826,.T.);
#5831 = EDGE_LOOP('',(#5827,#5828,#5829,#5830));
#5832 = FACE_OUTER_BOUND('',#5831,.T.);
#5833 = CARTESIAN_POINT('',(92.44236726,2.56045341,0.00000000));
#5834 = DIRECTION('',(0.70710678,-0.70710678,0.00000000));
#5835 = DIRECTION('',(0.70710678,0.70710678,0.00000000));
#5836 = AXIS2_PLACEMENT_3D('',#5833,#5834,#5835);
#5837 = PLANE('',#5836);
#5838 = ADVANCED_FACE('',(#5832),#5837,.T.);
#5839 = CARTESIAN_POINT('',(92.47057296,2.58865911,0.00000000));
#5840 = VERTEX_POINT('',#5839);
#5841 = CARTESIAN_POINT('',(92.50324801,2.61153846,0.00000000));
#5842 = VERTEX_POINT('',#5841);
#5843 = CARTESIAN_POINT('',(92.50324801,2.61153846,3.00000000));
#5844 = VERTEX_POINT('',#5843);
#5845 = CARTESIAN_POINT('',(92.47057296,2.58865911,3.00000000));
#5846 = VERTEX_POINT('',#5845);
#5847 = CARTESIAN_POINT('',(92.47057296,2.58865911,0.00000000));
#5848 = DIRECTION('',(0.81915167,0.57357696,0.00000000));
#5849 = VECTOR('',#5848,0.03988889);
#5850 = LINE('',#5847,#5849);
#5851 = EDGE_CURVE('',#5840,#5842,#5850,.T.);
#5852 = CARTESIAN_POINT('',(92.50324801,2.61153846,0.00000000));
#5853 = DIRECTION('',(0.00000000,0.00000000,1.00000000));
#5854 = VECTOR('',#5853,3.00000000);
#5855 = LINE('',#5852,#5854);
#5856 = EDGE_CURVE('',#5842,#5844,#5855,.T.);
#5857 = CARTESIAN_POINT('',(92.50324801,2.61153846,3.00000000));
#5858 = DIRECTION('',(-0.81915167,-0.57357696,0.00000000));
#5859 = VECTOR('',#5858,0.03988889);
#5860 = LINE('',#5857,#5859);
#5861 = EDGE_CURVE('',#5844,#5846,#5860,.T.);
#5862 = CARTESIAN_POINT('',(92.47057296,2.58865911,3.00000000));
#5863 = DIRECTION('',(0.00000000,0.00000000,-1.00000000));
#5864 = VECTOR('',#5863,3.00000000);
#5865 = LINE('',#5862,#5864);
#5866 = EDGE_CURVE('',#5846,#5840,#5865,.T.);
#5867 = ORIENTED_EDGE('',*,*,#5851,.T.);
#5868 = ORIENTED_EDGE('',*,*,#5856,.T.);
#5869 = ORIENTED_EDGE('',*,*,#5861,.T.);
#5870 = ORIENTED_EDGE('',*,*,#5866,.T.);
#5871 = EDGE_LOOP('',(#5867,#5868,#5869,#5870));
#5872 = FACE_OUTER_BOUND('',#5871,.T.);
#5873 = CARTESIAN_POINT('',(92.47057296,2.58865911,0.00000000));
#5874 = DIRECTION('',(0.57357696,-0.81915167,0.00000000));
#5875 = DIRECTION('',(0.81915167,0.57357696,0.00000000));
#5876 = AXIS2_PLACEMENT_3D('',#5873,#5874,#5875);
#5877 = PLANE('',#5876);
#5878 = ADVANCED_FACE('',(#5872),#5877,.T.);
#5879 = CARTESIAN_POINT('',(92.50324801,2.61153846,0.00000000));
#5880 = VERTEX_POINT('',#5879);
#5881 = CARTESIAN_POINT('',(92.53939960,2.62839627,0.00000000));
#5882 = VERTEX_POINT('',#5881);
#5883 = CARTESIAN_POINT('',(92.53939960,2.62839627,3.00000000));
#5884 = VERTEX_POINT('',#5883);
#5885 = CARTESIAN_POINT('',(92.50324801,2.61153846,3.00000000));
#5886 = VERTEX_POINT('',#5885);
#5887 = CARTESIAN_POINT('',(92.50324801,2.61153846,0.00000000));
#5888 = DIRECTION('',(0.90630724,0.42261943,0.00000000));
#5889 = VECTOR('',#5888,0.03988889);
#5890 = LINE('',#5887,#5889);
#5891 = EDGE_CURVE('',#5880,#5882,#5890,.T.);
#5892 = CARTESIAN_POINT('',(92.53939960,2.62839627,0.00000000));
#5893 = DIRECTION('',(0.00000000,0.00000000,1.00000000));
#5894 = VECTOR('',#5893,3.00000000);
#5895 = LINE('',#5892,#5894);
#5896 = EDGE_CURVE('',#5882,#5884,#5895,.T.);
#5897 = CARTESIAN_POINT('',(92.53939960,2.62839627,3.00000000));
#5898 = DIRECTION('',(-0.90630724,-0.42261943,0.00000000));
#5899 = VECTOR('',#5898,0.03988889);
#5900 = LINE('',#5897,#5899);
#5901 = EDGE_CURVE('',#5884,#5886,#5900,.T.);
#5902 = CARTESIAN_POINT('',(92.50324801,2.61153846,3.00000000));
#5903 = DIRECTION('',(0.00000000,0.00000000,-1.00000000));
#5904 = VECTOR('',#5903,3.00000000);
#5905 = LINE('',#5902,#5904);
#5906 = EDGE_CURVE('',#5886,#5880,#5905,.T.);
#5907 = ORIENTED_EDGE('',*,*,#5891,.T.);
#5908 = ORIENTED_EDGE('',*,*,#5896,.T.);
#5909 = ORIENTED_EDGE('',*,*,#5901,.T.);
#5910 = ORIENTED_EDGE('',*,*,#5906,.T.);
#5911 = EDGE_LOOP('',(#5907,#5908,#5909,#5910));
#5912 = FACE_OUTER_BOUND('',#5911,.T.);
#5913 = CARTESIAN_POINT('',(92.50324801,2.61153846,0.00000000));
#5914 = DIRECTION('',(0.42261943,-0.90630724,0.00000000));
#5915 = DIRECTION('',(0.90630724,0.42261943,0.00000000));
#5916 = AXIS2_PLACEMENT_3D('',#5913,#5914,#5915);
#5917 = PLANE('',#5916);
#5918 = ADVANCED_FACE('',(#5912),#5917,.T.);
#5919 = CARTESIAN_POINT('',(92.53939960,2.62839627,0.00000000));
#5920 = VERTEX_POINT('',#5919);
#5921 = CARTESIAN_POINT('',(92.57792928,2.63872035,0.00000000));
#5922 = VERTEX_POINT('',#5921);
#5923 = CARTESIAN_POINT('',(92.57792928,2.63872035,3.00000000));
#5924 = VERTEX_POINT('',#5923);
#5925 = CARTESIAN_POINT('',(92.53939960,2.62839627,3.00000000));
#5926 = VERTEX_POINT('',#5925);
#5927 = CARTESIAN_POINT('',(92.53939960,2.62839627,0.00000000));
#5928 = DIRECTION('',(0.96592533,0.25882091,0.00000000));
#5929 = VECTOR('',#5928,0.03988889);
#5930 = LINE('',#5927,#5929);
#5931 = EDGE_CURVE('',#5920,#5922,#5930,.T.);
#5932 = CARTESIAN_POINT('',(92.57792928,2.63872035,0.00000000));
#5933 = DIRECTION('',(0.00000000,0.00000000,1.00000000));
#5934 = VECTOR('',#5933,3.00000000);
#5935 = LINE('',#5932,#5934);
#5936 = EDGE_CURVE('',#5922,#5924,#5935,.T.);
#5937 = CARTESIAN_POINT('',(92.57792928,2.63872035,3.00000000));
#5938 = DIRECTION('',(-0.96592533,-0.25882091,0.00000000));
#5939 = VECTOR('',#5938,0.03988889);
#5940 = LINE('',#5937,#5939);
#5941 = EDGE_CURVE('',#5924,#5926,#5940,.T.);
#5942 = CARTESIAN_POINT('',(92.53939960,2.62839627,3.00000000));
#5943 = DIRECTION('',(0.00000000,0.00000000,-1.00000000));
#5944 = VECTOR('',#5943,3.00000000);
#5945 = LINE('',#5942,#5944);
#5946 = EDGE_CURVE('',#5926,#5920,#5945,.T.);
#5947 = ORIENTED_EDGE('',*,*,#5931,.T.);
#5948 = ORIENTED_EDGE('',*,*,#5936,.T.);
#5949 = ORIENTED_EDGE('',*,*,#5941,.T.);
#5950 = ORIENTED_EDGE('',*,*,#5946,.T.);
#5951 = EDGE_LOOP('',(#5947,#5948,#5949,#5950));
#5952 = FACE_OUTER_BOUND('',#5951,.T.);
#5953 = CARTESIAN_POINT('',(92.53939960,2.62839627,0.00000000));
#5954 = DIRECTION('',(0.25882091,-0.96592533,0.00000000));
#5955 = DIRECTION('',(0.96592533,0.25882091,0.00000000));
#5956 = AXIS2_PLACEMENT_3D('',#5953,#5954,#5955);
#5957 = PLANE('',#5956);
#5958 = ADVANCED_FACE('',(#5952),#5957,.T.);
#5959 = CARTESIAN_POINT('',(92.57792928,2.63872035,0.00000000));
#5960 = VERTEX_POINT('',#5959);
#5961 = CARTESIAN_POINT('',(92.61766637,2.64219700,0.00000000));
#5962 = VERTEX_POINT('',#5961);
#5963 = CARTESIAN_POINT('',(92.61766637,2.64219700,3.00000000));
#5964 = VERTEX_POINT('',#5963);
#5965 = CARTESIAN_POINT('',(92.57792928,2.63872035,3.00000000));
#5966 = VERTEX_POINT('',#5965);
#5967 = CARTESIAN_POINT('',(92.57792928,2.63872035,0.00000000));
#5968 = DIRECTION('',(0.99619447,0.08715831,0.00000000));
#5969 = VECTOR('',#5968,0.03988889);
#5970 = LINE('',#5967,#5969);
#5971 = EDGE_CURVE('',#5960,#5962,#5970,.T.);
#5972 = CARTESIAN_POINT('',(92.61766637,2.64219700,0.00000000));
#5973 = DIRECTION('',(0.00000000,0.00000000,1.00000000));
#5974 = VECTOR('',#5973,3.00000000);
#5975 = LINE('',#5972,#5974);
#5976 = EDGE_CURVE('',#5962,#5964,#5975,.T.);
#5977 = CARTESIAN_POINT('',(92.61766637,2.64219700,3.00000000));
#5978 = DIRECTION('',(-0.99619447,-0.08715831,0.00000000));
#5979 = VECTOR('',#5978,0.03988889);
#5980 = LINE('',#5977,#5979);
#5981 = EDGE_CURVE('',#5964,#5966,#5980,.T.);
#5982 = CARTESIAN_POINT('',(92.57792928,2.63872035,3.00000000));
#5983 = DIRECTION('',(0.00000000,0.00000000,-1.00000000));
#5984 = VECTOR('',#5983,3.00000000);
#5985 = LINE('',#5982,#5984);
#5986 = EDGE_CURVE('',#5966,#5960,#5985,.T.);
#5987 = ORIENTED_EDGE('',*,*,#5971,.T.);
#5988 = ORIENTED_EDGE('',*,*,#5976,.T.);
#5989 = ORIENTED_EDGE('',*,*,#5981,.T.);
#5990 = ORIENTED_EDGE('',*,*,#5986,.T.);
#5991 = EDGE_LOOP('',(#5987,#5988,#5989,#5990));
#5992 = FACE_OUTER_BOUND('',#5991,.T.);
#5993 = CARTESIAN_POINT('',(92.57792928,2.63872035,0.00000000));
#5994 = DIRECTION('',(0.08715831,-0.99619447,0.00000000));
#5995 = DIRECTION('',(0.99619447,0.08715831,0.00000000));
#5996 = AXIS2_PLACEMENT_3D('',#5993,#5994,#5995);
#5997 = PLANE('',#5996);
#5998 = ADVANCED_FACE('',(#5992),#5997,.T.);
#5999 = CARTESIAN_POINT('',(92.61766637,2.64219700,0.00000000));
#6000 = VERTEX_POINT('',#5999);
#6001 = CARTESIAN_POINT('',(111.46446637,2.64219700,0.00000000));
#6002 = VERTEX_POINT('',#6001);
#6003 = CARTESIAN_POINT('',(111.46446637,2.64219700,3.00000000));
#6004 = VERTEX_POINT('',#6003);
#6005 = CARTESIAN_POINT('',(92.61766637,2.64219700,3.00000000));
#6006 = VERTEX_POINT('',#6005);
#6007 = CARTESIAN_POINT('',(92.61766637,2.64219700,0.00000000));
#6008 = DIRECTION('',(1.00000000,0.00000000,0.00000000));
#6009 = VECTOR('',#6008,18.84680000);
#6010 = LINE('',#6007,#6009);
#6011 = EDGE_CURVE('',#6000,#6002,#6010,.T.);
#6012 = CARTESIAN_POINT('',(111.46446637,2.64219700,0.00000000));
#6013 = DIRECTION('',(0.00000000,0.00000000,1.00000000));
#6014 = VECTOR('',#6013,3.00000000);
#6015 = LINE('',#6012,#6014);
#6016 = EDGE_CURVE('',#6002,#6004,#6015,.T.);
#6017 = CARTESIAN_POINT('',(111.46446637,2.64219700,3.00000000));
#6018 = DIRECTION('',(-1.00000000,-0.00000000,0.00000000));
#6019 = VECTOR('',#6018,18.84680000);
#6020 = LINE('',#6017,#6019);
#6021 = EDGE_CURVE('',#6004,#6006,#6020,.T.);
#6022 = CARTESIAN_POINT('',(92.61766637,2.64219700,3.00000000));
#6023 = DIRECTION('',(0.00000000,0.00000000,-1.00000000));
#6024 = VECTOR('',#6023,3.00000000);
#6025 = LINE('',#6022,#6024);
#6026 = EDGE_CURVE('',#6006,#6000,#6025,.T.);
#6027 = ORIENTED_EDGE('',*,*,#6011,.T.);
#6028 = ORIENTED_EDGE('',*,*,#6016,.T.);
#6029 = ORIENTED_EDGE('',*,*,#6021,.T.);
#6030 = ORIENTED_EDGE('',*,*,#6026,.T.);
#6031 = EDGE_LOOP('',(#6027,#6028,#6029,#6030));
#6032 = FACE_OUTER_BOUND('',#6031,.T.);
#6033 = CARTESIAN_POINT('',(92.61766637,2.64219700,0.00000000));
#6034 = DIRECTION('',(0.00000000,-1.00000000,0.00000000));
#6035 = DIRECTION('',(1.00000000,0.00000000,0.00000000));
#6036 = AXIS2_PLACEMENT_3D('',#6033,#6034,#6035);
#6037 = PLANE('',#6036);
#6038 = ADVANCED_FACE('',(#6032),#6037,.T.);
#6039 = CARTESIAN_POINT('',(111.46446637,2.64219700,0.00000000));
#6040 = VERTEX_POINT('',#6039);
#6041 = CARTESIAN_POINT('',(111.49088910,2.64450895,0.00000000));
#6042 = VERTEX_POINT('',#6041);
#6043 = CARTESIAN_POINT('',(111.49088910,2.64450895,3.00000000));
#6044 = VERTEX_POINT('',#6043);
#6045 = CARTESIAN_POINT('',(111.46446637,2.64219700,3.00000000));
#6046 = VERTEX_POINT('',#6045);
#6047 = CARTESIAN_POINT('',(111.46446637,2.64219700,0.00000000));
#6048 = DIRECTION('',(0.99619385,0.08716547,0.00000000));
#6049 = VECTOR('',#6048,0.02652368);
#6050 = LINE('',#6047,#6049);
#6051 = EDGE_CURVE('',#6040,#6042,#6050,.T.);
#6052 = CARTESIAN_POINT('',(111.49088910,2.64450895,0.00000000));
#6053 = DIRECTION('',(0.00000000,0.00000000,1.00000000));
#6054 = VECTOR('',#6053,3.00000000);
#6055 = LINE('',#6052,#6054);
#6056 = EDGE_CURVE('',#6042,#6044,#6055,.T.);
#6057 = CARTESIAN_POINT('',(111.49088910,2.64450895,3.00000000));
#6058 = DIRECTION('',(-0.99619385,-0.08716547,0.00000000));
#6059 = VECTOR('',#6058,0.02652368);
#6060 = LINE('',#6057,#6059);
#6061 = EDGE_CURVE('',#6044,#6046,#6060,.T.);
#6062 = CARTESIAN_POINT('',(111.46446637,2.64219700,3.00000000));
#6063 = DIRECTION('',(0.00000000,0.00000000,-1.00000000));
#6064 = VECTOR('',#6063,3.00000000);
#6065 = LINE('',#6062,#6064);
#6066 = EDGE_CURVE('',#6046,#6040,#6065,.T.);
#6067 = ORIENTED_EDGE('',*,*,#6051,.T.);
#6068 = ORIENTED_EDGE('',*,*,#6056,.T.);
#6069 = ORIENTED_EDGE('',*,*,#6061,.T.);
#6070 = ORIENTED_EDGE('',*,*,#6066,.T.);
#6071 = EDGE_LOOP('',(#6067,#6068,#6069,#6070));
#6072 = FACE_OUTER_BOUND('',#6071,.T.);
#6073 = CARTESIAN_POINT('',(111.46446637,2.64219700,0.00000000));
#6074 = DIRECTION('',(0.08716547,-0.99619385,0.00000000));
#6075 = DIRECTION('',(0.99619385,0.08716547,0.00000000));
#6076 = AXIS2_PLACEMENT_3D('',#6073,#6074,#6075);
#6077 = PLANE('',#6076);
#6078 = ADVANCED_FACE('',(#6072),#6077,.T.);
#6079 = CARTESIAN_POINT('',(111.49088910,2.64450895,0.00000000));
#6080 = VERTEX_POINT('',#6079);
#6081 = CARTESIAN_POINT('',(111.51650896,2.65137397,0.00000000));
#6082 = VERTEX_POINT('',#6081);
#6083 = CARTESIAN_POINT('',(111.51650896,2.65137397,3.00000000));
#6084 = VERTEX_POINT('',#6083);
#6085 = CARTESIAN_POINT('',(111.49088910,2.64450895,3.00000000));
#6086 = VERTEX_POINT('',#6085);
#6087 = CARTESIAN_POINT('',(111.49088910,2.64450895,0.00000000));
#6088 = DIRECTION('',(0.96592393,0.25882611,0.00000000));
#6089 = VECTOR('',#6088,0.02652368);
#6090 = LINE('',#6087,#6089);
#6091 = EDGE_CURVE('',#6080,#6082,#6090,.T.);
#6092 = CARTESIAN_POINT('',(111.51650896,2.65137397,0.00000000));
#6093 = DIRECTION('',(0.00000000,0.00000000,1.00000000));
#6094 = VECTOR('',#6093,3.00000000);
#6095 = LINE('',#6092,#6094);
#6096 = EDGE_CURVE('',#6082,#6084,#6095,.T.);
#6097 = CARTESIAN_POINT('',(111.51650896,2.65137397,3.00000000));
#6098 = DIRECTION('',(-0.96592393,-0.25882611,0.00000000));
#6099 = VECTOR('',#6098,0.02652368);
#6100 = LINE('',#6097,#6099);
#6101 = EDGE_CURVE('',#6084,#6086,#6100,.T.);
#6102 = CARTESIAN_POINT('',(111.49088910,2.64450895,3.00000000));
#6103 = DIRECTION('',(0.00000000,0.00000000,-1.00000000));
#6104 = VECTOR('',#6103,3.00000000);
#6105 = LINE('',#6102,#6104);
#6106 = EDGE_CURVE('',#6086,#6080,#6105,.T.);
#6107 = ORIENTED_EDGE('',*,*,#6091,.T.);
#6108 = ORIENTED_EDGE('',*,*,#6096,.T.);
#6109 = ORIENTED_EDGE('',*,*,#6101,.T.);
#6110 = ORIENTED_EDGE('',*,*,#6106,.T.);
#6111 = EDGE_LOOP('',(#6107,#6108,#6109,#6110));
#6112 = FACE_OUTER_BOUND('',#6111,.T.);
#6113 = CARTESIAN_POINT('',(111.49088910,2.64450895,0.00000000));
#6114 = DIRECTION('',(0.25882611,-0.96592393,0.00000000));
#6115 = DIRECTION('',(0.96592393,0.25882611,0.00000000));
#6116 = AXIS2_PLACEMENT_3D('',#6113,#6114,#6115);
#6117 = PLANE('',#6116);
#6118 = ADVANCED_FACE('',(#6112),#6117,.T.);
#6119 = CARTESIAN_POINT('',(111.51650896,2.65137397,0.00000000));
#6120 = VERTEX_POINT('',#6119);
#6121 = CARTESIAN_POINT('',(111.54054752,2.66258348,0.00000000));
#6122 = VERTEX_POINT('',#6121);
#6123 = CARTESIAN_POINT('',(111.54054752,2.66258348,3.00000000));
#6124 = VERTEX_POINT('',#6123);
#6125 = CARTESIAN_POINT('',(111.51650896,2.65137397,3.00000000));
#6126 = VERTEX_POINT('',#6125);
#6127 = CARTESIAN_POINT('',(111.51650896,2.65137397,0.00000000));
#6128 = DIRECTION('',(0.90630573,0.42262268,0.00000000));
#6129 = VECTOR('',#6128,0.02652368);
#6130 = LINE('',#6127,#6129);
#6131 = EDGE_CURVE('',#6120,#6122,#6130,.T.);
#6132 = CARTESIAN_POINT('',(111.54054752,2.66258348,0.00000000));
#6133 = DIRECTION('',(0.00000000,0.00000000,1.00000000));
#6134 = VECTOR('',#6133,3.00000000);
#6135 = LINE('',#6132,#6134);
#6136 = EDGE_CURVE('',#6122,#6124,#6135,.T.);
#6137 = CARTESIAN_POINT('',(111.54054752,2.66258348,3.00000000));
#6138 = DIRECTION('',(-0.90630573,-0.42262268,0.00000000));
#6139 = VECTOR('',#6138,0.02652368);
#6140 = LINE('',#6137,#6139);
#6141 = EDGE_CURVE('',#6124,#6126,#6140,.T.);
#6142 = CARTESIAN_POINT('',(111.51650896,2.65137397,3.00000000));
#6143 = DIRECTION('',(0.00000000,0.00000000,-1.00000000));
#6144 = VECTOR('',#6143,3.00000000);
#6145 = LINE('',#6142,#6144);
#6146 = EDGE_CURVE('',#6126,#6120,#6145,.T.);
#6147 = ORIENTED_EDGE('',*,*,#6131,.T.);
#6148 = ORIENTED_EDGE('',*,*,#6136,.T.);
#6149 = ORIENTED_EDGE('',*,*,#6141,.T.);
#6150 = ORIENTED_EDGE('',*,*,#6146,.T.);
#6151 = EDGE_LOOP('',(#6147,#6148,#6149,#6150));
#6152 = FACE_OUTER_BOUND('',#6151,.T.);
#6153 = CARTESIAN_POINT('',(111.51650896,2.65137397,0.00000000));
#6154 = DIRECTION('',(0.42262268,-0.90630573,0.00000000));
#6155 = DIRECTION('',(0.90630573,0.42262268,0.00000000));
#6156 = AXIS2_PLACEMENT_3D('',#6153,#6154,#6155);
#6157 = PLANE('',#6156);
#6158 = ADVANCED_FACE('',(#6152),#6157,.T.);
#6159 = CARTESIAN_POINT('',(111.54054752,2.66258348,0.00000000));
#6160 = VERTEX_POINT('',#6159);
#6161 = CARTESIAN_POINT('',(111.56227441,2.67779689,0.00000000));
#6162 = VERTEX_POINT('',#6161);
#6163 = CARTESIAN_POINT('',(111.56227441,2.67779689,3.00000000));
#6164 = VERTEX_POINT('',#6163);
#6165 = CARTESIAN_POINT('',(111.54054752,2.66258348,3.00000000));
#6166 = VERTEX_POINT('',#6165);
#6167 = CARTESIAN_POINT('',(111.54054752,2.66258348,0.00000000));
#6168 = DIRECTION('',(0.81915065,0.57357843,0.00000000));
#6169 = VECTOR('',#6168,0.02652368);
#6170 = LINE('',#6167,#6169);
#6171 = EDGE_CURVE('',#6160,#6162,#6170,.T.);
#6172 = CARTESIAN_POINT('',(111.56227441,2.67779689,0.00000000));
#6173 = DIRECTION('',(0.00000000,0.00000000,1.00000000));
#6174 = VECTOR('',#6173,3.00000000);
#6175 = LINE('',#6172,#6174);
#6176 = EDGE_CURVE('',#6162,#6164,#6175,.T.);
#6177 = CARTESIAN_POINT('',(111.56227441,2.67779689,3.00000000));
#6178 = DIRECTION('',(-0.81915065,-0.57357843,0.00000000));
#6179 = VECTOR('',#6178,0.02652368);
#6180 = LINE('',#6177,#6179);
#6181 = EDGE_CURVE('',#6164,#6166,#6180,.T.);
#6182 = CARTESIAN_POINT('',(111.54054752,2.66258348,3.00000000));
#6183 = DIRECTION('',(0.00000000,0.00000000,-1.00000000));
#6184 = VECTOR('',#6183,3.00000000);
#6185 = LINE('',#6182,#6184);
#6186 = EDGE_CURVE('',#6166,#6160,#6185,.T.);
#6187 = ORIENTED_EDGE('',*,*,#6171,.T.);
#6188 = ORIENTED_EDGE('',*,*,#6176,.T.);
#6189 = ORIENTED_EDGE('',*,*,#6181,.T.);
#6190 = ORIENTED_EDGE('',*,*,#6186,.T.);
#6191 = EDGE_LOOP('',(#6187,#6188,#6189,#6190));
#6192 = FACE_OUTER_BOUND('',#6191,.T.);
#6193 = CARTESIAN_POINT('',(111.54054752,2.66258348,0.00000000));
#6194 = DIRECTION('',(0.57357843,-0.81915065,0.00000000));
#6195 = DIRECTION('',(0.81915065,0.57357843,0.00000000));
#6196 = AXIS2_PLACEMENT_3D('',#6193,#6194,#6195);
#6197 = PLANE('',#6196);
#6198 = ADVANCED_FACE('',(#6192),#6197,.T.);
#6199 = CARTESIAN_POINT('',(111.56227441,2.67779689,0.00000000));
#6200 = VERTEX_POINT('',#6199);
#6201 = CARTESIAN_POINT('',(111.58102948,2.69655196,0.00000000));
#6202 = VERTEX_POINT('',#6201);
#6203 = CARTESIAN_POINT('',(111.58102948,2.69655196,3.00000000));
#6204 = VERTEX_POINT('',#6203);
#6205 = CARTESIAN_POINT('',(111.56227441,2.67779689,3.00000000));
#6206 = VERTEX_POINT('',#6205);
#6207 = CARTESIAN_POINT('',(111.56227441,2.67779689,0.00000000));
#6208 = DIRECTION('',(0.70710678,0.70710678,0.00000000));
#6209 = VECTOR('',#6208,0.02652368);
#6210 = LINE('',#6207,#6209);
#6211 = EDGE_CURVE('',#6200,#6202,#6210,.T.);
#6212 = CARTESIAN_POINT('',(111.58102948,2.69655196,0.00000000));
#6213 = DIRECTION('',(0.00000000,0.00000000,1.00000000));
#6214 = VECTOR('',#6213,3.00000000);
#6215 = LINE('',#6212,#6214);
#6216 = EDGE_CURVE('',#6202,#6204,#6215,.T.);
#6217 = CARTESIAN_POINT('',(111.58102948,2.69655196,3.00000000));
#6218 = DIRECTION('',(-0.70710678,-0.70710678,0.00000000));
#6219 = VECTOR('',#6218,0.02652368);
#6220 = LINE('',#6217,#6219);
#6221 = EDGE_CURVE('',#6204,#6206,#6220,.T.);
#6222 = CARTESIAN_POINT('',(111.56227441,2.67779689,3.00000000));
#6223 = DIRECTION('',(0.00000000,0.00000000,-1.00000000));
#6224 = VECTOR('',#6223,3.00000000);
#6225 = LINE('',#6222,#6224);
#6226 = EDGE_CURVE('',#6206,#6200,#6225,.T.);
#6227 = ORIENTED_EDGE('',*,*,#6211,.T.);
#6228 = ORIENTED_EDGE('',*,*,#6216,.T.);
#6229 = ORIENTED_EDGE('',*,*,#6221,.T.);
#6230 = ORIENTED_EDGE('',*,*,#6226,.T.);
#6231 = EDGE_LOOP('',(#6227,#6228,#6229,#6230));
#6232 = FACE_OUTER_BOUND('',#6231,.T.);
#6233 = CARTESIAN_POINT('',(111.56227441,2.67779689,0.00000000));
#6234 = DIRECTION('',(0.70710678,-0.70710678,0.00000000));
#6235 = DIRECTION('',(0.70710678,0.70710678,0.00000000));
#6236 = AXIS2_PLACEMENT_3D('',#6233,#6234,#6235);
#6237 = PLANE('',#6236);
#6238 = ADVANCED_FACE('',(#6232),#6237,.T.);
#6239 = CARTESIAN_POINT('',(111.58102948,2.69655196,0.00000000));
#6240 = VERTEX_POINT('',#6239);
#6241 = CARTESIAN_POINT('',(111.59624289,2.71827885,0.00000000));
#6242 = VERTEX_POINT('',#6241);
#6243 = CARTESIAN_POINT('',(111.59624289,2.71827885,3.00000000));
#6244 = VERTEX_POINT('',#6243);
#6245 = CARTESIAN_POINT('',(111.58102948,2.69655196,3.00000000));
#6246 = VERTEX_POINT('',#6245);
#6247 = CARTESIAN_POINT('',(111.58102948,2.69655196,0.00000000));
#6248 = DIRECTION('',(0.57357843,0.81915065,0.00000000));
#6249 = VECTOR('',#6248,0.02652368);
#6250 = LINE('',#6247,#6249);
#6251 = EDGE_CURVE('',#6240,#6242,#6250,.T.);
#6252 = CARTESIAN_POINT('',(111.59624289,2.71827885,0.00000000));
#6253 = DIRECTION('',(0.00000000,0.00000000,1.00000000));
#6254 = VECTOR('',#6253,3.00000000);
#6255 = LINE('',#6252,#6254);
#6256 = EDGE_CURVE('',#6242,#6244,#6255,.T.);
#6257 = CARTESIAN_POINT('',(111.59624289,2.71827885,3.00000000));
#6258 = DIRECTION('',(-0.57357843,-0.81915065,0.00000000));
#6259 = VECTOR('',#6258,0.02652368);
#6260 = LINE('',#6257,#6259);
#6261 = EDGE_CURVE('',#6244,#6246,#6260,.T.);
#6262 = CARTESIAN_POINT('',(111.58102948,2.69655196,3.00000000));
#6263 = DIRECTION('',(0.00000000,0.00000000,-1.00000000));
#6264 = VECTOR('',#6263,3.00000000);
#6265 = LINE('',#6262,#6264);
#6266 = EDGE_CURVE('',#6246,#6240,#6265,.T.);
#6267 = ORIENTED_EDGE('',*,*,#6251,.T.);
#6268 = ORIENTED_EDGE('',*,*,#6256,.T.);
#6269 = ORIENTED_EDGE('',*,*,#6261,.T.);
#6270 = ORIENTED_EDGE('',*,*,#6266,.T.);
#6271 = EDGE_LOOP('',(#6267,#6268,#6269,#6270));
#6272 = FACE_OUTER_BOUND('',#6271,.T.);
#6273 = CARTESIAN_POINT('',(111.58102948,2.69655196,0.00000000));
#6274 = DIRECTION('',(0.81915065,-0.57357843,0.00000000));
#6275 = DIRECTION('',(0.57357843,0.81915065,0.00000000));
#6276 = AXIS2_PLACEMENT_3D('',#6273,#6274,#6275);
#6277 = PLANE('',#6276);
#6278 = ADVANCED_FACE('',(#6272),#6277,.T.);
#6279 = CARTESIAN_POINT('',(111.59624289,2.71827885,0.00000000));
#6280 = VERTEX_POINT('',#6279);
#6281 = CARTESIAN_POINT('',(111.60745240,2.74231742,0.00000000));
#6282 = VERTEX_POINT('',#6281);
#6283 = CARTESIAN_POINT('',(111.60745240,2.74231742,3.00000000));
#6284 = VERTEX_POINT('',#6283);
#6285 = CARTESIAN_POINT('',(111.59624289,2.71827885,3.00000000));
#6286 = VERTEX_POINT('',#6285);
#6287 = CARTESIAN_POINT('',(111.59624289,2.71827885,0.00000000));
#6288 = DIRECTION('',(0.42262268,0.90630573,0.00000000));
#6289 = VECTOR('',#6288,0.02652368);
#6290 = LINE('',#6287,#6289);
#6291 = EDGE_CURVE('',#6280,#6282,#6290,.T.);
#6292 = CARTESIAN_POINT('',(111.60745240,2.74231742,0.00000000));
#6293 = DIRECTION('',(0.00000000,0.00000000,1.00000000));
#6294 = VECTOR('',#6293,3.00000000);
#6295 = LINE('',#6292,#6294);
#6296 = EDGE_CURVE('',#6282,#6284,#6295,.T.);
#6297 = CARTESIAN_POINT('',(111.60745240,2.74231742,3.00000000));
#6298 = DIRECTION('',(-0.42262268,-0.90630573,0.00000000));
#6299 = VECTOR('',#6298,0.02652368);
#6300 = LINE('',#6297,#6299);
#6301 = EDGE_CURVE('',#6284,#6286,#6300,.T.);
#6302 = CARTESIAN_POINT('',(111.59624289,2.71827885,3.00000000));
#6303 = DIRECTION('',(0.00000000,0.00000000,-1.00000000));
#6304 = VECTOR('',#6303,3.00000000);
#6305 = LINE('',#6302,#6304);
#6306 = EDGE_CURVE('',#6286,#6280,#6305,.T.);
#6307 = ORIENTED_EDGE('',*,*,#6291,.T.);
#6308 = ORIENTED_EDGE('',*,*,#6296,.T.);
#6309 = ORIENTED_EDGE('',*,*,#6301,.T.);
#6310 = ORIENTED_EDGE('',*,*,#6306,.T.);
#6311 = EDGE_LOOP('',(#6307,#6308,#6309,#6310));
#6312 = FACE_OUTER_BOUND('',#6311,.T.);
#6313 = CARTESIAN_POINT('',(111.59624289,2.71827885,0.00000000));
#6314 = DIRECTION('',(0.90630573,-0.42262268,0.00000000));
#6315 = DIRECTION('',(0.42262268,0.90630573,0.00000000));
#6316 = AXIS2_PLACEMENT_3D('',#6313,#6314,#6315);
#6317 = PLANE('',#6316);
#6318 = ADVANCED_FACE('',(#6312),#6317,.T.);
#6319 = CARTESIAN_POINT('',(111.60745240,2.74231742,0.00000000));
#6320 = VERTEX_POINT('',#6319);
#6321 = CARTESIAN_POINT('',(111.61431742,2.76793727,0.00000000));
#6322 = VERTEX_POINT('',#6321);
#6323 = CARTESIAN_POINT('',(111.61431742,2.76793727,3.00000000));
#6324 = VERTEX_POINT('',#6323);
#6325 = CARTESIAN_POINT('',(111.60745240,2.74231742,3.00000000));
#6326 = VERTEX_POINT('',#6325);
#6327 = CARTESIAN_POINT('',(111.60745240,2.74231742,0.00000000));
#6328 = DIRECTION('',(0.25882611,0.96592393,0.00000000));
#6329 = VECTOR('',#6328,0.02652368);
#6330 = LINE('',#6327,#6329);
#6331 = EDGE_CURVE('',#6320,#6322,#6330,.T.);
#6332 = CARTESIAN_POINT('',(111.61431742,2.76793727,0.00000000));
#6333 = DIRECTION('',(0.00000000,0.00000000,1.00000000));
#6334 = VECTOR('',#6333,3.00000000);
#6335 = LINE('',#6332,#6334);
#6336 = EDGE_CURVE('',#6322,#6324,#6335,.T.);
#6337 = CARTESIAN_POINT('',(111.61431742,2.76793727,3.00000000));
#6338 = DIRECTION('',(-0.25882611,-0.96592393,0.00000000));
#6339 = VECTOR('',#6338,0.02652368);
#6340 = LINE('',#6337,#6339);
#6341 = EDGE_CURVE('',#6324,#6326,#6340,.T.);
#6342 = CARTESIAN_POINT('',(111.60745240,2.74231742,3.00000000));
#6343 = DIRECTION('',(0.00000000,0.00000000,-1.00000000));
#6344 = VECTOR('',#6343,3.00000000);
#6345 = LINE('',#6342,#6344);
#6346 = EDGE_CURVE('',#6326,#6320,#6345,.T.);
#6347 = ORIENTED_EDGE('',*,*,#6331,.T.);
#6348 = ORIENTED_EDGE('',*,*,#6336,.T.);
#6349 = ORIENTED_EDGE('',*,*,#6341,.T.);
#6350 = ORIENTED_EDGE('',*,*,#6346,.T.);
#6351 = EDGE_LOOP('',(#6347,#6348,#6349,#6350));
#6352 = FACE_OUTER_BOUND('',#6351,.T.);
#6353 = CARTESIAN_POINT('',(111.60745240,2.74231742,0.00000000));
#6354 = DIRECTION('',(0.96592393,-0.25882611,0.00000000));
#6355 = DIRECTION('',(0.25882611,0.96592393,0.00000000));
#6356 = AXIS2_PLACEMENT_3D('',#6353,#6354,#6355);
#6357 = PLANE('',#6356);
#6358 = ADVANCED_FACE('',(#6352),#6357,.T.);
#6359 = CARTESIAN_POINT('',(111.61431742,2.76793727,0.00000000));
#6360 = VERTEX_POINT('',#6359);
#6361 = CARTESIAN_POINT('',(111.61662937,2.79436000,0.00000000));
#6362 = VERTEX_POINT('',#6361);
#6363 = CARTESIAN_POINT('',(111.61662937,2.79436000,3.00000000));
#6364 = VERTEX_POINT('',#6363);
#6365 = CARTESIAN_POINT('',(111.61431742,2.76793727,3.00000000));
#6366 = VERTEX_POINT('',#6365);
#6367 = CARTESIAN_POINT('',(111.61431742,2.76793727,0.00000000));
#6368 = DIRECTION('',(0.08716546,0.99619385,0.00000000));
#6369 = VECTOR('',#6368,0.02652368);
#6370 = LINE('',#6367,#6369);
#6371 = EDGE_CURVE('',#6360,#6362,#6370,.T.);
#6372 = CARTESIAN_POINT('',(111.61662937,2.79436000,0.00000000));
#6373 = DIRECTION('',(0.00000000,0.00000000,1.00000000));
#6374 = VECTOR('',#6373,3.00000000);
#6375 = LINE('',#6372,#6374);
#6376 = EDGE_CURVE('',#6362,#6364,#6375,.T.);
#6377 = CARTESIAN_POINT('',(111.61662937,2.79436000,3.00000000));
#6378 = DIRECTION('',(-0.08716546,-0.99619385,0.00000000));
#6379 = VECTOR('',#6378,0.02652368);
#6380 = LINE('',#6377,#6379);
#6381 = EDGE_CURVE('',#6364,#6366,#6380,.T.);
#6382 = CARTESIAN_POINT('',(111.61431742,2.76793727,3.00000000));
#6383 = DIRECTION('',(0.00000000,0.00000000,-1.00000000));
#6384 = VECTOR('',#6383,3.00000000);
#6385 = LINE('',#6382,#6384);
#6386 = EDGE_CURVE('',#6366,#6360,#6385,.T.);
#6387 = ORIENTED_EDGE('',*,*,#6371,.T.);
#6388 = ORIENTED_EDGE('',*,*,#6376,.T.);
#6389 = ORIENTED_EDGE('',*,*,#6381,.T.);
#6390 = ORIENTED_EDGE('',*,*,#6386,.T.);
#6391 = EDGE_LOOP('',(#6387,#6388,#6389,#6390));
#6392 = FACE_OUTER_BOUND('',#6391,.T.);
#6393 = CARTESIAN_POINT('',(111.61431742,2.76793727,0.00000000));
#6394 = DIRECTION('',(0.99619385,-0.08716546,0.00000000));
#6395 = DIRECTION('',(0.08716546,0.99619385,0.00000000));
#6396 = AXIS2_PLACEMENT_3D('',#6393,#6394,#6395);
#6397 = PLANE('',#6396);
#6398 = ADVANCED_FACE('',(#6392),#6397,.T.);
#6399 = CARTESIAN_POINT('',(111.61662937,2.79436000,0.00000000));
#6400 = VERTEX_POINT('',#6399);
#6401 = CARTESIAN_POINT('',(111.61662937,6.68056000,0.00000000));
#6402 = VERTEX_POINT('',#6401);
#6403 = CARTESIAN_POINT('',(111.61662937,6.68056000,3.00000000));
#6404 = VERTEX_POINT('',#6403);
#6405 = CARTESIAN_POINT('',(111.61662937,2.79436000,3.00000000));
#6406 = VERTEX_POINT('',#6405);
#6407 = CARTESIAN_POINT('',(111.61662937,2.79436000,0.00000000));
#6408 = DIRECTION('',(0.00000000,1.00000000,0.00000000));
#6409 = VECTOR('',#6408,3.88620000);
#6410 = LINE('',#6407,#6409);
#6411 = EDGE_CURVE('',#6400,#6402,#6410,.T.);
#6412 = CARTESIAN_POINT('',(111.61662937,6.68056000,0.00000000));
#6413 = DIRECTION('',(0.00000000,0.00000000,1.00000000));
#6414 = VECTOR('',#6413,3.00000000);
#6415 = LINE('',#6412,#6414);
#6416 = EDGE_CURVE('',#6402,#6404,#6415,.T.);
#6417 = CARTESIAN_POINT('',(111.61662937,6.68056000,3.00000000));
#6418 = DIRECTION('',(-0.00000000,-1.00000000,0.00000000));
#6419 = VECTOR('',#6418,3.88620000);
#6420 = LINE('',#6417,#6419);
#6421 = EDGE_CURVE('',#6404,#6406,#6420,.T.);
#6422 = CARTESIAN_POINT('',(111.61662937,2.79436000,3.00000000));
#6423 = DIRECTION('',(0.00000000,0.00000000,-1.00000000));
#6424 = VECTOR('',#6423,3.00000000);
#6425 = LINE('',#6422,#6424);
#6426 = EDGE_CURVE('',#6406,#6400,#6425,.T.);
#6427 = ORIENTED_EDGE('',*,*,#6411,.T.);
#6428 = ORIENTED_EDGE('',*,*,#6416,.T.);
#6429 = ORIENTED_EDGE('',*,*,#6421,.T.);
#6430 = ORIENTED_EDGE('',*,*,#6426,.T.);
#6431 = EDGE_LOOP('',(#6427,#6428,#6429,#6430));
#6432 = FACE_OUTER_BOUND('',#6431,.T.);
#6433 = CARTESIAN_POINT('',(111.61662937,2.79436000,0.00000000));
#6434 = DIRECTION('',(1.00000000,-0.00000000,0.00000000));
#6435 = DIRECTION('',(0.00000000,1.00000000,0.00000000));
#6436 = AXIS2_PLACEMENT_3D('',#6433,#6434,#6435);
#6437 = PLANE('',#6436);
#6438 = ADVANCED_FACE('',(#6432),#6437,.T.);
#6439 = CARTESIAN_POINT('',(111.61662937,6.68056000,0.00000000));
#6440 = VERTEX_POINT('',#6439);
#6441 = CARTESIAN_POINT('',(111.62049165,6.72470785,0.00000000));
#6442 = VERTEX_POINT('',#6441);
#6443 = CARTESIAN_POINT('',(111.62049165,6.72470785,3.00000000));
#6444 = VERTEX_POINT('',#6443);
#6445 = CARTESIAN_POINT('',(111.61662937,6.68056000,3.00000000));
#6446 = VERTEX_POINT('',#6445);
#6447 = CARTESIAN_POINT('',(111.61662937,6.68056000,0.00000000));
#6448 = DIRECTION('',(0.08715226,0.99619500,0.00000000));
#6449 = VECTOR('',#6448,0.04431648);
#6450 = LINE('',#6447,#6449);
#6451 = EDGE_CURVE('',#6440,#6442,#6450,.T.);
#6452 = CARTESIAN_POINT('',(111.62049165,6.72470785,0.00000000));
#6453 = DIRECTION('',(0.00000000,0.00000000,1.00000000));
#6454 = VECTOR('',#6453,3.00000000);
#6455 = LINE('',#6452,#6454);
#6456 = EDGE_CURVE('',#6442,#6444,#6455,.T.);
#6457 = CARTESIAN_POINT('',(111.62049165,6.72470785,3.00000000));
#6458 = DIRECTION('',(-0.08715226,-0.99619500,0.00000000));
#6459 = VECTOR('',#6458,0.04431648);
#6460 = LINE('',#6457,#6459);
#6461 = EDGE_CURVE('',#6444,#6446,#6460,.T.);
#6462 = CARTESIAN_POINT('',(111.61662937,6.68056000,3.00000000));
#6463 = DIRECTION('',(0.00000000,0.00000000,-1.00000000));
#6464 = VECTOR('',#6463,3.00000000);
#6465 = LINE('',#6462,#6464);
#6466 = EDGE_CURVE('',#6446,#6440,#6465,.T.);
#6467 = ORIENTED_EDGE('',*,*,#6451,.T.);
#6468 = ORIENTED_EDGE('',*,*,#6456,.T.);
#6469 = ORIENTED_EDGE('',*,*,#6461,.T.);
#6470 = ORIENTED_EDGE('',*,*,#6466,.T.);
#6471 = EDGE_LOOP('',(#6467,#6468,#6469,#6470));
#6472 = FACE_OUTER_BOUND('',#6471,.T.);
#6473 = CARTESIAN_POINT('',(111.61662937,6.68056000,0.00000000));
#6474 = DIRECTION('',(0.99619500,-0.08715226,0.00000000));
#6475 = DIRECTION('',(0.08715226,0.99619500,0.00000000));
#6476 = AXIS2_PLACEMENT_3D('',#6473,#6474,#6475);
#6477 = PLANE('',#6476);
#6478 = ADVANCED_FACE('',(#6472),#6477,.T.);
#6479 = CARTESIAN_POINT('',(111.62049165,6.72470785,0.00000000));
#6480 = VERTEX_POINT('',#6479);
#6481 = CARTESIAN_POINT('',(111.63196149,6.76751431,0.00000000));
#6482 = VERTEX_POINT('',#6481);
#6483 = CARTESIAN_POINT('',(111.63196149,6.76751431,3.00000000));
#6484 = VERTEX_POINT('',#6483);
#6485 = CARTESIAN_POINT('',(111.62049165,6.72470785,3.00000000));
#6486 = VERTEX_POINT('',#6485);
#6487 = CARTESIAN_POINT('',(111.62049165,6.72470785,0.00000000));
#6488 = DIRECTION('',(0.25881651,0.96592651,0.00000000));
#6489 = VECTOR('',#6488,0.04431648);
#6490 = LINE('',#6487,#6489);
#6491 = EDGE_CURVE('',#6480,#6482,#6490,.T.);
#6492 = CARTESIAN_POINT('',(111.63196149,6.76751431,0.00000000));
#6493 = DIRECTION('',(0.00000000,0.00000000,1.00000000));
#6494 = VECTOR('',#6493,3.00000000);
#6495 = LINE('',#6492,#6494);
#6496 = EDGE_CURVE('',#6482,#6484,#6495,.T.);
#6497 = CARTESIAN_POINT('',(111.63196149,6.76751431,3.00000000));
#6498 = DIRECTION('',(-0.25881651,-0.96592651,0.00000000));
#6499 = VECTOR('',#6498,0.04431648);
#6500 = LINE('',#6497,#6499);
#6501 = EDGE_CURVE('',#6484,#6486,#6500,.T.);
#6502 = CARTESIAN_POINT('',(111.62049165,6.72470785,3.00000000));
#6503 = DIRECTION('',(0.00000000,0.00000000,-1.00000000));
#6504 = VECTOR('',#6503,3.00000000);
#6505 = LINE('',#6502,#6504);
#6506 = EDGE_CURVE('',#6486,#6480,#6505,.T.);
#6507 = ORIENTED_EDGE('',*,*,#6491,.T.);
#6508 = ORIENTED_EDGE('',*,*,#6496,.T.);
#6509 = ORIENTED_EDGE('',*,*,#6501,.T.);
#6510 = ORIENTED_EDGE('',*,*,#6506,.T.);
#6511 = EDGE_LOOP('',(#6507,#6508,#6509,#6510));
#6512 = FACE_OUTER_BOUND('',#6511,.T.);
#6513 = CARTESIAN_POINT('',(111.62049165,6.72470785,0.00000000));
#6514 = DIRECTION('',(0.96592651,-0.25881651,0.00000000));
#6515 = DIRECTION('',(0.25881651,0.96592651,0.00000000));
#6516 = AXIS2_PLACEMENT_3D('',#6513,#6514,#6515);
#6517 = PLANE('',#6516);
#6518 = ADVANCED_FACE('',(#6512),#6517,.T.);
#6519 = CARTESIAN_POINT('',(111.63196149,6.76751431,0.00000000));
#6520 = VERTEX_POINT('',#6519);
#6521 = CARTESIAN_POINT('',(111.65069037,6.80767871,0.00000000));
#6522 = VERTEX_POINT('',#6521);
#6523 = CARTESIAN_POINT('',(111.65069037,6.80767871,3.00000000));
#6524 = VERTEX_POINT('',#6523);
#6525 = CARTESIAN_POINT('',(111.63196149,6.76751431,3.00000000));
#6526 = VERTEX_POINT('',#6525);
#6527 = CARTESIAN_POINT('',(111.63196149,6.76751431,0.00000000));
#6528 = DIRECTION('',(0.42261668,0.90630853,0.00000000));
#6529 = VECTOR('',#6528,0.04431648);
#6530 = LINE('',#6527,#6529);
#6531 = EDGE_CURVE('',#6520,#6522,#6530,.T.);
#6532 = CARTESIAN_POINT('',(111.65069037,6.80767871,0.00000000));
#6533 = DIRECTION('',(0.00000000,0.00000000,1.00000000));
#6534 = VECTOR('',#6533,3.00000000);
#6535 = LINE('',#6532,#6534);
#6536 = EDGE_CURVE('',#6522,#6524,#6535,.T.);
#6537 = CARTESIAN_POINT('',(111.65069037,6.80767871,3.00000000));
#6538 = DIRECTION('',(-0.42261668,-0.90630853,0.00000000));
#6539 = VECTOR('',#6538,0.04431648);
#6540 = LINE('',#6537,#6539);
#6541 = EDGE_CURVE('',#6524,#6526,#6540,.T.);
#6542 = CARTESIAN_POINT('',(111.63196149,6.76751431,3.00000000));
#6543 = DIRECTION('',(0.00000000,0.00000000,-1.00000000));
#6544 = VECTOR('',#6543,3.00000000);
#6545 = LINE('',#6542,#6544);
#6546 = EDGE_CURVE('',#6526,#6520,#6545,.T.);
#6547 = ORIENTED_EDGE('',*,*,#6531,.T.);
#6548 = ORIENTED_EDGE('',*,*,#6536,.T.);
#6549 = ORIENTED_EDGE('',*,*,#6541,.T.);
#6550 = ORIENTED_EDGE('',*,*,#6546,.T.);
#6551 = EDGE_LOOP('',(#6547,#6548,#6549,#6550));
#6552 = FACE_OUTER_BOUND('',#6551,.T.);
#6553 = CARTESIAN_POINT('',(111.63196149,6.76751431,0.00000000));
#6554 = DIRECTION('',(0.90630853,-0.42261668,0.00000000));
#6555 = DIRECTION('',(0.42261668,0.90630853,0.00000000));
#6556 = AXIS2_PLACEMENT_3D('',#6553,#6554,#6555);
#6557 = PLANE('',#6556);
#6558 = ADVANCED_FACE('',(#6552),#6557,.T.);
#6559 = CARTESIAN_POINT('',(111.65069037,6.80767871,0.00000000));
#6560 = VERTEX_POINT('',#6559);
#6561 = CARTESIAN_POINT('',(111.67610922,6.84398067,0.00000000));
#6562 = VERTEX_POINT('',#6561);
#6563 = CARTESIAN_POINT('',(111.67610922,6.84398067,3.00000000));
#6564 = VERTEX_POINT('',#6563);
#6565 = CARTESIAN_POINT('',(111.65069037,6.80767871,3.00000000));
#6566 = VERTEX_POINT('',#6565);
#6567 = CARTESIAN_POINT('',(111.65069037,6.80767871,0.00000000));
#6568 = DIRECTION('',(0.57357572,0.81915255,0.00000000));
#6569 = VECTOR('',#6568,0.04431648);
#6570 = LINE('',#6567,#6569);
#6571 = EDGE_CURVE('',#6560,#6562,#6570,.T.);
#6572 = CARTESIAN_POINT('',(111.67610922,6.84398067,0.00000000));
#6573 = DIRECTION('',(0.00000000,0.00000000,1.00000000));
#6574 = VECTOR('',#6573,3.00000000);
#6575 = LINE('',#6572,#6574);
#6576 = EDGE_CURVE('',#6562,#6564,#6575,.T.);
#6577 = CARTESIAN_POINT('',(111.67610922,6.84398067,3.00000000));
#6578 = DIRECTION('',(-0.57357572,-0.81915255,0.00000000));
#6579 = VECTOR('',#6578,0.04431648);
#6580 = LINE('',#6577,#6579);
#6581 = EDGE_CURVE('',#6564,#6566,#6580,.T.);
#6582 = CARTESIAN_POINT('',(111.65069037,6.80767871,3.00000000));
#6583 = DIRECTION('',(0.00000000,0.00000000,-1.00000000));
#6584 = VECTOR('',#6583,3.00000000);
#6585 = LINE('',#6582,#6584);
#6586 = EDGE_CURVE('',#6566,#6560,#6585,.T.);
#6587 = ORIENTED_EDGE('',*,*,#6571,.T.);
#6588 = ORIENTED_EDGE('',*,*,#6576,.T.);
#6589 = ORIENTED_EDGE('',*,*,#6581,.T.);
#6590 = ORIENTED_EDGE('',*,*,#6586,.T.);
#6591 = EDGE_LOOP('',(#6587,#6588,#6589,#6590));
#6592 = FACE_OUTER_BOUND('',#6591,.T.);
#6593 = CARTESIAN_POINT('',(111.65069037,6.80767871,0.00000000));
#6594 = DIRECTION('',(0.81915255,-0.57357572,0.00000000));
#6595 = DIRECTION('',(0.57357572,0.81915255,0.00000000));
#6596 = AXIS2_PLACEMENT_3D('',#6593,#6594,#6595);
#6597 = PLANE('',#6596);
#6598 = ADVANCED_FACE('',(#6592),#6597,.T.);
#6599 = CARTESIAN_POINT('',(111.67610922,6.84398067,0.00000000));
#6600 = VERTEX_POINT('',#6599);
#6601 = CARTESIAN_POINT('',(111.70744571,6.87531715,0.00000000));
#6602 = VERTEX_POINT('',#6601);
#6603 = CARTESIAN_POINT('',(111.70744571,6.87531715,3.00000000));
#6604 = VERTEX_POINT('',#6603);
#6605 = CARTESIAN_POINT('',(111.67610922,6.84398067,3.00000000));
#6606 = VERTEX_POINT('',#6605);
#6607 = CARTESIAN_POINT('',(111.67610922,6.84398067,0.00000000));
#6608 = DIRECTION('',(0.70710678,0.70710678,0.00000000));
#6609 = VECTOR('',#6608,0.04431648);
#6610 = LINE('',#6607,#6609);
#6611 = EDGE_CURVE('',#6600,#6602,#6610,.T.);
#6612 = CARTESIAN_POINT('',(111.70744571,6.87531715,0.00000000));
#6613 = DIRECTION('',(0.00000000,0.00000000,1.00000000));
#6614 = VECTOR('',#6613,3.00000000);
#6615 = LINE('',#6612,#6614);
#6616 = EDGE_CURVE('',#6602,#6604,#6615,.T.);
#6617 = CARTESIAN_POINT('',(111.70744571,6.87531715,3.00000000));
#6618 = DIRECTION('',(-0.70710678,-0.70710678,0.00000000));
#6619 = VECTOR('',#6618,0.04431648);
#6620 = LINE('',#6617,#6619);
#6621 = EDGE_CURVE('',#6604,#6606,#6620,.T.);
#6622 = CARTESIAN_POINT('',(111.67610922,6.84398067,3.00000000));
#6623 = DIRECTION('',(0.00000000,0.00000000,-1.00000000));
#6624 = VECTOR('',#6623,3.00000000);
#6625 = LINE('',#6622,#6624);
#6626 = EDGE_CURVE('',#6606,#6600,#6625,.T.);
#6627 = ORIENTED_EDGE('',*,*,#6611,.T.);
#6628 = ORIENTED_EDGE('',*,*,#6616,.T.);
#6629 = ORIENTED_EDGE('',*,*,#6621,.T.);
#6630 = ORIENTED_EDGE('',*,*,#6626,.T.);
#6631 = EDGE_LOOP('',(#6627,#6628,#6629,#6630));
#6632 = FACE_OUTER_BOUND('',#6631,.T.);
#6633 = CARTESIAN_POINT('',(111.67610922,6.84398067,0.00000000));
#6634 = DIRECTION('',(0.70710678,-0.70710678,0.00000000));
#6635 = DIRECTION('',(0.70710678,0.70710678,0.00000000));
#6636 = AXIS2_PLACEMENT_3D('',#6633,#6634,#6635);
#6637 = PLANE('',#6636);
#6638 = ADVANCED_FACE('',(#6632),#6637,.T.);
#6639 = CARTESIAN_POINT('',(111.70744571,6.87531715,0.00000000));
#6640 = VERTEX_POINT('',#6639);
#6641 = CARTESIAN_POINT('',(111.74374766,6.90073600,0.00000000));
#6642 = VERTEX_POINT('',#6641);
#6643 = CARTESIAN_POINT('',(111.74374766,6.90073600,3.00000000));
#6644 = VERTEX_POINT('',#6643);
#6645 = CARTESIAN_POINT('',(111.70744571,6.87531715,3.00000000));
#6646 = VERTEX_POINT('',#6645);
#6647 = CARTESIAN_POINT('',(111.70744571,6.87531715,0.00000000));
#6648 = DIRECTION('',(0.81915255,0.57357572,0.00000000));
#6649 = VECTOR('',#6648,0.04431648);
#6650 = LINE('',#6647,#6649);
#6651 = EDGE_CURVE('',#6640,#6642,#6650,.T.);
#6652 = CARTESIAN_POINT('',(111.74374766,6.90073600,0.00000000));
#6653 = DIRECTION('',(0.00000000,0.00000000,1.00000000));
#6654 = VECTOR('',#6653,3.00000000);
#6655 = LINE('',#6652,#6654);
#6656 = EDGE_CURVE('',#6642,#6644,#6655,.T.);
#6657 = CARTESIAN_POINT('',(111.74374766,6.90073600,3.00000000));
#6658 = DIRECTION('',(-0.81915255,-0.57357572,0.00000000));
#6659 = VECTOR('',#6658,0.04431648);
#6660 = LINE('',#6657,#6659);
#6661 = EDGE_CURVE('',#6644,#6646,#6660,.T.);
#6662 = CARTESIAN_POINT('',(111.70744571,6.87531715,3.00000000));
#6663 = DIRECTION('',(0.00000000,0.00000000,-1.00000000));
#6664 = VECTOR('',#6663,3.00000000);
#6665 = LINE('',#6662,#6664);
#6666 = EDGE_CURVE('',#6646,#6640,#6665,.T.);
#6667 = ORIENTED_EDGE('',*,*,#6651,.T.);
#6668 = ORIENTED_EDGE('',*,*,#6656,.T.);
#6669 = ORIENTED_EDGE('',*,*,#6661,.T.);
#6670 = ORIENTED_EDGE('',*,*,#6666,.T.);
#6671 = EDGE_LOOP('',(#6667,#6668,#6669,#6670));
#6672 = FACE_OUTER_BOUND('',#6671,.T.);
#6673 = CARTESIAN_POINT('',(111.70744571,6.87531715,0.00000000));
#6674 = DIRECTION('',(0.57357572,-0.81915255,0.00000000));
#6675 = DIRECTION('',(0.81915255,0.57357572,0.00000000));
#6676 = AXIS2_PLACEMENT_3D('',#6673,#6674,#6675);
#6677 = PLANE('',#6676);
#6678 = ADVANCED_FACE('',(#6672),#6677,.T.);
#6679 = CARTESIAN_POINT('',(111.74374766,6.90073600,0.00000000));
#6680 = VERTEX_POINT('',#6679);
#6681 = CARTESIAN_POINT('',(111.78391206,6.91946488,0.00000000));
#6682 = VERTEX_POINT('',#6681);
#6683 = CARTESIAN_POINT('',(111.78391206,6.91946488,3.00000000));
#6684 = VERTEX_POINT('',#6683);
#6685 = CARTESIAN_POINT('',(111.74374766,6.90073600,3.00000000));
#6686 = VERTEX_POINT('',#6685);
#6687 = CARTESIAN_POINT('',(111.74374766,6.90073600,0.00000000));
#6688 = DIRECTION('',(0.90630853,0.42261668,0.00000000));
#6689 = VECTOR('',#6688,0.04431648);
#6690 = LINE('',#6687,#6689);
#6691 = EDGE_CURVE('',#6680,#6682,#6690,.T.);
#6692 = CARTESIAN_POINT('',(111.78391206,6.91946488,0.00000000));
#6693 = DIRECTION('',(0.00000000,0.00000000,1.00000000));
#6694 = VECTOR('',#6693,3.00000000);
#6695 = LINE('',#6692,#6694);
#6696 = EDGE_CURVE('',#6682,#6684,#6695,.T.);
#6697 = CARTESIAN_POINT('',(111.78391206,6.91946488,3.00000000));
#6698 = DIRECTION('',(-0.90630853,-0.42261668,0.00000000));
#6699 = VECTOR('',#6698,0.04431648);
#6700 = LINE('',#6697,#6699);
#6701 = EDGE_CURVE('',#6684,#6686,#6700,.T.);
#6702 = CARTESIAN_POINT('',(111.74374766,6.90073600,3.00000000));
#6703 = DIRECTION('',(0.00000000,0.00000000,-1.00000000));
#6704 = VECTOR('',#6703,3.00000000);
#6705 = LINE('',#6702,#6704);
#6706 = EDGE_CURVE('',#6686,#6680,#6705,.T.);
#6707 = ORIENTED_EDGE('',*,*,#6691,.T.);
#6708 = ORIENTED_EDGE('',*,*,#6696,.T.);
#6709 = ORIENTED_EDGE('',*,*,#6701,.T.);
#6710 = ORIENTED_EDGE('',*,*,#6706,.T.);
#6711 = EDGE_LOOP('',(#6707,#6708,#6709,#6710));
#6712 = FACE_OUTER_BOUND('',#6711,.T.);
#6713 = CARTESIAN_POINT('',(111.74374766,6.90073600,0.00000000));
#6714 = DIRECTION('',(0.42261668,-0.90630853,0.00000000));
#6715 = DIRECTION('',(0.90630853,0.42261668,0.00000000));
#6716 = AXIS2_PLACEMENT_3D('',#6713,#6714,#6715);
#6717 = PLANE('',#6716);
#6718 = ADVANCED_FACE('',(#6712),#6717,.T.);
#6719 = CARTESIAN_POINT('',(111.78391206,6.91946488,0.00000000));
#6720 = VERTEX_POINT('',#6719);
#6721 = CARTESIAN_POINT('',(111.82671852,6.93093472,0.00000000));
#6722 = VERTEX_POINT('',#6721);
#6723 = CARTESIAN_POINT('',(111.82671852,6.93093472,3.00000000));
#6724 = VERTEX_POINT('',#6723);
#6725 = CARTESIAN_POINT('',(111.78391206,6.91946488,3.00000000));
#6726 = VERTEX_POINT('',#6725);
#6727 = CARTESIAN_POINT('',(111.78391206,6.91946488,0.00000000));
#6728 = DIRECTION('',(0.96592651,0.25881651,0.00000000));
#6729 = VECTOR('',#6728,0.04431648);
#6730 = LINE('',#6727,#6729);
#6731 = EDGE_CURVE('',#6720,#6722,#6730,.T.);
#6732 = CARTESIAN_POINT('',(111.82671852,6.93093472,0.00000000));
#6733 = DIRECTION('',(0.00000000,0.00000000,1.00000000));
#6734 = VECTOR('',#6733,3.00000000);
#6735 = LINE('',#6732,#6734);
#6736 = EDGE_CURVE('',#6722,#6724,#6735,.T.);
#6737 = CARTESIAN_POINT('',(111.82671852,6.93093472,3.00000000));
#6738 = DIRECTION('',(-0.96592651,-0.25881651,0.00000000));
#6739 = VECTOR('',#6738,0.04431648);
#6740 = LINE('',#6737,#6739);
#6741 = EDGE_CURVE('',#6724,#6726,#6740,.T.);
#6742 = CARTESIAN_POINT('',(111.78391206,6.91946488,3.00000000));
#6743 = DIRECTION('',(0.00000000,0.00000000,-1.00000000));
#6744 = VECTOR('',#6743,3.00000000);
#6745 = LINE('',#6742,#6744);
#6746 = EDGE_CURVE('',#6726,#6720,#6745,.T.);
#6747 = ORIENTED_EDGE('',*,*,#6731,.T.);
#6748 = ORIENTED_EDGE('',*,*,#6736,.T.);
#6749 = ORIENTED_EDGE('',*,*,#6741,.T.);
#6750 = ORIENTED_EDGE('',*,*,#6746,.T.);
#6751 = EDGE_LOOP('',(#6747,#6748,#6749,#6750));
#6752 = FACE_OUTER_BOUND('',#6751,.T.);
#6753 = CARTESIAN_POINT('',(111.78391206,6.91946488,0.00000000));
#6754 = DIRECTION('',(0.25881651,-0.96592651,0.00000000));
#6755 = DIRECTION('',(0.96592651,0.25881651,0.00000000));
#6756 = AXIS2_PLACEMENT_3D('',#6753,#6754,#6755);
#6757 = PLANE('',#6756);
#6758 = ADVANCED_FACE('',(#6752),#6757,.T.);
#6759 = CARTESIAN_POINT('',(111.82671852,6.93093472,0.00000000));
#6760 = VERTEX_POINT('',#6759);
#6761 = CARTESIAN_POINT('',(111.87086637,6.93479700,0.00000000));
#6762 = VERTEX_POINT('',#6761);
#6763 = CARTESIAN_POINT('',(111.87086637,6.93479700,3.00000000));
#6764 = VERTEX_POINT('',#6763);
#6765 = CARTESIAN_POINT('',(111.82671852,6.93093472,3.00000000));
#6766 = VERTEX_POINT('',#6765);
#6767 = CARTESIAN_POINT('',(111.82671852,6.93093472,0.00000000));
#6768 = DIRECTION('',(0.99619500,0.08715226,0.00000000));
#6769 = VECTOR('',#6768,0.04431648);
#6770 = LINE('',#6767,#6769);
#6771 = EDGE_CURVE('',#6760,#6762,#6770,.T.);
#6772 = CARTESIAN_POINT('',(111.87086637,6.93479700,0.00000000));
#6773 = DIRECTION('',(0.00000000,0.00000000,1.00000000));
#6774 = VECTOR('',#6773,3.00000000);
#6775 = LINE('',#6772,#6774);
#6776 = EDGE_CURVE('',#6762,#6764,#6775,.T.);
#6777 = CARTESIAN_POINT('',(111.87086637,6.93479700,3.00000000));
#6778 = DIRECTION('',(-0.99619500,-0.08715226,0.00000000));
#6779 = VECTOR('',#6778,0.04431648);
#6780 = LINE('',#6777,#6779);
#6781 = EDGE_CURVE('',#6764,#6766,#6780,.T.);
#6782 = CARTESIAN_POINT('',(111.82671852,6.93093472,3.00000000));
#6783 = DIRECTION('',(0.00000000,0.00000000,-1.00000000));
#6784 = VECTOR('',#6783,3.00000000);
#6785 = LINE('',#6782,#6784);
#6786 = EDGE_CURVE('',#6766,#6760,#6785,.T.);
#6787 = ORIENTED_EDGE('',*,*,#6771,.T.);
#6788 = ORIENTED_EDGE('',*,*,#6776,.T.);
#6789 = ORIENTED_EDGE('',*,*,#6781,.T.);
#6790 = ORIENTED_EDGE('',*,*,#6786,.T.);
#6791 = EDGE_LOOP('',(#6787,#6788,#6789,#6790));
#6792 = FACE_OUTER_BOUND('',#6791,.T.);
#6793 = CARTESIAN_POINT('',(111.82671852,6.93093472,0.00000000));
#6794 = DIRECTION('',(0.08715226,-0.99619500,0.00000000));
#6795 = DIRECTION('',(0.99619500,0.08715226,0.00000000));
#6796 = AXIS2_PLACEMENT_3D('',#6793,#6794,#6795);
#6797 = PLANE('',#6796);
#6798 = ADVANCED_FACE('',(#6792),#6797,.T.);
#6799 = CARTESIAN_POINT('',(111.87086637,6.93479700,0.00000000));
#6800 = VERTEX_POINT('',#6799);
#6801 = CARTESIAN_POINT('',(125.68846637,6.93479700,0.00000000));
#6802 = VERTEX_POINT('',#6801);
#6803 = CARTESIAN_POINT('',(125.68846637,6.93479700,3.00000000));
#6804 = VERTEX_POINT('',#6803);
#6805 = CARTESIAN_POINT('',(111.87086637,6.93479700,3.00000000));
#6806 = VERTEX_POINT('',#6805);
#6807 = CARTESIAN_POINT('',(111.87086637,6.93479700,0.00000000));
#6808 = DIRECTION('',(1.00000000,0.00000000,0.00000000));
#6809 = VECTOR('',#6808,13.81760000);
#6810 = LINE('',#6807,#6809);
#6811 = EDGE_CURVE('',#6800,#6802,#6810,.T.);
#6812 = CARTESIAN_POINT('',(125.68846637,6.93479700,0.00000000));
#6813 = DIRECTION('',(0.00000000,0.00000000,1.00000000));
#6814 = VECTOR('',#6813,3.00000000);
#6815 = LINE('',#6812,#6814);
#6816 = EDGE_CURVE('',#6802,#6804,#6815,.T.);
#6817 = CARTESIAN_POINT('',(125.68846637,6.93479700,3.00000000));
#6818 = DIRECTION('',(-1.00000000,-0.00000000,0.00000000));
#6819 = VECTOR('',#6818,13.81760000);
#6820 = LINE('',#6817,#6819);
#6821 = EDGE_CURVE('',#6804,#6806,#6820,.T.);
#6822 = CARTESIAN_POINT('',(111.87086637,6.93479700,3.00000000));
#6823 = DIRECTION('',(0.00000000,0.00000000,-1.00000000));
#6824 = VECTOR('',#6823,3.00000000);
#6825 = LINE('',#6822,#6824);
#6826 = EDGE_CURVE('',#6806,#6800,#6825,.T.);
#6827 = ORIENTED_EDGE('',*,*,#6811,.T.);
#6828 = ORIENTED_EDGE('',*,*,#6816,.T.);
#6829 = ORIENTED_EDGE('',*,*,#6821,.T.);
#6830 = ORIENTED_EDGE('',*,*,#6826,.T.);
#6831 = EDGE_LOOP('',(#6827,#6828,#6829,#6830));
#6832 = FACE_OUTER_BOUND('',#6831,.T.);
#6833 = CARTESIAN_POINT('',(111.87086637,6.93479700,0.00000000));
#6834 = DIRECTION('',(0.00000000,-1.00000000,0.00000000));
#6835 = DIRECTION('',(1.00000000,0.00000000,0.00000000));
#6836 = AXIS2_PLACEMENT_3D('',#6833,#6834,#6835);
#6837 = PLANE('',#6836);
#6838 = ADVANCED_FACE('',(#6832),#6837,.T.);
#6839 = CARTESIAN_POINT('',(125.68846637,6.93479700,0.00000000));
#6840 = VERTEX_POINT('',#6839);
#6841 = CARTESIAN_POINT('',(126.14901097,5.78733066,0.00000000));
#6842 = VERTEX_POINT('',#6841);
#6843 = CARTESIAN_POINT('',(126.14901097,5.78733066,3.00000000));
#6844 = VERTEX_POINT('',#6843);
#6845 = CARTESIAN_POINT('',(125.68846637,6.93479700,3.00000000));
#6846 = VERTEX_POINT('',#6845);
#6847 = CARTESIAN_POINT('',(125.68846637,6.93479700,0.00000000));
#6848 = DIRECTION('',(0.37247673,-0.92804153,0.00000000));
#6849 = VECTOR('',#6848,1.23643857);
#6850 = LINE('',#6847,#6849);
#6851 = EDGE_CURVE('',#6840,#6842,#6850,.T.);
#6852 = CARTESIAN_POINT('',(126.14901097,5.78733066,0.00000000));
#6853 = DIRECTION('',(0.00000000,0.00000000,1.00000000));
#6854 = VECTOR('',#6853,3.00000000);
#6855 = LINE('',#6852,#6854);
#6856 = EDGE_CURVE('',#6842,#6844,#6855,.T.);
#6857 = CARTESIAN_POINT('',(126.14901097,5.78733066,3.00000000));
#6858 = DIRECTION('',(-0.37247673,0.92804153,0.00000000));
#6859 = VECTOR('',#6858,1.23643857);
#6860 = LINE('',#6857,#6859);
#6861 = EDGE_CURVE('',#6844,#6846,#6860,.T.);
#6862 = CARTESIAN_POINT('',(125.68846637,6.93479700,3.00000000));
#6863 = DIRECTION('',(0.00000000,0.00000000,-1.00000000));
#6864 = VECTOR('',#6863,3.00000000);
#6865 = LINE('',#6862,#6864);
#6866 = EDGE_CURVE('',#6846,#6840,#6865,.T.);
#6867 = ORIENTED_EDGE('',*,*,#6851,.T.);
#6868 = ORIENTED_EDGE('',*,*,#6856,.T.);
#6869 = ORIENTED_EDGE('',*,*,#6861,.T.);
#6870 = ORIENTED_EDGE('',*,*,#6866,.T.);
#6871 = EDGE_LOOP('',(#6867,#6868,#6869,#6870));
#6872 = FACE_OUTER_BOUND('',#6871,.T.);
#6873 = CARTESIAN_POINT('',(125.68846637,6.93479700,0.00000000));
#6874 = DIRECTION('',(-0.92804153,-0.37247673,0.00000000));
#6875 = DIRECTION('',(0.37247673,-0.92804153,0.00000000));
#6876 = AXIS2_PLACEMENT_3D('',#6873,#6874,#6875);
#6877 = PLANE('',#6876);
#6878 = ADVANCED_FACE('',(#6872),#6877,.T.);
#6879 = CARTESIAN_POINT('',(126.14901097,5.78733066,0.00000000));
#6880 = VERTEX_POINT('',#6879);
#6881 = CARTESIAN_POINT('',(126.92530113,4.82496175,0.00000000));
#6882 = VERTEX_POINT('',#6881);
#6883 = CARTESIAN_POINT('',(126.92530113,4.82496175,3.00000000));
#6884 = VERTEX_POINT('',#6883);
#6885 = CARTESIAN_POINT('',(126.14901097,5.78733066,3.00000000));
#6886 = VERTEX_POINT('',#6885);
#6887 = CARTESIAN_POINT('',(126.14901097,5.78733066,0.00000000));
#6888 = DIRECTION('',(0.62784370,-0.77833944,0.00000000));
#6889 = VECTOR('',#6888,1.23643857);
#6890 = LINE('',#6887,#6889);
#6891 = EDGE_CURVE('',#6880,#6882,#6890,.T.);
#6892 = CARTESIAN_POINT('',(126.92530113,4.82496175,0.00000000));
#6893 = DIRECTION('',(0.00000000,0.00000000,1.00000000));
#6894 = VECTOR('',#6893,3.00000000);
#6895 = LINE('',#6892,#6894);
#6896 = EDGE_CURVE('',#6882,#6884,#6895,.T.);
#6897 = CARTESIAN_POINT('',(126.92530113,4.82496175,3.00000000));
#6898 = DIRECTION('',(-0.62784370,0.77833944,0.00000000));
#6899 = VECTOR('',#6898,1.23643857);
#6900 = LINE('',#6897,#6899);
#6901 = EDGE_CURVE('',#6884,#6886,#6900,.T.);
#6902 = CARTESIAN_POINT('',(126.14901097,5.78733066,3.00000000));
#6903 = DIRECTION('',(0.00000000,0.00000000,-1.00000000));
#6904 = VECTOR('',#6903,3.00000000);
#6905 = LINE('',#6902,#6904);
#6906 = EDGE_CURVE('',#6886,#6880,#6905,.T.);
#6907 = ORIENTED_EDGE('',*,*,#6891,.T.);
#6908 = ORIENTED_EDGE('',*,*,#6896,.T.);
#6909 = ORIENTED_EDGE('',*,*,#6901,.T.);
#6910 = ORIENTED_EDGE('',*,*,#6906,.T.);
#6911 = EDGE_LOOP('',(#6907,#6908,#6909,#6910));
#6912 = FACE_OUTER_BOUND('',#6911,.T.);
#6913 = CARTESIAN_POINT('',(126.14901097,5.78733066,0.00000000));
#6914 = DIRECTION('',(-0.77833944,-0.62784370,0.00000000));
#6915 = DIRECTION('',(0.62784370,-0.77833944,0.00000000));
#6916 = AXIS2_PLACEMENT_3D('',#6913,#6914,#6915);
#6917 = PLANE('',#6916);
#6918 = ADVANCED_FACE('',(#6912),#6917,.T.);
#6919 = CARTESIAN_POINT('',(126.92530113,4.82496175,0.00000000));
#6920 = VERTEX_POINT('',#6919);
#6921 = CARTESIAN_POINT('',(127.94931598,4.13201593,0.00000000));
#6922 = VERTEX_POINT('',#6921);
#6923 = CARTESIAN_POINT('',(127.94931598,4.13201593,3.00000000));
#6924 = VERTEX_POINT('',#6923);
#6925 = CARTESIAN_POINT('',(126.92530113,4.82496175,3.00000000));
#6926 = VERTEX_POINT('',#6925);
#6927 = CARTESIAN_POINT('',(126.92530113,4.82496175,0.00000000));
#6928 = DIRECTION('',(0.82819711,-0.56043692,0.00000000));
#6929 = VECTOR('',#6928,1.23643857);
#6930 = LINE('',#6927,#6929);
#6931 = EDGE_CURVE('',#6920,#6922,#6930,.T.);
#6932 = CARTESIAN_POINT('',(127.94931598,4.13201593,0.00000000));
#6933 = DIRECTION('',(0.00000000,0.00000000,1.00000000));
#6934 = VECTOR('',#6933,3.00000000);
#6935 = LINE('',#6932,#6934);
#6936 = EDGE_CURVE('',#6922,#6924,#6935,.T.);
#6937 = CARTESIAN_POINT('',(127.94931598,4.13201593,3.00000000));
#6938 = DIRECTION('',(-0.82819711,0.56043692,0.00000000));
#6939 = VECTOR('',#6938,1.23643857);
#6940 = LINE('',#6937,#6939);
#6941 = EDGE_CURVE('',#6924,#6926,#6940,.T.);
#6942 = CARTESIAN_POINT('',(126.92530113,4.82496175,3.00000000));
#6943 = DIRECTION('',(0.00000000,0.00000000,-1.00000000));
#6944 = VECTOR('',#6943,3.00000000);
#6945 = LINE('',#6942,#6944);
#6946 = EDGE_CURVE('',#6926,#6920,#6945,.T.);
#6947 = ORIENTED_EDGE('',*,*,#6931,.T.);
#6948 = ORIENTED_EDGE('',*,*,#6936,.T.);
#6949 = ORIENTED_EDGE('',*,*,#6941,.T.);
#6950 = ORIENTED_EDGE('',*,*,#6946,.T.);
#6951 = EDGE_LOOP('',(#6947,#6948,#6949,#6950));
#6952 = FACE_OUTER_BOUND('',#6951,.T.);
#6953 = CARTESIAN_POINT('',(126.92530113,4.82496175,0.00000000));
#6954 = DIRECTION('',(-0.56043692,-0.82819711,0.00000000));
#6955 = DIRECTION('',(0.82819711,-0.56043692,0.00000000));
#6956 = AXIS2_PLACEMENT_3D('',#6953,#6954,#6955);
#6957 = PLANE('',#6956);
#6958 = ADVANCED_FACE('',(#6952),#6957,.T.);
#6959 = CARTESIAN_POINT('',(127.94931598,4.13201593,0.00000000));
#6960 = VERTEX_POINT('',#6959);
#6961 = CARTESIAN_POINT('',(129.13132827,3.76921119,0.00000000));
#6962 = VERTEX_POINT('',#6961);
#6963 = CARTESIAN_POINT('',(129.13132827,3.76921119,3.00000000));
#6964 = VERTEX_POINT('',#6963);
#6965 = CARTESIAN_POINT('',(127.94931598,4.13201593,3.00000000));
#6966 = VERTEX_POINT('',#6965);
#6967 = CARTESIAN_POINT('',(127.94931598,4.13201593,0.00000000));
#6968 = DIRECTION('',(0.95598141,-0.29342723,0.00000000));
#6969 = VECTOR('',#6968,1.23643857);
#6970 = LINE('',#6967,#6969);
#6971 = EDGE_CURVE('',#6960,#6962,#6970,.T.);
#6972 = CARTESIAN_POINT('',(129.13132827,3.76921119,0.00000000));
#6973 = DIRECTION('',(0.00000000,0.00000000,1.00000000));
#6974 = VECTOR('',#6973,3.00000000);
#6975 = LINE('',#6972,#6974);
#6976 = EDGE_CURVE('',#6962,#6964,#6975,.T.);
#6977 = CARTESIAN_POINT('',(129.13132827,3.76921119,3.00000000));
#6978 = DIRECTION('',(-0.95598141,0.29342723,0.00000000));
#6979 = VECTOR('',#6978,1.23643857);
#6980 = LINE('',#6977,#6979);
#6981 = EDGE_CURVE('',#6964,#6966,#6980,.T.);
#6982 = CARTESIAN_POINT('',(127.94931598,4.13201593,3.00000000));
#6983 = DIRECTION('',(0.00000000,0.00000000,-1.00000000));
#6984 = VECTOR('',#6983,3.00000000);
#6985 = LINE('',#6982,#6984);
#6986 = EDGE_CURVE('',#6966,#6960,#6985,.T.);
#6987 = ORIENTED_EDGE('',*,*,#6971,.T.);
#6988 = ORIENTED_EDGE('',*,*,#6976,.T.);
#6989 = ORIENTED_EDGE('',*,*,#6981,.T.);
#6990 = ORIENTED_EDGE('',*,*,#6986,.T.);
#6991 = EDGE_LOOP('',(#6987,#6988,#6989,#6990));
#6992 = FACE_OUTER_BOUND('',#6991,.T.);
#6993 = CARTESIAN_POINT('',(127.94931598,4.13201593,0.00000000));
#6994 = DIRECTION('',(-0.29342723,-0.95598141,0.00000000));
#6995 = DIRECTION('',(0.95598141,-0.29342723,0.00000000));
#6996 = AXIS2_PLACEMENT_3D('',#6993,#6994,#6995);
#6997 = PLANE('',#6996);
#6998 = ADVANCED_FACE('',(#6992),#6997,.T.);
#6999 = CARTESIAN_POINT('',(129.13132827,3.76921119,0.00000000));
#7000 = VERTEX_POINT('',#6999);
#7001 = CARTESIAN_POINT('',(130.36776653,3.76833756,0.00000000));
#7002 = VERTEX_POINT('',#7001);
#7003 = CARTESIAN_POINT('',(130.36776653,3.76833756,3.00000000));
#7004 = VERTEX_POINT('',#7003);
#7005 = CARTESIAN_POINT('',(129.13132827,3.76921119,3.00000000));
#7006 = VERTEX_POINT('',#7005);
#7007 = CARTESIAN_POINT('',(129.13132827,3.76921119,0.00000000));
#7008 = DIRECTION('',(0.99999975,-0.00070657,0.00000000));
#7009 = VECTOR('',#7008,1.23643857);
#7010 = LINE('',#7007,#7009);
#7011 = EDGE_CURVE('',#7000,#7002,#7010,.T.);
#7012 = CARTESIAN_POINT('',(130.36776653,3.76833756,0.00000000));
#7013 = DIRECTION('',(0.00000000,0.00000000,1.00000000));
#7014 = VECTOR('',#7013,3.00000000);
#7015 = LINE('',#7012,#7014);
#7016 = EDGE_CURVE('',#7002,#7004,#7015,.T.);
#7017 = CARTESIAN_POINT('',(130.36776653,3.76833756,3.00000000));
#7018 = DIRECTION('',(-0.99999975,0.00070657,0.00000000));
#7019 = VECTOR('',#7018,1.23643857);
#7020 = LINE('',#7017,#7019);
#7021 = EDGE_CURVE('',#7004,#7006,#7020,.T.);
#7022 = CARTESIAN_POINT('',(129.13132827,3.76921119,3.00000000));
#7023 = DIRECTION('',(0.00000000,0.00000000,-1.00000000));
#7024 = VECTOR('',#7023,3.00000000);
#7025 = LINE('',#7022,#7024);
#7026 = EDGE_CURVE('',#7006,#7000,#7025,.T.);
#7027 = ORIENTED_EDGE('',*,*,#7011,.T.);
#7028 = ORIENTED_EDGE('',*,*,#7016,.T.);
#7029 = ORIENTED_EDGE('',*,*,#7021,.T.);
#7030 = ORIENTED_EDGE('',*,*,#7026,.T.);
#7031 = EDGE_LOOP('',(#7027,#7028,#7029,#7030));
#7032 = FACE_OUTER_BOUND('',#7031,.T.);
#7033 = CARTESIAN_POINT('',(129.13132827,3.76921119,0.00000000));
#7034 = DIRECTION('',(-0.00070657,-0.99999975,0.00000000));
#7035 = DIRECTION('',(0.99999975,-0.00070657,0.00000000));
#7036 = AXIS2_PLACEMENT_3D('',#7033,#7034,#7035);
#7037 = PLANE('',#7036);
#7038 = ADVANCED_FACE('',(#7032),#7037,.T.);
#7039 = CARTESIAN_POINT('',(130.36776653,3.76833756,0.00000000));
#7040 = VERTEX_POINT('',#7039);
#7041 = CARTESIAN_POINT('',(131.55029032,4.12947160,0.00000000));
#7042 = VERTEX_POINT('',#7041);
#7043 = CARTESIAN_POINT('',(131.55029032,4.12947160,3.00000000));
#7044 = VERTEX_POINT('',#7043);
#7045 = CARTESIAN_POINT('',(130.36776653,3.76833756,3.00000000));
#7046 = VERTEX_POINT('',#7045);
#7047 = CARTESIAN_POINT('',(130.36776653,3.76833756,0.00000000));
#7048 = DIRECTION('',(0.95639511,0.29207601,0.00000000));
#7049 = VECTOR('',#7048,1.23643857);
#7050 = LINE('',#7047,#7049);
#7051 = EDGE_CURVE('',#7040,#7042,#7050,.T.);
#7052 = CARTESIAN_POINT('',(131.55029032,4.12947160,0.00000000));
#7053 = DIRECTION('',(0.00000000,0.00000000,1.00000000));
#7054 = VECTOR('',#7053,3.00000000);
#7055 = LINE('',#7052,#7054);
#7056 = EDGE_CURVE('',#7042,#7044,#7055,.T.);
#7057 = CARTESIAN_POINT('',(131.55029032,4.12947160,3.00000000));
#7058 = DIRECTION('',(-0.95639511,-0.29207601,0.00000000));
#7059 = VECTOR('',#7058,1.23643857);
#7060 = LINE('',#7057,#7059);
#7061 = EDGE_CURVE('',#7044,#7046,#7060,.T.);
#7062 = CARTESIAN_POINT('',(130.36776653,3.76833756,3.00000000));
#7063 = DIRECTION('',(0.00000000,0.00000000,-1.00000000));
#7064 = VECTOR('',#7063,3.00000000);
#7065 = LINE('',#7062,#7064);
#7066 = EDGE_CURVE('',#7046,#7040,#7065,.T.);
#7067 = ORIENTED_EDGE('',*,*,#7051,.T.);
#7068 = ORIENTED_EDGE('',*,*,#7056,.T.);
#7069 = ORIENTED_EDGE('',*,*,#7061,.T.);
#7070 = ORIENTED_EDGE('',*,*,#7066,.T.);
#7071 = EDGE_LOOP('',(#7067,#7068,#7069,#7070));
#7072 = FACE_OUTER_BOUND('',#7071,.T.);
#7073 = CARTESIAN_POINT('',(130.36776653,3.76833756,0.00000000));
#7074 = DIRECTION('',(0.29207601,-0.95639511,0.00000000));
#7075 = DIRECTION('',(0.95639511,0.29207601,0.00000000));
#7076 = AXIS2_PLACEMENT_3D('',#7073,#7074,#7075);
#7077 = PLANE('',#7076);
#7078 = ADVANCED_FACE('',(#7072),#7077,.T.);
#7079 = CARTESIAN_POINT('',(131.55029032,4.12947160,0.00000000));
#7080 = VERTEX_POINT('',#7079);
#7081 = CARTESIAN_POINT('',(132.57528337,4.82096967,0.00000000));
#7082 = VERTEX_POINT('',#7081);
#7083 = CARTESIAN_POINT('',(132.57528337,4.82096967,3.00000000));
#7084 = VERTEX_POINT('',#7083);
#7085 = CARTESIAN_POINT('',(131.55029032,4.12947160,3.00000000));
#7086 = VERTEX_POINT('',#7085);
#7087 = CARTESIAN_POINT('',(131.55029032,4.12947160,0.00000000));
#7088 = DIRECTION('',(0.82898826,0.55926601,0.00000000));
#7089 = VECTOR('',#7088,1.23643857);
#7090 = LINE('',#7087,#7089);
#7091 = EDGE_CURVE('',#7080,#7082,#7090,.T.);
#7092 = CARTESIAN_POINT('',(132.57528337,4.82096967,0.00000000));
#7093 = DIRECTION('',(0.00000000,0.00000000,1.00000000));
#7094 = VECTOR('',#7093,3.00000000);
#7095 = LINE('',#7092,#7094);
#7096 = EDGE_CURVE('',#7082,#7084,#7095,.T.);
#7097 = CARTESIAN_POINT('',(132.57528337,4.82096967,3.00000000));
#7098 = DIRECTION('',(-0.82898826,-0.55926601,0.00000000));
#7099 = VECTOR('',#7098,1.23643857);
#7100 = LINE('',#7097,#7099);
#7101 = EDGE_CURVE('',#7084,#7086,#7100,.T.);
#7102 = CARTESIAN_POINT('',(131.55029032,4.12947160,3.00000000));
#7103 = DIRECTION('',(0.00000000,0.00000000,-1.00000000));
#7104 = VECTOR('',#7103,3.00000000);
#7105 = LINE('',#7102,#7104);
#7106 = EDGE_CURVE('',#7086,#7080,#7105,.T.);
#7107 = ORIENTED_EDGE('',*,*,#7091,.T.);
#7108 = ORIENTED_EDGE('',*,*,#7096,.T.);
#7109 = ORIENTED_EDGE('',*,*,#7101,.T.);
#7110 = ORIENTED_EDGE('',*,*,#7106,.T.);
#7111 = EDGE_LOOP('',(#7107,#7108,#7109,#7110));
#7112 = FACE_OUTER_BOUND('',#7111,.T.);
#7113 = CARTESIAN_POINT('',(131.55029032,4.12947160,0.00000000));
#7114 = DIRECTION('',(0.55926601,-0.82898826,0.00000000));
#7115 = DIRECTION('',(0.82898826,0.55926601,0.00000000));
#7116 = AXIS2_PLACEMENT_3D('',#7113,#7114,#7115);
#7117 = PLANE('',#7116);
#7118 = ADVANCED_FACE('',(#7112),#7117,.T.);
#7119 = CARTESIAN_POINT('',(132.57528337,4.82096967,0.00000000));
#7120 = VERTEX_POINT('',#7119);
#7121 = CARTESIAN_POINT('',(133.35293271,5.78224061,0.00000000));
#7122 = VERTEX_POINT('',#7121);
#7123 = CARTESIAN_POINT('',(133.35293271,5.78224061,3.00000000));
#7124 = VERTEX_POINT('',#7123);
#7125 = CARTESIAN_POINT('',(132.57528337,4.82096967,3.00000000));
#7126 = VERTEX_POINT('',#7125);
#7127 = CARTESIAN_POINT('',(132.57528337,4.82096967,0.00000000));
#7128 = DIRECTION('',(0.62894297,0.77745144,0.00000000));
#7129 = VECTOR('',#7128,1.23643857);
#7130 = LINE('',#7127,#7129);
#7131 = EDGE_CURVE('',#7120,#7122,#7130,.T.);
#7132 = CARTESIAN_POINT('',(133.35293271,5.78224061,0.00000000));
#7133 = DIRECTION('',(0.00000000,0.00000000,1.00000000));
#7134 = VECTOR('',#7133,3.00000000);
#7135 = LINE('',#7132,#7134);
#7136 = EDGE_CURVE('',#7122,#7124,#7135,.T.);
#7137 = CARTESIAN_POINT('',(133.35293271,5.78224061,3.00000000));
#7138 = DIRECTION('',(-0.62894297,-0.77745144,0.00000000));
#7139 = VECTOR('',#7138,1.23643857);
#7140 = LINE('',#7137,#7139);
#7141 = EDGE_CURVE('',#7124,#7126,#7140,.T.);
#7142 = CARTESIAN_POINT('',(132.57528337,4.82096967,3.00000000));
#7143 = DIRECTION('',(0.00000000,0.00000000,-1.00000000));
#7144 = VECTOR('',#7143,3.00000000);
#7145 = LINE('',#7142,#7144);
#7146 = EDGE_CURVE('',#7126,#7120,#7145,.T.);
#7147 = ORIENTED_EDGE('',*,*,#7131,.T.);
#7148 = ORIENTED_EDGE('',*,*,#7136,.T.);
#7149 = ORIENTED_EDGE('',*,*,#7141,.T.);
#7150 = ORIENTED_EDGE('',*,*,#7146,.T.);
#7151 = EDGE_LOOP('',(#7147,#7148,#7149,#7150));
#7152 = FACE_OUTER_BOUND('',#7151,.T.);
#7153 = CARTESIAN_POINT('',(132.57528337,4.82096967,0.00000000));
#7154 = DIRECTION('',(0.77745144,-0.62894297,0.00000000));
#7155 = DIRECTION('',(0.62894297,0.77745144,0.00000000));
#7156 = AXIS2_PLACEMENT_3D('',#7153,#7154,#7155);
#7157 = PLANE('',#7156);
#7158 = ADVANCED_FACE('',(#7152),#7157,.T.);
#7159 = CARTESIAN_POINT('',(133.35293271,5.78224061,0.00000000));
#7160 = VERTEX_POINT('',#7159);
#7161 = CARTESIAN_POINT('',(133.81509837,6.92905500,0.00000000));
#7162 = VERTEX_POINT('',#7161);
#7163 = CARTESIAN_POINT('',(133.81509837,6.92905500,3.00000000));
#7164 = VERTEX_POINT('',#7163);
#7165 = CARTESIAN_POINT('',(133.35293271,5.78224061,3.00000000));
#7166 = VERTEX_POINT('',#7165);
#7167 = CARTESIAN_POINT('',(133.35293271,5.78224061,0.00000000));
#7168 = DIRECTION('',(0.37378780,0.92751425,0.00000000));
#7169 = VECTOR('',#7168,1.23643857);
#7170 = LINE('',#7167,#7169);
#7171 = EDGE_CURVE('',#7160,#7162,#7170,.T.);
#7172 = CARTESIAN_POINT('',(133.81509837,6.92905500,0.00000000));
#7173 = DIRECTION('',(0.00000000,0.00000000,1.00000000));
#7174 = VECTOR('',#7173,3.00000000);
#7175 = LINE('',#7172,#7174);
#7176 = EDGE_CURVE('',#7162,#7164,#7175,.T.);
#7177 = CARTESIAN_POINT('',(133.81509837,6.92905500,3.00000000));
#7178 = DIRECTION('',(-0.37378780,-0.92751425,0.00000000));
#7179 = VECTOR('',#7178,1.23643857);
#7180 = LINE('',#7177,#7179);
#7181 = EDGE_CURVE('',#7164,#7166,#7180,.T.);
#7182 = CARTESIAN_POINT('',(133.35293271,5.78224061,3.00000000));
#7183 = DIRECTION('',(0.00000000,0.00000000,-1.00000000));
#7184 = VECTOR('',#7183,3.00000000);
#7185 = LINE('',#7182,#7184);
#7186 = EDGE_CURVE('',#7166,#7160,#7185,.T.);
#7187 = ORIENTED_EDGE('',*,*,#7171,.T.);
#7188 = ORIENTED_EDGE('',*,*,#7176,.T.);
#7189 = ORIENTED_EDGE('',*,*,#7181,.T.);
#7190 = ORIENTED_EDGE('',*,*,#7186,.T.);
#7191 = EDGE_LOOP('',(#7187,#7188,#7189,#7190));
#7192 = FACE_OUTER_BOUND('',#7191,.T.);
#7193 = CARTESIAN_POINT('',(133.35293271,5.78224061,0.00000000));
#7194 = DIRECTION('',(0.92751425,-0.37378780,0.00000000));
#7195 = DIRECTION('',(0.37378780,0.92751425,0.00000000));
#7196 = AXIS2_PLACEMENT_3D('',#7193,#7194,#7195);
#7197 = PLANE('',#7196);
#7198 = ADVANCED_FACE('',(#7192),#7197,.T.);
#7199 = CARTESIAN_POINT('',(133.81509837,6.92905500,0.00000000));
#7200 = VERTEX_POINT('',#7199);
#7201 = CARTESIAN_POINT('',(154.56826637,6.93479700,0.00000000));
#7202 = VERTEX_POINT('',#7201);
#7203 = CARTESIAN_POINT('',(154.56826637,6.93479700,3.00000000));
#7204 = VERTEX_POINT('',#7203);
#7205 = CARTESIAN_POINT('',(133.81509837,6.92905500,3.00000000));
#7206 = VERTEX_POINT('',#7205);
#7207 = CARTESIAN_POINT('',(133.81509837,6.92905500,0.00000000));
#7208 = DIRECTION('',(0.99999996,0.00027668,0.00000000));
#7209 = VECTOR('',#7208,20.75316879);
#7210 = LINE('',#7207,#7209);
#7211 = EDGE_CURVE('',#7200,#7202,#7210,.T.);
#7212 = CARTESIAN_POINT('',(154.56826637,6.93479700,0.00000000));
#7213 = DIRECTION('',(0.00000000,0.00000000,1.00000000));
#7214 = VECTOR('',#7213,3.00000000);
#7215 = LINE('',#7212,#7214);
#7216 = EDGE_CURVE('',#7202,#7204,#7215,.T.);
#7217 = CARTESIAN_POINT('',(154.56826637,6.93479700,3.00000000));
#7218 = DIRECTION('',(-0.99999996,-0.00027668,0.00000000));
#7219 = VECTOR('',#7218,20.75316879);
#7220 = LINE('',#7217,#7219);
#7221 = EDGE_CURVE('',#7204,#7206,#7220,.T.);
#7222 = CARTESIAN_POINT('',(133.81509837,6.92905500,3.00000000));
#7223 = DIRECTION('',(0.00000000,0.00000000,-1.00000000));
#7224 = VECTOR('',#7223,3.00000000);
#7225 = LINE('',#7222,#7224);
#7226 = EDGE_CURVE('',#7206,#7200,#7225,.T.);
#7227 = ORIENTED_EDGE('',*,*,#7211,.T.);
#7228 = ORIENTED_EDGE('',*,*,#7216,.T.);
#7229 = ORIENTED_EDGE('',*,*,#7221,.T.);
#7230 = ORIENTED_EDGE('',*,*,#7226,.T.);
#7231 = EDGE_LOOP('',(#7227,#7228,#7229,#7230));
#7232 = FACE_OUTER_BOUND('',#7231,.T.);
#7233 = CARTESIAN_POINT('',(133.81509837,6.92905500,0.00000000));
#7234 = DIRECTION('',(0.00027668,-0.99999996,0.00000000));
#7235 = DIRECTION('',(0.99999996,0.00027668,0.00000000));
#7236 = AXIS2_PLACEMENT_3D('',#7233,#7234,#7235);
#7237 = PLANE('',#7236);
#7238 = ADVANCED_FACE('',(#7232),#7237,.T.);
#7239 = CARTESIAN_POINT('',(154.56826637,6.93479700,0.00000000));
#7240 = VERTEX_POINT('',#7239);
#7241 = CARTESIAN_POINT('',(154.59909986,6.93749458,0.00000000));
#7242 = VERTEX_POINT('',#7241);
#7243 = CARTESIAN_POINT('',(154.59909986,6.93749458,3.00000000));
#7244 = VERTEX_POINT('',#7243);
#7245 = CARTESIAN_POINT('',(154.56826637,6.93479700,3.00000000));
#7246 = VERTEX_POINT('',#7245);
#7247 = CARTESIAN_POINT('',(154.56826637,6.93479700,0.00000000));
#7248 = DIRECTION('',(0.99619470,0.08715576,0.00000000));
#7249 = VECTOR('',#7248,0.03095127);
#7250 = LINE('',#7247,#7249);
#7251 = EDGE_CURVE('',#7240,#7242,#7250,.T.);
#7252 = CARTESIAN_POINT('',(154.59909986,6.93749458,0.00000000));
#7253 = DIRECTION('',(0.00000000,0.00000000,1.00000000));
#7254 = VECTOR('',#7253,3.00000000);
#7255 = LINE('',#7252,#7254);
#7256 = EDGE_CURVE('',#7242,#7244,#7255,.T.);
#7257 = CARTESIAN_POINT('',(154.59909986,6.93749458,3.00000000));
#7258 = DIRECTION('',(-0.99619470,-0.08715576,0.00000000));
#7259 = VECTOR('',#7258,0.03095127);
#7260 = LINE('',#7257,#7259);
#7261 = EDGE_CURVE('',#7244,#7246,#7260,.T.);
#7262 = CARTESIAN_POINT('',(154.56826637,6.93479700,3.00000000));
#7263 = DIRECTION('',(0.00000000,0.00000000,-1.00000000));
#7264 = VECTOR('',#7263,3.00000000);
#7265 = LINE('',#7262,#7264);
#7266 = EDGE_CURVE('',#7246,#7240,#7265,.T.);
#7267 = ORIENTED_EDGE('',*,*,#7251,.T.);
#7268 = ORIENTED_EDGE('',*,*,#7256,.T.);
#7269 = ORIENTED_EDGE('',*,*,#7261,.T.);
#7270 = ORIENTED_EDGE('',*,*,#7266,.T.);
#7271 = EDGE_LOOP('',(#7267,#7268,#7269,#7270));
#7272 = FACE_OUTER_BOUND('',#7271,.T.);
#7273 = CARTESIAN_POINT('',(154.56826637,6.93479700,0.00000000));
#7274 = DIRECTION('',(0.08715576,-0.99619470,0.00000000));
#7275 = DIRECTION('',(0.99619470,0.08715576,0.00000000));
#7276 = AXIS2_PLACEMENT_3D('',#7273,#7274,#7275);
#7277 = PLANE('',#7276);
#7278 = ADVANCED_FACE('',(#7272),#7277,.T.);
#7279 = CARTESIAN_POINT('',(154.59909986,6.93749458,0.00000000));
#7280 = VERTEX_POINT('',#7279);
#7281 = CARTESIAN_POINT('',(154.62899649,6.94550536,0.00000000));
#7282 = VERTEX_POINT('',#7281);
#7283 = CARTESIAN_POINT('',(154.62899649,6.94550536,3.00000000));
#7284 = VERTEX_POINT('',#7283);
#7285 = CARTESIAN_POINT('',(154.59909986,6.93749458,3.00000000));
#7286 = VERTEX_POINT('',#7285);
#7287 = CARTESIAN_POINT('',(154.59909986,6.93749458,0.00000000));
#7288 = DIRECTION('',(0.96592582,0.25881906,0.00000000));
#7289 = VECTOR('',#7288,0.03095127);
#7290 = LINE('',#7287,#7289);
#7291 = EDGE_CURVE('',#7280,#7282,#7290,.T.);
#7292 = CARTESIAN_POINT('',(154.62899649,6.94550536,0.00000000));
#7293 = DIRECTION('',(0.00000000,0.00000000,1.00000000));
#7294 = VECTOR('',#7293,3.00000000);
#7295 = LINE('',#7292,#7294);
#7296 = EDGE_CURVE('',#7282,#7284,#7295,.T.);
#7297 = CARTESIAN_POINT('',(154.62899649,6.94550536,3.00000000));
#7298 = DIRECTION('',(-0.96592582,-0.25881906,0.00000000));
#7299 = VECTOR('',#7298,0.03095127);
#7300 = LINE('',#7297,#7299);
#7301 = EDGE_CURVE('',#7284,#7286,#7300,.T.);
#7302 = CARTESIAN_POINT('',(154.59909986,6.93749458,3.00000000));
#7303 = DIRECTION('',(0.00000000,0.00000000,-1.00000000));
#7304 = VECTOR('',#7303,3.00000000);
#7305 = LINE('',#7302,#7304);
#7306 = EDGE_CURVE('',#7286,#7280,#7305,.T.);
#7307 = ORIENTED_EDGE('',*,*,#7291,.T.);
#7308 = ORIENTED_EDGE('',*,*,#7296,.T.);
#7309 = ORIENTED_EDGE('',*,*,#7301,.T.);
#7310 = ORIENTED_EDGE('',*,*,#7306,.T.);
#7311 = EDGE_LOOP('',(#7307,#7308,#7309,#7310));
#7312 = FACE_OUTER_BOUND('',#7311,.T.);
#7313 = CARTESIAN_POINT('',(154.59909986,6.93749458,0.00000000));
#7314 = DIRECTION('',(0.25881906,-0.96592582,0.00000000));
#7315 = DIRECTION('',(0.96592582,0.25881906,0.00000000));
#7316 = AXIS2_PLACEMENT_3D('',#7313,#7314,#7315);
#7317 = PLANE('',#7316);
#7318 = ADVANCED_FACE('',(#7312),#7317,.T.);
#7319 = CARTESIAN_POINT('',(154.62899649,6.94550536,0.00000000));
#7320 = VERTEX_POINT('',#7319);
#7321 = CARTESIAN_POINT('',(154.65704787,6.95858593,0.00000000));
#7322 = VERTEX_POINT('',#7321);
#7323 = CARTESIAN_POINT('',(154.65704787,6.95858593,3.00000000));
#7324 = VERTEX_POINT('',#7323);
#7325 = CARTESIAN_POINT('',(154.62899649,6.94550536,3.00000000));
#7326 = VERTEX_POINT('',#7325);
#7327 = CARTESIAN_POINT('',(154.62899649,6.94550536,0.00000000));
#7328 = DIRECTION('',(0.90630778,0.42261827,0.00000000));
#7329 = VECTOR('',#7328,0.03095127);
#7330 = LINE('',#7327,#7329);
#7331 = EDGE_CURVE('',#7320,#7322,#7330,.T.);
#7332 = CARTESIAN_POINT('',(154.65704787,6.95858593,0.00000000));
#7333 = DIRECTION('',(0.00000000,0.00000000,1.00000000));
#7334 = VECTOR('',#7333,3.00000000);
#7335 = LINE('',#7332,#7334);
#7336 = EDGE_CURVE('',#7322,#7324,#7335,.T.);
#7337 = CARTESIAN_POINT('',(154.65704787,6.95858593,3.00000000));
#7338 = DIRECTION('',(-0.90630778,-0.42261827,0.00000000));
#7339 = VECTOR('',#7338,0.03095127);
#7340 = LINE('',#7337,#7339);
#7341 = EDGE_CURVE('',#7324,#7326,#7340,.T.);
#7342 = CARTESIAN_POINT('',(154.62899649,6.94550536,3.00000000));
#7343 = DIRECTION('',(0.00000000,0.00000000,-1.00000000));
#7344 = VECTOR('',#7343,3.00000000);
#7345 = LINE('',#7342,#7344);
#7346 = EDGE_CURVE('',#7326,#7320,#7345,.T.);
#7347 = ORIENTED_EDGE('',*,*,#7331,.T.);
#7348 = ORIENTED_EDGE('',*,*,#7336,.T.);
#7349 = ORIENTED_EDGE('',*,*,#7341,.T.);
#7350 = ORIENTED_EDGE('',*,*,#7346,.T.);
#7351 = EDGE_LOOP('',(#7347,#7348,#7349,#7350));
#7352 = FACE_OUTER_BOUND('',#7351,.T.);
#7353 = CARTESIAN_POINT('',(154.62899649,6.94550536,0.00000000));
#7354 = DIRECTION('',(0.42261827,-0.90630778,0.00000000));
#7355 = DIRECTION('',(0.90630778,0.42261827,0.00000000));
#7356 = AXIS2_PLACEMENT_3D('',#7353,#7354,#7355);
#7357 = PLANE('',#7356);
#7358 = ADVANCED_FACE('',(#7352),#7357,.T.);
#7359 = CARTESIAN_POINT('',(154.65704787,6.95858593,0.00000000));
#7360 = VERTEX_POINT('',#7359);
#7361 = CARTESIAN_POINT('',(154.68240167,6.97633885,0.00000000));
#7362 = VERTEX_POINT('',#7361);
#7363 = CARTESIAN_POINT('',(154.68240167,6.97633885,3.00000000));
#7364 = VERTEX_POINT('',#7363);
#7365 = CARTESIAN_POINT('',(154.65704787,6.95858593,3.00000000));
#7366 = VERTEX_POINT('',#7365);
#7367 = CARTESIAN_POINT('',(154.65704787,6.95858593,0.00000000));
#7368 = DIRECTION('',(0.81915204,0.57357644,0.00000000));
#7369 = VECTOR('',#7368,0.03095127);
#7370 = LINE('',#7367,#7369);
#7371 = EDGE_CURVE('',#7360,#7362,#7370,.T.);
#7372 = CARTESIAN_POINT('',(154.68240167,6.97633885,0.00000000));
#7373 = DIRECTION('',(0.00000000,0.00000000,1.00000000));
#7374 = VECTOR('',#7373,3.00000000);
#7375 = LINE('',#7372,#7374);
#7376 = EDGE_CURVE('',#7362,#7364,#7375,.T.);
#7377 = CARTESIAN_POINT('',(154.68240167,6.97633885,3.00000000));
#7378 = DIRECTION('',(-0.81915204,-0.57357644,0.00000000));
#7379 = VECTOR('',#7378,0.03095127);
#7380 = LINE('',#7377,#7379);
#7381 = EDGE_CURVE('',#7364,#7366,#7380,.T.);
#7382 = CARTESIAN_POINT('',(154.65704787,6.95858593,3.00000000));
#7383 = DIRECTION('',(0.00000000,0.00000000,-1.00000000));
#7384 = VECTOR('',#7383,3.00000000);
#7385 = LINE('',#7382,#7384);
#7386 = EDGE_CURVE('',#7366,#7360,#7385,.T.);
#7387 = ORIENTED_EDGE('',*,*,#7371,.T.);
#7388 = ORIENTED_EDGE('',*,*,#7376,.T.);
#7389 = ORIENTED_EDGE('',*,*,#7381,.T.);
#7390 = ORIENTED_EDGE('',*,*,#7386,.T.);
#7391 = EDGE_LOOP('',(#7387,#7388,#7389,#7390));
#7392 = FACE_OUTER_BOUND('',#7391,.T.);
#7393 = CARTESIAN_POINT('',(154.65704787,6.95858593,0.00000000));
#7394 = DIRECTION('',(0.57357644,-0.81915204,0.00000000));
#7395 = DIRECTION('',(0.81915204,0.57357644,0.00000000));
#7396 = AXIS2_PLACEMENT_3D('',#7393,#7394,#7395);
#7397 = PLANE('',#7396);
#7398 = ADVANCED_FACE('',(#7392),#7397,.T.);
#7399 = CARTESIAN_POINT('',(154.68240167,6.97633885,0.00000000));
#7400 = VERTEX_POINT('',#7399);
#7401 = CARTESIAN_POINT('',(154.70428752,6.99822470,0.00000000));
#7402 = VERTEX_POINT('',#7401);
#7403 = CARTESIAN_POINT('',(154.70428752,6.99822470,3.00000000));
#7404 = VERTEX_POINT('',#7403);
#7405 = CARTESIAN_POINT('',(154.68240167,6.97633885,3.00000000));
#7406 = VERTEX_POINT('',#7405);
#7407 = CARTESIAN_POINT('',(154.68240167,6.97633885,0.00000000));
#7408 = DIRECTION('',(0.70710678,0.70710678,0.00000000));
#7409 = VECTOR('',#7408,0.03095127);
#7410 = LINE('',#7407,#7409);
#7411 = EDGE_CURVE('',#7400,#7402,#7410,.T.);
#7412 = CARTESIAN_POINT('',(154.70428752,6.99822470,0.00000000));
#7413 = DIRECTION('',(0.00000000,0.00000000,1.00000000));
#7414 = VECTOR('',#7413,3.00000000);
#7415 = LINE('',#7412,#7414);
#7416 = EDGE_CURVE('',#7402,#7404,#7415,.T.);
#7417 = CARTESIAN_POINT('',(154.70428752,6.99822470,3.00000000));
#7418 = DIRECTION('',(-0.70710678,-0.70710678,0.00000000));
#7419 = VECTOR('',#7418,0.03095127);
#7420 = LINE('',#7417,#7419);
#7421 = EDGE_CURVE('',#7404,#7406,#7420,.T.);
#7422 = CARTESIAN_POINT('',(154.68240167,6.97633885,3.00000000));
#7423 = DIRECTION('',(0.00000000,0.00000000,-1.00000000));
#7424 = VECTOR('',#7423,3.00000000);
#7425 = LINE('',#7422,#7424);
#7426 = EDGE_CURVE('',#7406,#7400,#7425,.T.);
#7427 = ORIENTED_EDGE('',*,*,#7411,.T.);
#7428 = ORIENTED_EDGE('',*,*,#7416,.T.);
#7429 = ORIENTED_EDGE('',*,*,#7421,.T.);
#7430 = ORIENTED_EDGE('',*,*,#7426,.T.);
#7431 = EDGE_LOOP('',(#7427,#7428,#7429,#7430));
#7432 = FACE_OUTER_BOUND('',#7431,.T.);
#7433 = CARTESIAN_POINT('',(154.68240167,6.97633885,0.00000000));
#7434 = DIRECTION('',(0.70710678,-0.70710678,0.00000000));
#7435 = DIRECTION('',(0.70710678,0.70710678,0.00000000));
#7436 = AXIS2_PLACEMENT_3D('',#7433,#7434,#7435);
#7437 = PLANE('',#7436);
#7438 = ADVANCED_FACE('',(#7432),#7437,.T.);
#7439 = CARTESIAN_POINT('',(154.70428752,6.99822470,0.00000000));
#7440 = VERTEX_POINT('',#7439);
#7441 = CARTESIAN_POINT('',(154.72204044,7.02357850,0.00000000));
#7442 = VERTEX_POINT('',#7441);
#7443 = CARTESIAN_POINT('',(154.72204044,7.02357850,3.00000000));
#7444 = VERTEX_POINT('',#7443);
#7445 = CARTESIAN_POINT('',(154.70428752,6.99822470,3.00000000));
#7446 = VERTEX_POINT('',#7445);
#7447 = CARTESIAN_POINT('',(154.70428752,6.99822470,0.00000000));
#7448 = DIRECTION('',(0.57357644,0.81915204,0.00000000));
#7449 = VECTOR('',#7448,0.03095127);
#7450 = LINE('',#7447,#7449);
#7451 = EDGE_CURVE('',#7440,#7442,#7450,.T.);
#7452 = CARTESIAN_POINT('',(154.72204044,7.02357850,0.00000000));
#7453 = DIRECTION('',(0.00000000,0.00000000,1.00000000));
#7454 = VECTOR('',#7453,3.00000000);
#7455 = LINE('',#7452,#7454);
#7456 = EDGE_CURVE('',#7442,#7444,#7455,.T.);
#7457 = CARTESIAN_POINT('',(154.72204044,7.02357850,3.00000000));
#7458 = DIRECTION('',(-0.57357644,-0.81915204,0.00000000));
#7459 = VECTOR('',#7458,0.03095127);
#7460 = LINE('',#7457,#7459);
#7461 = EDGE_CURVE('',#7444,#7446,#7460,.T.);
#7462 = CARTESIAN_POINT('',(154.70428752,6.99822470,3.00000000));
#7463 = DIRECTION('',(0.00000000,0.00000000,-1.00000000));
#7464 = VECTOR('',#7463,3.00000000);
#7465 = LINE('',#7462,#7464);
#7466 = EDGE_CURVE('',#7446,#7440,#7465,.T.);
#7467 = ORIENTED_EDGE('',*,*,#7451,.T.);
#7468 = ORIENTED_EDGE('',*,*,#7456,.T.);
#7469 = ORIENTED_EDGE('',*,*,#7461,.T.);
#7470 = ORIENTED_EDGE('',*,*,#7466,.T.);
#7471 = EDGE_LOOP('',(#7467,#7468,#7469,#7470));
#7472 = FACE_OUTER_BOUND('',#7471,.T.);
#7473 = CARTESIAN_POINT('',(154.70428752,6.99822470,0.00000000));
#7474 = DIRECTION('',(0.81915204,-0.57357644,0.00000000));
#7475 = DIRECTION('',(0.57357644,0.81915204,0.00000000));
#7476 = AXIS2_PLACEMENT_3D('',#7473,#7474,#7475);
#7477 = PLANE('',#7476);
#7478 = ADVANCED_FACE('',(#7472),#7477,.T.);
#7479 = CARTESIAN_POINT('',(154.72204044,7.02357850,0.00000000));
#7480 = VERTEX_POINT('',#7479);
#7481 = CARTESIAN_POINT('',(154.73512101,7.05162988,0.00000000));
#7482 = VERTEX_POINT('',#7481);
#7483 = CARTESIAN_POINT('',(154.73512101,7.05162988,3.00000000));
#7484 = VERTEX_POINT('',#7483);
#7485 = CARTESIAN_POINT('',(154.72204044,7.02357850,3.00000000));
#7486 = VERTEX_POINT('',#7485);
#7487 = CARTESIAN_POINT('',(154.72204044,7.02357850,0.00000000));
#7488 = DIRECTION('',(0.42261827,0.90630778,0.00000000));
#7489 = VECTOR('',#7488,0.03095127);
#7490 = LINE('',#7487,#7489);
#7491 = EDGE_CURVE('',#7480,#7482,#7490,.T.);
#7492 = CARTESIAN_POINT('',(154.73512101,7.05162988,0.00000000));
#7493 = DIRECTION('',(0.00000000,0.00000000,1.00000000));
#7494 = VECTOR('',#7493,3.00000000);
#7495 = LINE('',#7492,#7494);
#7496 = EDGE_CURVE('',#7482,#7484,#7495,.T.);
#7497 = CARTESIAN_POINT('',(154.73512101,7.05162988,3.00000000));
#7498 = DIRECTION('',(-0.42261827,-0.90630778,0.00000000));
#7499 = VECTOR('',#7498,0.03095127);
#7500 = LINE('',#7497,#7499);
#7501 = EDGE_CURVE('',#7484,#7486,#7500,.T.);
#7502 = CARTESIAN_POINT('',(154.72204044,7.02357850,3.00000000));
#7503 = DIRECTION('',(0.00000000,0.00000000,-1.00000000));
#7504 = VECTOR('',#7503,3.00000000);
#7505 = LINE('',#7502,#7504);
#7506 = EDGE_CURVE('',#7486,#7480,#7505,.T.);
#7507 = ORIENTED_EDGE('',*,*,#7491,.T.);
#7508 = ORIENTED_EDGE('',*,*,#7496,.T.);
#7509 = ORIENTED_EDGE('',*,*,#7501,.T.);
#7510 = ORIENTED_EDGE('',*,*,#7506,.T.);
#7511 = EDGE_LOOP('',(#7507,#7508,#7509,#7510));
#7512 = FACE_OUTER_BOUND('',#7511,.T.);
#7513 = CARTESIAN_POINT('',(154.72204044,7.02357850,0.00000000));
#7514 = DIRECTION('',(0.90630778,-0.42261827,0.00000000));
#7515 = DIRECTION('',(0.42261827,0.90630778,0.00000000));
#7516 = AXIS2_PLACEMENT_3D('',#7513,#7514,#7515);
#7517 = PLANE('',#7516);
#7518 = ADVANCED_FACE('',(#7512),#7517,.T.);
#7519 = CARTESIAN_POINT('',(154.73512101,7.05162988,0.00000000));
#7520 = VERTEX_POINT('',#7519);
#7521 = CARTESIAN_POINT('',(154.74313179,7.08152651,0.00000000));
#7522 = VERTEX_POINT('',#7521);
#7523 = CARTESIAN_POINT('',(154.74313179,7.08152651,3.00000000));
#7524 = VERTEX_POINT('',#7523);
#7525 = CARTESIAN_POINT('',(154.73512101,7.05162988,3.00000000));
#7526 = VERTEX_POINT('',#7525);
#7527 = CARTESIAN_POINT('',(154.73512101,7.05162988,0.00000000));
#7528 = DIRECTION('',(0.25881906,0.96592582,0.00000000));
#7529 = VECTOR('',#7528,0.03095127);
#7530 = LINE('',#7527,#7529);
#7531 = EDGE_CURVE('',#7520,#7522,#7530,.T.);
#7532 = CARTESIAN_POINT('',(154.74313179,7.08152651,0.00000000));
#7533 = DIRECTION('',(0.00000000,0.00000000,1.00000000));
#7534 = VECTOR('',#7533,3.00000000);
#7535 = LINE('',#7532,#7534);
#7536 = EDGE_CURVE('',#7522,#7524,#7535,.T.);
#7537 = CARTESIAN_POINT('',(154.74313179,7.08152651,3.00000000));
#7538 = DIRECTION('',(-0.25881906,-0.96592582,0.00000000));
#7539 = VECTOR('',#7538,0.03095127);
#7540 = LINE('',#7537,#7539);
#7541 = EDGE_CURVE('',#7524,#7526,#7540,.T.);
#7542 = CARTESIAN_POINT('',(154.73512101,7.05162988,3.00000000));
#7543 = DIRECTION('',(0.00000000,0.00000000,-1.00000000));
#7544 = VECTOR('',#7543,3.00000000);
#7545 = LINE('',#7542,#7544);
#7546 = EDGE_CURVE('',#7526,#7520,#7545,.T.);
#7547 = ORIENTED_EDGE('',*,*,#7531,.T.);
#7548 = ORIENTED_EDGE('',*,*,#7536,.T.);
#7549 = ORIENTED_EDGE('',*,*,#7541,.T.);
#7550 = ORIENTED_EDGE('',*,*,#7546,.T.);
#7551 = EDGE_LOOP('',(#7547,#7548,#7549,#7550));
#7552 = FACE_OUTER_BOUND('',#7551,.T.);
#7553 = CARTESIAN_POINT('',(154.73512101,7.05162988,0.00000000));
#7554 = DIRECTION('',(0.96592582,-0.25881906,0.00000000));
#7555 = DIRECTION('',(0.25881906,0.96592582,0.00000000));
#7556 = AXIS2_PLACEMENT_3D('',#7553,#7554,#7555);
#7557 = PLANE('',#7556);
#7558 = ADVANCED_FACE('',(#7552),#7557,.T.);
#7559 = CARTESIAN_POINT('',(154.74313179,7.08152651,0.00000000));
#7560 = VERTEX_POINT('',#7559);
#7561 = CARTESIAN_POINT('',(154.74582937,7.11236000,0.00000000));
#7562 = VERTEX_POINT('',#7561);
#7563 = CARTESIAN_POINT('',(154.74582937,7.11236000,3.00000000));
#7564 = VERTEX_POINT('',#7563);
#7565 = CARTESIAN_POINT('',(154.74313179,7.08152651,3.00000000));
#7566 = VERTEX_POINT('',#7565);
#7567 = CARTESIAN_POINT('',(154.74313179,7.08152651,0.00000000));
#7568 = DIRECTION('',(0.08715577,0.99619470,0.00000000));
#7569 = VECTOR('',#7568,0.03095127);
#7570 = LINE('',#7567,#7569);
#7571 = EDGE_CURVE('',#7560,#7562,#7570,.T.);
#7572 = CARTESIAN_POINT('',(154.74582937,7.11236000,0.00000000));
#7573 = DIRECTION('',(0.00000000,0.00000000,1.00000000));
#7574 = VECTOR('',#7573,3.00000000);
#7575 = LINE('',#7572,#7574);
#7576 = EDGE_CURVE('',#7562,#7564,#7575,.T.);
#7577 = CARTESIAN_POINT('',(154.74582937,7.11236000,3.00000000));
#7578 = DIRECTION('',(-0.08715577,-0.99619470,0.00000000));
#7579 = VECTOR('',#7578,0.03095127);
#7580 = LINE('',#7577,#7579);
#7581 = EDGE_CURVE('',#7564,#7566,#7580,.T.);
#7582 = CARTESIAN_POINT('',(154.74313179,7.08152651,3.00000000));
#7583 = DIRECTION('',(0.00000000,0.00000000,-1.00000000));
#7584 = VECTOR('',#7583,3.00000000);
#7585 = LINE('',#7582,#7584);
#7586 = EDGE_CURVE('',#7566,#7560,#7585,.T.);
#7587 = ORIENTED_EDGE('',*,*,#7571,.T.);
#7588 = ORIENTED_EDGE('',*,*,#7576,.T.);
#7589 = ORIENTED_EDGE('',*,*,#7581,.T.);
#7590 = ORIENTED_EDGE('',*,*,#7586,.T.);
#7591 = EDGE_LOOP('',(#7587,#7588,#7589,#7590));
#7592 = FACE_OUTER_BOUND('',#7591,.T.);
#7593 = CARTESIAN_POINT('',(154.74313179,7.08152651,0.00000000));
#7594 = DIRECTION('',(0.99619470,-0.08715577,0.00000000));
#7595 = DIRECTION('',(0.08715577,0.99619470,0.00000000));
#7596 = AXIS2_PLACEMENT_3D('',#7593,#7594,#7595);
#7597 = PLANE('',#7596);
#7598 = ADVANCED_FACE('',(#7592),#7597,.T.);
#7599 = CARTESIAN_POINT('',(154.74582937,7.11236000,0.00000000));
#7600 = VERTEX_POINT('',#7599);
#7601 = CARTESIAN_POINT('',(154.74582937,67.76756000,0.00000000));
#7602 = VERTEX_POINT('',#7601);
#7603 = CARTESIAN_POINT('',(154.74582937,67.76756000,3.00000000));
#7604 = VERTEX_POINT('',#7603);
#7605 = CARTESIAN_POINT('',(154.74582937,7.11236000,3.00000000));
#7606 = VERTEX_POINT('',#7605);
#7607 = CARTESIAN_POINT('',(154.74582937,7.11236000,0.00000000));
#7608 = DIRECTION('',(0.00000000,1.00000000,0.00000000));
#7609 = VECTOR('',#7608,60.65520000);
#7610 = LINE('',#7607,#7609);
#7611 = EDGE_CURVE('',#7600,#7602,#7610,.T.);
#7612 = CARTESIAN_POINT('',(154.74582937,67.76756000,0.00000000));
#7613 = DIRECTION('',(0.00000000,0.00000000,1.00000000));
#7614 = VECTOR('',#7613,3.00000000);
#7615 = LINE('',#7612,#7614);
#7616 = EDGE_CURVE('',#7602,#7604,#7615,.T.);
#7617 = CARTESIAN_POINT('',(154.74582937,67.76756000,3.00000000));
#7618 = DIRECTION('',(-0.00000000,-1.00000000,0.00000000));
#7619 = VECTOR('',#7618,60.65520000);
#7620 = LINE('',#7617,#7619);
#7621 = EDGE_CURVE('',#7604,#7606,#7620,.T.);
#7622 = CARTESIAN_POINT('',(154.74582937,7.11236000,3.00000000));
#7623 = DIRECTION('',(0.00000000,0.00000000,-1.00000000));
#7624 = VECTOR('',#7623,3.00000000);
#7625 = LINE('',#7622,#7624);
#7626 = EDGE_CURVE('',#7606,#7600,#7625,.T.);
#7627 = ORIENTED_EDGE('',*,*,#7611,.T.);
#7628 = ORIENTED_EDGE('',*,*,#7616,.T.);
#7629 = ORIENTED_EDGE('',*,*,#7621,.T.);
#7630 = ORIENTED_EDGE('',*,*,#7626,.T.);
#7631 = EDGE_LOOP('',(#7627,#7628,#7629,#7630));
#7632 = FACE_OUTER_BOUND('',#7631,.T.);
#7633 = CARTESIAN_POINT('',(154.74582937,7.11236000,0.00000000));
#7634 = DIRECTION('',(1.00000000,-0.00000000,0.00000000));
#7635 = DIRECTION('',(0.00000000,1.00000000,0.00000000));
#7636 = AXIS2_PLACEMENT_3D('',#7633,#7634,#7635);
#7637 = PLANE('',#7636);
#7638 = ADVANCED_FACE('',(#7632),#7637,.T.);
#7639 = CARTESIAN_POINT('',(154.74582937,67.76756000,0.00000000));
#7640 = VERTEX_POINT('',#7639);
#7641 = CARTESIAN_POINT('',(146.99906637,67.76756000,0.00000000));
#7642 = VERTEX_POINT('',#7641);
#7643 = CARTESIAN_POINT('',(146.99906637,67.76756000,3.00000000));
#7644 = VERTEX_POINT('',#7643);
#7645 = CARTESIAN_POINT('',(154.74582937,67.76756000,3.00000000));
#7646 = VERTEX_POINT('',#7645);
#7647 = CARTESIAN_POINT('',(154.74582937,67.76756000,0.00000000));
#7648 = DIRECTION('',(-1.00000000,0.00000000,0.00000000));
#7649 = VECTOR('',#7648,7.74676300);
#7650 = LINE('',#7647,#7649);
#7651 = EDGE_CURVE('',#7640,#7642,#7650,.T.);
#7652 = CARTESIAN_POINT('',(146.99906637,67.76756000,0.00000000));
#7653 = DIRECTION('',(0.00000000,0.00000000,1.00000000));
#7654 = VECTOR('',#7653,3.00000000);
#7655 = LINE('',#7652,#7654);
#7656 = EDGE_CURVE('',#7642,#7644,#7655,.T.);
#7657 = CARTESIAN_POINT('',(146.99906637,67.76756000,3.00000000));
#7658 = DIRECTION('',(1.00000000,-0.00000000,0.00000000));
#7659 = VECTOR('',#7658,7.74676300);
#7660 = LINE('',#7657,#7659);
#7661 = EDGE_CURVE('',#7644,#7646,#7660,.T.);
#7662 = CARTESIAN_POINT('',(154.74582937,67.76756000,3.00000000));
#7663 = DIRECTION('',(0.00000000,0.00000000,-1.00000000));
#7664 = VECTOR('',#7663,3.00000000);
#7665 = LINE('',#7662,#7664);
#7666 = EDGE_CURVE('',#7646,#7640,#7665,.T.);
#7667 = ORIENTED_EDGE('',*,*,#7651,.T.);
#7668 = ORIENTED_EDGE('',*,*,#7656,.T.);
#7669 = ORIENTED_EDGE('',*,*,#7661,.T.);
#7670 = ORIENTED_EDGE('',*,*,#7666,.T.);
#7671 = EDGE_LOOP('',(#7667,#7668,#7669,#7670));
#7672 = FACE_OUTER_BOUND('',#7671,.T.);
#7673 = CARTESIAN_POINT('',(154.74582937,67.76756000,0.00000000));
#7674 = DIRECTION('',(0.00000000,1.00000000,0.00000000));
#7675 = DIRECTION('',(-1.00000000,0.00000000,0.00000000));
#7676 = AXIS2_PLACEMENT_3D('',#7673,#7674,#7675);
#7677 = PLANE('',#7676);
#7678 = ADVANCED_FACE('',(#7672),#7677,.T.);
#7679 = CARTESIAN_POINT('',(146.99906637,67.76756000,0.00000000));
#7680 = VERTEX_POINT('',#7679);
#7681 = CARTESIAN_POINT('',(146.41685868,67.71662363,0.00000000));
#7682 = VERTEX_POINT('',#7681);
#7683 = CARTESIAN_POINT('',(146.41685868,67.71662363,3.00000000));
#7684 = VERTEX_POINT('',#7683);
#7685 = CARTESIAN_POINT('',(146.99906637,67.76756000,3.00000000));
#7686 = VERTEX_POINT('',#7685);
#7687 = CARTESIAN_POINT('',(146.99906637,67.76756000,0.00000000));
#7688 = DIRECTION('',(-0.99619473,-0.08715540,0.00000000));
#7689 = VECTOR('',#7688,0.58443161);
#7690 = LINE('',#7687,#7689);
#7691 = EDGE_CURVE('',#7680,#7682,#7690,.T.);
#7692 = CARTESIAN_POINT('',(146.41685868,67.71662363,0.00000000));
#7693 = DIRECTION('',(0.00000000,0.00000000,1.00000000));
#7694 = VECTOR('',#7693,3.00000000);
#7695 = LINE('',#7692,#7694);
#7696 = EDGE_CURVE('',#7682,#7684,#7695,.T.);
#7697 = CARTESIAN_POINT('',(146.41685868,67.71662363,3.00000000));
#7698 = DIRECTION('',(0.99619473,0.08715540,0.00000000));
#7699 = VECTOR('',#7698,0.58443161);
#7700 = LINE('',#7697,#7699);
#7701 = EDGE_CURVE('',#7684,#7686,#7700,.T.);
#7702 = CARTESIAN_POINT('',(146.99906637,67.76756000,3.00000000));
#7703 = DIRECTION('',(0.00000000,0.00000000,-1.00000000));
#7704 = VECTOR('',#7703,3.00000000);
#7705 = LINE('',#7702,#7704);
#7706 = EDGE_CURVE('',#7686,#7680,#7705,.T.);
#7707 = ORIENTED_EDGE('',*,*,#7691,.T.);
#7708 = ORIENTED_EDGE('',*,*,#7696,.T.);
#7709 = ORIENTED_EDGE('',*,*,#7701,.T.);
#7710 = ORIENTED_EDGE('',*,*,#7706,.T.);
#7711 = EDGE_LOOP('',(#7707,#7708,#7709,#7710));
#7712 = FACE_OUTER_BOUND('',#7711,.T.);
#7713 = CARTESIAN_POINT('',(146.99906637,67.76756000,0.00000000));
#7714 = DIRECTION('',(-0.08715540,0.99619473,0.00000000));
#7715 = DIRECTION('',(-0.99619473,-0.08715540,0.00000000));
#7716 = AXIS2_PLACEMENT_3D('',#7713,#7714,#7715);
#7717 = PLANE('',#7716);
#7718 = ADVANCED_FACE('',(#7712),#7717,.T.);
#7719 = CARTESIAN_POINT('',(146.41685868,67.71662363,0.00000000));
#7720 = VERTEX_POINT('',#7719);
#7721 = CARTESIAN_POINT('',(145.85234106,67.56536175,0.00000000));
#7722 = VERTEX_POINT('',#7721);
#7723 = CARTESIAN_POINT('',(145.85234106,67.56536175,3.00000000));
#7724 = VERTEX_POINT('',#7723);
#7725 = CARTESIAN_POINT('',(146.41685868,67.71662363,3.00000000));
#7726 = VERTEX_POINT('',#7725);
#7727 = CARTESIAN_POINT('',(146.41685868,67.71662363,0.00000000));
#7728 = DIRECTION('',(-0.96592589,-0.25881879,0.00000000));
#7729 = VECTOR('',#7728,0.58443161);
#7730 = LINE('',#7727,#7729);
#7731 = EDGE_CURVE('',#7720,#7722,#7730,.T.);
#7732 = CARTESIAN_POINT('',(145.85234106,67.56536175,0.00000000));
#7733 = DIRECTION('',(0.00000000,0.00000000,1.00000000));
#7734 = VECTOR('',#7733,3.00000000);
#7735 = LINE('',#7732,#7734);
#7736 = EDGE_CURVE('',#7722,#7724,#7735,.T.);
#7737 = CARTESIAN_POINT('',(145.85234106,67.56536175,3.00000000));
#7738 = DIRECTION('',(0.96592589,0.25881879,0.00000000));
#7739 = VECTOR('',#7738,0.58443161);
#7740 = LINE('',#7737,#7739);
#7741 = EDGE_CURVE('',#7724,#7726,#7740,.T.);
#7742 = CARTESIAN_POINT('',(146.41685868,67.71662363,3.00000000));
#7743 = DIRECTION('',(0.00000000,0.00000000,-1.00000000));
#7744 = VECTOR('',#7743,3.00000000);
#7745 = LINE('',#7742,#7744);
#7746 = EDGE_CURVE('',#7726,#7720,#7745,.T.);
#7747 = ORIENTED_EDGE('',*,*,#7731,.T.);
#7748 = ORIENTED_EDGE('',*,*,#7736,.T.);
#7749 = ORIENTED_EDGE('',*,*,#7741,.T.);
#7750 = ORIENTED_EDGE('',*,*,#7746,.T.);
#7751 = EDGE_LOOP('',(#7747,#7748,#7749,#7750));
#7752 = FACE_OUTER_BOUND('',#7751,.T.);
#7753 = CARTESIAN_POINT('',(146.41685868,67.71662363,0.00000000));
#7754 = DIRECTION('',(-0.25881879,0.96592589,0.00000000));
#7755 = DIRECTION('',(-0.96592589,-0.25881879,0.00000000));
#7756 = AXIS2_PLACEMENT_3D('',#7753,#7754,#7755);
#7757 = PLANE('',#7756);
#7758 = ADVANCED_FACE('',(#7752),#7757,.T.);
#7759 = CARTESIAN_POINT('',(145.85234106,67.56536175,0.00000000));
#7760 = VERTEX_POINT('',#7759);
#7761 = CARTESIAN_POINT('',(145.32266609,67.31837037,0.00000000));
#7762 = VERTEX_POINT('',#7761);
#7763 = CARTESIAN_POINT('',(145.32266609,67.31837037,3.00000000));
#7764 = VERTEX_POINT('',#7763);
#7765 = CARTESIAN_POINT('',(145.85234106,67.56536175,3.00000000));
#7766 = VERTEX_POINT('',#7765);
#7767 = CARTESIAN_POINT('',(145.85234106,67.56536175,0.00000000));
#7768 = DIRECTION('',(-0.90630786,-0.42261810,0.00000000));
#7769 = VECTOR('',#7768,0.58443161);
#7770 = LINE('',#7767,#7769);
#7771 = EDGE_CURVE('',#7760,#7762,#7770,.T.);
#7772 = CARTESIAN_POINT('',(145.32266609,67.31837037,0.00000000));
#7773 = DIRECTION('',(0.00000000,0.00000000,1.00000000));
#7774 = VECTOR('',#7773,3.00000000);
#7775 = LINE('',#7772,#7774);
#7776 = EDGE_CURVE('',#7762,#7764,#7775,.T.);
#7777 = CARTESIAN_POINT('',(145.32266609,67.31837037,3.00000000));
#7778 = DIRECTION('',(0.90630786,0.42261810,0.00000000));
#7779 = VECTOR('',#7778,0.58443161);
#7780 = LINE('',#7777,#7779);
#7781 = EDGE_CURVE('',#7764,#7766,#7780,.T.);
#7782 = CARTESIAN_POINT('',(145.85234106,67.56536175,3.00000000));
#7783 = DIRECTION('',(0.00000000,0.00000000,-1.00000000));
#7784 = VECTOR('',#7783,3.00000000);
#7785 = LINE('',#7782,#7784);
#7786 = EDGE_CURVE('',#7766,#7760,#7785,.T.);
#7787 = ORIENTED_EDGE('',*,*,#7771,.T.);
#7788 = ORIENTED_EDGE('',*,*,#7776,.T.);
#7789 = ORIENTED_EDGE('',*,*,#7781,.T.);
#7790 = ORIENTED_EDGE('',*,*,#7786,.T.);
#7791 = EDGE_LOOP('',(#7787,#7788,#7789,#7790));
#7792 = FACE_OUTER_BOUND('',#7791,.T.);
#7793 = CARTESIAN_POINT('',(145.85234106,67.56536175,0.00000000));
#7794 = DIRECTION('',(-0.42261810,0.90630786,0.00000000));
#7795 = DIRECTION('',(-0.90630786,-0.42261810,0.00000000));
#7796 = AXIS2_PLACEMENT_3D('',#7793,#7794,#7795);
#7797 = PLANE('',#7796);
#7798 = ADVANCED_FACE('',(#7792),#7797,.T.);
#7799 = CARTESIAN_POINT('',(145.32266609,67.31837037,0.00000000));
#7800 = VERTEX_POINT('',#7799);
#7801 = CARTESIAN_POINT('',(144.84392772,66.98315421,0.00000000));
#7802 = VERTEX_POINT('',#7801);
#7803 = CARTESIAN_POINT('',(144.84392772,66.98315421,3.00000000));
#7804 = VERTEX_POINT('',#7803);
#7805 = CARTESIAN_POINT('',(145.32266609,67.31837037,3.00000000));
#7806 = VERTEX_POINT('',#7805);
#7807 = CARTESIAN_POINT('',(145.32266609,67.31837037,0.00000000));
#7808 = DIRECTION('',(-0.81915209,-0.57357637,0.00000000));
#7809 = VECTOR('',#7808,0.58443161);
#7810 = LINE('',#7807,#7809);
#7811 = EDGE_CURVE('',#7800,#7802,#7810,.T.);
#7812 = CARTESIAN_POINT('',(144.84392772,66.98315421,0.00000000));
#7813 = DIRECTION('',(0.00000000,0.00000000,1.00000000));
#7814 = VECTOR('',#7813,3.00000000);
#7815 = LINE('',#7812,#7814);
#7816 = EDGE_CURVE('',#7802,#7804,#7815,.T.);
#7817 = CARTESIAN_POINT('',(144.84392772,66.98315421,3.00000000));
#7818 = DIRECTION('',(0.81915209,0.57357637,0.00000000));
#7819 = VECTOR('',#7818,0.58443161);
#7820 = LINE('',#7817,#7819);
#7821 = EDGE_CURVE('',#7804,#7806,#7820,.T.);
#7822 = CARTESIAN_POINT('',(145.32266609,67.31837037,3.00000000));
#7823 = DIRECTION('',(0.00000000,0.00000000,-1.00000000));
#7824 = VECTOR('',#7823,3.00000000);
#7825 = LINE('',#7822,#7824);
#7826 = EDGE_CURVE('',#7806,#7800,#7825,.T.);
#7827 = ORIENTED_EDGE('',*,*,#7811,.T.);
#7828 = ORIENTED_EDGE('',*,*,#7816,.T.);
#7829 = ORIENTED_EDGE('',*,*,#7821,.T.);
#7830 = ORIENTED_EDGE('',*,*,#7826,.T.);
#7831 = EDGE_LOOP('',(#7827,#7828,#7829,#7830));
#7832 = FACE_OUTER_BOUND('',#7831,.T.);
#7833 = CARTESIAN_POINT('',(145.32266609,67.31837037,0.00000000));
#7834 = DIRECTION('',(-0.57357637,0.81915209,0.00000000));
#7835 = DIRECTION('',(-0.81915209,-0.57357637,0.00000000));
#7836 = AXIS2_PLACEMENT_3D('',#7833,#7834,#7835);
#7837 = PLANE('',#7836);
#7838 = ADVANCED_FACE('',(#7832),#7837,.T.);
#7839 = CARTESIAN_POINT('',(144.84392772,66.98315421,0.00000000));
#7840 = VERTEX_POINT('',#7839);
#7841 = CARTESIAN_POINT('',(144.43067216,66.56989865,0.00000000));
#7842 = VERTEX_POINT('',#7841);
#7843 = CARTESIAN_POINT('',(144.43067216,66.56989865,3.00000000));
#7844 = VERTEX_POINT('',#7843);
#7845 = CARTESIAN_POINT('',(144.84392772,66.98315421,3.00000000));
#7846 = VERTEX_POINT('',#7845);
#7847 = CARTESIAN_POINT('',(144.84392772,66.98315421,0.00000000));
#7848 = DIRECTION('',(-0.70710678,-0.70710678,0.00000000));
#7849 = VECTOR('',#7848,0.58443161);
#7850 = LINE('',#7847,#7849);
#7851 = EDGE_CURVE('',#7840,#7842,#7850,.T.);
#7852 = CARTESIAN_POINT('',(144.43067216,66.56989865,0.00000000));
#7853 = DIRECTION('',(0.00000000,0.00000000,1.00000000));
#7854 = VECTOR('',#7853,3.00000000);
#7855 = LINE('',#7852,#7854);
#7856 = EDGE_CURVE('',#7842,#7844,#7855,.T.);
#7857 = CARTESIAN_POINT('',(144.43067216,66.56989865,3.00000000));
#7858 = DIRECTION('',(0.70710678,0.70710678,0.00000000));
#7859 = VECTOR('',#7858,0.58443161);
#7860 = LINE('',#7857,#7859);
#7861 = EDGE_CURVE('',#7844,#7846,#7860,.T.);
#7862 = CARTESIAN_POINT('',(144.84392772,66.98315421,3.00000000));
#7863 = DIRECTION('',(0.00000000,0.00000000,-1.00000000));
#7864 = VECTOR('',#7863,3.00000000);
#7865 = LINE('',#7862,#7864);
#7866 = EDGE_CURVE('',#7846,#7840,#7865,.T.);
#7867 = ORIENTED_EDGE('',*,*,#7851,.T.);
#7868 = ORIENTED_EDGE('',*,*,#7856,.T.);
#7869 = ORIENTED_EDGE('',*,*,#7861,.T.);
#7870 = ORIENTED_EDGE('',*,*,#7866,.T.);
#7871 = EDGE_LOOP('',(#7867,#7868,#7869,#7870));
#7872 = FACE_OUTER_BOUND('',#7871,.T.);
#7873 = CARTESIAN_POINT('',(144.84392772,66.98315421,0.00000000));
#7874 = DIRECTION('',(-0.70710678,0.70710678,0.00000000));
#7875 = DIRECTION('',(-0.70710678,-0.70710678,0.00000000));
#7876 = AXIS2_PLACEMENT_3D('',#7873,#7874,#7875);
#7877 = PLANE('',#7876);
#7878 = ADVANCED_FACE('',(#7872),#7877,.T.);
#7879 = CARTESIAN_POINT('',(144.43067216,66.56989865,0.00000000));
#7880 = VERTEX_POINT('',#7879);
#7881 = CARTESIAN_POINT('',(144.09545600,66.09116028,0.00000000));
#7882 = VERTEX_POINT('',#7881);
#7883 = CARTESIAN_POINT('',(144.09545600,66.09116028,3.00000000));
#7884 = VERTEX_POINT('',#7883);
#7885 = CARTESIAN_POINT('',(144.43067216,66.56989865,3.00000000));
#7886 = VERTEX_POINT('',#7885);
#7887 = CARTESIAN_POINT('',(144.43067216,66.56989865,0.00000000));
#7888 = DIRECTION('',(-0.57357637,-0.81915209,0.00000000));
#7889 = VECTOR('',#7888,0.58443161);
#7890 = LINE('',#7887,#7889);
#7891 = EDGE_CURVE('',#7880,#7882,#7890,.T.);
#7892 = CARTESIAN_POINT('',(144.09545600,66.09116028,0.00000000));
#7893 = DIRECTION('',(0.00000000,0.00000000,1.00000000));
#7894 = VECTOR('',#7893,3.00000000);
#7895 = LINE('',#7892,#7894);
#7896 = EDGE_CURVE('',#7882,#7884,#7895,.T.);
#7897 = CARTESIAN_POINT('',(144.09545600,66.09116028,3.00000000));
#7898 = DIRECTION('',(0.57357637,0.81915209,0.00000000));
#7899 = VECTOR('',#7898,0.58443161);
#7900 = LINE('',#7897,#7899);
#7901 = EDGE_CURVE('',#7884,#7886,#7900,.T.);
#7902 = CARTESIAN_POINT('',(144.43067216,66.56989865,3.00000000));
#7903 = DIRECTION('',(0.00000000,0.00000000,-1.00000000));
#7904 = VECTOR('',#7903,3.00000000);
#7905 = LINE('',#7902,#7904);
#7906 = EDGE_CURVE('',#7886,#7880,#7905,.T.);
#7907 = ORIENTED_EDGE('',*,*,#7891,.T.);
#7908 = ORIENTED_EDGE('',*,*,#7896,.T.);
#7909 = ORIENTED_EDGE('',*,*,#7901,.T.);
#7910 = ORIENTED_EDGE('',*,*,#7906,.T.);
#7911 = EDGE_LOOP('',(#7907,#7908,#7909,#7910));
#7912 = FACE_OUTER_BOUND('',#7911,.T.);
#7913 = CARTESIAN_POINT('',(144.43067216,66.56989865,0.00000000));
#7914 = DIRECTION('',(-0.81915209,0.57357637,0.00000000));
#7915 = DIRECTION('',(-0.57357637,-0.81915209,0.00000000));
#7916 = AXIS2_PLACEMENT_3D('',#7913,#7914,#7915);
#7917 = PLANE('',#7916);
#7918 = ADVANCED_FACE('',(#7912),#7917,.T.);
#7919 = CARTESIAN_POINT('',(144.09545600,66.09116028,0.00000000));
#7920 = VERTEX_POINT('',#7919);
#7921 = CARTESIAN_POINT('',(143.84846462,65.56148531,0.00000000));
#7922 = VERTEX_POINT('',#7921);
#7923 = CARTESIAN_POINT('',(143.84846462,65.56148531,3.00000000));
#7924 = VERTEX_POINT('',#7923);
#7925 = CARTESIAN_POINT('',(144.09545600,66.09116028,3.00000000));
#7926 = VERTEX_POINT('',#7925);
#7927 = CARTESIAN_POINT('',(144.09545600,66.09116028,0.00000000));
#7928 = DIRECTION('',(-0.42261810,-0.90630786,0.00000000));
#7929 = VECTOR('',#7928,0.58443161);
#7930 = LINE('',#7927,#7929);
#7931 = EDGE_CURVE('',#7920,#7922,#7930,.T.);
#7932 = CARTESIAN_POINT('',(143.84846462,65.56148531,0.00000000));
#7933 = DIRECTION('',(0.00000000,0.00000000,1.00000000));
#7934 = VECTOR('',#7933,3.00000000);
#7935 = LINE('',#7932,#7934);
#7936 = EDGE_CURVE('',#7922,#7924,#7935,.T.);
#7937 = CARTESIAN_POINT('',(143.84846462,65.56148531,3.00000000));
#7938 = DIRECTION('',(0.42261810,0.90630786,0.00000000));
#7939 = VECTOR('',#7938,0.58443161);
#7940 = LINE('',#7937,#7939);
#7941 = EDGE_CURVE('',#7924,#7926,#7940,.T.);
#7942 = CARTESIAN_POINT('',(144.09545600,66.09116028,3.00000000));
#7943 = DIRECTION('',(0.00000000,0.00000000,-1.00000000));
#7944 = VECTOR('',#7943,3.00000000);
#7945 = LINE('',#7942,#7944);
#7946 = EDGE_CURVE('',#7926,#7920,#7945,.T.);
#7947 = ORIENTED_EDGE('',*,*,#7931,.T.);
#7948 = ORIENTED_EDGE('',*,*,#7936,.T.);
#7949 = ORIENTED_EDGE('',*,*,#7941,.T.);
#7950 = ORIENTED_EDGE('',*,*,#7946,.T.);
#7951 = EDGE_LOOP('',(#7947,#7948,#7949,#7950));
#7952 = FACE_OUTER_BOUND('',#7951,.T.);
#7953 = CARTESIAN_POINT('',(144.09545600,66.09116028,0.00000000));
#7954 = DIRECTION('',(-0.90630786,0.42261810,0.00000000));
#7955 = DIRECTION('',(-0.42261810,-0.90630786,0.00000000));
#7956 = AXIS2_PLACEMENT_3D('',#7953,#7954,#7955);
#7957 = PLANE('',#7956);
#7958 = ADVANCED_FACE('',(#7952),#7957,.T.);
#7959 = CARTESIAN_POINT('',(143.84846462,65.56148531,0.00000000));
#7960 = VERTEX_POINT('',#7959);
#7961 = CARTESIAN_POINT('',(143.69720274,64.99696769,0.00000000));
#7962 = VERTEX_POINT('',#7961);
#7963 = CARTESIAN_POINT('',(143.69720274,64.99696769,3.00000000));
#7964 = VERTEX_POINT('',#7963);
#7965 = CARTESIAN_POINT('',(143.84846462,65.56148531,3.00000000));
#7966 = VERTEX_POINT('',#7965);
#7967 = CARTESIAN_POINT('',(143.84846462,65.56148531,0.00000000));
#7968 = DIRECTION('',(-0.25881879,-0.96592589,0.00000000));
#7969 = VECTOR('',#7968,0.58443161);
#7970 = LINE('',#7967,#7969);
#7971 = EDGE_CURVE('',#7960,#7962,#7970,.T.);
#7972 = CARTESIAN_POINT('',(143.69720274,64.99696769,0.00000000));
#7973 = DIRECTION('',(0.00000000,0.00000000,1.00000000));
#7974 = VECTOR('',#7973,3.00000000);
#7975 = LINE('',#7972,#7974);
#7976 = EDGE_CURVE('',#7962,#7964,#7975,.T.);
#7977 = CARTESIAN_POINT('',(143.69720274,64.99696769,3.00000000));
#7978 = DIRECTION('',(0.25881879,0.96592589,0.00000000));
#7979 = VECTOR('',#7978,0.58443161);
#7980 = LINE('',#7977,#7979);
#7981 = EDGE_CURVE('',#7964,#7966,#7980,.T.);
#7982 = CARTESIAN_POINT('',(143.84846462,65.56148531,3.00000000));
#7983 = DIRECTION('',(0.00000000,0.00000000,-1.00000000));
#7984 = VECTOR('',#7983,3.00000000);
#7985 = LINE('',#7982,#7984);
#7986 = EDGE_CURVE('',#7966,#7960,#7985,.T.);
#7987 = ORIENTED_EDGE('',*,*,#7971,.T.);
#7988 = ORIENTED_EDGE('',*,*,#7976,.T.);
#7989 = ORIENTED_EDGE('',*,*,#7981,.T.);
#7990 = ORIENTED_EDGE('',*,*,#7986,.T.);
#7991 = EDGE_LOOP('',(#7987,#7988,#7989,#7990));
#7992 = FACE_OUTER_BOUND('',#7991,.T.);
#7993 = CARTESIAN_POINT('',(143.84846462,65.56148531,0.00000000));
#7994 = DIRECTION('',(-0.96592589,0.25881879,0.00000000));
#7995 = DIRECTION('',(-0.25881879,-0.96592589,0.00000000));
#7996 = AXIS2_PLACEMENT_3D('',#7993,#7994,#7995);
#7997 = PLANE('',#7996);
#7998 = ADVANCED_FACE('',(#7992),#7997,.T.);
#7999 = CARTESIAN_POINT('',(143.69720274,64.99696769,0.00000000));
#8000 = VERTEX_POINT('',#7999);
#8001 = CARTESIAN_POINT('',(143.64626637,64.41476000,0.00000000));
#8002 = VERTEX_POINT('',#8001);
#8003 = CARTESIAN_POINT('',(143.64626637,64.41476000,3.00000000));
#8004 = VERTEX_POINT('',#8003);
#8005 = CARTESIAN_POINT('',(143.69720274,64.99696769,3.00000000));
#8006 = VERTEX_POINT('',#8005);
#8007 = CARTESIAN_POINT('',(143.69720274,64.99696769,0.00000000));
#8008 = DIRECTION('',(-0.08715540,-0.99619473,0.00000000));
#8009 = VECTOR('',#8008,0.58443161);
#8010 = LINE('',#8007,#8009);
#8011 = EDGE_CURVE('',#8000,#8002,#8010,.T.);
#8012 = CARTESIAN_POINT('',(143.64626637,64.41476000,0.00000000));
#8013 = DIRECTION('',(0.00000000,0.00000000,1.00000000));
#8014 = VECTOR('',#8013,3.00000000);
#8015 = LINE('',#8012,#8014);
#8016 = EDGE_CURVE('',#8002,#8004,#8015,.T.);
#8017 = CARTESIAN_POINT('',(143.64626637,64.41476000,3.00000000));
#8018 = DIRECTION('',(0.08715540,0.99619473,0.00000000));
#8019 = VECTOR('',#8018,0.58443161);
#8020 = LINE('',#8017,#8019);
#8021 = EDGE_CURVE('',#8004,#8006,#8020,.T.);
#8022 = CARTESIAN_POINT('',(143.69720274,64.99696769,3.00000000));
#8023 = DIRECTION('',(0.00000000,0.00000000,-1.00000000));
#8024 = VECTOR('',#8023,3.00000000);
#8025 = LINE('',#8022,#8024);
#8026 = EDGE_CURVE('',#8006,#8000,#8025,.T.);
#8027 = ORIENTED_EDGE('',*,*,#8011,.T.);
#8028 = ORIENTED_EDGE('',*,*,#8016,.T.);
#8029 = ORIENTED_EDGE('',*,*,#8021,.T.);
#8030 = ORIENTED_EDGE('',*,*,#8026,.T.);
#8031 = EDGE_LOOP('',(#8027,#8028,#8029,#8030));
#8032 = FACE_OUTER_BOUND('',#8031,.T.);
#8033 = CARTESIAN_POINT('',(143.69720274,64.99696769,0.00000000));
#8034 = DIRECTION('',(-0.99619473,0.08715540,0.00000000));
#8035 = DIRECTION('',(-0.08715540,-0.99619473,0.00000000));
#8036 = AXIS2_PLACEMENT_3D('',#8033,#8034,#8035);
#8037 = PLANE('',#8036);
#8038 = ADVANCED_FACE('',(#8032),#8037,.T.);
#8039 = CARTESIAN_POINT('',(143.64626637,64.41476000,0.00000000));
#8040 = VERTEX_POINT('',#8039);
#8041 = CARTESIAN_POINT('',(143.64125007,64.35742130,0.00000000));
#8042 = VERTEX_POINT('',#8041);
#8043 = CARTESIAN_POINT('',(143.64125007,64.35742130,3.00000000));
#8044 = VERTEX_POINT('',#8043);
#8045 = CARTESIAN_POINT('',(143.64626637,64.41476000,3.00000000));
#8046 = VERTEX_POINT('',#8045);
#8047 = CARTESIAN_POINT('',(143.64626637,64.41476000,0.00000000));
#8048 = DIRECTION('',(-0.08715262,-0.99619497,0.00000000));
#8049 = VECTOR('',#8048,0.05755771);
#8050 = LINE('',#8047,#8049);
#8051 = EDGE_CURVE('',#8040,#8042,#8050,.T.);
#8052 = CARTESIAN_POINT('',(143.64125007,64.35742130,0.00000000));
#8053 = DIRECTION('',(0.00000000,0.00000000,1.00000000));
#8054 = VECTOR('',#8053,3.00000000);
#8055 = LINE('',#8052,#8054);
#8056 = EDGE_CURVE('',#8042,#8044,#8055,.T.);
#8057 = CARTESIAN_POINT('',(143.64125007,64.35742130,3.00000000));
#8058 = DIRECTION('',(0.08715262,0.99619497,0.00000000));
#8059 = VECTOR('',#8058,0.05755771);
#8060 = LINE('',#8057,#8059);
#8061 = EDGE_CURVE('',#8044,#8046,#8060,.T.);
#8062 = CARTESIAN_POINT('',(143.64626637,64.41476000,3.00000000));
#8063 = DIRECTION('',(0.00000000,0.00000000,-1.00000000));
#8064 = VECTOR('',#8063,3.00000000);
#8065 = LINE('',#8062,#8064);
#8066 = EDGE_CURVE('',#8046,#8040,#8065,.T.);
#8067 = ORIENTED_EDGE('',*,*,#8051,.T.);
#8068 = ORIENTED_EDGE('',*,*,#8056,.T.);
#8069 = ORIENTED_EDGE('',*,*,#8061,.T.);
#8070 = ORIENTED_EDGE('',*,*,#8066,.T.);
#8071 = EDGE_LOOP('',(#8067,#8068,#8069,#8070));
#8072 = FACE_OUTER_BOUND('',#8071,.T.);
#8073 = CARTESIAN_POINT('',(143.64626637,64.41476000,0.00000000));
#8074 = DIRECTION('',(-0.99619497,0.08715262,0.00000000));
#8075 = DIRECTION('',(-0.08715262,-0.99619497,0.00000000));
#8076 = AXIS2_PLACEMENT_3D('',#8073,#8074,#8075);
#8077 = PLANE('',#8076);
#8078 = ADVANCED_FACE('',(#8072),#8077,.T.);
#8079 = CARTESIAN_POINT('',(143.64125007,64.35742130,0.00000000));
#8080 = VERTEX_POINT('',#8079);
#8081 = CARTESIAN_POINT('',(143.62635317,64.30182479,0.00000000));
#8082 = VERTEX_POINT('',#8081);
#8083 = CARTESIAN_POINT('',(143.62635317,64.30182479,3.00000000));
#8084 = VERTEX_POINT('',#8083);
#8085 = CARTESIAN_POINT('',(143.64125007,64.35742130,3.00000000));
#8086 = VERTEX_POINT('',#8085);
#8087 = CARTESIAN_POINT('',(143.64125007,64.35742130,0.00000000));
#8088 = DIRECTION('',(-0.25881678,-0.96592643,0.00000000));
#8089 = VECTOR('',#8088,0.05755771);
#8090 = LINE('',#8087,#8089);
#8091 = EDGE_CURVE('',#8080,#8082,#8090,.T.);
#8092 = CARTESIAN_POINT('',(143.62635317,64.30182479,0.00000000));
#8093 = DIRECTION('',(0.00000000,0.00000000,1.00000000));
#8094 = VECTOR('',#8093,3.00000000);
#8095 = LINE('',#8092,#8094);
#8096 = EDGE_CURVE('',#8082,#8084,#8095,.T.);
#8097 = CARTESIAN_POINT('',(143.62635317,64.30182479,3.00000000));
#8098 = DIRECTION('',(0.25881678,0.96592643,0.00000000));
#8099 = VECTOR('',#8098,0.05755771);
#8100 = LINE('',#8097,#8099);
#8101 = EDGE_CURVE('',#8084,#8086,#8100,.T.);
#8102 = CARTESIAN_POINT('',(143.64125007,64.35742130,3.00000000));
#8103 = DIRECTION('',(0.00000000,0.00000000,-1.00000000));
#8104 = VECTOR('',#8103,3.00000000);
#8105 = LINE('',#8102,#8104);
#8106 = EDGE_CURVE('',#8086,#8080,#8105,.T.);
#8107 = ORIENTED_EDGE('',*,*,#8091,.T.);
#8108 = ORIENTED_EDGE('',*,*,#8096,.T.);
#8109 = ORIENTED_EDGE('',*,*,#8101,.T.);
#8110 = ORIENTED_EDGE('',*,*,#8106,.T.);
#8111 = EDGE_LOOP('',(#8107,#8108,#8109,#8110));
#8112 = FACE_OUTER_BOUND('',#8111,.T.);
#8113 = CARTESIAN_POINT('',(143.64125007,64.35742130,0.00000000));
#8114 = DIRECTION('',(-0.96592643,0.25881678,0.00000000));
#8115 = DIRECTION('',(-0.25881678,-0.96592643,0.00000000));
#8116 = AXIS2_PLACEMENT_3D('',#8113,#8114,#8115);
#8117 = PLANE('',#8116);
#8118 = ADVANCED_FACE('',(#8112),#8117,.T.);
#8119 = CARTESIAN_POINT('',(143.62635317,64.30182479,0.00000000));
#8120 = VERTEX_POINT('',#8119);
#8121 = CARTESIAN_POINT('',(143.60202831,64.24965975,0.00000000));
#8122 = VERTEX_POINT('',#8121);
#8123 = CARTESIAN_POINT('',(143.60202831,64.24965975,3.00000000));
#8124 = VERTEX_POINT('',#8123);
#8125 = CARTESIAN_POINT('',(143.62635317,64.30182479,3.00000000));
#8126 = VERTEX_POINT('',#8125);
#8127 = CARTESIAN_POINT('',(143.62635317,64.30182479,0.00000000));
#8128 = DIRECTION('',(-0.42261684,-0.90630845,0.00000000));
#8129 = VECTOR('',#8128,0.05755771);
#8130 = LINE('',#8127,#8129);
#8131 = EDGE_CURVE('',#8120,#8122,#8130,.T.);
#8132 = CARTESIAN_POINT('',(143.60202831,64.24965975,0.00000000));
#8133 = DIRECTION('',(0.00000000,0.00000000,1.00000000));
#8134 = VECTOR('',#8133,3.00000000);
#8135 = LINE('',#8132,#8134);
#8136 = EDGE_CURVE('',#8122,#8124,#8135,.T.);
#8137 = CARTESIAN_POINT('',(143.60202831,64.24965975,3.00000000));
#8138 = DIRECTION('',(0.42261684,0.90630845,0.00000000));
#8139 = VECTOR('',#8138,0.05755771);
#8140 = LINE('',#8137,#8139);
#8141 = EDGE_CURVE('',#8124,#8126,#8140,.T.);
#8142 = CARTESIAN_POINT('',(143.62635317,64.30182479,3.00000000));
#8143 = DIRECTION('',(0.00000000,0.00000000,-1.00000000));
#8144 = VECTOR('',#8143,3.00000000);
#8145 = LINE('',#8142,#8144);
#8146 = EDGE_CURVE('',#8126,#8120,#8145,.T.);
#8147 = ORIENTED_EDGE('',*,*,#8131,.T.);
#8148 = ORIENTED_EDGE('',*,*,#8136,.T.);
#8149 = ORIENTED_EDGE('',*,*,#8141,.T.);
#8150 = ORIENTED_EDGE('',*,*,#8146,.T.);
#8151 = EDGE_LOOP('',(#8147,#8148,#8149,#8150));
#8152 = FACE_OUTER_BOUND('',#8151,.T.);
#8153 = CARTESIAN_POINT('',(143.62635317,64.30182479,0.00000000));
#8154 = DIRECTION('',(-0.90630845,0.42261684,0.00000000));
#8155 = DIRECTION('',(-0.42261684,-0.90630845,0.00000000));
#8156 = AXIS2_PLACEMENT_3D('',#8153,#8154,#8155);
#8157 = PLANE('',#8156);
#8158 = ADVANCED_FACE('',(#8152),#8157,.T.);
#8159 = CARTESIAN_POINT('',(143.60202831,64.24965975,0.00000000));
#8160 = VERTEX_POINT('',#8159);
#8161 = CARTESIAN_POINT('',(143.56901460,64.20251121,0.00000000));
#8162 = VERTEX_POINT('',#8161);
#8163 = CARTESIAN_POINT('',(143.56901460,64.20251121,3.00000000));
#8164 = VERTEX_POINT('',#8163);
#8165 = CARTESIAN_POINT('',(143.60202831,64.24965975,3.00000000));
#8166 = VERTEX_POINT('',#8165);
#8167 = CARTESIAN_POINT('',(143.60202831,64.24965975,0.00000000));
#8168 = DIRECTION('',(-0.57357580,-0.81915249,0.00000000));
#8169 = VECTOR('',#8168,0.05755771);
#8170 = LINE('',#8167,#8169);
#8171 = EDGE_CURVE('',#8160,#8162,#8170,.T.);
#8172 = CARTESIAN_POINT('',(143.56901460,64.20251121,0.00000000));
#8173 = DIRECTION('',(0.00000000,0.00000000,1.00000000));
#8174 = VECTOR('',#8173,3.00000000);
#8175 = LINE('',#8172,#8174);
#8176 = EDGE_CURVE('',#8162,#8164,#8175,.T.);
#8177 = CARTESIAN_POINT('',(143.56901460,64.20251121,3.00000000));
#8178 = DIRECTION('',(0.57357580,0.81915249,0.00000000));
#8179 = VECTOR('',#8178,0.05755771);
#8180 = LINE('',#8177,#8179);
#8181 = EDGE_CURVE('',#8164,#8166,#8180,.T.);
#8182 = CARTESIAN_POINT('',(143.60202831,64.24965975,3.00000000));
#8183 = DIRECTION('',(0.00000000,0.00000000,-1.00000000));
#8184 = VECTOR('',#8183,3.00000000);
#8185 = LINE('',#8182,#8184);
#8186 = EDGE_CURVE('',#8166,#8160,#8185,.T.);
#8187 = ORIENTED_EDGE('',*,*,#8171,.T.);
#8188 = ORIENTED_EDGE('',*,*,#8176,.T.);
#8189 = ORIENTED_EDGE('',*,*,#8181,.T.);
#8190 = ORIENTED_EDGE('',*,*,#8186,.T.);
#8191 = EDGE_LOOP('',(#8187,#8188,#8189,#8190));
#8192 = FACE_OUTER_BOUND('',#8191,.T.);
#8193 = CARTESIAN_POINT('',(143.60202831,64.24965975,0.00000000));
#8194 = DIRECTION('',(-0.81915249,0.57357580,0.00000000));
#8195 = DIRECTION('',(-0.57357580,-0.81915249,0.00000000));
#8196 = AXIS2_PLACEMENT_3D('',#8193,#8194,#8195);
#8197 = PLANE('',#8196);
#8198 = ADVANCED_FACE('',(#8192),#8197,.T.);
#8199 = CARTESIAN_POINT('',(143.56901460,64.20251121,0.00000000));
#8200 = VERTEX_POINT('',#8199);
#8201 = CARTESIAN_POINT('',(143.52831516,64.16181177,0.00000000));
#8202 = VERTEX_POINT('',#8201);
#8203 = CARTESIAN_POINT('',(143.52831516,64.16181177,3.00000000));
#8204 = VERTEX_POINT('',#8203);
#8205 = CARTESIAN_POINT('',(143.56901460,64.20251121,3.00000000));
#8206 = VERTEX_POINT('',#8205);
#8207 = CARTESIAN_POINT('',(143.56901460,64.20251121,0.00000000));
#8208 = DIRECTION('',(-0.70710678,-0.70710678,0.00000000));
#8209 = VECTOR('',#8208,0.05755771);
#8210 = LINE('',#8207,#8209);
#8211 = EDGE_CURVE('',#8200,#8202,#8210,.T.);
#8212 = CARTESIAN_POINT('',(143.52831516,64.16181177,0.00000000));
#8213 = DIRECTION('',(0.00000000,0.00000000,1.00000000));
#8214 = VECTOR('',#8213,3.00000000);
#8215 = LINE('',#8212,#8214);
#8216 = EDGE_CURVE('',#8202,#8204,#8215,.T.);
#8217 = CARTESIAN_POINT('',(143.52831516,64.16181177,3.00000000));
#8218 = DIRECTION('',(0.70710678,0.70710678,0.00000000));
#8219 = VECTOR('',#8218,0.05755771);
#8220 = LINE('',#8217,#8219);
#8221 = EDGE_CURVE('',#8204,#8206,#8220,.T.);
#8222 = CARTESIAN_POINT('',(143.56901460,64.20251121,3.00000000));
#8223 = DIRECTION('',(0.00000000,0.00000000,-1.00000000));
#8224 = VECTOR('',#8223,3.00000000);
#8225 = LINE('',#8222,#8224);
#8226 = EDGE_CURVE('',#8206,#8200,#8225,.T.);
#8227 = ORIENTED_EDGE('',*,*,#8211,.T.);
#8228 = ORIENTED_EDGE('',*,*,#8216,.T.);
#8229 = ORIENTED_EDGE('',*,*,#8221,.T.);
#8230 = ORIENTED_EDGE('',*,*,#8226,.T.);
#8231 = EDGE_LOOP('',(#8227,#8228,#8229,#8230));
#8232 = FACE_OUTER_BOUND('',#8231,.T.);
#8233 = CARTESIAN_POINT('',(143.56901460,64.20251121,0.00000000));
#8234 = DIRECTION('',(-0.70710678,0.70710678,0.00000000));
#8235 = DIRECTION('',(-0.70710678,-0.70710678,0.00000000));
#8236 = AXIS2_PLACEMENT_3D('',#8233,#8234,#8235);
#8237 = PLANE('',#8236);
#8238 = ADVANCED_FACE('',(#8232),#8237,.T.);
#8239 = CARTESIAN_POINT('',(143.52831516,64.16181177,0.00000000));
#8240 = VERTEX_POINT('',#8239);
#8241 = CARTESIAN_POINT('',(143.48116662,64.12879806,0.00000000));
#8242 = VERTEX_POINT('',#8241);
#8243 = CARTESIAN_POINT('',(143.48116662,64.12879806,3.00000000));
#8244 = VERTEX_POINT('',#8243);
#8245 = CARTESIAN_POINT('',(143.52831516,64.16181177,3.00000000));
#8246 = VERTEX_POINT('',#8245);
#8247 = CARTESIAN_POINT('',(143.52831516,64.16181177,0.00000000));
#8248 = DIRECTION('',(-0.81915249,-0.57357579,0.00000000));
#8249 = VECTOR('',#8248,0.05755771);
#8250 = LINE('',#8247,#8249);
#8251 = EDGE_CURVE('',#8240,#8242,#8250,.T.);
#8252 = CARTESIAN_POINT('',(143.48116662,64.12879806,0.00000000));
#8253 = DIRECTION('',(0.00000000,0.00000000,1.00000000));
#8254 = VECTOR('',#8253,3.00000000);
#8255 = LINE('',#8252,#8254);
#8256 = EDGE_CURVE('',#8242,#8244,#8255,.T.);
#8257 = CARTESIAN_POINT('',(143.48116662,64.12879806,3.00000000));
#8258 = DIRECTION('',(0.81915249,0.57357579,0.00000000));
#8259 = VECTOR('',#8258,0.05755771);
#8260 = LINE('',#8257,#8259);
#8261 = EDGE_CURVE('',#8244,#8246,#8260,.T.);
#8262 = CARTESIAN_POINT('',(143.52831516,64.16181177,3.00000000));
#8263 = DIRECTION('',(0.00000000,0.00000000,-1.00000000));
#8264 = VECTOR('',#8263,3.00000000);
#8265 = LINE('',#8262,#8264);
#8266 = EDGE_CURVE('',#8246,#8240,#8265,.T.);
#8267 = ORIENTED_EDGE('',*,*,#8251,.T.);
#8268 = ORIENTED_EDGE('',*,*,#8256,.T.);
#8269 = ORIENTED_EDGE('',*,*,#8261,.T.);
#8270 = ORIENTED_EDGE('',*,*,#8266,.T.);
#8271 = EDGE_LOOP('',(#8267,#8268,#8269,#8270));
#8272 = FACE_OUTER_BOUND('',#8271,.T.);
#8273 = CARTESIAN_POINT('',(143.52831516,64.16181177,0.00000000));
#8274 = DIRECTION('',(-0.57357579,0.81915249,0.00000000));
#8275 = DIRECTION('',(-0.81915249,-0.57357579,0.00000000));
#8276 = AXIS2_PLACEMENT_3D('',#8273,#8274,#8275);
#8277 = PLANE('',#8276);
#8278 = ADVANCED_FACE('',(#8272),#8277,.T.);
#8279 = CARTESIAN_POINT('',(143.48116662,64.12879806,0.00000000));
#8280 = VERTEX_POINT('',#8279);
#8281 = CARTESIAN_POINT('',(143.42900158,64.10447321,0.00000000));
#8282 = VERTEX_POINT('',#8281);
#8283 = CARTESIAN_POINT('',(143.42900158,64.10447321,3.00000000));
#8284 = VERTEX_POINT('',#8283);
#8285 = CARTESIAN_POINT('',(143.48116662,64.12879806,3.00000000));
#8286 = VERTEX_POINT('',#8285);
#8287 = CARTESIAN_POINT('',(143.48116662,64.12879806,0.00000000));
#8288 = DIRECTION('',(-0.90630845,-0.42261684,0.00000000));
#8289 = VECTOR('',#8288,0.05755771);
#8290 = LINE('',#8287,#8289);
#8291 = EDGE_CURVE('',#8280,#8282,#8290,.T.);
#8292 = CARTESIAN_POINT('',(143.42900158,64.10447321,0.00000000));
#8293 = DIRECTION('',(0.00000000,0.00000000,1.00000000));
#8294 = VECTOR('',#8293,3.00000000);
#8295 = LINE('',#8292,#8294);
#8296 = EDGE_CURVE('',#8282,#8284,#8295,.T.);
#8297 = CARTESIAN_POINT('',(143.42900158,64.10447321,3.00000000));
#8298 = DIRECTION('',(0.90630845,0.42261684,0.00000000));
#8299 = VECTOR('',#8298,0.05755771);
#8300 = LINE('',#8297,#8299);
#8301 = EDGE_CURVE('',#8284,#8286,#8300,.T.);
#8302 = CARTESIAN_POINT('',(143.48116662,64.12879806,3.00000000));
#8303 = DIRECTION('',(0.00000000,0.00000000,-1.00000000));
#8304 = VECTOR('',#8303,3.00000000);
#8305 = LINE('',#8302,#8304);
#8306 = EDGE_CURVE('',#8286,#8280,#8305,.T.);
#8307 = ORIENTED_EDGE('',*,*,#8291,.T.);
#8308 = ORIENTED_EDGE('',*,*,#8296,.T.);
#8309 = ORIENTED_EDGE('',*,*,#8301,.T.);
#8310 = ORIENTED_EDGE('',*,*,#8306,.T.);
#8311 = EDGE_LOOP('',(#8307,#8308,#8309,#8310));
#8312 = FACE_OUTER_BOUND('',#8311,.T.);
#8313 = CARTESIAN_POINT('',(143.48116662,64.12879806,0.00000000));
#8314 = DIRECTION('',(-0.42261684,0.90630845,0.00000000));
#8315 = DIRECTION('',(-0.90630845,-0.42261684,0.00000000));
#8316 = AXIS2_PLACEMENT_3D('',#8313,#8314,#8315);
#8317 = PLANE('',#8316);
#8318 = ADVANCED_FACE('',(#8312),#8317,.T.);
#8319 = CARTESIAN_POINT('',(143.42900158,64.10447321,0.00000000));
#8320 = VERTEX_POINT('',#8319);
#8321 = CARTESIAN_POINT('',(143.37340507,64.08957631,0.00000000));
#8322 = VERTEX_POINT('',#8321);
#8323 = CARTESIAN_POINT('',(143.37340507,64.08957631,3.00000000));
#8324 = VERTEX_POINT('',#8323);
#8325 = CARTESIAN_POINT('',(143.42900158,64.10447321,3.00000000));
#8326 = VERTEX_POINT('',#8325);
#8327 = CARTESIAN_POINT('',(143.42900158,64.10447321,0.00000000));
#8328 = DIRECTION('',(-0.96592643,-0.25881678,0.00000000));
#8329 = VECTOR('',#8328,0.05755771);
#8330 = LINE('',#8327,#8329);
#8331 = EDGE_CURVE('',#8320,#8322,#8330,.T.);
#8332 = CARTESIAN_POINT('',(143.37340507,64.08957631,0.00000000));
#8333 = DIRECTION('',(0.00000000,0.00000000,1.00000000));
#8334 = VECTOR('',#8333,3.00000000);
#8335 = LINE('',#8332,#8334);
#8336 = EDGE_CURVE('',#8322,#8324,#8335,.T.);
#8337 = CARTESIAN_POINT('',(143.37340507,64.08957631,3.00000000));
#8338 = DIRECTION('',(0.96592643,0.25881678,0.00000000));
#8339 = VECTOR('',#8338,0.05755771);
#8340 = LINE('',#8337,#8339);
#8341 = EDGE_CURVE('',#8324,#8326,#8340,.T.);
#8342 = CARTESIAN_POINT('',(143.42900158,64.10447321,3.00000000));
#8343 = DIRECTION('',(0.00000000,0.00000000,-1.00000000));
#8344 = VECTOR('',#8343,3.00000000);
#8345 = LINE('',#8342,#8344);
#8346 = EDGE_CURVE('',#8326,#8320,#8345,.T.);
#8347 = ORIENTED_EDGE('',*,*,#8331,.T.);
#8348 = ORIENTED_EDGE('',*,*,#8336,.T.);
#8349 = ORIENTED_EDGE('',*,*,#8341,.T.);
#8350 = ORIENTED_EDGE('',*,*,#8346,.T.);
#8351 = EDGE_LOOP('',(#8347,#8348,#8349,#8350));
#8352 = FACE_OUTER_BOUND('',#8351,.T.);
#8353 = CARTESIAN_POINT('',(143.42900158,64.10447321,0.00000000));
#8354 = DIRECTION('',(-0.25881678,0.96592643,0.00000000));
#8355 = DIRECTION('',(-0.96592643,-0.25881678,0.00000000));
#8356 = AXIS2_PLACEMENT_3D('',#8353,#8354,#8355);
#8357 = PLANE('',#8356);
#8358 = ADVANCED_FACE('',(#8352),#8357,.T.);
#8359 = CARTESIAN_POINT('',(143.37340507,64.08957631,0.00000000));
#8360 = VERTEX_POINT('',#8359);
#8361 = CARTESIAN_POINT('',(143.31606637,64.08456000,0.00000000));
#8362 = VERTEX_POINT('',#8361);
#8363 = CARTESIAN_POINT('',(143.31606637,64.08456000,3.00000000));
#8364 = VERTEX_POINT('',#8363);
#8365 = CARTESIAN_POINT('',(143.37340507,64.08957631,3.00000000));
#8366 = VERTEX_POINT('',#8365);
#8367 = CARTESIAN_POINT('',(143.37340507,64.08957631,0.00000000));
#8368 = DIRECTION('',(-0.99619497,-0.08715262,0.00000000));
#8369 = VECTOR('',#8368,0.05755771);
#8370 = LINE('',#8367,#8369);
#8371 = EDGE_CURVE('',#8360,#8362,#8370,.T.);
#8372 = CARTESIAN_POINT('',(143.31606637,64.08456000,0.00000000));
#8373 = DIRECTION('',(0.00000000,0.00000000,1.00000000));
#8374 = VECTOR('',#8373,3.00000000);
#8375 = LINE('',#8372,#8374);
#8376 = EDGE_CURVE('',#8362,#8364,#8375,.T.);
#8377 = CARTESIAN_POINT('',(143.31606637,64.08456000,3.00000000));
#8378 = DIRECTION('',(0.99619497,0.08715262,0.00000000));
#8379 = VECTOR('',#8378,0.05755771);
#8380 = LINE('',#8377,#8379);
#8381 = EDGE_CURVE('',#8364,#8366,#8380,.T.);
#8382 = CARTESIAN_POINT('',(143.37340507,64.08957631,3.00000000));
#8383 = DIRECTION('',(0.00000000,0.00000000,-1.00000000));
#8384 = VECTOR('',#8383,3.00000000);
#8385 = LINE('',#8382,#8384);
#8386 = EDGE_CURVE('',#8366,#8360,#8385,.T.);
#8387 = ORIENTED_EDGE('',*,*,#8371,.T.);
#8388 = ORIENTED_EDGE('',*,*,#8376,.T.);
#8389 = ORIENTED_EDGE('',*,*,#8381,.T.);
#8390 = ORIENTED_EDGE('',*,*,#8386,.T.);
#8391 = EDGE_LOOP('',(#8387,#8388,#8389,#8390));
#8392 = FACE_OUTER_BOUND('',#8391,.T.);
#8393 = CARTESIAN_POINT('',(143.37340507,64.08957631,0.00000000));
#8394 = DIRECTION('',(-0.08715262,0.99619497,0.00000000));
#8395 = DIRECTION('',(-0.99619497,-0.08715262,0.00000000));
#8396 = AXIS2_PLACEMENT_3D('',#8393,#8394,#8395);
#8397 = PLANE('',#8396);
#8398 = ADVANCED_FACE('',(#8392),#8397,.T.);
#8399 = CARTESIAN_POINT('',(143.31606637,64.08456000,0.00000000));
#8400 = VERTEX_POINT('',#8399);
#8401 = CARTESIAN_POINT('',(93.43046637,64.08456000,0.00000000));
#8402 = VERTEX_POINT('',#8401);
#8403 = CARTESIAN_POINT('',(93.43046637,64.08456000,3.00000000));
#8404 = VERTEX_POINT('',#8403);
#8405 = CARTESIAN_POINT('',(143.31606637,64.08456000,3.00000000));
#8406 = VERTEX_POINT('',#8405);
#8407 = CARTESIAN_POINT('',(143.31606637,64.08456000,0.00000000));
#8408 = DIRECTION('',(-1.00000000,0.00000000,0.00000000));
#8409 = VECTOR('',#8408,49.88560000);
#8410 = LINE('',#8407,#8409);
#8411 = EDGE_CURVE('',#8400,#8402,#8410,.T.);
#8412 = CARTESIAN_POINT('',(93.43046637,64.08456000,0.00000000));
#8413 = DIRECTION('',(0.00000000,0.00000000,1.00000000));
#8414 = VECTOR('',#8413,3.00000000);
#8415 = LINE('',#8412,#8414);
#8416 = EDGE_CURVE('',#8402,#8404,#8415,.T.);
#8417 = CARTESIAN_POINT('',(93.43046637,64.08456000,3.00000000));
#8418 = DIRECTION('',(1.00000000,-0.00000000,0.00000000));
#8419 = VECTOR('',#8418,49.88560000);
#8420 = LINE('',#8417,#8419);
#8421 = EDGE_CURVE('',#8404,#8406,#8420,.T.);
#8422 = CARTESIAN_POINT('',(143.31606637,64.08456000,3.00000000));
#8423 = DIRECTION('',(0.00000000,0.00000000,-1.00000000));
#8424 = VECTOR('',#8423,3.00000000);
#8425 = LINE('',#8422,#8424);
#8426 = EDGE_CURVE('',#8406,#8400,#8425,.T.);
#8427 = ORIENTED_EDGE('',*,*,#8411,.T.);
#8428 = ORIENTED_EDGE('',*,*,#8416,.T.);
#8429 = ORIENTED_EDGE('',*,*,#8421,.T.);
#8430 = ORIENTED_EDGE('',*,*,#8426,.T.);
#8431 = EDGE_LOOP('',(#8427,#8428,#8429,#8430));
#8432 = FACE_OUTER_BOUND('',#8431,.T.);
#8433 = CARTESIAN_POINT('',(143.31606637,64.08456000,0.00000000));
#8434 = DIRECTION('',(0.00000000,1.00000000,0.00000000));
#8435 = DIRECTION('',(-1.00000000,0.00000000,0.00000000));
#8436 = AXIS2_PLACEMENT_3D('',#8433,#8434,#8435);
#8437 = PLANE('',#8436);
#8438 = ADVANCED_FACE('',(#8432),#8437,.T.);
#8439 = CARTESIAN_POINT('',(93.43046637,64.08456000,0.00000000));
#8440 = VERTEX_POINT('',#8439);
#8441 = CARTESIAN_POINT('',(93.36430635,64.09034808,0.00000000));
#8442 = VERTEX_POINT('',#8441);
#8443 = CARTESIAN_POINT('',(93.36430635,64.09034808,3.00000000));
#8444 = VERTEX_POINT('',#8443);
#8445 = CARTESIAN_POINT('',(93.43046637,64.08456000,3.00000000));
#8446 = VERTEX_POINT('',#8445);
#8447 = CARTESIAN_POINT('',(93.43046637,64.08456000,0.00000000));
#8448 = DIRECTION('',(-0.99619492,0.08715323,0.00000000));
#8449 = VECTOR('',#8448,0.06641273);
#8450 = LINE('',#8447,#8449);
#8451 = EDGE_CURVE('',#8440,#8442,#8450,.T.);
#8452 = CARTESIAN_POINT('',(93.36430635,64.09034808,0.00000000));
#8453 = DIRECTION('',(0.00000000,0.00000000,1.00000000));
#8454 = VECTOR('',#8453,3.00000000);
#8455 = LINE('',#8452,#8454);
#8456 = EDGE_CURVE('',#8442,#8444,#8455,.T.);
#8457 = CARTESIAN_POINT('',(93.36430635,64.09034808,3.00000000));
#8458 = DIRECTION('',(0.99619492,-0.08715323,0.00000000));
#8459 = VECTOR('',#8458,0.06641273);
#8460 = LINE('',#8457,#8459);
#8461 = EDGE_CURVE('',#8444,#8446,#8460,.T.);
#8462 = CARTESIAN_POINT('',(93.43046637,64.08456000,3.00000000));
#8463 = DIRECTION('',(0.00000000,0.00000000,-1.00000000));
#8464 = VECTOR('',#8463,3.00000000);
#8465 = LINE('',#8462,#8464);
#8466 = EDGE_CURVE('',#8446,#8440,#8465,.T.);
#8467 = ORIENTED_EDGE('',*,*,#8451,.T.);
#8468 = ORIENTED_EDGE('',*,*,#8456,.T.);
#8469 = ORIENTED_EDGE('',*,*,#8461,.T.);
#8470 = ORIENTED_EDGE('',*,*,#8466,.T.);
#8471 = EDGE_LOOP('',(#8467,#8468,#8469,#8470));
#8472 = FACE_OUTER_BOUND('',#8471,.T.);
#8473 = CARTESIAN_POINT('',(93.43046637,64.08456000,0.00000000));
#8474 = DIRECTION('',(0.08715323,0.99619492,0.00000000));
#8475 = DIRECTION('',(-0.99619492,0.08715323,0.00000000));
#8476 = AXIS2_PLACEMENT_3D('',#8473,#8474,#8475);
#8477 = PLANE('',#8476);
#8478 = ADVANCED_FACE('',(#8472),#8477,.T.);
#8479 = CARTESIAN_POINT('',(93.36430635,64.09034808,0.00000000));
#8480 = VERTEX_POINT('',#8479);
#8481 = CARTESIAN_POINT('',(93.30015655,64.10753684,0.00000000));
#8482 = VERTEX_POINT('',#8481);
#8483 = CARTESIAN_POINT('',(93.30015655,64.10753684,3.00000000));
#8484 = VERTEX_POINT('',#8483);
#8485 = CARTESIAN_POINT('',(93.36430635,64.09034808,3.00000000));
#8486 = VERTEX_POINT('',#8485);
#8487 = CARTESIAN_POINT('',(93.36430635,64.09034808,0.00000000));
#8488 = DIRECTION('',(-0.96592632,0.25881722,0.00000000));
#8489 = VECTOR('',#8488,0.06641273);
#8490 = LINE('',#8487,#8489);
#8491 = EDGE_CURVE('',#8480,#8482,#8490,.T.);
#8492 = CARTESIAN_POINT('',(93.30015655,64.10753684,0.00000000));
#8493 = DIRECTION('',(0.00000000,0.00000000,1.00000000));
#8494 = VECTOR('',#8493,3.00000000);
#8495 = LINE('',#8492,#8494);
#8496 = EDGE_CURVE('',#8482,#8484,#8495,.T.);
#8497 = CARTESIAN_POINT('',(93.30015655,64.10753684,3.00000000));
#8498 = DIRECTION('',(0.96592632,-0.25881722,0.00000000));
#8499 = VECTOR('',#8498,0.06641273);
#8500 = LINE('',#8497,#8499);
#8501 = EDGE_CURVE('',#8484,#8486,#8500,.T.);
#8502 = CARTESIAN_POINT('',(93.36430635,64.09034808,3.00000000));
#8503 = DIRECTION('',(0.00000000,0.00000000,-1.00000000));
#8504 = VECTOR('',#8503,3.00000000);
#8505 = LINE('',#8502,#8504);
#8506 = EDGE_CURVE('',#8486,#8480,#8505,.T.);
#8507 = ORIENTED_EDGE('',*,*,#8491,.T.);
#8508 = ORIENTED_EDGE('',*,*,#8496,.T.);
#8509 = ORIENTED_EDGE('',*,*,#8501,.T.);
#8510 = ORIENTED_EDGE('',*,*,#8506,.T.);
#8511 = EDGE_LOOP('',(#8507,#8508,#8509,#8510));
#8512 = FACE_OUTER_BOUND('',#8511,.T.);
#8513 = CARTESIAN_POINT('',(93.36430635,64.09034808,0.00000000));
#8514 = DIRECTION('',(0.25881722,0.96592632,0.00000000));
#8515 = DIRECTION('',(-0.96592632,0.25881722,0.00000000));
#8516 = AXIS2_PLACEMENT_3D('',#8513,#8514,#8515);
#8517 = PLANE('',#8516);
#8518 = ADVANCED_FACE('',(#8512),#8517,.T.);
#8519 = CARTESIAN_POINT('',(93.30015655,64.10753684,0.00000000));
#8520 = VERTEX_POINT('',#8519);
#8521 = CARTESIAN_POINT('',(93.23996614,64.13560400,0.00000000));
#8522 = VERTEX_POINT('',#8521);
#8523 = CARTESIAN_POINT('',(93.23996614,64.13560400,3.00000000));
#8524 = VERTEX_POINT('',#8523);
#8525 = CARTESIAN_POINT('',(93.30015655,64.10753684,3.00000000));
#8526 = VERTEX_POINT('',#8525);
#8527 = CARTESIAN_POINT('',(93.30015655,64.10753684,0.00000000));
#8528 = DIRECTION('',(-0.90630832,0.42261712,0.00000000));
#8529 = VECTOR('',#8528,0.06641273);
#8530 = LINE('',#8527,#8529);
#8531 = EDGE_CURVE('',#8520,#8522,#8530,.T.);
#8532 = CARTESIAN_POINT('',(93.23996614,64.13560400,0.00000000));
#8533 = DIRECTION('',(0.00000000,0.00000000,1.00000000));
#8534 = VECTOR('',#8533,3.00000000);
#8535 = LINE('',#8532,#8534);
#8536 = EDGE_CURVE('',#8522,#8524,#8535,.T.);
#8537 = CARTESIAN_POINT('',(93.23996614,64.13560400,3.00000000));
#8538 = DIRECTION('',(0.90630832,-0.42261712,0.00000000));
#8539 = VECTOR('',#8538,0.06641273);
#8540 = LINE('',#8537,#8539);
#8541 = EDGE_CURVE('',#8524,#8526,#8540,.T.);
#8542 = CARTESIAN_POINT('',(93.30015655,64.10753684,3.00000000));
#8543 = DIRECTION('',(0.00000000,0.00000000,-1.00000000));
#8544 = VECTOR('',#8543,3.00000000);
#8545 = LINE('',#8542,#8544);
#8546 = EDGE_CURVE('',#8526,#8520,#8545,.T.);
#8547 = ORIENTED_EDGE('',*,*,#8531,.T.);
#8548 = ORIENTED_EDGE('',*,*,#8536,.T.);
#8549 = ORIENTED_EDGE('',*,*,#8541,.T.);
#8550 = ORIENTED_EDGE('',*,*,#8546,.T.);
#8551 = EDGE_LOOP('',(#8547,#8548,#8549,#8550));
#8552 = FACE_OUTER_BOUND('',#8551,.T.);
#8553 = CARTESIAN_POINT('',(93.30015655,64.10753684,0.00000000));
#8554 = DIRECTION('',(0.42261712,0.90630832,0.00000000));
#8555 = DIRECTION('',(-0.90630832,0.42261712,0.00000000));
#8556 = AXIS2_PLACEMENT_3D('',#8553,#8554,#8555);
#8557 = PLANE('',#8556);
#8558 = ADVANCED_FACE('',(#8552),#8557,.T.);
#8559 = CARTESIAN_POINT('',(93.23996614,64.13560400,0.00000000));
#8560 = VERTEX_POINT('',#8559);
#8561 = CARTESIAN_POINT('',(93.18556400,64.17369674,0.00000000));
#8562 = VERTEX_POINT('',#8561);
#8563 = CARTESIAN_POINT('',(93.18556400,64.17369674,3.00000000));
#8564 = VERTEX_POINT('',#8563);
#8565 = CARTESIAN_POINT('',(93.23996614,64.13560400,3.00000000));
#8566 = VERTEX_POINT('',#8565);
#8567 = CARTESIAN_POINT('',(93.23996614,64.13560400,0.00000000));
#8568 = DIRECTION('',(-0.81915241,0.57357592,0.00000000));
#8569 = VECTOR('',#8568,0.06641273);
#8570 = LINE('',#8567,#8569);
#8571 = EDGE_CURVE('',#8560,#8562,#8570,.T.);
#8572 = CARTESIAN_POINT('',(93.18556400,64.17369674,0.00000000));
#8573 = DIRECTION('',(0.00000000,0.00000000,1.00000000));
#8574 = VECTOR('',#8573,3.00000000);
#8575 = LINE('',#8572,#8574);
#8576 = EDGE_CURVE('',#8562,#8564,#8575,.T.);
#8577 = CARTESIAN_POINT('',(93.18556400,64.17369674,3.00000000));
#8578 = DIRECTION('',(0.81915241,-0.57357592,0.00000000));
#8579 = VECTOR('',#8578,0.06641273);
#8580 = LINE('',#8577,#8579);
#8581 = EDGE_CURVE('',#8564,#8566,#8580,.T.);
#8582 = CARTESIAN_POINT('',(93.23996614,64.13560400,3.00000000));
#8583 = DIRECTION('',(0.00000000,0.00000000,-1.00000000));
#8584 = VECTOR('',#8583,3.00000000);
#8585 = LINE('',#8582,#8584);
#8586 = EDGE_CURVE('',#8566,#8560,#8585,.T.);
#8587 = ORIENTED_EDGE('',*,*,#8571,.T.);
#8588 = ORIENTED_EDGE('',*,*,#8576,.T.);
#8589 = ORIENTED_EDGE('',*,*,#8581,.T.);
#8590 = ORIENTED_EDGE('',*,*,#8586,.T.);
#8591 = EDGE_LOOP('',(#8587,#8588,#8589,#8590));
#8592 = FACE_OUTER_BOUND('',#8591,.T.);
#8593 = CARTESIAN_POINT('',(93.23996614,64.13560400,0.00000000));
#8594 = DIRECTION('',(0.57357592,0.81915241,0.00000000));
#8595 = DIRECTION('',(-0.81915241,0.57357592,0.00000000));
#8596 = AXIS2_PLACEMENT_3D('',#8593,#8594,#8595);
#8597 = PLANE('',#8596);
#8598 = ADVANCED_FACE('',(#8592),#8597,.T.);
#8599 = CARTESIAN_POINT('',(93.18556400,64.17369674,0.00000000));
#8600 = VERTEX_POINT('',#8599);
#8601 = CARTESIAN_POINT('',(93.13860311,64.22065763,0.00000000));
#8602 = VERTEX_POINT('',#8601);
#8603 = CARTESIAN_POINT('',(93.13860311,64.22065763,3.00000000));
#8604 = VERTEX_POINT('',#8603);
#8605 = CARTESIAN_POINT('',(93.18556400,64.17369674,3.00000000));
#8606 = VERTEX_POINT('',#8605);
#8607 = CARTESIAN_POINT('',(93.18556400,64.17369674,0.00000000));
#8608 = DIRECTION('',(-0.70710678,0.70710678,0.00000000));
#8609 = VECTOR('',#8608,0.06641273);
#8610 = LINE('',#8607,#8609);
#8611 = EDGE_CURVE('',#8600,#8602,#8610,.T.);
#8612 = CARTESIAN_POINT('',(93.13860311,64.22065763,0.00000000));
#8613 = DIRECTION('',(0.00000000,0.00000000,1.00000000));
#8614 = VECTOR('',#8613,3.00000000);
#8615 = LINE('',#8612,#8614);
#8616 = EDGE_CURVE('',#8602,#8604,#8615,.T.);
#8617 = CARTESIAN_POINT('',(93.13860311,64.22065763,3.00000000));
#8618 = DIRECTION('',(0.70710678,-0.70710678,0.00000000));
#8619 = VECTOR('',#8618,0.06641273);
#8620 = LINE('',#8617,#8619);
#8621 = EDGE_CURVE('',#8604,#8606,#8620,.T.);
#8622 = CARTESIAN_POINT('',(93.18556400,64.17369674,3.00000000));
#8623 = DIRECTION('',(0.00000000,0.00000000,-1.00000000));
#8624 = VECTOR('',#8623,3.00000000);
#8625 = LINE('',#8622,#8624);
#8626 = EDGE_CURVE('',#8606,#8600,#8625,.T.);
#8627 = ORIENTED_EDGE('',*,*,#8611,.T.);
#8628 = ORIENTED_EDGE('',*,*,#8616,.T.);
#8629 = ORIENTED_EDGE('',*,*,#8621,.T.);
#8630 = ORIENTED_EDGE('',*,*,#8626,.T.);
#8631 = EDGE_LOOP('',(#8627,#8628,#8629,#8630));
#8632 = FACE_OUTER_BOUND('',#8631,.T.);
#8633 = CARTESIAN_POINT('',(93.18556400,64.17369674,0.00000000));
#8634 = DIRECTION('',(0.70710678,0.70710678,0.00000000));
#8635 = DIRECTION('',(-0.70710678,0.70710678,0.00000000));
#8636 = AXIS2_PLACEMENT_3D('',#8633,#8634,#8635);
#8637 = PLANE('',#8636);
#8638 = ADVANCED_FACE('',(#8632),#8637,.T.);
#8639 = CARTESIAN_POINT('',(93.13860311,64.22065763,0.00000000));
#8640 = VERTEX_POINT('',#8639);
#8641 = CARTESIAN_POINT('',(93.10051037,64.27505977,0.00000000));
#8642 = VERTEX_POINT('',#8641);
#8643 = CARTESIAN_POINT('',(93.10051037,64.27505977,3.00000000));
#8644 = VERTEX_POINT('',#8643);
#8645 = CARTESIAN_POINT('',(93.13860311,64.22065763,3.00000000));
#8646 = VERTEX_POINT('',#8645);
#8647 = CARTESIAN_POINT('',(93.13860311,64.22065763,0.00000000));
#8648 = DIRECTION('',(-0.57357592,0.81915241,0.00000000));
#8649 = VECTOR('',#8648,0.06641273);
#8650 = LINE('',#8647,#8649);
#8651 = EDGE_CURVE('',#8640,#8642,#8650,.T.);
#8652 = CARTESIAN_POINT('',(93.10051037,64.27505977,0.00000000));
#8653 = DIRECTION('',(0.00000000,0.00000000,1.00000000));
#8654 = VECTOR('',#8653,3.00000000);
#8655 = LINE('',#8652,#8654);
#8656 = EDGE_CURVE('',#8642,#8644,#8655,.T.);
#8657 = CARTESIAN_POINT('',(93.10051037,64.27505977,3.00000000));
#8658 = DIRECTION('',(0.57357592,-0.81915241,0.00000000));
#8659 = VECTOR('',#8658,0.06641273);
#8660 = LINE('',#8657,#8659);
#8661 = EDGE_CURVE('',#8644,#8646,#8660,.T.);
#8662 = CARTESIAN_POINT('',(93.13860311,64.22065763,3.00000000));
#8663 = DIRECTION('',(0.00000000,0.00000000,-1.00000000));
#8664 = VECTOR('',#8663,3.00000000);
#8665 = LINE('',#8662,#8664);
#8666 = EDGE_CURVE('',#8646,#8640,#8665,.T.);
#8667 = ORIENTED_EDGE('',*,*,#8651,.T.);
#8668 = ORIENTED_EDGE('',*,*,#8656,.T.);
#8669 = ORIENTED_EDGE('',*,*,#8661,.T.);
#8670 = ORIENTED_EDGE('',*,*,#8666,.T.);
#8671 = EDGE_LOOP('',(#8667,#8668,#8669,#8670));
#8672 = FACE_OUTER_BOUND('',#8671,.T.);
#8673 = CARTESIAN_POINT('',(93.13860311,64.22065763,0.00000000));
#8674 = DIRECTION('',(0.81915241,0.57357592,0.00000000));
#8675 = DIRECTION('',(-0.57357592,0.81915241,0.00000000));
#8676 = AXIS2_PLACEMENT_3D('',#8673,#8674,#8675);
#8677 = PLANE('',#8676);
#8678 = ADVANCED_FACE('',(#8672),#8677,.T.);
#8679 = CARTESIAN_POINT('',(93.10051037,64.27505977,0.00000000));
#8680 = VERTEX_POINT('',#8679);
#8681 = CARTESIAN_POINT('',(93.07244321,64.33525018,0.00000000));
#8682 = VERTEX_POINT('',#8681);
#8683 = CARTESIAN_POINT('',(93.07244321,64.33525018,3.00000000));
#8684 = VERTEX_POINT('',#8683);
#8685 = CARTESIAN_POINT('',(93.10051037,64.27505977,3.00000000));
#8686 = VERTEX_POINT('',#8685);
#8687 = CARTESIAN_POINT('',(93.10051037,64.27505977,0.00000000));
#8688 = DIRECTION('',(-0.42261712,0.90630832,0.00000000));
#8689 = VECTOR('',#8688,0.06641273);
#8690 = LINE('',#8687,#8689);
#8691 = EDGE_CURVE('',#8680,#8682,#8690,.T.);
#8692 = CARTESIAN_POINT('',(93.07244321,64.33525018,0.00000000));
#8693 = DIRECTION('',(0.00000000,0.00000000,1.00000000));
#8694 = VECTOR('',#8693,3.00000000);
#8695 = LINE('',#8692,#8694);
#8696 = EDGE_CURVE('',#8682,#8684,#8695,.T.);
#8697 = CARTESIAN_POINT('',(93.07244321,64.33525018,3.00000000));
#8698 = DIRECTION('',(0.42261712,-0.90630832,0.00000000));
#8699 = VECTOR('',#8698,0.06641273);
#8700 = LINE('',#8697,#8699);
#8701 = EDGE_CURVE('',#8684,#8686,#8700,.T.);
#8702 = CARTESIAN_POINT('',(93.10051037,64.27505977,3.00000000));
#8703 = DIRECTION('',(0.00000000,0.00000000,-1.00000000));
#8704 = VECTOR('',#8703,3.00000000);
#8705 = LINE('',#8702,#8704);
#8706 = EDGE_CURVE('',#8686,#8680,#8705,.T.);
#8707 = ORIENTED_EDGE('',*,*,#8691,.T.);
#8708 = ORIENTED_EDGE('',*,*,#8696,.T.);
#8709 = ORIENTED_EDGE('',*,*,#8701,.T.);
#8710 = ORIENTED_EDGE('',*,*,#8706,.T.);
#8711 = EDGE_LOOP('',(#8707,#8708,#8709,#8710));
#8712 = FACE_OUTER_BOUND('',#8711,.T.);
#8713 = CARTESIAN_POINT('',(93.10051037,64.27505977,0.00000000));
#8714 = DIRECTION('',(0.90630832,0.42261712,0.00000000));
#8715 = DIRECTION('',(-0.42261712,0.90630832,0.00000000));
#8716 = AXIS2_PLACEMENT_3D('',#8713,#8714,#8715);
#8717 = PLANE('',#8716);
#8718 = ADVANCED_FACE('',(#8712),#8717,.T.);
#8719 = CARTESIAN_POINT('',(93.07244321,64.33525018,0.00000000));
#8720 = VERTEX_POINT('',#8719);
#8721 = CARTESIAN_POINT('',(93.05525446,64.39939998,0.00000000));
#8722 = VERTEX_POINT('',#8721);
#8723 = CARTESIAN_POINT('',(93.05525446,64.39939998,3.00000000));
#8724 = VERTEX_POINT('',#8723);
#8725 = CARTESIAN_POINT('',(93.07244321,64.33525018,3.00000000));
#8726 = VERTEX_POINT('',#8725);
#8727 = CARTESIAN_POINT('',(93.07244321,64.33525018,0.00000000));
#8728 = DIRECTION('',(-0.25881722,0.96592632,0.00000000));
#8729 = VECTOR('',#8728,0.06641273);
#8730 = LINE('',#8727,#8729);
#8731 = EDGE_CURVE('',#8720,#8722,#8730,.T.);
#8732 = CARTESIAN_POINT('',(93.05525446,64.39939998,0.00000000));
#8733 = DIRECTION('',(0.00000000,0.00000000,1.00000000));
#8734 = VECTOR('',#8733,3.00000000);
#8735 = LINE('',#8732,#8734);
#8736 = EDGE_CURVE('',#8722,#8724,#8735,.T.);
#8737 = CARTESIAN_POINT('',(93.05525446,64.39939998,3.00000000));
#8738 = DIRECTION('',(0.25881722,-0.96592632,0.00000000));
#8739 = VECTOR('',#8738,0.06641273);
#8740 = LINE('',#8737,#8739);
#8741 = EDGE_CURVE('',#8724,#8726,#8740,.T.);
#8742 = CARTESIAN_POINT('',(93.07244321,64.33525018,3.00000000));
#8743 = DIRECTION('',(0.00000000,0.00000000,-1.00000000));
#8744 = VECTOR('',#8743,3.00000000);
#8745 = LINE('',#8742,#8744);
#8746 = EDGE_CURVE('',#8726,#8720,#8745,.T.);
#8747 = ORIENTED_EDGE('',*,*,#8731,.T.);
#8748 = ORIENTED_EDGE('',*,*,#8736,.T.);
#8749 = ORIENTED_EDGE('',*,*,#8741,.T.);
#8750 = ORIENTED_EDGE('',*,*,#8746,.T.);
#8751 = EDGE_LOOP('',(#8747,#8748,#8749,#8750));
#8752 = FACE_OUTER_BOUND('',#8751,.T.);
#8753 = CARTESIAN_POINT('',(93.07244321,64.33525018,0.00000000));
#8754 = DIRECTION('',(0.96592632,0.25881722,0.00000000));
#8755 = DIRECTION('',(-0.25881722,0.96592632,0.00000000));
#8756 = AXIS2_PLACEMENT_3D('',#8753,#8754,#8755);
#8757 = PLANE('',#8756);
#8758 = ADVANCED_FACE('',(#8752),#8757,.T.);
#8759 = CARTESIAN_POINT('',(93.05525446,64.39939998,0.00000000));
#8760 = VERTEX_POINT('',#8759);
#8761 = CARTESIAN_POINT('',(93.04946637,64.46556000,0.00000000));
#8762 = VERTEX_POINT('',#8761);
#8763 = CARTESIAN_POINT('',(93.04946637,64.46556000,3.00000000));
#8764 = VERTEX_POINT('',#8763);
#8765 = CARTESIAN_POINT('',(93.05525446,64.39939998,3.00000000));
#8766 = VERTEX_POINT('',#8765);
#8767 = CARTESIAN_POINT('',(93.05525446,64.39939998,0.00000000));
#8768 = DIRECTION('',(-0.08715323,0.99619492,0.00000000));
#8769 = VECTOR('',#8768,0.06641273);
#8770 = LINE('',#8767,#8769);
#8771 = EDGE_CURVE('',#8760,#8762,#8770,.T.);
#8772 = CARTESIAN_POINT('',(93.04946637,64.46556000,0.00000000));
#8773 = DIRECTION('',(0.00000000,0.00000000,1.00000000));
#8774 = VECTOR('',#8773,3.00000000);
#8775 = LINE('',#8772,#8774);
#8776 = EDGE_CURVE('',#8762,#8764,#8775,.T.);
#8777 = CARTESIAN_POINT('',(93.04946637,64.46556000,3.00000000));
#8778 = DIRECTION('',(0.08715323,-0.99619492,0.00000000));
#8779 = VECTOR('',#8778,0.06641273);
#8780 = LINE('',#8777,#8779);
#8781 = EDGE_CURVE('',#8764,#8766,#8780,.T.);
#8782 = CARTESIAN_POINT('',(93.05525446,64.39939998,3.00000000));
#8783 = DIRECTION('',(0.00000000,0.00000000,-1.00000000));
#8784 = VECTOR('',#8783,3.00000000);
#8785 = LINE('',#8782,#8784);
#8786 = EDGE_CURVE('',#8766,#8760,#8785,.T.);
#8787 = ORIENTED_EDGE('',*,*,#8771,.T.);
#8788 = ORIENTED_EDGE('',*,*,#8776,.T.);
#8789 = ORIENTED_EDGE('',*,*,#8781,.T.);
#8790 = ORIENTED_EDGE('',*,*,#8786,.T.);
#8791 = EDGE_LOOP('',(#8787,#8788,#8789,#8790));
#8792 = FACE_OUTER_BOUND('',#8791,.T.);
#8793 = CARTESIAN_POINT('',(93.05525446,64.39939998,0.00000000));
#8794 = DIRECTION('',(0.99619492,0.08715323,0.00000000));
#8795 = DIRECTION('',(-0.08715323,0.99619492,0.00000000));
#8796 = AXIS2_PLACEMENT_3D('',#8793,#8794,#8795);
#8797 = PLANE('',#8796);
#8798 = ADVANCED_FACE('',(#8792),#8797,.T.);
#8799 = CARTESIAN_POINT('',(93.04946637,64.46556000,0.00000000));
#8800 = VERTEX_POINT('',#8799);
#8801 = CARTESIAN_POINT('',(80.42566637,82.29636000,0.00000000));
#8802 = VERTEX_POINT('',#8801);
#8803 = CARTESIAN_POINT('',(80.42566637,82.29636000,3.00000000));
#8804 = VERTEX_POINT('',#8803);
#8805 = CARTESIAN_POINT('',(93.04946637,64.46556000,3.00000000));
#8806 = VERTEX_POINT('',#8805);
#8807 = CARTESIAN_POINT('',(93.04946637,64.46556000,0.00000000));
#8808 = DIRECTION('',(-0.57782378,0.81616155,0.00000000));
#8809 = VECTOR('',#8808,21.84714524);
#8810 = LINE('',#8807,#8809);
#8811 = EDGE_CURVE('',#8800,#8802,#8810,.T.);
#8812 = CARTESIAN_POINT('',(80.42566637,82.29636000,0.00000000));
#8813 = DIRECTION('',(0.00000000,0.00000000,1.00000000));
#8814 = VECTOR('',#8813,3.00000000);
#8815 = LINE('',#8812,#8814);
#8816 = EDGE_CURVE('',#8802,#8804,#8815,.T.);
#8817 = CARTESIAN_POINT('',(80.42566637,82.29636000,3.00000000));
#8818 = DIRECTION('',(0.57782378,-0.81616155,0.00000000));
#8819 = VECTOR('',#8818,21.84714524);
#8820 = LINE('',#8817,#8819);
#8821 = EDGE_CURVE('',#8804,#8806,#8820,.T.);
#8822 = CARTESIAN_POINT('',(93.04946637,64.46556000,3.00000000));
#8823 = DIRECTION('',(0.00000000,0.00000000,-1.00000000));
#8824 = VECTOR('',#8823,3.00000000);
#8825 = LINE('',#8822,#8824);
#8826 = EDGE_CURVE('',#8806,#8800,#8825,.T.);
#8827 = ORIENTED_EDGE('',*,*,#8811,.T.);
#8828 = ORIENTED_EDGE('',*,*,#8816,.T.);
#8829 = ORIENTED_EDGE('',*,*,#8821,.T.);
#8830 = ORIENTED_EDGE('',*,*,#8826,.T.);
#8831 = EDGE_LOOP('',(#8827,#8828,#8829,#8830));
#8832 = FACE_OUTER_BOUND('',#8831,.T.);
#8833 = CARTESIAN_POINT('',(93.04946637,64.46556000,0.00000000));
#8834 = DIRECTION('',(0.81616155,0.57782378,0.00000000));
#8835 = DIRECTION('',(-0.57782378,0.81616155,0.00000000));
#8836 = AXIS2_PLACEMENT_3D('',#8833,#8834,#8835);
#8837 = PLANE('',#8836);
#8838 = ADVANCED_FACE('',(#8832),#8837,.T.);
#8839 = CARTESIAN_POINT('',(80.42566637,82.29636000,0.00000000));
#8840 = VERTEX_POINT('',#8839);
#8841 = CARTESIAN_POINT('',(45.39906637,85.36976000,0.00000000));
#8842 = VERTEX_POINT('',#8841);
#8843 = CARTESIAN_POINT('',(45.39906637,85.36976000,3.00000000));
#8844 = VERTEX_POINT('',#8843);
#8845 = CARTESIAN_POINT('',(80.42566637,82.29636000,3.00000000));
#8846 = VERTEX_POINT('',#8845);
#8847 = CARTESIAN_POINT('',(80.42566637,82.29636000,0.00000000));
#8848 = DIRECTION('',(-0.99617252,0.08740890,0.00000000));
#8849 = VECTOR('',#8848,35.16117881);
#8850 = LINE('',#8847,#8849);
#8851 = EDGE_CURVE('',#8840,#8842,#8850,.T.);
#8852 = CARTESIAN_POINT('',(45.39906637,85.36976000,0.00000000));
#8853 = DIRECTION('',(0.00000000,0.00000000,1.00000000));
#8854 = VECTOR('',#8853,3.00000000);
#8855 = LINE('',#8852,#8854);
#8856 = EDGE_CURVE('',#8842,#8844,#8855,.T.);
#8857 = CARTESIAN_POINT('',(45.39906637,85.36976000,3.00000000));
#8858 = DIRECTION('',(0.99617252,-0.08740890,0.00000000));
#8859 = VECTOR('',#8858,35.16117881);
#8860 = LINE('',#8857,#8859);
#8861 = EDGE_CURVE('',#8844,#8846,#8860,.T.);
#8862 = CARTESIAN_POINT('',(80.42566637,82.29636000,3.00000000));
#8863 = DIRECTION('',(0.00000000,0.00000000,-1.00000000));
#8864 = VECTOR('',#8863,3.00000000);
#8865 = LINE('',#8862,#8864);
#8866 = EDGE_CURVE('',#8846,#8840,#8865,.T.);
#8867 = ORIENTED_EDGE('',*,*,#8851,.T.);
#8868 = ORIENTED_EDGE('',*,*,#8856,.T.);
#8869 = ORIENTED_EDGE('',*,*,#8861,.T.);
#8870 = ORIENTED_EDGE('',*,*,#8866,.T.);
#8871 = EDGE_LOOP('',(#8867,#8868,#8869,#8870));
#8872 = FACE_OUTER_BOUND('',#8871,.T.);
#8873 = CARTESIAN_POINT('',(80.42566637,82.29636000,0.00000000));
#8874 = DIRECTION('',(0.08740890,0.99617252,0.00000000));
#8875 = DIRECTION('',(-0.99617252,0.08740890,0.00000000));
#8876 = AXIS2_PLACEMENT_3D('',#8873,#8874,#8875);
#8877 = PLANE('',#8876);
#8878 = ADVANCED_FACE('',(#8872),#8877,.T.);
#8879 = CARTESIAN_POINT('',(45.39906637,85.36976000,0.00000000));
#8880 = VERTEX_POINT('',#8879);
#8881 = CARTESIAN_POINT('',(38.33786637,85.97936000,0.00000000));
#8882 = VERTEX_POINT('',#8881);
#8883 = CARTESIAN_POINT('',(38.33786637,85.97936000,3.00000000));
#8884 = VERTEX_POINT('',#8883);
#8885 = CARTESIAN_POINT('',(45.39906637,85.36976000,3.00000000));
#8886 = VERTEX_POINT('',#8885);
#8887 = CARTESIAN_POINT('',(45.39906637,85.36976000,0.00000000));
#8888 = DIRECTION('',(-0.99629419,0.08601101,0.00000000));
#8889 = VECTOR('',#8888,7.08746482);
#8890 = LINE('',#8887,#8889);
#8891 = EDGE_CURVE('',#8880,#8882,#8890,.T.);
#8892 = CARTESIAN_POINT('',(38.33786637,85.97936000,0.00000000));
#8893 = DIRECTION('',(0.00000000,0.00000000,1.00000000));
#8894 = VECTOR('',#8893,3.00000000);
#8895 = LINE('',#8892,#8894);
#8896 = EDGE_CURVE('',#8882,#8884,#8895,.T.);
#8897 = CARTESIAN_POINT('',(38.33786637,85.97936000,3.00000000));
#8898 = DIRECTION('',(0.99629419,-0.08601101,0.00000000));
#8899 = VECTOR('',#8898,7.08746482);
#8900 = LINE('',#8897,#8899);
#8901 = EDGE_CURVE('',#8884,#8886,#8900,.T.);
#8902 = CARTESIAN_POINT('',(45.39906637,85.36976000,3.00000000));
#8903 = DIRECTION('',(0.00000000,0.00000000,-1.00000000));
#8904 = VECTOR('',#8903,3.00000000);
#8905 = LINE('',#8902,#8904);
#8906 = EDGE_CURVE('',#8886,#8880,#8905,.T.);
#8907 = ORIENTED_EDGE('',*,*,#8891,.T.);
#8908 = ORIENTED_EDGE('',*,*,#8896,.T.);
#8909 = ORIENTED_EDGE('',*,*,#8901,.T.);
#8910 = ORIENTED_EDGE('',*,*,#8906,.T.);
#8911 = EDGE_LOOP('',(#8907,#8908,#8909,#8910));
#8912 = FACE_OUTER_BOUND('',#8911,.T.);
#8913 = CARTESIAN_POINT('',(45.39906637,85.36976000,0.00000000));
#8914 = DIRECTION('',(0.08601101,0.99629419,0.00000000));
#8915 = DIRECTION('',(-0.99629419,0.08601101,0.00000000));
#8916 = AXIS2_PLACEMENT_3D('',#8913,#8914,#8915);
#8917 = PLANE('',#8916);
#8918 = ADVANCED_FACE('',(#8912),#8917,.T.);
#8919 = CARTESIAN_POINT('',(38.33786637,85.97936000,0.00000000));
#8920 = VERTEX_POINT('',#8919);
#8921 = CARTESIAN_POINT('',(38.33123317,85.97957698,0.00000000));
#8922 = VERTEX_POINT('',#8921);
#8923 = CARTESIAN_POINT('',(38.33123317,85.97957698,3.00000000));
#8924 = VERTEX_POINT('',#8923);
#8925 = CARTESIAN_POINT('',(38.33786637,85.97936000,3.00000000));
#8926 = VERTEX_POINT('',#8925);
#8927 = CARTESIAN_POINT('',(38.33786637,85.97936000,0.00000000));
#8928 = DIRECTION('',(-0.99946542,0.03269354,0.00000000));
#8929 = VECTOR('',#8928,0.00663675);
#8930 = LINE('',#8927,#8929);
#8931 = EDGE_CURVE('',#8920,#8922,#8930,.T.);
#8932 = CARTESIAN_POINT('',(38.33123317,85.97957698,0.00000000));
#8933 = DIRECTION('',(0.00000000,0.00000000,1.00000000));
#8934 = VECTOR('',#8933,3.00000000);
#8935 = LINE('',#8932,#8934);
#8936 = EDGE_CURVE('',#8922,#8924,#8935,.T.);
#8937 = CARTESIAN_POINT('',(38.33123317,85.97957698,3.00000000));
#8938 = DIRECTION('',(0.99946542,-0.03269354,0.00000000));
#8939 = VECTOR('',#8938,0.00663675);
#8940 = LINE('',#8937,#8939);
#8941 = EDGE_CURVE('',#8924,#8926,#8940,.T.);
#8942 = CARTESIAN_POINT('',(38.33786637,85.97936000,3.00000000));
#8943 = DIRECTION('',(0.00000000,0.00000000,-1.00000000));
#8944 = VECTOR('',#8943,3.00000000);
#8945 = LINE('',#8942,#8944);
#8946 = EDGE_CURVE('',#8926,#8920,#8945,.T.);
#8947 = ORIENTED_EDGE('',*,*,#8931,.T.);
#8948 = ORIENTED_EDGE('',*,*,#8936,.T.);
#8949 = ORIENTED_EDGE('',*,*,#8941,.T.);
#8950 = ORIENTED_EDGE('',*,*,#8946,.T.);
#8951 = EDGE_LOOP('',(#8947,#8948,#8949,#8950));
#8952 = FACE_OUTER_BOUND('',#8951,.T.);
#8953 = CARTESIAN_POINT('',(38.33786637,85.97936000,0.00000000));
#8954 = DIRECTION('',(0.03269354,0.99946542,0.00000000));
#8955 = DIRECTION('',(-0.99946542,0.03269354,0.00000000));
#8956 = AXIS2_PLACEMENT_3D('',#8953,#8954,#8955);
#8957 = PLANE('',#8956);
#8958 = ADVANCED_FACE('',(#8952),#8957,.T.);
#8959 = CARTESIAN_POINT('',(38.33123317,85.97957698,0.00000000));
#8960 = VERTEX_POINT('',#8959);
#8961 = CARTESIAN_POINT('',(38.32462827,85.98022651,0.00000000));
#8962 = VERTEX_POINT('',#8961);
#8963 = CARTESIAN_POINT('',(38.32462827,85.98022651,3.00000000));
#8964 = VERTEX_POINT('',#8963);
#8965 = CARTESIAN_POINT('',(38.33123317,85.97957698,3.00000000));
#8966 = VERTEX_POINT('',#8965);
#8967 = CARTESIAN_POINT('',(38.33123317,85.97957698,0.00000000));
#8968 = DIRECTION('',(-0.99519934,0.09786863,0.00000000));
#8969 = VECTOR('',#8968,0.00663675);
#8970 = LINE('',#8967,#8969);
#8971 = EDGE_CURVE('',#8960,#8962,#8970,.T.);
#8972 = CARTESIAN_POINT('',(38.32462827,85.98022651,0.00000000));
#8973 = DIRECTION('',(0.00000000,0.00000000,1.00000000));
#8974 = VECTOR('',#8973,3.00000000);
#8975 = LINE('',#8972,#8974);
#8976 = EDGE_CURVE('',#8962,#8964,#8975,.T.);
#8977 = CARTESIAN_POINT('',(38.32462827,85.98022651,3.00000000));
#8978 = DIRECTION('',(0.99519934,-0.09786863,0.00000000));
#8979 = VECTOR('',#8978,0.00663675);
#8980 = LINE('',#8977,#8979);
#8981 = EDGE_CURVE('',#8964,#8966,#8980,.T.);
#8982 = CARTESIAN_POINT('',(38.33123317,85.97957698,3.00000000));
#8983 = DIRECTION('',(0.00000000,0.00000000,-1.00000000));
#8984 = VECTOR('',#8983,3.00000000);
#8985 = LINE('',#8982,#8984);
#8986 = EDGE_CURVE('',#8966,#8960,#8985,.T.);
#8987 = ORIENTED_EDGE('',*,*,#8971,.T.);
#8988 = ORIENTED_EDGE('',*,*,#8976,.T.);
#8989 = ORIENTED_EDGE('',*,*,#8981,.T.);
#8990 = ORIENTED_EDGE('',*,*,#8986,.T.);
#8991 = EDGE_LOOP('',(#8987,#8988,#8989,#8990));
#8992 = FACE_OUTER_BOUND('',#8991,.T.);
#8993 = CARTESIAN_POINT('',(38.33123317,85.97957698,0.00000000));
#8994 = DIRECTION('',(0.09786863,0.99519934,0.00000000));
#8995 = DIRECTION('',(-0.99519934,0.09786863,0.00000000));
#8996 = AXIS2_PLACEMENT_3D('',#8993,#8994,#8995);
#8997 = PLANE('',#8996);
#8998 = ADVANCED_FACE('',(#8992),#8997,.T.);
#8999 = CARTESIAN_POINT('',(38.32462827,85.98022651,0.00000000));
#9000 = VERTEX_POINT('',#8999);
#9001 = CARTESIAN_POINT('',(38.31807987,85.98130582,0.00000000));
#9002 = VERTEX_POINT('',#9001);
#9003 = CARTESIAN_POINT('',(38.31807987,85.98130582,3.00000000));
#9004 = VERTEX_POINT('',#9003);
#9005 = CARTESIAN_POINT('',(38.32462827,85.98022651,3.00000000));
#9006 = VERTEX_POINT('',#9005);
#9007 = CARTESIAN_POINT('',(38.32462827,85.98022651,0.00000000));
#9008 = DIRECTION('',(-0.98668775,0.16262622,0.00000000));
#9009 = VECTOR('',#9008,0.00663675);
#9010 = LINE('',#9007,#9009);
#9011 = EDGE_CURVE('',#9000,#9002,#9010,.T.);
#9012 = CARTESIAN_POINT('',(38.31807987,85.98130582,0.00000000));
#9013 = DIRECTION('',(0.00000000,0.00000000,1.00000000));
#9014 = VECTOR('',#9013,3.00000000);
#9015 = LINE('',#9012,#9014);
#9016 = EDGE_CURVE('',#9002,#9004,#9015,.T.);
#9017 = CARTESIAN_POINT('',(38.31807987,85.98130582,3.00000000));
#9018 = DIRECTION('',(0.98668775,-0.16262622,0.00000000));
#9019 = VECTOR('',#9018,0.00663675);
#9020 = LINE('',#9017,#9019);
#9021 = EDGE_CURVE('',#9004,#9006,#9020,.T.);
#9022 = CARTESIAN_POINT('',(38.32462827,85.98022651,3.00000000));
#9023 = DIRECTION('',(0.00000000,0.00000000,-1.00000000));
#9024 = VECTOR('',#9023,3.00000000);
#9025 = LINE('',#9022,#9024);
#9026 = EDGE_CURVE('',#9006,#9000,#9025,.T.);
#9027 = ORIENTED_EDGE('',*,*,#9011,.T.);
#9028 = ORIENTED_EDGE('',*,*,#9016,.T.);
#9029 = ORIENTED_EDGE('',*,*,#9021,.T.);
#9030 = ORIENTED_EDGE('',*,*,#9026,.T.);
#9031 = EDGE_LOOP('',(#9027,#9028,#9029,#9030));
#9032 = FACE_OUTER_BOUND('',#9031,.T.);
#9033 = CARTESIAN_POINT('',(38.32462827,85.98022651,0.00000000));
#9034 = DIRECTION('',(0.16262622,0.98668775,0.00000000));
#9035 = DIRECTION('',(-0.98668775,0.16262622,0.00000000));
#9036 = AXIS2_PLACEMENT_3D('',#9033,#9034,#9035);
#9037 = PLANE('',#9036);
#9038 = ADVANCED_FACE('',(#9032),#9037,.T.);
#9039 = CARTESIAN_POINT('',(38.31807987,85.98130582,0.00000000));
#9040 = VERTEX_POINT('',#9039);
#9041 = CARTESIAN_POINT('',(38.31161589,85.98281031,0.00000000));
#9042 = VERTEX_POINT('',#9041);
#9043 = CARTESIAN_POINT('',(38.31161589,85.98281031,3.00000000));
#9044 = VERTEX_POINT('',#9043);
#9045 = CARTESIAN_POINT('',(38.31807987,85.98130582,3.00000000));
#9046 = VERTEX_POINT('',#9045);
#9047 = CARTESIAN_POINT('',(38.31807987,85.98130582,0.00000000));
#9048 = DIRECTION('',(-0.97396695,0.22669004,0.00000000));
#9049 = VECTOR('',#9048,0.00663675);
#9050 = LINE('',#9047,#9049);
#9051 = EDGE_CURVE('',#9040,#9042,#9050,.T.);
#9052 = CARTESIAN_POINT('',(38.31161589,85.98281031,0.00000000));
#9053 = DIRECTION('',(0.00000000,0.00000000,1.00000000));
#9054 = VECTOR('',#9053,3.00000000);
#9055 = LINE('',#9052,#9054);
#9056 = EDGE_CURVE('',#9042,#9044,#9055,.T.);
#9057 = CARTESIAN_POINT('',(38.31161589,85.98281031,3.00000000));
#9058 = DIRECTION('',(0.97396695,-0.22669004,0.00000000));
#9059 = VECTOR('',#9058,0.00663675);
#9060 = LINE('',#9057,#9059);
#9061 = EDGE_CURVE('',#9044,#9046,#9060,.T.);
#9062 = CARTESIAN_POINT('',(38.31807987,85.98130582,3.00000000));
#9063 = DIRECTION('',(0.00000000,0.00000000,-1.00000000));
#9064 = VECTOR('',#9063,3.00000000);
#9065 = LINE('',#9062,#9064);
#9066 = EDGE_CURVE('',#9046,#9040,#9065,.T.);
#9067 = ORIENTED_EDGE('',*,*,#9051,.T.);
#9068 = ORIENTED_EDGE('',*,*,#9056,.T.);
#9069 = ORIENTED_EDGE('',*,*,#9061,.T.);
#9070 = ORIENTED_EDGE('',*,*,#9066,.T.);
#9071 = EDGE_LOOP('',(#9067,#9068,#9069,#9070));
#9072 = FACE_OUTER_BOUND('',#9071,.T.);
#9073 = CARTESIAN_POINT('',(38.31807987,85.98130582,0.00000000));
#9074 = DIRECTION('',(0.22669004,0.97396695,0.00000000));
#9075 = DIRECTION('',(-0.97396695,0.22669004,0.00000000));
#9076 = AXIS2_PLACEMENT_3D('',#9073,#9074,#9075);
#9077 = PLANE('',#9076);
#9078 = ADVANCED_FACE('',(#9072),#9077,.T.);
#9079 = CARTESIAN_POINT('',(38.31161589,85.98281031,0.00000000));
#9080 = VERTEX_POINT('',#9079);
#9081 = CARTESIAN_POINT('',(38.30526391,85.98473355,0.00000000));
#9082 = VERTEX_POINT('',#9081);
#9083 = CARTESIAN_POINT('',(38.30526391,85.98473355,3.00000000));
#9084 = VERTEX_POINT('',#9083);
#9085 = CARTESIAN_POINT('',(38.31161589,85.98281031,3.00000000));
#9086 = VERTEX_POINT('',#9085);
#9087 = CARTESIAN_POINT('',(38.31161589,85.98281031,0.00000000));
#9088 = DIRECTION('',(-0.95709122,0.28978680,0.00000000));
#9089 = VECTOR('',#9088,0.00663675);
#9090 = LINE('',#9087,#9089);
#9091 = EDGE_CURVE('',#9080,#9082,#9090,.T.);
#9092 = CARTESIAN_POINT('',(38.30526391,85.98473355,0.00000000));
#9093 = DIRECTION('',(0.00000000,0.00000000,1.00000000));
#9094 = VECTOR('',#9093,3.00000000);
#9095 = LINE('',#9092,#9094);
#9096 = EDGE_CURVE('',#9082,#9084,#9095,.T.);
#9097 = CARTESIAN_POINT('',(38.30526391,85.98473355,3.00000000));
#9098 = DIRECTION('',(0.95709122,-0.28978680,0.00000000));
#9099 = VECTOR('',#9098,0.00663675);
#9100 = LINE('',#9097,#9099);
#9101 = EDGE_CURVE('',#9084,#9086,#9100,.T.);
#9102 = CARTESIAN_POINT('',(38.31161589,85.98281031,3.00000000));
#9103 = DIRECTION('',(0.00000000,0.00000000,-1.00000000));
#9104 = VECTOR('',#9103,3.00000000);
#9105 = LINE('',#9102,#9104);
#9106 = EDGE_CURVE('',#9086,#9080,#9105,.T.);
#9107 = ORIENTED_EDGE('',*,*,#9091,.T.);
#9108 = ORIENTED_EDGE('',*,*,#9096,.T.);
#9109 = ORIENTED_EDGE('',*,*,#9101,.T.);
#9110 = ORIENTED_EDGE('',*,*,#9106,.T.);
#9111 = EDGE_LOOP('',(#9107,#9108,#9109,#9110));
#9112 = FACE_OUTER_BOUND('',#9111,.T.);
#9113 = CARTESIAN_POINT('',(38.31161589,85.98281031,0.00000000));
#9114 = DIRECTION('',(0.28978680,0.95709122,0.00000000));
#9115 = DIRECTION('',(-0.95709122,0.28978680,0.00000000));
#9116 = AXIS2_PLACEMENT_3D('',#9113,#9114,#9115);
#9117 = PLANE('',#9116);
#9118 = ADVANCED_FACE('',(#9112),#9117,.T.);
#9119 = CARTESIAN_POINT('',(38.30526391,85.98473355,0.00000000));
#9120 = VERTEX_POINT('',#9119);
#9121 = CARTESIAN_POINT('',(38.29905103,85.98706735,0.00000000));
#9122 = VERTEX_POINT('',#9121);
#9123 = CARTESIAN_POINT('',(38.29905103,85.98706735,3.00000000));
#9124 = VERTEX_POINT('',#9123);
#9125 = CARTESIAN_POINT('',(38.30526391,85.98473355,3.00000000));
#9126 = VERTEX_POINT('',#9125);
#9127 = CARTESIAN_POINT('',(38.30526391,85.98473355,0.00000000));
#9128 = DIRECTION('',(-0.93613255,0.35164734,0.00000000));
#9129 = VECTOR('',#9128,0.00663675);
#9130 = LINE('',#9127,#9129);
#9131 = EDGE_CURVE('',#9120,#9122,#9130,.T.);
#9132 = CARTESIAN_POINT('',(38.29905103,85.98706735,0.00000000));
#9133 = DIRECTION('',(0.00000000,0.00000000,1.00000000));
#9134 = VECTOR('',#9133,3.00000000);
#9135 = LINE('',#9132,#9134);
#9136 = EDGE_CURVE('',#9122,#9124,#9135,.T.);
#9137 = CARTESIAN_POINT('',(38.29905103,85.98706735,3.00000000));
#9138 = DIRECTION('',(0.93613255,-0.35164734,0.00000000));
#9139 = VECTOR('',#9138,0.00663675);
#9140 = LINE('',#9137,#9139);
#9141 = EDGE_CURVE('',#9124,#9126,#9140,.T.);
#9142 = CARTESIAN_POINT('',(38.30526391,85.98473355,3.00000000));
#9143 = DIRECTION('',(0.00000000,0.00000000,-1.00000000));
#9144 = VECTOR('',#9143,3.00000000);
#9145 = LINE('',#9142,#9144);
#9146 = EDGE_CURVE('',#9126,#9120,#9145,.T.);
#9147 = ORIENTED_EDGE('',*,*,#9131,.T.);
#9148 = ORIENTED_EDGE('',*,*,#9136,.T.);
#9149 = ORIENTED_EDGE('',*,*,#9141,.T.);
#9150 = ORIENTED_EDGE('',*,*,#9146,.T.);
#9151 = EDGE_LOOP('',(#9147,#9148,#9149,#9150));
#9152 = FACE_OUTER_BOUND('',#9151,.T.);
#9153 = CARTESIAN_POINT('',(38.30526391,85.98473355,0.00000000));
#9154 = DIRECTION('',(0.35164734,0.93613255,0.00000000));
#9155 = DIRECTION('',(-0.93613255,0.35164734,0.00000000));
#9156 = AXIS2_PLACEMENT_3D('',#9153,#9154,#9155);
#9157 = PLANE('',#9156);
#9158 = ADVANCED_FACE('',(#9152),#9157,.T.);
#9159 = CARTESIAN_POINT('',(38.29905103,85.98706735,0.00000000));
#9160 = VERTEX_POINT('',#9159);
#9161 = CARTESIAN_POINT('',(38.29300375,85.98980174,0.00000000));
#9162 = VERTEX_POINT('',#9161);
#9163 = CARTESIAN_POINT('',(38.29300375,85.98980174,3.00000000));
#9164 = VERTEX_POINT('',#9163);
#9165 = CARTESIAN_POINT('',(38.29905103,85.98706735,3.00000000));
#9166 = VERTEX_POINT('',#9165);
#9167 = CARTESIAN_POINT('',(38.29905103,85.98706735,0.00000000));
#9168 = DIRECTION('',(-0.91118034,0.41200775,0.00000000));
#9169 = VECTOR('',#9168,0.00663675);
#9170 = LINE('',#9167,#9169);
#9171 = EDGE_CURVE('',#9160,#9162,#9170,.T.);
#9172 = CARTESIAN_POINT('',(38.29300375,85.98980174,0.00000000));
#9173 = DIRECTION('',(0.00000000,0.00000000,1.00000000));
#9174 = VECTOR('',#9173,3.00000000);
#9175 = LINE('',#9172,#9174);
#9176 = EDGE_CURVE('',#9162,#9164,#9175,.T.);
#9177 = CARTESIAN_POINT('',(38.29300375,85.98980174,3.00000000));
#9178 = DIRECTION('',(0.91118034,-0.41200775,0.00000000));
#9179 = VECTOR('',#9178,0.00663675);
#9180 = LINE('',#9177,#9179);
#9181 = EDGE_CURVE('',#9164,#9166,#9180,.T.);
#9182 = CARTESIAN_POINT('',(38.29905103,85.98706735,3.00000000));
#9183 = DIRECTION('',(0.00000000,0.00000000,-1.00000000));
#9184 = VECTOR('',#9183,3.00000000);
#9185 = LINE('',#9182,#9184);
#9186 = EDGE_CURVE('',#9166,#9160,#9185,.T.);
#9187 = ORIENTED_EDGE('',*,*,#9171,.T.);
#9188 = ORIENTED_EDGE('',*,*,#9176,.T.);
#9189 = ORIENTED_EDGE('',*,*,#9181,.T.);
#9190 = ORIENTED_EDGE('',*,*,#9186,.T.);
#9191 = EDGE_LOOP('',(#9187,#9188,#9189,#9190));
#9192 = FACE_OUTER_BOUND('',#9191,.T.);
#9193 = CARTESIAN_POINT('',(38.29905103,85.98706735,0.00000000));
#9194 = DIRECTION('',(0.41200775,0.91118034,0.00000000));
#9195 = DIRECTION('',(-0.91118034,0.41200775,0.00000000));
#9196 = AXIS2_PLACEMENT_3D('',#9193,#9194,#9195);
#9197 = PLANE('',#9196);
#9198 = ADVANCED_FACE('',(#9192),#9197,.T.);
#9199 = CARTESIAN_POINT('',(38.29300375,85.98980174,0.00000000));
#9200 = VERTEX_POINT('',#9199);
#9201 = CARTESIAN_POINT('',(38.28714787,85.99292507,0.00000000));
#9202 = VERTEX_POINT('',#9201);
#9203 = CARTESIAN_POINT('',(38.28714787,85.99292507,3.00000000));
#9204 = VERTEX_POINT('',#9203);
#9205 = CARTESIAN_POINT('',(38.29300375,85.98980174,3.00000000));
#9206 = VERTEX_POINT('',#9205);
#9207 = CARTESIAN_POINT('',(38.29300375,85.98980174,0.00000000));
#9208 = DIRECTION('',(-0.88234104,0.47061054,0.00000000));
#9209 = VECTOR('',#9208,0.00663675);
#9210 = LINE('',#9207,#9209);
#9211 = EDGE_CURVE('',#9200,#9202,#9210,.T.);
#9212 = CARTESIAN_POINT('',(38.28714787,85.99292507,0.00000000));
#9213 = DIRECTION('',(0.00000000,0.00000000,1.00000000));
#9214 = VECTOR('',#9213,3.00000000);
#9215 = LINE('',#9212,#9214);
#9216 = EDGE_CURVE('',#9202,#9204,#9215,.T.);
#9217 = CARTESIAN_POINT('',(38.28714787,85.99292507,3.00000000));
#9218 = DIRECTION('',(0.88234104,-0.47061054,0.00000000));
#9219 = VECTOR('',#9218,0.00663675);
#9220 = LINE('',#9217,#9219);
#9221 = EDGE_CURVE('',#9204,#9206,#9220,.T.);
#9222 = CARTESIAN_POINT('',(38.29300375,85.98980174,3.00000000));
#9223 = DIRECTION('',(0.00000000,0.00000000,-1.00000000));
#9224 = VECTOR('',#9223,3.00000000);
#9225 = LINE('',#9222,#9224);
#9226 = EDGE_CURVE('',#9206,#9200,#9225,.T.);
#9227 = ORIENTED_EDGE('',*,*,#9211,.T.);
#9228 = ORIENTED_EDGE('',*,*,#9216,.T.);
#9229 = ORIENTED_EDGE('',*,*,#9221,.T.);
#9230 = ORIENTED_EDGE('',*,*,#9226,.T.);
#9231 = EDGE_LOOP('',(#9227,#9228,#9229,#9230));
#9232 = FACE_OUTER_BOUND('',#9231,.T.);
#9233 = CARTESIAN_POINT('',(38.29300375,85.98980174,0.00000000));
#9234 = DIRECTION('',(0.47061054,0.88234104,0.00000000));
#9235 = DIRECTION('',(-0.88234104,0.47061054,0.00000000));
#9236 = AXIS2_PLACEMENT_3D('',#9233,#9234,#9235);
#9237 = PLANE('',#9236);
#9238 = ADVANCED_FACE('',(#9232),#9237,.T.);
#9239 = CARTESIAN_POINT('',(38.28714787,85.99292507,0.00000000));
#9240 = VERTEX_POINT('',#9239);
#9241 = CARTESIAN_POINT('',(38.28150837,85.99642400,0.00000000));
#9242 = VERTEX_POINT('',#9241);
#9243 = CARTESIAN_POINT('',(38.28150837,85.99642400,3.00000000));
#9244 = VERTEX_POINT('',#9243);
#9245 = CARTESIAN_POINT('',(38.28714787,85.99292507,3.00000000));
#9246 = VERTEX_POINT('',#9245);
#9247 = CARTESIAN_POINT('',(38.28714787,85.99292507,0.00000000));
#9248 = DIRECTION('',(-0.84973769,0.52720571,0.00000000));
#9249 = VECTOR('',#9248,0.00663675);
#9250 = LINE('',#9247,#9249);
#9251 = EDGE_CURVE('',#9240,#9242,#9250,.T.);
#9252 = CARTESIAN_POINT('',(38.28150837,85.99642400,0.00000000));
#9253 = DIRECTION('',(0.00000000,0.00000000,1.00000000));
#9254 = VECTOR('',#9253,3.00000000);
#9255 = LINE('',#9252,#9254);
#9256 = EDGE_CURVE('',#9242,#9244,#9255,.T.);
#9257 = CARTESIAN_POINT('',(38.28150837,85.99642400,3.00000000));
#9258 = DIRECTION('',(0.84973769,-0.52720571,0.00000000));
#9259 = VECTOR('',#9258,0.00663675);
#9260 = LINE('',#9257,#9259);
#9261 = EDGE_CURVE('',#9244,#9246,#9260,.T.);
#9262 = CARTESIAN_POINT('',(38.28714787,85.99292507,3.00000000));
#9263 = DIRECTION('',(0.00000000,0.00000000,-1.00000000));
#9264 = VECTOR('',#9263,3.00000000);
#9265 = LINE('',#9262,#9264);
#9266 = EDGE_CURVE('',#9246,#9240,#9265,.T.);
#9267 = ORIENTED_EDGE('',*,*,#9251,.T.);
#9268 = ORIENTED_EDGE('',*,*,#9256,.T.);
#9269 = ORIENTED_EDGE('',*,*,#9261,.T.);
#9270 = ORIENTED_EDGE('',*,*,#9266,.T.);
#9271 = EDGE_LOOP('',(#9267,#9268,#9269,#9270));
#9272 = FACE_OUTER_BOUND('',#9271,.T.);
#9273 = CARTESIAN_POINT('',(38.28714787,85.99292507,0.00000000));
#9274 = DIRECTION('',(0.52720571,0.84973769,0.00000000));
#9275 = DIRECTION('',(-0.84973769,0.52720571,0.00000000));
#9276 = AXIS2_PLACEMENT_3D('',#9273,#9274,#9275);
#9277 = PLANE('',#9276);
#9278 = ADVANCED_FACE('',(#9272),#9277,.T.);
#9279 = CARTESIAN_POINT('',(38.28150837,85.99642400,0.00000000));
#9280 = VERTEX_POINT('',#9279);
#9281 = CARTESIAN_POINT('',(21.90406637,94.94556000,0.00000000));
#9282 = VERTEX_POINT('',#9281);
#9283 = CARTESIAN_POINT('',(21.90406637,94.94556000,3.00000000));
#9284 = VERTEX_POINT('',#9283);
#9285 = CARTESIAN_POINT('',(38.28150837,85.99642400,3.00000000));
#9286 = VERTEX_POINT('',#9285);
#9287 = CARTESIAN_POINT('',(38.28150837,85.99642400,0.00000000));
#9288 = DIRECTION('',(-0.87753525,0.47951214,0.00000000));
#9289 = VECTOR('',#9288,18.66300195);
#9290 = LINE('',#9287,#9289);
#9291 = EDGE_CURVE('',#9280,#9282,#9290,.T.);
#9292 = CARTESIAN_POINT('',(21.90406637,94.94556000,0.00000000));
#9293 = DIRECTION('',(0.00000000,0.00000000,1.00000000));
#9294 = VECTOR('',#9293,3.00000000);
#9295 = LINE('',#9292,#9294);
#9296 = EDGE_CURVE('',#9282,#9284,#9295,.T.);
#9297 = CARTESIAN_POINT('',(21.90406637,94.94556000,3.00000000));
#9298 = DIRECTION('',(0.87753525,-0.47951214,0.00000000));
#9299 = VECTOR('',#9298,18.66300195);
#9300 = LINE('',#9297,#9299);
#9301 = EDGE_CURVE('',#9284,#9286,#9300,.T.);
#9302 = CARTESIAN_POINT('',(38.28150837,85.99642400,3.00000000));
#9303 = DIRECTION('',(0.00000000,0.00000000,-1.00000000));
#9304 = VECTOR('',#9303,3.00000000);
#9305 = LINE('',#9302,#9304);
#9306 = EDGE_CURVE('',#9286,#9280,#9305,.T.);
#9307 = ORIENTED_EDGE('',*,*,#9291,.T.);
#9308 = ORIENTED_EDGE('',*,*,#9296,.T.);
#9309 = ORIENTED_EDGE('',*,*,#9301,.T.);
#9310 = ORIENTED_EDGE('',*,*,#9306,.T.);
#9311 = EDGE_LOOP('',(#9307,#9308,#9309,#9310));
#9312 = FACE_OUTER_BOUND('',#9311,.T.);
#9313 = CARTESIAN_POINT('',(38.28150837,85.99642400,0.00000000));
#9314 = DIRECTION('',(0.47951214,0.87753525,0.00000000));
#9315 = DIRECTION('',(-0.87753525,0.47951214,0.00000000));
#9316 = AXIS2_PLACEMENT_3D('',#9313,#9314,#9315);
#9317 = PLANE('',#9316);
#9318 = ADVANCED_FACE('',(#9312),#9317,.T.);
#9319 = CARTESIAN_POINT('',(21.90406637,94.94556000,0.00000000));
#9320 = VERTEX_POINT('',#9319);
#9321 = CARTESIAN_POINT('',(21.89471625,94.94498326,0.00000000));
#9322 = VERTEX_POINT('',#9321);
#9323 = CARTESIAN_POINT('',(21.89471625,94.94498326,3.00000000));
#9324 = VERTEX_POINT('',#9323);
#9325 = CARTESIAN_POINT('',(21.90406637,94.94556000,3.00000000));
#9326 = VERTEX_POINT('',#9325);
#9327 = CARTESIAN_POINT('',(21.90406637,94.94556000,0.00000000));
#9328 = DIRECTION('',(-0.99810303,-0.06156569,0.00000000));
#9329 = VECTOR('',#9328,0.00936789);
#9330 = LINE('',#9327,#9329);
#9331 = EDGE_CURVE('',#9320,#9322,#9330,.T.);
#9332 = CARTESIAN_POINT('',(21.89471625,94.94498326,0.00000000));
#9333 = DIRECTION('',(0.00000000,0.00000000,1.00000000));
#9334 = VECTOR('',#9333,3.00000000);
#9335 = LINE('',#9332,#9334);
#9336 = EDGE_CURVE('',#9322,#9324,#9335,.T.);
#9337 = CARTESIAN_POINT('',(21.89471625,94.94498326,3.00000000));
#9338 = DIRECTION('',(0.99810303,0.06156569,0.00000000));
#9339 = VECTOR('',#9338,0.00936789);
#9340 = LINE('',#9337,#9339);
#9341 = EDGE_CURVE('',#9324,#9326,#9340,.T.);
#9342 = CARTESIAN_POINT('',(21.90406637,94.94556000,3.00000000));
#9343 = DIRECTION('',(0.00000000,0.00000000,-1.00000000));
#9344 = VECTOR('',#9343,3.00000000);
#9345 = LINE('',#9342,#9344);
#9346 = EDGE_CURVE('',#9326,#9320,#9345,.T.);
#9347 = ORIENTED_EDGE('',*,*,#9331,.T.);
#9348 = ORIENTED_EDGE('',*,*,#9336,.T.);
#9349 = ORIENTED_EDGE('',*,*,#9341,.T.);
#9350 = ORIENTED_EDGE('',*,*,#9346,.T.);
#9351 = EDGE_LOOP('',(#9347,#9348,#9349,#9350));
#9352 = FACE_OUTER_BOUND('',#9351,.T.);
#9353 = CARTESIAN_POINT('',(21.90406637,94.94556000,0.00000000));
#9354 = DIRECTION('',(-0.06156569,0.99810303,0.00000000));
#9355 = DIRECTION('',(-0.99810303,-0.06156569,0.00000000));
#9356 = AXIS2_PLACEMENT_3D('',#9353,#9354,#9355);
#9357 = PLANE('',#9356);
#9358 = ADVANCED_FACE('',(#9352),#9357,.T.);
#9359 = CARTESIAN_POINT('',(21.89471625,94.94498326,0.00000000));
#9360 = VERTEX_POINT('',#9359);
#9361 = CARTESIAN_POINT('',(21.88550745,94.94326451,0.00000000));
#9362 = VERTEX_POINT('',#9361);
#9363 = CARTESIAN_POINT('',(21.88550745,94.94326451,3.00000000));
#9364 = VERTEX_POINT('',#9363);
#9365 = CARTESIAN_POINT('',(21.89471625,94.94498326,3.00000000));
#9366 = VERTEX_POINT('',#9365);
#9367 = CARTESIAN_POINT('',(21.89471625,94.94498326,0.00000000));
#9368 = DIRECTION('',(-0.98302470,-0.18347328,0.00000000));
#9369 = VECTOR('',#9368,0.00936783);
#9370 = LINE('',#9367,#9369);
#9371 = EDGE_CURVE('',#9360,#9362,#9370,.T.);
#9372 = CARTESIAN_POINT('',(21.88550745,94.94326451,0.00000000));
#9373 = DIRECTION('',(0.00000000,0.00000000,1.00000000));
#9374 = VECTOR('',#9373,3.00000000);
#9375 = LINE('',#9372,#9374);
#9376 = EDGE_CURVE('',#9362,#9364,#9375,.T.);
#9377 = CARTESIAN_POINT('',(21.88550745,94.94326451,3.00000000));
#9378 = DIRECTION('',(0.98302470,0.18347328,0.00000000));
#9379 = VECTOR('',#9378,0.00936783);
#9380 = LINE('',#9377,#9379);
#9381 = EDGE_CURVE('',#9364,#9366,#9380,.T.);
#9382 = CARTESIAN_POINT('',(21.89471625,94.94498326,3.00000000));
#9383 = DIRECTION('',(0.00000000,0.00000000,-1.00000000));
#9384 = VECTOR('',#9383,3.00000000);
#9385 = LINE('',#9382,#9384);
#9386 = EDGE_CURVE('',#9366,#9360,#9385,.T.);
#9387 = ORIENTED_EDGE('',*,*,#9371,.T.);
#9388 = ORIENTED_EDGE('',*,*,#9376,.T.);
#9389 = ORIENTED_EDGE('',*,*,#9381,.T.);
#9390 = ORIENTED_EDGE('',*,*,#9386,.T.);
#9391 = EDGE_LOOP('',(#9387,#9388,#9389,#9390));
#9392 = FACE_OUTER_BOUND('',#9391,.T.);
#9393 = CARTESIAN_POINT('',(21.89471625,94.94498326,0.00000000));
#9394 = DIRECTION('',(-0.18347328,0.98302470,0.00000000));
#9395 = DIRECTION('',(-0.98302470,-0.18347328,0.00000000));
#9396 = AXIS2_PLACEMENT_3D('',#9393,#9394,#9395);
#9397 = PLANE('',#9396);
#9398 = ADVANCED_FACE('',(#9392),#9397,.T.);
#9399 = CARTESIAN_POINT('',(21.88550745,94.94326451,0.00000000));
#9400 = VERTEX_POINT('',#9399);
#9401 = CARTESIAN_POINT('',(21.87657915,94.94042874,0.00000000));
#9402 = VERTEX_POINT('',#9401);
#9403 = CARTESIAN_POINT('',(21.87657915,94.94042874,3.00000000));
#9404 = VERTEX_POINT('',#9403);
#9405 = CARTESIAN_POINT('',(21.88550745,94.94326451,3.00000000));
#9406 = VERTEX_POINT('',#9405);
#9407 = CARTESIAN_POINT('',(21.88550745,94.94326451,0.00000000));
#9408 = DIRECTION('',(-0.95308144,-0.30271399,0.00000000));
#9409 = VECTOR('',#9408,0.00936783);
#9410 = LINE('',#9407,#9409);
#9411 = EDGE_CURVE('',#9400,#9402,#9410,.T.);
#9412 = CARTESIAN_POINT('',(21.87657915,94.94042874,0.00000000));
#9413 = DIRECTION('',(0.00000000,0.00000000,1.00000000));
#9414 = VECTOR('',#9413,3.00000000);
#9415 = LINE('',#9412,#9414);
#9416 = EDGE_CURVE('',#9402,#9404,#9415,.T.);
#9417 = CARTESIAN_POINT('',(21.87657915,94.94042874,3.00000000));
#9418 = DIRECTION('',(0.95308144,0.30271399,0.00000000));
#9419 = VECTOR('',#9418,0.00936783);
#9420 = LINE('',#9417,#9419);
#9421 = EDGE_CURVE('',#9404,#9406,#9420,.T.);
#9422 = CARTESIAN_POINT('',(21.88550745,94.94326451,3.00000000));
#9423 = DIRECTION('',(0.00000000,0.00000000,-1.00000000));
#9424 = VECTOR('',#9423,3.00000000);
#9425 = LINE('',#9422,#9424);
#9426 = EDGE_CURVE('',#9406,#9400,#9425,.T.);
#9427 = ORIENTED_EDGE('',*,*,#9411,.T.);
#9428 = ORIENTED_EDGE('',*,*,#9416,.T.);
#9429 = ORIENTED_EDGE('',*,*,#9421,.T.);
#9430 = ORIENTED_EDGE('',*,*,#9426,.T.);
#9431 = EDGE_LOOP('',(#9427,#9428,#9429,#9430));
#9432 = FACE_OUTER_BOUND('',#9431,.T.);
#9433 = CARTESIAN_POINT('',(21.88550745,94.94326451,0.00000000));
#9434 = DIRECTION('',(-0.30271399,0.95308144,0.00000000));
#9435 = DIRECTION('',(-0.95308144,-0.30271399,0.00000000));
#9436 = AXIS2_PLACEMENT_3D('',#9433,#9434,#9435);
#9437 = PLANE('',#9436);
#9438 = ADVANCED_FACE('',(#9432),#9437,.T.);
#9439 = CARTESIAN_POINT('',(21.87657915,94.94042874,0.00000000));
#9440 = VERTEX_POINT('',#9439);
#9441 = CARTESIAN_POINT('',(21.86806630,94.93651881,0.00000000));
#9442 = VERTEX_POINT('',#9441);
#9443 = CARTESIAN_POINT('',(21.86806630,94.93651881,3.00000000));
#9444 = VERTEX_POINT('',#9443);
#9445 = CARTESIAN_POINT('',(21.87657915,94.94042874,3.00000000));
#9446 = VERTEX_POINT('',#9445);
#9447 = CARTESIAN_POINT('',(21.87657915,94.94042874,0.00000000));
#9448 = DIRECTION('',(-0.90873242,-0.41737919,0.00000000));
#9449 = VECTOR('',#9448,0.00936783);
#9450 = LINE('',#9447,#9449);
#9451 = EDGE_CURVE('',#9440,#9442,#9450,.T.);
#9452 = CARTESIAN_POINT('',(21.86806630,94.93651881,0.00000000));
#9453 = DIRECTION('',(0.00000000,0.00000000,1.00000000));
#9454 = VECTOR('',#9453,3.00000000);
#9455 = LINE('',#9452,#9454);
#9456 = EDGE_CURVE('',#9442,#9444,#9455,.T.);
#9457 = CARTESIAN_POINT('',(21.86806630,94.93651881,3.00000000));
#9458 = DIRECTION('',(0.90873242,0.41737919,0.00000000));
#9459 = VECTOR('',#9458,0.00936783);
#9460 = LINE('',#9457,#9459);
#9461 = EDGE_CURVE('',#9444,#9446,#9460,.T.);
#9462 = CARTESIAN_POINT('',(21.87657915,94.94042874,3.00000000));
#9463 = DIRECTION('',(0.00000000,0.00000000,-1.00000000));
#9464 = VECTOR('',#9463,3.00000000);
#9465 = LINE('',#9462,#9464);
#9466 = EDGE_CURVE('',#9446,#9440,#9465,.T.);
#9467 = ORIENTED_EDGE('',*,*,#9451,.T.);
#9468 = ORIENTED_EDGE('',*,*,#9456,.T.);
#9469 = ORIENTED_EDGE('',*,*,#9461,.T.);
#9470 = ORIENTED_EDGE('',*,*,#9466,.T.);
#9471 = EDGE_LOOP('',(#9467,#9468,#9469,#9470));
#9472 = FACE_OUTER_BOUND('',#9471,.T.);
#9473 = CARTESIAN_POINT('',(21.87657915,94.94042874,0.00000000));
#9474 = DIRECTION('',(-0.41737919,0.90873242,0.00000000));
#9475 = DIRECTION('',(-0.90873242,-0.41737919,0.00000000));
#9476 = AXIS2_PLACEMENT_3D('',#9473,#9474,#9475);
#9477 = PLANE('',#9476);
#9478 = ADVANCED_FACE('',(#9472),#9477,.T.);
#9479 = CARTESIAN_POINT('',(21.86806630,94.93651881,0.00000000));
#9480 = VERTEX_POINT('',#9479);
#9481 = CARTESIAN_POINT('',(21.86009758,94.93159381,0.00000000));
#9482 = VERTEX_POINT('',#9481);
#9483 = CARTESIAN_POINT('',(21.86009758,94.93159381,3.00000000));
#9484 = VERTEX_POINT('',#9483);
#9485 = CARTESIAN_POINT('',(21.86806630,94.93651881,3.00000000));
#9486 = VERTEX_POINT('',#9485);
#9487 = CARTESIAN_POINT('',(21.86806630,94.93651881,0.00000000));
#9488 = DIRECTION('',(-0.85064795,-0.52573574,0.00000000));
#9489 = VECTOR('',#9488,0.00936783);
#9490 = LINE('',#9487,#9489);
#9491 = EDGE_CURVE('',#9480,#9482,#9490,.T.);
#9492 = CARTESIAN_POINT('',(21.86009758,94.93159381,0.00000000));
#9493 = DIRECTION('',(0.00000000,0.00000000,1.00000000));
#9494 = VECTOR('',#9493,3.00000000);
#9495 = LINE('',#9492,#9494);
#9496 = EDGE_CURVE('',#9482,#9484,#9495,.T.);
#9497 = CARTESIAN_POINT('',(21.86009758,94.93159381,3.00000000));
#9498 = DIRECTION('',(0.85064795,0.52573574,0.00000000));
#9499 = VECTOR('',#9498,0.00936783);
#9500 = LINE('',#9497,#9499);
#9501 = EDGE_CURVE('',#9484,#9486,#9500,.T.);
#9502 = CARTESIAN_POINT('',(21.86806630,94.93651881,3.00000000));
#9503 = DIRECTION('',(0.00000000,0.00000000,-1.00000000));
#9504 = VECTOR('',#9503,3.00000000);
#9505 = LINE('',#9502,#9504);
#9506 = EDGE_CURVE('',#9486,#9480,#9505,.T.);
#9507 = ORIENTED_EDGE('',*,*,#9491,.T.);
#9508 = ORIENTED_EDGE('',*,*,#9496,.T.);
#9509 = ORIENTED_EDGE('',*,*,#9501,.T.);
#9510 = ORIENTED_EDGE('',*,*,#9506,.T.);
#9511 = EDGE_LOOP('',(#9507,#9508,#9509,#9510));
#9512 = FACE_OUTER_BOUND('',#9511,.T.);
#9513 = CARTESIAN_POINT('',(21.86806630,94.93651881,0.00000000));
#9514 = DIRECTION('',(-0.52573574,0.85064795,0.00000000));
#9515 = DIRECTION('',(-0.85064795,-0.52573574,0.00000000));
#9516 = AXIS2_PLACEMENT_3D('',#9513,#9514,#9515);
#9517 = PLANE('',#9516);
#9518 = ADVANCED_FACE('',(#9512),#9517,.T.);
#9519 = CARTESIAN_POINT('',(21.86009758,94.93159381,0.00000000));
#9520 = VERTEX_POINT('',#9519);
#9521 = CARTESIAN_POINT('',(21.85279343,94.92572818,0.00000000));
#9522 = VERTEX_POINT('',#9521);
#9523 = CARTESIAN_POINT('',(21.85279343,94.92572818,3.00000000));
#9524 = VERTEX_POINT('',#9523);
#9525 = CARTESIAN_POINT('',(21.86009758,94.93159381,3.00000000));
#9526 = VERTEX_POINT('',#9525);
#9527 = CARTESIAN_POINT('',(21.86009758,94.93159381,0.00000000));
#9528 = DIRECTION('',(-0.77970599,-0.62614581,0.00000000));
#9529 = VECTOR('',#9528,0.00936783);
#9530 = LINE('',#9527,#9529);
#9531 = EDGE_CURVE('',#9520,#9522,#9530,.T.);
#9532 = CARTESIAN_POINT('',(21.85279343,94.92572818,0.00000000));
#9533 = DIRECTION('',(0.00000000,0.00000000,1.00000000));
#9534 = VECTOR('',#9533,3.00000000);
#9535 = LINE('',#9532,#9534);
#9536 = EDGE_CURVE('',#9522,#9524,#9535,.T.);
#9537 = CARTESIAN_POINT('',(21.85279343,94.92572818,3.00000000));
#9538 = DIRECTION('',(0.77970599,0.62614581,0.00000000));
#9539 = VECTOR('',#9538,0.00936783);
#9540 = LINE('',#9537,#9539);
#9541 = EDGE_CURVE('',#9524,#9526,#9540,.T.);
#9542 = CARTESIAN_POINT('',(21.86009758,94.93159381,3.00000000));
#9543 = DIRECTION('',(0.00000000,0.00000000,-1.00000000));
#9544 = VECTOR('',#9543,3.00000000);
#9545 = LINE('',#9542,#9544);
#9546 = EDGE_CURVE('',#9526,#9520,#9545,.T.);
#9547 = ORIENTED_EDGE('',*,*,#9531,.T.);
#9548 = ORIENTED_EDGE('',*,*,#9536,.T.);
#9549 = ORIENTED_EDGE('',*,*,#9541,.T.);
#9550 = ORIENTED_EDGE('',*,*,#9546,.T.);
#9551 = EDGE_LOOP('',(#9547,#9548,#9549,#9550));
#9552 = FACE_OUTER_BOUND('',#9551,.T.);
#9553 = CARTESIAN_POINT('',(21.86009758,94.93159381,0.00000000));
#9554 = DIRECTION('',(-0.62614581,0.77970599,0.00000000));
#9555 = DIRECTION('',(-0.77970599,-0.62614581,0.00000000));
#9556 = AXIS2_PLACEMENT_3D('',#9553,#9554,#9555);
#9557 = PLANE('',#9556);
#9558 = ADVANCED_FACE('',(#9552),#9557,.T.);
#9559 = CARTESIAN_POINT('',(21.85279343,94.92572818,0.00000000));
#9560 = VERTEX_POINT('',#9559);
#9561 = CARTESIAN_POINT('',(21.84626425,94.91901059,0.00000000));
#9562 = VERTEX_POINT('',#9561);
#9563 = CARTESIAN_POINT('',(21.84626425,94.91901059,3.00000000));
#9564 = VERTEX_POINT('',#9563);
#9565 = CARTESIAN_POINT('',(21.85279343,94.92572818,3.00000000));
#9566 = VERTEX_POINT('',#9565);
#9567 = CARTESIAN_POINT('',(21.85279343,94.92572818,0.00000000));
#9568 = DIRECTION('',(-0.69697881,-0.71709172,0.00000000));
#9569 = VECTOR('',#9568,0.00936783);
#9570 = LINE('',#9567,#9569);
#9571 = EDGE_CURVE('',#9560,#9562,#9570,.T.);
#9572 = CARTESIAN_POINT('',(21.84626425,94.91901059,0.00000000));
#9573 = DIRECTION('',(0.00000000,0.00000000,1.00000000));
#9574 = VECTOR('',#9573,3.00000000);
#9575 = LINE('',#9572,#9574);
#9576 = EDGE_CURVE('',#9562,#9564,#9575,.T.);
#9577 = CARTESIAN_POINT('',(21.84626425,94.91901059,3.00000000));
#9578 = DIRECTION('',(0.69697881,0.71709172,0.00000000));
#9579 = VECTOR('',#9578,0.00936783);
#9580 = LINE('',#9577,#9579);
#9581 = EDGE_CURVE('',#9564,#9566,#9580,.T.);
#9582 = CARTESIAN_POINT('',(21.85279343,94.92572818,3.00000000));
#9583 = DIRECTION('',(0.00000000,0.00000000,-1.00000000));
#9584 = VECTOR('',#9583,3.00000000);
#9585 = LINE('',#9582,#9584);
#9586 = EDGE_CURVE('',#9566,#9560,#9585,.T.);
#9587 = ORIENTED_EDGE('',*,*,#9571,.T.);
#9588 = ORIENTED_EDGE('',*,*,#9576,.T.);
#9589 = ORIENTED_EDGE('',*,*,#9581,.T.);
#9590 = ORIENTED_EDGE('',*,*,#9586,.T.);
#9591 = EDGE_LOOP('',(#9587,#9588,#9589,#9590));
#9592 = FACE_OUTER_BOUND('',#9591,.T.);
#9593 = CARTESIAN_POINT('',(21.85279343,94.92572818,0.00000000));
#9594 = DIRECTION('',(-0.71709172,0.69697881,0.00000000));
#9595 = DIRECTION('',(-0.69697881,-0.71709172,0.00000000));
#9596 = AXIS2_PLACEMENT_3D('',#9593,#9594,#9595);
#9597 = PLANE('',#9596);
#9598 = ADVANCED_FACE('',(#9592),#9597,.T.);
#9599 = CARTESIAN_POINT('',(21.84626425,94.91901059,0.00000000));
#9600 = VERTEX_POINT('',#9599);
#9601 = CARTESIAN_POINT('',(21.84060874,94.91154257,0.00000000));
#9602 = VERTEX_POINT('',#9601);
#9603 = CARTESIAN_POINT('',(21.84060874,94.91154257,3.00000000));
#9604 = VERTEX_POINT('',#9603);
#9605 = CARTESIAN_POINT('',(21.84626425,94.91901059,3.00000000));
#9606 = VERTEX_POINT('',#9605);
#9607 = CARTESIAN_POINT('',(21.84626425,94.91901059,0.00000000));
#9608 = DIRECTION('',(-0.60371684,-0.79719883,0.00000000));
#9609 = VECTOR('',#9608,0.00936783);
#9610 = LINE('',#9607,#9609);
#9611 = EDGE_CURVE('',#9600,#9602,#9610,.T.);
#9612 = CARTESIAN_POINT('',(21.84060874,94.91154257,0.00000000));
#9613 = DIRECTION('',(0.00000000,0.00000000,1.00000000));
#9614 = VECTOR('',#9613,3.00000000);
#9615 = LINE('',#9612,#9614);
#9616 = EDGE_CURVE('',#9602,#9604,#9615,.T.);
#9617 = CARTESIAN_POINT('',(21.84060874,94.91154257,3.00000000));
#9618 = DIRECTION('',(0.60371684,0.79719883,0.00000000));
#9619 = VECTOR('',#9618,0.00936783);
#9620 = LINE('',#9617,#9619);
#9621 = EDGE_CURVE('',#9604,#9606,#9620,.T.);
#9622 = CARTESIAN_POINT('',(21.84626425,94.91901059,3.00000000));
#9623 = DIRECTION('',(0.00000000,0.00000000,-1.00000000));
#9624 = VECTOR('',#9623,3.00000000);
#9625 = LINE('',#9622,#9624);
#9626 = EDGE_CURVE('',#9606,#9600,#9625,.T.);
#9627 = ORIENTED_EDGE('',*,*,#9611,.T.);
#9628 = ORIENTED_EDGE('',*,*,#9616,.T.);
#9629 = ORIENTED_EDGE('',*,*,#9621,.T.);
#9630 = ORIENTED_EDGE('',*,*,#9626,.T.);
#9631 = EDGE_LOOP('',(#9627,#9628,#9629,#9630));
#9632 = FACE_OUTER_BOUND('',#9631,.T.);
#9633 = CARTESIAN_POINT('',(21.84626425,94.91901059,0.00000000));
#9634 = DIRECTION('',(-0.79719883,0.60371684,0.00000000));
#9635 = DIRECTION('',(-0.60371684,-0.79719883,0.00000000));
#9636 = AXIS2_PLACEMENT_3D('',#9633,#9634,#9635);
#9637 = PLANE('',#9636);
#9638 = ADVANCED_FACE('',(#9632),#9637,.T.);
#9639 = CARTESIAN_POINT('',(21.84060874,94.91154257,0.00000000));
#9640 = VERTEX_POINT('',#9639);
#9641 = CARTESIAN_POINT('',(21.83591237,94.90343700,0.00000000));
#9642 = VERTEX_POINT('',#9641);
#9643 = CARTESIAN_POINT('',(21.83591237,94.90343700,3.00000000));
#9644 = VERTEX_POINT('',#9643);
#9645 = CARTESIAN_POINT('',(21.84060874,94.91154257,3.00000000));
#9646 = VERTEX_POINT('',#9645);
#9647 = CARTESIAN_POINT('',(21.84060874,94.91154257,0.00000000));
#9648 = DIRECTION('',(-0.50132972,-0.86525633,0.00000000));
#9649 = VECTOR('',#9648,0.00936783);
#9650 = LINE('',#9647,#9649);
#9651 = EDGE_CURVE('',#9640,#9642,#9650,.T.);
#9652 = CARTESIAN_POINT('',(21.83591237,94.90343700,0.00000000));
#9653 = DIRECTION('',(0.00000000,0.00000000,1.00000000));
#9654 = VECTOR('',#9653,3.00000000);
#9655 = LINE('',#9652,#9654);
#9656 = EDGE_CURVE('',#9642,#9644,#9655,.T.);
#9657 = CARTESIAN_POINT('',(21.83591237,94.90343700,3.00000000));
#9658 = DIRECTION('',(0.50132972,0.86525633,0.00000000));
#9659 = VECTOR('',#9658,0.00936783);
#9660 = LINE('',#9657,#9659);
#9661 = EDGE_CURVE('',#9644,#9646,#9660,.T.);
#9662 = CARTESIAN_POINT('',(21.84060874,94.91154257,3.00000000));
#9663 = DIRECTION('',(0.00000000,0.00000000,-1.00000000));
#9664 = VECTOR('',#9663,3.00000000);
#9665 = LINE('',#9662,#9664);
#9666 = EDGE_CURVE('',#9646,#9640,#9665,.T.);
#9667 = ORIENTED_EDGE('',*,*,#9651,.T.);
#9668 = ORIENTED_EDGE('',*,*,#9656,.T.);
#9669 = ORIENTED_EDGE('',*,*,#9661,.T.);
#9670 = ORIENTED_EDGE('',*,*,#9666,.T.);
#9671 = EDGE_LOOP('',(#9667,#9668,#9669,#9670));
#9672 = FACE_OUTER_BOUND('',#9671,.T.);
#9673 = CARTESIAN_POINT('',(21.84060874,94.91154257,0.00000000));
#9674 = DIRECTION('',(-0.86525633,0.50132972,0.00000000));
#9675 = DIRECTION('',(-0.50132972,-0.86525633,0.00000000));
#9676 = AXIS2_PLACEMENT_3D('',#9673,#9674,#9675);
#9677 = PLANE('',#9676);
#9678 = ADVANCED_FACE('',(#9672),#9677,.T.);
#9679 = CARTESIAN_POINT('',(21.83591237,94.90343700,0.00000000));
#9680 = VERTEX_POINT('',#9679);
#9681 = CARTESIAN_POINT('',(2.98106637,60.07136000,0.00000000));
#9682 = VERTEX_POINT('',#9681);
#9683 = CARTESIAN_POINT('',(2.98106637,60.07136000,3.00000000));
#9684 = VERTEX_POINT('',#9683);
#9685 = CARTESIAN_POINT('',(21.83591237,94.90343700,3.00000000));
#9686 = VERTEX_POINT('',#9685);
#9687 = CARTESIAN_POINT('',(21.83591237,94.90343700,0.00000000));
#9688 = DIRECTION('',(-0.47603856,-0.87942441,0.00000000));
#9689 = VECTOR('',#9688,39.60781243);
#9690 = LINE('',#9687,#9689);
#9691 = EDGE_CURVE('',#9680,#9682,#9690,.T.);
#9692 = CARTESIAN_POINT('',(2.98106637,60.07136000,0.00000000));
#9693 = DIRECTION('',(0.00000000,0.00000000,1.00000000));
#9694 = VECTOR('',#9693,3.00000000);
#9695 = LINE('',#9692,#9694);
#9696 = EDGE_CURVE('',#9682,#9684,#9695,.T.);
#9697 = CARTESIAN_POINT('',(2.98106637,60.07136000,3.00000000));
#9698 = DIRECTION('',(0.47603856,0.87942441,0.00000000));
#9699 = VECTOR('',#9698,39.60781243);
#9700 = LINE('',#9697,#9699);
#9701 = EDGE_CURVE('',#9684,#9686,#9700,.T.);
#9702 = CARTESIAN_POINT('',(21.83591237,94.90343700,3.00000000));
#9703 = DIRECTION('',(0.00000000,0.00000000,-1.00000000));
#9704 = VECTOR('',#9703,3.00000000);
#9705 = LINE('',#9702,#9704);
#9706 = EDGE_CURVE('',#9686,#9680,#9705,.T.);
#9707 = ORIENTED_EDGE('',*,*,#9691,.T.);
#9708 = ORIENTED_EDGE('',*,*,#9696,.T.);
#9709 = ORIENTED_EDGE('',*,*,#9701,.T.);
#9710 = ORIENTED_EDGE('',*,*,#9706,.T.);
#9711 = EDGE_LOOP('',(#9707,#9708,#9709,#9710));
#9712 = FACE_OUTER_BOUND('',#9711,.T.);
#9713 = CARTESIAN_POINT('',(21.83591237,94.90343700,0.00000000));
#9714 = DIRECTION('',(-0.87942441,0.47603856,0.00000000));
#9715 = DIRECTION('',(-0.47603856,-0.87942441,0.00000000));
#9716 = AXIS2_PLACEMENT_3D('',#9713,#9714,#9715);
#9717 = PLANE('',#9716);
#9718 = ADVANCED_FACE('',(#9712),#9717,.T.);
#9719 = CARTESIAN_POINT('',(2.98106637,60.07136000,0.00000000));
#9720 = VERTEX_POINT('',#9719);
#9721 = CARTESIAN_POINT('',(2.98106637,55.06756000,0.00000000));
#9722 = VERTEX_POINT('',#9721);
#9723 = CARTESIAN_POINT('',(2.98106637,55.06756000,3.00000000));
#9724 = VERTEX_POINT('',#9723);
#9725 = CARTESIAN_POINT('',(2.98106637,60.07136000,3.00000000));
#9726 = VERTEX_POINT('',#9725);
#9727 = CARTESIAN_POINT('',(2.98106637,60.07136000,0.00000000));
#9728 = DIRECTION('',(0.00000000,-1.00000000,0.00000000));
#9729 = VECTOR('',#9728,5.00380000);
#9730 = LINE('',#9727,#9729);
#9731 = EDGE_CURVE('',#9720,#9722,#9730,.T.);
#9732 = CARTESIAN_POINT('',(2.98106637,55.06756000,0.00000000));
#9733 = DIRECTION('',(0.00000000,0.00000000,1.00000000));
#9734 = VECTOR('',#9733,3.00000000);
#9735 = LINE('',#9732,#9734);
#9736 = EDGE_CURVE('',#9722,#9724,#9735,.T.);
#9737 = CARTESIAN_POINT('',(2.98106637,55.06756000,3.00000000));
#9738 = DIRECTION('',(-0.00000000,1.00000000,0.00000000));
#9739 = VECTOR('',#9738,5.00380000);
#9740 = LINE('',#9737,#9739);
#9741 = EDGE_CURVE('',#9724,#9726,#9740,.T.);
#9742 = CARTESIAN_POINT('',(2.98106637,60.07136000,3.00000000));
#9743 = DIRECTION('',(0.00000000,0.00000000,-1.00000000));
#9744 = VECTOR('',#9743,3.00000000);
#9745 = LINE('',#9742,#9744);
#9746 = EDGE_CURVE('',#9726,#9720,#9745,.T.);
#9747 = ORIENTED_EDGE('',*,*,#9731,.T.);
#9748 = ORIENTED_EDGE('',*,*,#9736,.T.);
#9749 = ORIENTED_EDGE('',*,*,#9741,.T.);
#9750 = ORIENTED_EDGE('',*,*,#9746,.T.);
#9751 = EDGE_LOOP('',(#9747,#9748,#9749,#9750));
#9752 = FACE_OUTER_BOUND('',#9751,.T.);
#9753 = CARTESIAN_POINT('',(2.98106637,60.07136000,0.00000000));
#9754 = DIRECTION('',(-1.00000000,-0.00000000,0.00000000));
#9755 = DIRECTION('',(0.00000000,-1.00000000,0.00000000));
#9756 = AXIS2_PLACEMENT_3D('',#9753,#9754,#9755);
#9757 = PLANE('',#9756);
#9758 = ADVANCED_FACE('',(#9752),#9757,.T.);
#9759 = CARTESIAN_POINT('',(2.98106637,55.06756000,0.00000000));
#9760 = VERTEX_POINT('',#9759);
#9761 = CARTESIAN_POINT('',(2.82788563,54.19882884,0.00000000));
#9762 = VERTEX_POINT('',#9761);
#9763 = CARTESIAN_POINT('',(2.82788563,54.19882884,3.00000000));
#9764 = VERTEX_POINT('',#9763);
#9765 = CARTESIAN_POINT('',(2.98106637,55.06756000,3.00000000));
#9766 = VERTEX_POINT('',#9765);
#9767 = CARTESIAN_POINT('',(2.98106637,55.06756000,0.00000000));
#9768 = DIRECTION('',(-0.17364818,-0.98480775,0.00000000));
#9769 = VECTOR('',#9768,0.88213274);
#9770 = LINE('',#9767,#9769);
#9771 = EDGE_CURVE('',#9760,#9762,#9770,.T.);
#9772 = CARTESIAN_POINT('',(2.82788563,54.19882884,0.00000000));
#9773 = DIRECTION('',(0.00000000,0.00000000,1.00000000));
#9774 = VECTOR('',#9773,3.00000000);
#9775 = LINE('',#9772,#9774);
#9776 = EDGE_CURVE('',#9762,#9764,#9775,.T.);
#9777 = CARTESIAN_POINT('',(2.82788563,54.19882884,3.00000000));
#9778 = DIRECTION('',(0.17364818,0.98480775,0.00000000));
#9779 = VECTOR('',#9778,0.88213274);
#9780 = LINE('',#9777,#9779);
#9781 = EDGE_CURVE('',#9764,#9766,#9780,.T.);
#9782 = CARTESIAN_POINT('',(2.98106637,55.06756000,3.00000000));
#9783 = DIRECTION('',(0.00000000,0.00000000,-1.00000000));
#9784 = VECTOR('',#9783,3.00000000);
#9785 = LINE('',#9782,#9784);
#9786 = EDGE_CURVE('',#9766,#9760,#9785,.T.);
#9787 = ORIENTED_EDGE('',*,*,#9771,.T.);
#9788 = ORIENTED_EDGE('',*,*,#9776,.T.);
#9789 = ORIENTED_EDGE('',*,*,#9781,.T.);
#9790 = ORIENTED_EDGE('',*,*,#9786,.T.);
#9791 = EDGE_LOOP('',(#9787,#9788,#9789,#9790));
#9792 = FACE_OUTER_BOUND('',#9791,.T.);
#9793 = CARTESIAN_POINT('',(2.98106637,55.06756000,0.00000000));
#9794 = DIRECTION('',(-0.98480775,0.17364818,0.00000000));
#9795 = DIRECTION('',(-0.17364818,-0.98480775,0.00000000));
#9796 = AXIS2_PLACEMENT_3D('',#9793,#9794,#9795);
#9797 = PLANE('',#9796);
#9798 = ADVANCED_FACE('',(#9792),#9797,.T.);
#9799 = CARTESIAN_POINT('',(2.82788563,54.19882884,0.00000000));
#9800 = VERTEX_POINT('',#9799);
#9801 = CARTESIAN_POINT('',(2.38681926,53.43487947,0.00000000));
#9802 = VERTEX_POINT('',#9801);
#9803 = CARTESIAN_POINT('',(2.38681926,53.43487947,3.00000000));
#9804 = VERTEX_POINT('',#9803);
#9805 = CARTESIAN_POINT('',(2.82788563,54.19882884,3.00000000));
#9806 = VERTEX_POINT('',#9805);
#9807 = CARTESIAN_POINT('',(2.82788563,54.19882884,0.00000000));
#9808 = DIRECTION('',(-0.50000000,-0.86602540,0.00000000));
#9809 = VECTOR('',#9808,0.88213274);
#9810 = LINE('',#9807,#9809);
#9811 = EDGE_CURVE('',#9800,#9802,#9810,.T.);
#9812 = CARTESIAN_POINT('',(2.38681926,53.43487947,0.00000000));
#9813 = DIRECTION('',(0.00000000,0.00000000,1.00000000));
#9814 = VECTOR('',#9813,3.00000000);
#9815 = LINE('',#9812,#9814);
#9816 = EDGE_CURVE('',#9802,#9804,#9815,.T.);
#9817 = CARTESIAN_POINT('',(2.38681926,53.43487947,3.00000000));
#9818 = DIRECTION('',(0.50000000,0.86602540,0.00000000));
#9819 = VECTOR('',#9818,0.88213274);
#9820 = LINE('',#9817,#9819);
#9821 = EDGE_CURVE('',#9804,#9806,#9820,.T.);
#9822 = CARTESIAN_POINT('',(2.82788563,54.19882884,3.00000000));
#9823 = DIRECTION('',(0.00000000,0.00000000,-1.00000000));
#9824 = VECTOR('',#9823,3.00000000);
#9825 = LINE('',#9822,#9824);
#9826 = EDGE_CURVE('',#9806,#9800,#9825,.T.);
#9827 = ORIENTED_EDGE('',*,*,#9811,.T.);
#9828 = ORIENTED_EDGE('',*,*,#9816,.T.);
#9829 = ORIENTED_EDGE('',*,*,#9821,.T.);
#9830 = ORIENTED_EDGE('',*,*,#9826,.T.);
#9831 = EDGE_LOOP('',(#9827,#9828,#9829,#9830));
#9832 = FACE_OUTER_BOUND('',#9831,.T.);
#9833 = CARTESIAN_POINT('',(2.82788563,54.19882884,0.00000000));
#9834 = DIRECTION('',(-0.86602540,0.50000000,0.00000000));
#9835 = DIRECTION('',(-0.50000000,-0.86602540,0.00000000));
#9836 = AXIS2_PLACEMENT_3D('',#9833,#9834,#9835);
#9837 = PLANE('',#9836);
#9838 = ADVANCED_FACE('',(#9832),#9837,.T.);
#9839 = CARTESIAN_POINT('',(2.38681926,53.43487947,0.00000000));
#9840 = VERTEX_POINT('',#9839);
#9841 = CARTESIAN_POINT('',(1.71106637,52.86785547,0.00000000));
#9842 = VERTEX_POINT('',#9841);
#9843 = CARTESIAN_POINT('',(1.71106637,52.86785547,3.00000000));
#9844 = VERTEX_POINT('',#9843);
#9845 = CARTESIAN_POINT('',(2.38681926,53.43487947,3.00000000));
#9846 = VERTEX_POINT('',#9845);
#9847 = CARTESIAN_POINT('',(2.38681926,53.43487947,0.00000000));
#9848 = DIRECTION('',(-0.76604444,-0.64278761,0.00000000));
#9849 = VECTOR('',#9848,0.88213274);
#9850 = LINE('',#9847,#9849);
#9851 = EDGE_CURVE('',#9840,#9842,#9850,.T.);
#9852 = CARTESIAN_POINT('',(1.71106637,52.86785547,0.00000000));
#9853 = DIRECTION('',(0.00000000,0.00000000,1.00000000));
#9854 = VECTOR('',#9853,3.00000000);
#9855 = LINE('',#9852,#9854);
#9856 = EDGE_CURVE('',#9842,#9844,#9855,.T.);
#9857 = CARTESIAN_POINT('',(1.71106637,52.86785547,3.00000000));
#9858 = DIRECTION('',(0.76604444,0.64278761,0.00000000));
#9859 = VECTOR('',#9858,0.88213274);
#9860 = LINE('',#9857,#9859);
#9861 = EDGE_CURVE('',#9844,#9846,#9860,.T.);
#9862 = CARTESIAN_POINT('',(2.38681926,53.43487947,3.00000000));
#9863 = DIRECTION('',(0.00000000,0.00000000,-1.00000000));
#9864 = VECTOR('',#9863,3.00000000);
#9865 = LINE('',#9862,#9864);
#9866 = EDGE_CURVE('',#9846,#9840,#9865,.T.);
#9867 = ORIENTED_EDGE('',*,*,#9851,.T.);
#9868 = ORIENTED_EDGE('',*,*,#9856,.T.);
#9869 = ORIENTED_EDGE('',*,*,#9861,.T.);
#9870 = ORIENTED_EDGE('',*,*,#9866,.T.);
#9871 = EDGE_LOOP('',(#9867,#9868,#9869,#9870));
#9872 = FACE_OUTER_BOUND('',#9871,.T.);
#9873 = CARTESIAN_POINT('',(2.38681926,53.43487947,0.00000000));
#9874 = DIRECTION('',(-0.64278761,0.76604444,0.00000000));
#9875 = DIRECTION('',(-0.76604444,-0.64278761,0.00000000));
#9876 = AXIS2_PLACEMENT_3D('',#9873,#9874,#9875);
#9877 = PLANE('',#9876);
#9878 = ADVANCED_FACE('',(#9872),#9877,.T.);
#9879 = CARTESIAN_POINT('',(1.71106637,52.86785547,0.00000000));
#9880 = VERTEX_POINT('',#9879);
#9881 = CARTESIAN_POINT('',(0.88213274,52.56614831,0.00000000));
#9882 = VERTEX_POINT('',#9881);
#9883 = CARTESIAN_POINT('',(0.88213274,52.56614831,3.00000000));
#9884 = VERTEX_POINT('',#9883);
#9885 = CARTESIAN_POINT('',(1.71106637,52.86785547,3.00000000));
#9886 = VERTEX_POINT('',#9885);
#9887 = CARTESIAN_POINT('',(1.71106637,52.86785547,0.00000000));
#9888 = DIRECTION('',(-0.93969262,-0.34202014,0.00000000));
#9889 = VECTOR('',#9888,0.88213274);
#9890 = LINE('',#9887,#9889);
#9891 = EDGE_CURVE('',#9880,#9882,#9890,.T.);
#9892 = CARTESIAN_POINT('',(0.88213274,52.56614831,0.00000000));
#9893 = DIRECTION('',(0.00000000,0.00000000,1.00000000));
#9894 = VECTOR('',#9893,3.00000000);
#9895 = LINE('',#9892,#9894);
#9896 = EDGE_CURVE('',#9882,#9884,#9895,.T.);
#9897 = CARTESIAN_POINT('',(0.88213274,52.56614831,3.00000000));
#9898 = DIRECTION('',(0.93969262,0.34202014,0.00000000));
#9899 = VECTOR('',#9898,0.88213274);
#9900 = LINE('',#9897,#9899);
#9901 = EDGE_CURVE('',#9884,#9886,#9900,.T.);
#9902 = CARTESIAN_POINT('',(1.71106637,52.86785547,3.00000000));
#9903 = DIRECTION('',(0.00000000,0.00000000,-1.00000000));
#9904 = VECTOR('',#9903,3.00000000);
#9905 = LINE('',#9902,#9904);
#9906 = EDGE_CURVE('',#9886,#9880,#9905,.T.);
#9907 = ORIENTED_EDGE('',*,*,#9891,.T.);
#9908 = ORIENTED_EDGE('',*,*,#9896,.T.);
#9909 = ORIENTED_EDGE('',*,*,#9901,.T.);
#9910 = ORIENTED_EDGE('',*,*,#9906,.T.);
#9911 = EDGE_LOOP('',(#9907,#9908,#9909,#9910));
#9912 = FACE_OUTER_BOUND('',#9911,.T.);
#9913 = CARTESIAN_POINT('',(1.71106637,52.86785547,0.00000000));
#9914 = DIRECTION('',(-0.34202014,0.93969262,0.00000000));
#9915 = DIRECTION('',(-0.93969262,-0.34202014,0.00000000));
#9916 = AXIS2_PLACEMENT_3D('',#9913,#9914,#9915);
#9917 = PLANE('',#9916);
#9918 = ADVANCED_FACE('',(#9912),#9917,.T.);
#9919 = CARTESIAN_POINT('',(0.88213274,52.56614831,0.00000000));
#9920 = VERTEX_POINT('',#9919);
#9921 = CARTESIAN_POINT('',(0.43566637,52.56614831,0.00000000));
#9922 = VERTEX_POINT('',#9921);
#9923 = CARTESIAN_POINT('',(0.43566637,52.56614831,3.00000000));
#9924 = VERTEX_POINT('',#9923);
#9925 = CARTESIAN_POINT('',(0.88213274,52.56614831,3.00000000));
#9926 = VERTEX_POINT('',#9925);
#9927 = CARTESIAN_POINT('',(0.88213274,52.56614831,0.00000000));
#9928 = DIRECTION('',(-1.00000000,0.00000000,0.00000000));
#9929 = VECTOR('',#9928,0.44646637);
#9930 = LINE('',#9927,#9929);
#9931 = EDGE_CURVE('',#9920,#9922,#9930,.T.);
#9932 = CARTESIAN_POINT('',(0.43566637,52.56614831,0.00000000));
#9933 = DIRECTION('',(0.00000000,0.00000000,1.00000000));
#9934 = VECTOR('',#9933,3.00000000);
#9935 = LINE('',#9932,#9934);
#9936 = EDGE_CURVE('',#9922,#9924,#9935,.T.);
#9937 = CARTESIAN_POINT('',(0.43566637,52.56614831,3.00000000));
#9938 = DIRECTION('',(1.00000000,-0.00000000,0.00000000));
#9939 = VECTOR('',#9938,0.44646637);
#9940 = LINE('',#9937,#9939);
#9941 = EDGE_CURVE('',#9924,#9926,#9940,.T.);
#9942 = CARTESIAN_POINT('',(0.88213274,52.56614831,3.00000000));
#9943 = DIRECTION('',(0.00000000,0.00000000,-1.00000000));
#9944 = VECTOR('',#9943,3.00000000);
#9945 = LINE('',#9942,#9944);
#9946 = EDGE_CURVE('',#9926,#9920,#9945,.T.);
#9947 = ORIENTED_EDGE('',*,*,#9931,.T.);
#9948 = ORIENTED_EDGE('',*,*,#9936,.T.);
#9949 = ORIENTED_EDGE('',*,*,#9941,.T.);
#9950 = ORIENTED_EDGE('',*,*,#9946,.T.);
#9951 = EDGE_LOOP('',(#9947,#9948,#9949,#9950));
#9952 = FACE_OUTER_BOUND('',#9951,.T.);
#9953 = CARTESIAN_POINT('',(0.88213274,52.56614831,0.00000000));
#9954 = DIRECTION('',(0.00000000,1.00000000,0.00000000));
#9955 = DIRECTION('',(-1.00000000,0.00000000,0.00000000));
#9956 = AXIS2_PLACEMENT_3D('',#9953,#9954,#9955);
#9957 = PLANE('',#9956);
#9958 = ADVANCED_FACE('',(#9952),#9957,.T.);
#9959 = CARTESIAN_POINT('',(0.43566637,52.56614831,0.00000000));
#9960 = VERTEX_POINT('',#9959);
#9961 = CARTESIAN_POINT('',(0.00000000,52.56614831,0.00000000));
#9962 = VERTEX_POINT('',#9961);
#9963 = CARTESIAN_POINT('',(0.00000000,52.56614831,3.00000000));
#9964 = VERTEX_POINT('',#9963);
#9965 = CARTESIAN_POINT('',(0.43566637,52.56614831,3.00000000));
#9966 = VERTEX_POINT('',#9965);
#9967 = CARTESIAN_POINT('',(0.43566637,52.56614831,0.00000000));
#9968 = DIRECTION('',(-1.00000000,0.00000000,0.00000000));
#9969 = VECTOR('',#9968,0.43566637);
#9970 = LINE('',#9967,#9969);
#9971 = EDGE_CURVE('',#9960,#9962,#9970,.T.);
#9972 = CARTESIAN_POINT('',(0.00000000,52.56614831,0.00000000));
#9973 = DIRECTION('',(0.00000000,0.00000000,1.00000000));
#9974 = VECTOR('',#9973,3.00000000);
#9975 = LINE('',#9972,#9974);
#9976 = EDGE_CURVE('',#9962,#9964,#9975,.T.);
#9977 = CARTESIAN_POINT('',(0.00000000,52.56614831,3.00000000));
#9978 = DIRECTION('',(1.00000000,-0.00000000,0.00000000));
#9979 = VECTOR('',#9978,0.43566637);
#9980 = LINE('',#9977,#9979);
#9981 = EDGE_CURVE('',#9964,#9966,#9980,.T.);
#9982 = CARTESIAN_POINT('',(0.43566637,52.56614831,3.00000000));
#9983 = DIRECTION('',(0.00000000,0.00000000,-1.00000000));
#9984 = VECTOR('',#9983,3.00000000);
#9985 = LINE('',#9982,#9984);
#9986 = EDGE_CURVE('',#9966,#9960,#9985,.T.);
#9987 = ORIENTED_EDGE('',*,*,#9971,.T.);
#9988 = ORIENTED_EDGE('',*,*,#9976,.T.);
#9989 = ORIENTED_EDGE('',*,*,#9981,.T.);
#9990 = ORIENTED_EDGE('',*,*,#9986,.T.);
#9991 = EDGE_LOOP('',(#9987,#9988,#9989,#9990));
#9992 = FACE_OUTER_BOUND('',#9991,.T.);
#9993 = CARTESIAN_POINT('',(0.43566637,52.56614831,0.00000000));
#9994 = DIRECTION('',(0.00000000,1.00000000,0.00000000));
#9995 = DIRECTION('',(-1.00000000,0.00000000,0.00000000));
#9996 = AXIS2_PLACEMENT_3D('',#9993,#9994,#9995);
#9997 = PLANE('',#9996);
#9998 = ADVANCED_FACE('',(#9992),#9997,.T.);
#9999 = CARTESIAN_POINT('',(0.00000000,52.56614831,0.00000000));
#10000 = VERTEX_POINT('',#9999);
#10001 = CARTESIAN_POINT('',(0.02981066,21.22195758,0.00000000));
#10002 = VERTEX_POINT('',#10001);
#10003 = CARTESIAN_POINT('',(0.02981066,21.22195758,3.00000000));
#10004 = VERTEX_POINT('',#10003);
#10005 = CARTESIAN_POINT('',(0.00000000,52.56614831,3.00000000));
#10006 = VERTEX_POINT('',#10005);
#10007 = CARTESIAN_POINT('',(0.00000000,52.56614831,0.00000000));
#10008 = DIRECTION('',(0.00095107,-0.99999955,0.00000000));
#10009 = VECTOR('',#10008,31.34420491);
#10010 = LINE('',#10007,#10009);
#10011 = EDGE_CURVE('',#10000,#10002,#10010,.T.);
#10012 = CARTESIAN_POINT('',(0.02981066,21.22195758,0.00000000));
#10013 = DIRECTION('',(0.00000000,0.00000000,1.00000000));
#10014 = VECTOR('',#10013,3.00000000);
#10015 = LINE('',#10012,#10014);
#10016 = EDGE_CURVE('',#10002,#10004,#10015,.T.);
#10017 = CARTESIAN_POINT('',(0.02981066,21.22195758,3.00000000));
#10018 = DIRECTION('',(-0.00095107,0.99999955,0.00000000));
#10019 = VECTOR('',#10018,31.34420491);
#10020 = LINE('',#10017,#10019);
#10021 = EDGE_CURVE('',#10004,#10006,#10020,.T.);
#10022 = CARTESIAN_POINT('',(0.00000000,52.56614831,3.00000000));
#10023 = DIRECTION('',(0.00000000,0.00000000,-1.00000000));
#10024 = VECTOR('',#10023,3.00000000);
#10025 = LINE('',#10022,#10024);
#10026 = EDGE_CURVE('',#10006,#10000,#10025,.T.);
#10027 = ORIENTED_EDGE('',*,*,#10011,.T.);
#10028 = ORIENTED_EDGE('',*,*,#10016,.T.);
#10029 = ORIENTED_EDGE('',*,*,#10021,.T.);
#10030 = ORIENTED_EDGE('',*,*,#10026,.T.);
#10031 = EDGE_LOOP('',(#10027,#10028,#10029,#10030));
#10032 = FACE_OUTER_BOUND('',#10031,.T.);
#10033 = CARTESIAN_POINT('',(0.00000000,52.56614831,0.00000000));
#10034 = DIRECTION('',(-0.99999955,-0.00095107,0.00000000));
#10035 = DIRECTION('',(0.00095107,-0.99999955,0.00000000));
#10036 = AXIS2_PLACEMENT_3D('',#10033,#10034,#10035);
#10037 = PLANE('',#10036);
#10038 = ADVANCED_FACE('',(#10032),#10037,.T.);
#10039 = CARTESIAN_POINT('',(131.24216637,7.94356000,0.00000000));
#10040 = VERTEX_POINT('',#10039);
#10041 = CARTESIAN_POINT('',(128.04216637,7.94356000,0.00000000));
#10042 = VERTEX_POINT('',#10041);
#10043 = CARTESIAN_POINT('',(131.24216637,7.94356000,3.00000000));
#10044 = VERTEX_POINT('',#10043);
#10045 = CARTESIAN_POINT('',(128.04216637,7.94356000,3.00000000));
#10046 = VERTEX_POINT('',#10045);
#10047 = CARTESIAN_POINT('',(129.64216637,7.94356000,0.00000000));
#10048 = DIRECTION('',(0.00000000,0.00000000,-1.00000000));
#10049 = DIRECTION('',(1.00000000,0.00000000,0.00000000));
#10050 = AXIS2_PLACEMENT_3D('',#10047,#10048,#10049);
#10051 = CIRCLE('',#10050,1.60000000);
#10052 = EDGE_CURVE('',#10040,#10042,#10051,.T.);
#10053 = CARTESIAN_POINT('',(129.64216637,7.94356000,3.00000000));
#10054 = DIRECTION('',(0.00000000,0.00000000,1.00000000));
#10055 = DIRECTION('',(1.00000000,0.00000000,0.00000000));
#10056 = AXIS2_PLACEMENT_3D('',#10053,#10054,#10055);
#10057 = CIRCLE('',#10056,1.60000000);
#10058 = EDGE_CURVE('',#10046,#10044,#10057,.T.);
#10059 = CARTESIAN_POINT('',(131.24216637,7.94356000,0.00000000));
#10060 = DIRECTION('',(0.00000000,0.00000000,1.00000000));
#10061 = VECTOR('',#10060,3.00000000);
#10062 = LINE('',#10059,#10061);
#10063 = EDGE_CURVE('',#10040,#10044,#10062,.T.);
#10064 = CARTESIAN_POINT('',(128.04216637,7.94356000,3.00000000));
#10065 = DIRECTION('',(0.00000000,0.00000000,-1.00000000));
#10066 = VECTOR('',#10065,3.00000000);
#10067 = LINE('',#10064,#10066);
#10068 = EDGE_CURVE('',#10046,#10042,#10067,.T.);
#10069 = ORIENTED_EDGE('',*,*,#10052,.T.);
#10070 = ORIENTED_EDGE('',*,*,#10063,.T.);
#10071 = ORIENTED_EDGE('',*,*,#10058,.T.);
#10072 = ORIENTED_EDGE('',*,*,#10068,.T.);
#10073 = EDGE_LOOP('',(#10069,#10070,#10071,#10072));
#10074 = FACE_OUTER_BOUND('',#10073,.T.);
#10075 = CARTESIAN_POINT('',(129.64216637,7.94356000,0.00000000));
#10076 = DIRECTION('',(0.00000000,0.00000000,1.00000000));
#10077 = DIRECTION('',(1.00000000,0.00000000,0.00000000));
#10078 = AXIS2_PLACEMENT_3D('',#10075,#10076,#10077);
#10079 = CYLINDRICAL_SURFACE('',#10078,1.60000000);
#10080 = ADVANCED_FACE('',(#10074),#10079,.F.);
#10081 = CARTESIAN_POINT('',(128.04216637,7.94356000,0.00000000));
#10082 = VERTEX_POINT('',#10081);
#10083 = CARTESIAN_POINT('',(131.24216637,7.94356000,0.00000000));
#10084 = VERTEX_POINT('',#10083);
#10085 = CARTESIAN_POINT('',(128.04216637,7.94356000,3.00000000));
#10086 = VERTEX_POINT('',#10085);
#10087 = CARTESIAN_POINT('',(131.24216637,7.94356000,3.00000000));
#10088 = VERTEX_POINT('',#10087);
#10089 = CARTESIAN_POINT('',(129.64216637,7.94356000,0.00000000));
#10090 = DIRECTION('',(0.00000000,0.00000000,-1.00000000));
#10091 = DIRECTION('',(1.00000000,0.00000000,0.00000000));
#10092 = AXIS2_PLACEMENT_3D('',#10089,#10090,#10091);
#10093 = CIRCLE('',#10092,1.60000000);
#10094 = EDGE_CURVE('',#10082,#10084,#10093,.T.);
#10095 = CARTESIAN_POINT('',(129.64216637,7.94356000,3.00000000));
#10096 = DIRECTION('',(0.00000000,0.00000000,1.00000000));
#10097 = DIRECTION('',(1.00000000,0.00000000,0.00000000));
#10098 = AXIS2_PLACEMENT_3D('',#10095,#10096,#10097);
#10099 = CIRCLE('',#10098,1.60000000);
#10100 = EDGE_CURVE('',#10088,#10086,#10099,.T.);
#10101 = CARTESIAN_POINT('',(128.04216637,7.94356000,0.00000000));
#10102 = DIRECTION('',(0.00000000,0.00000000,1.00000000));
#10103 = VECTOR('',#10102,3.00000000);
#10104 = LINE('',#10101,#10103);
#10105 = EDGE_CURVE('',#10082,#10086,#10104,.T.);
#10106 = CARTESIAN_POINT('',(131.24216637,7.94356000,3.00000000));
#10107 = DIRECTION('',(0.00000000,0.00000000,-1.00000000));
#10108 = VECTOR('',#10107,3.00000000);
#10109 = LINE('',#10106,#10108);
#10110 = EDGE_CURVE('',#10088,#10084,#10109,.T.);
#10111 = ORIENTED_EDGE('',*,*,#10094,.T.);
#10112 = ORIENTED_EDGE('',*,*,#10105,.T.);
#10113 = ORIENTED_EDGE('',*,*,#10100,.T.);
#10114 = ORIENTED_EDGE('',*,*,#10110,.T.);
#10115 = EDGE_LOOP('',(#10111,#10112,#10113,#10114));
#10116 = FACE_OUTER_BOUND('',#10115,.T.);
#10117 = CARTESIAN_POINT('',(129.64216637,7.94356000,0.00000000));
#10118 = DIRECTION('',(0.00000000,0.00000000,1.00000000));
#10119 = DIRECTION('',(1.00000000,0.00000000,0.00000000));
#10120 = AXIS2_PLACEMENT_3D('',#10117,#10118,#10119);
#10121 = CYLINDRICAL_SURFACE('',#10120,1.60000000);
#10122 = ADVANCED_FACE('',(#10116),#10121,.F.);
#10123 = CARTESIAN_POINT('',(37.82096637,66.77696000,0.00000000));
#10124 = VERTEX_POINT('',#10123);
#10125 = CARTESIAN_POINT('',(34.62096637,66.77696000,0.00000000));
#10126 = VERTEX_POINT('',#10125);
#10127 = CARTESIAN_POINT('',(37.82096637,66.77696000,3.00000000));
#10128 = VERTEX_POINT('',#10127);
#10129 = CARTESIAN_POINT('',(34.62096637,66.77696000,3.00000000));
#10130 = VERTEX_POINT('',#10129);
#10131 = CARTESIAN_POINT('',(36.22096637,66.77696000,0.00000000));
#10132 = DIRECTION('',(0.00000000,0.00000000,-1.00000000));
#10133 = DIRECTION('',(1.00000000,0.00000000,0.00000000));
#10134 = AXIS2_PLACEMENT_3D('',#10131,#10132,#10133);
#10135 = CIRCLE('',#10134,1.60000000);
#10136 = EDGE_CURVE('',#10124,#10126,#10135,.T.);
#10137 = CARTESIAN_POINT('',(36.22096637,66.77696000,3.00000000));
#10138 = DIRECTION('',(0.00000000,0.00000000,1.00000000));
#10139 = DIRECTION('',(1.00000000,0.00000000,0.00000000));
#10140 = AXIS2_PLACEMENT_3D('',#10137,#10138,#10139);
#10141 = CIRCLE('',#10140,1.60000000);
#10142 = EDGE_CURVE('',#10130,#10128,#10141,.T.);
#10143 = CARTESIAN_POINT('',(37.82096637,66.77696000,0.00000000));
#10144 = DIRECTION('',(0.00000000,0.00000000,1.00000000));
#10145 = VECTOR('',#10144,3.00000000);
#10146 = LINE('',#10143,#10145);
#10147 = EDGE_CURVE('',#10124,#10128,#10146,.T.);
#10148 = CARTESIAN_POINT('',(34.62096637,66.77696000,3.00000000));
#10149 = DIRECTION('',(0.00000000,0.00000000,-1.00000000));
#10150 = VECTOR('',#10149,3.00000000);
#10151 = LINE('',#10148,#10150);
#10152 = EDGE_CURVE('',#10130,#10126,#10151,.T.);
#10153 = ORIENTED_EDGE('',*,*,#10136,.T.);
#10154 = ORIENTED_EDGE('',*,*,#10147,.T.);
#10155 = ORIENTED_EDGE('',*,*,#10142,.T.);
#10156 = ORIENTED_EDGE('',*,*,#10152,.T.);
#10157 = EDGE_LOOP('',(#10153,#10154,#10155,#10156));
#10158 = FACE_OUTER_BOUND('',#10157,.T.);
#10159 = CARTESIAN_POINT('',(36.22096637,66.77696000,0.00000000));
#10160 = DIRECTION('',(0.00000000,0.00000000,1.00000000));
#10161 = DIRECTION('',(1.00000000,0.00000000,0.00000000));
#10162 = AXIS2_PLACEMENT_3D('',#10159,#10160,#10161);
#10163 = CYLINDRICAL_SURFACE('',#10162,1.60000000);
#10164 = ADVANCED_FACE('',(#10158),#10163,.F.);
#10165 = CARTESIAN_POINT('',(34.62096637,66.77696000,0.00000000));
#10166 = VERTEX_POINT('',#10165);
#10167 = CARTESIAN_POINT('',(37.82096637,66.77696000,0.00000000));
#10168 = VERTEX_POINT('',#10167);
#10169 = CARTESIAN_POINT('',(34.62096637,66.77696000,3.00000000));
#10170 = VERTEX_POINT('',#10169);
#10171 = CARTESIAN_POINT('',(37.82096637,66.77696000,3.00000000));
#10172 = VERTEX_POINT('',#10171);
#10173 = CARTESIAN_POINT('',(36.22096637,66.77696000,0.00000000));
#10174 = DIRECTION('',(0.00000000,0.00000000,-1.00000000));
#10175 = DIRECTION('',(1.00000000,0.00000000,0.00000000));
#10176 = AXIS2_PLACEMENT_3D('',#10173,#10174,#10175);
#10177 = CIRCLE('',#10176,1.60000000);
#10178 = EDGE_CURVE('',#10166,#10168,#10177,.T.);
#10179 = CARTESIAN_POINT('',(36.22096637,66.77696000,3.00000000));
#10180 = DIRECTION('',(0.00000000,0.00000000,1.00000000));
#10181 = DIRECTION('',(1.00000000,0.00000000,0.00000000));
#10182 = AXIS2_PLACEMENT_3D('',#10179,#10180,#10181);
#10183 = CIRCLE('',#10182,1.60000000);
#10184 = EDGE_CURVE('',#10172,#10170,#10183,.T.);
#10185 = CARTESIAN_POINT('',(34.62096637,66.77696000,0.00000000));
#10186 = DIRECTION('',(0.00000000,0.00000000,1.00000000));
#10187 = VECTOR('',#10186,3.00000000);
#10188 = LINE('',#10185,#10187);
#10189 = EDGE_CURVE('',#10166,#10170,#10188,.T.);
#10190 = CARTESIAN_POINT('',(37.82096637,66.77696000,3.00000000));
#10191 = DIRECTION('',(0.00000000,0.00000000,-1.00000000));
#10192 = VECTOR('',#10191,3.00000000);
#10193 = LINE('',#10190,#10192);
#10194 = EDGE_CURVE('',#10172,#10168,#10193,.T.);
#10195 = ORIENTED_EDGE('',*,*,#10178,.T.);
#10196 = ORIENTED_EDGE('',*,*,#10189,.T.);
#10197 = ORIENTED_EDGE('',*,*,#10184,.T.);
#10198 = ORIENTED_EDGE('',*,*,#10194,.T.);
#10199 = EDGE_LOOP('',(#10195,#10196,#10197,#10198));
#10200 = FACE_OUTER_BOUND('',#10199,.T.);
#10201 = CARTESIAN_POINT('',(36.22096637,66.77696000,0.00000000));
#10202 = DIRECTION('',(0.00000000,0.00000000,1.00000000));
#10203 = DIRECTION('',(1.00000000,0.00000000,0.00000000));
#10204 = AXIS2_PLACEMENT_3D('',#10201,#10202,#10203);
#10205 = CYLINDRICAL_SURFACE('',#10204,1.60000000);
#10206 = ADVANCED_FACE('',(#10200),#10205,.F.);
#10207 = CARTESIAN_POINT('',(151.68916637,62.88376000,0.00000000));
#10208 = VERTEX_POINT('',#10207);
#10209 = CARTESIAN_POINT('',(148.48916637,62.88376000,0.00000000));
#10210 = VERTEX_POINT('',#10209);
#10211 = CARTESIAN_POINT('',(151.68916637,62.88376000,3.00000000));
#10212 = VERTEX_POINT('',#10211);
#10213 = CARTESIAN_POINT('',(148.48916637,62.88376000,3.00000000));
#10214 = VERTEX_POINT('',#10213);
#10215 = CARTESIAN_POINT('',(150.08916637,62.88376000,0.00000000));
#10216 = DIRECTION('',(0.00000000,0.00000000,-1.00000000));
#10217 = DIRECTION('',(1.00000000,0.00000000,0.00000000));
#10218 = AXIS2_PLACEMENT_3D('',#10215,#10216,#10217);
#10219 = CIRCLE('',#10218,1.60000000);
#10220 = EDGE_CURVE('',#10208,#10210,#10219,.T.);
#10221 = CARTESIAN_POINT('',(150.08916637,62.88376000,3.00000000));
#10222 = DIRECTION('',(0.00000000,0.00000000,1.00000000));
#10223 = DIRECTION('',(1.00000000,0.00000000,0.00000000));
#10224 = AXIS2_PLACEMENT_3D('',#10221,#10222,#10223);
#10225 = CIRCLE('',#10224,1.60000000);
#10226 = EDGE_CURVE('',#10214,#10212,#10225,.T.);
#10227 = CARTESIAN_POINT('',(151.68916637,62.88376000,0.00000000));
#10228 = DIRECTION('',(0.00000000,0.00000000,1.00000000));
#10229 = VECTOR('',#10228,3.00000000);
#10230 = LINE('',#10227,#10229);
#10231 = EDGE_CURVE('',#10208,#10212,#10230,.T.);
#10232 = CARTESIAN_POINT('',(148.48916637,62.88376000,3.00000000));
#10233 = DIRECTION('',(0.00000000,0.00000000,-1.00000000));
#10234 = VECTOR('',#10233,3.00000000);
#10235 = LINE('',#10232,#10234);
#10236 = EDGE_CURVE('',#10214,#10210,#10235,.T.);
#10237 = ORIENTED_EDGE('',*,*,#10220,.T.);
#10238 = ORIENTED_EDGE('',*,*,#10231,.T.);
#10239 = ORIENTED_EDGE('',*,*,#10226,.T.);
#10240 = ORIENTED_EDGE('',*,*,#10236,.T.);
#10241 = EDGE_LOOP('',(#10237,#10238,#10239,#10240));
#10242 = FACE_OUTER_BOUND('',#10241,.T.);
#10243 = CARTESIAN_POINT('',(150.08916637,62.88376000,0.00000000));
#10244 = DIRECTION('',(0.00000000,0.00000000,1.00000000));
#10245 = DIRECTION('',(1.00000000,0.00000000,0.00000000));
#10246 = AXIS2_PLACEMENT_3D('',#10243,#10244,#10245);
#10247 = CYLINDRICAL_SURFACE('',#10246,1.60000000);
#10248 = ADVANCED_FACE('',(#10242),#10247,.F.);
#10249 = CARTESIAN_POINT('',(148.48916637,62.88376000,0.00000000));
#10250 = VERTEX_POINT('',#10249);
#10251 = CARTESIAN_POINT('',(151.68916637,62.88376000,0.00000000));
#10252 = VERTEX_POINT('',#10251);
#10253 = CARTESIAN_POINT('',(148.48916637,62.88376000,3.00000000));
#10254 = VERTEX_POINT('',#10253);
#10255 = CARTESIAN_POINT('',(151.68916637,62.88376000,3.00000000));
#10256 = VERTEX_POINT('',#10255);
#10257 = CARTESIAN_POINT('',(150.08916637,62.88376000,0.00000000));
#10258 = DIRECTION('',(0.00000000,0.00000000,-1.00000000));
#10259 = DIRECTION('',(1.00000000,0.00000000,0.00000000));
#10260 = AXIS2_PLACEMENT_3D('',#10257,#10258,#10259);
#10261 = CIRCLE('',#10260,1.60000000);
#10262 = EDGE_CURVE('',#10250,#10252,#10261,.T.);
#10263 = CARTESIAN_POINT('',(150.08916637,62.88376000,3.00000000));
#10264 = DIRECTION('',(0.00000000,0.00000000,1.00000000));
#10265 = DIRECTION('',(1.00000000,0.00000000,0.00000000));
#10266 = AXIS2_PLACEMENT_3D('',#10263,#10264,#10265);
#10267 = CIRCLE('',#10266,1.60000000);
#10268 = EDGE_CURVE('',#10256,#10254,#10267,.T.);
#10269 = CARTESIAN_POINT('',(148.48916637,62.88376000,0.00000000));
#10270 = DIRECTION('',(0.00000000,0.00000000,1.00000000));
#10271 = VECTOR('',#10270,3.00000000);
#10272 = LINE('',#10269,#10271);
#10273 = EDGE_CURVE('',#10250,#10254,#10272,.T.);
#10274 = CARTESIAN_POINT('',(151.68916637,62.88376000,3.00000000));
#10275 = DIRECTION('',(0.00000000,0.00000000,-1.00000000));
#10276 = VECTOR('',#10275,3.00000000);
#10277 = LINE('',#10274,#10276);
#10278 = EDGE_CURVE('',#10256,#10252,#10277,.T.);
#10279 = ORIENTED_EDGE('',*,*,#10262,.T.);
#10280 = ORIENTED_EDGE('',*,*,#10273,.T.);
#10281 = ORIENTED_EDGE('',*,*,#10268,.T.);
#10282 = ORIENTED_EDGE('',*,*,#10278,.T.);
#10283 = EDGE_LOOP('',(#10279,#10280,#10281,#10282));
#10284 = FACE_OUTER_BOUND('',#10283,.T.);
#10285 = CARTESIAN_POINT('',(150.08916637,62.88376000,0.00000000));
#10286 = DIRECTION('',(0.00000000,0.00000000,1.00000000));
#10287 = DIRECTION('',(1.00000000,0.00000000,0.00000000));
#10288 = AXIS2_PLACEMENT_3D('',#10285,#10286,#10287);
#10289 = CYLINDRICAL_SURFACE('',#10288,1.60000000);
#10290 = ADVANCED_FACE('',(#10284),#10289,.F.);
#10291 = CARTESIAN_POINT('',(87.70656637,67.65896000,0.00000000));
#10292 = VERTEX_POINT('',#10291);
#10293 = CARTESIAN_POINT('',(84.50656637,67.65896000,0.00000000));
#10294 = VERTEX_POINT('',#10293);
#10295 = CARTESIAN_POINT('',(87.70656637,67.65896000,3.00000000));
#10296 = VERTEX_POINT('',#10295);
#10297 = CARTESIAN_POINT('',(84.50656637,67.65896000,3.00000000));
#10298 = VERTEX_POINT('',#10297);
#10299 = CARTESIAN_POINT('',(86.10656637,67.65896000,0.00000000));
#10300 = DIRECTION('',(0.00000000,0.00000000,-1.00000000));
#10301 = DIRECTION('',(1.00000000,0.00000000,0.00000000));
#10302 = AXIS2_PLACEMENT_3D('',#10299,#10300,#10301);
#10303 = CIRCLE('',#10302,1.60000000);
#10304 = EDGE_CURVE('',#10292,#10294,#10303,.T.);
#10305 = CARTESIAN_POINT('',(86.10656637,67.65896000,3.00000000));
#10306 = DIRECTION('',(0.00000000,0.00000000,1.00000000));
#10307 = DIRECTION('',(1.00000000,0.00000000,0.00000000));
#10308 = AXIS2_PLACEMENT_3D('',#10305,#10306,#10307);
#10309 = CIRCLE('',#10308,1.60000000);
#10310 = EDGE_CURVE('',#10298,#10296,#10309,.T.);
#10311 = CARTESIAN_POINT('',(87.70656637,67.65896000,0.00000000));
#10312 = DIRECTION('',(0.00000000,0.00000000,1.00000000));
#10313 = VECTOR('',#10312,3.00000000);
#10314 = LINE('',#10311,#10313);
#10315 = EDGE_CURVE('',#10292,#10296,#10314,.T.);
#10316 = CARTESIAN_POINT('',(84.50656637,67.65896000,3.00000000));
#10317 = DIRECTION('',(0.00000000,0.00000000,-1.00000000));
#10318 = VECTOR('',#10317,3.00000000);
#10319 = LINE('',#10316,#10318);
#10320 = EDGE_CURVE('',#10298,#10294,#10319,.T.);
#10321 = ORIENTED_EDGE('',*,*,#10304,.T.);
#10322 = ORIENTED_EDGE('',*,*,#10315,.T.);
#10323 = ORIENTED_EDGE('',*,*,#10310,.T.);
#10324 = ORIENTED_EDGE('',*,*,#10320,.T.);
#10325 = EDGE_LOOP('',(#10321,#10322,#10323,#10324));
#10326 = FACE_OUTER_BOUND('',#10325,.T.);
#10327 = CARTESIAN_POINT('',(86.10656637,67.65896000,0.00000000));
#10328 = DIRECTION('',(0.00000000,0.00000000,1.00000000));
#10329 = DIRECTION('',(1.00000000,0.00000000,0.00000000));
#10330 = AXIS2_PLACEMENT_3D('',#10327,#10328,#10329);
#10331 = CYLINDRICAL_SURFACE('',#10330,1.60000000);
#10332 = ADVANCED_FACE('',(#10326),#10331,.F.);
#10333 = CARTESIAN_POINT('',(84.50656637,67.65896000,0.00000000));
#10334 = VERTEX_POINT('',#10333);
#10335 = CARTESIAN_POINT('',(87.70656637,67.65896000,0.00000000));
#10336 = VERTEX_POINT('',#10335);
#10337 = CARTESIAN_POINT('',(84.50656637,67.65896000,3.00000000));
#10338 = VERTEX_POINT('',#10337);
#10339 = CARTESIAN_POINT('',(87.70656637,67.65896000,3.00000000));
#10340 = VERTEX_POINT('',#10339);
#10341 = CARTESIAN_POINT('',(86.10656637,67.65896000,0.00000000));
#10342 = DIRECTION('',(0.00000000,0.00000000,-1.00000000));
#10343 = DIRECTION('',(1.00000000,0.00000000,0.00000000));
#10344 = AXIS2_PLACEMENT_3D('',#10341,#10342,#10343);
#10345 = CIRCLE('',#10344,1.60000000);
#10346 = EDGE_CURVE('',#10334,#10336,#10345,.T.);
#10347 = CARTESIAN_POINT('',(86.10656637,67.65896000,3.00000000));
#10348 = DIRECTION('',(0.00000000,0.00000000,1.00000000));
#10349 = DIRECTION('',(1.00000000,0.00000000,0.00000000));
#10350 = AXIS2_PLACEMENT_3D('',#10347,#10348,#10349);
#10351 = CIRCLE('',#10350,1.60000000);
#10352 = EDGE_CURVE('',#10340,#10338,#10351,.T.);
#10353 = CARTESIAN_POINT('',(84.50656637,67.65896000,0.00000000));
#10354 = DIRECTION('',(0.00000000,0.00000000,1.00000000));
#10355 = VECTOR('',#10354,3.00000000);
#10356 = LINE('',#10353,#10355);
#10357 = EDGE_CURVE('',#10334,#10338,#10356,.T.);
#10358 = CARTESIAN_POINT('',(87.70656637,67.65896000,3.00000000));
#10359 = DIRECTION('',(0.00000000,0.00000000,-1.00000000));
#10360 = VECTOR('',#10359,3.00000000);
#10361 = LINE('',#10358,#10360);
#10362 = EDGE_CURVE('',#10340,#10336,#10361,.T.);
#10363 = ORIENTED_EDGE('',*,*,#10346,.T.);
#10364 = ORIENTED_EDGE('',*,*,#10357,.T.);
#10365 = ORIENTED_EDGE('',*,*,#10352,.T.);
#10366 = ORIENTED_EDGE('',*,*,#10362,.T.);
#10367 = EDGE_LOOP('',(#10363,#10364,#10365,#10366));
#10368 = FACE_OUTER_BOUND('',#10367,.T.);
#10369 = CARTESIAN_POINT('',(86.10656637,67.65896000,0.00000000));
#10370 = DIRECTION('',(0.00000000,0.00000000,1.00000000));
#10371 = DIRECTION('',(1.00000000,0.00000000,0.00000000));
#10372 = AXIS2_PLACEMENT_3D('',#10369,#10370,#10371);
#10373 = CYLINDRICAL_SURFACE('',#10372,1.60000000);
#10374 = ADVANCED_FACE('',(#10368),#10373,.F.);
#10375 = CARTESIAN_POINT('',(28.98176637,15.99536000,0.00000000));
#10376 = VERTEX_POINT('',#10375);
#10377 = CARTESIAN_POINT('',(25.78176637,15.99536000,0.00000000));
#10378 = VERTEX_POINT('',#10377);
#10379 = CARTESIAN_POINT('',(28.98176637,15.99536000,3.00000000));
#10380 = VERTEX_POINT('',#10379);
#10381 = CARTESIAN_POINT('',(25.78176637,15.99536000,3.00000000));
#10382 = VERTEX_POINT('',#10381);
#10383 = CARTESIAN_POINT('',(27.38176637,15.99536000,0.00000000));
#10384 = DIRECTION('',(0.00000000,0.00000000,-1.00000000));
#10385 = DIRECTION('',(1.00000000,0.00000000,0.00000000));
#10386 = AXIS2_PLACEMENT_3D('',#10383,#10384,#10385);
#10387 = CIRCLE('',#10386,1.60000000);
#10388 = EDGE_CURVE('',#10376,#10378,#10387,.T.);
#10389 = CARTESIAN_POINT('',(27.38176637,15.99536000,3.00000000));
#10390 = DIRECTION('',(0.00000000,0.00000000,1.00000000));
#10391 = DIRECTION('',(1.00000000,0.00000000,0.00000000));
#10392 = AXIS2_PLACEMENT_3D('',#10389,#10390,#10391);
#10393 = CIRCLE('',#10392,1.60000000);
#10394 = EDGE_CURVE('',#10382,#10380,#10393,.T.);
#10395 = CARTESIAN_POINT('',(28.98176637,15.99536000,0.00000000));
#10396 = DIRECTION('',(0.00000000,0.00000000,1.00000000));
#10397 = VECTOR('',#10396,3.00000000);
#10398 = LINE('',#10395,#10397);
#10399 = EDGE_CURVE('',#10376,#10380,#10398,.T.);
#10400 = CARTESIAN_POINT('',(25.78176637,15.99536000,3.00000000));
#10401 = DIRECTION('',(0.00000000,0.00000000,-1.00000000));
#10402 = VECTOR('',#10401,3.00000000);
#10403 = LINE('',#10400,#10402);
#10404 = EDGE_CURVE('',#10382,#10378,#10403,.T.);
#10405 = ORIENTED_EDGE('',*,*,#10388,.T.);
#10406 = ORIENTED_EDGE('',*,*,#10399,.T.);
#10407 = ORIENTED_EDGE('',*,*,#10394,.T.);
#10408 = ORIENTED_EDGE('',*,*,#10404,.T.);
#10409 = EDGE_LOOP('',(#10405,#10406,#10407,#10408));
#10410 = FACE_OUTER_BOUND('',#10409,.T.);
#10411 = CARTESIAN_POINT('',(27.38176637,15.99536000,0.00000000));
#10412 = DIRECTION('',(0.00000000,0.00000000,1.00000000));
#10413 = DIRECTION('',(1.00000000,0.00000000,0.00000000));
#10414 = AXIS2_PLACEMENT_3D('',#10411,#10412,#10413);
#10415 = CYLINDRICAL_SURFACE('',#10414,1.60000000);
#10416 = ADVANCED_FACE('',(#10410),#10415,.F.);
#10417 = CARTESIAN_POINT('',(25.78176637,15.99536000,0.00000000));
#10418 = VERTEX_POINT('',#10417);
#10419 = CARTESIAN_POINT('',(28.98176637,15.99536000,0.00000000));
#10420 = VERTEX_POINT('',#10419);
#10421 = CARTESIAN_POINT('',(25.78176637,15.99536000,3.00000000));
#10422 = VERTEX_POINT('',#10421);
#10423 = CARTESIAN_POINT('',(28.98176637,15.99536000,3.00000000));
#10424 = VERTEX_POINT('',#10423);
#10425 = CARTESIAN_POINT('',(27.38176637,15.99536000,0.00000000));
#10426 = DIRECTION('',(0.00000000,0.00000000,-1.00000000));
#10427 = DIRECTION('',(1.00000000,0.00000000,0.00000000));
#10428 = AXIS2_PLACEMENT_3D('',#10425,#10426,#10427);
#10429 = CIRCLE('',#10428,1.60000000);
#10430 = EDGE_CURVE('',#10418,#10420,#10429,.T.);
#10431 = CARTESIAN_POINT('',(27.38176637,15.99536000,3.00000000));
#10432 = DIRECTION('',(0.00000000,0.00000000,1.00000000));
#10433 = DIRECTION('',(1.00000000,0.00000000,0.00000000));
#10434 = AXIS2_PLACEMENT_3D('',#10431,#10432,#10433);
#10435 = CIRCLE('',#10434,1.60000000);
#10436 = EDGE_CURVE('',#10424,#10422,#10435,.T.);
#10437 = CARTESIAN_POINT('',(25.78176637,15.99536000,0.00000000));
#10438 = DIRECTION('',(0.00000000,0.00000000,1.00000000));
#10439 = VECTOR('',#10438,3.00000000);
#10440 = LINE('',#10437,#10439);
#10441 = EDGE_CURVE('',#10418,#10422,#10440,.T.);
#10442 = CARTESIAN_POINT('',(28.98176637,15.99536000,3.00000000));
#10443 = DIRECTION('',(0.00000000,0.00000000,-1.00000000));
#10444 = VECTOR('',#10443,3.00000000);
#10445 = LINE('',#10442,#10444);
#10446 = EDGE_CURVE('',#10424,#10420,#10445,.T.);
#10447 = ORIENTED_EDGE('',*,*,#10430,.T.);
#10448 = ORIENTED_EDGE('',*,*,#10441,.T.);
#10449 = ORIENTED_EDGE('',*,*,#10436,.T.);
#10450 = ORIENTED_EDGE('',*,*,#10446,.T.);
#10451 = EDGE_LOOP('',(#10447,#10448,#10449,#10450));
#10452 = FACE_OUTER_BOUND('',#10451,.T.);
#10453 = CARTESIAN_POINT('',(27.38176637,15.99536000,0.00000000));
#10454 = DIRECTION('',(0.00000000,0.00000000,1.00000000));
#10455 = DIRECTION('',(1.00000000,0.00000000,0.00000000));
#10456 = AXIS2_PLACEMENT_3D('',#10453,#10454,#10455);
#10457 = CYLINDRICAL_SURFACE('',#10456,1.60000000);
#10458 = ADVANCED_FACE('',(#10452),#10457,.F.);
#10459 = CLOSED_SHELL('',(#1529,#2958,#2998,#3038,#3078,#3118,#3158,#3198,#3238,#3278,#3318,#3358,#3398,#3438,#3478,#3518,#3558,#3598,#3638,#3678,#3718,#3758,#3798,#3838,#3878,#3918,#3958,#3998,#4038,#4078,#4118,#4158,#4198,#4238,#4278,#4318,#4358,#4398,#4438,#4478,#4518,#4558,#4598,#4638,#4678,#4718,#4758,#4798,#4838,#4878,#4918,#4958,#4998,#5038,#5078,#5118,#5158,#5198,#5238,#5278,#5318,#5358,#5398,#5438,#5478,#5518,#5558,#5598,#5638,#5678,#5718,#5758,#5798,#5838,#5878,#5918,#5958,#5998,#6038,#6078,#6118,#6158,#6198,#6238,#6278,#6318,#6358,#6398,#6438,#6478,#6518,#6558,#6598,#6638,#6678,#6718,#6758,#6798,#6838,#6878,#6918,#6958,#6998,#7038,#7078,#7118,#7158,#7198,#7238,#7278,#7318,#7358,#7398,#7438,#7478,#7518,#7558,#7598,#7638,#7678,#7718,#7758,#7798,#7838,#7878,#7918,#7958,#7998,#8038,#8078,#8118,#8158,#8198,#8238,#8278,#8318,#8358,#8398,#8438,#8478,#8518,#8558,#8598,#8638,#8678,#8718,#8758,#8798,#8838,#8878,#8918,#8958,#8998,#9038,#9078,#9118,#9158,#9198,#9238,#9278,#9318,#9358,#9398,#9438,#9478,#9518,#9558,#9598,#9638,#9678,#9718,#9758,#9798,#9838,#9878,#9918,#9958,#9998,#10038,#10080,#10122,#10164,#10206,#10248,#10290,#10332,#10374,#10416,#10458));
#10460 = MANIFOLD_SOLID_BREP('',#10459);
#90007 = CARTESIAN_POINT('',(0.00000000,0.00000000,0.00000000));
#90008  = DIRECTION('',(0.00000000,0.00000000,1.00000000));
#90009  = DIRECTION('',(1.00000000,0.00000000,0.00000000));
#90006  = AXIS2_PLACEMENT_3D('',#90007,#90008,#90009);
#90001  = (NAMED_UNIT(*) SI_UNIT(.MILLI.,.METRE.) LENGTH_UNIT());
#90002  = (NAMED_UNIT(*) SI_UNIT($,.RADIAN.) NAMED_UNIT(*) PLANE_ANGLE_UNIT());
#90003  = (NAMED_UNIT(*) SI_UNIT($,.STERADIAN.) NAMED_UNIT(*) SOLID_ANGLE_UNIT());
#90004 = UNCERTAINTY_MEASURE_WITH_UNIT(LENGTH_MEASURE(1.E-05),#90001,'distance_accuracy_value','NONE');
#90005 = ( GEOMETRIC_REPRESENTATION_CONTEXT(3) GLOBAL_UNCERTAINTY_ASSIGNED_CONTEXT((#90004)) GLOBAL_UNIT_ASSIGNED_CONTEXT((#90001,#90002,#90003)) REPRESENTATION_CONTEXT('Context #1','3D Context with UNIT and UNCERTAINTY') );
#90010 = ADVANCED_BREP_SHAPE_REPRESENTATION('right_bottom_plate',(#10460,#90006),#90005);
#90020   = APPLICATION_CONTEXT('core data for automotive mechanical design processes');
#90021 = APPLICATION_PROTOCOL_DEFINITION('international standard','automotive_design',2000,#90020);
#90031  = PRODUCT_CONTEXT('',#90020,'mechanical');
#90030  = PRODUCT('right_bottom_plate','right_bottom_plate','',(#90031));
#90032   = PRODUCT_DEFINITION_FORMATION('','',#90030);
#90033 = PRODUCT_DEFINITION_CONTEXT('part definition',#90020,'design');
#90034    = PRODUCT_DEFINITION('design','',#90032,#90033);
#90035   = PRODUCT_DEFINITION_SHAPE('','',#90034);
#90036   = SHAPE_DEFINITION_REPRESENTATION(#90035,#90010);
#90037   = PRODUCT_RELATED_PRODUCT_CATEGORY('part',$,(#90030));
ENDSEC;
END-ISO-10303-21;
