ISO-10303-21;
HEADER;
FILE_DESCRIPTION(('Keyboard Case - left_switch_plate'),'2;1');
FILE_NAME('left_switch_plate.stp','2025-01-01T00:00:00',(''),(''),'','','');
FILE_SCHEMA(('AUTOMOTIVE_DESIGN { 1 0 10303 214 1 1 1 1 }'));
ENDSEC;
DATA;
#1 = CARTESIAN_POINT('',(140.27804,60.05212,1.50000));
#2 = VERTEX_POINT('',#1);
#3 = CARTESIAN_POINT('',(140.36040,72.00936,1.50000));
#4 = VERTEX_POINT('',#3);
#5 = CARTESIAN_POINT('',(140.33500,72.13636,1.50000));
#6 = VERTEX_POINT('',#5);
#7 = CARTESIAN_POINT('',(127.71120,93.01516,1.50000));
#8 = VERTEX_POINT('',#7);
#9 = CARTESIAN_POINT('',(110.66780,83.26156,1.50000));
#10 = VERTEX_POINT('',#9);
#11 = CARTESIAN_POINT('',(106.50220,82.98216,1.50000));
#12 = VERTEX_POINT('',#11);
#13 = CARTESIAN_POINT('',(68.07200,80.44216,1.50000));
#14 = VERTEX_POINT('',#13);
#15 = CARTESIAN_POINT('',(56.75630,64.46556,1.50000));
#16 = VERTEX_POINT('',#15);
#17 = CARTESIAN_POINT('',(56.75242,64.41134,1.50000));
#18 = VERTEX_POINT('',#17);
#19 = CARTESIAN_POINT('',(56.74087,64.35822,1.50000));
#20 = VERTEX_POINT('',#19);
#21 = CARTESIAN_POINT('',(56.72187,64.30729,1.50000));
#22 = VERTEX_POINT('',#21);
#23 = CARTESIAN_POINT('',(56.69582,64.25958,1.50000));
#24 = VERTEX_POINT('',#23);
#25 = CARTESIAN_POINT('',(56.66324,64.21606,1.50000));
#26 = VERTEX_POINT('',#25);
#27 = CARTESIAN_POINT('',(56.62480,64.17762,1.50000));
#28 = VERTEX_POINT('',#27);
#29 = CARTESIAN_POINT('',(56.58128,64.14504,1.50000));
#30 = VERTEX_POINT('',#29);
#31 = CARTESIAN_POINT('',(56.53357,64.11899,1.50000));
#32 = VERTEX_POINT('',#31);
#33 = CARTESIAN_POINT('',(56.48264,64.09999,1.50000));
#34 = VERTEX_POINT('',#33);
#35 = CARTESIAN_POINT('',(56.42952,64.08844,1.50000));
#36 = VERTEX_POINT('',#35);
#37 = CARTESIAN_POINT('',(56.37530,64.08456,1.50000));
#38 = VERTEX_POINT('',#37);
#39 = CARTESIAN_POINT('',(6.48970,64.08456,1.50000));
#40 = VERTEX_POINT('',#39);
#41 = CARTESIAN_POINT('',(5.23240,64.08456,1.50000));
#42 = VERTEX_POINT('',#41);
#43 = CARTESIAN_POINT('',(0.00000,64.08456,1.50000));
#44 = VERTEX_POINT('',#43);
#45 = CARTESIAN_POINT('',(0.00000,63.88136,1.50000));
#46 = VERTEX_POINT('',#45);
#47 = CARTESIAN_POINT('',(0.00000,6.93456,1.50000));
#48 = VERTEX_POINT('',#47);
#49 = CARTESIAN_POINT('',(15.99067,6.92906,1.50000));
#50 = VERTEX_POINT('',#49);
#51 = CARTESIAN_POINT('',(24.11730,6.93480,1.50000));
#52 = VERTEX_POINT('',#51);
#53 = CARTESIAN_POINT('',(37.93490,6.93480,1.50000));
#54 = VERTEX_POINT('',#53);
#55 = CARTESIAN_POINT('',(37.97108,6.93221,1.50000));
#56 = VERTEX_POINT('',#55);
#57 = CARTESIAN_POINT('',(38.00653,6.92450,1.50000));
#58 = VERTEX_POINT('',#57);
#59 = CARTESIAN_POINT('',(38.04051,6.91182,1.50000));
#60 = VERTEX_POINT('',#59);
#61 = CARTESIAN_POINT('',(38.07235,6.89444,1.50000));
#62 = VERTEX_POINT('',#61);
#63 = CARTESIAN_POINT('',(38.10139,6.87270,1.50000));
#64 = VERTEX_POINT('',#63);
#65 = CARTESIAN_POINT('',(38.12704,6.84705,1.50000));
#66 = VERTEX_POINT('',#65);
#67 = CARTESIAN_POINT('',(38.14878,6.81801,1.50000));
#68 = VERTEX_POINT('',#67);
#69 = CARTESIAN_POINT('',(38.16616,6.78617,1.50000));
#70 = VERTEX_POINT('',#69);
#71 = CARTESIAN_POINT('',(38.17884,6.75219,1.50000));
#72 = VERTEX_POINT('',#71);
#73 = CARTESIAN_POINT('',(38.18655,6.71674,1.50000));
#74 = VERTEX_POINT('',#73);
#75 = CARTESIAN_POINT('',(38.18914,6.68056,1.50000));
#76 = VERTEX_POINT('',#75);
#77 = CARTESIAN_POINT('',(38.18914,2.79436,1.50000));
#78 = VERTEX_POINT('',#77);
#79 = CARTESIAN_POINT('',(38.19069,2.77271,1.50000));
#80 = VERTEX_POINT('',#79);
#81 = CARTESIAN_POINT('',(38.19530,2.75149,1.50000));
#82 = VERTEX_POINT('',#81);
#83 = CARTESIAN_POINT('',(38.20289,2.73115,1.50000));
#84 = VERTEX_POINT('',#83);
#85 = CARTESIAN_POINT('',(38.21329,2.71209,1.50000));
#86 = VERTEX_POINT('',#85);
#87 = CARTESIAN_POINT('',(38.22630,2.69471,1.50000));
#88 = VERTEX_POINT('',#87);
#89 = CARTESIAN_POINT('',(38.24165,2.67936,1.50000));
#90 = VERTEX_POINT('',#89);
#91 = CARTESIAN_POINT('',(38.25903,2.66635,1.50000));
#92 = VERTEX_POINT('',#91);
#93 = CARTESIAN_POINT('',(38.27809,2.65595,1.50000));
#94 = VERTEX_POINT('',#93);
#95 = CARTESIAN_POINT('',(38.29843,2.64836,1.50000));
#96 = VERTEX_POINT('',#95);
#97 = CARTESIAN_POINT('',(38.31965,2.64375,1.50000));
#98 = VERTEX_POINT('',#97);
#99 = CARTESIAN_POINT('',(38.34130,2.64220,1.50000));
#100 = VERTEX_POINT('',#99);
#101 = CARTESIAN_POINT('',(57.18810,2.64220,1.50000));
#102 = VERTEX_POINT('',#101);
#103 = CARTESIAN_POINT('',(57.22067,2.63987,1.50000));
#104 = VERTEX_POINT('',#103);
#105 = CARTESIAN_POINT('',(57.25257,2.63293,1.50000));
#106 = VERTEX_POINT('',#105);
#107 = CARTESIAN_POINT('',(57.28316,2.62152,1.50000));
#108 = VERTEX_POINT('',#107);
#109 = CARTESIAN_POINT('',(57.31182,2.60587,1.50000));
#110 = VERTEX_POINT('',#109);
#111 = CARTESIAN_POINT('',(57.33796,2.58630,1.50000));
#112 = VERTEX_POINT('',#111);
#113 = CARTESIAN_POINT('',(57.36104,2.56322,1.50000));
#114 = VERTEX_POINT('',#113);
#115 = CARTESIAN_POINT('',(57.38061,2.53708,1.50000));
#116 = VERTEX_POINT('',#115);
#117 = CARTESIAN_POINT('',(57.39626,2.50842,1.50000));
#118 = VERTEX_POINT('',#117);
#119 = CARTESIAN_POINT('',(57.40767,2.47783,1.50000));
#120 = VERTEX_POINT('',#119);
#121 = CARTESIAN_POINT('',(57.41461,2.44593,1.50000));
#122 = VERTEX_POINT('',#121);
#123 = CARTESIAN_POINT('',(57.41694,2.41336,1.50000));
#124 = VERTEX_POINT('',#123);
#125 = CARTESIAN_POINT('',(57.41694,0.40945,1.50000));
#126 = VERTEX_POINT('',#125);
#127 = CARTESIAN_POINT('',(57.42417,0.35029,1.50000));
#128 = VERTEX_POINT('',#127);
#129 = CARTESIAN_POINT('',(57.43947,0.29269,1.50000));
#130 = VERTEX_POINT('',#129);
#131 = CARTESIAN_POINT('',(57.46254,0.23774,1.50000));
#132 = VERTEX_POINT('',#131);
#133 = CARTESIAN_POINT('',(57.49296,0.18648,1.50000));
#134 = VERTEX_POINT('',#133);
#135 = CARTESIAN_POINT('',(57.53015,0.13991,1.50000));
#136 = VERTEX_POINT('',#135);
#137 = CARTESIAN_POINT('',(57.57338,0.09889,1.50000));
#138 = VERTEX_POINT('',#137);
#139 = CARTESIAN_POINT('',(57.62185,0.06420,1.50000));
#140 = VERTEX_POINT('',#139);
#141 = CARTESIAN_POINT('',(57.67463,0.03652,1.50000));
#142 = VERTEX_POINT('',#141);
#143 = CARTESIAN_POINT('',(57.73072,0.01636,1.50000));
#144 = VERTEX_POINT('',#143);
#145 = CARTESIAN_POINT('',(57.78904,0.00411,1.50000));
#146 = VERTEX_POINT('',#145);
#147 = CARTESIAN_POINT('',(57.84850,0.00000,1.50000));
#148 = VERTEX_POINT('',#147);
#149 = CARTESIAN_POINT('',(78.29996,0.00000,1.50000));
#150 = VERTEX_POINT('',#149);
#151 = CARTESIAN_POINT('',(78.35273,0.00081,1.50000));
#152 = VERTEX_POINT('',#151);
#153 = CARTESIAN_POINT('',(78.40480,0.00940,1.50000));
#154 = VERTEX_POINT('',#153);
#155 = CARTESIAN_POINT('',(78.45504,0.02558,1.50000));
#156 = VERTEX_POINT('',#155);
#157 = CARTESIAN_POINT('',(78.50233,0.04899,1.50000));
#158 = VERTEX_POINT('',#157);
#159 = CARTESIAN_POINT('',(78.54565,0.07913,1.50000));
#160 = VERTEX_POINT('',#159);
#161 = CARTESIAN_POINT('',(78.58405,0.11534,1.50000));
#162 = VERTEX_POINT('',#161);
#163 = CARTESIAN_POINT('',(78.61668,0.15682,1.50000));
#164 = VERTEX_POINT('',#163);
#165 = CARTESIAN_POINT('',(78.64284,0.20265,1.50000));
#166 = VERTEX_POINT('',#165);
#167 = CARTESIAN_POINT('',(78.66194,0.25185,1.50000));
#168 = VERTEX_POINT('',#167);
#169 = CARTESIAN_POINT('',(78.67357,0.30333,1.50000));
#170 = VERTEX_POINT('',#169);
#171 = CARTESIAN_POINT('',(78.67747,0.35596,1.50000));
#172 = VERTEX_POINT('',#171);
#173 = CARTESIAN_POINT('',(78.67747,2.41336,1.50000));
#174 = VERTEX_POINT('',#173);
#175 = CARTESIAN_POINT('',(78.67902,2.43491,1.50000));
#176 = VERTEX_POINT('',#175);
#177 = CARTESIAN_POINT('',(78.68361,2.45602,1.50000));
#178 = VERTEX_POINT('',#177);
#179 = CARTESIAN_POINT('',(78.69116,2.47626,1.50000));
#180 = VERTEX_POINT('',#179);
#181 = CARTESIAN_POINT('',(78.70151,2.49523,1.50000));
#182 = VERTEX_POINT('',#181);
#183 = CARTESIAN_POINT('',(78.71446,2.51252,1.50000));
#184 = VERTEX_POINT('',#183);
#185 = CARTESIAN_POINT('',(78.72974,2.52780,1.50000));
#186 = VERTEX_POINT('',#185);
#187 = CARTESIAN_POINT('',(78.74703,2.54075,1.50000));
#188 = VERTEX_POINT('',#187);
#189 = CARTESIAN_POINT('',(78.76600,2.55110,1.50000));
#190 = VERTEX_POINT('',#189);
#191 = CARTESIAN_POINT('',(78.78624,2.55865,1.50000));
#192 = VERTEX_POINT('',#191);
#193 = CARTESIAN_POINT('',(78.80735,2.56324,1.50000));
#194 = VERTEX_POINT('',#193);
#195 = CARTESIAN_POINT('',(78.82890,2.56479,1.50000));
#196 = VERTEX_POINT('',#195);
#197 = CARTESIAN_POINT('',(98.79330,2.56479,1.50000));
#198 = VERTEX_POINT('',#197);
#199 = CARTESIAN_POINT('',(98.84272,2.56849,1.50000));
#200 = VERTEX_POINT('',#199);
#201 = CARTESIAN_POINT('',(98.89103,2.57953,1.50000));
#202 = VERTEX_POINT('',#201);
#203 = CARTESIAN_POINT('',(98.93715,2.59766,1.50000));
#204 = VERTEX_POINT('',#203);
#205 = CARTESIAN_POINT('',(98.98005,2.62246,1.50000));
#206 = VERTEX_POINT('',#205);
#207 = CARTESIAN_POINT('',(99.01877,2.65339,1.50000));
#208 = VERTEX_POINT('',#207);
#209 = CARTESIAN_POINT('',(99.05245,2.68975,1.50000));
#210 = VERTEX_POINT('',#209);
#211 = CARTESIAN_POINT('',(99.08031,2.73073,1.50000));
#212 = VERTEX_POINT('',#211);
#213 = CARTESIAN_POINT('',(99.10176,2.77541,1.50000));
#214 = VERTEX_POINT('',#213);
#215 = CARTESIAN_POINT('',(99.11629,2.82279,1.50000));
#216 = VERTEX_POINT('',#215);
#217 = CARTESIAN_POINT('',(99.12359,2.87180,1.50000));
#218 = VERTEX_POINT('',#217);
#219 = CARTESIAN_POINT('',(99.12350,2.92136,1.50000));
#220 = VERTEX_POINT('',#219);
#221 = CARTESIAN_POINT('',(99.12350,4.57236,1.50000));
#222 = VERTEX_POINT('',#221);
#223 = CARTESIAN_POINT('',(99.12531,4.59766,1.50000));
#224 = VERTEX_POINT('',#223);
#225 = CARTESIAN_POINT('',(99.13070,4.62245,1.50000));
#226 = VERTEX_POINT('',#225);
#227 = CARTESIAN_POINT('',(99.13957,4.64622,1.50000));
#228 = VERTEX_POINT('',#227);
#229 = CARTESIAN_POINT('',(99.15172,4.66849,1.50000));
#230 = VERTEX_POINT('',#229);
#231 = CARTESIAN_POINT('',(99.16693,4.68879,1.50000));
#232 = VERTEX_POINT('',#231);
#233 = CARTESIAN_POINT('',(99.18487,4.70673,1.50000));
#234 = VERTEX_POINT('',#233);
#235 = CARTESIAN_POINT('',(99.20517,4.72194,1.50000));
#236 = VERTEX_POINT('',#235);
#237 = CARTESIAN_POINT('',(99.22744,4.73409,1.50000));
#238 = VERTEX_POINT('',#237);
#239 = CARTESIAN_POINT('',(99.25121,4.74296,1.50000));
#240 = VERTEX_POINT('',#239);
#241 = CARTESIAN_POINT('',(99.27600,4.74835,1.50000));
#242 = VERTEX_POINT('',#241);
#243 = CARTESIAN_POINT('',(99.30130,4.75016,1.50000));
#244 = VERTEX_POINT('',#243);
#245 = CARTESIAN_POINT('',(140.13180,4.75016,1.50000));
#246 = VERTEX_POINT('',#245);
#247 = CARTESIAN_POINT('',(140.14733,4.75787,1.50000));
#248 = VERTEX_POINT('',#247);
#249 = CARTESIAN_POINT('',(140.16857,4.76250,1.50000));
#250 = VERTEX_POINT('',#249);
#251 = CARTESIAN_POINT('',(140.18895,4.77010,1.50000));
#252 = VERTEX_POINT('',#251);
#253 = CARTESIAN_POINT('',(140.20803,4.78052,1.50000));
#254 = VERTEX_POINT('',#253);
#255 = CARTESIAN_POINT('',(140.22544,4.79355,1.50000));
#256 = VERTEX_POINT('',#255);
#257 = CARTESIAN_POINT('',(140.24081,4.80892,1.50000));
#258 = VERTEX_POINT('',#257);
#259 = CARTESIAN_POINT('',(140.25384,4.82633,1.50000));
#260 = VERTEX_POINT('',#259);
#261 = CARTESIAN_POINT('',(140.26426,4.84541,1.50000));
#262 = VERTEX_POINT('',#261);
#263 = CARTESIAN_POINT('',(140.27186,4.86579,1.50000));
#264 = VERTEX_POINT('',#263);
#265 = CARTESIAN_POINT('',(140.27649,4.88703,1.50000));
#266 = VERTEX_POINT('',#265);
#267 = CARTESIAN_POINT('',(140.27804,4.90872,1.50000));
#268 = VERTEX_POINT('',#267);
#269 = CARTESIAN_POINT('',(140.31614,18.47232,1.50000));
#270 = VERTEX_POINT('',#269);
#271 = CARTESIAN_POINT('',(140.41800,19.18077,1.50000));
#272 = VERTEX_POINT('',#271);
#273 = CARTESIAN_POINT('',(140.71532,19.83182,1.50000));
#274 = VERTEX_POINT('',#273);
#275 = CARTESIAN_POINT('',(141.18402,20.37273,1.50000));
#276 = VERTEX_POINT('',#275);
#277 = CARTESIAN_POINT('',(141.78613,20.75968,1.50000));
#278 = VERTEX_POINT('',#277);
#279 = CARTESIAN_POINT('',(142.47287,20.96133,1.50000));
#280 = VERTEX_POINT('',#279);
#281 = CARTESIAN_POINT('',(142.80534,20.96133,1.50000));
#282 = VERTEX_POINT('',#281);
#283 = CARTESIAN_POINT('',(143.18860,20.96133,1.50000));
#284 = VERTEX_POINT('',#283);
#285 = CARTESIAN_POINT('',(143.16682,52.28018,1.50000));
#286 = VERTEX_POINT('',#285);
#287 = CARTESIAN_POINT('',(142.80534,52.28018,1.50000));
#288 = VERTEX_POINT('',#287);
#289 = CARTESIAN_POINT('',(142.44386,52.28018,1.50000));
#290 = VERTEX_POINT('',#289);
#291 = CARTESIAN_POINT('',(141.75018,52.48386,1.50000));
#292 = VERTEX_POINT('',#291);
#293 = CARTESIAN_POINT('',(141.14199,52.87472,1.50000));
#294 = VERTEX_POINT('',#293);
#295 = CARTESIAN_POINT('',(140.66855,53.42110,1.50000));
#296 = VERTEX_POINT('',#295);
#297 = CARTESIAN_POINT('',(140.36822,54.07872,1.50000));
#298 = VERTEX_POINT('',#297);
#299 = CARTESIAN_POINT('',(140.26534,54.79432,1.50000));
#300 = VERTEX_POINT('',#299);
#301 = CARTESIAN_POINT('',(140.27804,60.05212,1.50000));
#302 = DIRECTION('',(0.006888,0.999976,0.000000));
#303 = VECTOR('',#302,11.95752);
#304 = LINE('',#301,#303);
#305 = EDGE_CURVE('',#2,#4,#304,.T.);
#306 = CARTESIAN_POINT('',(140.36040,72.00936,1.50000));
#307 = DIRECTION('',(-0.196116,0.980581,0.000000));
#308 = VECTOR('',#307,0.12952);
#309 = LINE('',#306,#308);
#310 = EDGE_CURVE('',#4,#6,#309,.T.);
#311 = CARTESIAN_POINT('',(140.33500,72.13636,1.50000));
#312 = DIRECTION('',(-0.517402,0.855743,0.000000));
#313 = VECTOR('',#312,24.39846);
#314 = LINE('',#311,#313);
#315 = EDGE_CURVE('',#6,#8,#314,.T.);
#316 = CARTESIAN_POINT('',(127.71120,93.01516,1.50000));
#317 = DIRECTION('',(-0.867925,-0.496696,0.000000));
#318 = VECTOR('',#317,19.63696);
#319 = LINE('',#316,#318);
#320 = EDGE_CURVE('',#8,#10,#319,.T.);
#321 = CARTESIAN_POINT('',(110.66780,83.26156,1.50000));
#322 = DIRECTION('',(-0.997758,-0.066923,0.000000));
#323 = VECTOR('',#322,4.17496);
#324 = LINE('',#321,#323);
#325 = EDGE_CURVE('',#10,#12,#324,.T.);
#326 = CARTESIAN_POINT('',(106.50220,82.98216,1.50000));
#327 = DIRECTION('',(-0.997823,-0.065950,0.000000));
#328 = VECTOR('',#327,38.51405);
#329 = LINE('',#326,#328);
#330 = EDGE_CURVE('',#12,#14,#329,.T.);
#331 = CARTESIAN_POINT('',(68.07200,80.44216,1.50000));
#332 = DIRECTION('',(-0.577981,-0.816050,0.000000));
#333 = VECTOR('',#332,19.57797);
#334 = LINE('',#331,#333);
#335 = EDGE_CURVE('',#14,#16,#334,.T.);
#336 = CARTESIAN_POINT('',(56.75630,64.46556,1.50000));
#337 = DIRECTION('',(-0.071337,-0.997452,0.000000));
#338 = VECTOR('',#337,0.05436);
#339 = LINE('',#336,#338);
#340 = EDGE_CURVE('',#16,#18,#339,.T.);
#341 = CARTESIAN_POINT('',(56.75242,64.41134,1.50000));
#342 = DIRECTION('',(-0.212563,-0.977147,0.000000));
#343 = VECTOR('',#342,0.05436);
#344 = LINE('',#341,#343);
#345 = EDGE_CURVE('',#18,#20,#344,.T.);
#346 = CARTESIAN_POINT('',(56.74087,64.35822,1.50000));
#347 = DIRECTION('',(-0.349463,-0.936950,0.000000));
#348 = VECTOR('',#347,0.05436);
#349 = LINE('',#346,#348);
#350 = EDGE_CURVE('',#20,#22,#349,.T.);
#351 = CARTESIAN_POINT('',(56.72187,64.30729,1.50000));
#352 = DIRECTION('',(-0.479248,-0.877679,0.000000));
#353 = VECTOR('',#352,0.05436);
#354 = LINE('',#351,#353);
#355 = EDGE_CURVE('',#22,#24,#354,.T.);
#356 = CARTESIAN_POINT('',(56.69582,64.25958,1.50000));
#357 = DIRECTION('',(-0.599277,-0.800542,0.000000));
#358 = VECTOR('',#357,0.05436);
#359 = LINE('',#356,#358);
#360 = EDGE_CURVE('',#24,#26,#359,.T.);
#361 = CARTESIAN_POINT('',(56.66324,64.21606,1.50000));
#362 = DIRECTION('',(-0.707107,-0.707107,0.000000));
#363 = VECTOR('',#362,0.05436);
#364 = LINE('',#361,#363);
#365 = EDGE_CURVE('',#26,#28,#364,.T.);
#366 = CARTESIAN_POINT('',(56.62480,64.17762,1.50000));
#367 = DIRECTION('',(-0.800542,-0.599277,0.000000));
#368 = VECTOR('',#367,0.05436);
#369 = LINE('',#366,#368);
#370 = EDGE_CURVE('',#28,#30,#369,.T.);
#371 = CARTESIAN_POINT('',(56.58128,64.14504,1.50000));
#372 = DIRECTION('',(-0.877679,-0.479248,0.000000));
#373 = VECTOR('',#372,0.05436);
#374 = LINE('',#371,#373);
#375 = EDGE_CURVE('',#30,#32,#374,.T.);
#376 = CARTESIAN_POINT('',(56.53357,64.11899,1.50000));
#377 = DIRECTION('',(-0.936950,-0.349463,0.000000));
#378 = VECTOR('',#377,0.05436);
#379 = LINE('',#376,#378);
#380 = EDGE_CURVE('',#32,#34,#379,.T.);
#381 = CARTESIAN_POINT('',(56.48264,64.09999,1.50000));
#382 = DIRECTION('',(-0.977147,-0.212563,0.000000));
#383 = VECTOR('',#382,0.05436);
#384 = LINE('',#381,#383);
#385 = EDGE_CURVE('',#34,#36,#384,.T.);
#386 = CARTESIAN_POINT('',(56.42952,64.08844,1.50000));
#387 = DIRECTION('',(-0.997452,-0.071337,0.000000));
#388 = VECTOR('',#387,0.05436);
#389 = LINE('',#386,#388);
#390 = EDGE_CURVE('',#36,#38,#389,.T.);
#391 = CARTESIAN_POINT('',(56.37530,64.08456,1.50000));
#392 = DIRECTION('',(-1.000000,0.000000,0.000000));
#393 = VECTOR('',#392,49.88560);
#394 = LINE('',#391,#393);
#395 = EDGE_CURVE('',#38,#40,#394,.T.);
#396 = CARTESIAN_POINT('',(6.48970,64.08456,1.50000));
#397 = DIRECTION('',(-1.000000,0.000000,0.000000));
#398 = VECTOR('',#397,1.25730);
#399 = LINE('',#396,#398);
#400 = EDGE_CURVE('',#40,#42,#399,.T.);
#401 = CARTESIAN_POINT('',(5.23240,64.08456,1.50000));
#402 = DIRECTION('',(-1.000000,0.000000,0.000000));
#403 = VECTOR('',#402,5.23240);
#404 = LINE('',#401,#403);
#405 = EDGE_CURVE('',#42,#44,#404,.T.);
#406 = CARTESIAN_POINT('',(0.00000,64.08456,1.50000));
#407 = DIRECTION('',(0.000000,-1.000000,0.000000));
#408 = VECTOR('',#407,0.20320);
#409 = LINE('',#406,#408);
#410 = EDGE_CURVE('',#44,#46,#409,.T.);
#411 = CARTESIAN_POINT('',(0.00000,63.88136,1.50000));
#412 = DIRECTION('',(0.000000,-1.000000,0.000000));
#413 = VECTOR('',#412,56.94680);
#414 = LINE('',#411,#413);
#415 = EDGE_CURVE('',#46,#48,#414,.T.);
#416 = CARTESIAN_POINT('',(0.00000,6.93456,1.50000));
#417 = DIRECTION('',(1.000000,-0.000344,0.000000));
#418 = VECTOR('',#417,15.99067);
#419 = LINE('',#416,#418);
#420 = EDGE_CURVE('',#48,#50,#419,.T.);
#421 = CARTESIAN_POINT('',(15.99067,6.92906,1.50000));
#422 = DIRECTION('',(1.000000,0.000706,0.000000));
#423 = VECTOR('',#422,8.12663);
#424 = LINE('',#421,#423);
#425 = EDGE_CURVE('',#50,#52,#424,.T.);
#426 = CARTESIAN_POINT('',(24.11730,6.93480,1.50000));
#427 = DIRECTION('',(1.000000,0.000000,0.000000));
#428 = VECTOR('',#427,13.81760);
#429 = LINE('',#426,#428);
#430 = EDGE_CURVE('',#52,#54,#429,.T.);
#431 = CARTESIAN_POINT('',(37.93490,6.93480,1.50000));
#432 = DIRECTION('',(0.997452,-0.071336,0.000000));
#433 = VECTOR('',#432,0.03627);
#434 = LINE('',#431,#433);
#435 = EDGE_CURVE('',#54,#56,#434,.T.);
#436 = CARTESIAN_POINT('',(37.97108,6.93221,1.50000));
#437 = DIRECTION('',(0.977147,-0.212562,0.000000));
#438 = VECTOR('',#437,0.03627);
#439 = LINE('',#436,#438);
#440 = EDGE_CURVE('',#56,#58,#439,.T.);
#441 = CARTESIAN_POINT('',(38.00653,6.92450,1.50000));
#442 = DIRECTION('',(0.936950,-0.349462,0.000000));
#443 = VECTOR('',#442,0.03627);
#444 = LINE('',#441,#443);
#445 = EDGE_CURVE('',#58,#60,#444,.T.);
#446 = CARTESIAN_POINT('',(38.04051,6.91182,1.50000));
#447 = DIRECTION('',(0.877680,-0.479248,0.000000));
#448 = VECTOR('',#447,0.03627);
#449 = LINE('',#446,#448);
#450 = EDGE_CURVE('',#60,#62,#449,.T.);
#451 = CARTESIAN_POINT('',(38.07235,6.89444,1.50000));
#452 = DIRECTION('',(0.800542,-0.599277,0.000000));
#453 = VECTOR('',#452,0.03627);
#454 = LINE('',#451,#453);
#455 = EDGE_CURVE('',#62,#64,#454,.T.);
#456 = CARTESIAN_POINT('',(38.10139,6.87270,1.50000));
#457 = DIRECTION('',(0.707107,-0.707107,0.000000));
#458 = VECTOR('',#457,0.03627);
#459 = LINE('',#456,#458);
#460 = EDGE_CURVE('',#64,#66,#459,.T.);
#461 = CARTESIAN_POINT('',(38.12704,6.84705,1.50000));
#462 = DIRECTION('',(0.599277,-0.800542,0.000000));
#463 = VECTOR('',#462,0.03627);
#464 = LINE('',#461,#463);
#465 = EDGE_CURVE('',#66,#68,#464,.T.);
#466 = CARTESIAN_POINT('',(38.14878,6.81801,1.50000));
#467 = DIRECTION('',(0.479248,-0.877680,0.000000));
#468 = VECTOR('',#467,0.03627);
#469 = LINE('',#466,#468);
#470 = EDGE_CURVE('',#68,#70,#469,.T.);
#471 = CARTESIAN_POINT('',(38.16616,6.78617,1.50000));
#472 = DIRECTION('',(0.349462,-0.936950,0.000000));
#473 = VECTOR('',#472,0.03627);
#474 = LINE('',#471,#473);
#475 = EDGE_CURVE('',#70,#72,#474,.T.);
#476 = CARTESIAN_POINT('',(38.17884,6.75219,1.50000));
#477 = DIRECTION('',(0.212562,-0.977147,0.000000));
#478 = VECTOR('',#477,0.03627);
#479 = LINE('',#476,#478);
#480 = EDGE_CURVE('',#72,#74,#479,.T.);
#481 = CARTESIAN_POINT('',(38.18655,6.71674,1.50000));
#482 = DIRECTION('',(0.071336,-0.997452,0.000000));
#483 = VECTOR('',#482,0.03627);
#484 = LINE('',#481,#483);
#485 = EDGE_CURVE('',#74,#76,#484,.T.);
#486 = CARTESIAN_POINT('',(38.18914,6.68056,1.50000));
#487 = DIRECTION('',(0.000000,-1.000000,0.000000));
#488 = VECTOR('',#487,3.88620);
#489 = LINE('',#486,#488);
#490 = EDGE_CURVE('',#76,#78,#489,.T.);
#491 = CARTESIAN_POINT('',(38.18914,2.79436,1.50000));
#492 = DIRECTION('',(0.071349,-0.997451,0.000000));
#493 = VECTOR('',#492,0.02171);
#494 = LINE('',#491,#493);
#495 = EDGE_CURVE('',#78,#80,#494,.T.);
#496 = CARTESIAN_POINT('',(38.19069,2.77271,1.50000));
#497 = DIRECTION('',(0.212573,-0.977145,0.000000));
#498 = VECTOR('',#497,0.02171);
#499 = LINE('',#496,#498);
#500 = EDGE_CURVE('',#80,#82,#499,.T.);
#501 = CARTESIAN_POINT('',(38.19530,2.75149,1.50000));
#502 = DIRECTION('',(0.349470,-0.936948,0.000000));
#503 = VECTOR('',#502,0.02171);
#504 = LINE('',#501,#503);
#505 = EDGE_CURVE('',#82,#84,#504,.T.);
#506 = CARTESIAN_POINT('',(38.20289,2.73115,1.50000));
#507 = DIRECTION('',(0.479252,-0.877677,0.000000));
#508 = VECTOR('',#507,0.02171);
#509 = LINE('',#506,#508);
#510 = EDGE_CURVE('',#84,#86,#509,.T.);
#511 = CARTESIAN_POINT('',(38.21329,2.71209,1.50000));
#512 = DIRECTION('',(0.599279,-0.800540,0.000000));
#513 = VECTOR('',#512,0.02171);
#514 = LINE('',#511,#513);
#515 = EDGE_CURVE('',#86,#88,#514,.T.);
#516 = CARTESIAN_POINT('',(38.22630,2.69471,1.50000));
#517 = DIRECTION('',(0.707107,-0.707107,0.000000));
#518 = VECTOR('',#517,0.02171);
#519 = LINE('',#516,#518);
#520 = EDGE_CURVE('',#88,#90,#519,.T.);
#521 = CARTESIAN_POINT('',(38.24165,2.67936,1.50000));
#522 = DIRECTION('',(0.800540,-0.599279,0.000000));
#523 = VECTOR('',#522,0.02171);
#524 = LINE('',#521,#523);
#525 = EDGE_CURVE('',#90,#92,#524,.T.);
#526 = CARTESIAN_POINT('',(38.25903,2.66635,1.50000));
#527 = DIRECTION('',(0.877677,-0.479252,0.000000));
#528 = VECTOR('',#527,0.02171);
#529 = LINE('',#526,#528);
#530 = EDGE_CURVE('',#92,#94,#529,.T.);
#531 = CARTESIAN_POINT('',(38.27809,2.65595,1.50000));
#532 = DIRECTION('',(0.936948,-0.349470,0.000000));
#533 = VECTOR('',#532,0.02171);
#534 = LINE('',#531,#533);
#535 = EDGE_CURVE('',#94,#96,#534,.T.);
#536 = CARTESIAN_POINT('',(38.29843,2.64836,1.50000));
#537 = DIRECTION('',(0.977145,-0.212573,0.000000));
#538 = VECTOR('',#537,0.02171);
#539 = LINE('',#536,#538);
#540 = EDGE_CURVE('',#96,#98,#539,.T.);
#541 = CARTESIAN_POINT('',(38.31965,2.64375,1.50000));
#542 = DIRECTION('',(0.997451,-0.071349,0.000000));
#543 = VECTOR('',#542,0.02171);
#544 = LINE('',#541,#543);
#545 = EDGE_CURVE('',#98,#100,#544,.T.);
#546 = CARTESIAN_POINT('',(38.34130,2.64220,1.50000));
#547 = DIRECTION('',(1.000000,0.000000,0.000000));
#548 = VECTOR('',#547,18.84680);
#549 = LINE('',#546,#548);
#550 = EDGE_CURVE('',#100,#102,#549,.T.);
#551 = CARTESIAN_POINT('',(57.18810,2.64220,1.50000));
#552 = DIRECTION('',(0.997452,-0.071342,0.000000));
#553 = VECTOR('',#552,0.03265);
#554 = LINE('',#551,#553);
#555 = EDGE_CURVE('',#102,#104,#554,.T.);
#556 = CARTESIAN_POINT('',(57.22067,2.63987,1.50000));
#557 = DIRECTION('',(0.977146,-0.212567,0.000000));
#558 = VECTOR('',#557,0.03265);
#559 = LINE('',#556,#558);
#560 = EDGE_CURVE('',#104,#106,#559,.T.);
#561 = CARTESIAN_POINT('',(57.25257,2.63293,1.50000));
#562 = DIRECTION('',(0.936949,-0.349466,0.000000));
#563 = VECTOR('',#562,0.03265);
#564 = LINE('',#561,#563);
#565 = EDGE_CURVE('',#106,#108,#564,.T.);
#566 = CARTESIAN_POINT('',(57.28316,2.62152,1.50000));
#567 = DIRECTION('',(0.877678,-0.479250,0.000000));
#568 = VECTOR('',#567,0.03265);
#569 = LINE('',#566,#568);
#570 = EDGE_CURVE('',#108,#110,#569,.T.);
#571 = CARTESIAN_POINT('',(57.31182,2.60587,1.50000));
#572 = DIRECTION('',(0.800541,-0.599278,0.000000));
#573 = VECTOR('',#572,0.03265);
#574 = LINE('',#571,#573);
#575 = EDGE_CURVE('',#110,#112,#574,.T.);
#576 = CARTESIAN_POINT('',(57.33796,2.58630,1.50000));
#577 = DIRECTION('',(0.707107,-0.707107,0.000000));
#578 = VECTOR('',#577,0.03265);
#579 = LINE('',#576,#578);
#580 = EDGE_CURVE('',#112,#114,#579,.T.);
#581 = CARTESIAN_POINT('',(57.36104,2.56322,1.50000));
#582 = DIRECTION('',(0.599278,-0.800541,0.000000));
#583 = VECTOR('',#582,0.03265);
#584 = LINE('',#581,#583);
#585 = EDGE_CURVE('',#114,#116,#584,.T.);
#586 = CARTESIAN_POINT('',(57.38061,2.53708,1.50000));
#587 = DIRECTION('',(0.479250,-0.877678,0.000000));
#588 = VECTOR('',#587,0.03265);
#589 = LINE('',#586,#588);
#590 = EDGE_CURVE('',#116,#118,#589,.T.);
#591 = CARTESIAN_POINT('',(57.39626,2.50842,1.50000));
#592 = DIRECTION('',(0.349466,-0.936949,0.000000));
#593 = VECTOR('',#592,0.03265);
#594 = LINE('',#591,#593);
#595 = EDGE_CURVE('',#118,#120,#594,.T.);
#596 = CARTESIAN_POINT('',(57.40767,2.47783,1.50000));
#597 = DIRECTION('',(0.212567,-0.977146,0.000000));
#598 = VECTOR('',#597,0.03265);
#599 = LINE('',#596,#598);
#600 = EDGE_CURVE('',#120,#122,#599,.T.);
#601 = CARTESIAN_POINT('',(57.41461,2.44593,1.50000));
#602 = DIRECTION('',(0.071342,-0.997452,0.000000));
#603 = VECTOR('',#602,0.03265);
#604 = LINE('',#601,#603);
#605 = EDGE_CURVE('',#122,#124,#604,.T.);
#606 = CARTESIAN_POINT('',(57.41694,2.41336,1.50000));
#607 = DIRECTION('',(0.000000,-1.000000,0.000000));
#608 = VECTOR('',#607,2.00391);
#609 = LINE('',#606,#608);
#610 = EDGE_CURVE('',#124,#126,#609,.T.);
#611 = CARTESIAN_POINT('',(57.41694,0.40945,1.50000));
#612 = DIRECTION('',(0.121296,-0.992616,0.000000));
#613 = VECTOR('',#612,0.05960);
#614 = LINE('',#611,#613);
#615 = EDGE_CURVE('',#126,#128,#614,.T.);
#616 = CARTESIAN_POINT('',(57.42417,0.35029,1.50000));
#617 = DIRECTION('',(0.256708,-0.966489,0.000000));
#618 = VECTOR('',#617,0.05960);
#619 = LINE('',#616,#618);
#620 = EDGE_CURVE('',#128,#130,#619,.T.);
#621 = CARTESIAN_POINT('',(57.43947,0.29269,1.50000));
#622 = DIRECTION('',(0.387237,-0.921980,0.000000));
#623 = VECTOR('',#622,0.05960);
#624 = LINE('',#621,#623);
#625 = EDGE_CURVE('',#130,#132,#624,.T.);
#626 = CARTESIAN_POINT('',(57.46254,0.23774,1.50000));
#627 = DIRECTION('',(0.510402,-0.859936,0.000000));
#628 = VECTOR('',#627,0.05960);
#629 = LINE('',#626,#628);
#630 = EDGE_CURVE('',#132,#134,#629,.T.);
#631 = CARTESIAN_POINT('',(57.49296,0.18648,1.50000));
#632 = DIRECTION('',(0.623859,-0.781537,0.000000));
#633 = VECTOR('',#632,0.05960);
#634 = LINE('',#631,#633);
#635 = EDGE_CURVE('',#134,#136,#634,.T.);
#636 = CARTESIAN_POINT('',(57.53015,0.13991,1.50000));
#637 = DIRECTION('',(0.725452,-0.688273,0.000000));
#638 = VECTOR('',#637,0.05960);
#639 = LINE('',#636,#638);
#640 = EDGE_CURVE('',#136,#138,#639,.T.);
#641 = CARTESIAN_POINT('',(57.57338,0.09889,1.50000));
#642 = DIRECTION('',(0.813246,-0.581920,0.000000));
#643 = VECTOR('',#642,0.05960);
#644 = LINE('',#641,#643);
#645 = EDGE_CURVE('',#138,#140,#644,.T.);
#646 = CARTESIAN_POINT('',(57.62185,0.06420,1.50000));
#647 = DIRECTION('',(0.885574,-0.464498,0.000000));
#648 = VECTOR('',#647,0.05960);
#649 = LINE('',#646,#648);
#650 = EDGE_CURVE('',#140,#142,#649,.T.);
#651 = CARTESIAN_POINT('',(57.67463,0.03652,1.50000));
#652 = DIRECTION('',(0.941059,-0.338243,0.000000));
#653 = VECTOR('',#652,0.05960);
#654 = LINE('',#651,#653);
#655 = EDGE_CURVE('',#142,#144,#654,.T.);
#656 = CARTESIAN_POINT('',(57.73072,0.01636,1.50000));
#657 = DIRECTION('',(0.978646,-0.205554,0.000000));
#658 = VECTOR('',#657,0.05960);
#659 = LINE('',#656,#658);
#660 = EDGE_CURVE('',#144,#146,#659,.T.);
#661 = CARTESIAN_POINT('',(57.78904,0.00411,1.50000));
#662 = DIRECTION('',(0.997620,-0.068957,0.000000));
#663 = VECTOR('',#662,0.05960);
#664 = LINE('',#661,#663);
#665 = EDGE_CURVE('',#146,#148,#664,.T.);
#666 = CARTESIAN_POINT('',(57.84850,0.00000,1.50000));
#667 = DIRECTION('',(1.000000,0.000000,0.000000));
#668 = VECTOR('',#667,20.45146);
#669 = LINE('',#666,#668);
#670 = EDGE_CURVE('',#148,#150,#669,.T.);
#671 = CARTESIAN_POINT('',(78.29996,0.00000,1.50000));
#672 = DIRECTION('',(0.999883,0.015313,0.000000));
#673 = VECTOR('',#672,0.05278);
#674 = LINE('',#671,#673);
#675 = EDGE_CURVE('',#150,#152,#674,.T.);
#676 = CARTESIAN_POINT('',(78.35273,0.00081,1.50000));
#677 = DIRECTION('',(0.986671,0.162728,0.000000));
#678 = VECTOR('',#677,0.05278);
#679 = LINE('',#676,#678);
#680 = EDGE_CURVE('',#152,#154,#679,.T.);
#681 = CARTESIAN_POINT('',(78.40480,0.00940,1.50000));
#682 = DIRECTION('',(0.951845,0.306579,0.000000));
#683 = VECTOR('',#682,0.05278);
#684 = LINE('',#681,#683);
#685 = EDGE_CURVE('',#154,#156,#684,.T.);
#686 = CARTESIAN_POINT('',(78.45504,0.02558,1.50000));
#687 = DIRECTION('',(0.896169,0.443713,0.000000));
#688 = VECTOR('',#687,0.05278);
#689 = LINE('',#686,#688);
#690 = EDGE_CURVE('',#156,#158,#689,.T.);
#691 = CARTESIAN_POINT('',(78.50233,0.04899,1.50000));
#692 = DIRECTION('',(0.820861,0.571128,0.000000));
#693 = VECTOR('',#692,0.05278);
#694 = LINE('',#691,#693);
#695 = EDGE_CURVE('',#158,#160,#694,.T.);
#696 = CARTESIAN_POINT('',(78.54565,0.07913,1.50000));
#697 = DIRECTION('',(0.727572,0.686031,0.000000));
#698 = VECTOR('',#697,0.05278);
#699 = LINE('',#696,#698);
#700 = EDGE_CURVE('',#160,#162,#699,.T.);
#701 = CARTESIAN_POINT('',(78.58405,0.11534,1.50000));
#702 = DIRECTION('',(0.618345,0.785907,0.000000));
#703 = VECTOR('',#702,0.05278);
#704 = LINE('',#701,#703);
#705 = EDGE_CURVE('',#162,#164,#704,.T.);
#706 = CARTESIAN_POINT('',(78.61668,0.15682,1.50000));
#707 = DIRECTION('',(0.495572,0.868567,0.000000));
#708 = VECTOR('',#707,0.05278);
#709 = LINE('',#706,#708);
#710 = EDGE_CURVE('',#164,#166,#709,.T.);
#711 = CARTESIAN_POINT('',(78.64284,0.20265,1.50000));
#712 = DIRECTION('',(0.361944,0.932200,0.000000));
#713 = VECTOR('',#712,0.05278);
#714 = LINE('',#711,#713);
#715 = EDGE_CURVE('',#166,#168,#714,.T.);
#716 = CARTESIAN_POINT('',(78.66194,0.25185,1.50000));
#717 = DIRECTION('',(0.220387,0.975413,0.000000));
#718 = VECTOR('',#717,0.05278);
#719 = LINE('',#716,#718);
#720 = EDGE_CURVE('',#168,#170,#719,.T.);
#721 = CARTESIAN_POINT('',(78.67357,0.30333,1.50000));
#722 = DIRECTION('',(0.074002,0.997258,0.000000));
#723 = VECTOR('',#722,0.05278);
#724 = LINE('',#721,#723);
#725 = EDGE_CURVE('',#170,#172,#724,.T.);
#726 = CARTESIAN_POINT('',(78.67747,0.35596,1.50000));
#727 = DIRECTION('',(0.000000,1.000000,0.000000));
#728 = VECTOR('',#727,2.05740);
#729 = LINE('',#726,#728);
#730 = EDGE_CURVE('',#172,#174,#729,.T.);
#731 = CARTESIAN_POINT('',(78.67747,2.41336,1.50000));
#732 = DIRECTION('',(0.071332,0.997453,0.000000));
#733 = VECTOR('',#732,0.02161);
#734 = LINE('',#731,#733);
#735 = EDGE_CURVE('',#174,#176,#734,.T.);
#736 = CARTESIAN_POINT('',(78.67902,2.43491,1.50000));
#737 = DIRECTION('',(0.212560,0.977148,0.000000));
#738 = VECTOR('',#737,0.02161);
#739 = LINE('',#736,#738);
#740 = EDGE_CURVE('',#176,#178,#739,.T.);
#741 = CARTESIAN_POINT('',(78.68361,2.45602,1.50000));
#742 = DIRECTION('',(0.349460,0.936951,0.000000));
#743 = VECTOR('',#742,0.02161);
#744 = LINE('',#741,#743);
#745 = EDGE_CURVE('',#178,#180,#744,.T.);
#746 = CARTESIAN_POINT('',(78.69116,2.47626,1.50000));
#747 = DIRECTION('',(0.479246,0.877680,0.000000));
#748 = VECTOR('',#747,0.02161);
#749 = LINE('',#746,#748);
#750 = EDGE_CURVE('',#180,#182,#749,.T.);
#751 = CARTESIAN_POINT('',(78.70151,2.49523,1.50000));
#752 = DIRECTION('',(0.599276,0.800542,0.000000));
#753 = VECTOR('',#752,0.02161);
#754 = LINE('',#751,#753);
#755 = EDGE_CURVE('',#182,#184,#754,.T.);
#756 = CARTESIAN_POINT('',(78.71446,2.51252,1.50000));
#757 = DIRECTION('',(0.707107,0.707107,0.000000));
#758 = VECTOR('',#757,0.02161);
#759 = LINE('',#756,#758);
#760 = EDGE_CURVE('',#184,#186,#759,.T.);
#761 = CARTESIAN_POINT('',(78.72974,2.52780,1.50000));
#762 = DIRECTION('',(0.800542,0.599276,0.000000));
#763 = VECTOR('',#762,0.02161);
#764 = LINE('',#761,#763);
#765 = EDGE_CURVE('',#186,#188,#764,.T.);
#766 = CARTESIAN_POINT('',(78.74703,2.54075,1.50000));
#767 = DIRECTION('',(0.877680,0.479246,0.000000));
#768 = VECTOR('',#767,0.02161);
#769 = LINE('',#766,#768);
#770 = EDGE_CURVE('',#188,#190,#769,.T.);
#771 = CARTESIAN_POINT('',(78.76600,2.55110,1.50000));
#772 = DIRECTION('',(0.936951,0.349460,0.000000));
#773 = VECTOR('',#772,0.02161);
#774 = LINE('',#771,#773);
#775 = EDGE_CURVE('',#190,#192,#774,.T.);
#776 = CARTESIAN_POINT('',(78.78624,2.55865,1.50000));
#777 = DIRECTION('',(0.977148,0.212560,0.000000));
#778 = VECTOR('',#777,0.02161);
#779 = LINE('',#776,#778);
#780 = EDGE_CURVE('',#192,#194,#779,.T.);
#781 = CARTESIAN_POINT('',(78.80735,2.56324,1.50000));
#782 = DIRECTION('',(0.997453,0.071332,0.000000));
#783 = VECTOR('',#782,0.02161);
#784 = LINE('',#781,#783);
#785 = EDGE_CURVE('',#194,#196,#784,.T.);
#786 = CARTESIAN_POINT('',(78.82890,2.56479,1.50000));
#787 = DIRECTION('',(1.000000,0.000000,0.000000));
#788 = VECTOR('',#787,19.96440);
#789 = LINE('',#786,#788);
#790 = EDGE_CURVE('',#196,#198,#789,.T.);
#791 = CARTESIAN_POINT('',(98.79330,2.56479,1.50000));
#792 = DIRECTION('',(0.997197,0.074817,0.000000));
#793 = VECTOR('',#792,0.04956);
#794 = LINE('',#791,#793);
#795 = EDGE_CURVE('',#198,#200,#794,.T.);
#796 = CARTESIAN_POINT('',(98.84272,2.56849,1.50000));
#797 = DIRECTION('',(0.974869,0.222781,0.000000));
#798 = VECTOR('',#797,0.04956);
#799 = LINE('',#796,#798);
#800 = EDGE_CURVE('',#200,#202,#799,.T.);
#801 = CARTESIAN_POINT('',(98.89103,2.57953,1.50000));
#802 = DIRECTION('',(0.930711,0.365756,0.000000));
#803 = VECTOR('',#802,0.04956);
#804 = LINE('',#801,#803);
#805 = EDGE_CURVE('',#202,#204,#804,.T.);
#806 = CARTESIAN_POINT('',(98.93715,2.59766,1.50000));
#807 = DIRECTION('',(0.865712,0.500542,0.000000));
#808 = VECTOR('',#807,0.04956);
#809 = LINE('',#806,#808);
#810 = EDGE_CURVE('',#204,#206,#809,.T.);
#811 = CARTESIAN_POINT('',(98.98005,2.62246,1.50000));
#812 = DIRECTION('',(0.781329,0.624119,0.000000));
#813 = VECTOR('',#812,0.04956);
#814 = LINE('',#811,#813);
#815 = EDGE_CURVE('',#206,#208,#814,.T.);
#816 = CARTESIAN_POINT('',(99.01877,2.65339,1.50000));
#817 = DIRECTION('',(0.679450,0.733722,0.000000));
#818 = VECTOR('',#817,0.04956);
#819 = LINE('',#816,#818);
#820 = EDGE_CURVE('',#208,#210,#819,.T.);
#821 = CARTESIAN_POINT('',(99.05245,2.68975,1.50000));
#822 = DIRECTION('',(0.562357,0.826895,0.000000));
#823 = VECTOR('',#822,0.04956);
#824 = LINE('',#821,#823);
#825 = EDGE_CURVE('',#210,#212,#824,.T.);
#826 = CARTESIAN_POINT('',(99.08031,2.73073,1.50000));
#827 = DIRECTION('',(0.432672,0.901552,0.000000));
#828 = VECTOR('',#827,0.04956);
#829 = LINE('',#826,#828);
#830 = EDGE_CURVE('',#212,#214,#829,.T.);
#831 = CARTESIAN_POINT('',(99.10176,2.77541,1.50000));
#832 = DIRECTION('',(0.293298,0.956021,0.000000));
#833 = VECTOR('',#832,0.04956);
#834 = LINE('',#831,#833);
#835 = EDGE_CURVE('',#214,#216,#834,.T.);
#836 = CARTESIAN_POINT('',(99.11629,2.82279,1.50000));
#837 = DIRECTION('',(0.147357,0.989083,0.000000));
#838 = VECTOR('',#837,0.04956);
#839 = LINE('',#836,#838);
#840 = EDGE_CURVE('',#216,#218,#839,.T.);
#841 = CARTESIAN_POINT('',(99.12359,2.87180,1.50000));
#842 = DIRECTION('',(-0.001884,0.999998,0.000000));
#843 = VECTOR('',#842,0.04956);
#844 = LINE('',#841,#843);
#845 = EDGE_CURVE('',#218,#220,#844,.T.);
#846 = CARTESIAN_POINT('',(99.12350,2.92136,1.50000));
#847 = DIRECTION('',(0.000000,1.000000,0.000000));
#848 = VECTOR('',#847,1.65100);
#849 = LINE('',#846,#848);
#850 = EDGE_CURVE('',#220,#222,#849,.T.);
#851 = CARTESIAN_POINT('',(99.12350,4.57236,1.50000));
#852 = DIRECTION('',(0.071332,0.997453,0.000000));
#853 = VECTOR('',#852,0.02537);
#854 = LINE('',#851,#853);
#855 = EDGE_CURVE('',#222,#224,#854,.T.);
#856 = CARTESIAN_POINT('',(99.12531,4.59766,1.50000));
#857 = DIRECTION('',(0.212560,0.977148,0.000000));
#858 = VECTOR('',#857,0.02537);
#859 = LINE('',#856,#858);
#860 = EDGE_CURVE('',#224,#226,#859,.T.);
#861 = CARTESIAN_POINT('',(99.13070,4.62245,1.50000));
#862 = DIRECTION('',(0.349460,0.936951,0.000000));
#863 = VECTOR('',#862,0.02537);
#864 = LINE('',#861,#863);
#865 = EDGE_CURVE('',#226,#228,#864,.T.);
#866 = CARTESIAN_POINT('',(99.13957,4.64622,1.50000));
#867 = DIRECTION('',(0.479246,0.877680,0.000000));
#868 = VECTOR('',#867,0.02537);
#869 = LINE('',#866,#868);
#870 = EDGE_CURVE('',#228,#230,#869,.T.);
#871 = CARTESIAN_POINT('',(99.15172,4.66849,1.50000));
#872 = DIRECTION('',(0.599277,0.800542,0.000000));
#873 = VECTOR('',#872,0.02537);
#874 = LINE('',#871,#873);
#875 = EDGE_CURVE('',#230,#232,#874,.T.);
#876 = CARTESIAN_POINT('',(99.16693,4.68879,1.50000));
#877 = DIRECTION('',(0.707107,0.707107,0.000000));
#878 = VECTOR('',#877,0.02537);
#879 = LINE('',#876,#878);
#880 = EDGE_CURVE('',#232,#234,#879,.T.);
#881 = CARTESIAN_POINT('',(99.18487,4.70673,1.50000));
#882 = DIRECTION('',(0.800542,0.599277,0.000000));
#883 = VECTOR('',#882,0.02537);
#884 = LINE('',#881,#883);
#885 = EDGE_CURVE('',#234,#236,#884,.T.);
#886 = CARTESIAN_POINT('',(99.20517,4.72194,1.50000));
#887 = DIRECTION('',(0.877680,0.479246,0.000000));
#888 = VECTOR('',#887,0.02537);
#889 = LINE('',#886,#888);
#890 = EDGE_CURVE('',#236,#238,#889,.T.);
#891 = CARTESIAN_POINT('',(99.22744,4.73409,1.50000));
#892 = DIRECTION('',(0.936951,0.349460,0.000000));
#893 = VECTOR('',#892,0.02537);
#894 = LINE('',#891,#893);
#895 = EDGE_CURVE('',#238,#240,#894,.T.);
#896 = CARTESIAN_POINT('',(99.25121,4.74296,1.50000));
#897 = DIRECTION('',(0.977148,0.212560,0.000000));
#898 = VECTOR('',#897,0.02537);
#899 = LINE('',#896,#898);
#900 = EDGE_CURVE('',#240,#242,#899,.T.);
#901 = CARTESIAN_POINT('',(99.27600,4.74835,1.50000));
#902 = DIRECTION('',(0.997453,0.071332,0.000000));
#903 = VECTOR('',#902,0.02537);
#904 = LINE('',#901,#903);
#905 = EDGE_CURVE('',#242,#244,#904,.T.);
#906 = CARTESIAN_POINT('',(99.30130,4.75016,1.50000));
#907 = DIRECTION('',(1.000000,0.000000,0.000000));
#908 = VECTOR('',#907,40.83050);
#909 = LINE('',#906,#908);
#910 = EDGE_CURVE('',#244,#246,#909,.T.);
#911 = CARTESIAN_POINT('',(140.13180,4.75016,1.50000));
#912 = DIRECTION('',(0.895547,0.444968,0.000000));
#913 = VECTOR('',#912,0.01734);
#914 = LINE('',#911,#913);
#915 = EDGE_CURVE('',#246,#248,#914,.T.);
#916 = CARTESIAN_POINT('',(140.14733,4.75787,1.50000));
#917 = DIRECTION('',(0.977147,0.212566,0.000000));
#918 = VECTOR('',#917,0.02174);
#919 = LINE('',#916,#918);
#920 = EDGE_CURVE('',#248,#250,#919,.T.);
#921 = CARTESIAN_POINT('',(140.16857,4.76250,1.50000));
#922 = DIRECTION('',(0.936949,0.349465,0.000000));
#923 = VECTOR('',#922,0.02174);
#924 = LINE('',#921,#923);
#925 = EDGE_CURVE('',#250,#252,#924,.T.);
#926 = CARTESIAN_POINT('',(140.18895,4.77010,1.50000));
#927 = DIRECTION('',(0.877679,0.479250,0.000000));
#928 = VECTOR('',#927,0.02174);
#929 = LINE('',#926,#928);
#930 = EDGE_CURVE('',#252,#254,#929,.T.);
#931 = CARTESIAN_POINT('',(140.20803,4.78052,1.50000));
#932 = DIRECTION('',(0.800541,0.599278,0.000000));
#933 = VECTOR('',#932,0.02174);
#934 = LINE('',#931,#933);
#935 = EDGE_CURVE('',#254,#256,#934,.T.);
#936 = CARTESIAN_POINT('',(140.22544,4.79355,1.50000));
#937 = DIRECTION('',(0.707107,0.707107,0.000000));
#938 = VECTOR('',#937,0.02174);
#939 = LINE('',#936,#938);
#940 = EDGE_CURVE('',#256,#258,#939,.T.);
#941 = CARTESIAN_POINT('',(140.24081,4.80892,1.50000));
#942 = DIRECTION('',(0.599278,0.800541,0.000000));
#943 = VECTOR('',#942,0.02174);
#944 = LINE('',#941,#943);
#945 = EDGE_CURVE('',#258,#260,#944,.T.);
#946 = CARTESIAN_POINT('',(140.25384,4.82633,1.50000));
#947 = DIRECTION('',(0.479250,0.877679,0.000000));
#948 = VECTOR('',#947,0.02174);
#949 = LINE('',#946,#948);
#950 = EDGE_CURVE('',#260,#262,#949,.T.);
#951 = CARTESIAN_POINT('',(140.26426,4.84541,1.50000));
#952 = DIRECTION('',(0.349465,0.936949,0.000000));
#953 = VECTOR('',#952,0.02174);
#954 = LINE('',#951,#953);
#955 = EDGE_CURVE('',#262,#264,#954,.T.);
#956 = CARTESIAN_POINT('',(140.27186,4.86579,1.50000));
#957 = DIRECTION('',(0.212566,0.977147,0.000000));
#958 = VECTOR('',#957,0.02174);
#959 = LINE('',#956,#958);
#960 = EDGE_CURVE('',#264,#266,#959,.T.);
#961 = CARTESIAN_POINT('',(140.27649,4.88703,1.50000));
#962 = DIRECTION('',(0.071341,0.997452,0.000000));
#963 = VECTOR('',#962,0.02174);
#964 = LINE('',#961,#963);
#965 = EDGE_CURVE('',#266,#268,#964,.T.);
#966 = CARTESIAN_POINT('',(140.27804,4.90872,1.50000));
#967 = DIRECTION('',(0.002809,0.999996,0.000000));
#968 = VECTOR('',#967,13.56365);
#969 = LINE('',#966,#968);
#970 = EDGE_CURVE('',#268,#270,#969,.T.);
#971 = CARTESIAN_POINT('',(140.31614,18.47232,1.50000));
#972 = DIRECTION('',(0.142311,0.989822,0.000000));
#973 = VECTOR('',#972,0.71573);
#974 = LINE('',#971,#973);
#975 = EDGE_CURVE('',#270,#272,#974,.T.);
#976 = CARTESIAN_POINT('',(140.41800,19.18077,1.50000));
#977 = DIRECTION('',(0.415415,0.909632,0.000000));
#978 = VECTOR('',#977,0.71573);
#979 = LINE('',#976,#978);
#980 = EDGE_CURVE('',#272,#274,#979,.T.);
#981 = CARTESIAN_POINT('',(140.71532,19.83182,1.50000));
#982 = DIRECTION('',(0.654861,0.755750,0.000000));
#983 = VECTOR('',#982,0.71573);
#984 = LINE('',#981,#983);
#985 = EDGE_CURVE('',#274,#276,#984,.T.);
#986 = CARTESIAN_POINT('',(141.18402,20.37273,1.50000));
#987 = DIRECTION('',(0.841254,0.540641,0.000000));
#988 = VECTOR('',#987,0.71573);
#989 = LINE('',#986,#988);
#990 = EDGE_CURVE('',#276,#278,#989,.T.);
#991 = CARTESIAN_POINT('',(141.78613,20.75968,1.50000));
#992 = DIRECTION('',(0.959493,0.281733,0.000000));
#993 = VECTOR('',#992,0.71573);
#994 = LINE('',#991,#993);
#995 = EDGE_CURVE('',#278,#280,#994,.T.);
#996 = CARTESIAN_POINT('',(142.47287,20.96133,1.50000));
#997 = DIRECTION('',(1.000000,0.000000,0.000000));
#998 = VECTOR('',#997,0.33246);
#999 = LINE('',#996,#998);
#1000 = EDGE_CURVE('',#280,#282,#999,.T.);
#1001 = CARTESIAN_POINT('',(142.80534,20.96133,1.50000));
#1002 = DIRECTION('',(1.000000,0.000000,0.000000));
#1003 = VECTOR('',#1002,0.38326);
#1004 = LINE('',#1001,#1003);
#1005 = EDGE_CURVE('',#282,#284,#1004,.T.);
#1006 = CARTESIAN_POINT('',(143.18860,20.96133,1.50000));
#1007 = DIRECTION('',(-0.000696,1.000000,0.000000));
#1008 = VECTOR('',#1007,31.31886);
#1009 = LINE('',#1006,#1008);
#1010 = EDGE_CURVE('',#284,#286,#1009,.T.);
#1011 = CARTESIAN_POINT('',(143.16682,52.28018,1.50000));
#1012 = DIRECTION('',(-1.000000,0.000000,0.000000));
#1013 = VECTOR('',#1012,0.36148);
#1014 = LINE('',#1011,#1013);
#1015 = EDGE_CURVE('',#286,#288,#1014,.T.);
#1016 = CARTESIAN_POINT('',(142.80534,52.28018,1.50000));
#1017 = DIRECTION('',(-1.000000,0.000000,0.000000));
#1018 = VECTOR('',#1017,0.36148);
#1019 = LINE('',#1016,#1018);
#1020 = EDGE_CURVE('',#288,#290,#1019,.T.);
#1021 = CARTESIAN_POINT('',(142.44386,52.28018,1.50000));
#1022 = DIRECTION('',(-0.959493,0.281733,0.000000));
#1023 = VECTOR('',#1022,0.72296);
#1024 = LINE('',#1021,#1023);
#1025 = EDGE_CURVE('',#290,#292,#1024,.T.);
#1026 = CARTESIAN_POINT('',(141.75018,52.48386,1.50000));
#1027 = DIRECTION('',(-0.841254,0.540641,0.000000));
#1028 = VECTOR('',#1027,0.72296);
#1029 = LINE('',#1026,#1028);
#1030 = EDGE_CURVE('',#292,#294,#1029,.T.);
#1031 = CARTESIAN_POINT('',(141.14199,52.87472,1.50000));
#1032 = DIRECTION('',(-0.654861,0.755750,0.000000));
#1033 = VECTOR('',#1032,0.72296);
#1034 = LINE('',#1031,#1033);
#1035 = EDGE_CURVE('',#294,#296,#1034,.T.);
#1036 = CARTESIAN_POINT('',(140.66855,53.42110,1.50000));
#1037 = DIRECTION('',(-0.415415,0.909632,0.000000));
#1038 = VECTOR('',#1037,0.72296);
#1039 = LINE('',#1036,#1038);
#1040 = EDGE_CURVE('',#296,#298,#1039,.T.);
#1041 = CARTESIAN_POINT('',(140.36822,54.07872,1.50000));
#1042 = DIRECTION('',(-0.142315,0.989821,0.000000));
#1043 = VECTOR('',#1042,0.72296);
#1044 = LINE('',#1041,#1043);
#1045 = EDGE_CURVE('',#298,#300,#1044,.T.);
#1046 = CARTESIAN_POINT('',(140.26534,54.79432,1.50000));
#1047 = DIRECTION('',(0.002415,0.999997,0.000000));
#1048 = VECTOR('',#1047,5.25782);
#1049 = LINE('',#1046,#1048);
#1050 = EDGE_CURVE('',#300,#2,#1049,.T.);
#1051 = ORIENTED_EDGE('',*,*,#305,.T.);
#1052 = ORIENTED_EDGE('',*,*,#310,.T.);
#1053 = ORIENTED_EDGE('',*,*,#315,.T.);
#1054 = ORIENTED_EDGE('',*,*,#320,.T.);
#1055 = ORIENTED_EDGE('',*,*,#325,.T.);
#1056 = ORIENTED_EDGE('',*,*,#330,.T.);
#1057 = ORIENTED_EDGE('',*,*,#335,.T.);
#1058 = ORIENTED_EDGE('',*,*,#340,.T.);
#1059 = ORIENTED_EDGE('',*,*,#345,.T.);
#1060 = ORIENTED_EDGE('',*,*,#350,.T.);
#1061 = ORIENTED_EDGE('',*,*,#355,.T.);
#1062 = ORIENTED_EDGE('',*,*,#360,.T.);
#1063 = ORIENTED_EDGE('',*,*,#365,.T.);
#1064 = ORIENTED_EDGE('',*,*,#370,.T.);
#1065 = ORIENTED_EDGE('',*,*,#375,.T.);
#1066 = ORIENTED_EDGE('',*,*,#380,.T.);
#1067 = ORIENTED_EDGE('',*,*,#385,.T.);
#1068 = ORIENTED_EDGE('',*,*,#390,.T.);
#1069 = ORIENTED_EDGE('',*,*,#395,.T.);
#1070 = ORIENTED_EDGE('',*,*,#400,.T.);
#1071 = ORIENTED_EDGE('',*,*,#405,.T.);
#1072 = ORIENTED_EDGE('',*,*,#410,.T.);
#1073 = ORIENTED_EDGE('',*,*,#415,.T.);
#1074 = ORIENTED_EDGE('',*,*,#420,.T.);
#1075 = ORIENTED_EDGE('',*,*,#425,.T.);
#1076 = ORIENTED_EDGE('',*,*,#430,.T.);
#1077 = ORIENTED_EDGE('',*,*,#435,.T.);
#1078 = ORIENTED_EDGE('',*,*,#440,.T.);
#1079 = ORIENTED_EDGE('',*,*,#445,.T.);
#1080 = ORIENTED_EDGE('',*,*,#450,.T.);
#1081 = ORIENTED_EDGE('',*,*,#455,.T.);
#1082 = ORIENTED_EDGE('',*,*,#460,.T.);
#1083 = ORIENTED_EDGE('',*,*,#465,.T.);
#1084 = ORIENTED_EDGE('',*,*,#470,.T.);
#1085 = ORIENTED_EDGE('',*,*,#475,.T.);
#1086 = ORIENTED_EDGE('',*,*,#480,.T.);
#1087 = ORIENTED_EDGE('',*,*,#485,.T.);
#1088 = ORIENTED_EDGE('',*,*,#490,.T.);
#1089 = ORIENTED_EDGE('',*,*,#495,.T.);
#1090 = ORIENTED_EDGE('',*,*,#500,.T.);
#1091 = ORIENTED_EDGE('',*,*,#505,.T.);
#1092 = ORIENTED_EDGE('',*,*,#510,.T.);
#1093 = ORIENTED_EDGE('',*,*,#515,.T.);
#1094 = ORIENTED_EDGE('',*,*,#520,.T.);
#1095 = ORIENTED_EDGE('',*,*,#525,.T.);
#1096 = ORIENTED_EDGE('',*,*,#530,.T.);
#1097 = ORIENTED_EDGE('',*,*,#535,.T.);
#1098 = ORIENTED_EDGE('',*,*,#540,.T.);
#1099 = ORIENTED_EDGE('',*,*,#545,.T.);
#1100 = ORIENTED_EDGE('',*,*,#550,.T.);
#1101 = ORIENTED_EDGE('',*,*,#555,.T.);
#1102 = ORIENTED_EDGE('',*,*,#560,.T.);
#1103 = ORIENTED_EDGE('',*,*,#565,.T.);
#1104 = ORIENTED_EDGE('',*,*,#570,.T.);
#1105 = ORIENTED_EDGE('',*,*,#575,.T.);
#1106 = ORIENTED_EDGE('',*,*,#580,.T.);
#1107 = ORIENTED_EDGE('',*,*,#585,.T.);
#1108 = ORIENTED_EDGE('',*,*,#590,.T.);
#1109 = ORIENTED_EDGE('',*,*,#595,.T.);
#1110 = ORIENTED_EDGE('',*,*,#600,.T.);
#1111 = ORIENTED_EDGE('',*,*,#605,.T.);
#1112 = ORIENTED_EDGE('',*,*,#610,.T.);
#1113 = ORIENTED_EDGE('',*,*,#615,.T.);
#1114 = ORIENTED_EDGE('',*,*,#620,.T.);
#1115 = ORIENTED_EDGE('',*,*,#625,.T.);
#1116 = ORIENTED_EDGE('',*,*,#630,.T.);
#1117 = ORIENTED_EDGE('',*,*,#635,.T.);
#1118 = ORIENTED_EDGE('',*,*,#640,.T.);
#1119 = ORIENTED_EDGE('',*,*,#645,.T.);
#1120 = ORIENTED_EDGE('',*,*,#650,.T.);
#1121 = ORIENTED_EDGE('',*,*,#655,.T.);
#1122 = ORIENTED_EDGE('',*,*,#660,.T.);
#1123 = ORIENTED_EDGE('',*,*,#665,.T.);
#1124 = ORIENTED_EDGE('',*,*,#670,.T.);
#1125 = ORIENTED_EDGE('',*,*,#675,.T.);
#1126 = ORIENTED_EDGE('',*,*,#680,.T.);
#1127 = ORIENTED_EDGE('',*,*,#685,.T.);
#1128 = ORIENTED_EDGE('',*,*,#690,.T.);
#1129 = ORIENTED_EDGE('',*,*,#695,.T.);
#1130 = ORIENTED_EDGE('',*,*,#700,.T.);
#1131 = ORIENTED_EDGE('',*,*,#705,.T.);
#1132 = ORIENTED_EDGE('',*,*,#710,.T.);
#1133 = ORIENTED_EDGE('',*,*,#715,.T.);
#1134 = ORIENTED_EDGE('',*,*,#720,.T.);
#1135 = ORIENTED_EDGE('',*,*,#725,.T.);
#1136 = ORIENTED_EDGE('',*,*,#730,.T.);
#1137 = ORIENTED_EDGE('',*,*,#735,.T.);
#1138 = ORIENTED_EDGE('',*,*,#740,.T.);
#1139 = ORIENTED_EDGE('',*,*,#745,.T.);
#1140 = ORIENTED_EDGE('',*,*,#750,.T.);
#1141 = ORIENTED_EDGE('',*,*,#755,.T.);
#1142 = ORIENTED_EDGE('',*,*,#760,.T.);
#1143 = ORIENTED_EDGE('',*,*,#765,.T.);
#1144 = ORIENTED_EDGE('',*,*,#770,.T.);
#1145 = ORIENTED_EDGE('',*,*,#775,.T.);
#1146 = ORIENTED_EDGE('',*,*,#780,.T.);
#1147 = ORIENTED_EDGE('',*,*,#785,.T.);
#1148 = ORIENTED_EDGE('',*,*,#790,.T.);
#1149 = ORIENTED_EDGE('',*,*,#795,.T.);
#1150 = ORIENTED_EDGE('',*,*,#800,.T.);
#1151 = ORIENTED_EDGE('',*,*,#805,.T.);
#1152 = ORIENTED_EDGE('',*,*,#810,.T.);
#1153 = ORIENTED_EDGE('',*,*,#815,.T.);
#1154 = ORIENTED_EDGE('',*,*,#820,.T.);
#1155 = ORIENTED_EDGE('',*,*,#825,.T.);
#1156 = ORIENTED_EDGE('',*,*,#830,.T.);
#1157 = ORIENTED_EDGE('',*,*,#835,.T.);
#1158 = ORIENTED_EDGE('',*,*,#840,.T.);
#1159 = ORIENTED_EDGE('',*,*,#845,.T.);
#1160 = ORIENTED_EDGE('',*,*,#850,.T.);
#1161 = ORIENTED_EDGE('',*,*,#855,.T.);
#1162 = ORIENTED_EDGE('',*,*,#860,.T.);
#1163 = ORIENTED_EDGE('',*,*,#865,.T.);
#1164 = ORIENTED_EDGE('',*,*,#870,.T.);
#1165 = ORIENTED_EDGE('',*,*,#875,.T.);
#1166 = ORIENTED_EDGE('',*,*,#880,.T.);
#1167 = ORIENTED_EDGE('',*,*,#885,.T.);
#1168 = ORIENTED_EDGE('',*,*,#890,.T.);
#1169 = ORIENTED_EDGE('',*,*,#895,.T.);
#1170 = ORIENTED_EDGE('',*,*,#900,.T.);
#1171 = ORIENTED_EDGE('',*,*,#905,.T.);
#1172 = ORIENTED_EDGE('',*,*,#910,.T.);
#1173 = ORIENTED_EDGE('',*,*,#915,.T.);
#1174 = ORIENTED_EDGE('',*,*,#920,.T.);
#1175 = ORIENTED_EDGE('',*,*,#925,.T.);
#1176 = ORIENTED_EDGE('',*,*,#930,.T.);
#1177 = ORIENTED_EDGE('',*,*,#935,.T.);
#1178 = ORIENTED_EDGE('',*,*,#940,.T.);
#1179 = ORIENTED_EDGE('',*,*,#945,.T.);
#1180 = ORIENTED_EDGE('',*,*,#950,.T.);
#1181 = ORIENTED_EDGE('',*,*,#955,.T.);
#1182 = ORIENTED_EDGE('',*,*,#960,.T.);
#1183 = ORIENTED_EDGE('',*,*,#965,.T.);
#1184 = ORIENTED_EDGE('',*,*,#970,.T.);
#1185 = ORIENTED_EDGE('',*,*,#975,.T.);
#1186 = ORIENTED_EDGE('',*,*,#980,.T.);
#1187 = ORIENTED_EDGE('',*,*,#985,.T.);
#1188 = ORIENTED_EDGE('',*,*,#990,.T.);
#1189 = ORIENTED_EDGE('',*,*,#995,.T.);
#1190 = ORIENTED_EDGE('',*,*,#1000,.T.);
#1191 = ORIENTED_EDGE('',*,*,#1005,.T.);
#1192 = ORIENTED_EDGE('',*,*,#1010,.T.);
#1193 = ORIENTED_EDGE('',*,*,#1015,.T.);
#1194 = ORIENTED_EDGE('',*,*,#1020,.T.);
#1195 = ORIENTED_EDGE('',*,*,#1025,.T.);
#1196 = ORIENTED_EDGE('',*,*,#1030,.T.);
#1197 = ORIENTED_EDGE('',*,*,#1035,.T.);
#1198 = ORIENTED_EDGE('',*,*,#1040,.T.);
#1199 = ORIENTED_EDGE('',*,*,#1045,.T.);
#1200 = ORIENTED_EDGE('',*,*,#1050,.T.);
#1201 = EDGE_LOOP('',(#1051,#1052,#1053,#1054,#1055,#1056,#1057,#1058,#1059,#1060,#1061,#1062,#1063,#1064,#1065,#1066,#1067,#1068,#1069,#1070,#1071,#1072,#1073,#1074,#1075,#1076,#1077,#1078,#1079,#1080,#1081,#1082,#1083,#1084,#1085,#1086,#1087,#1088,#1089,#1090,#1091,#1092,#1093,#1094,#1095,#1096,#1097,#1098,#1099,#1100,#1101,#1102,#1103,#1104,#1105,#1106,#1107,#1108,#1109,#1110,#1111,#1112,#1113,#1114,#1115,#1116,#1117,#1118,#1119,#1120,#1121,#1122,#1123,#1124,#1125,#1126,#1127,#1128,#1129,#1130,#1131,#1132,#1133,#1134,#1135,#1136,#1137,#1138,#1139,#1140,#1141,#1142,#1143,#1144,#1145,#1146,#1147,#1148,#1149,#1150,#1151,#1152,#1153,#1154,#1155,#1156,#1157,#1158,#1159,#1160,#1161,#1162,#1163,#1164,#1165,#1166,#1167,#1168,#1169,#1170,#1171,#1172,#1173,#1174,#1175,#1176,#1177,#1178,#1179,#1180,#1181,#1182,#1183,#1184,#1185,#1186,#1187,#1188,#1189,#1190,#1191,#1192,#1193,#1194,#1195,#1196,#1197,#1198,#1199,#1200));
#1202 = CARTESIAN_POINT('',(4.21620,59.06016,1.50000));
#1203 = VERTEX_POINT('',#1202);
#1204 = CARTESIAN_POINT('',(18.01620,59.06016,1.50000));
#1205 = VERTEX_POINT('',#1204);
#1206 = CARTESIAN_POINT('',(18.01620,45.26016,1.50000));
#1207 = VERTEX_POINT('',#1206);
#1208 = CARTESIAN_POINT('',(4.21620,45.26016,1.50000));
#1209 = VERTEX_POINT('',#1208);
#1210 = CARTESIAN_POINT('',(4.21620,59.06016,1.50000));
#1211 = DIRECTION('',(1.000000,0.000000,0.000000));
#1212 = VECTOR('',#1211,13.80000);
#1213 = LINE('',#1210,#1212);
#1214 = EDGE_CURVE('',#1203,#1205,#1213,.T.);
#1215 = CARTESIAN_POINT('',(18.01620,59.06016,1.50000));
#1216 = DIRECTION('',(0.000000,-1.000000,0.000000));
#1217 = VECTOR('',#1216,13.80000);
#1218 = LINE('',#1215,#1217);
#1219 = EDGE_CURVE('',#1205,#1207,#1218,.T.);
#1220 = CARTESIAN_POINT('',(18.01620,45.26016,1.50000));
#1221 = DIRECTION('',(-1.000000,0.000000,0.000000));
#1222 = VECTOR('',#1221,13.80000);
#1223 = LINE('',#1220,#1222);
#1224 = EDGE_CURVE('',#1207,#1209,#1223,.T.);
#1225 = CARTESIAN_POINT('',(4.21620,45.26016,1.50000));
#1226 = DIRECTION('',(0.000000,1.000000,0.000000));
#1227 = VECTOR('',#1226,13.80000);
#1228 = LINE('',#1225,#1227);
#1229 = EDGE_CURVE('',#1209,#1203,#1228,.T.);
#1230 = ORIENTED_EDGE('',*,*,#1214,.F.);
#1231 = ORIENTED_EDGE('',*,*,#1219,.F.);
#1232 = ORIENTED_EDGE('',*,*,#1224,.F.);
#1233 = ORIENTED_EDGE('',*,*,#1229,.F.);
#1234 = EDGE_LOOP('',(#1230,#1231,#1232,#1233));
#1235 = CARTESIAN_POINT('',(42.56650,37.64156,1.50000));
#1236 = VERTEX_POINT('',#1235);
#1237 = CARTESIAN_POINT('',(56.36650,37.64156,1.50000));
#1238 = VERTEX_POINT('',#1237);
#1239 = CARTESIAN_POINT('',(56.36650,23.84156,1.50000));
#1240 = VERTEX_POINT('',#1239);
#1241 = CARTESIAN_POINT('',(42.56650,23.84156,1.50000));
#1242 = VERTEX_POINT('',#1241);
#1243 = CARTESIAN_POINT('',(42.56650,37.64156,1.50000));
#1244 = DIRECTION('',(1.000000,0.000000,0.000000));
#1245 = VECTOR('',#1244,13.80000);
#1246 = LINE('',#1243,#1245);
#1247 = EDGE_CURVE('',#1236,#1238,#1246,.T.);
#1248 = CARTESIAN_POINT('',(56.36650,37.64156,1.50000));
#1249 = DIRECTION('',(0.000000,-1.000000,0.000000));
#1250 = VECTOR('',#1249,13.80000);
#1251 = LINE('',#1248,#1250);
#1252 = EDGE_CURVE('',#1238,#1240,#1251,.T.);
#1253 = CARTESIAN_POINT('',(56.36650,23.84156,1.50000));
#1254 = DIRECTION('',(-1.000000,0.000000,0.000000));
#1255 = VECTOR('',#1254,13.80000);
#1256 = LINE('',#1253,#1255);
#1257 = EDGE_CURVE('',#1240,#1242,#1256,.T.);
#1258 = CARTESIAN_POINT('',(42.56650,23.84156,1.50000));
#1259 = DIRECTION('',(0.000000,1.000000,0.000000));
#1260 = VECTOR('',#1259,13.80000);
#1261 = LINE('',#1258,#1260);
#1262 = EDGE_CURVE('',#1242,#1236,#1261,.T.);
#1263 = ORIENTED_EDGE('',*,*,#1247,.F.);
#1264 = ORIENTED_EDGE('',*,*,#1252,.F.);
#1265 = ORIENTED_EDGE('',*,*,#1257,.F.);
#1266 = ORIENTED_EDGE('',*,*,#1262,.F.);
#1267 = EDGE_LOOP('',(#1263,#1264,#1265,#1266));
#1268 = CARTESIAN_POINT('',(61.81350,34.81416,1.50000));
#1269 = VERTEX_POINT('',#1268);
#1270 = CARTESIAN_POINT('',(75.61350,34.81416,1.50000));
#1271 = VERTEX_POINT('',#1270);
#1272 = CARTESIAN_POINT('',(75.61350,21.01416,1.50000));
#1273 = VERTEX_POINT('',#1272);
#1274 = CARTESIAN_POINT('',(61.81350,21.01416,1.50000));
#1275 = VERTEX_POINT('',#1274);
#1276 = CARTESIAN_POINT('',(61.81350,34.81416,1.50000));
#1277 = DIRECTION('',(1.000000,0.000000,0.000000));
#1278 = VECTOR('',#1277,13.80000);
#1279 = LINE('',#1276,#1278);
#1280 = EDGE_CURVE('',#1269,#1271,#1279,.T.);
#1281 = CARTESIAN_POINT('',(75.61350,34.81416,1.50000));
#1282 = DIRECTION('',(0.000000,-1.000000,0.000000));
#1283 = VECTOR('',#1282,13.80000);
#1284 = LINE('',#1281,#1283);
#1285 = EDGE_CURVE('',#1271,#1273,#1284,.T.);
#1286 = CARTESIAN_POINT('',(75.61350,21.01416,1.50000));
#1287 = DIRECTION('',(-1.000000,0.000000,0.000000));
#1288 = VECTOR('',#1287,13.80000);
#1289 = LINE('',#1286,#1288);
#1290 = EDGE_CURVE('',#1273,#1275,#1289,.T.);
#1291 = CARTESIAN_POINT('',(61.81350,21.01416,1.50000));
#1292 = DIRECTION('',(0.000000,1.000000,0.000000));
#1293 = VECTOR('',#1292,13.80000);
#1294 = LINE('',#1291,#1293);
#1295 = EDGE_CURVE('',#1275,#1269,#1294,.T.);
#1296 = ORIENTED_EDGE('',*,*,#1280,.F.);
#1297 = ORIENTED_EDGE('',*,*,#1285,.F.);
#1298 = ORIENTED_EDGE('',*,*,#1290,.F.);
#1299 = ORIENTED_EDGE('',*,*,#1295,.F.);
#1300 = EDGE_LOOP('',(#1296,#1297,#1298,#1299));
#1301 = CARTESIAN_POINT('',(94.05104,78.38010,1.50000));
#1302 = VERTEX_POINT('',#1301);
#1303 = CARTESIAN_POINT('',(107.71674,76.45952,1.50000));
#1304 = VERTEX_POINT('',#1303);
#1305 = CARTESIAN_POINT('',(105.79616,62.79382,1.50000));
#1306 = VERTEX_POINT('',#1305);
#1307 = CARTESIAN_POINT('',(92.13046,64.71440,1.50000));
#1308 = VERTEX_POINT('',#1307);
#1309 = CARTESIAN_POINT('',(94.05104,78.38010,1.50000));
#1310 = DIRECTION('',(0.990268,-0.139173,0.000000));
#1311 = VECTOR('',#1310,13.80000);
#1312 = LINE('',#1309,#1311);
#1313 = EDGE_CURVE('',#1302,#1304,#1312,.T.);
#1314 = CARTESIAN_POINT('',(107.71674,76.45952,1.50000));
#1315 = DIRECTION('',(-0.139173,-0.990268,0.000000));
#1316 = VECTOR('',#1315,13.80000);
#1317 = LINE('',#1314,#1316);
#1318 = EDGE_CURVE('',#1304,#1306,#1317,.T.);
#1319 = CARTESIAN_POINT('',(105.79616,62.79382,1.50000));
#1320 = DIRECTION('',(-0.990268,0.139173,0.000000));
#1321 = VECTOR('',#1320,13.80000);
#1322 = LINE('',#1319,#1321);
#1323 = EDGE_CURVE('',#1306,#1308,#1322,.T.);
#1324 = CARTESIAN_POINT('',(92.13046,64.71440,1.50000));
#1325 = DIRECTION('',(0.139173,0.990268,0.000000));
#1326 = VECTOR('',#1325,13.80000);
#1327 = LINE('',#1324,#1326);
#1328 = EDGE_CURVE('',#1308,#1302,#1327,.T.);
#1329 = ORIENTED_EDGE('',*,*,#1313,.F.);
#1330 = ORIENTED_EDGE('',*,*,#1318,.F.);
#1331 = ORIENTED_EDGE('',*,*,#1323,.F.);
#1332 = ORIENTED_EDGE('',*,*,#1328,.F.);
#1333 = EDGE_LOOP('',(#1329,#1330,#1331,#1332));
#1334 = CARTESIAN_POINT('',(72.71857,75.85742,1.50000));
#1335 = VERTEX_POINT('',#1334);
#1336 = CARTESIAN_POINT('',(86.49966,75.13519,1.50000));
#1337 = VERTEX_POINT('',#1336);
#1338 = CARTESIAN_POINT('',(85.77743,61.35410,1.50000));
#1339 = VERTEX_POINT('',#1338);
#1340 = CARTESIAN_POINT('',(71.99634,62.07633,1.50000));
#1341 = VERTEX_POINT('',#1340);
#1342 = CARTESIAN_POINT('',(72.71857,75.85742,1.50000));
#1343 = DIRECTION('',(0.998630,-0.052336,0.000000));
#1344 = VECTOR('',#1343,13.80000);
#1345 = LINE('',#1342,#1344);
#1346 = EDGE_CURVE('',#1335,#1337,#1345,.T.);
#1347 = CARTESIAN_POINT('',(86.49966,75.13519,1.50000));
#1348 = DIRECTION('',(-0.052336,-0.998630,0.000000));
#1349 = VECTOR('',#1348,13.80000);
#1350 = LINE('',#1347,#1349);
#1351 = EDGE_CURVE('',#1337,#1339,#1350,.T.);
#1352 = CARTESIAN_POINT('',(85.77743,61.35410,1.50000));
#1353 = DIRECTION('',(-0.998630,0.052336,0.000000));
#1354 = VECTOR('',#1353,13.80000);
#1355 = LINE('',#1352,#1354);
#1356 = EDGE_CURVE('',#1339,#1341,#1355,.T.);
#1357 = CARTESIAN_POINT('',(71.99634,62.07633,1.50000));
#1358 = DIRECTION('',(0.052336,0.998630,0.000000));
#1359 = VECTOR('',#1358,13.80000);
#1360 = LINE('',#1357,#1359);
#1361 = EDGE_CURVE('',#1341,#1335,#1360,.T.);
#1362 = ORIENTED_EDGE('',*,*,#1346,.F.);
#1363 = ORIENTED_EDGE('',*,*,#1351,.F.);
#1364 = ORIENTED_EDGE('',*,*,#1356,.F.);
#1365 = ORIENTED_EDGE('',*,*,#1361,.F.);
#1366 = EDGE_LOOP('',(#1362,#1363,#1364,#1365));
#1367 = CARTESIAN_POINT('',(100.07210,57.10176,1.50000));
#1368 = VERTEX_POINT('',#1367);
#1369 = CARTESIAN_POINT('',(113.87210,57.10176,1.50000));
#1370 = VERTEX_POINT('',#1369);
#1371 = CARTESIAN_POINT('',(113.87210,43.30176,1.50000));
#1372 = VERTEX_POINT('',#1371);
#1373 = CARTESIAN_POINT('',(100.07210,43.30176,1.50000));
#1374 = VERTEX_POINT('',#1373);
#1375 = CARTESIAN_POINT('',(100.07210,57.10176,1.50000));
#1376 = DIRECTION('',(1.000000,0.000000,0.000000));
#1377 = VECTOR('',#1376,13.80000);
#1378 = LINE('',#1375,#1377);
#1379 = EDGE_CURVE('',#1368,#1370,#1378,.T.);
#1380 = CARTESIAN_POINT('',(113.87210,57.10176,1.50000));
#1381 = DIRECTION('',(0.000000,-1.000000,0.000000));
#1382 = VECTOR('',#1381,13.80000);
#1383 = LINE('',#1380,#1382);
#1384 = EDGE_CURVE('',#1370,#1372,#1383,.T.);
#1385 = CARTESIAN_POINT('',(113.87210,43.30176,1.50000));
#1386 = DIRECTION('',(-1.000000,0.000000,0.000000));
#1387 = VECTOR('',#1386,13.80000);
#1388 = LINE('',#1385,#1387);
#1389 = EDGE_CURVE('',#1372,#1374,#1388,.T.);
#1390 = CARTESIAN_POINT('',(100.07210,43.30176,1.50000));
#1391 = DIRECTION('',(0.000000,1.000000,0.000000));
#1392 = VECTOR('',#1391,13.80000);
#1393 = LINE('',#1390,#1392);
#1394 = EDGE_CURVE('',#1374,#1368,#1393,.T.);
#1395 = ORIENTED_EDGE('',*,*,#1379,.F.);
#1396 = ORIENTED_EDGE('',*,*,#1384,.F.);
#1397 = ORIENTED_EDGE('',*,*,#1389,.F.);
#1398 = ORIENTED_EDGE('',*,*,#1394,.F.);
#1399 = EDGE_LOOP('',(#1395,#1396,#1397,#1398));
#1400 = CARTESIAN_POINT('',(80.92050,55.36756,1.50000));
#1401 = VERTEX_POINT('',#1400);
#1402 = CARTESIAN_POINT('',(94.72050,55.36756,1.50000));
#1403 = VERTEX_POINT('',#1402);
#1404 = CARTESIAN_POINT('',(94.72050,41.56756,1.50000));
#1405 = VERTEX_POINT('',#1404);
#1406 = CARTESIAN_POINT('',(80.92050,41.56756,1.50000));
#1407 = VERTEX_POINT('',#1406);
#1408 = CARTESIAN_POINT('',(80.92050,55.36756,1.50000));
#1409 = DIRECTION('',(1.000000,0.000000,0.000000));
#1410 = VECTOR('',#1409,13.80000);
#1411 = LINE('',#1408,#1410);
#1412 = EDGE_CURVE('',#1401,#1403,#1411,.T.);
#1413 = CARTESIAN_POINT('',(94.72050,55.36756,1.50000));
#1414 = DIRECTION('',(0.000000,-1.000000,0.000000));
#1415 = VECTOR('',#1414,13.80000);
#1416 = LINE('',#1413,#1415);
#1417 = EDGE_CURVE('',#1403,#1405,#1416,.T.);
#1418 = CARTESIAN_POINT('',(94.72050,41.56756,1.50000));
#1419 = DIRECTION('',(-1.000000,0.000000,0.000000));
#1420 = VECTOR('',#1419,13.80000);
#1421 = LINE('',#1418,#1420);
#1422 = EDGE_CURVE('',#1405,#1407,#1421,.T.);
#1423 = CARTESIAN_POINT('',(80.92050,41.56756,1.50000));
#1424 = DIRECTION('',(0.000000,1.000000,0.000000));
#1425 = VECTOR('',#1424,13.80000);
#1426 = LINE('',#1423,#1425);
#1427 = EDGE_CURVE('',#1407,#1401,#1426,.T.);
#1428 = ORIENTED_EDGE('',*,*,#1412,.F.);
#1429 = ORIENTED_EDGE('',*,*,#1417,.F.);
#1430 = ORIENTED_EDGE('',*,*,#1422,.F.);
#1431 = ORIENTED_EDGE('',*,*,#1427,.F.);
#1432 = EDGE_LOOP('',(#1428,#1429,#1430,#1431));
#1433 = CARTESIAN_POINT('',(23.46570,59.12276,1.50000));
#1434 = VERTEX_POINT('',#1433);
#1435 = CARTESIAN_POINT('',(37.26570,59.12276,1.50000));
#1436 = VERTEX_POINT('',#1435);
#1437 = CARTESIAN_POINT('',(37.26570,45.32276,1.50000));
#1438 = VERTEX_POINT('',#1437);
#1439 = CARTESIAN_POINT('',(23.46570,45.32276,1.50000));
#1440 = VERTEX_POINT('',#1439);
#1441 = CARTESIAN_POINT('',(23.46570,59.12276,1.50000));
#1442 = DIRECTION('',(1.000000,0.000000,0.000000));
#1443 = VECTOR('',#1442,13.80000);
#1444 = LINE('',#1441,#1443);
#1445 = EDGE_CURVE('',#1434,#1436,#1444,.T.);
#1446 = CARTESIAN_POINT('',(37.26570,59.12276,1.50000));
#1447 = DIRECTION('',(0.000000,-1.000000,0.000000));
#1448 = VECTOR('',#1447,13.80000);
#1449 = LINE('',#1446,#1448);
#1450 = EDGE_CURVE('',#1436,#1438,#1449,.T.);
#1451 = CARTESIAN_POINT('',(37.26570,45.32276,1.50000));
#1452 = DIRECTION('',(-1.000000,0.000000,0.000000));
#1453 = VECTOR('',#1452,13.80000);
#1454 = LINE('',#1451,#1453);
#1455 = EDGE_CURVE('',#1438,#1440,#1454,.T.);
#1456 = CARTESIAN_POINT('',(23.46570,45.32276,1.50000));
#1457 = DIRECTION('',(0.000000,1.000000,0.000000));
#1458 = VECTOR('',#1457,13.80000);
#1459 = LINE('',#1456,#1458);
#1460 = EDGE_CURVE('',#1440,#1434,#1459,.T.);
#1461 = ORIENTED_EDGE('',*,*,#1445,.F.);
#1462 = ORIENTED_EDGE('',*,*,#1450,.F.);
#1463 = ORIENTED_EDGE('',*,*,#1455,.F.);
#1464 = ORIENTED_EDGE('',*,*,#1460,.F.);
#1465 = EDGE_LOOP('',(#1461,#1462,#1463,#1464));
#1466 = CARTESIAN_POINT('',(4.21620,41.46516,1.50000));
#1467 = VERTEX_POINT('',#1466);
#1468 = CARTESIAN_POINT('',(18.01620,41.46516,1.50000));
#1469 = VERTEX_POINT('',#1468);
#1470 = CARTESIAN_POINT('',(18.01620,27.66516,1.50000));
#1471 = VERTEX_POINT('',#1470);
#1472 = CARTESIAN_POINT('',(4.21620,27.66516,1.50000));
#1473 = VERTEX_POINT('',#1472);
#1474 = CARTESIAN_POINT('',(4.21620,41.46516,1.50000));
#1475 = DIRECTION('',(1.000000,0.000000,0.000000));
#1476 = VECTOR('',#1475,13.80000);
#1477 = LINE('',#1474,#1476);
#1478 = EDGE_CURVE('',#1467,#1469,#1477,.T.);
#1479 = CARTESIAN_POINT('',(18.01620,41.46516,1.50000));
#1480 = DIRECTION('',(0.000000,-1.000000,0.000000));
#1481 = VECTOR('',#1480,13.80000);
#1482 = LINE('',#1479,#1481);
#1483 = EDGE_CURVE('',#1469,#1471,#1482,.T.);
#1484 = CARTESIAN_POINT('',(18.01620,27.66516,1.50000));
#1485 = DIRECTION('',(-1.000000,0.000000,0.000000));
#1486 = VECTOR('',#1485,13.80000);
#1487 = LINE('',#1484,#1486);
#1488 = EDGE_CURVE('',#1471,#1473,#1487,.T.);
#1489 = CARTESIAN_POINT('',(4.21620,27.66516,1.50000));
#1490 = DIRECTION('',(0.000000,1.000000,0.000000));
#1491 = VECTOR('',#1490,13.80000);
#1492 = LINE('',#1489,#1491);
#1493 = EDGE_CURVE('',#1473,#1467,#1492,.T.);
#1494 = ORIENTED_EDGE('',*,*,#1478,.F.);
#1495 = ORIENTED_EDGE('',*,*,#1483,.F.);
#1496 = ORIENTED_EDGE('',*,*,#1488,.F.);
#1497 = ORIENTED_EDGE('',*,*,#1493,.F.);
#1498 = EDGE_LOOP('',(#1494,#1495,#1496,#1497));
#1499 = CARTESIAN_POINT('',(42.56650,55.23656,1.50000));
#1500 = VERTEX_POINT('',#1499);
#1501 = CARTESIAN_POINT('',(56.36650,55.23656,1.50000));
#1502 = VERTEX_POINT('',#1501);
#1503 = CARTESIAN_POINT('',(56.36650,41.43656,1.50000));
#1504 = VERTEX_POINT('',#1503);
#1505 = CARTESIAN_POINT('',(42.56650,41.43656,1.50000));
#1506 = VERTEX_POINT('',#1505);
#1507 = CARTESIAN_POINT('',(42.56650,55.23656,1.50000));
#1508 = DIRECTION('',(1.000000,0.000000,0.000000));
#1509 = VECTOR('',#1508,13.80000);
#1510 = LINE('',#1507,#1509);
#1511 = EDGE_CURVE('',#1500,#1502,#1510,.T.);
#1512 = CARTESIAN_POINT('',(56.36650,55.23656,1.50000));
#1513 = DIRECTION('',(0.000000,-1.000000,0.000000));
#1514 = VECTOR('',#1513,13.80000);
#1515 = LINE('',#1512,#1514);
#1516 = EDGE_CURVE('',#1502,#1504,#1515,.T.);
#1517 = CARTESIAN_POINT('',(56.36650,41.43656,1.50000));
#1518 = DIRECTION('',(-1.000000,0.000000,0.000000));
#1519 = VECTOR('',#1518,13.80000);
#1520 = LINE('',#1517,#1519);
#1521 = EDGE_CURVE('',#1504,#1506,#1520,.T.);
#1522 = CARTESIAN_POINT('',(42.56650,41.43656,1.50000));
#1523 = DIRECTION('',(0.000000,1.000000,0.000000));
#1524 = VECTOR('',#1523,13.80000);
#1525 = LINE('',#1522,#1524);
#1526 = EDGE_CURVE('',#1506,#1500,#1525,.T.);
#1527 = ORIENTED_EDGE('',*,*,#1511,.F.);
#1528 = ORIENTED_EDGE('',*,*,#1516,.F.);
#1529 = ORIENTED_EDGE('',*,*,#1521,.F.);
#1530 = ORIENTED_EDGE('',*,*,#1526,.F.);
#1531 = EDGE_LOOP('',(#1527,#1528,#1529,#1530));
#1532 = CARTESIAN_POINT('',(121.02002,87.55634,1.50000));
#1533 = VERTEX_POINT('',#1532);
#1534 = CARTESIAN_POINT('',(132.97118,80.65634,1.50000));
#1535 = VERTEX_POINT('',#1534);
#1536 = CARTESIAN_POINT('',(126.07118,68.70518,1.50000));
#1537 = VERTEX_POINT('',#1536);
#1538 = CARTESIAN_POINT('',(114.12002,75.60518,1.50000));
#1539 = VERTEX_POINT('',#1538);
#1540 = CARTESIAN_POINT('',(121.02002,87.55634,1.50000));
#1541 = DIRECTION('',(0.866025,-0.500000,0.000000));
#1542 = VECTOR('',#1541,13.80000);
#1543 = LINE('',#1540,#1542);
#1544 = EDGE_CURVE('',#1533,#1535,#1543,.T.);
#1545 = CARTESIAN_POINT('',(132.97118,80.65634,1.50000));
#1546 = DIRECTION('',(-0.500000,-0.866025,0.000000));
#1547 = VECTOR('',#1546,13.80000);
#1548 = LINE('',#1545,#1547);
#1549 = EDGE_CURVE('',#1535,#1537,#1548,.T.);
#1550 = CARTESIAN_POINT('',(126.07118,68.70518,1.50000));
#1551 = DIRECTION('',(-0.866025,0.500000,0.000000));
#1552 = VECTOR('',#1551,13.80000);
#1553 = LINE('',#1550,#1552);
#1554 = EDGE_CURVE('',#1537,#1539,#1553,.T.);
#1555 = CARTESIAN_POINT('',(114.12002,75.60518,1.50000));
#1556 = DIRECTION('',(0.500000,0.866025,0.000000));
#1557 = VECTOR('',#1556,13.80000);
#1558 = LINE('',#1555,#1557);
#1559 = EDGE_CURVE('',#1539,#1533,#1558,.T.);
#1560 = ORIENTED_EDGE('',*,*,#1544,.F.);
#1561 = ORIENTED_EDGE('',*,*,#1549,.F.);
#1562 = ORIENTED_EDGE('',*,*,#1554,.F.);
#1563 = ORIENTED_EDGE('',*,*,#1559,.F.);
#1564 = EDGE_LOOP('',(#1560,#1561,#1562,#1563));
#1565 = CARTESIAN_POINT('',(61.81350,52.40916,1.50000));
#1566 = VERTEX_POINT('',#1565);
#1567 = CARTESIAN_POINT('',(75.61350,52.40916,1.50000));
#1568 = VERTEX_POINT('',#1567);
#1569 = CARTESIAN_POINT('',(75.61350,38.60916,1.50000));
#1570 = VERTEX_POINT('',#1569);
#1571 = CARTESIAN_POINT('',(61.81350,38.60916,1.50000));
#1572 = VERTEX_POINT('',#1571);
#1573 = CARTESIAN_POINT('',(61.81350,52.40916,1.50000));
#1574 = DIRECTION('',(1.000000,0.000000,0.000000));
#1575 = VECTOR('',#1574,13.80000);
#1576 = LINE('',#1573,#1575);
#1577 = EDGE_CURVE('',#1566,#1568,#1576,.T.);
#1578 = CARTESIAN_POINT('',(75.61350,52.40916,1.50000));
#1579 = DIRECTION('',(0.000000,-1.000000,0.000000));
#1580 = VECTOR('',#1579,13.80000);
#1581 = LINE('',#1578,#1580);
#1582 = EDGE_CURVE('',#1568,#1570,#1581,.T.);
#1583 = CARTESIAN_POINT('',(75.61350,38.60916,1.50000));
#1584 = DIRECTION('',(-1.000000,0.000000,0.000000));
#1585 = VECTOR('',#1584,13.80000);
#1586 = LINE('',#1583,#1585);
#1587 = EDGE_CURVE('',#1570,#1572,#1586,.T.);
#1588 = CARTESIAN_POINT('',(61.81350,38.60916,1.50000));
#1589 = DIRECTION('',(0.000000,1.000000,0.000000));
#1590 = VECTOR('',#1589,13.80000);
#1591 = LINE('',#1588,#1590);
#1592 = EDGE_CURVE('',#1572,#1566,#1591,.T.);
#1593 = ORIENTED_EDGE('',*,*,#1577,.F.);
#1594 = ORIENTED_EDGE('',*,*,#1582,.F.);
#1595 = ORIENTED_EDGE('',*,*,#1587,.F.);
#1596 = ORIENTED_EDGE('',*,*,#1592,.F.);
#1597 = EDGE_LOOP('',(#1593,#1594,#1595,#1596));
#1598 = CARTESIAN_POINT('',(80.92050,37.77256,1.50000));
#1599 = VERTEX_POINT('',#1598);
#1600 = CARTESIAN_POINT('',(94.72050,37.77256,1.50000));
#1601 = VERTEX_POINT('',#1600);
#1602 = CARTESIAN_POINT('',(94.72050,23.97256,1.50000));
#1603 = VERTEX_POINT('',#1602);
#1604 = CARTESIAN_POINT('',(80.92050,23.97256,1.50000));
#1605 = VERTEX_POINT('',#1604);
#1606 = CARTESIAN_POINT('',(80.92050,37.77256,1.50000));
#1607 = DIRECTION('',(1.000000,0.000000,0.000000));
#1608 = VECTOR('',#1607,13.80000);
#1609 = LINE('',#1606,#1608);
#1610 = EDGE_CURVE('',#1599,#1601,#1609,.T.);
#1611 = CARTESIAN_POINT('',(94.72050,37.77256,1.50000));
#1612 = DIRECTION('',(0.000000,-1.000000,0.000000));
#1613 = VECTOR('',#1612,13.80000);
#1614 = LINE('',#1611,#1613);
#1615 = EDGE_CURVE('',#1601,#1603,#1614,.T.);
#1616 = CARTESIAN_POINT('',(94.72050,23.97256,1.50000));
#1617 = DIRECTION('',(-1.000000,0.000000,0.000000));
#1618 = VECTOR('',#1617,13.80000);
#1619 = LINE('',#1616,#1618);
#1620 = EDGE_CURVE('',#1603,#1605,#1619,.T.);
#1621 = CARTESIAN_POINT('',(80.92050,23.97256,1.50000));
#1622 = DIRECTION('',(0.000000,1.000000,0.000000));
#1623 = VECTOR('',#1622,13.80000);
#1624 = LINE('',#1621,#1623);
#1625 = EDGE_CURVE('',#1605,#1599,#1624,.T.);
#1626 = ORIENTED_EDGE('',*,*,#1610,.F.);
#1627 = ORIENTED_EDGE('',*,*,#1615,.F.);
#1628 = ORIENTED_EDGE('',*,*,#1620,.F.);
#1629 = ORIENTED_EDGE('',*,*,#1625,.F.);
#1630 = EDGE_LOOP('',(#1626,#1627,#1628,#1629));
#1631 = CARTESIAN_POINT('',(80.92050,20.17756,1.50000));
#1632 = VERTEX_POINT('',#1631);
#1633 = CARTESIAN_POINT('',(94.72050,20.17756,1.50000));
#1634 = VERTEX_POINT('',#1633);
#1635 = CARTESIAN_POINT('',(94.72050,6.37756,1.50000));
#1636 = VERTEX_POINT('',#1635);
#1637 = CARTESIAN_POINT('',(80.92050,6.37756,1.50000));
#1638 = VERTEX_POINT('',#1637);
#1639 = CARTESIAN_POINT('',(80.92050,20.17756,1.50000));
#1640 = DIRECTION('',(1.000000,0.000000,0.000000));
#1641 = VECTOR('',#1640,13.80000);
#1642 = LINE('',#1639,#1641);
#1643 = EDGE_CURVE('',#1632,#1634,#1642,.T.);
#1644 = CARTESIAN_POINT('',(94.72050,20.17756,1.50000));
#1645 = DIRECTION('',(0.000000,-1.000000,0.000000));
#1646 = VECTOR('',#1645,13.80000);
#1647 = LINE('',#1644,#1646);
#1648 = EDGE_CURVE('',#1634,#1636,#1647,.T.);
#1649 = CARTESIAN_POINT('',(94.72050,6.37756,1.50000));
#1650 = DIRECTION('',(-1.000000,0.000000,0.000000));
#1651 = VECTOR('',#1650,13.80000);
#1652 = LINE('',#1649,#1651);
#1653 = EDGE_CURVE('',#1636,#1638,#1652,.T.);
#1654 = CARTESIAN_POINT('',(80.92050,6.37756,1.50000));
#1655 = DIRECTION('',(0.000000,1.000000,0.000000));
#1656 = VECTOR('',#1655,13.80000);
#1657 = LINE('',#1654,#1656);
#1658 = EDGE_CURVE('',#1638,#1632,#1657,.T.);
#1659 = ORIENTED_EDGE('',*,*,#1643,.F.);
#1660 = ORIENTED_EDGE('',*,*,#1648,.F.);
#1661 = ORIENTED_EDGE('',*,*,#1653,.F.);
#1662 = ORIENTED_EDGE('',*,*,#1658,.F.);
#1663 = EDGE_LOOP('',(#1659,#1660,#1661,#1662));
#1664 = CARTESIAN_POINT('',(42.56650,20.04656,1.50000));
#1665 = VERTEX_POINT('',#1664);
#1666 = CARTESIAN_POINT('',(56.36650,20.04656,1.50000));
#1667 = VERTEX_POINT('',#1666);
#1668 = CARTESIAN_POINT('',(56.36650,6.24656,1.50000));
#1669 = VERTEX_POINT('',#1668);
#1670 = CARTESIAN_POINT('',(42.56650,6.24656,1.50000));
#1671 = VERTEX_POINT('',#1670);
#1672 = CARTESIAN_POINT('',(42.56650,20.04656,1.50000));
#1673 = DIRECTION('',(1.000000,0.000000,0.000000));
#1674 = VECTOR('',#1673,13.80000);
#1675 = LINE('',#1672,#1674);
#1676 = EDGE_CURVE('',#1665,#1667,#1675,.T.);
#1677 = CARTESIAN_POINT('',(56.36650,20.04656,1.50000));
#1678 = DIRECTION('',(0.000000,-1.000000,0.000000));
#1679 = VECTOR('',#1678,13.80000);
#1680 = LINE('',#1677,#1679);
#1681 = EDGE_CURVE('',#1667,#1669,#1680,.T.);
#1682 = CARTESIAN_POINT('',(56.36650,6.24656,1.50000));
#1683 = DIRECTION('',(-1.000000,0.000000,0.000000));
#1684 = VECTOR('',#1683,13.80000);
#1685 = LINE('',#1682,#1684);
#1686 = EDGE_CURVE('',#1669,#1671,#1685,.T.);
#1687 = CARTESIAN_POINT('',(42.56650,6.24656,1.50000));
#1688 = DIRECTION('',(0.000000,1.000000,0.000000));
#1689 = VECTOR('',#1688,13.80000);
#1690 = LINE('',#1687,#1689);
#1691 = EDGE_CURVE('',#1671,#1665,#1690,.T.);
#1692 = ORIENTED_EDGE('',*,*,#1676,.F.);
#1693 = ORIENTED_EDGE('',*,*,#1681,.F.);
#1694 = ORIENTED_EDGE('',*,*,#1686,.F.);
#1695 = ORIENTED_EDGE('',*,*,#1691,.F.);
#1696 = EDGE_LOOP('',(#1692,#1693,#1694,#1695));
#1697 = CARTESIAN_POINT('',(100.07210,21.91176,1.50000));
#1698 = VERTEX_POINT('',#1697);
#1699 = CARTESIAN_POINT('',(113.87210,21.91176,1.50000));
#1700 = VERTEX_POINT('',#1699);
#1701 = CARTESIAN_POINT('',(113.87210,8.11176,1.50000));
#1702 = VERTEX_POINT('',#1701);
#1703 = CARTESIAN_POINT('',(100.07210,8.11176,1.50000));
#1704 = VERTEX_POINT('',#1703);
#1705 = CARTESIAN_POINT('',(100.07210,21.91176,1.50000));
#1706 = DIRECTION('',(1.000000,0.000000,0.000000));
#1707 = VECTOR('',#1706,13.80000);
#1708 = LINE('',#1705,#1707);
#1709 = EDGE_CURVE('',#1698,#1700,#1708,.T.);
#1710 = CARTESIAN_POINT('',(113.87210,21.91176,1.50000));
#1711 = DIRECTION('',(0.000000,-1.000000,0.000000));
#1712 = VECTOR('',#1711,13.80000);
#1713 = LINE('',#1710,#1712);
#1714 = EDGE_CURVE('',#1700,#1702,#1713,.T.);
#1715 = CARTESIAN_POINT('',(113.87210,8.11176,1.50000));
#1716 = DIRECTION('',(-1.000000,0.000000,0.000000));
#1717 = VECTOR('',#1716,13.80000);
#1718 = LINE('',#1715,#1717);
#1719 = EDGE_CURVE('',#1702,#1704,#1718,.T.);
#1720 = CARTESIAN_POINT('',(100.07210,8.11176,1.50000));
#1721 = DIRECTION('',(0.000000,1.000000,0.000000));
#1722 = VECTOR('',#1721,13.80000);
#1723 = LINE('',#1720,#1722);
#1724 = EDGE_CURVE('',#1704,#1698,#1723,.T.);
#1725 = ORIENTED_EDGE('',*,*,#1709,.F.);
#1726 = ORIENTED_EDGE('',*,*,#1714,.F.);
#1727 = ORIENTED_EDGE('',*,*,#1719,.F.);
#1728 = ORIENTED_EDGE('',*,*,#1724,.F.);
#1729 = EDGE_LOOP('',(#1725,#1726,#1727,#1728));
#1730 = CARTESIAN_POINT('',(23.46570,41.52776,1.50000));
#1731 = VERTEX_POINT('',#1730);
#1732 = CARTESIAN_POINT('',(37.26570,41.52776,1.50000));
#1733 = VERTEX_POINT('',#1732);
#1734 = CARTESIAN_POINT('',(37.26570,27.72776,1.50000));
#1735 = VERTEX_POINT('',#1734);
#1736 = CARTESIAN_POINT('',(23.46570,27.72776,1.50000));
#1737 = VERTEX_POINT('',#1736);
#1738 = CARTESIAN_POINT('',(23.46570,41.52776,1.50000));
#1739 = DIRECTION('',(1.000000,0.000000,0.000000));
#1740 = VECTOR('',#1739,13.80000);
#1741 = LINE('',#1738,#1740);
#1742 = EDGE_CURVE('',#1731,#1733,#1741,.T.);
#1743 = CARTESIAN_POINT('',(37.26570,41.52776,1.50000));
#1744 = DIRECTION('',(0.000000,-1.000000,0.000000));
#1745 = VECTOR('',#1744,13.80000);
#1746 = LINE('',#1743,#1745);
#1747 = EDGE_CURVE('',#1733,#1735,#1746,.T.);
#1748 = CARTESIAN_POINT('',(37.26570,27.72776,1.50000));
#1749 = DIRECTION('',(-1.000000,0.000000,0.000000));
#1750 = VECTOR('',#1749,13.80000);
#1751 = LINE('',#1748,#1750);
#1752 = EDGE_CURVE('',#1735,#1737,#1751,.T.);
#1753 = CARTESIAN_POINT('',(23.46570,27.72776,1.50000));
#1754 = DIRECTION('',(0.000000,1.000000,0.000000));
#1755 = VECTOR('',#1754,13.80000);
#1756 = LINE('',#1753,#1755);
#1757 = EDGE_CURVE('',#1737,#1731,#1756,.T.);
#1758 = ORIENTED_EDGE('',*,*,#1742,.F.);
#1759 = ORIENTED_EDGE('',*,*,#1747,.F.);
#1760 = ORIENTED_EDGE('',*,*,#1752,.F.);
#1761 = ORIENTED_EDGE('',*,*,#1757,.F.);
#1762 = EDGE_LOOP('',(#1758,#1759,#1760,#1761));
#1763 = CARTESIAN_POINT('',(61.81350,17.21916,1.50000));
#1764 = VERTEX_POINT('',#1763);
#1765 = CARTESIAN_POINT('',(75.61350,17.21916,1.50000));
#1766 = VERTEX_POINT('',#1765);
#1767 = CARTESIAN_POINT('',(75.61350,3.41916,1.50000));
#1768 = VERTEX_POINT('',#1767);
#1769 = CARTESIAN_POINT('',(61.81350,3.41916,1.50000));
#1770 = VERTEX_POINT('',#1769);
#1771 = CARTESIAN_POINT('',(61.81350,17.21916,1.50000));
#1772 = DIRECTION('',(1.000000,0.000000,0.000000));
#1773 = VECTOR('',#1772,13.80000);
#1774 = LINE('',#1771,#1773);
#1775 = EDGE_CURVE('',#1764,#1766,#1774,.T.);
#1776 = CARTESIAN_POINT('',(75.61350,17.21916,1.50000));
#1777 = DIRECTION('',(0.000000,-1.000000,0.000000));
#1778 = VECTOR('',#1777,13.80000);
#1779 = LINE('',#1776,#1778);
#1780 = EDGE_CURVE('',#1766,#1768,#1779,.T.);
#1781 = CARTESIAN_POINT('',(75.61350,3.41916,1.50000));
#1782 = DIRECTION('',(-1.000000,0.000000,0.000000));
#1783 = VECTOR('',#1782,13.80000);
#1784 = LINE('',#1781,#1783);
#1785 = EDGE_CURVE('',#1768,#1770,#1784,.T.);
#1786 = CARTESIAN_POINT('',(61.81350,3.41916,1.50000));
#1787 = DIRECTION('',(0.000000,1.000000,0.000000));
#1788 = VECTOR('',#1787,13.80000);
#1789 = LINE('',#1786,#1788);
#1790 = EDGE_CURVE('',#1770,#1764,#1789,.T.);
#1791 = ORIENTED_EDGE('',*,*,#1775,.F.);
#1792 = ORIENTED_EDGE('',*,*,#1780,.F.);
#1793 = ORIENTED_EDGE('',*,*,#1785,.F.);
#1794 = ORIENTED_EDGE('',*,*,#1790,.F.);
#1795 = EDGE_LOOP('',(#1791,#1792,#1793,#1794));
#1796 = CARTESIAN_POINT('',(23.46570,23.93276,1.50000));
#1797 = VERTEX_POINT('',#1796);
#1798 = CARTESIAN_POINT('',(37.26570,23.93276,1.50000));
#1799 = VERTEX_POINT('',#1798);
#1800 = CARTESIAN_POINT('',(37.26570,10.13276,1.50000));
#1801 = VERTEX_POINT('',#1800);
#1802 = CARTESIAN_POINT('',(23.46570,10.13276,1.50000));
#1803 = VERTEX_POINT('',#1802);
#1804 = CARTESIAN_POINT('',(23.46570,23.93276,1.50000));
#1805 = DIRECTION('',(1.000000,0.000000,0.000000));
#1806 = VECTOR('',#1805,13.80000);
#1807 = LINE('',#1804,#1806);
#1808 = EDGE_CURVE('',#1797,#1799,#1807,.T.);
#1809 = CARTESIAN_POINT('',(37.26570,23.93276,1.50000));
#1810 = DIRECTION('',(0.000000,-1.000000,0.000000));
#1811 = VECTOR('',#1810,13.80000);
#1812 = LINE('',#1809,#1811);
#1813 = EDGE_CURVE('',#1799,#1801,#1812,.T.);
#1814 = CARTESIAN_POINT('',(37.26570,10.13276,1.50000));
#1815 = DIRECTION('',(-1.000000,0.000000,0.000000));
#1816 = VECTOR('',#1815,13.80000);
#1817 = LINE('',#1814,#1816);
#1818 = EDGE_CURVE('',#1801,#1803,#1817,.T.);
#1819 = CARTESIAN_POINT('',(23.46570,10.13276,1.50000));
#1820 = DIRECTION('',(0.000000,1.000000,0.000000));
#1821 = VECTOR('',#1820,13.80000);
#1822 = LINE('',#1819,#1821);
#1823 = EDGE_CURVE('',#1803,#1797,#1822,.T.);
#1824 = ORIENTED_EDGE('',*,*,#1808,.F.);
#1825 = ORIENTED_EDGE('',*,*,#1813,.F.);
#1826 = ORIENTED_EDGE('',*,*,#1818,.F.);
#1827 = ORIENTED_EDGE('',*,*,#1823,.F.);
#1828 = EDGE_LOOP('',(#1824,#1825,#1826,#1827));
#1829 = CARTESIAN_POINT('',(100.07210,39.50676,1.50000));
#1830 = VERTEX_POINT('',#1829);
#1831 = CARTESIAN_POINT('',(113.87210,39.50676,1.50000));
#1832 = VERTEX_POINT('',#1831);
#1833 = CARTESIAN_POINT('',(113.87210,25.70676,1.50000));
#1834 = VERTEX_POINT('',#1833);
#1835 = CARTESIAN_POINT('',(100.07210,25.70676,1.50000));
#1836 = VERTEX_POINT('',#1835);
#1837 = CARTESIAN_POINT('',(100.07210,39.50676,1.50000));
#1838 = DIRECTION('',(1.000000,0.000000,0.000000));
#1839 = VECTOR('',#1838,13.80000);
#1840 = LINE('',#1837,#1839);
#1841 = EDGE_CURVE('',#1830,#1832,#1840,.T.);
#1842 = CARTESIAN_POINT('',(113.87210,39.50676,1.50000));
#1843 = DIRECTION('',(0.000000,-1.000000,0.000000));
#1844 = VECTOR('',#1843,13.80000);
#1845 = LINE('',#1842,#1844);
#1846 = EDGE_CURVE('',#1832,#1834,#1845,.T.);
#1847 = CARTESIAN_POINT('',(113.87210,25.70676,1.50000));
#1848 = DIRECTION('',(-1.000000,0.000000,0.000000));
#1849 = VECTOR('',#1848,13.80000);
#1850 = LINE('',#1847,#1849);
#1851 = EDGE_CURVE('',#1834,#1836,#1850,.T.);
#1852 = CARTESIAN_POINT('',(100.07210,25.70676,1.50000));
#1853 = DIRECTION('',(0.000000,1.000000,0.000000));
#1854 = VECTOR('',#1853,13.80000);
#1855 = LINE('',#1852,#1854);
#1856 = EDGE_CURVE('',#1836,#1830,#1855,.T.);
#1857 = ORIENTED_EDGE('',*,*,#1841,.F.);
#1858 = ORIENTED_EDGE('',*,*,#1846,.F.);
#1859 = ORIENTED_EDGE('',*,*,#1851,.F.);
#1860 = ORIENTED_EDGE('',*,*,#1856,.F.);
#1861 = EDGE_LOOP('',(#1857,#1858,#1859,#1860));
#1862 = CARTESIAN_POINT('',(4.21620,23.87016,1.50000));
#1863 = VERTEX_POINT('',#1862);
#1864 = CARTESIAN_POINT('',(18.01620,23.87016,1.50000));
#1865 = VERTEX_POINT('',#1864);
#1866 = CARTESIAN_POINT('',(18.01620,10.07016,1.50000));
#1867 = VERTEX_POINT('',#1866);
#1868 = CARTESIAN_POINT('',(4.21620,10.07016,1.50000));
#1869 = VERTEX_POINT('',#1868);
#1870 = CARTESIAN_POINT('',(4.21620,23.87016,1.50000));
#1871 = DIRECTION('',(1.000000,0.000000,0.000000));
#1872 = VECTOR('',#1871,13.80000);
#1873 = LINE('',#1870,#1872);
#1874 = EDGE_CURVE('',#1863,#1865,#1873,.T.);
#1875 = CARTESIAN_POINT('',(18.01620,23.87016,1.50000));
#1876 = DIRECTION('',(0.000000,-1.000000,0.000000));
#1877 = VECTOR('',#1876,13.80000);
#1878 = LINE('',#1875,#1877);
#1879 = EDGE_CURVE('',#1865,#1867,#1878,.T.);
#1880 = CARTESIAN_POINT('',(18.01620,10.07016,1.50000));
#1881 = DIRECTION('',(-1.000000,0.000000,0.000000));
#1882 = VECTOR('',#1881,13.80000);
#1883 = LINE('',#1880,#1882);
#1884 = EDGE_CURVE('',#1867,#1869,#1883,.T.);
#1885 = CARTESIAN_POINT('',(4.21620,10.07016,1.50000));
#1886 = DIRECTION('',(0.000000,1.000000,0.000000));
#1887 = VECTOR('',#1886,13.80000);
#1888 = LINE('',#1885,#1887);
#1889 = EDGE_CURVE('',#1869,#1863,#1888,.T.);
#1890 = ORIENTED_EDGE('',*,*,#1874,.F.);
#1891 = ORIENTED_EDGE('',*,*,#1879,.F.);
#1892 = ORIENTED_EDGE('',*,*,#1884,.F.);
#1893 = ORIENTED_EDGE('',*,*,#1889,.F.);
#1894 = EDGE_LOOP('',(#1890,#1891,#1892,#1893));
#1895 = CARTESIAN_POINT('',(113.55070,65.76096,1.50000));
#1896 = DIRECTION('',(0.000000,0.000000,-1.000000));
#1897 = DIRECTION('',(1.000000,0.000000,0.000000));
#1898 = AXIS2_PLACEMENT_3D('',#1895,#1896,#1897);
#1899 = CIRCLE('',#1898,1.60000);
#1900 = CARTESIAN_POINT('',(115.15070,65.76096,1.50000));
#1901 = VERTEX_POINT('',#1900);
#1902 = EDGE_CURVE('',#1901,#1901,#1899,.T.);
#1903 = ORIENTED_EDGE('',*,*,#1902,.T.);
#1904 = EDGE_LOOP('',(#1903));
#1905 = CARTESIAN_POINT('',(64.47790,66.70076,1.50000));
#1906 = DIRECTION('',(0.000000,0.000000,-1.000000));
#1907 = DIRECTION('',(1.000000,0.000000,0.000000));
#1908 = AXIS2_PLACEMENT_3D('',#1905,#1906,#1907);
#1909 = CIRCLE('',#1908,1.60000);
#1910 = CARTESIAN_POINT('',(66.07790,66.70076,1.50000));
#1911 = VERTEX_POINT('',#1910);
#1912 = EDGE_CURVE('',#1911,#1911,#1909,.T.);
#1913 = ORIENTED_EDGE('',*,*,#1912,.T.);
#1914 = EDGE_LOOP('',(#1913));
#1915 = CARTESIAN_POINT('',(120.19280,35.50956,1.50000));
#1916 = DIRECTION('',(0.000000,0.000000,-1.000000));
#1917 = DIRECTION('',(1.000000,0.000000,0.000000));
#1918 = AXIS2_PLACEMENT_3D('',#1915,#1916,#1917);
#1919 = CIRCLE('',#1918,1.60000);
#1920 = CARTESIAN_POINT('',(121.79280,35.50956,1.50000));
#1921 = VERTEX_POINT('',#1920);
#1922 = EDGE_CURVE('',#1921,#1921,#1919,.T.);
#1923 = ORIENTED_EDGE('',*,*,#1922,.T.);
#1924 = EDGE_LOOP('',(#1923));
#1925 = CARTESIAN_POINT('',(20.67560,43.35816,1.50000));
#1926 = DIRECTION('',(0.000000,0.000000,-1.000000));
#1927 = DIRECTION('',(1.000000,0.000000,0.000000));
#1928 = AXIS2_PLACEMENT_3D('',#1925,#1926,#1927);
#1929 = CIRCLE('',#1928,1.60000);
#1930 = CARTESIAN_POINT('',(22.27560,43.35816,1.50000));
#1931 = VERTEX_POINT('',#1930);
#1932 = EDGE_CURVE('',#1931,#1931,#1929,.T.);
#1933 = ORIENTED_EDGE('',*,*,#1932,.T.);
#1934 = EDGE_LOOP('',(#1933));
#1935 = CARTESIAN_POINT('',(20.98040,25.73056,1.50000));
#1936 = DIRECTION('',(0.000000,0.000000,-1.000000));
#1937 = DIRECTION('',(1.000000,0.000000,0.000000));
#1938 = AXIS2_PLACEMENT_3D('',#1935,#1936,#1937);
#1939 = CIRCLE('',#1938,1.60000);
#1940 = CARTESIAN_POINT('',(22.58040,25.73056,1.50000));
#1941 = VERTEX_POINT('',#1940);
#1942 = EDGE_CURVE('',#1941,#1941,#1939,.T.);
#1943 = ORIENTED_EDGE('',*,*,#1942,.T.);
#1944 = EDGE_LOOP('',(#1943));
#1945 = FACE_OUTER_BOUND('',#1201,.T.);
#1946 = FACE_BOUND('',#1234,.T.);
#1947 = FACE_BOUND('',#1267,.T.);
#1948 = FACE_BOUND('',#1300,.T.);
#1949 = FACE_BOUND('',#1333,.T.);
#1950 = FACE_BOUND('',#1366,.T.);
#1951 = FACE_BOUND('',#1399,.T.);
#1952 = FACE_BOUND('',#1432,.T.);
#1953 = FACE_BOUND('',#1465,.T.);
#1954 = FACE_BOUND('',#1498,.T.);
#1955 = FACE_BOUND('',#1531,.T.);
#1956 = FACE_BOUND('',#1564,.T.);
#1957 = FACE_BOUND('',#1597,.T.);
#1958 = FACE_BOUND('',#1630,.T.);
#1959 = FACE_BOUND('',#1663,.T.);
#1960 = FACE_BOUND('',#1696,.T.);
#1961 = FACE_BOUND('',#1729,.T.);
#1962 = FACE_BOUND('',#1762,.T.);
#1963 = FACE_BOUND('',#1795,.T.);
#1964 = FACE_BOUND('',#1828,.T.);
#1965 = FACE_BOUND('',#1861,.T.);
#1966 = FACE_BOUND('',#1894,.T.);
#1967 = FACE_BOUND('',#1904,.T.);
#1968 = FACE_BOUND('',#1914,.T.);
#1969 = FACE_BOUND('',#1924,.T.);
#1970 = FACE_BOUND('',#1934,.T.);
#1971 = FACE_BOUND('',#1944,.T.);
#1972 = CARTESIAN_POINT('',(0.00000,0.00000,1.50000));
#1973 = DIRECTION('',(0.000000,0.000000,1.000000));
#1974 = DIRECTION('',(1.000000,0.000000,0.000000));
#1975 = AXIS2_PLACEMENT_3D('',#1972,#1973,#1974);
#1976 = PLANE('',#1975);
#1977 = ADVANCED_FACE('',(#1945,#1946,#1947,#1948,#1949,#1950,#1951,#1952,#1953,#1954,#1955,#1956,#1957,#1958,#1959,#1960,#1961,#1962,#1963,#1964,#1965,#1966,#1967,#1968,#1969,#1970,#1971),#1976,.T.);
#1978 = CARTESIAN_POINT('',(140.26534,54.79432,0.00000));
#1979 = VERTEX_POINT('',#1978);
#1980 = CARTESIAN_POINT('',(140.36822,54.07872,0.00000));
#1981 = VERTEX_POINT('',#1980);
#1982 = CARTESIAN_POINT('',(140.66855,53.42110,0.00000));
#1983 = VERTEX_POINT('',#1982);
#1984 = CARTESIAN_POINT('',(141.14199,52.87472,0.00000));
#1985 = VERTEX_POINT('',#1984);
#1986 = CARTESIAN_POINT('',(141.75018,52.48386,0.00000));
#1987 = VERTEX_POINT('',#1986);
#1988 = CARTESIAN_POINT('',(142.44386,52.28018,0.00000));
#1989 = VERTEX_POINT('',#1988);
#1990 = CARTESIAN_POINT('',(142.80534,52.28018,0.00000));
#1991 = VERTEX_POINT('',#1990);
#1992 = CARTESIAN_POINT('',(143.16682,52.28018,0.00000));
#1993 = VERTEX_POINT('',#1992);
#1994 = CARTESIAN_POINT('',(143.18860,20.96133,0.00000));
#1995 = VERTEX_POINT('',#1994);
#1996 = CARTESIAN_POINT('',(142.80534,20.96133,0.00000));
#1997 = VERTEX_POINT('',#1996);
#1998 = CARTESIAN_POINT('',(142.47287,20.96133,0.00000));
#1999 = VERTEX_POINT('',#1998);
#2000 = CARTESIAN_POINT('',(141.78613,20.75968,0.00000));
#2001 = VERTEX_POINT('',#2000);
#2002 = CARTESIAN_POINT('',(141.18402,20.37273,0.00000));
#2003 = VERTEX_POINT('',#2002);
#2004 = CARTESIAN_POINT('',(140.71532,19.83182,0.00000));
#2005 = VERTEX_POINT('',#2004);
#2006 = CARTESIAN_POINT('',(140.41800,19.18077,0.00000));
#2007 = VERTEX_POINT('',#2006);
#2008 = CARTESIAN_POINT('',(140.31614,18.47232,0.00000));
#2009 = VERTEX_POINT('',#2008);
#2010 = CARTESIAN_POINT('',(140.27804,4.90872,0.00000));
#2011 = VERTEX_POINT('',#2010);
#2012 = CARTESIAN_POINT('',(140.27649,4.88703,0.00000));
#2013 = VERTEX_POINT('',#2012);
#2014 = CARTESIAN_POINT('',(140.27186,4.86579,0.00000));
#2015 = VERTEX_POINT('',#2014);
#2016 = CARTESIAN_POINT('',(140.26426,4.84541,0.00000));
#2017 = VERTEX_POINT('',#2016);
#2018 = CARTESIAN_POINT('',(140.25384,4.82633,0.00000));
#2019 = VERTEX_POINT('',#2018);
#2020 = CARTESIAN_POINT('',(140.24081,4.80892,0.00000));
#2021 = VERTEX_POINT('',#2020);
#2022 = CARTESIAN_POINT('',(140.22544,4.79355,0.00000));
#2023 = VERTEX_POINT('',#2022);
#2024 = CARTESIAN_POINT('',(140.20803,4.78052,0.00000));
#2025 = VERTEX_POINT('',#2024);
#2026 = CARTESIAN_POINT('',(140.18895,4.77010,0.00000));
#2027 = VERTEX_POINT('',#2026);
#2028 = CARTESIAN_POINT('',(140.16857,4.76250,0.00000));
#2029 = VERTEX_POINT('',#2028);
#2030 = CARTESIAN_POINT('',(140.14733,4.75787,0.00000));
#2031 = VERTEX_POINT('',#2030);
#2032 = CARTESIAN_POINT('',(140.13180,4.75016,0.00000));
#2033 = VERTEX_POINT('',#2032);
#2034 = CARTESIAN_POINT('',(99.30130,4.75016,0.00000));
#2035 = VERTEX_POINT('',#2034);
#2036 = CARTESIAN_POINT('',(99.27600,4.74835,0.00000));
#2037 = VERTEX_POINT('',#2036);
#2038 = CARTESIAN_POINT('',(99.25121,4.74296,0.00000));
#2039 = VERTEX_POINT('',#2038);
#2040 = CARTESIAN_POINT('',(99.22744,4.73409,0.00000));
#2041 = VERTEX_POINT('',#2040);
#2042 = CARTESIAN_POINT('',(99.20517,4.72194,0.00000));
#2043 = VERTEX_POINT('',#2042);
#2044 = CARTESIAN_POINT('',(99.18487,4.70673,0.00000));
#2045 = VERTEX_POINT('',#2044);
#2046 = CARTESIAN_POINT('',(99.16693,4.68879,0.00000));
#2047 = VERTEX_POINT('',#2046);
#2048 = CARTESIAN_POINT('',(99.15172,4.66849,0.00000));
#2049 = VERTEX_POINT('',#2048);
#2050 = CARTESIAN_POINT('',(99.13957,4.64622,0.00000));
#2051 = VERTEX_POINT('',#2050);
#2052 = CARTESIAN_POINT('',(99.13070,4.62245,0.00000));
#2053 = VERTEX_POINT('',#2052);
#2054 = CARTESIAN_POINT('',(99.12531,4.59766,0.00000));
#2055 = VERTEX_POINT('',#2054);
#2056 = CARTESIAN_POINT('',(99.12350,4.57236,0.00000));
#2057 = VERTEX_POINT('',#2056);
#2058 = CARTESIAN_POINT('',(99.12350,2.92136,0.00000));
#2059 = VERTEX_POINT('',#2058);
#2060 = CARTESIAN_POINT('',(99.12359,2.87180,0.00000));
#2061 = VERTEX_POINT('',#2060);
#2062 = CARTESIAN_POINT('',(99.11629,2.82279,0.00000));
#2063 = VERTEX_POINT('',#2062);
#2064 = CARTESIAN_POINT('',(99.10176,2.77541,0.00000));
#2065 = VERTEX_POINT('',#2064);
#2066 = CARTESIAN_POINT('',(99.08031,2.73073,0.00000));
#2067 = VERTEX_POINT('',#2066);
#2068 = CARTESIAN_POINT('',(99.05245,2.68975,0.00000));
#2069 = VERTEX_POINT('',#2068);
#2070 = CARTESIAN_POINT('',(99.01877,2.65339,0.00000));
#2071 = VERTEX_POINT('',#2070);
#2072 = CARTESIAN_POINT('',(98.98005,2.62246,0.00000));
#2073 = VERTEX_POINT('',#2072);
#2074 = CARTESIAN_POINT('',(98.93715,2.59766,0.00000));
#2075 = VERTEX_POINT('',#2074);
#2076 = CARTESIAN_POINT('',(98.89103,2.57953,0.00000));
#2077 = VERTEX_POINT('',#2076);
#2078 = CARTESIAN_POINT('',(98.84272,2.56849,0.00000));
#2079 = VERTEX_POINT('',#2078);
#2080 = CARTESIAN_POINT('',(98.79330,2.56479,0.00000));
#2081 = VERTEX_POINT('',#2080);
#2082 = CARTESIAN_POINT('',(78.82890,2.56479,0.00000));
#2083 = VERTEX_POINT('',#2082);
#2084 = CARTESIAN_POINT('',(78.80735,2.56324,0.00000));
#2085 = VERTEX_POINT('',#2084);
#2086 = CARTESIAN_POINT('',(78.78624,2.55865,0.00000));
#2087 = VERTEX_POINT('',#2086);
#2088 = CARTESIAN_POINT('',(78.76600,2.55110,0.00000));
#2089 = VERTEX_POINT('',#2088);
#2090 = CARTESIAN_POINT('',(78.74703,2.54075,0.00000));
#2091 = VERTEX_POINT('',#2090);
#2092 = CARTESIAN_POINT('',(78.72974,2.52780,0.00000));
#2093 = VERTEX_POINT('',#2092);
#2094 = CARTESIAN_POINT('',(78.71446,2.51252,0.00000));
#2095 = VERTEX_POINT('',#2094);
#2096 = CARTESIAN_POINT('',(78.70151,2.49523,0.00000));
#2097 = VERTEX_POINT('',#2096);
#2098 = CARTESIAN_POINT('',(78.69116,2.47626,0.00000));
#2099 = VERTEX_POINT('',#2098);
#2100 = CARTESIAN_POINT('',(78.68361,2.45602,0.00000));
#2101 = VERTEX_POINT('',#2100);
#2102 = CARTESIAN_POINT('',(78.67902,2.43491,0.00000));
#2103 = VERTEX_POINT('',#2102);
#2104 = CARTESIAN_POINT('',(78.67747,2.41336,0.00000));
#2105 = VERTEX_POINT('',#2104);
#2106 = CARTESIAN_POINT('',(78.67747,0.35596,0.00000));
#2107 = VERTEX_POINT('',#2106);
#2108 = CARTESIAN_POINT('',(78.67357,0.30333,0.00000));
#2109 = VERTEX_POINT('',#2108);
#2110 = CARTESIAN_POINT('',(78.66194,0.25185,0.00000));
#2111 = VERTEX_POINT('',#2110);
#2112 = CARTESIAN_POINT('',(78.64284,0.20265,0.00000));
#2113 = VERTEX_POINT('',#2112);
#2114 = CARTESIAN_POINT('',(78.61668,0.15682,0.00000));
#2115 = VERTEX_POINT('',#2114);
#2116 = CARTESIAN_POINT('',(78.58405,0.11534,0.00000));
#2117 = VERTEX_POINT('',#2116);
#2118 = CARTESIAN_POINT('',(78.54565,0.07913,0.00000));
#2119 = VERTEX_POINT('',#2118);
#2120 = CARTESIAN_POINT('',(78.50233,0.04899,0.00000));
#2121 = VERTEX_POINT('',#2120);
#2122 = CARTESIAN_POINT('',(78.45504,0.02558,0.00000));
#2123 = VERTEX_POINT('',#2122);
#2124 = CARTESIAN_POINT('',(78.40480,0.00940,0.00000));
#2125 = VERTEX_POINT('',#2124);
#2126 = CARTESIAN_POINT('',(78.35273,0.00081,0.00000));
#2127 = VERTEX_POINT('',#2126);
#2128 = CARTESIAN_POINT('',(78.29996,0.00000,0.00000));
#2129 = VERTEX_POINT('',#2128);
#2130 = CARTESIAN_POINT('',(57.84850,0.00000,0.00000));
#2131 = VERTEX_POINT('',#2130);
#2132 = CARTESIAN_POINT('',(57.78904,0.00411,0.00000));
#2133 = VERTEX_POINT('',#2132);
#2134 = CARTESIAN_POINT('',(57.73072,0.01636,0.00000));
#2135 = VERTEX_POINT('',#2134);
#2136 = CARTESIAN_POINT('',(57.67463,0.03652,0.00000));
#2137 = VERTEX_POINT('',#2136);
#2138 = CARTESIAN_POINT('',(57.62185,0.06420,0.00000));
#2139 = VERTEX_POINT('',#2138);
#2140 = CARTESIAN_POINT('',(57.57338,0.09889,0.00000));
#2141 = VERTEX_POINT('',#2140);
#2142 = CARTESIAN_POINT('',(57.53015,0.13991,0.00000));
#2143 = VERTEX_POINT('',#2142);
#2144 = CARTESIAN_POINT('',(57.49296,0.18648,0.00000));
#2145 = VERTEX_POINT('',#2144);
#2146 = CARTESIAN_POINT('',(57.46254,0.23774,0.00000));
#2147 = VERTEX_POINT('',#2146);
#2148 = CARTESIAN_POINT('',(57.43947,0.29269,0.00000));
#2149 = VERTEX_POINT('',#2148);
#2150 = CARTESIAN_POINT('',(57.42417,0.35029,0.00000));
#2151 = VERTEX_POINT('',#2150);
#2152 = CARTESIAN_POINT('',(57.41694,0.40945,0.00000));
#2153 = VERTEX_POINT('',#2152);
#2154 = CARTESIAN_POINT('',(57.41694,2.41336,0.00000));
#2155 = VERTEX_POINT('',#2154);
#2156 = CARTESIAN_POINT('',(57.41461,2.44593,0.00000));
#2157 = VERTEX_POINT('',#2156);
#2158 = CARTESIAN_POINT('',(57.40767,2.47783,0.00000));
#2159 = VERTEX_POINT('',#2158);
#2160 = CARTESIAN_POINT('',(57.39626,2.50842,0.00000));
#2161 = VERTEX_POINT('',#2160);
#2162 = CARTESIAN_POINT('',(57.38061,2.53708,0.00000));
#2163 = VERTEX_POINT('',#2162);
#2164 = CARTESIAN_POINT('',(57.36104,2.56322,0.00000));
#2165 = VERTEX_POINT('',#2164);
#2166 = CARTESIAN_POINT('',(57.33796,2.58630,0.00000));
#2167 = VERTEX_POINT('',#2166);
#2168 = CARTESIAN_POINT('',(57.31182,2.60587,0.00000));
#2169 = VERTEX_POINT('',#2168);
#2170 = CARTESIAN_POINT('',(57.28316,2.62152,0.00000));
#2171 = VERTEX_POINT('',#2170);
#2172 = CARTESIAN_POINT('',(57.25257,2.63293,0.00000));
#2173 = VERTEX_POINT('',#2172);
#2174 = CARTESIAN_POINT('',(57.22067,2.63987,0.00000));
#2175 = VERTEX_POINT('',#2174);
#2176 = CARTESIAN_POINT('',(57.18810,2.64220,0.00000));
#2177 = VERTEX_POINT('',#2176);
#2178 = CARTESIAN_POINT('',(38.34130,2.64220,0.00000));
#2179 = VERTEX_POINT('',#2178);
#2180 = CARTESIAN_POINT('',(38.31965,2.64375,0.00000));
#2181 = VERTEX_POINT('',#2180);
#2182 = CARTESIAN_POINT('',(38.29843,2.64836,0.00000));
#2183 = VERTEX_POINT('',#2182);
#2184 = CARTESIAN_POINT('',(38.27809,2.65595,0.00000));
#2185 = VERTEX_POINT('',#2184);
#2186 = CARTESIAN_POINT('',(38.25903,2.66635,0.00000));
#2187 = VERTEX_POINT('',#2186);
#2188 = CARTESIAN_POINT('',(38.24165,2.67936,0.00000));
#2189 = VERTEX_POINT('',#2188);
#2190 = CARTESIAN_POINT('',(38.22630,2.69471,0.00000));
#2191 = VERTEX_POINT('',#2190);
#2192 = CARTESIAN_POINT('',(38.21329,2.71209,0.00000));
#2193 = VERTEX_POINT('',#2192);
#2194 = CARTESIAN_POINT('',(38.20289,2.73115,0.00000));
#2195 = VERTEX_POINT('',#2194);
#2196 = CARTESIAN_POINT('',(38.19530,2.75149,0.00000));
#2197 = VERTEX_POINT('',#2196);
#2198 = CARTESIAN_POINT('',(38.19069,2.77271,0.00000));
#2199 = VERTEX_POINT('',#2198);
#2200 = CARTESIAN_POINT('',(38.18914,2.79436,0.00000));
#2201 = VERTEX_POINT('',#2200);
#2202 = CARTESIAN_POINT('',(38.18914,6.68056,0.00000));
#2203 = VERTEX_POINT('',#2202);
#2204 = CARTESIAN_POINT('',(38.18655,6.71674,0.00000));
#2205 = VERTEX_POINT('',#2204);
#2206 = CARTESIAN_POINT('',(38.17884,6.75219,0.00000));
#2207 = VERTEX_POINT('',#2206);
#2208 = CARTESIAN_POINT('',(38.16616,6.78617,0.00000));
#2209 = VERTEX_POINT('',#2208);
#2210 = CARTESIAN_POINT('',(38.14878,6.81801,0.00000));
#2211 = VERTEX_POINT('',#2210);
#2212 = CARTESIAN_POINT('',(38.12704,6.84705,0.00000));
#2213 = VERTEX_POINT('',#2212);
#2214 = CARTESIAN_POINT('',(38.10139,6.87270,0.00000));
#2215 = VERTEX_POINT('',#2214);
#2216 = CARTESIAN_POINT('',(38.07235,6.89444,0.00000));
#2217 = VERTEX_POINT('',#2216);
#2218 = CARTESIAN_POINT('',(38.04051,6.91182,0.00000));
#2219 = VERTEX_POINT('',#2218);
#2220 = CARTESIAN_POINT('',(38.00653,6.92450,0.00000));
#2221 = VERTEX_POINT('',#2220);
#2222 = CARTESIAN_POINT('',(37.97108,6.93221,0.00000));
#2223 = VERTEX_POINT('',#2222);
#2224 = CARTESIAN_POINT('',(37.93490,6.93480,0.00000));
#2225 = VERTEX_POINT('',#2224);
#2226 = CARTESIAN_POINT('',(24.11730,6.93480,0.00000));
#2227 = VERTEX_POINT('',#2226);
#2228 = CARTESIAN_POINT('',(15.99067,6.92906,0.00000));
#2229 = VERTEX_POINT('',#2228);
#2230 = CARTESIAN_POINT('',(0.00000,6.93456,0.00000));
#2231 = VERTEX_POINT('',#2230);
#2232 = CARTESIAN_POINT('',(0.00000,63.88136,0.00000));
#2233 = VERTEX_POINT('',#2232);
#2234 = CARTESIAN_POINT('',(0.00000,64.08456,0.00000));
#2235 = VERTEX_POINT('',#2234);
#2236 = CARTESIAN_POINT('',(5.23240,64.08456,0.00000));
#2237 = VERTEX_POINT('',#2236);
#2238 = CARTESIAN_POINT('',(6.48970,64.08456,0.00000));
#2239 = VERTEX_POINT('',#2238);
#2240 = CARTESIAN_POINT('',(56.37530,64.08456,0.00000));
#2241 = VERTEX_POINT('',#2240);
#2242 = CARTESIAN_POINT('',(56.42952,64.08844,0.00000));
#2243 = VERTEX_POINT('',#2242);
#2244 = CARTESIAN_POINT('',(56.48264,64.09999,0.00000));
#2245 = VERTEX_POINT('',#2244);
#2246 = CARTESIAN_POINT('',(56.53357,64.11899,0.00000));
#2247 = VERTEX_POINT('',#2246);
#2248 = CARTESIAN_POINT('',(56.58128,64.14504,0.00000));
#2249 = VERTEX_POINT('',#2248);
#2250 = CARTESIAN_POINT('',(56.62480,64.17762,0.00000));
#2251 = VERTEX_POINT('',#2250);
#2252 = CARTESIAN_POINT('',(56.66324,64.21606,0.00000));
#2253 = VERTEX_POINT('',#2252);
#2254 = CARTESIAN_POINT('',(56.69582,64.25958,0.00000));
#2255 = VERTEX_POINT('',#2254);
#2256 = CARTESIAN_POINT('',(56.72187,64.30729,0.00000));
#2257 = VERTEX_POINT('',#2256);
#2258 = CARTESIAN_POINT('',(56.74087,64.35822,0.00000));
#2259 = VERTEX_POINT('',#2258);
#2260 = CARTESIAN_POINT('',(56.75242,64.41134,0.00000));
#2261 = VERTEX_POINT('',#2260);
#2262 = CARTESIAN_POINT('',(56.75630,64.46556,0.00000));
#2263 = VERTEX_POINT('',#2262);
#2264 = CARTESIAN_POINT('',(68.07200,80.44216,0.00000));
#2265 = VERTEX_POINT('',#2264);
#2266 = CARTESIAN_POINT('',(106.50220,82.98216,0.00000));
#2267 = VERTEX_POINT('',#2266);
#2268 = CARTESIAN_POINT('',(110.66780,83.26156,0.00000));
#2269 = VERTEX_POINT('',#2268);
#2270 = CARTESIAN_POINT('',(127.71120,93.01516,0.00000));
#2271 = VERTEX_POINT('',#2270);
#2272 = CARTESIAN_POINT('',(140.33500,72.13636,0.00000));
#2273 = VERTEX_POINT('',#2272);
#2274 = CARTESIAN_POINT('',(140.36040,72.00936,0.00000));
#2275 = VERTEX_POINT('',#2274);
#2276 = CARTESIAN_POINT('',(140.27804,60.05212,0.00000));
#2277 = VERTEX_POINT('',#2276);
#2278 = CARTESIAN_POINT('',(140.26534,54.79432,0.00000));
#2279 = DIRECTION('',(0.142315,-0.989821,0.000000));
#2280 = VECTOR('',#2279,0.72296);
#2281 = LINE('',#2278,#2280);
#2282 = EDGE_CURVE('',#1979,#1981,#2281,.T.);
#2283 = CARTESIAN_POINT('',(140.36822,54.07872,0.00000));
#2284 = DIRECTION('',(0.415415,-0.909632,0.000000));
#2285 = VECTOR('',#2284,0.72296);
#2286 = LINE('',#2283,#2285);
#2287 = EDGE_CURVE('',#1981,#1983,#2286,.T.);
#2288 = CARTESIAN_POINT('',(140.66855,53.42110,0.00000));
#2289 = DIRECTION('',(0.654861,-0.755750,0.000000));
#2290 = VECTOR('',#2289,0.72296);
#2291 = LINE('',#2288,#2290);
#2292 = EDGE_CURVE('',#1983,#1985,#2291,.T.);
#2293 = CARTESIAN_POINT('',(141.14199,52.87472,0.00000));
#2294 = DIRECTION('',(0.841254,-0.540641,0.000000));
#2295 = VECTOR('',#2294,0.72296);
#2296 = LINE('',#2293,#2295);
#2297 = EDGE_CURVE('',#1985,#1987,#2296,.T.);
#2298 = CARTESIAN_POINT('',(141.75018,52.48386,0.00000));
#2299 = DIRECTION('',(0.959493,-0.281733,0.000000));
#2300 = VECTOR('',#2299,0.72296);
#2301 = LINE('',#2298,#2300);
#2302 = EDGE_CURVE('',#1987,#1989,#2301,.T.);
#2303 = CARTESIAN_POINT('',(142.44386,52.28018,0.00000));
#2304 = DIRECTION('',(1.000000,0.000000,0.000000));
#2305 = VECTOR('',#2304,0.36148);
#2306 = LINE('',#2303,#2305);
#2307 = EDGE_CURVE('',#1989,#1991,#2306,.T.);
#2308 = CARTESIAN_POINT('',(142.80534,52.28018,0.00000));
#2309 = DIRECTION('',(1.000000,0.000000,0.000000));
#2310 = VECTOR('',#2309,0.36148);
#2311 = LINE('',#2308,#2310);
#2312 = EDGE_CURVE('',#1991,#1993,#2311,.T.);
#2313 = CARTESIAN_POINT('',(143.16682,52.28018,0.00000));
#2314 = DIRECTION('',(0.000696,-1.000000,0.000000));
#2315 = VECTOR('',#2314,31.31886);
#2316 = LINE('',#2313,#2315);
#2317 = EDGE_CURVE('',#1993,#1995,#2316,.T.);
#2318 = CARTESIAN_POINT('',(143.18860,20.96133,0.00000));
#2319 = DIRECTION('',(-1.000000,0.000000,0.000000));
#2320 = VECTOR('',#2319,0.38326);
#2321 = LINE('',#2318,#2320);
#2322 = EDGE_CURVE('',#1995,#1997,#2321,.T.);
#2323 = CARTESIAN_POINT('',(142.80534,20.96133,0.00000));
#2324 = DIRECTION('',(-1.000000,0.000000,0.000000));
#2325 = VECTOR('',#2324,0.33246);
#2326 = LINE('',#2323,#2325);
#2327 = EDGE_CURVE('',#1997,#1999,#2326,.T.);
#2328 = CARTESIAN_POINT('',(142.47287,20.96133,0.00000));
#2329 = DIRECTION('',(-0.959493,-0.281733,0.000000));
#2330 = VECTOR('',#2329,0.71573);
#2331 = LINE('',#2328,#2330);
#2332 = EDGE_CURVE('',#1999,#2001,#2331,.T.);
#2333 = CARTESIAN_POINT('',(141.78613,20.75968,0.00000));
#2334 = DIRECTION('',(-0.841254,-0.540641,0.000000));
#2335 = VECTOR('',#2334,0.71573);
#2336 = LINE('',#2333,#2335);
#2337 = EDGE_CURVE('',#2001,#2003,#2336,.T.);
#2338 = CARTESIAN_POINT('',(141.18402,20.37273,0.00000));
#2339 = DIRECTION('',(-0.654861,-0.755750,0.000000));
#2340 = VECTOR('',#2339,0.71573);
#2341 = LINE('',#2338,#2340);
#2342 = EDGE_CURVE('',#2003,#2005,#2341,.T.);
#2343 = CARTESIAN_POINT('',(140.71532,19.83182,0.00000));
#2344 = DIRECTION('',(-0.415415,-0.909632,0.000000));
#2345 = VECTOR('',#2344,0.71573);
#2346 = LINE('',#2343,#2345);
#2347 = EDGE_CURVE('',#2005,#2007,#2346,.T.);
#2348 = CARTESIAN_POINT('',(140.41800,19.18077,0.00000));
#2349 = DIRECTION('',(-0.142311,-0.989822,0.000000));
#2350 = VECTOR('',#2349,0.71573);
#2351 = LINE('',#2348,#2350);
#2352 = EDGE_CURVE('',#2007,#2009,#2351,.T.);
#2353 = CARTESIAN_POINT('',(140.31614,18.47232,0.00000));
#2354 = DIRECTION('',(-0.002809,-0.999996,0.000000));
#2355 = VECTOR('',#2354,13.56365);
#2356 = LINE('',#2353,#2355);
#2357 = EDGE_CURVE('',#2009,#2011,#2356,.T.);
#2358 = CARTESIAN_POINT('',(140.27804,4.90872,0.00000));
#2359 = DIRECTION('',(-0.071341,-0.997452,0.000000));
#2360 = VECTOR('',#2359,0.02174);
#2361 = LINE('',#2358,#2360);
#2362 = EDGE_CURVE('',#2011,#2013,#2361,.T.);
#2363 = CARTESIAN_POINT('',(140.27649,4.88703,0.00000));
#2364 = DIRECTION('',(-0.212566,-0.977147,0.000000));
#2365 = VECTOR('',#2364,0.02174);
#2366 = LINE('',#2363,#2365);
#2367 = EDGE_CURVE('',#2013,#2015,#2366,.T.);
#2368 = CARTESIAN_POINT('',(140.27186,4.86579,0.00000));
#2369 = DIRECTION('',(-0.349465,-0.936949,0.000000));
#2370 = VECTOR('',#2369,0.02174);
#2371 = LINE('',#2368,#2370);
#2372 = EDGE_CURVE('',#2015,#2017,#2371,.T.);
#2373 = CARTESIAN_POINT('',(140.26426,4.84541,0.00000));
#2374 = DIRECTION('',(-0.479250,-0.877679,0.000000));
#2375 = VECTOR('',#2374,0.02174);
#2376 = LINE('',#2373,#2375);
#2377 = EDGE_CURVE('',#2017,#2019,#2376,.T.);
#2378 = CARTESIAN_POINT('',(140.25384,4.82633,0.00000));
#2379 = DIRECTION('',(-0.599278,-0.800541,0.000000));
#2380 = VECTOR('',#2379,0.02174);
#2381 = LINE('',#2378,#2380);
#2382 = EDGE_CURVE('',#2019,#2021,#2381,.T.);
#2383 = CARTESIAN_POINT('',(140.24081,4.80892,0.00000));
#2384 = DIRECTION('',(-0.707107,-0.707107,0.000000));
#2385 = VECTOR('',#2384,0.02174);
#2386 = LINE('',#2383,#2385);
#2387 = EDGE_CURVE('',#2021,#2023,#2386,.T.);
#2388 = CARTESIAN_POINT('',(140.22544,4.79355,0.00000));
#2389 = DIRECTION('',(-0.800541,-0.599278,0.000000));
#2390 = VECTOR('',#2389,0.02174);
#2391 = LINE('',#2388,#2390);
#2392 = EDGE_CURVE('',#2023,#2025,#2391,.T.);
#2393 = CARTESIAN_POINT('',(140.20803,4.78052,0.00000));
#2394 = DIRECTION('',(-0.877679,-0.479250,0.000000));
#2395 = VECTOR('',#2394,0.02174);
#2396 = LINE('',#2393,#2395);
#2397 = EDGE_CURVE('',#2025,#2027,#2396,.T.);
#2398 = CARTESIAN_POINT('',(140.18895,4.77010,0.00000));
#2399 = DIRECTION('',(-0.936949,-0.349465,0.000000));
#2400 = VECTOR('',#2399,0.02174);
#2401 = LINE('',#2398,#2400);
#2402 = EDGE_CURVE('',#2027,#2029,#2401,.T.);
#2403 = CARTESIAN_POINT('',(140.16857,4.76250,0.00000));
#2404 = DIRECTION('',(-0.977147,-0.212566,0.000000));
#2405 = VECTOR('',#2404,0.02174);
#2406 = LINE('',#2403,#2405);
#2407 = EDGE_CURVE('',#2029,#2031,#2406,.T.);
#2408 = CARTESIAN_POINT('',(140.14733,4.75787,0.00000));
#2409 = DIRECTION('',(-0.895547,-0.444968,0.000000));
#2410 = VECTOR('',#2409,0.01734);
#2411 = LINE('',#2408,#2410);
#2412 = EDGE_CURVE('',#2031,#2033,#2411,.T.);
#2413 = CARTESIAN_POINT('',(140.13180,4.75016,0.00000));
#2414 = DIRECTION('',(-1.000000,0.000000,0.000000));
#2415 = VECTOR('',#2414,40.83050);
#2416 = LINE('',#2413,#2415);
#2417 = EDGE_CURVE('',#2033,#2035,#2416,.T.);
#2418 = CARTESIAN_POINT('',(99.30130,4.75016,0.00000));
#2419 = DIRECTION('',(-0.997453,-0.071332,0.000000));
#2420 = VECTOR('',#2419,0.02537);
#2421 = LINE('',#2418,#2420);
#2422 = EDGE_CURVE('',#2035,#2037,#2421,.T.);
#2423 = CARTESIAN_POINT('',(99.27600,4.74835,0.00000));
#2424 = DIRECTION('',(-0.977148,-0.212560,0.000000));
#2425 = VECTOR('',#2424,0.02537);
#2426 = LINE('',#2423,#2425);
#2427 = EDGE_CURVE('',#2037,#2039,#2426,.T.);
#2428 = CARTESIAN_POINT('',(99.25121,4.74296,0.00000));
#2429 = DIRECTION('',(-0.936951,-0.349460,0.000000));
#2430 = VECTOR('',#2429,0.02537);
#2431 = LINE('',#2428,#2430);
#2432 = EDGE_CURVE('',#2039,#2041,#2431,.T.);
#2433 = CARTESIAN_POINT('',(99.22744,4.73409,0.00000));
#2434 = DIRECTION('',(-0.877680,-0.479246,0.000000));
#2435 = VECTOR('',#2434,0.02537);
#2436 = LINE('',#2433,#2435);
#2437 = EDGE_CURVE('',#2041,#2043,#2436,.T.);
#2438 = CARTESIAN_POINT('',(99.20517,4.72194,0.00000));
#2439 = DIRECTION('',(-0.800542,-0.599277,0.000000));
#2440 = VECTOR('',#2439,0.02537);
#2441 = LINE('',#2438,#2440);
#2442 = EDGE_CURVE('',#2043,#2045,#2441,.T.);
#2443 = CARTESIAN_POINT('',(99.18487,4.70673,0.00000));
#2444 = DIRECTION('',(-0.707107,-0.707107,0.000000));
#2445 = VECTOR('',#2444,0.02537);
#2446 = LINE('',#2443,#2445);
#2447 = EDGE_CURVE('',#2045,#2047,#2446,.T.);
#2448 = CARTESIAN_POINT('',(99.16693,4.68879,0.00000));
#2449 = DIRECTION('',(-0.599277,-0.800542,0.000000));
#2450 = VECTOR('',#2449,0.02537);
#2451 = LINE('',#2448,#2450);
#2452 = EDGE_CURVE('',#2047,#2049,#2451,.T.);
#2453 = CARTESIAN_POINT('',(99.15172,4.66849,0.00000));
#2454 = DIRECTION('',(-0.479246,-0.877680,0.000000));
#2455 = VECTOR('',#2454,0.02537);
#2456 = LINE('',#2453,#2455);
#2457 = EDGE_CURVE('',#2049,#2051,#2456,.T.);
#2458 = CARTESIAN_POINT('',(99.13957,4.64622,0.00000));
#2459 = DIRECTION('',(-0.349460,-0.936951,0.000000));
#2460 = VECTOR('',#2459,0.02537);
#2461 = LINE('',#2458,#2460);
#2462 = EDGE_CURVE('',#2051,#2053,#2461,.T.);
#2463 = CARTESIAN_POINT('',(99.13070,4.62245,0.00000));
#2464 = DIRECTION('',(-0.212560,-0.977148,0.000000));
#2465 = VECTOR('',#2464,0.02537);
#2466 = LINE('',#2463,#2465);
#2467 = EDGE_CURVE('',#2053,#2055,#2466,.T.);
#2468 = CARTESIAN_POINT('',(99.12531,4.59766,0.00000));
#2469 = DIRECTION('',(-0.071332,-0.997453,0.000000));
#2470 = VECTOR('',#2469,0.02537);
#2471 = LINE('',#2468,#2470);
#2472 = EDGE_CURVE('',#2055,#2057,#2471,.T.);
#2473 = CARTESIAN_POINT('',(99.12350,4.57236,0.00000));
#2474 = DIRECTION('',(0.000000,-1.000000,0.000000));
#2475 = VECTOR('',#2474,1.65100);
#2476 = LINE('',#2473,#2475);
#2477 = EDGE_CURVE('',#2057,#2059,#2476,.T.);
#2478 = CARTESIAN_POINT('',(99.12350,2.92136,0.00000));
#2479 = DIRECTION('',(0.001884,-0.999998,0.000000));
#2480 = VECTOR('',#2479,0.04956);
#2481 = LINE('',#2478,#2480);
#2482 = EDGE_CURVE('',#2059,#2061,#2481,.T.);
#2483 = CARTESIAN_POINT('',(99.12359,2.87180,0.00000));
#2484 = DIRECTION('',(-0.147357,-0.989083,0.000000));
#2485 = VECTOR('',#2484,0.04956);
#2486 = LINE('',#2483,#2485);
#2487 = EDGE_CURVE('',#2061,#2063,#2486,.T.);
#2488 = CARTESIAN_POINT('',(99.11629,2.82279,0.00000));
#2489 = DIRECTION('',(-0.293298,-0.956021,0.000000));
#2490 = VECTOR('',#2489,0.04956);
#2491 = LINE('',#2488,#2490);
#2492 = EDGE_CURVE('',#2063,#2065,#2491,.T.);
#2493 = CARTESIAN_POINT('',(99.10176,2.77541,0.00000));
#2494 = DIRECTION('',(-0.432672,-0.901552,0.000000));
#2495 = VECTOR('',#2494,0.04956);
#2496 = LINE('',#2493,#2495);
#2497 = EDGE_CURVE('',#2065,#2067,#2496,.T.);
#2498 = CARTESIAN_POINT('',(99.08031,2.73073,0.00000));
#2499 = DIRECTION('',(-0.562357,-0.826895,0.000000));
#2500 = VECTOR('',#2499,0.04956);
#2501 = LINE('',#2498,#2500);
#2502 = EDGE_CURVE('',#2067,#2069,#2501,.T.);
#2503 = CARTESIAN_POINT('',(99.05245,2.68975,0.00000));
#2504 = DIRECTION('',(-0.679450,-0.733722,0.000000));
#2505 = VECTOR('',#2504,0.04956);
#2506 = LINE('',#2503,#2505);
#2507 = EDGE_CURVE('',#2069,#2071,#2506,.T.);
#2508 = CARTESIAN_POINT('',(99.01877,2.65339,0.00000));
#2509 = DIRECTION('',(-0.781329,-0.624119,0.000000));
#2510 = VECTOR('',#2509,0.04956);
#2511 = LINE('',#2508,#2510);
#2512 = EDGE_CURVE('',#2071,#2073,#2511,.T.);
#2513 = CARTESIAN_POINT('',(98.98005,2.62246,0.00000));
#2514 = DIRECTION('',(-0.865712,-0.500542,0.000000));
#2515 = VECTOR('',#2514,0.04956);
#2516 = LINE('',#2513,#2515);
#2517 = EDGE_CURVE('',#2073,#2075,#2516,.T.);
#2518 = CARTESIAN_POINT('',(98.93715,2.59766,0.00000));
#2519 = DIRECTION('',(-0.930711,-0.365756,0.000000));
#2520 = VECTOR('',#2519,0.04956);
#2521 = LINE('',#2518,#2520);
#2522 = EDGE_CURVE('',#2075,#2077,#2521,.T.);
#2523 = CARTESIAN_POINT('',(98.89103,2.57953,0.00000));
#2524 = DIRECTION('',(-0.974869,-0.222781,0.000000));
#2525 = VECTOR('',#2524,0.04956);
#2526 = LINE('',#2523,#2525);
#2527 = EDGE_CURVE('',#2077,#2079,#2526,.T.);
#2528 = CARTESIAN_POINT('',(98.84272,2.56849,0.00000));
#2529 = DIRECTION('',(-0.997197,-0.074817,0.000000));
#2530 = VECTOR('',#2529,0.04956);
#2531 = LINE('',#2528,#2530);
#2532 = EDGE_CURVE('',#2079,#2081,#2531,.T.);
#2533 = CARTESIAN_POINT('',(98.79330,2.56479,0.00000));
#2534 = DIRECTION('',(-1.000000,0.000000,0.000000));
#2535 = VECTOR('',#2534,19.96440);
#2536 = LINE('',#2533,#2535);
#2537 = EDGE_CURVE('',#2081,#2083,#2536,.T.);
#2538 = CARTESIAN_POINT('',(78.82890,2.56479,0.00000));
#2539 = DIRECTION('',(-0.997453,-0.071332,0.000000));
#2540 = VECTOR('',#2539,0.02161);
#2541 = LINE('',#2538,#2540);
#2542 = EDGE_CURVE('',#2083,#2085,#2541,.T.);
#2543 = CARTESIAN_POINT('',(78.80735,2.56324,0.00000));
#2544 = DIRECTION('',(-0.977148,-0.212560,0.000000));
#2545 = VECTOR('',#2544,0.02161);
#2546 = LINE('',#2543,#2545);
#2547 = EDGE_CURVE('',#2085,#2087,#2546,.T.);
#2548 = CARTESIAN_POINT('',(78.78624,2.55865,0.00000));
#2549 = DIRECTION('',(-0.936951,-0.349460,0.000000));
#2550 = VECTOR('',#2549,0.02161);
#2551 = LINE('',#2548,#2550);
#2552 = EDGE_CURVE('',#2087,#2089,#2551,.T.);
#2553 = CARTESIAN_POINT('',(78.76600,2.55110,0.00000));
#2554 = DIRECTION('',(-0.877680,-0.479246,0.000000));
#2555 = VECTOR('',#2554,0.02161);
#2556 = LINE('',#2553,#2555);
#2557 = EDGE_CURVE('',#2089,#2091,#2556,.T.);
#2558 = CARTESIAN_POINT('',(78.74703,2.54075,0.00000));
#2559 = DIRECTION('',(-0.800542,-0.599276,0.000000));
#2560 = VECTOR('',#2559,0.02161);
#2561 = LINE('',#2558,#2560);
#2562 = EDGE_CURVE('',#2091,#2093,#2561,.T.);
#2563 = CARTESIAN_POINT('',(78.72974,2.52780,0.00000));
#2564 = DIRECTION('',(-0.707107,-0.707107,0.000000));
#2565 = VECTOR('',#2564,0.02161);
#2566 = LINE('',#2563,#2565);
#2567 = EDGE_CURVE('',#2093,#2095,#2566,.T.);
#2568 = CARTESIAN_POINT('',(78.71446,2.51252,0.00000));
#2569 = DIRECTION('',(-0.599276,-0.800542,0.000000));
#2570 = VECTOR('',#2569,0.02161);
#2571 = LINE('',#2568,#2570);
#2572 = EDGE_CURVE('',#2095,#2097,#2571,.T.);
#2573 = CARTESIAN_POINT('',(78.70151,2.49523,0.00000));
#2574 = DIRECTION('',(-0.479246,-0.877680,0.000000));
#2575 = VECTOR('',#2574,0.02161);
#2576 = LINE('',#2573,#2575);
#2577 = EDGE_CURVE('',#2097,#2099,#2576,.T.);
#2578 = CARTESIAN_POINT('',(78.69116,2.47626,0.00000));
#2579 = DIRECTION('',(-0.349460,-0.936951,0.000000));
#2580 = VECTOR('',#2579,0.02161);
#2581 = LINE('',#2578,#2580);
#2582 = EDGE_CURVE('',#2099,#2101,#2581,.T.);
#2583 = CARTESIAN_POINT('',(78.68361,2.45602,0.00000));
#2584 = DIRECTION('',(-0.212560,-0.977148,0.000000));
#2585 = VECTOR('',#2584,0.02161);
#2586 = LINE('',#2583,#2585);
#2587 = EDGE_CURVE('',#2101,#2103,#2586,.T.);
#2588 = CARTESIAN_POINT('',(78.67902,2.43491,0.00000));
#2589 = DIRECTION('',(-0.071332,-0.997453,0.000000));
#2590 = VECTOR('',#2589,0.02161);
#2591 = LINE('',#2588,#2590);
#2592 = EDGE_CURVE('',#2103,#2105,#2591,.T.);
#2593 = CARTESIAN_POINT('',(78.67747,2.41336,0.00000));
#2594 = DIRECTION('',(0.000000,-1.000000,0.000000));
#2595 = VECTOR('',#2594,2.05740);
#2596 = LINE('',#2593,#2595);
#2597 = EDGE_CURVE('',#2105,#2107,#2596,.T.);
#2598 = CARTESIAN_POINT('',(78.67747,0.35596,0.00000));
#2599 = DIRECTION('',(-0.074002,-0.997258,0.000000));
#2600 = VECTOR('',#2599,0.05278);
#2601 = LINE('',#2598,#2600);
#2602 = EDGE_CURVE('',#2107,#2109,#2601,.T.);
#2603 = CARTESIAN_POINT('',(78.67357,0.30333,0.00000));
#2604 = DIRECTION('',(-0.220387,-0.975413,0.000000));
#2605 = VECTOR('',#2604,0.05278);
#2606 = LINE('',#2603,#2605);
#2607 = EDGE_CURVE('',#2109,#2111,#2606,.T.);
#2608 = CARTESIAN_POINT('',(78.66194,0.25185,0.00000));
#2609 = DIRECTION('',(-0.361944,-0.932200,0.000000));
#2610 = VECTOR('',#2609,0.05278);
#2611 = LINE('',#2608,#2610);
#2612 = EDGE_CURVE('',#2111,#2113,#2611,.T.);
#2613 = CARTESIAN_POINT('',(78.64284,0.20265,0.00000));
#2614 = DIRECTION('',(-0.495572,-0.868567,0.000000));
#2615 = VECTOR('',#2614,0.05278);
#2616 = LINE('',#2613,#2615);
#2617 = EDGE_CURVE('',#2113,#2115,#2616,.T.);
#2618 = CARTESIAN_POINT('',(78.61668,0.15682,0.00000));
#2619 = DIRECTION('',(-0.618345,-0.785907,0.000000));
#2620 = VECTOR('',#2619,0.05278);
#2621 = LINE('',#2618,#2620);
#2622 = EDGE_CURVE('',#2115,#2117,#2621,.T.);
#2623 = CARTESIAN_POINT('',(78.58405,0.11534,0.00000));
#2624 = DIRECTION('',(-0.727572,-0.686031,0.000000));
#2625 = VECTOR('',#2624,0.05278);
#2626 = LINE('',#2623,#2625);
#2627 = EDGE_CURVE('',#2117,#2119,#2626,.T.);
#2628 = CARTESIAN_POINT('',(78.54565,0.07913,0.00000));
#2629 = DIRECTION('',(-0.820861,-0.571128,0.000000));
#2630 = VECTOR('',#2629,0.05278);
#2631 = LINE('',#2628,#2630);
#2632 = EDGE_CURVE('',#2119,#2121,#2631,.T.);
#2633 = CARTESIAN_POINT('',(78.50233,0.04899,0.00000));
#2634 = DIRECTION('',(-0.896169,-0.443713,0.000000));
#2635 = VECTOR('',#2634,0.05278);
#2636 = LINE('',#2633,#2635);
#2637 = EDGE_CURVE('',#2121,#2123,#2636,.T.);
#2638 = CARTESIAN_POINT('',(78.45504,0.02558,0.00000));
#2639 = DIRECTION('',(-0.951845,-0.306579,0.000000));
#2640 = VECTOR('',#2639,0.05278);
#2641 = LINE('',#2638,#2640);
#2642 = EDGE_CURVE('',#2123,#2125,#2641,.T.);
#2643 = CARTESIAN_POINT('',(78.40480,0.00940,0.00000));
#2644 = DIRECTION('',(-0.986671,-0.162728,0.000000));
#2645 = VECTOR('',#2644,0.05278);
#2646 = LINE('',#2643,#2645);
#2647 = EDGE_CURVE('',#2125,#2127,#2646,.T.);
#2648 = CARTESIAN_POINT('',(78.35273,0.00081,0.00000));
#2649 = DIRECTION('',(-0.999883,-0.015313,0.000000));
#2650 = VECTOR('',#2649,0.05278);
#2651 = LINE('',#2648,#2650);
#2652 = EDGE_CURVE('',#2127,#2129,#2651,.T.);
#2653 = CARTESIAN_POINT('',(78.29996,0.00000,0.00000));
#2654 = DIRECTION('',(-1.000000,0.000000,0.000000));
#2655 = VECTOR('',#2654,20.45146);
#2656 = LINE('',#2653,#2655);
#2657 = EDGE_CURVE('',#2129,#2131,#2656,.T.);
#2658 = CARTESIAN_POINT('',(57.84850,0.00000,0.00000));
#2659 = DIRECTION('',(-0.997620,0.068957,0.000000));
#2660 = VECTOR('',#2659,0.05960);
#2661 = LINE('',#2658,#2660);
#2662 = EDGE_CURVE('',#2131,#2133,#2661,.T.);
#2663 = CARTESIAN_POINT('',(57.78904,0.00411,0.00000));
#2664 = DIRECTION('',(-0.978646,0.205554,0.000000));
#2665 = VECTOR('',#2664,0.05960);
#2666 = LINE('',#2663,#2665);
#2667 = EDGE_CURVE('',#2133,#2135,#2666,.T.);
#2668 = CARTESIAN_POINT('',(57.73072,0.01636,0.00000));
#2669 = DIRECTION('',(-0.941059,0.338243,0.000000));
#2670 = VECTOR('',#2669,0.05960);
#2671 = LINE('',#2668,#2670);
#2672 = EDGE_CURVE('',#2135,#2137,#2671,.T.);
#2673 = CARTESIAN_POINT('',(57.67463,0.03652,0.00000));
#2674 = DIRECTION('',(-0.885574,0.464498,0.000000));
#2675 = VECTOR('',#2674,0.05960);
#2676 = LINE('',#2673,#2675);
#2677 = EDGE_CURVE('',#2137,#2139,#2676,.T.);
#2678 = CARTESIAN_POINT('',(57.62185,0.06420,0.00000));
#2679 = DIRECTION('',(-0.813246,0.581920,0.000000));
#2680 = VECTOR('',#2679,0.05960);
#2681 = LINE('',#2678,#2680);
#2682 = EDGE_CURVE('',#2139,#2141,#2681,.T.);
#2683 = CARTESIAN_POINT('',(57.57338,0.09889,0.00000));
#2684 = DIRECTION('',(-0.725452,0.688273,0.000000));
#2685 = VECTOR('',#2684,0.05960);
#2686 = LINE('',#2683,#2685);
#2687 = EDGE_CURVE('',#2141,#2143,#2686,.T.);
#2688 = CARTESIAN_POINT('',(57.53015,0.13991,0.00000));
#2689 = DIRECTION('',(-0.623859,0.781537,0.000000));
#2690 = VECTOR('',#2689,0.05960);
#2691 = LINE('',#2688,#2690);
#2692 = EDGE_CURVE('',#2143,#2145,#2691,.T.);
#2693 = CARTESIAN_POINT('',(57.49296,0.18648,0.00000));
#2694 = DIRECTION('',(-0.510402,0.859936,0.000000));
#2695 = VECTOR('',#2694,0.05960);
#2696 = LINE('',#2693,#2695);
#2697 = EDGE_CURVE('',#2145,#2147,#2696,.T.);
#2698 = CARTESIAN_POINT('',(57.46254,0.23774,0.00000));
#2699 = DIRECTION('',(-0.387237,0.921980,0.000000));
#2700 = VECTOR('',#2699,0.05960);
#2701 = LINE('',#2698,#2700);
#2702 = EDGE_CURVE('',#2147,#2149,#2701,.T.);
#2703 = CARTESIAN_POINT('',(57.43947,0.29269,0.00000));
#2704 = DIRECTION('',(-0.256708,0.966489,0.000000));
#2705 = VECTOR('',#2704,0.05960);
#2706 = LINE('',#2703,#2705);
#2707 = EDGE_CURVE('',#2149,#2151,#2706,.T.);
#2708 = CARTESIAN_POINT('',(57.42417,0.35029,0.00000));
#2709 = DIRECTION('',(-0.121296,0.992616,0.000000));
#2710 = VECTOR('',#2709,0.05960);
#2711 = LINE('',#2708,#2710);
#2712 = EDGE_CURVE('',#2151,#2153,#2711,.T.);
#2713 = CARTESIAN_POINT('',(57.41694,0.40945,0.00000));
#2714 = DIRECTION('',(0.000000,1.000000,0.000000));
#2715 = VECTOR('',#2714,2.00391);
#2716 = LINE('',#2713,#2715);
#2717 = EDGE_CURVE('',#2153,#2155,#2716,.T.);
#2718 = CARTESIAN_POINT('',(57.41694,2.41336,0.00000));
#2719 = DIRECTION('',(-0.071342,0.997452,0.000000));
#2720 = VECTOR('',#2719,0.03265);
#2721 = LINE('',#2718,#2720);
#2722 = EDGE_CURVE('',#2155,#2157,#2721,.T.);
#2723 = CARTESIAN_POINT('',(57.41461,2.44593,0.00000));
#2724 = DIRECTION('',(-0.212567,0.977146,0.000000));
#2725 = VECTOR('',#2724,0.03265);
#2726 = LINE('',#2723,#2725);
#2727 = EDGE_CURVE('',#2157,#2159,#2726,.T.);
#2728 = CARTESIAN_POINT('',(57.40767,2.47783,0.00000));
#2729 = DIRECTION('',(-0.349466,0.936949,0.000000));
#2730 = VECTOR('',#2729,0.03265);
#2731 = LINE('',#2728,#2730);
#2732 = EDGE_CURVE('',#2159,#2161,#2731,.T.);
#2733 = CARTESIAN_POINT('',(57.39626,2.50842,0.00000));
#2734 = DIRECTION('',(-0.479250,0.877678,0.000000));
#2735 = VECTOR('',#2734,0.03265);
#2736 = LINE('',#2733,#2735);
#2737 = EDGE_CURVE('',#2161,#2163,#2736,.T.);
#2738 = CARTESIAN_POINT('',(57.38061,2.53708,0.00000));
#2739 = DIRECTION('',(-0.599278,0.800541,0.000000));
#2740 = VECTOR('',#2739,0.03265);
#2741 = LINE('',#2738,#2740);
#2742 = EDGE_CURVE('',#2163,#2165,#2741,.T.);
#2743 = CARTESIAN_POINT('',(57.36104,2.56322,0.00000));
#2744 = DIRECTION('',(-0.707107,0.707107,0.000000));
#2745 = VECTOR('',#2744,0.03265);
#2746 = LINE('',#2743,#2745);
#2747 = EDGE_CURVE('',#2165,#2167,#2746,.T.);
#2748 = CARTESIAN_POINT('',(57.33796,2.58630,0.00000));
#2749 = DIRECTION('',(-0.800541,0.599278,0.000000));
#2750 = VECTOR('',#2749,0.03265);
#2751 = LINE('',#2748,#2750);
#2752 = EDGE_CURVE('',#2167,#2169,#2751,.T.);
#2753 = CARTESIAN_POINT('',(57.31182,2.60587,0.00000));
#2754 = DIRECTION('',(-0.877678,0.479250,0.000000));
#2755 = VECTOR('',#2754,0.03265);
#2756 = LINE('',#2753,#2755);
#2757 = EDGE_CURVE('',#2169,#2171,#2756,.T.);
#2758 = CARTESIAN_POINT('',(57.28316,2.62152,0.00000));
#2759 = DIRECTION('',(-0.936949,0.349466,0.000000));
#2760 = VECTOR('',#2759,0.03265);
#2761 = LINE('',#2758,#2760);
#2762 = EDGE_CURVE('',#2171,#2173,#2761,.T.);
#2763 = CARTESIAN_POINT('',(57.25257,2.63293,0.00000));
#2764 = DIRECTION('',(-0.977146,0.212567,0.000000));
#2765 = VECTOR('',#2764,0.03265);
#2766 = LINE('',#2763,#2765);
#2767 = EDGE_CURVE('',#2173,#2175,#2766,.T.);
#2768 = CARTESIAN_POINT('',(57.22067,2.63987,0.00000));
#2769 = DIRECTION('',(-0.997452,0.071342,0.000000));
#2770 = VECTOR('',#2769,0.03265);
#2771 = LINE('',#2768,#2770);
#2772 = EDGE_CURVE('',#2175,#2177,#2771,.T.);
#2773 = CARTESIAN_POINT('',(57.18810,2.64220,0.00000));
#2774 = DIRECTION('',(-1.000000,0.000000,0.000000));
#2775 = VECTOR('',#2774,18.84680);
#2776 = LINE('',#2773,#2775);
#2777 = EDGE_CURVE('',#2177,#2179,#2776,.T.);
#2778 = CARTESIAN_POINT('',(38.34130,2.64220,0.00000));
#2779 = DIRECTION('',(-0.997451,0.071349,0.000000));
#2780 = VECTOR('',#2779,0.02171);
#2781 = LINE('',#2778,#2780);
#2782 = EDGE_CURVE('',#2179,#2181,#2781,.T.);
#2783 = CARTESIAN_POINT('',(38.31965,2.64375,0.00000));
#2784 = DIRECTION('',(-0.977145,0.212573,0.000000));
#2785 = VECTOR('',#2784,0.02171);
#2786 = LINE('',#2783,#2785);
#2787 = EDGE_CURVE('',#2181,#2183,#2786,.T.);
#2788 = CARTESIAN_POINT('',(38.29843,2.64836,0.00000));
#2789 = DIRECTION('',(-0.936948,0.349470,0.000000));
#2790 = VECTOR('',#2789,0.02171);
#2791 = LINE('',#2788,#2790);
#2792 = EDGE_CURVE('',#2183,#2185,#2791,.T.);
#2793 = CARTESIAN_POINT('',(38.27809,2.65595,0.00000));
#2794 = DIRECTION('',(-0.877677,0.479252,0.000000));
#2795 = VECTOR('',#2794,0.02171);
#2796 = LINE('',#2793,#2795);
#2797 = EDGE_CURVE('',#2185,#2187,#2796,.T.);
#2798 = CARTESIAN_POINT('',(38.25903,2.66635,0.00000));
#2799 = DIRECTION('',(-0.800540,0.599279,0.000000));
#2800 = VECTOR('',#2799,0.02171);
#2801 = LINE('',#2798,#2800);
#2802 = EDGE_CURVE('',#2187,#2189,#2801,.T.);
#2803 = CARTESIAN_POINT('',(38.24165,2.67936,0.00000));
#2804 = DIRECTION('',(-0.707107,0.707107,0.000000));
#2805 = VECTOR('',#2804,0.02171);
#2806 = LINE('',#2803,#2805);
#2807 = EDGE_CURVE('',#2189,#2191,#2806,.T.);
#2808 = CARTESIAN_POINT('',(38.22630,2.69471,0.00000));
#2809 = DIRECTION('',(-0.599279,0.800540,0.000000));
#2810 = VECTOR('',#2809,0.02171);
#2811 = LINE('',#2808,#2810);
#2812 = EDGE_CURVE('',#2191,#2193,#2811,.T.);
#2813 = CARTESIAN_POINT('',(38.21329,2.71209,0.00000));
#2814 = DIRECTION('',(-0.479252,0.877677,0.000000));
#2815 = VECTOR('',#2814,0.02171);
#2816 = LINE('',#2813,#2815);
#2817 = EDGE_CURVE('',#2193,#2195,#2816,.T.);
#2818 = CARTESIAN_POINT('',(38.20289,2.73115,0.00000));
#2819 = DIRECTION('',(-0.349470,0.936948,0.000000));
#2820 = VECTOR('',#2819,0.02171);
#2821 = LINE('',#2818,#2820);
#2822 = EDGE_CURVE('',#2195,#2197,#2821,.T.);
#2823 = CARTESIAN_POINT('',(38.19530,2.75149,0.00000));
#2824 = DIRECTION('',(-0.212573,0.977145,0.000000));
#2825 = VECTOR('',#2824,0.02171);
#2826 = LINE('',#2823,#2825);
#2827 = EDGE_CURVE('',#2197,#2199,#2826,.T.);
#2828 = CARTESIAN_POINT('',(38.19069,2.77271,0.00000));
#2829 = DIRECTION('',(-0.071349,0.997451,0.000000));
#2830 = VECTOR('',#2829,0.02171);
#2831 = LINE('',#2828,#2830);
#2832 = EDGE_CURVE('',#2199,#2201,#2831,.T.);
#2833 = CARTESIAN_POINT('',(38.18914,2.79436,0.00000));
#2834 = DIRECTION('',(0.000000,1.000000,0.000000));
#2835 = VECTOR('',#2834,3.88620);
#2836 = LINE('',#2833,#2835);
#2837 = EDGE_CURVE('',#2201,#2203,#2836,.T.);
#2838 = CARTESIAN_POINT('',(38.18914,6.68056,0.00000));
#2839 = DIRECTION('',(-0.071336,0.997452,0.000000));
#2840 = VECTOR('',#2839,0.03627);
#2841 = LINE('',#2838,#2840);
#2842 = EDGE_CURVE('',#2203,#2205,#2841,.T.);
#2843 = CARTESIAN_POINT('',(38.18655,6.71674,0.00000));
#2844 = DIRECTION('',(-0.212562,0.977147,0.000000));
#2845 = VECTOR('',#2844,0.03627);
#2846 = LINE('',#2843,#2845);
#2847 = EDGE_CURVE('',#2205,#2207,#2846,.T.);
#2848 = CARTESIAN_POINT('',(38.17884,6.75219,0.00000));
#2849 = DIRECTION('',(-0.349462,0.936950,0.000000));
#2850 = VECTOR('',#2849,0.03627);
#2851 = LINE('',#2848,#2850);
#2852 = EDGE_CURVE('',#2207,#2209,#2851,.T.);
#2853 = CARTESIAN_POINT('',(38.16616,6.78617,0.00000));
#2854 = DIRECTION('',(-0.479248,0.877680,0.000000));
#2855 = VECTOR('',#2854,0.03627);
#2856 = LINE('',#2853,#2855);
#2857 = EDGE_CURVE('',#2209,#2211,#2856,.T.);
#2858 = CARTESIAN_POINT('',(38.14878,6.81801,0.00000));
#2859 = DIRECTION('',(-0.599277,0.800542,0.000000));
#2860 = VECTOR('',#2859,0.03627);
#2861 = LINE('',#2858,#2860);
#2862 = EDGE_CURVE('',#2211,#2213,#2861,.T.);
#2863 = CARTESIAN_POINT('',(38.12704,6.84705,0.00000));
#2864 = DIRECTION('',(-0.707107,0.707107,0.000000));
#2865 = VECTOR('',#2864,0.03627);
#2866 = LINE('',#2863,#2865);
#2867 = EDGE_CURVE('',#2213,#2215,#2866,.T.);
#2868 = CARTESIAN_POINT('',(38.10139,6.87270,0.00000));
#2869 = DIRECTION('',(-0.800542,0.599277,0.000000));
#2870 = VECTOR('',#2869,0.03627);
#2871 = LINE('',#2868,#2870);
#2872 = EDGE_CURVE('',#2215,#2217,#2871,.T.);
#2873 = CARTESIAN_POINT('',(38.07235,6.89444,0.00000));
#2874 = DIRECTION('',(-0.877680,0.479248,0.000000));
#2875 = VECTOR('',#2874,0.03627);
#2876 = LINE('',#2873,#2875);
#2877 = EDGE_CURVE('',#2217,#2219,#2876,.T.);
#2878 = CARTESIAN_POINT('',(38.04051,6.91182,0.00000));
#2879 = DIRECTION('',(-0.936950,0.349462,0.000000));
#2880 = VECTOR('',#2879,0.03627);
#2881 = LINE('',#2878,#2880);
#2882 = EDGE_CURVE('',#2219,#2221,#2881,.T.);
#2883 = CARTESIAN_POINT('',(38.00653,6.92450,0.00000));
#2884 = DIRECTION('',(-0.977147,0.212562,0.000000));
#2885 = VECTOR('',#2884,0.03627);
#2886 = LINE('',#2883,#2885);
#2887 = EDGE_CURVE('',#2221,#2223,#2886,.T.);
#2888 = CARTESIAN_POINT('',(37.97108,6.93221,0.00000));
#2889 = DIRECTION('',(-0.997452,0.071336,0.000000));
#2890 = VECTOR('',#2889,0.03627);
#2891 = LINE('',#2888,#2890);
#2892 = EDGE_CURVE('',#2223,#2225,#2891,.T.);
#2893 = CARTESIAN_POINT('',(37.93490,6.93480,0.00000));
#2894 = DIRECTION('',(-1.000000,0.000000,0.000000));
#2895 = VECTOR('',#2894,13.81760);
#2896 = LINE('',#2893,#2895);
#2897 = EDGE_CURVE('',#2225,#2227,#2896,.T.);
#2898 = CARTESIAN_POINT('',(24.11730,6.93480,0.00000));
#2899 = DIRECTION('',(-1.000000,-0.000706,0.000000));
#2900 = VECTOR('',#2899,8.12663);
#2901 = LINE('',#2898,#2900);
#2902 = EDGE_CURVE('',#2227,#2229,#2901,.T.);
#2903 = CARTESIAN_POINT('',(15.99067,6.92906,0.00000));
#2904 = DIRECTION('',(-1.000000,0.000344,0.000000));
#2905 = VECTOR('',#2904,15.99067);
#2906 = LINE('',#2903,#2905);
#2907 = EDGE_CURVE('',#2229,#2231,#2906,.T.);
#2908 = CARTESIAN_POINT('',(0.00000,6.93456,0.00000));
#2909 = DIRECTION('',(0.000000,1.000000,0.000000));
#2910 = VECTOR('',#2909,56.94680);
#2911 = LINE('',#2908,#2910);
#2912 = EDGE_CURVE('',#2231,#2233,#2911,.T.);
#2913 = CARTESIAN_POINT('',(0.00000,63.88136,0.00000));
#2914 = DIRECTION('',(0.000000,1.000000,0.000000));
#2915 = VECTOR('',#2914,0.20320);
#2916 = LINE('',#2913,#2915);
#2917 = EDGE_CURVE('',#2233,#2235,#2916,.T.);
#2918 = CARTESIAN_POINT('',(0.00000,64.08456,0.00000));
#2919 = DIRECTION('',(1.000000,0.000000,0.000000));
#2920 = VECTOR('',#2919,5.23240);
#2921 = LINE('',#2918,#2920);
#2922 = EDGE_CURVE('',#2235,#2237,#2921,.T.);
#2923 = CARTESIAN_POINT('',(5.23240,64.08456,0.00000));
#2924 = DIRECTION('',(1.000000,0.000000,0.000000));
#2925 = VECTOR('',#2924,1.25730);
#2926 = LINE('',#2923,#2925);
#2927 = EDGE_CURVE('',#2237,#2239,#2926,.T.);
#2928 = CARTESIAN_POINT('',(6.48970,64.08456,0.00000));
#2929 = DIRECTION('',(1.000000,0.000000,0.000000));
#2930 = VECTOR('',#2929,49.88560);
#2931 = LINE('',#2928,#2930);
#2932 = EDGE_CURVE('',#2239,#2241,#2931,.T.);
#2933 = CARTESIAN_POINT('',(56.37530,64.08456,0.00000));
#2934 = DIRECTION('',(0.997452,0.071337,0.000000));
#2935 = VECTOR('',#2934,0.05436);
#2936 = LINE('',#2933,#2935);
#2937 = EDGE_CURVE('',#2241,#2243,#2936,.T.);
#2938 = CARTESIAN_POINT('',(56.42952,64.08844,0.00000));
#2939 = DIRECTION('',(0.977147,0.212563,0.000000));
#2940 = VECTOR('',#2939,0.05436);
#2941 = LINE('',#2938,#2940);
#2942 = EDGE_CURVE('',#2243,#2245,#2941,.T.);
#2943 = CARTESIAN_POINT('',(56.48264,64.09999,0.00000));
#2944 = DIRECTION('',(0.936950,0.349463,0.000000));
#2945 = VECTOR('',#2944,0.05436);
#2946 = LINE('',#2943,#2945);
#2947 = EDGE_CURVE('',#2245,#2247,#2946,.T.);
#2948 = CARTESIAN_POINT('',(56.53357,64.11899,0.00000));
#2949 = DIRECTION('',(0.877679,0.479248,0.000000));
#2950 = VECTOR('',#2949,0.05436);
#2951 = LINE('',#2948,#2950);
#2952 = EDGE_CURVE('',#2247,#2249,#2951,.T.);
#2953 = CARTESIAN_POINT('',(56.58128,64.14504,0.00000));
#2954 = DIRECTION('',(0.800542,0.599277,0.000000));
#2955 = VECTOR('',#2954,0.05436);
#2956 = LINE('',#2953,#2955);
#2957 = EDGE_CURVE('',#2249,#2251,#2956,.T.);
#2958 = CARTESIAN_POINT('',(56.62480,64.17762,0.00000));
#2959 = DIRECTION('',(0.707107,0.707107,0.000000));
#2960 = VECTOR('',#2959,0.05436);
#2961 = LINE('',#2958,#2960);
#2962 = EDGE_CURVE('',#2251,#2253,#2961,.T.);
#2963 = CARTESIAN_POINT('',(56.66324,64.21606,0.00000));
#2964 = DIRECTION('',(0.599277,0.800542,0.000000));
#2965 = VECTOR('',#2964,0.05436);
#2966 = LINE('',#2963,#2965);
#2967 = EDGE_CURVE('',#2253,#2255,#2966,.T.);
#2968 = CARTESIAN_POINT('',(56.69582,64.25958,0.00000));
#2969 = DIRECTION('',(0.479248,0.877679,0.000000));
#2970 = VECTOR('',#2969,0.05436);
#2971 = LINE('',#2968,#2970);
#2972 = EDGE_CURVE('',#2255,#2257,#2971,.T.);
#2973 = CARTESIAN_POINT('',(56.72187,64.30729,0.00000));
#2974 = DIRECTION('',(0.349463,0.936950,0.000000));
#2975 = VECTOR('',#2974,0.05436);
#2976 = LINE('',#2973,#2975);
#2977 = EDGE_CURVE('',#2257,#2259,#2976,.T.);
#2978 = CARTESIAN_POINT('',(56.74087,64.35822,0.00000));
#2979 = DIRECTION('',(0.212563,0.977147,0.000000));
#2980 = VECTOR('',#2979,0.05436);
#2981 = LINE('',#2978,#2980);
#2982 = EDGE_CURVE('',#2259,#2261,#2981,.T.);
#2983 = CARTESIAN_POINT('',(56.75242,64.41134,0.00000));
#2984 = DIRECTION('',(0.071337,0.997452,0.000000));
#2985 = VECTOR('',#2984,0.05436);
#2986 = LINE('',#2983,#2985);
#2987 = EDGE_CURVE('',#2261,#2263,#2986,.T.);
#2988 = CARTESIAN_POINT('',(56.75630,64.46556,0.00000));
#2989 = DIRECTION('',(0.577981,0.816050,0.000000));
#2990 = VECTOR('',#2989,19.57797);
#2991 = LINE('',#2988,#2990);
#2992 = EDGE_CURVE('',#2263,#2265,#2991,.T.);
#2993 = CARTESIAN_POINT('',(68.07200,80.44216,0.00000));
#2994 = DIRECTION('',(0.997823,0.065950,0.000000));
#2995 = VECTOR('',#2994,38.51405);
#2996 = LINE('',#2993,#2995);
#2997 = EDGE_CURVE('',#2265,#2267,#2996,.T.);
#2998 = CARTESIAN_POINT('',(106.50220,82.98216,0.00000));
#2999 = DIRECTION('',(0.997758,0.066923,0.000000));
#3000 = VECTOR('',#2999,4.17496);
#3001 = LINE('',#2998,#3000);
#3002 = EDGE_CURVE('',#2267,#2269,#3001,.T.);
#3003 = CARTESIAN_POINT('',(110.66780,83.26156,0.00000));
#3004 = DIRECTION('',(0.867925,0.496696,0.000000));
#3005 = VECTOR('',#3004,19.63696);
#3006 = LINE('',#3003,#3005);
#3007 = EDGE_CURVE('',#2269,#2271,#3006,.T.);
#3008 = CARTESIAN_POINT('',(127.71120,93.01516,0.00000));
#3009 = DIRECTION('',(0.517402,-0.855743,0.000000));
#3010 = VECTOR('',#3009,24.39846);
#3011 = LINE('',#3008,#3010);
#3012 = EDGE_CURVE('',#2271,#2273,#3011,.T.);
#3013 = CARTESIAN_POINT('',(140.33500,72.13636,0.00000));
#3014 = DIRECTION('',(0.196116,-0.980581,0.000000));
#3015 = VECTOR('',#3014,0.12952);
#3016 = LINE('',#3013,#3015);
#3017 = EDGE_CURVE('',#2273,#2275,#3016,.T.);
#3018 = CARTESIAN_POINT('',(140.36040,72.00936,0.00000));
#3019 = DIRECTION('',(-0.006888,-0.999976,0.000000));
#3020 = VECTOR('',#3019,11.95752);
#3021 = LINE('',#3018,#3020);
#3022 = EDGE_CURVE('',#2275,#2277,#3021,.T.);
#3023 = CARTESIAN_POINT('',(140.27804,60.05212,0.00000));
#3024 = DIRECTION('',(-0.002415,-0.999997,0.000000));
#3025 = VECTOR('',#3024,5.25782);
#3026 = LINE('',#3023,#3025);
#3027 = EDGE_CURVE('',#2277,#1979,#3026,.T.);
#3028 = ORIENTED_EDGE('',*,*,#2282,.F.);
#3029 = ORIENTED_EDGE('',*,*,#2287,.F.);
#3030 = ORIENTED_EDGE('',*,*,#2292,.F.);
#3031 = ORIENTED_EDGE('',*,*,#2297,.F.);
#3032 = ORIENTED_EDGE('',*,*,#2302,.F.);
#3033 = ORIENTED_EDGE('',*,*,#2307,.F.);
#3034 = ORIENTED_EDGE('',*,*,#2312,.F.);
#3035 = ORIENTED_EDGE('',*,*,#2317,.F.);
#3036 = ORIENTED_EDGE('',*,*,#2322,.F.);
#3037 = ORIENTED_EDGE('',*,*,#2327,.F.);
#3038 = ORIENTED_EDGE('',*,*,#2332,.F.);
#3039 = ORIENTED_EDGE('',*,*,#2337,.F.);
#3040 = ORIENTED_EDGE('',*,*,#2342,.F.);
#3041 = ORIENTED_EDGE('',*,*,#2347,.F.);
#3042 = ORIENTED_EDGE('',*,*,#2352,.F.);
#3043 = ORIENTED_EDGE('',*,*,#2357,.F.);
#3044 = ORIENTED_EDGE('',*,*,#2362,.F.);
#3045 = ORIENTED_EDGE('',*,*,#2367,.F.);
#3046 = ORIENTED_EDGE('',*,*,#2372,.F.);
#3047 = ORIENTED_EDGE('',*,*,#2377,.F.);
#3048 = ORIENTED_EDGE('',*,*,#2382,.F.);
#3049 = ORIENTED_EDGE('',*,*,#2387,.F.);
#3050 = ORIENTED_EDGE('',*,*,#2392,.F.);
#3051 = ORIENTED_EDGE('',*,*,#2397,.F.);
#3052 = ORIENTED_EDGE('',*,*,#2402,.F.);
#3053 = ORIENTED_EDGE('',*,*,#2407,.F.);
#3054 = ORIENTED_EDGE('',*,*,#2412,.F.);
#3055 = ORIENTED_EDGE('',*,*,#2417,.F.);
#3056 = ORIENTED_EDGE('',*,*,#2422,.F.);
#3057 = ORIENTED_EDGE('',*,*,#2427,.F.);
#3058 = ORIENTED_EDGE('',*,*,#2432,.F.);
#3059 = ORIENTED_EDGE('',*,*,#2437,.F.);
#3060 = ORIENTED_EDGE('',*,*,#2442,.F.);
#3061 = ORIENTED_EDGE('',*,*,#2447,.F.);
#3062 = ORIENTED_EDGE('',*,*,#2452,.F.);
#3063 = ORIENTED_EDGE('',*,*,#2457,.F.);
#3064 = ORIENTED_EDGE('',*,*,#2462,.F.);
#3065 = ORIENTED_EDGE('',*,*,#2467,.F.);
#3066 = ORIENTED_EDGE('',*,*,#2472,.F.);
#3067 = ORIENTED_EDGE('',*,*,#2477,.F.);
#3068 = ORIENTED_EDGE('',*,*,#2482,.F.);
#3069 = ORIENTED_EDGE('',*,*,#2487,.F.);
#3070 = ORIENTED_EDGE('',*,*,#2492,.F.);
#3071 = ORIENTED_EDGE('',*,*,#2497,.F.);
#3072 = ORIENTED_EDGE('',*,*,#2502,.F.);
#3073 = ORIENTED_EDGE('',*,*,#2507,.F.);
#3074 = ORIENTED_EDGE('',*,*,#2512,.F.);
#3075 = ORIENTED_EDGE('',*,*,#2517,.F.);
#3076 = ORIENTED_EDGE('',*,*,#2522,.F.);
#3077 = ORIENTED_EDGE('',*,*,#2527,.F.);
#3078 = ORIENTED_EDGE('',*,*,#2532,.F.);
#3079 = ORIENTED_EDGE('',*,*,#2537,.F.);
#3080 = ORIENTED_EDGE('',*,*,#2542,.F.);
#3081 = ORIENTED_EDGE('',*,*,#2547,.F.);
#3082 = ORIENTED_EDGE('',*,*,#2552,.F.);
#3083 = ORIENTED_EDGE('',*,*,#2557,.F.);
#3084 = ORIENTED_EDGE('',*,*,#2562,.F.);
#3085 = ORIENTED_EDGE('',*,*,#2567,.F.);
#3086 = ORIENTED_EDGE('',*,*,#2572,.F.);
#3087 = ORIENTED_EDGE('',*,*,#2577,.F.);
#3088 = ORIENTED_EDGE('',*,*,#2582,.F.);
#3089 = ORIENTED_EDGE('',*,*,#2587,.F.);
#3090 = ORIENTED_EDGE('',*,*,#2592,.F.);
#3091 = ORIENTED_EDGE('',*,*,#2597,.F.);
#3092 = ORIENTED_EDGE('',*,*,#2602,.F.);
#3093 = ORIENTED_EDGE('',*,*,#2607,.F.);
#3094 = ORIENTED_EDGE('',*,*,#2612,.F.);
#3095 = ORIENTED_EDGE('',*,*,#2617,.F.);
#3096 = ORIENTED_EDGE('',*,*,#2622,.F.);
#3097 = ORIENTED_EDGE('',*,*,#2627,.F.);
#3098 = ORIENTED_EDGE('',*,*,#2632,.F.);
#3099 = ORIENTED_EDGE('',*,*,#2637,.F.);
#3100 = ORIENTED_EDGE('',*,*,#2642,.F.);
#3101 = ORIENTED_EDGE('',*,*,#2647,.F.);
#3102 = ORIENTED_EDGE('',*,*,#2652,.F.);
#3103 = ORIENTED_EDGE('',*,*,#2657,.F.);
#3104 = ORIENTED_EDGE('',*,*,#2662,.F.);
#3105 = ORIENTED_EDGE('',*,*,#2667,.F.);
#3106 = ORIENTED_EDGE('',*,*,#2672,.F.);
#3107 = ORIENTED_EDGE('',*,*,#2677,.F.);
#3108 = ORIENTED_EDGE('',*,*,#2682,.F.);
#3109 = ORIENTED_EDGE('',*,*,#2687,.F.);
#3110 = ORIENTED_EDGE('',*,*,#2692,.F.);
#3111 = ORIENTED_EDGE('',*,*,#2697,.F.);
#3112 = ORIENTED_EDGE('',*,*,#2702,.F.);
#3113 = ORIENTED_EDGE('',*,*,#2707,.F.);
#3114 = ORIENTED_EDGE('',*,*,#2712,.F.);
#3115 = ORIENTED_EDGE('',*,*,#2717,.F.);
#3116 = ORIENTED_EDGE('',*,*,#2722,.F.);
#3117 = ORIENTED_EDGE('',*,*,#2727,.F.);
#3118 = ORIENTED_EDGE('',*,*,#2732,.F.);
#3119 = ORIENTED_EDGE('',*,*,#2737,.F.);
#3120 = ORIENTED_EDGE('',*,*,#2742,.F.);
#3121 = ORIENTED_EDGE('',*,*,#2747,.F.);
#3122 = ORIENTED_EDGE('',*,*,#2752,.F.);
#3123 = ORIENTED_EDGE('',*,*,#2757,.F.);
#3124 = ORIENTED_EDGE('',*,*,#2762,.F.);
#3125 = ORIENTED_EDGE('',*,*,#2767,.F.);
#3126 = ORIENTED_EDGE('',*,*,#2772,.F.);
#3127 = ORIENTED_EDGE('',*,*,#2777,.F.);
#3128 = ORIENTED_EDGE('',*,*,#2782,.F.);
#3129 = ORIENTED_EDGE('',*,*,#2787,.F.);
#3130 = ORIENTED_EDGE('',*,*,#2792,.F.);
#3131 = ORIENTED_EDGE('',*,*,#2797,.F.);
#3132 = ORIENTED_EDGE('',*,*,#2802,.F.);
#3133 = ORIENTED_EDGE('',*,*,#2807,.F.);
#3134 = ORIENTED_EDGE('',*,*,#2812,.F.);
#3135 = ORIENTED_EDGE('',*,*,#2817,.F.);
#3136 = ORIENTED_EDGE('',*,*,#2822,.F.);
#3137 = ORIENTED_EDGE('',*,*,#2827,.F.);
#3138 = ORIENTED_EDGE('',*,*,#2832,.F.);
#3139 = ORIENTED_EDGE('',*,*,#2837,.F.);
#3140 = ORIENTED_EDGE('',*,*,#2842,.F.);
#3141 = ORIENTED_EDGE('',*,*,#2847,.F.);
#3142 = ORIENTED_EDGE('',*,*,#2852,.F.);
#3143 = ORIENTED_EDGE('',*,*,#2857,.F.);
#3144 = ORIENTED_EDGE('',*,*,#2862,.F.);
#3145 = ORIENTED_EDGE('',*,*,#2867,.F.);
#3146 = ORIENTED_EDGE('',*,*,#2872,.F.);
#3147 = ORIENTED_EDGE('',*,*,#2877,.F.);
#3148 = ORIENTED_EDGE('',*,*,#2882,.F.);
#3149 = ORIENTED_EDGE('',*,*,#2887,.F.);
#3150 = ORIENTED_EDGE('',*,*,#2892,.F.);
#3151 = ORIENTED_EDGE('',*,*,#2897,.F.);
#3152 = ORIENTED_EDGE('',*,*,#2902,.F.);
#3153 = ORIENTED_EDGE('',*,*,#2907,.F.);
#3154 = ORIENTED_EDGE('',*,*,#2912,.F.);
#3155 = ORIENTED_EDGE('',*,*,#2917,.F.);
#3156 = ORIENTED_EDGE('',*,*,#2922,.F.);
#3157 = ORIENTED_EDGE('',*,*,#2927,.F.);
#3158 = ORIENTED_EDGE('',*,*,#2932,.F.);
#3159 = ORIENTED_EDGE('',*,*,#2937,.F.);
#3160 = ORIENTED_EDGE('',*,*,#2942,.F.);
#3161 = ORIENTED_EDGE('',*,*,#2947,.F.);
#3162 = ORIENTED_EDGE('',*,*,#2952,.F.);
#3163 = ORIENTED_EDGE('',*,*,#2957,.F.);
#3164 = ORIENTED_EDGE('',*,*,#2962,.F.);
#3165 = ORIENTED_EDGE('',*,*,#2967,.F.);
#3166 = ORIENTED_EDGE('',*,*,#2972,.F.);
#3167 = ORIENTED_EDGE('',*,*,#2977,.F.);
#3168 = ORIENTED_EDGE('',*,*,#2982,.F.);
#3169 = ORIENTED_EDGE('',*,*,#2987,.F.);
#3170 = ORIENTED_EDGE('',*,*,#2992,.F.);
#3171 = ORIENTED_EDGE('',*,*,#2997,.F.);
#3172 = ORIENTED_EDGE('',*,*,#3002,.F.);
#3173 = ORIENTED_EDGE('',*,*,#3007,.F.);
#3174 = ORIENTED_EDGE('',*,*,#3012,.F.);
#3175 = ORIENTED_EDGE('',*,*,#3017,.F.);
#3176 = ORIENTED_EDGE('',*,*,#3022,.F.);
#3177 = ORIENTED_EDGE('',*,*,#3027,.F.);
#3178 = EDGE_LOOP('',(#3028,#3029,#3030,#3031,#3032,#3033,#3034,#3035,#3036,#3037,#3038,#3039,#3040,#3041,#3042,#3043,#3044,#3045,#3046,#3047,#3048,#3049,#3050,#3051,#3052,#3053,#3054,#3055,#3056,#3057,#3058,#3059,#3060,#3061,#3062,#3063,#3064,#3065,#3066,#3067,#3068,#3069,#3070,#3071,#3072,#3073,#3074,#3075,#3076,#3077,#3078,#3079,#3080,#3081,#3082,#3083,#3084,#3085,#3086,#3087,#3088,#3089,#3090,#3091,#3092,#3093,#3094,#3095,#3096,#3097,#3098,#3099,#3100,#3101,#3102,#3103,#3104,#3105,#3106,#3107,#3108,#3109,#3110,#3111,#3112,#3113,#3114,#3115,#3116,#3117,#3118,#3119,#3120,#3121,#3122,#3123,#3124,#3125,#3126,#3127,#3128,#3129,#3130,#3131,#3132,#3133,#3134,#3135,#3136,#3137,#3138,#3139,#3140,#3141,#3142,#3143,#3144,#3145,#3146,#3147,#3148,#3149,#3150,#3151,#3152,#3153,#3154,#3155,#3156,#3157,#3158,#3159,#3160,#3161,#3162,#3163,#3164,#3165,#3166,#3167,#3168,#3169,#3170,#3171,#3172,#3173,#3174,#3175,#3176,#3177));
#3179 = CARTESIAN_POINT('',(4.21620,45.26016,0.00000));
#3180 = VERTEX_POINT('',#3179);
#3181 = CARTESIAN_POINT('',(18.01620,45.26016,0.00000));
#3182 = VERTEX_POINT('',#3181);
#3183 = CARTESIAN_POINT('',(18.01620,59.06016,0.00000));
#3184 = VERTEX_POINT('',#3183);
#3185 = CARTESIAN_POINT('',(4.21620,59.06016,0.00000));
#3186 = VERTEX_POINT('',#3185);
#3187 = CARTESIAN_POINT('',(4.21620,45.26016,0.00000));
#3188 = DIRECTION('',(1.000000,0.000000,0.000000));
#3189 = VECTOR('',#3188,13.80000);
#3190 = LINE('',#3187,#3189);
#3191 = EDGE_CURVE('',#3180,#3182,#3190,.T.);
#3192 = CARTESIAN_POINT('',(18.01620,45.26016,0.00000));
#3193 = DIRECTION('',(0.000000,1.000000,0.000000));
#3194 = VECTOR('',#3193,13.80000);
#3195 = LINE('',#3192,#3194);
#3196 = EDGE_CURVE('',#3182,#3184,#3195,.T.);
#3197 = CARTESIAN_POINT('',(18.01620,59.06016,0.00000));
#3198 = DIRECTION('',(-1.000000,0.000000,0.000000));
#3199 = VECTOR('',#3198,13.80000);
#3200 = LINE('',#3197,#3199);
#3201 = EDGE_CURVE('',#3184,#3186,#3200,.T.);
#3202 = CARTESIAN_POINT('',(4.21620,59.06016,0.00000));
#3203 = DIRECTION('',(0.000000,-1.000000,0.000000));
#3204 = VECTOR('',#3203,13.80000);
#3205 = LINE('',#3202,#3204);
#3206 = EDGE_CURVE('',#3186,#3180,#3205,.T.);
#3207 = ORIENTED_EDGE('',*,*,#3191,.T.);
#3208 = ORIENTED_EDGE('',*,*,#3196,.T.);
#3209 = ORIENTED_EDGE('',*,*,#3201,.T.);
#3210 = ORIENTED_EDGE('',*,*,#3206,.T.);
#3211 = EDGE_LOOP('',(#3207,#3208,#3209,#3210));
#3212 = CARTESIAN_POINT('',(42.56650,23.84156,0.00000));
#3213 = VERTEX_POINT('',#3212);
#3214 = CARTESIAN_POINT('',(56.36650,23.84156,0.00000));
#3215 = VERTEX_POINT('',#3214);
#3216 = CARTESIAN_POINT('',(56.36650,37.64156,0.00000));
#3217 = VERTEX_POINT('',#3216);
#3218 = CARTESIAN_POINT('',(42.56650,37.64156,0.00000));
#3219 = VERTEX_POINT('',#3218);
#3220 = CARTESIAN_POINT('',(42.56650,23.84156,0.00000));
#3221 = DIRECTION('',(1.000000,0.000000,0.000000));
#3222 = VECTOR('',#3221,13.80000);
#3223 = LINE('',#3220,#3222);
#3224 = EDGE_CURVE('',#3213,#3215,#3223,.T.);
#3225 = CARTESIAN_POINT('',(56.36650,23.84156,0.00000));
#3226 = DIRECTION('',(0.000000,1.000000,0.000000));
#3227 = VECTOR('',#3226,13.80000);
#3228 = LINE('',#3225,#3227);
#3229 = EDGE_CURVE('',#3215,#3217,#3228,.T.);
#3230 = CARTESIAN_POINT('',(56.36650,37.64156,0.00000));
#3231 = DIRECTION('',(-1.000000,0.000000,0.000000));
#3232 = VECTOR('',#3231,13.80000);
#3233 = LINE('',#3230,#3232);
#3234 = EDGE_CURVE('',#3217,#3219,#3233,.T.);
#3235 = CARTESIAN_POINT('',(42.56650,37.64156,0.00000));
#3236 = DIRECTION('',(0.000000,-1.000000,0.000000));
#3237 = VECTOR('',#3236,13.80000);
#3238 = LINE('',#3235,#3237);
#3239 = EDGE_CURVE('',#3219,#3213,#3238,.T.);
#3240 = ORIENTED_EDGE('',*,*,#3224,.T.);
#3241 = ORIENTED_EDGE('',*,*,#3229,.T.);
#3242 = ORIENTED_EDGE('',*,*,#3234,.T.);
#3243 = ORIENTED_EDGE('',*,*,#3239,.T.);
#3244 = EDGE_LOOP('',(#3240,#3241,#3242,#3243));
#3245 = CARTESIAN_POINT('',(61.81350,21.01416,0.00000));
#3246 = VERTEX_POINT('',#3245);
#3247 = CARTESIAN_POINT('',(75.61350,21.01416,0.00000));
#3248 = VERTEX_POINT('',#3247);
#3249 = CARTESIAN_POINT('',(75.61350,34.81416,0.00000));
#3250 = VERTEX_POINT('',#3249);
#3251 = CARTESIAN_POINT('',(61.81350,34.81416,0.00000));
#3252 = VERTEX_POINT('',#3251);
#3253 = CARTESIAN_POINT('',(61.81350,21.01416,0.00000));
#3254 = DIRECTION('',(1.000000,0.000000,0.000000));
#3255 = VECTOR('',#3254,13.80000);
#3256 = LINE('',#3253,#3255);
#3257 = EDGE_CURVE('',#3246,#3248,#3256,.T.);
#3258 = CARTESIAN_POINT('',(75.61350,21.01416,0.00000));
#3259 = DIRECTION('',(0.000000,1.000000,0.000000));
#3260 = VECTOR('',#3259,13.80000);
#3261 = LINE('',#3258,#3260);
#3262 = EDGE_CURVE('',#3248,#3250,#3261,.T.);
#3263 = CARTESIAN_POINT('',(75.61350,34.81416,0.00000));
#3264 = DIRECTION('',(-1.000000,0.000000,0.000000));
#3265 = VECTOR('',#3264,13.80000);
#3266 = LINE('',#3263,#3265);
#3267 = EDGE_CURVE('',#3250,#3252,#3266,.T.);
#3268 = CARTESIAN_POINT('',(61.81350,34.81416,0.00000));
#3269 = DIRECTION('',(0.000000,-1.000000,0.000000));
#3270 = VECTOR('',#3269,13.80000);
#3271 = LINE('',#3268,#3270);
#3272 = EDGE_CURVE('',#3252,#3246,#3271,.T.);
#3273 = ORIENTED_EDGE('',*,*,#3257,.T.);
#3274 = ORIENTED_EDGE('',*,*,#3262,.T.);
#3275 = ORIENTED_EDGE('',*,*,#3267,.T.);
#3276 = ORIENTED_EDGE('',*,*,#3272,.T.);
#3277 = EDGE_LOOP('',(#3273,#3274,#3275,#3276));
#3278 = CARTESIAN_POINT('',(92.13046,64.71440,0.00000));
#3279 = VERTEX_POINT('',#3278);
#3280 = CARTESIAN_POINT('',(105.79616,62.79382,0.00000));
#3281 = VERTEX_POINT('',#3280);
#3282 = CARTESIAN_POINT('',(107.71674,76.45952,0.00000));
#3283 = VERTEX_POINT('',#3282);
#3284 = CARTESIAN_POINT('',(94.05104,78.38010,0.00000));
#3285 = VERTEX_POINT('',#3284);
#3286 = CARTESIAN_POINT('',(92.13046,64.71440,0.00000));
#3287 = DIRECTION('',(0.990268,-0.139173,0.000000));
#3288 = VECTOR('',#3287,13.80000);
#3289 = LINE('',#3286,#3288);
#3290 = EDGE_CURVE('',#3279,#3281,#3289,.T.);
#3291 = CARTESIAN_POINT('',(105.79616,62.79382,0.00000));
#3292 = DIRECTION('',(0.139173,0.990268,0.000000));
#3293 = VECTOR('',#3292,13.80000);
#3294 = LINE('',#3291,#3293);
#3295 = EDGE_CURVE('',#3281,#3283,#3294,.T.);
#3296 = CARTESIAN_POINT('',(107.71674,76.45952,0.00000));
#3297 = DIRECTION('',(-0.990268,0.139173,0.000000));
#3298 = VECTOR('',#3297,13.80000);
#3299 = LINE('',#3296,#3298);
#3300 = EDGE_CURVE('',#3283,#3285,#3299,.T.);
#3301 = CARTESIAN_POINT('',(94.05104,78.38010,0.00000));
#3302 = DIRECTION('',(-0.139173,-0.990268,0.000000));
#3303 = VECTOR('',#3302,13.80000);
#3304 = LINE('',#3301,#3303);
#3305 = EDGE_CURVE('',#3285,#3279,#3304,.T.);
#3306 = ORIENTED_EDGE('',*,*,#3290,.T.);
#3307 = ORIENTED_EDGE('',*,*,#3295,.T.);
#3308 = ORIENTED_EDGE('',*,*,#3300,.T.);
#3309 = ORIENTED_EDGE('',*,*,#3305,.T.);
#3310 = EDGE_LOOP('',(#3306,#3307,#3308,#3309));
#3311 = CARTESIAN_POINT('',(71.99634,62.07633,0.00000));
#3312 = VERTEX_POINT('',#3311);
#3313 = CARTESIAN_POINT('',(85.77743,61.35410,0.00000));
#3314 = VERTEX_POINT('',#3313);
#3315 = CARTESIAN_POINT('',(86.49966,75.13519,0.00000));
#3316 = VERTEX_POINT('',#3315);
#3317 = CARTESIAN_POINT('',(72.71857,75.85742,0.00000));
#3318 = VERTEX_POINT('',#3317);
#3319 = CARTESIAN_POINT('',(71.99634,62.07633,0.00000));
#3320 = DIRECTION('',(0.998630,-0.052336,0.000000));
#3321 = VECTOR('',#3320,13.80000);
#3322 = LINE('',#3319,#3321);
#3323 = EDGE_CURVE('',#3312,#3314,#3322,.T.);
#3324 = CARTESIAN_POINT('',(85.77743,61.35410,0.00000));
#3325 = DIRECTION('',(0.052336,0.998630,0.000000));
#3326 = VECTOR('',#3325,13.80000);
#3327 = LINE('',#3324,#3326);
#3328 = EDGE_CURVE('',#3314,#3316,#3327,.T.);
#3329 = CARTESIAN_POINT('',(86.49966,75.13519,0.00000));
#3330 = DIRECTION('',(-0.998630,0.052336,0.000000));
#3331 = VECTOR('',#3330,13.80000);
#3332 = LINE('',#3329,#3331);
#3333 = EDGE_CURVE('',#3316,#3318,#3332,.T.);
#3334 = CARTESIAN_POINT('',(72.71857,75.85742,0.00000));
#3335 = DIRECTION('',(-0.052336,-0.998630,0.000000));
#3336 = VECTOR('',#3335,13.80000);
#3337 = LINE('',#3334,#3336);
#3338 = EDGE_CURVE('',#3318,#3312,#3337,.T.);
#3339 = ORIENTED_EDGE('',*,*,#3323,.T.);
#3340 = ORIENTED_EDGE('',*,*,#3328,.T.);
#3341 = ORIENTED_EDGE('',*,*,#3333,.T.);
#3342 = ORIENTED_EDGE('',*,*,#3338,.T.);
#3343 = EDGE_LOOP('',(#3339,#3340,#3341,#3342));
#3344 = CARTESIAN_POINT('',(100.07210,43.30176,0.00000));
#3345 = VERTEX_POINT('',#3344);
#3346 = CARTESIAN_POINT('',(113.87210,43.30176,0.00000));
#3347 = VERTEX_POINT('',#3346);
#3348 = CARTESIAN_POINT('',(113.87210,57.10176,0.00000));
#3349 = VERTEX_POINT('',#3348);
#3350 = CARTESIAN_POINT('',(100.07210,57.10176,0.00000));
#3351 = VERTEX_POINT('',#3350);
#3352 = CARTESIAN_POINT('',(100.07210,43.30176,0.00000));
#3353 = DIRECTION('',(1.000000,0.000000,0.000000));
#3354 = VECTOR('',#3353,13.80000);
#3355 = LINE('',#3352,#3354);
#3356 = EDGE_CURVE('',#3345,#3347,#3355,.T.);
#3357 = CARTESIAN_POINT('',(113.87210,43.30176,0.00000));
#3358 = DIRECTION('',(0.000000,1.000000,0.000000));
#3359 = VECTOR('',#3358,13.80000);
#3360 = LINE('',#3357,#3359);
#3361 = EDGE_CURVE('',#3347,#3349,#3360,.T.);
#3362 = CARTESIAN_POINT('',(113.87210,57.10176,0.00000));
#3363 = DIRECTION('',(-1.000000,0.000000,0.000000));
#3364 = VECTOR('',#3363,13.80000);
#3365 = LINE('',#3362,#3364);
#3366 = EDGE_CURVE('',#3349,#3351,#3365,.T.);
#3367 = CARTESIAN_POINT('',(100.07210,57.10176,0.00000));
#3368 = DIRECTION('',(0.000000,-1.000000,0.000000));
#3369 = VECTOR('',#3368,13.80000);
#3370 = LINE('',#3367,#3369);
#3371 = EDGE_CURVE('',#3351,#3345,#3370,.T.);
#3372 = ORIENTED_EDGE('',*,*,#3356,.T.);
#3373 = ORIENTED_EDGE('',*,*,#3361,.T.);
#3374 = ORIENTED_EDGE('',*,*,#3366,.T.);
#3375 = ORIENTED_EDGE('',*,*,#3371,.T.);
#3376 = EDGE_LOOP('',(#3372,#3373,#3374,#3375));
#3377 = CARTESIAN_POINT('',(80.92050,41.56756,0.00000));
#3378 = VERTEX_POINT('',#3377);
#3379 = CARTESIAN_POINT('',(94.72050,41.56756,0.00000));
#3380 = VERTEX_POINT('',#3379);
#3381 = CARTESIAN_POINT('',(94.72050,55.36756,0.00000));
#3382 = VERTEX_POINT('',#3381);
#3383 = CARTESIAN_POINT('',(80.92050,55.36756,0.00000));
#3384 = VERTEX_POINT('',#3383);
#3385 = CARTESIAN_POINT('',(80.92050,41.56756,0.00000));
#3386 = DIRECTION('',(1.000000,0.000000,0.000000));
#3387 = VECTOR('',#3386,13.80000);
#3388 = LINE('',#3385,#3387);
#3389 = EDGE_CURVE('',#3378,#3380,#3388,.T.);
#3390 = CARTESIAN_POINT('',(94.72050,41.56756,0.00000));
#3391 = DIRECTION('',(0.000000,1.000000,0.000000));
#3392 = VECTOR('',#3391,13.80000);
#3393 = LINE('',#3390,#3392);
#3394 = EDGE_CURVE('',#3380,#3382,#3393,.T.);
#3395 = CARTESIAN_POINT('',(94.72050,55.36756,0.00000));
#3396 = DIRECTION('',(-1.000000,0.000000,0.000000));
#3397 = VECTOR('',#3396,13.80000);
#3398 = LINE('',#3395,#3397);
#3399 = EDGE_CURVE('',#3382,#3384,#3398,.T.);
#3400 = CARTESIAN_POINT('',(80.92050,55.36756,0.00000));
#3401 = DIRECTION('',(0.000000,-1.000000,0.000000));
#3402 = VECTOR('',#3401,13.80000);
#3403 = LINE('',#3400,#3402);
#3404 = EDGE_CURVE('',#3384,#3378,#3403,.T.);
#3405 = ORIENTED_EDGE('',*,*,#3389,.T.);
#3406 = ORIENTED_EDGE('',*,*,#3394,.T.);
#3407 = ORIENTED_EDGE('',*,*,#3399,.T.);
#3408 = ORIENTED_EDGE('',*,*,#3404,.T.);
#3409 = EDGE_LOOP('',(#3405,#3406,#3407,#3408));
#3410 = CARTESIAN_POINT('',(23.46570,45.32276,0.00000));
#3411 = VERTEX_POINT('',#3410);
#3412 = CARTESIAN_POINT('',(37.26570,45.32276,0.00000));
#3413 = VERTEX_POINT('',#3412);
#3414 = CARTESIAN_POINT('',(37.26570,59.12276,0.00000));
#3415 = VERTEX_POINT('',#3414);
#3416 = CARTESIAN_POINT('',(23.46570,59.12276,0.00000));
#3417 = VERTEX_POINT('',#3416);
#3418 = CARTESIAN_POINT('',(23.46570,45.32276,0.00000));
#3419 = DIRECTION('',(1.000000,0.000000,0.000000));
#3420 = VECTOR('',#3419,13.80000);
#3421 = LINE('',#3418,#3420);
#3422 = EDGE_CURVE('',#3411,#3413,#3421,.T.);
#3423 = CARTESIAN_POINT('',(37.26570,45.32276,0.00000));
#3424 = DIRECTION('',(0.000000,1.000000,0.000000));
#3425 = VECTOR('',#3424,13.80000);
#3426 = LINE('',#3423,#3425);
#3427 = EDGE_CURVE('',#3413,#3415,#3426,.T.);
#3428 = CARTESIAN_POINT('',(37.26570,59.12276,0.00000));
#3429 = DIRECTION('',(-1.000000,0.000000,0.000000));
#3430 = VECTOR('',#3429,13.80000);
#3431 = LINE('',#3428,#3430);
#3432 = EDGE_CURVE('',#3415,#3417,#3431,.T.);
#3433 = CARTESIAN_POINT('',(23.46570,59.12276,0.00000));
#3434 = DIRECTION('',(0.000000,-1.000000,0.000000));
#3435 = VECTOR('',#3434,13.80000);
#3436 = LINE('',#3433,#3435);
#3437 = EDGE_CURVE('',#3417,#3411,#3436,.T.);
#3438 = ORIENTED_EDGE('',*,*,#3422,.T.);
#3439 = ORIENTED_EDGE('',*,*,#3427,.T.);
#3440 = ORIENTED_EDGE('',*,*,#3432,.T.);
#3441 = ORIENTED_EDGE('',*,*,#3437,.T.);
#3442 = EDGE_LOOP('',(#3438,#3439,#3440,#3441));
#3443 = CARTESIAN_POINT('',(4.21620,27.66516,0.00000));
#3444 = VERTEX_POINT('',#3443);
#3445 = CARTESIAN_POINT('',(18.01620,27.66516,0.00000));
#3446 = VERTEX_POINT('',#3445);
#3447 = CARTESIAN_POINT('',(18.01620,41.46516,0.00000));
#3448 = VERTEX_POINT('',#3447);
#3449 = CARTESIAN_POINT('',(4.21620,41.46516,0.00000));
#3450 = VERTEX_POINT('',#3449);
#3451 = CARTESIAN_POINT('',(4.21620,27.66516,0.00000));
#3452 = DIRECTION('',(1.000000,0.000000,0.000000));
#3453 = VECTOR('',#3452,13.80000);
#3454 = LINE('',#3451,#3453);
#3455 = EDGE_CURVE('',#3444,#3446,#3454,.T.);
#3456 = CARTESIAN_POINT('',(18.01620,27.66516,0.00000));
#3457 = DIRECTION('',(0.000000,1.000000,0.000000));
#3458 = VECTOR('',#3457,13.80000);
#3459 = LINE('',#3456,#3458);
#3460 = EDGE_CURVE('',#3446,#3448,#3459,.T.);
#3461 = CARTESIAN_POINT('',(18.01620,41.46516,0.00000));
#3462 = DIRECTION('',(-1.000000,0.000000,0.000000));
#3463 = VECTOR('',#3462,13.80000);
#3464 = LINE('',#3461,#3463);
#3465 = EDGE_CURVE('',#3448,#3450,#3464,.T.);
#3466 = CARTESIAN_POINT('',(4.21620,41.46516,0.00000));
#3467 = DIRECTION('',(0.000000,-1.000000,0.000000));
#3468 = VECTOR('',#3467,13.80000);
#3469 = LINE('',#3466,#3468);
#3470 = EDGE_CURVE('',#3450,#3444,#3469,.T.);
#3471 = ORIENTED_EDGE('',*,*,#3455,.T.);
#3472 = ORIENTED_EDGE('',*,*,#3460,.T.);
#3473 = ORIENTED_EDGE('',*,*,#3465,.T.);
#3474 = ORIENTED_EDGE('',*,*,#3470,.T.);
#3475 = EDGE_LOOP('',(#3471,#3472,#3473,#3474));
#3476 = CARTESIAN_POINT('',(42.56650,41.43656,0.00000));
#3477 = VERTEX_POINT('',#3476);
#3478 = CARTESIAN_POINT('',(56.36650,41.43656,0.00000));
#3479 = VERTEX_POINT('',#3478);
#3480 = CARTESIAN_POINT('',(56.36650,55.23656,0.00000));
#3481 = VERTEX_POINT('',#3480);
#3482 = CARTESIAN_POINT('',(42.56650,55.23656,0.00000));
#3483 = VERTEX_POINT('',#3482);
#3484 = CARTESIAN_POINT('',(42.56650,41.43656,0.00000));
#3485 = DIRECTION('',(1.000000,0.000000,0.000000));
#3486 = VECTOR('',#3485,13.80000);
#3487 = LINE('',#3484,#3486);
#3488 = EDGE_CURVE('',#3477,#3479,#3487,.T.);
#3489 = CARTESIAN_POINT('',(56.36650,41.43656,0.00000));
#3490 = DIRECTION('',(0.000000,1.000000,0.000000));
#3491 = VECTOR('',#3490,13.80000);
#3492 = LINE('',#3489,#3491);
#3493 = EDGE_CURVE('',#3479,#3481,#3492,.T.);
#3494 = CARTESIAN_POINT('',(56.36650,55.23656,0.00000));
#3495 = DIRECTION('',(-1.000000,0.000000,0.000000));
#3496 = VECTOR('',#3495,13.80000);
#3497 = LINE('',#3494,#3496);
#3498 = EDGE_CURVE('',#3481,#3483,#3497,.T.);
#3499 = CARTESIAN_POINT('',(42.56650,55.23656,0.00000));
#3500 = DIRECTION('',(0.000000,-1.000000,0.000000));
#3501 = VECTOR('',#3500,13.80000);
#3502 = LINE('',#3499,#3501);
#3503 = EDGE_CURVE('',#3483,#3477,#3502,.T.);
#3504 = ORIENTED_EDGE('',*,*,#3488,.T.);
#3505 = ORIENTED_EDGE('',*,*,#3493,.T.);
#3506 = ORIENTED_EDGE('',*,*,#3498,.T.);
#3507 = ORIENTED_EDGE('',*,*,#3503,.T.);
#3508 = EDGE_LOOP('',(#3504,#3505,#3506,#3507));
#3509 = CARTESIAN_POINT('',(114.12002,75.60518,0.00000));
#3510 = VERTEX_POINT('',#3509);
#3511 = CARTESIAN_POINT('',(126.07118,68.70518,0.00000));
#3512 = VERTEX_POINT('',#3511);
#3513 = CARTESIAN_POINT('',(132.97118,80.65634,0.00000));
#3514 = VERTEX_POINT('',#3513);
#3515 = CARTESIAN_POINT('',(121.02002,87.55634,0.00000));
#3516 = VERTEX_POINT('',#3515);
#3517 = CARTESIAN_POINT('',(114.12002,75.60518,0.00000));
#3518 = DIRECTION('',(0.866025,-0.500000,0.000000));
#3519 = VECTOR('',#3518,13.80000);
#3520 = LINE('',#3517,#3519);
#3521 = EDGE_CURVE('',#3510,#3512,#3520,.T.);
#3522 = CARTESIAN_POINT('',(126.07118,68.70518,0.00000));
#3523 = DIRECTION('',(0.500000,0.866025,0.000000));
#3524 = VECTOR('',#3523,13.80000);
#3525 = LINE('',#3522,#3524);
#3526 = EDGE_CURVE('',#3512,#3514,#3525,.T.);
#3527 = CARTESIAN_POINT('',(132.97118,80.65634,0.00000));
#3528 = DIRECTION('',(-0.866025,0.500000,0.000000));
#3529 = VECTOR('',#3528,13.80000);
#3530 = LINE('',#3527,#3529);
#3531 = EDGE_CURVE('',#3514,#3516,#3530,.T.);
#3532 = CARTESIAN_POINT('',(121.02002,87.55634,0.00000));
#3533 = DIRECTION('',(-0.500000,-0.866025,0.000000));
#3534 = VECTOR('',#3533,13.80000);
#3535 = LINE('',#3532,#3534);
#3536 = EDGE_CURVE('',#3516,#3510,#3535,.T.);
#3537 = ORIENTED_EDGE('',*,*,#3521,.T.);
#3538 = ORIENTED_EDGE('',*,*,#3526,.T.);
#3539 = ORIENTED_EDGE('',*,*,#3531,.T.);
#3540 = ORIENTED_EDGE('',*,*,#3536,.T.);
#3541 = EDGE_LOOP('',(#3537,#3538,#3539,#3540));
#3542 = CARTESIAN_POINT('',(61.81350,38.60916,0.00000));
#3543 = VERTEX_POINT('',#3542);
#3544 = CARTESIAN_POINT('',(75.61350,38.60916,0.00000));
#3545 = VERTEX_POINT('',#3544);
#3546 = CARTESIAN_POINT('',(75.61350,52.40916,0.00000));
#3547 = VERTEX_POINT('',#3546);
#3548 = CARTESIAN_POINT('',(61.81350,52.40916,0.00000));
#3549 = VERTEX_POINT('',#3548);
#3550 = CARTESIAN_POINT('',(61.81350,38.60916,0.00000));
#3551 = DIRECTION('',(1.000000,0.000000,0.000000));
#3552 = VECTOR('',#3551,13.80000);
#3553 = LINE('',#3550,#3552);
#3554 = EDGE_CURVE('',#3543,#3545,#3553,.T.);
#3555 = CARTESIAN_POINT('',(75.61350,38.60916,0.00000));
#3556 = DIRECTION('',(0.000000,1.000000,0.000000));
#3557 = VECTOR('',#3556,13.80000);
#3558 = LINE('',#3555,#3557);
#3559 = EDGE_CURVE('',#3545,#3547,#3558,.T.);
#3560 = CARTESIAN_POINT('',(75.61350,52.40916,0.00000));
#3561 = DIRECTION('',(-1.000000,0.000000,0.000000));
#3562 = VECTOR('',#3561,13.80000);
#3563 = LINE('',#3560,#3562);
#3564 = EDGE_CURVE('',#3547,#3549,#3563,.T.);
#3565 = CARTESIAN_POINT('',(61.81350,52.40916,0.00000));
#3566 = DIRECTION('',(0.000000,-1.000000,0.000000));
#3567 = VECTOR('',#3566,13.80000);
#3568 = LINE('',#3565,#3567);
#3569 = EDGE_CURVE('',#3549,#3543,#3568,.T.);
#3570 = ORIENTED_EDGE('',*,*,#3554,.T.);
#3571 = ORIENTED_EDGE('',*,*,#3559,.T.);
#3572 = ORIENTED_EDGE('',*,*,#3564,.T.);
#3573 = ORIENTED_EDGE('',*,*,#3569,.T.);
#3574 = EDGE_LOOP('',(#3570,#3571,#3572,#3573));
#3575 = CARTESIAN_POINT('',(80.92050,23.97256,0.00000));
#3576 = VERTEX_POINT('',#3575);
#3577 = CARTESIAN_POINT('',(94.72050,23.97256,0.00000));
#3578 = VERTEX_POINT('',#3577);
#3579 = CARTESIAN_POINT('',(94.72050,37.77256,0.00000));
#3580 = VERTEX_POINT('',#3579);
#3581 = CARTESIAN_POINT('',(80.92050,37.77256,0.00000));
#3582 = VERTEX_POINT('',#3581);
#3583 = CARTESIAN_POINT('',(80.92050,23.97256,0.00000));
#3584 = DIRECTION('',(1.000000,0.000000,0.000000));
#3585 = VECTOR('',#3584,13.80000);
#3586 = LINE('',#3583,#3585);
#3587 = EDGE_CURVE('',#3576,#3578,#3586,.T.);
#3588 = CARTESIAN_POINT('',(94.72050,23.97256,0.00000));
#3589 = DIRECTION('',(0.000000,1.000000,0.000000));
#3590 = VECTOR('',#3589,13.80000);
#3591 = LINE('',#3588,#3590);
#3592 = EDGE_CURVE('',#3578,#3580,#3591,.T.);
#3593 = CARTESIAN_POINT('',(94.72050,37.77256,0.00000));
#3594 = DIRECTION('',(-1.000000,0.000000,0.000000));
#3595 = VECTOR('',#3594,13.80000);
#3596 = LINE('',#3593,#3595);
#3597 = EDGE_CURVE('',#3580,#3582,#3596,.T.);
#3598 = CARTESIAN_POINT('',(80.92050,37.77256,0.00000));
#3599 = DIRECTION('',(0.000000,-1.000000,0.000000));
#3600 = VECTOR('',#3599,13.80000);
#3601 = LINE('',#3598,#3600);
#3602 = EDGE_CURVE('',#3582,#3576,#3601,.T.);
#3603 = ORIENTED_EDGE('',*,*,#3587,.T.);
#3604 = ORIENTED_EDGE('',*,*,#3592,.T.);
#3605 = ORIENTED_EDGE('',*,*,#3597,.T.);
#3606 = ORIENTED_EDGE('',*,*,#3602,.T.);
#3607 = EDGE_LOOP('',(#3603,#3604,#3605,#3606));
#3608 = CARTESIAN_POINT('',(80.92050,6.37756,0.00000));
#3609 = VERTEX_POINT('',#3608);
#3610 = CARTESIAN_POINT('',(94.72050,6.37756,0.00000));
#3611 = VERTEX_POINT('',#3610);
#3612 = CARTESIAN_POINT('',(94.72050,20.17756,0.00000));
#3613 = VERTEX_POINT('',#3612);
#3614 = CARTESIAN_POINT('',(80.92050,20.17756,0.00000));
#3615 = VERTEX_POINT('',#3614);
#3616 = CARTESIAN_POINT('',(80.92050,6.37756,0.00000));
#3617 = DIRECTION('',(1.000000,0.000000,0.000000));
#3618 = VECTOR('',#3617,13.80000);
#3619 = LINE('',#3616,#3618);
#3620 = EDGE_CURVE('',#3609,#3611,#3619,.T.);
#3621 = CARTESIAN_POINT('',(94.72050,6.37756,0.00000));
#3622 = DIRECTION('',(0.000000,1.000000,0.000000));
#3623 = VECTOR('',#3622,13.80000);
#3624 = LINE('',#3621,#3623);
#3625 = EDGE_CURVE('',#3611,#3613,#3624,.T.);
#3626 = CARTESIAN_POINT('',(94.72050,20.17756,0.00000));
#3627 = DIRECTION('',(-1.000000,0.000000,0.000000));
#3628 = VECTOR('',#3627,13.80000);
#3629 = LINE('',#3626,#3628);
#3630 = EDGE_CURVE('',#3613,#3615,#3629,.T.);
#3631 = CARTESIAN_POINT('',(80.92050,20.17756,0.00000));
#3632 = DIRECTION('',(0.000000,-1.000000,0.000000));
#3633 = VECTOR('',#3632,13.80000);
#3634 = LINE('',#3631,#3633);
#3635 = EDGE_CURVE('',#3615,#3609,#3634,.T.);
#3636 = ORIENTED_EDGE('',*,*,#3620,.T.);
#3637 = ORIENTED_EDGE('',*,*,#3625,.T.);
#3638 = ORIENTED_EDGE('',*,*,#3630,.T.);
#3639 = ORIENTED_EDGE('',*,*,#3635,.T.);
#3640 = EDGE_LOOP('',(#3636,#3637,#3638,#3639));
#3641 = CARTESIAN_POINT('',(42.56650,6.24656,0.00000));
#3642 = VERTEX_POINT('',#3641);
#3643 = CARTESIAN_POINT('',(56.36650,6.24656,0.00000));
#3644 = VERTEX_POINT('',#3643);
#3645 = CARTESIAN_POINT('',(56.36650,20.04656,0.00000));
#3646 = VERTEX_POINT('',#3645);
#3647 = CARTESIAN_POINT('',(42.56650,20.04656,0.00000));
#3648 = VERTEX_POINT('',#3647);
#3649 = CARTESIAN_POINT('',(42.56650,6.24656,0.00000));
#3650 = DIRECTION('',(1.000000,0.000000,0.000000));
#3651 = VECTOR('',#3650,13.80000);
#3652 = LINE('',#3649,#3651);
#3653 = EDGE_CURVE('',#3642,#3644,#3652,.T.);
#3654 = CARTESIAN_POINT('',(56.36650,6.24656,0.00000));
#3655 = DIRECTION('',(0.000000,1.000000,0.000000));
#3656 = VECTOR('',#3655,13.80000);
#3657 = LINE('',#3654,#3656);
#3658 = EDGE_CURVE('',#3644,#3646,#3657,.T.);
#3659 = CARTESIAN_POINT('',(56.36650,20.04656,0.00000));
#3660 = DIRECTION('',(-1.000000,0.000000,0.000000));
#3661 = VECTOR('',#3660,13.80000);
#3662 = LINE('',#3659,#3661);
#3663 = EDGE_CURVE('',#3646,#3648,#3662,.T.);
#3664 = CARTESIAN_POINT('',(42.56650,20.04656,0.00000));
#3665 = DIRECTION('',(0.000000,-1.000000,0.000000));
#3666 = VECTOR('',#3665,13.80000);
#3667 = LINE('',#3664,#3666);
#3668 = EDGE_CURVE('',#3648,#3642,#3667,.T.);
#3669 = ORIENTED_EDGE('',*,*,#3653,.T.);
#3670 = ORIENTED_EDGE('',*,*,#3658,.T.);
#3671 = ORIENTED_EDGE('',*,*,#3663,.T.);
#3672 = ORIENTED_EDGE('',*,*,#3668,.T.);
#3673 = EDGE_LOOP('',(#3669,#3670,#3671,#3672));
#3674 = CARTESIAN_POINT('',(100.07210,8.11176,0.00000));
#3675 = VERTEX_POINT('',#3674);
#3676 = CARTESIAN_POINT('',(113.87210,8.11176,0.00000));
#3677 = VERTEX_POINT('',#3676);
#3678 = CARTESIAN_POINT('',(113.87210,21.91176,0.00000));
#3679 = VERTEX_POINT('',#3678);
#3680 = CARTESIAN_POINT('',(100.07210,21.91176,0.00000));
#3681 = VERTEX_POINT('',#3680);
#3682 = CARTESIAN_POINT('',(100.07210,8.11176,0.00000));
#3683 = DIRECTION('',(1.000000,0.000000,0.000000));
#3684 = VECTOR('',#3683,13.80000);
#3685 = LINE('',#3682,#3684);
#3686 = EDGE_CURVE('',#3675,#3677,#3685,.T.);
#3687 = CARTESIAN_POINT('',(113.87210,8.11176,0.00000));
#3688 = DIRECTION('',(0.000000,1.000000,0.000000));
#3689 = VECTOR('',#3688,13.80000);
#3690 = LINE('',#3687,#3689);
#3691 = EDGE_CURVE('',#3677,#3679,#3690,.T.);
#3692 = CARTESIAN_POINT('',(113.87210,21.91176,0.00000));
#3693 = DIRECTION('',(-1.000000,0.000000,0.000000));
#3694 = VECTOR('',#3693,13.80000);
#3695 = LINE('',#3692,#3694);
#3696 = EDGE_CURVE('',#3679,#3681,#3695,.T.);
#3697 = CARTESIAN_POINT('',(100.07210,21.91176,0.00000));
#3698 = DIRECTION('',(0.000000,-1.000000,0.000000));
#3699 = VECTOR('',#3698,13.80000);
#3700 = LINE('',#3697,#3699);
#3701 = EDGE_CURVE('',#3681,#3675,#3700,.T.);
#3702 = ORIENTED_EDGE('',*,*,#3686,.T.);
#3703 = ORIENTED_EDGE('',*,*,#3691,.T.);
#3704 = ORIENTED_EDGE('',*,*,#3696,.T.);
#3705 = ORIENTED_EDGE('',*,*,#3701,.T.);
#3706 = EDGE_LOOP('',(#3702,#3703,#3704,#3705));
#3707 = CARTESIAN_POINT('',(23.46570,27.72776,0.00000));
#3708 = VERTEX_POINT('',#3707);
#3709 = CARTESIAN_POINT('',(37.26570,27.72776,0.00000));
#3710 = VERTEX_POINT('',#3709);
#3711 = CARTESIAN_POINT('',(37.26570,41.52776,0.00000));
#3712 = VERTEX_POINT('',#3711);
#3713 = CARTESIAN_POINT('',(23.46570,41.52776,0.00000));
#3714 = VERTEX_POINT('',#3713);
#3715 = CARTESIAN_POINT('',(23.46570,27.72776,0.00000));
#3716 = DIRECTION('',(1.000000,0.000000,0.000000));
#3717 = VECTOR('',#3716,13.80000);
#3718 = LINE('',#3715,#3717);
#3719 = EDGE_CURVE('',#3708,#3710,#3718,.T.);
#3720 = CARTESIAN_POINT('',(37.26570,27.72776,0.00000));
#3721 = DIRECTION('',(0.000000,1.000000,0.000000));
#3722 = VECTOR('',#3721,13.80000);
#3723 = LINE('',#3720,#3722);
#3724 = EDGE_CURVE('',#3710,#3712,#3723,.T.);
#3725 = CARTESIAN_POINT('',(37.26570,41.52776,0.00000));
#3726 = DIRECTION('',(-1.000000,0.000000,0.000000));
#3727 = VECTOR('',#3726,13.80000);
#3728 = LINE('',#3725,#3727);
#3729 = EDGE_CURVE('',#3712,#3714,#3728,.T.);
#3730 = CARTESIAN_POINT('',(23.46570,41.52776,0.00000));
#3731 = DIRECTION('',(0.000000,-1.000000,0.000000));
#3732 = VECTOR('',#3731,13.80000);
#3733 = LINE('',#3730,#3732);
#3734 = EDGE_CURVE('',#3714,#3708,#3733,.T.);
#3735 = ORIENTED_EDGE('',*,*,#3719,.T.);
#3736 = ORIENTED_EDGE('',*,*,#3724,.T.);
#3737 = ORIENTED_EDGE('',*,*,#3729,.T.);
#3738 = ORIENTED_EDGE('',*,*,#3734,.T.);
#3739 = EDGE_LOOP('',(#3735,#3736,#3737,#3738));
#3740 = CARTESIAN_POINT('',(61.81350,3.41916,0.00000));
#3741 = VERTEX_POINT('',#3740);
#3742 = CARTESIAN_POINT('',(75.61350,3.41916,0.00000));
#3743 = VERTEX_POINT('',#3742);
#3744 = CARTESIAN_POINT('',(75.61350,17.21916,0.00000));
#3745 = VERTEX_POINT('',#3744);
#3746 = CARTESIAN_POINT('',(61.81350,17.21916,0.00000));
#3747 = VERTEX_POINT('',#3746);
#3748 = CARTESIAN_POINT('',(61.81350,3.41916,0.00000));
#3749 = DIRECTION('',(1.000000,0.000000,0.000000));
#3750 = VECTOR('',#3749,13.80000);
#3751 = LINE('',#3748,#3750);
#3752 = EDGE_CURVE('',#3741,#3743,#3751,.T.);
#3753 = CARTESIAN_POINT('',(75.61350,3.41916,0.00000));
#3754 = DIRECTION('',(0.000000,1.000000,0.000000));
#3755 = VECTOR('',#3754,13.80000);
#3756 = LINE('',#3753,#3755);
#3757 = EDGE_CURVE('',#3743,#3745,#3756,.T.);
#3758 = CARTESIAN_POINT('',(75.61350,17.21916,0.00000));
#3759 = DIRECTION('',(-1.000000,0.000000,0.000000));
#3760 = VECTOR('',#3759,13.80000);
#3761 = LINE('',#3758,#3760);
#3762 = EDGE_CURVE('',#3745,#3747,#3761,.T.);
#3763 = CARTESIAN_POINT('',(61.81350,17.21916,0.00000));
#3764 = DIRECTION('',(0.000000,-1.000000,0.000000));
#3765 = VECTOR('',#3764,13.80000);
#3766 = LINE('',#3763,#3765);
#3767 = EDGE_CURVE('',#3747,#3741,#3766,.T.);
#3768 = ORIENTED_EDGE('',*,*,#3752,.T.);
#3769 = ORIENTED_EDGE('',*,*,#3757,.T.);
#3770 = ORIENTED_EDGE('',*,*,#3762,.T.);
#3771 = ORIENTED_EDGE('',*,*,#3767,.T.);
#3772 = EDGE_LOOP('',(#3768,#3769,#3770,#3771));
#3773 = CARTESIAN_POINT('',(23.46570,10.13276,0.00000));
#3774 = VERTEX_POINT('',#3773);
#3775 = CARTESIAN_POINT('',(37.26570,10.13276,0.00000));
#3776 = VERTEX_POINT('',#3775);
#3777 = CARTESIAN_POINT('',(37.26570,23.93276,0.00000));
#3778 = VERTEX_POINT('',#3777);
#3779 = CARTESIAN_POINT('',(23.46570,23.93276,0.00000));
#3780 = VERTEX_POINT('',#3779);
#3781 = CARTESIAN_POINT('',(23.46570,10.13276,0.00000));
#3782 = DIRECTION('',(1.000000,0.000000,0.000000));
#3783 = VECTOR('',#3782,13.80000);
#3784 = LINE('',#3781,#3783);
#3785 = EDGE_CURVE('',#3774,#3776,#3784,.T.);
#3786 = CARTESIAN_POINT('',(37.26570,10.13276,0.00000));
#3787 = DIRECTION('',(0.000000,1.000000,0.000000));
#3788 = VECTOR('',#3787,13.80000);
#3789 = LINE('',#3786,#3788);
#3790 = EDGE_CURVE('',#3776,#3778,#3789,.T.);
#3791 = CARTESIAN_POINT('',(37.26570,23.93276,0.00000));
#3792 = DIRECTION('',(-1.000000,0.000000,0.000000));
#3793 = VECTOR('',#3792,13.80000);
#3794 = LINE('',#3791,#3793);
#3795 = EDGE_CURVE('',#3778,#3780,#3794,.T.);
#3796 = CARTESIAN_POINT('',(23.46570,23.93276,0.00000));
#3797 = DIRECTION('',(0.000000,-1.000000,0.000000));
#3798 = VECTOR('',#3797,13.80000);
#3799 = LINE('',#3796,#3798);
#3800 = EDGE_CURVE('',#3780,#3774,#3799,.T.);
#3801 = ORIENTED_EDGE('',*,*,#3785,.T.);
#3802 = ORIENTED_EDGE('',*,*,#3790,.T.);
#3803 = ORIENTED_EDGE('',*,*,#3795,.T.);
#3804 = ORIENTED_EDGE('',*,*,#3800,.T.);
#3805 = EDGE_LOOP('',(#3801,#3802,#3803,#3804));
#3806 = CARTESIAN_POINT('',(100.07210,25.70676,0.00000));
#3807 = VERTEX_POINT('',#3806);
#3808 = CARTESIAN_POINT('',(113.87210,25.70676,0.00000));
#3809 = VERTEX_POINT('',#3808);
#3810 = CARTESIAN_POINT('',(113.87210,39.50676,0.00000));
#3811 = VERTEX_POINT('',#3810);
#3812 = CARTESIAN_POINT('',(100.07210,39.50676,0.00000));
#3813 = VERTEX_POINT('',#3812);
#3814 = CARTESIAN_POINT('',(100.07210,25.70676,0.00000));
#3815 = DIRECTION('',(1.000000,0.000000,0.000000));
#3816 = VECTOR('',#3815,13.80000);
#3817 = LINE('',#3814,#3816);
#3818 = EDGE_CURVE('',#3807,#3809,#3817,.T.);
#3819 = CARTESIAN_POINT('',(113.87210,25.70676,0.00000));
#3820 = DIRECTION('',(0.000000,1.000000,0.000000));
#3821 = VECTOR('',#3820,13.80000);
#3822 = LINE('',#3819,#3821);
#3823 = EDGE_CURVE('',#3809,#3811,#3822,.T.);
#3824 = CARTESIAN_POINT('',(113.87210,39.50676,0.00000));
#3825 = DIRECTION('',(-1.000000,0.000000,0.000000));
#3826 = VECTOR('',#3825,13.80000);
#3827 = LINE('',#3824,#3826);
#3828 = EDGE_CURVE('',#3811,#3813,#3827,.T.);
#3829 = CARTESIAN_POINT('',(100.07210,39.50676,0.00000));
#3830 = DIRECTION('',(0.000000,-1.000000,0.000000));
#3831 = VECTOR('',#3830,13.80000);
#3832 = LINE('',#3829,#3831);
#3833 = EDGE_CURVE('',#3813,#3807,#3832,.T.);
#3834 = ORIENTED_EDGE('',*,*,#3818,.T.);
#3835 = ORIENTED_EDGE('',*,*,#3823,.T.);
#3836 = ORIENTED_EDGE('',*,*,#3828,.T.);
#3837 = ORIENTED_EDGE('',*,*,#3833,.T.);
#3838 = EDGE_LOOP('',(#3834,#3835,#3836,#3837));
#3839 = CARTESIAN_POINT('',(4.21620,10.07016,0.00000));
#3840 = VERTEX_POINT('',#3839);
#3841 = CARTESIAN_POINT('',(18.01620,10.07016,0.00000));
#3842 = VERTEX_POINT('',#3841);
#3843 = CARTESIAN_POINT('',(18.01620,23.87016,0.00000));
#3844 = VERTEX_POINT('',#3843);
#3845 = CARTESIAN_POINT('',(4.21620,23.87016,0.00000));
#3846 = VERTEX_POINT('',#3845);
#3847 = CARTESIAN_POINT('',(4.21620,10.07016,0.00000));
#3848 = DIRECTION('',(1.000000,0.000000,0.000000));
#3849 = VECTOR('',#3848,13.80000);
#3850 = LINE('',#3847,#3849);
#3851 = EDGE_CURVE('',#3840,#3842,#3850,.T.);
#3852 = CARTESIAN_POINT('',(18.01620,10.07016,0.00000));
#3853 = DIRECTION('',(0.000000,1.000000,0.000000));
#3854 = VECTOR('',#3853,13.80000);
#3855 = LINE('',#3852,#3854);
#3856 = EDGE_CURVE('',#3842,#3844,#3855,.T.);
#3857 = CARTESIAN_POINT('',(18.01620,23.87016,0.00000));
#3858 = DIRECTION('',(-1.000000,0.000000,0.000000));
#3859 = VECTOR('',#3858,13.80000);
#3860 = LINE('',#3857,#3859);
#3861 = EDGE_CURVE('',#3844,#3846,#3860,.T.);
#3862 = CARTESIAN_POINT('',(4.21620,23.87016,0.00000));
#3863 = DIRECTION('',(0.000000,-1.000000,0.000000));
#3864 = VECTOR('',#3863,13.80000);
#3865 = LINE('',#3862,#3864);
#3866 = EDGE_CURVE('',#3846,#3840,#3865,.T.);
#3867 = ORIENTED_EDGE('',*,*,#3851,.T.);
#3868 = ORIENTED_EDGE('',*,*,#3856,.T.);
#3869 = ORIENTED_EDGE('',*,*,#3861,.T.);
#3870 = ORIENTED_EDGE('',*,*,#3866,.T.);
#3871 = EDGE_LOOP('',(#3867,#3868,#3869,#3870));
#3872 = CARTESIAN_POINT('',(113.55070,65.76096,0.00000));
#3873 = DIRECTION('',(0.000000,0.000000,1.000000));
#3874 = DIRECTION('',(1.000000,0.000000,0.000000));
#3875 = AXIS2_PLACEMENT_3D('',#3872,#3873,#3874);
#3876 = CIRCLE('',#3875,1.60000);
#3877 = CARTESIAN_POINT('',(115.15070,65.76096,0.00000));
#3878 = VERTEX_POINT('',#3877);
#3879 = EDGE_CURVE('',#3878,#3878,#3876,.T.);
#3880 = ORIENTED_EDGE('',*,*,#3879,.T.);
#3881 = EDGE_LOOP('',(#3880));
#3882 = CARTESIAN_POINT('',(64.47790,66.70076,0.00000));
#3883 = DIRECTION('',(0.000000,0.000000,1.000000));
#3884 = DIRECTION('',(1.000000,0.000000,0.000000));
#3885 = AXIS2_PLACEMENT_3D('',#3882,#3883,#3884);
#3886 = CIRCLE('',#3885,1.60000);
#3887 = CARTESIAN_POINT('',(66.07790,66.70076,0.00000));
#3888 = VERTEX_POINT('',#3887);
#3889 = EDGE_CURVE('',#3888,#3888,#3886,.T.);
#3890 = ORIENTED_EDGE('',*,*,#3889,.T.);
#3891 = EDGE_LOOP('',(#3890));
#3892 = CARTESIAN_POINT('',(120.19280,35.50956,0.00000));
#3893 = DIRECTION('',(0.000000,0.000000,1.000000));
#3894 = DIRECTION('',(1.000000,0.000000,0.000000));
#3895 = AXIS2_PLACEMENT_3D('',#3892,#3893,#3894);
#3896 = CIRCLE('',#3895,1.60000);
#3897 = CARTESIAN_POINT('',(121.79280,35.50956,0.00000));
#3898 = VERTEX_POINT('',#3897);
#3899 = EDGE_CURVE('',#3898,#3898,#3896,.T.);
#3900 = ORIENTED_EDGE('',*,*,#3899,.T.);
#3901 = EDGE_LOOP('',(#3900));
#3902 = CARTESIAN_POINT('',(20.67560,43.35816,0.00000));
#3903 = DIRECTION('',(0.000000,0.000000,1.000000));
#3904 = DIRECTION('',(1.000000,0.000000,0.000000));
#3905 = AXIS2_PLACEMENT_3D('',#3902,#3903,#3904);
#3906 = CIRCLE('',#3905,1.60000);
#3907 = CARTESIAN_POINT('',(22.27560,43.35816,0.00000));
#3908 = VERTEX_POINT('',#3907);
#3909 = EDGE_CURVE('',#3908,#3908,#3906,.T.);
#3910 = ORIENTED_EDGE('',*,*,#3909,.T.);
#3911 = EDGE_LOOP('',(#3910));
#3912 = CARTESIAN_POINT('',(20.98040,25.73056,0.00000));
#3913 = DIRECTION('',(0.000000,0.000000,1.000000));
#3914 = DIRECTION('',(1.000000,0.000000,0.000000));
#3915 = AXIS2_PLACEMENT_3D('',#3912,#3913,#3914);
#3916 = CIRCLE('',#3915,1.60000);
#3917 = CARTESIAN_POINT('',(22.58040,25.73056,0.00000));
#3918 = VERTEX_POINT('',#3917);
#3919 = EDGE_CURVE('',#3918,#3918,#3916,.T.);
#3920 = ORIENTED_EDGE('',*,*,#3919,.T.);
#3921 = EDGE_LOOP('',(#3920));
#3922 = FACE_OUTER_BOUND('',#3178,.T.);
#3923 = FACE_BOUND('',#3211,.T.);
#3924 = FACE_BOUND('',#3244,.T.);
#3925 = FACE_BOUND('',#3277,.T.);
#3926 = FACE_BOUND('',#3310,.T.);
#3927 = FACE_BOUND('',#3343,.T.);
#3928 = FACE_BOUND('',#3376,.T.);
#3929 = FACE_BOUND('',#3409,.T.);
#3930 = FACE_BOUND('',#3442,.T.);
#3931 = FACE_BOUND('',#3475,.T.);
#3932 = FACE_BOUND('',#3508,.T.);
#3933 = FACE_BOUND('',#3541,.T.);
#3934 = FACE_BOUND('',#3574,.T.);
#3935 = FACE_BOUND('',#3607,.T.);
#3936 = FACE_BOUND('',#3640,.T.);
#3937 = FACE_BOUND('',#3673,.T.);
#3938 = FACE_BOUND('',#3706,.T.);
#3939 = FACE_BOUND('',#3739,.T.);
#3940 = FACE_BOUND('',#3772,.T.);
#3941 = FACE_BOUND('',#3805,.T.);
#3942 = FACE_BOUND('',#3838,.T.);
#3943 = FACE_BOUND('',#3871,.T.);
#3944 = FACE_BOUND('',#3881,.T.);
#3945 = FACE_BOUND('',#3891,.T.);
#3946 = FACE_BOUND('',#3901,.T.);
#3947 = FACE_BOUND('',#3911,.T.);
#3948 = FACE_BOUND('',#3921,.T.);
#3949 = CARTESIAN_POINT('',(0.00000,0.00000,0.00000));
#3950 = DIRECTION('',(0.000000,0.000000,-1.000000));
#3951 = DIRECTION('',(1.000000,0.000000,0.000000));
#3952 = AXIS2_PLACEMENT_3D('',#3949,#3950,#3951);
#3953 = PLANE('',#3952);
#3954 = ADVANCED_FACE('',(#3922,#3923,#3924,#3925,#3926,#3927,#3928,#3929,#3930,#3931,#3932,#3933,#3934,#3935,#3936,#3937,#3938,#3939,#3940,#3941,#3942,#3943,#3944,#3945,#3946,#3947,#3948),#3953,.T.);
#3955 = CARTESIAN_POINT('',(140.27804,60.05212,0.00000));
#3956 = VERTEX_POINT('',#3955);
#3957 = CARTESIAN_POINT('',(140.36040,72.00936,0.00000));
#3958 = VERTEX_POINT('',#3957);
#3959 = CARTESIAN_POINT('',(140.36040,72.00936,1.50000));
#3960 = VERTEX_POINT('',#3959);
#3961 = CARTESIAN_POINT('',(140.27804,60.05212,1.50000));
#3962 = VERTEX_POINT('',#3961);
#3963 = CARTESIAN_POINT('',(140.27804,60.05212,0.00000));
#3964 = DIRECTION('',(0.006888,0.999976,0.000000));
#3965 = VECTOR('',#3964,11.95752);
#3966 = LINE('',#3963,#3965);
#3967 = EDGE_CURVE('',#3956,#3958,#3966,.T.);
#3968 = CARTESIAN_POINT('',(140.36040,72.00936,0.00000));
#3969 = DIRECTION('',(0.000000,0.000000,1.000000));
#3970 = VECTOR('',#3969,1.50000);
#3971 = LINE('',#3968,#3970);
#3972 = EDGE_CURVE('',#3958,#3960,#3971,.T.);
#3973 = CARTESIAN_POINT('',(140.36040,72.00936,1.50000));
#3974 = DIRECTION('',(-0.006888,-0.999976,0.000000));
#3975 = VECTOR('',#3974,11.95752);
#3976 = LINE('',#3973,#3975);
#3977 = EDGE_CURVE('',#3960,#3962,#3976,.T.);
#3978 = CARTESIAN_POINT('',(140.27804,60.05212,1.50000));
#3979 = DIRECTION('',(0.000000,0.000000,-1.000000));
#3980 = VECTOR('',#3979,1.50000);
#3981 = LINE('',#3978,#3980);
#3982 = EDGE_CURVE('',#3962,#3956,#3981,.T.);
#3983 = ORIENTED_EDGE('',*,*,#3967,.T.);
#3984 = ORIENTED_EDGE('',*,*,#3972,.T.);
#3985 = ORIENTED_EDGE('',*,*,#3977,.T.);
#3986 = ORIENTED_EDGE('',*,*,#3982,.T.);
#3987 = EDGE_LOOP('',(#3983,#3984,#3985,#3986));
#3988 = FACE_OUTER_BOUND('',#3987,.T.);
#3989 = CARTESIAN_POINT('',(140.27804,60.05212,0.00000));
#3990 = DIRECTION('',(0.999976,-0.006888,0.000000));
#3991 = DIRECTION('',(0.006888,0.999976,0.000000));
#3992 = AXIS2_PLACEMENT_3D('',#3989,#3990,#3991);
#3993 = PLANE('',#3992);
#3994 = ADVANCED_FACE('',(#3988),#3993,.T.);
#3995 = CARTESIAN_POINT('',(140.36040,72.00936,0.00000));
#3996 = VERTEX_POINT('',#3995);
#3997 = CARTESIAN_POINT('',(140.33500,72.13636,0.00000));
#3998 = VERTEX_POINT('',#3997);
#3999 = CARTESIAN_POINT('',(140.33500,72.13636,1.50000));
#4000 = VERTEX_POINT('',#3999);
#4001 = CARTESIAN_POINT('',(140.36040,72.00936,1.50000));
#4002 = VERTEX_POINT('',#4001);
#4003 = CARTESIAN_POINT('',(140.36040,72.00936,0.00000));
#4004 = DIRECTION('',(-0.196116,0.980581,0.000000));
#4005 = VECTOR('',#4004,0.12952);
#4006 = LINE('',#4003,#4005);
#4007 = EDGE_CURVE('',#3996,#3998,#4006,.T.);
#4008 = CARTESIAN_POINT('',(140.33500,72.13636,0.00000));
#4009 = DIRECTION('',(0.000000,0.000000,1.000000));
#4010 = VECTOR('',#4009,1.50000);
#4011 = LINE('',#4008,#4010);
#4012 = EDGE_CURVE('',#3998,#4000,#4011,.T.);
#4013 = CARTESIAN_POINT('',(140.33500,72.13636,1.50000));
#4014 = DIRECTION('',(0.196116,-0.980581,0.000000));
#4015 = VECTOR('',#4014,0.12952);
#4016 = LINE('',#4013,#4015);
#4017 = EDGE_CURVE('',#4000,#4002,#4016,.T.);
#4018 = CARTESIAN_POINT('',(140.36040,72.00936,1.50000));
#4019 = DIRECTION('',(0.000000,0.000000,-1.000000));
#4020 = VECTOR('',#4019,1.50000);
#4021 = LINE('',#4018,#4020);
#4022 = EDGE_CURVE('',#4002,#3996,#4021,.T.);
#4023 = ORIENTED_EDGE('',*,*,#4007,.T.);
#4024 = ORIENTED_EDGE('',*,*,#4012,.T.);
#4025 = ORIENTED_EDGE('',*,*,#4017,.T.);
#4026 = ORIENTED_EDGE('',*,*,#4022,.T.);
#4027 = EDGE_LOOP('',(#4023,#4024,#4025,#4026));
#4028 = FACE_OUTER_BOUND('',#4027,.T.);
#4029 = CARTESIAN_POINT('',(140.36040,72.00936,0.00000));
#4030 = DIRECTION('',(0.980581,0.196116,0.000000));
#4031 = DIRECTION('',(-0.196116,0.980581,0.000000));
#4032 = AXIS2_PLACEMENT_3D('',#4029,#4030,#4031);
#4033 = PLANE('',#4032);
#4034 = ADVANCED_FACE('',(#4028),#4033,.T.);
#4035 = CARTESIAN_POINT('',(140.33500,72.13636,0.00000));
#4036 = VERTEX_POINT('',#4035);
#4037 = CARTESIAN_POINT('',(127.71120,93.01516,0.00000));
#4038 = VERTEX_POINT('',#4037);
#4039 = CARTESIAN_POINT('',(127.71120,93.01516,1.50000));
#4040 = VERTEX_POINT('',#4039);
#4041 = CARTESIAN_POINT('',(140.33500,72.13636,1.50000));
#4042 = VERTEX_POINT('',#4041);
#4043 = CARTESIAN_POINT('',(140.33500,72.13636,0.00000));
#4044 = DIRECTION('',(-0.517402,0.855743,0.000000));
#4045 = VECTOR('',#4044,24.39846);
#4046 = LINE('',#4043,#4045);
#4047 = EDGE_CURVE('',#4036,#4038,#4046,.T.);
#4048 = CARTESIAN_POINT('',(127.71120,93.01516,0.00000));
#4049 = DIRECTION('',(0.000000,0.000000,1.000000));
#4050 = VECTOR('',#4049,1.50000);
#4051 = LINE('',#4048,#4050);
#4052 = EDGE_CURVE('',#4038,#4040,#4051,.T.);
#4053 = CARTESIAN_POINT('',(127.71120,93.01516,1.50000));
#4054 = DIRECTION('',(0.517402,-0.855743,0.000000));
#4055 = VECTOR('',#4054,24.39846);
#4056 = LINE('',#4053,#4055);
#4057 = EDGE_CURVE('',#4040,#4042,#4056,.T.);
#4058 = CARTESIAN_POINT('',(140.33500,72.13636,1.50000));
#4059 = DIRECTION('',(0.000000,0.000000,-1.000000));
#4060 = VECTOR('',#4059,1.50000);
#4061 = LINE('',#4058,#4060);
#4062 = EDGE_CURVE('',#4042,#4036,#4061,.T.);
#4063 = ORIENTED_EDGE('',*,*,#4047,.T.);
#4064 = ORIENTED_EDGE('',*,*,#4052,.T.);
#4065 = ORIENTED_EDGE('',*,*,#4057,.T.);
#4066 = ORIENTED_EDGE('',*,*,#4062,.T.);
#4067 = EDGE_LOOP('',(#4063,#4064,#4065,#4066));
#4068 = FACE_OUTER_BOUND('',#4067,.T.);
#4069 = CARTESIAN_POINT('',(140.33500,72.13636,0.00000));
#4070 = DIRECTION('',(0.855743,0.517402,0.000000));
#4071 = DIRECTION('',(-0.517402,0.855743,0.000000));
#4072 = AXIS2_PLACEMENT_3D('',#4069,#4070,#4071);
#4073 = PLANE('',#4072);
#4074 = ADVANCED_FACE('',(#4068),#4073,.T.);
#4075 = CARTESIAN_POINT('',(127.71120,93.01516,0.00000));
#4076 = VERTEX_POINT('',#4075);
#4077 = CARTESIAN_POINT('',(110.66780,83.26156,0.00000));
#4078 = VERTEX_POINT('',#4077);
#4079 = CARTESIAN_POINT('',(110.66780,83.26156,1.50000));
#4080 = VERTEX_POINT('',#4079);
#4081 = CARTESIAN_POINT('',(127.71120,93.01516,1.50000));
#4082 = VERTEX_POINT('',#4081);
#4083 = CARTESIAN_POINT('',(127.71120,93.01516,0.00000));
#4084 = DIRECTION('',(-0.867925,-0.496696,0.000000));
#4085 = VECTOR('',#4084,19.63696);
#4086 = LINE('',#4083,#4085);
#4087 = EDGE_CURVE('',#4076,#4078,#4086,.T.);
#4088 = CARTESIAN_POINT('',(110.66780,83.26156,0.00000));
#4089 = DIRECTION('',(0.000000,0.000000,1.000000));
#4090 = VECTOR('',#4089,1.50000);
#4091 = LINE('',#4088,#4090);
#4092 = EDGE_CURVE('',#4078,#4080,#4091,.T.);
#4093 = CARTESIAN_POINT('',(110.66780,83.26156,1.50000));
#4094 = DIRECTION('',(0.867925,0.496696,0.000000));
#4095 = VECTOR('',#4094,19.63696);
#4096 = LINE('',#4093,#4095);
#4097 = EDGE_CURVE('',#4080,#4082,#4096,.T.);
#4098 = CARTESIAN_POINT('',(127.71120,93.01516,1.50000));
#4099 = DIRECTION('',(0.000000,0.000000,-1.000000));
#4100 = VECTOR('',#4099,1.50000);
#4101 = LINE('',#4098,#4100);
#4102 = EDGE_CURVE('',#4082,#4076,#4101,.T.);
#4103 = ORIENTED_EDGE('',*,*,#4087,.T.);
#4104 = ORIENTED_EDGE('',*,*,#4092,.T.);
#4105 = ORIENTED_EDGE('',*,*,#4097,.T.);
#4106 = ORIENTED_EDGE('',*,*,#4102,.T.);
#4107 = EDGE_LOOP('',(#4103,#4104,#4105,#4106));
#4108 = FACE_OUTER_BOUND('',#4107,.T.);
#4109 = CARTESIAN_POINT('',(127.71120,93.01516,0.00000));
#4110 = DIRECTION('',(-0.496696,0.867925,0.000000));
#4111 = DIRECTION('',(-0.867925,-0.496696,0.000000));
#4112 = AXIS2_PLACEMENT_3D('',#4109,#4110,#4111);
#4113 = PLANE('',#4112);
#4114 = ADVANCED_FACE('',(#4108),#4113,.T.);
#4115 = CARTESIAN_POINT('',(110.66780,83.26156,0.00000));
#4116 = VERTEX_POINT('',#4115);
#4117 = CARTESIAN_POINT('',(106.50220,82.98216,0.00000));
#4118 = VERTEX_POINT('',#4117);
#4119 = CARTESIAN_POINT('',(106.50220,82.98216,1.50000));
#4120 = VERTEX_POINT('',#4119);
#4121 = CARTESIAN_POINT('',(110.66780,83.26156,1.50000));
#4122 = VERTEX_POINT('',#4121);
#4123 = CARTESIAN_POINT('',(110.66780,83.26156,0.00000));
#4124 = DIRECTION('',(-0.997758,-0.066923,0.000000));
#4125 = VECTOR('',#4124,4.17496);
#4126 = LINE('',#4123,#4125);
#4127 = EDGE_CURVE('',#4116,#4118,#4126,.T.);
#4128 = CARTESIAN_POINT('',(106.50220,82.98216,0.00000));
#4129 = DIRECTION('',(0.000000,0.000000,1.000000));
#4130 = VECTOR('',#4129,1.50000);
#4131 = LINE('',#4128,#4130);
#4132 = EDGE_CURVE('',#4118,#4120,#4131,.T.);
#4133 = CARTESIAN_POINT('',(106.50220,82.98216,1.50000));
#4134 = DIRECTION('',(0.997758,0.066923,0.000000));
#4135 = VECTOR('',#4134,4.17496);
#4136 = LINE('',#4133,#4135);
#4137 = EDGE_CURVE('',#4120,#4122,#4136,.T.);
#4138 = CARTESIAN_POINT('',(110.66780,83.26156,1.50000));
#4139 = DIRECTION('',(0.000000,0.000000,-1.000000));
#4140 = VECTOR('',#4139,1.50000);
#4141 = LINE('',#4138,#4140);
#4142 = EDGE_CURVE('',#4122,#4116,#4141,.T.);
#4143 = ORIENTED_EDGE('',*,*,#4127,.T.);
#4144 = ORIENTED_EDGE('',*,*,#4132,.T.);
#4145 = ORIENTED_EDGE('',*,*,#4137,.T.);
#4146 = ORIENTED_EDGE('',*,*,#4142,.T.);
#4147 = EDGE_LOOP('',(#4143,#4144,#4145,#4146));
#4148 = FACE_OUTER_BOUND('',#4147,.T.);
#4149 = CARTESIAN_POINT('',(110.66780,83.26156,0.00000));
#4150 = DIRECTION('',(-0.066923,0.997758,0.000000));
#4151 = DIRECTION('',(-0.997758,-0.066923,0.000000));
#4152 = AXIS2_PLACEMENT_3D('',#4149,#4150,#4151);
#4153 = PLANE('',#4152);
#4154 = ADVANCED_FACE('',(#4148),#4153,.T.);
#4155 = CARTESIAN_POINT('',(106.50220,82.98216,0.00000));
#4156 = VERTEX_POINT('',#4155);
#4157 = CARTESIAN_POINT('',(68.07200,80.44216,0.00000));
#4158 = VERTEX_POINT('',#4157);
#4159 = CARTESIAN_POINT('',(68.07200,80.44216,1.50000));
#4160 = VERTEX_POINT('',#4159);
#4161 = CARTESIAN_POINT('',(106.50220,82.98216,1.50000));
#4162 = VERTEX_POINT('',#4161);
#4163 = CARTESIAN_POINT('',(106.50220,82.98216,0.00000));
#4164 = DIRECTION('',(-0.997823,-0.065950,0.000000));
#4165 = VECTOR('',#4164,38.51405);
#4166 = LINE('',#4163,#4165);
#4167 = EDGE_CURVE('',#4156,#4158,#4166,.T.);
#4168 = CARTESIAN_POINT('',(68.07200,80.44216,0.00000));
#4169 = DIRECTION('',(0.000000,0.000000,1.000000));
#4170 = VECTOR('',#4169,1.50000);
#4171 = LINE('',#4168,#4170);
#4172 = EDGE_CURVE('',#4158,#4160,#4171,.T.);
#4173 = CARTESIAN_POINT('',(68.07200,80.44216,1.50000));
#4174 = DIRECTION('',(0.997823,0.065950,0.000000));
#4175 = VECTOR('',#4174,38.51405);
#4176 = LINE('',#4173,#4175);
#4177 = EDGE_CURVE('',#4160,#4162,#4176,.T.);
#4178 = CARTESIAN_POINT('',(106.50220,82.98216,1.50000));
#4179 = DIRECTION('',(0.000000,0.000000,-1.000000));
#4180 = VECTOR('',#4179,1.50000);
#4181 = LINE('',#4178,#4180);
#4182 = EDGE_CURVE('',#4162,#4156,#4181,.T.);
#4183 = ORIENTED_EDGE('',*,*,#4167,.T.);
#4184 = ORIENTED_EDGE('',*,*,#4172,.T.);
#4185 = ORIENTED_EDGE('',*,*,#4177,.T.);
#4186 = ORIENTED_EDGE('',*,*,#4182,.T.);
#4187 = EDGE_LOOP('',(#4183,#4184,#4185,#4186));
#4188 = FACE_OUTER_BOUND('',#4187,.T.);
#4189 = CARTESIAN_POINT('',(106.50220,82.98216,0.00000));
#4190 = DIRECTION('',(-0.065950,0.997823,0.000000));
#4191 = DIRECTION('',(-0.997823,-0.065950,0.000000));
#4192 = AXIS2_PLACEMENT_3D('',#4189,#4190,#4191);
#4193 = PLANE('',#4192);
#4194 = ADVANCED_FACE('',(#4188),#4193,.T.);
#4195 = CARTESIAN_POINT('',(68.07200,80.44216,0.00000));
#4196 = VERTEX_POINT('',#4195);
#4197 = CARTESIAN_POINT('',(56.75630,64.46556,0.00000));
#4198 = VERTEX_POINT('',#4197);
#4199 = CARTESIAN_POINT('',(56.75630,64.46556,1.50000));
#4200 = VERTEX_POINT('',#4199);
#4201 = CARTESIAN_POINT('',(68.07200,80.44216,1.50000));
#4202 = VERTEX_POINT('',#4201);
#4203 = CARTESIAN_POINT('',(68.07200,80.44216,0.00000));
#4204 = DIRECTION('',(-0.577981,-0.816050,0.000000));
#4205 = VECTOR('',#4204,19.57797);
#4206 = LINE('',#4203,#4205);
#4207 = EDGE_CURVE('',#4196,#4198,#4206,.T.);
#4208 = CARTESIAN_POINT('',(56.75630,64.46556,0.00000));
#4209 = DIRECTION('',(0.000000,0.000000,1.000000));
#4210 = VECTOR('',#4209,1.50000);
#4211 = LINE('',#4208,#4210);
#4212 = EDGE_CURVE('',#4198,#4200,#4211,.T.);
#4213 = CARTESIAN_POINT('',(56.75630,64.46556,1.50000));
#4214 = DIRECTION('',(0.577981,0.816050,0.000000));
#4215 = VECTOR('',#4214,19.57797);
#4216 = LINE('',#4213,#4215);
#4217 = EDGE_CURVE('',#4200,#4202,#4216,.T.);
#4218 = CARTESIAN_POINT('',(68.07200,80.44216,1.50000));
#4219 = DIRECTION('',(0.000000,0.000000,-1.000000));
#4220 = VECTOR('',#4219,1.50000);
#4221 = LINE('',#4218,#4220);
#4222 = EDGE_CURVE('',#4202,#4196,#4221,.T.);
#4223 = ORIENTED_EDGE('',*,*,#4207,.T.);
#4224 = ORIENTED_EDGE('',*,*,#4212,.T.);
#4225 = ORIENTED_EDGE('',*,*,#4217,.T.);
#4226 = ORIENTED_EDGE('',*,*,#4222,.T.);
#4227 = EDGE_LOOP('',(#4223,#4224,#4225,#4226));
#4228 = FACE_OUTER_BOUND('',#4227,.T.);
#4229 = CARTESIAN_POINT('',(68.07200,80.44216,0.00000));
#4230 = DIRECTION('',(-0.816050,0.577981,0.000000));
#4231 = DIRECTION('',(-0.577981,-0.816050,0.000000));
#4232 = AXIS2_PLACEMENT_3D('',#4229,#4230,#4231);
#4233 = PLANE('',#4232);
#4234 = ADVANCED_FACE('',(#4228),#4233,.T.);
#4235 = CARTESIAN_POINT('',(56.75630,64.46556,0.00000));
#4236 = VERTEX_POINT('',#4235);
#4237 = CARTESIAN_POINT('',(56.75242,64.41134,0.00000));
#4238 = VERTEX_POINT('',#4237);
#4239 = CARTESIAN_POINT('',(56.75242,64.41134,1.50000));
#4240 = VERTEX_POINT('',#4239);
#4241 = CARTESIAN_POINT('',(56.75630,64.46556,1.50000));
#4242 = VERTEX_POINT('',#4241);
#4243 = CARTESIAN_POINT('',(56.75630,64.46556,0.00000));
#4244 = DIRECTION('',(-0.071337,-0.997452,0.000000));
#4245 = VECTOR('',#4244,0.05436);
#4246 = LINE('',#4243,#4245);
#4247 = EDGE_CURVE('',#4236,#4238,#4246,.T.);
#4248 = CARTESIAN_POINT('',(56.75242,64.41134,0.00000));
#4249 = DIRECTION('',(0.000000,0.000000,1.000000));
#4250 = VECTOR('',#4249,1.50000);
#4251 = LINE('',#4248,#4250);
#4252 = EDGE_CURVE('',#4238,#4240,#4251,.T.);
#4253 = CARTESIAN_POINT('',(56.75242,64.41134,1.50000));
#4254 = DIRECTION('',(0.071337,0.997452,0.000000));
#4255 = VECTOR('',#4254,0.05436);
#4256 = LINE('',#4253,#4255);
#4257 = EDGE_CURVE('',#4240,#4242,#4256,.T.);
#4258 = CARTESIAN_POINT('',(56.75630,64.46556,1.50000));
#4259 = DIRECTION('',(0.000000,0.000000,-1.000000));
#4260 = VECTOR('',#4259,1.50000);
#4261 = LINE('',#4258,#4260);
#4262 = EDGE_CURVE('',#4242,#4236,#4261,.T.);
#4263 = ORIENTED_EDGE('',*,*,#4247,.T.);
#4264 = ORIENTED_EDGE('',*,*,#4252,.T.);
#4265 = ORIENTED_EDGE('',*,*,#4257,.T.);
#4266 = ORIENTED_EDGE('',*,*,#4262,.T.);
#4267 = EDGE_LOOP('',(#4263,#4264,#4265,#4266));
#4268 = FACE_OUTER_BOUND('',#4267,.T.);
#4269 = CARTESIAN_POINT('',(56.75630,64.46556,0.00000));
#4270 = DIRECTION('',(-0.997452,0.071337,0.000000));
#4271 = DIRECTION('',(-0.071337,-0.997452,0.000000));
#4272 = AXIS2_PLACEMENT_3D('',#4269,#4270,#4271);
#4273 = PLANE('',#4272);
#4274 = ADVANCED_FACE('',(#4268),#4273,.T.);
#4275 = CARTESIAN_POINT('',(56.75242,64.41134,0.00000));
#4276 = VERTEX_POINT('',#4275);
#4277 = CARTESIAN_POINT('',(56.74087,64.35822,0.00000));
#4278 = VERTEX_POINT('',#4277);
#4279 = CARTESIAN_POINT('',(56.74087,64.35822,1.50000));
#4280 = VERTEX_POINT('',#4279);
#4281 = CARTESIAN_POINT('',(56.75242,64.41134,1.50000));
#4282 = VERTEX_POINT('',#4281);
#4283 = CARTESIAN_POINT('',(56.75242,64.41134,0.00000));
#4284 = DIRECTION('',(-0.212563,-0.977147,0.000000));
#4285 = VECTOR('',#4284,0.05436);
#4286 = LINE('',#4283,#4285);
#4287 = EDGE_CURVE('',#4276,#4278,#4286,.T.);
#4288 = CARTESIAN_POINT('',(56.74087,64.35822,0.00000));
#4289 = DIRECTION('',(0.000000,0.000000,1.000000));
#4290 = VECTOR('',#4289,1.50000);
#4291 = LINE('',#4288,#4290);
#4292 = EDGE_CURVE('',#4278,#4280,#4291,.T.);
#4293 = CARTESIAN_POINT('',(56.74087,64.35822,1.50000));
#4294 = DIRECTION('',(0.212563,0.977147,0.000000));
#4295 = VECTOR('',#4294,0.05436);
#4296 = LINE('',#4293,#4295);
#4297 = EDGE_CURVE('',#4280,#4282,#4296,.T.);
#4298 = CARTESIAN_POINT('',(56.75242,64.41134,1.50000));
#4299 = DIRECTION('',(0.000000,0.000000,-1.000000));
#4300 = VECTOR('',#4299,1.50000);
#4301 = LINE('',#4298,#4300);
#4302 = EDGE_CURVE('',#4282,#4276,#4301,.T.);
#4303 = ORIENTED_EDGE('',*,*,#4287,.T.);
#4304 = ORIENTED_EDGE('',*,*,#4292,.T.);
#4305 = ORIENTED_EDGE('',*,*,#4297,.T.);
#4306 = ORIENTED_EDGE('',*,*,#4302,.T.);
#4307 = EDGE_LOOP('',(#4303,#4304,#4305,#4306));
#4308 = FACE_OUTER_BOUND('',#4307,.T.);
#4309 = CARTESIAN_POINT('',(56.75242,64.41134,0.00000));
#4310 = DIRECTION('',(-0.977147,0.212563,0.000000));
#4311 = DIRECTION('',(-0.212563,-0.977147,0.000000));
#4312 = AXIS2_PLACEMENT_3D('',#4309,#4310,#4311);
#4313 = PLANE('',#4312);
#4314 = ADVANCED_FACE('',(#4308),#4313,.T.);
#4315 = CARTESIAN_POINT('',(56.74087,64.35822,0.00000));
#4316 = VERTEX_POINT('',#4315);
#4317 = CARTESIAN_POINT('',(56.72187,64.30729,0.00000));
#4318 = VERTEX_POINT('',#4317);
#4319 = CARTESIAN_POINT('',(56.72187,64.30729,1.50000));
#4320 = VERTEX_POINT('',#4319);
#4321 = CARTESIAN_POINT('',(56.74087,64.35822,1.50000));
#4322 = VERTEX_POINT('',#4321);
#4323 = CARTESIAN_POINT('',(56.74087,64.35822,0.00000));
#4324 = DIRECTION('',(-0.349463,-0.936950,0.000000));
#4325 = VECTOR('',#4324,0.05436);
#4326 = LINE('',#4323,#4325);
#4327 = EDGE_CURVE('',#4316,#4318,#4326,.T.);
#4328 = CARTESIAN_POINT('',(56.72187,64.30729,0.00000));
#4329 = DIRECTION('',(0.000000,0.000000,1.000000));
#4330 = VECTOR('',#4329,1.50000);
#4331 = LINE('',#4328,#4330);
#4332 = EDGE_CURVE('',#4318,#4320,#4331,.T.);
#4333 = CARTESIAN_POINT('',(56.72187,64.30729,1.50000));
#4334 = DIRECTION('',(0.349463,0.936950,0.000000));
#4335 = VECTOR('',#4334,0.05436);
#4336 = LINE('',#4333,#4335);
#4337 = EDGE_CURVE('',#4320,#4322,#4336,.T.);
#4338 = CARTESIAN_POINT('',(56.74087,64.35822,1.50000));
#4339 = DIRECTION('',(0.000000,0.000000,-1.000000));
#4340 = VECTOR('',#4339,1.50000);
#4341 = LINE('',#4338,#4340);
#4342 = EDGE_CURVE('',#4322,#4316,#4341,.T.);
#4343 = ORIENTED_EDGE('',*,*,#4327,.T.);
#4344 = ORIENTED_EDGE('',*,*,#4332,.T.);
#4345 = ORIENTED_EDGE('',*,*,#4337,.T.);
#4346 = ORIENTED_EDGE('',*,*,#4342,.T.);
#4347 = EDGE_LOOP('',(#4343,#4344,#4345,#4346));
#4348 = FACE_OUTER_BOUND('',#4347,.T.);
#4349 = CARTESIAN_POINT('',(56.74087,64.35822,0.00000));
#4350 = DIRECTION('',(-0.936950,0.349463,0.000000));
#4351 = DIRECTION('',(-0.349463,-0.936950,0.000000));
#4352 = AXIS2_PLACEMENT_3D('',#4349,#4350,#4351);
#4353 = PLANE('',#4352);
#4354 = ADVANCED_FACE('',(#4348),#4353,.T.);
#4355 = CARTESIAN_POINT('',(56.72187,64.30729,0.00000));
#4356 = VERTEX_POINT('',#4355);
#4357 = CARTESIAN_POINT('',(56.69582,64.25958,0.00000));
#4358 = VERTEX_POINT('',#4357);
#4359 = CARTESIAN_POINT('',(56.69582,64.25958,1.50000));
#4360 = VERTEX_POINT('',#4359);
#4361 = CARTESIAN_POINT('',(56.72187,64.30729,1.50000));
#4362 = VERTEX_POINT('',#4361);
#4363 = CARTESIAN_POINT('',(56.72187,64.30729,0.00000));
#4364 = DIRECTION('',(-0.479248,-0.877679,0.000000));
#4365 = VECTOR('',#4364,0.05436);
#4366 = LINE('',#4363,#4365);
#4367 = EDGE_CURVE('',#4356,#4358,#4366,.T.);
#4368 = CARTESIAN_POINT('',(56.69582,64.25958,0.00000));
#4369 = DIRECTION('',(0.000000,0.000000,1.000000));
#4370 = VECTOR('',#4369,1.50000);
#4371 = LINE('',#4368,#4370);
#4372 = EDGE_CURVE('',#4358,#4360,#4371,.T.);
#4373 = CARTESIAN_POINT('',(56.69582,64.25958,1.50000));
#4374 = DIRECTION('',(0.479248,0.877679,0.000000));
#4375 = VECTOR('',#4374,0.05436);
#4376 = LINE('',#4373,#4375);
#4377 = EDGE_CURVE('',#4360,#4362,#4376,.T.);
#4378 = CARTESIAN_POINT('',(56.72187,64.30729,1.50000));
#4379 = DIRECTION('',(0.000000,0.000000,-1.000000));
#4380 = VECTOR('',#4379,1.50000);
#4381 = LINE('',#4378,#4380);
#4382 = EDGE_CURVE('',#4362,#4356,#4381,.T.);
#4383 = ORIENTED_EDGE('',*,*,#4367,.T.);
#4384 = ORIENTED_EDGE('',*,*,#4372,.T.);
#4385 = ORIENTED_EDGE('',*,*,#4377,.T.);
#4386 = ORIENTED_EDGE('',*,*,#4382,.T.);
#4387 = EDGE_LOOP('',(#4383,#4384,#4385,#4386));
#4388 = FACE_OUTER_BOUND('',#4387,.T.);
#4389 = CARTESIAN_POINT('',(56.72187,64.30729,0.00000));
#4390 = DIRECTION('',(-0.877679,0.479248,0.000000));
#4391 = DIRECTION('',(-0.479248,-0.877679,0.000000));
#4392 = AXIS2_PLACEMENT_3D('',#4389,#4390,#4391);
#4393 = PLANE('',#4392);
#4394 = ADVANCED_FACE('',(#4388),#4393,.T.);
#4395 = CARTESIAN_POINT('',(56.69582,64.25958,0.00000));
#4396 = VERTEX_POINT('',#4395);
#4397 = CARTESIAN_POINT('',(56.66324,64.21606,0.00000));
#4398 = VERTEX_POINT('',#4397);
#4399 = CARTESIAN_POINT('',(56.66324,64.21606,1.50000));
#4400 = VERTEX_POINT('',#4399);
#4401 = CARTESIAN_POINT('',(56.69582,64.25958,1.50000));
#4402 = VERTEX_POINT('',#4401);
#4403 = CARTESIAN_POINT('',(56.69582,64.25958,0.00000));
#4404 = DIRECTION('',(-0.599277,-0.800542,0.000000));
#4405 = VECTOR('',#4404,0.05436);
#4406 = LINE('',#4403,#4405);
#4407 = EDGE_CURVE('',#4396,#4398,#4406,.T.);
#4408 = CARTESIAN_POINT('',(56.66324,64.21606,0.00000));
#4409 = DIRECTION('',(0.000000,0.000000,1.000000));
#4410 = VECTOR('',#4409,1.50000);
#4411 = LINE('',#4408,#4410);
#4412 = EDGE_CURVE('',#4398,#4400,#4411,.T.);
#4413 = CARTESIAN_POINT('',(56.66324,64.21606,1.50000));
#4414 = DIRECTION('',(0.599277,0.800542,0.000000));
#4415 = VECTOR('',#4414,0.05436);
#4416 = LINE('',#4413,#4415);
#4417 = EDGE_CURVE('',#4400,#4402,#4416,.T.);
#4418 = CARTESIAN_POINT('',(56.69582,64.25958,1.50000));
#4419 = DIRECTION('',(0.000000,0.000000,-1.000000));
#4420 = VECTOR('',#4419,1.50000);
#4421 = LINE('',#4418,#4420);
#4422 = EDGE_CURVE('',#4402,#4396,#4421,.T.);
#4423 = ORIENTED_EDGE('',*,*,#4407,.T.);
#4424 = ORIENTED_EDGE('',*,*,#4412,.T.);
#4425 = ORIENTED_EDGE('',*,*,#4417,.T.);
#4426 = ORIENTED_EDGE('',*,*,#4422,.T.);
#4427 = EDGE_LOOP('',(#4423,#4424,#4425,#4426));
#4428 = FACE_OUTER_BOUND('',#4427,.T.);
#4429 = CARTESIAN_POINT('',(56.69582,64.25958,0.00000));
#4430 = DIRECTION('',(-0.800542,0.599277,0.000000));
#4431 = DIRECTION('',(-0.599277,-0.800542,0.000000));
#4432 = AXIS2_PLACEMENT_3D('',#4429,#4430,#4431);
#4433 = PLANE('',#4432);
#4434 = ADVANCED_FACE('',(#4428),#4433,.T.);
#4435 = CARTESIAN_POINT('',(56.66324,64.21606,0.00000));
#4436 = VERTEX_POINT('',#4435);
#4437 = CARTESIAN_POINT('',(56.62480,64.17762,0.00000));
#4438 = VERTEX_POINT('',#4437);
#4439 = CARTESIAN_POINT('',(56.62480,64.17762,1.50000));
#4440 = VERTEX_POINT('',#4439);
#4441 = CARTESIAN_POINT('',(56.66324,64.21606,1.50000));
#4442 = VERTEX_POINT('',#4441);
#4443 = CARTESIAN_POINT('',(56.66324,64.21606,0.00000));
#4444 = DIRECTION('',(-0.707107,-0.707107,0.000000));
#4445 = VECTOR('',#4444,0.05436);
#4446 = LINE('',#4443,#4445);
#4447 = EDGE_CURVE('',#4436,#4438,#4446,.T.);
#4448 = CARTESIAN_POINT('',(56.62480,64.17762,0.00000));
#4449 = DIRECTION('',(0.000000,0.000000,1.000000));
#4450 = VECTOR('',#4449,1.50000);
#4451 = LINE('',#4448,#4450);
#4452 = EDGE_CURVE('',#4438,#4440,#4451,.T.);
#4453 = CARTESIAN_POINT('',(56.62480,64.17762,1.50000));
#4454 = DIRECTION('',(0.707107,0.707107,0.000000));
#4455 = VECTOR('',#4454,0.05436);
#4456 = LINE('',#4453,#4455);
#4457 = EDGE_CURVE('',#4440,#4442,#4456,.T.);
#4458 = CARTESIAN_POINT('',(56.66324,64.21606,1.50000));
#4459 = DIRECTION('',(0.000000,0.000000,-1.000000));
#4460 = VECTOR('',#4459,1.50000);
#4461 = LINE('',#4458,#4460);
#4462 = EDGE_CURVE('',#4442,#4436,#4461,.T.);
#4463 = ORIENTED_EDGE('',*,*,#4447,.T.);
#4464 = ORIENTED_EDGE('',*,*,#4452,.T.);
#4465 = ORIENTED_EDGE('',*,*,#4457,.T.);
#4466 = ORIENTED_EDGE('',*,*,#4462,.T.);
#4467 = EDGE_LOOP('',(#4463,#4464,#4465,#4466));
#4468 = FACE_OUTER_BOUND('',#4467,.T.);
#4469 = CARTESIAN_POINT('',(56.66324,64.21606,0.00000));
#4470 = DIRECTION('',(-0.707107,0.707107,0.000000));
#4471 = DIRECTION('',(-0.707107,-0.707107,0.000000));
#4472 = AXIS2_PLACEMENT_3D('',#4469,#4470,#4471);
#4473 = PLANE('',#4472);
#4474 = ADVANCED_FACE('',(#4468),#4473,.T.);
#4475 = CARTESIAN_POINT('',(56.62480,64.17762,0.00000));
#4476 = VERTEX_POINT('',#4475);
#4477 = CARTESIAN_POINT('',(56.58128,64.14504,0.00000));
#4478 = VERTEX_POINT('',#4477);
#4479 = CARTESIAN_POINT('',(56.58128,64.14504,1.50000));
#4480 = VERTEX_POINT('',#4479);
#4481 = CARTESIAN_POINT('',(56.62480,64.17762,1.50000));
#4482 = VERTEX_POINT('',#4481);
#4483 = CARTESIAN_POINT('',(56.62480,64.17762,0.00000));
#4484 = DIRECTION('',(-0.800542,-0.599277,0.000000));
#4485 = VECTOR('',#4484,0.05436);
#4486 = LINE('',#4483,#4485);
#4487 = EDGE_CURVE('',#4476,#4478,#4486,.T.);
#4488 = CARTESIAN_POINT('',(56.58128,64.14504,0.00000));
#4489 = DIRECTION('',(0.000000,0.000000,1.000000));
#4490 = VECTOR('',#4489,1.50000);
#4491 = LINE('',#4488,#4490);
#4492 = EDGE_CURVE('',#4478,#4480,#4491,.T.);
#4493 = CARTESIAN_POINT('',(56.58128,64.14504,1.50000));
#4494 = DIRECTION('',(0.800542,0.599277,0.000000));
#4495 = VECTOR('',#4494,0.05436);
#4496 = LINE('',#4493,#4495);
#4497 = EDGE_CURVE('',#4480,#4482,#4496,.T.);
#4498 = CARTESIAN_POINT('',(56.62480,64.17762,1.50000));
#4499 = DIRECTION('',(0.000000,0.000000,-1.000000));
#4500 = VECTOR('',#4499,1.50000);
#4501 = LINE('',#4498,#4500);
#4502 = EDGE_CURVE('',#4482,#4476,#4501,.T.);
#4503 = ORIENTED_EDGE('',*,*,#4487,.T.);
#4504 = ORIENTED_EDGE('',*,*,#4492,.T.);
#4505 = ORIENTED_EDGE('',*,*,#4497,.T.);
#4506 = ORIENTED_EDGE('',*,*,#4502,.T.);
#4507 = EDGE_LOOP('',(#4503,#4504,#4505,#4506));
#4508 = FACE_OUTER_BOUND('',#4507,.T.);
#4509 = CARTESIAN_POINT('',(56.62480,64.17762,0.00000));
#4510 = DIRECTION('',(-0.599277,0.800542,0.000000));
#4511 = DIRECTION('',(-0.800542,-0.599277,0.000000));
#4512 = AXIS2_PLACEMENT_3D('',#4509,#4510,#4511);
#4513 = PLANE('',#4512);
#4514 = ADVANCED_FACE('',(#4508),#4513,.T.);
#4515 = CARTESIAN_POINT('',(56.58128,64.14504,0.00000));
#4516 = VERTEX_POINT('',#4515);
#4517 = CARTESIAN_POINT('',(56.53357,64.11899,0.00000));
#4518 = VERTEX_POINT('',#4517);
#4519 = CARTESIAN_POINT('',(56.53357,64.11899,1.50000));
#4520 = VERTEX_POINT('',#4519);
#4521 = CARTESIAN_POINT('',(56.58128,64.14504,1.50000));
#4522 = VERTEX_POINT('',#4521);
#4523 = CARTESIAN_POINT('',(56.58128,64.14504,0.00000));
#4524 = DIRECTION('',(-0.877679,-0.479248,0.000000));
#4525 = VECTOR('',#4524,0.05436);
#4526 = LINE('',#4523,#4525);
#4527 = EDGE_CURVE('',#4516,#4518,#4526,.T.);
#4528 = CARTESIAN_POINT('',(56.53357,64.11899,0.00000));
#4529 = DIRECTION('',(0.000000,0.000000,1.000000));
#4530 = VECTOR('',#4529,1.50000);
#4531 = LINE('',#4528,#4530);
#4532 = EDGE_CURVE('',#4518,#4520,#4531,.T.);
#4533 = CARTESIAN_POINT('',(56.53357,64.11899,1.50000));
#4534 = DIRECTION('',(0.877679,0.479248,0.000000));
#4535 = VECTOR('',#4534,0.05436);
#4536 = LINE('',#4533,#4535);
#4537 = EDGE_CURVE('',#4520,#4522,#4536,.T.);
#4538 = CARTESIAN_POINT('',(56.58128,64.14504,1.50000));
#4539 = DIRECTION('',(0.000000,0.000000,-1.000000));
#4540 = VECTOR('',#4539,1.50000);
#4541 = LINE('',#4538,#4540);
#4542 = EDGE_CURVE('',#4522,#4516,#4541,.T.);
#4543 = ORIENTED_EDGE('',*,*,#4527,.T.);
#4544 = ORIENTED_EDGE('',*,*,#4532,.T.);
#4545 = ORIENTED_EDGE('',*,*,#4537,.T.);
#4546 = ORIENTED_EDGE('',*,*,#4542,.T.);
#4547 = EDGE_LOOP('',(#4543,#4544,#4545,#4546));
#4548 = FACE_OUTER_BOUND('',#4547,.T.);
#4549 = CARTESIAN_POINT('',(56.58128,64.14504,0.00000));
#4550 = DIRECTION('',(-0.479248,0.877679,0.000000));
#4551 = DIRECTION('',(-0.877679,-0.479248,0.000000));
#4552 = AXIS2_PLACEMENT_3D('',#4549,#4550,#4551);
#4553 = PLANE('',#4552);
#4554 = ADVANCED_FACE('',(#4548),#4553,.T.);
#4555 = CARTESIAN_POINT('',(56.53357,64.11899,0.00000));
#4556 = VERTEX_POINT('',#4555);
#4557 = CARTESIAN_POINT('',(56.48264,64.09999,0.00000));
#4558 = VERTEX_POINT('',#4557);
#4559 = CARTESIAN_POINT('',(56.48264,64.09999,1.50000));
#4560 = VERTEX_POINT('',#4559);
#4561 = CARTESIAN_POINT('',(56.53357,64.11899,1.50000));
#4562 = VERTEX_POINT('',#4561);
#4563 = CARTESIAN_POINT('',(56.53357,64.11899,0.00000));
#4564 = DIRECTION('',(-0.936950,-0.349463,0.000000));
#4565 = VECTOR('',#4564,0.05436);
#4566 = LINE('',#4563,#4565);
#4567 = EDGE_CURVE('',#4556,#4558,#4566,.T.);
#4568 = CARTESIAN_POINT('',(56.48264,64.09999,0.00000));
#4569 = DIRECTION('',(0.000000,0.000000,1.000000));
#4570 = VECTOR('',#4569,1.50000);
#4571 = LINE('',#4568,#4570);
#4572 = EDGE_CURVE('',#4558,#4560,#4571,.T.);
#4573 = CARTESIAN_POINT('',(56.48264,64.09999,1.50000));
#4574 = DIRECTION('',(0.936950,0.349463,0.000000));
#4575 = VECTOR('',#4574,0.05436);
#4576 = LINE('',#4573,#4575);
#4577 = EDGE_CURVE('',#4560,#4562,#4576,.T.);
#4578 = CARTESIAN_POINT('',(56.53357,64.11899,1.50000));
#4579 = DIRECTION('',(0.000000,0.000000,-1.000000));
#4580 = VECTOR('',#4579,1.50000);
#4581 = LINE('',#4578,#4580);
#4582 = EDGE_CURVE('',#4562,#4556,#4581,.T.);
#4583 = ORIENTED_EDGE('',*,*,#4567,.T.);
#4584 = ORIENTED_EDGE('',*,*,#4572,.T.);
#4585 = ORIENTED_EDGE('',*,*,#4577,.T.);
#4586 = ORIENTED_EDGE('',*,*,#4582,.T.);
#4587 = EDGE_LOOP('',(#4583,#4584,#4585,#4586));
#4588 = FACE_OUTER_BOUND('',#4587,.T.);
#4589 = CARTESIAN_POINT('',(56.53357,64.11899,0.00000));
#4590 = DIRECTION('',(-0.349463,0.936950,0.000000));
#4591 = DIRECTION('',(-0.936950,-0.349463,0.000000));
#4592 = AXIS2_PLACEMENT_3D('',#4589,#4590,#4591);
#4593 = PLANE('',#4592);
#4594 = ADVANCED_FACE('',(#4588),#4593,.T.);
#4595 = CARTESIAN_POINT('',(56.48264,64.09999,0.00000));
#4596 = VERTEX_POINT('',#4595);
#4597 = CARTESIAN_POINT('',(56.42952,64.08844,0.00000));
#4598 = VERTEX_POINT('',#4597);
#4599 = CARTESIAN_POINT('',(56.42952,64.08844,1.50000));
#4600 = VERTEX_POINT('',#4599);
#4601 = CARTESIAN_POINT('',(56.48264,64.09999,1.50000));
#4602 = VERTEX_POINT('',#4601);
#4603 = CARTESIAN_POINT('',(56.48264,64.09999,0.00000));
#4604 = DIRECTION('',(-0.977147,-0.212563,0.000000));
#4605 = VECTOR('',#4604,0.05436);
#4606 = LINE('',#4603,#4605);
#4607 = EDGE_CURVE('',#4596,#4598,#4606,.T.);
#4608 = CARTESIAN_POINT('',(56.42952,64.08844,0.00000));
#4609 = DIRECTION('',(0.000000,0.000000,1.000000));
#4610 = VECTOR('',#4609,1.50000);
#4611 = LINE('',#4608,#4610);
#4612 = EDGE_CURVE('',#4598,#4600,#4611,.T.);
#4613 = CARTESIAN_POINT('',(56.42952,64.08844,1.50000));
#4614 = DIRECTION('',(0.977147,0.212563,0.000000));
#4615 = VECTOR('',#4614,0.05436);
#4616 = LINE('',#4613,#4615);
#4617 = EDGE_CURVE('',#4600,#4602,#4616,.T.);
#4618 = CARTESIAN_POINT('',(56.48264,64.09999,1.50000));
#4619 = DIRECTION('',(0.000000,0.000000,-1.000000));
#4620 = VECTOR('',#4619,1.50000);
#4621 = LINE('',#4618,#4620);
#4622 = EDGE_CURVE('',#4602,#4596,#4621,.T.);
#4623 = ORIENTED_EDGE('',*,*,#4607,.T.);
#4624 = ORIENTED_EDGE('',*,*,#4612,.T.);
#4625 = ORIENTED_EDGE('',*,*,#4617,.T.);
#4626 = ORIENTED_EDGE('',*,*,#4622,.T.);
#4627 = EDGE_LOOP('',(#4623,#4624,#4625,#4626));
#4628 = FACE_OUTER_BOUND('',#4627,.T.);
#4629 = CARTESIAN_POINT('',(56.48264,64.09999,0.00000));
#4630 = DIRECTION('',(-0.212563,0.977147,0.000000));
#4631 = DIRECTION('',(-0.977147,-0.212563,0.000000));
#4632 = AXIS2_PLACEMENT_3D('',#4629,#4630,#4631);
#4633 = PLANE('',#4632);
#4634 = ADVANCED_FACE('',(#4628),#4633,.T.);
#4635 = CARTESIAN_POINT('',(56.42952,64.08844,0.00000));
#4636 = VERTEX_POINT('',#4635);
#4637 = CARTESIAN_POINT('',(56.37530,64.08456,0.00000));
#4638 = VERTEX_POINT('',#4637);
#4639 = CARTESIAN_POINT('',(56.37530,64.08456,1.50000));
#4640 = VERTEX_POINT('',#4639);
#4641 = CARTESIAN_POINT('',(56.42952,64.08844,1.50000));
#4642 = VERTEX_POINT('',#4641);
#4643 = CARTESIAN_POINT('',(56.42952,64.08844,0.00000));
#4644 = DIRECTION('',(-0.997452,-0.071337,0.000000));
#4645 = VECTOR('',#4644,0.05436);
#4646 = LINE('',#4643,#4645);
#4647 = EDGE_CURVE('',#4636,#4638,#4646,.T.);
#4648 = CARTESIAN_POINT('',(56.37530,64.08456,0.00000));
#4649 = DIRECTION('',(0.000000,0.000000,1.000000));
#4650 = VECTOR('',#4649,1.50000);
#4651 = LINE('',#4648,#4650);
#4652 = EDGE_CURVE('',#4638,#4640,#4651,.T.);
#4653 = CARTESIAN_POINT('',(56.37530,64.08456,1.50000));
#4654 = DIRECTION('',(0.997452,0.071337,0.000000));
#4655 = VECTOR('',#4654,0.05436);
#4656 = LINE('',#4653,#4655);
#4657 = EDGE_CURVE('',#4640,#4642,#4656,.T.);
#4658 = CARTESIAN_POINT('',(56.42952,64.08844,1.50000));
#4659 = DIRECTION('',(0.000000,0.000000,-1.000000));
#4660 = VECTOR('',#4659,1.50000);
#4661 = LINE('',#4658,#4660);
#4662 = EDGE_CURVE('',#4642,#4636,#4661,.T.);
#4663 = ORIENTED_EDGE('',*,*,#4647,.T.);
#4664 = ORIENTED_EDGE('',*,*,#4652,.T.);
#4665 = ORIENTED_EDGE('',*,*,#4657,.T.);
#4666 = ORIENTED_EDGE('',*,*,#4662,.T.);
#4667 = EDGE_LOOP('',(#4663,#4664,#4665,#4666));
#4668 = FACE_OUTER_BOUND('',#4667,.T.);
#4669 = CARTESIAN_POINT('',(56.42952,64.08844,0.00000));
#4670 = DIRECTION('',(-0.071337,0.997452,0.000000));
#4671 = DIRECTION('',(-0.997452,-0.071337,0.000000));
#4672 = AXIS2_PLACEMENT_3D('',#4669,#4670,#4671);
#4673 = PLANE('',#4672);
#4674 = ADVANCED_FACE('',(#4668),#4673,.T.);
#4675 = CARTESIAN_POINT('',(56.37530,64.08456,0.00000));
#4676 = VERTEX_POINT('',#4675);
#4677 = CARTESIAN_POINT('',(6.48970,64.08456,0.00000));
#4678 = VERTEX_POINT('',#4677);
#4679 = CARTESIAN_POINT('',(6.48970,64.08456,1.50000));
#4680 = VERTEX_POINT('',#4679);
#4681 = CARTESIAN_POINT('',(56.37530,64.08456,1.50000));
#4682 = VERTEX_POINT('',#4681);
#4683 = CARTESIAN_POINT('',(56.37530,64.08456,0.00000));
#4684 = DIRECTION('',(-1.000000,0.000000,0.000000));
#4685 = VECTOR('',#4684,49.88560);
#4686 = LINE('',#4683,#4685);
#4687 = EDGE_CURVE('',#4676,#4678,#4686,.T.);
#4688 = CARTESIAN_POINT('',(6.48970,64.08456,0.00000));
#4689 = DIRECTION('',(0.000000,0.000000,1.000000));
#4690 = VECTOR('',#4689,1.50000);
#4691 = LINE('',#4688,#4690);
#4692 = EDGE_CURVE('',#4678,#4680,#4691,.T.);
#4693 = CARTESIAN_POINT('',(6.48970,64.08456,1.50000));
#4694 = DIRECTION('',(1.000000,-0.000000,0.000000));
#4695 = VECTOR('',#4694,49.88560);
#4696 = LINE('',#4693,#4695);
#4697 = EDGE_CURVE('',#4680,#4682,#4696,.T.);
#4698 = CARTESIAN_POINT('',(56.37530,64.08456,1.50000));
#4699 = DIRECTION('',(0.000000,0.000000,-1.000000));
#4700 = VECTOR('',#4699,1.50000);
#4701 = LINE('',#4698,#4700);
#4702 = EDGE_CURVE('',#4682,#4676,#4701,.T.);
#4703 = ORIENTED_EDGE('',*,*,#4687,.T.);
#4704 = ORIENTED_EDGE('',*,*,#4692,.T.);
#4705 = ORIENTED_EDGE('',*,*,#4697,.T.);
#4706 = ORIENTED_EDGE('',*,*,#4702,.T.);
#4707 = EDGE_LOOP('',(#4703,#4704,#4705,#4706));
#4708 = FACE_OUTER_BOUND('',#4707,.T.);
#4709 = CARTESIAN_POINT('',(56.37530,64.08456,0.00000));
#4710 = DIRECTION('',(0.000000,1.000000,0.000000));
#4711 = DIRECTION('',(-1.000000,0.000000,0.000000));
#4712 = AXIS2_PLACEMENT_3D('',#4709,#4710,#4711);
#4713 = PLANE('',#4712);
#4714 = ADVANCED_FACE('',(#4708),#4713,.T.);
#4715 = CARTESIAN_POINT('',(6.48970,64.08456,0.00000));
#4716 = VERTEX_POINT('',#4715);
#4717 = CARTESIAN_POINT('',(5.23240,64.08456,0.00000));
#4718 = VERTEX_POINT('',#4717);
#4719 = CARTESIAN_POINT('',(5.23240,64.08456,1.50000));
#4720 = VERTEX_POINT('',#4719);
#4721 = CARTESIAN_POINT('',(6.48970,64.08456,1.50000));
#4722 = VERTEX_POINT('',#4721);
#4723 = CARTESIAN_POINT('',(6.48970,64.08456,0.00000));
#4724 = DIRECTION('',(-1.000000,0.000000,0.000000));
#4725 = VECTOR('',#4724,1.25730);
#4726 = LINE('',#4723,#4725);
#4727 = EDGE_CURVE('',#4716,#4718,#4726,.T.);
#4728 = CARTESIAN_POINT('',(5.23240,64.08456,0.00000));
#4729 = DIRECTION('',(0.000000,0.000000,1.000000));
#4730 = VECTOR('',#4729,1.50000);
#4731 = LINE('',#4728,#4730);
#4732 = EDGE_CURVE('',#4718,#4720,#4731,.T.);
#4733 = CARTESIAN_POINT('',(5.23240,64.08456,1.50000));
#4734 = DIRECTION('',(1.000000,-0.000000,0.000000));
#4735 = VECTOR('',#4734,1.25730);
#4736 = LINE('',#4733,#4735);
#4737 = EDGE_CURVE('',#4720,#4722,#4736,.T.);
#4738 = CARTESIAN_POINT('',(6.48970,64.08456,1.50000));
#4739 = DIRECTION('',(0.000000,0.000000,-1.000000));
#4740 = VECTOR('',#4739,1.50000);
#4741 = LINE('',#4738,#4740);
#4742 = EDGE_CURVE('',#4722,#4716,#4741,.T.);
#4743 = ORIENTED_EDGE('',*,*,#4727,.T.);
#4744 = ORIENTED_EDGE('',*,*,#4732,.T.);
#4745 = ORIENTED_EDGE('',*,*,#4737,.T.);
#4746 = ORIENTED_EDGE('',*,*,#4742,.T.);
#4747 = EDGE_LOOP('',(#4743,#4744,#4745,#4746));
#4748 = FACE_OUTER_BOUND('',#4747,.T.);
#4749 = CARTESIAN_POINT('',(6.48970,64.08456,0.00000));
#4750 = DIRECTION('',(0.000000,1.000000,0.000000));
#4751 = DIRECTION('',(-1.000000,0.000000,0.000000));
#4752 = AXIS2_PLACEMENT_3D('',#4749,#4750,#4751);
#4753 = PLANE('',#4752);
#4754 = ADVANCED_FACE('',(#4748),#4753,.T.);
#4755 = CARTESIAN_POINT('',(5.23240,64.08456,0.00000));
#4756 = VERTEX_POINT('',#4755);
#4757 = CARTESIAN_POINT('',(0.00000,64.08456,0.00000));
#4758 = VERTEX_POINT('',#4757);
#4759 = CARTESIAN_POINT('',(0.00000,64.08456,1.50000));
#4760 = VERTEX_POINT('',#4759);
#4761 = CARTESIAN_POINT('',(5.23240,64.08456,1.50000));
#4762 = VERTEX_POINT('',#4761);
#4763 = CARTESIAN_POINT('',(5.23240,64.08456,0.00000));
#4764 = DIRECTION('',(-1.000000,0.000000,0.000000));
#4765 = VECTOR('',#4764,5.23240);
#4766 = LINE('',#4763,#4765);
#4767 = EDGE_CURVE('',#4756,#4758,#4766,.T.);
#4768 = CARTESIAN_POINT('',(0.00000,64.08456,0.00000));
#4769 = DIRECTION('',(0.000000,0.000000,1.000000));
#4770 = VECTOR('',#4769,1.50000);
#4771 = LINE('',#4768,#4770);
#4772 = EDGE_CURVE('',#4758,#4760,#4771,.T.);
#4773 = CARTESIAN_POINT('',(0.00000,64.08456,1.50000));
#4774 = DIRECTION('',(1.000000,-0.000000,0.000000));
#4775 = VECTOR('',#4774,5.23240);
#4776 = LINE('',#4773,#4775);
#4777 = EDGE_CURVE('',#4760,#4762,#4776,.T.);
#4778 = CARTESIAN_POINT('',(5.23240,64.08456,1.50000));
#4779 = DIRECTION('',(0.000000,0.000000,-1.000000));
#4780 = VECTOR('',#4779,1.50000);
#4781 = LINE('',#4778,#4780);
#4782 = EDGE_CURVE('',#4762,#4756,#4781,.T.);
#4783 = ORIENTED_EDGE('',*,*,#4767,.T.);
#4784 = ORIENTED_EDGE('',*,*,#4772,.T.);
#4785 = ORIENTED_EDGE('',*,*,#4777,.T.);
#4786 = ORIENTED_EDGE('',*,*,#4782,.T.);
#4787 = EDGE_LOOP('',(#4783,#4784,#4785,#4786));
#4788 = FACE_OUTER_BOUND('',#4787,.T.);
#4789 = CARTESIAN_POINT('',(5.23240,64.08456,0.00000));
#4790 = DIRECTION('',(0.000000,1.000000,0.000000));
#4791 = DIRECTION('',(-1.000000,0.000000,0.000000));
#4792 = AXIS2_PLACEMENT_3D('',#4789,#4790,#4791);
#4793 = PLANE('',#4792);
#4794 = ADVANCED_FACE('',(#4788),#4793,.T.);
#4795 = CARTESIAN_POINT('',(0.00000,64.08456,0.00000));
#4796 = VERTEX_POINT('',#4795);
#4797 = CARTESIAN_POINT('',(0.00000,63.88136,0.00000));
#4798 = VERTEX_POINT('',#4797);
#4799 = CARTESIAN_POINT('',(0.00000,63.88136,1.50000));
#4800 = VERTEX_POINT('',#4799);
#4801 = CARTESIAN_POINT('',(0.00000,64.08456,1.50000));
#4802 = VERTEX_POINT('',#4801);
#4803 = CARTESIAN_POINT('',(0.00000,64.08456,0.00000));
#4804 = DIRECTION('',(0.000000,-1.000000,0.000000));
#4805 = VECTOR('',#4804,0.20320);
#4806 = LINE('',#4803,#4805);
#4807 = EDGE_CURVE('',#4796,#4798,#4806,.T.);
#4808 = CARTESIAN_POINT('',(0.00000,63.88136,0.00000));
#4809 = DIRECTION('',(0.000000,0.000000,1.000000));
#4810 = VECTOR('',#4809,1.50000);
#4811 = LINE('',#4808,#4810);
#4812 = EDGE_CURVE('',#4798,#4800,#4811,.T.);
#4813 = CARTESIAN_POINT('',(0.00000,63.88136,1.50000));
#4814 = DIRECTION('',(-0.000000,1.000000,0.000000));
#4815 = VECTOR('',#4814,0.20320);
#4816 = LINE('',#4813,#4815);
#4817 = EDGE_CURVE('',#4800,#4802,#4816,.T.);
#4818 = CARTESIAN_POINT('',(0.00000,64.08456,1.50000));
#4819 = DIRECTION('',(0.000000,0.000000,-1.000000));
#4820 = VECTOR('',#4819,1.50000);
#4821 = LINE('',#4818,#4820);
#4822 = EDGE_CURVE('',#4802,#4796,#4821,.T.);
#4823 = ORIENTED_EDGE('',*,*,#4807,.T.);
#4824 = ORIENTED_EDGE('',*,*,#4812,.T.);
#4825 = ORIENTED_EDGE('',*,*,#4817,.T.);
#4826 = ORIENTED_EDGE('',*,*,#4822,.T.);
#4827 = EDGE_LOOP('',(#4823,#4824,#4825,#4826));
#4828 = FACE_OUTER_BOUND('',#4827,.T.);
#4829 = CARTESIAN_POINT('',(0.00000,64.08456,0.00000));
#4830 = DIRECTION('',(-1.000000,-0.000000,0.000000));
#4831 = DIRECTION('',(0.000000,-1.000000,0.000000));
#4832 = AXIS2_PLACEMENT_3D('',#4829,#4830,#4831);
#4833 = PLANE('',#4832);
#4834 = ADVANCED_FACE('',(#4828),#4833,.T.);
#4835 = CARTESIAN_POINT('',(0.00000,63.88136,0.00000));
#4836 = VERTEX_POINT('',#4835);
#4837 = CARTESIAN_POINT('',(0.00000,6.93456,0.00000));
#4838 = VERTEX_POINT('',#4837);
#4839 = CARTESIAN_POINT('',(0.00000,6.93456,1.50000));
#4840 = VERTEX_POINT('',#4839);
#4841 = CARTESIAN_POINT('',(0.00000,63.88136,1.50000));
#4842 = VERTEX_POINT('',#4841);
#4843 = CARTESIAN_POINT('',(0.00000,63.88136,0.00000));
#4844 = DIRECTION('',(0.000000,-1.000000,0.000000));
#4845 = VECTOR('',#4844,56.94680);
#4846 = LINE('',#4843,#4845);
#4847 = EDGE_CURVE('',#4836,#4838,#4846,.T.);
#4848 = CARTESIAN_POINT('',(0.00000,6.93456,0.00000));
#4849 = DIRECTION('',(0.000000,0.000000,1.000000));
#4850 = VECTOR('',#4849,1.50000);
#4851 = LINE('',#4848,#4850);
#4852 = EDGE_CURVE('',#4838,#4840,#4851,.T.);
#4853 = CARTESIAN_POINT('',(0.00000,6.93456,1.50000));
#4854 = DIRECTION('',(-0.000000,1.000000,0.000000));
#4855 = VECTOR('',#4854,56.94680);
#4856 = LINE('',#4853,#4855);
#4857 = EDGE_CURVE('',#4840,#4842,#4856,.T.);
#4858 = CARTESIAN_POINT('',(0.00000,63.88136,1.50000));
#4859 = DIRECTION('',(0.000000,0.000000,-1.000000));
#4860 = VECTOR('',#4859,1.50000);
#4861 = LINE('',#4858,#4860);
#4862 = EDGE_CURVE('',#4842,#4836,#4861,.T.);
#4863 = ORIENTED_EDGE('',*,*,#4847,.T.);
#4864 = ORIENTED_EDGE('',*,*,#4852,.T.);
#4865 = ORIENTED_EDGE('',*,*,#4857,.T.);
#4866 = ORIENTED_EDGE('',*,*,#4862,.T.);
#4867 = EDGE_LOOP('',(#4863,#4864,#4865,#4866));
#4868 = FACE_OUTER_BOUND('',#4867,.T.);
#4869 = CARTESIAN_POINT('',(0.00000,63.88136,0.00000));
#4870 = DIRECTION('',(-1.000000,-0.000000,0.000000));
#4871 = DIRECTION('',(0.000000,-1.000000,0.000000));
#4872 = AXIS2_PLACEMENT_3D('',#4869,#4870,#4871);
#4873 = PLANE('',#4872);
#4874 = ADVANCED_FACE('',(#4868),#4873,.T.);
#4875 = CARTESIAN_POINT('',(0.00000,6.93456,0.00000));
#4876 = VERTEX_POINT('',#4875);
#4877 = CARTESIAN_POINT('',(15.99067,6.92906,0.00000));
#4878 = VERTEX_POINT('',#4877);
#4879 = CARTESIAN_POINT('',(15.99067,6.92906,1.50000));
#4880 = VERTEX_POINT('',#4879);
#4881 = CARTESIAN_POINT('',(0.00000,6.93456,1.50000));
#4882 = VERTEX_POINT('',#4881);
#4883 = CARTESIAN_POINT('',(0.00000,6.93456,0.00000));
#4884 = DIRECTION('',(1.000000,-0.000344,0.000000));
#4885 = VECTOR('',#4884,15.99067);
#4886 = LINE('',#4883,#4885);
#4887 = EDGE_CURVE('',#4876,#4878,#4886,.T.);
#4888 = CARTESIAN_POINT('',(15.99067,6.92906,0.00000));
#4889 = DIRECTION('',(0.000000,0.000000,1.000000));
#4890 = VECTOR('',#4889,1.50000);
#4891 = LINE('',#4888,#4890);
#4892 = EDGE_CURVE('',#4878,#4880,#4891,.T.);
#4893 = CARTESIAN_POINT('',(15.99067,6.92906,1.50000));
#4894 = DIRECTION('',(-1.000000,0.000344,0.000000));
#4895 = VECTOR('',#4894,15.99067);
#4896 = LINE('',#4893,#4895);
#4897 = EDGE_CURVE('',#4880,#4882,#4896,.T.);
#4898 = CARTESIAN_POINT('',(0.00000,6.93456,1.50000));
#4899 = DIRECTION('',(0.000000,0.000000,-1.000000));
#4900 = VECTOR('',#4899,1.50000);
#4901 = LINE('',#4898,#4900);
#4902 = EDGE_CURVE('',#4882,#4876,#4901,.T.);
#4903 = ORIENTED_EDGE('',*,*,#4887,.T.);
#4904 = ORIENTED_EDGE('',*,*,#4892,.T.);
#4905 = ORIENTED_EDGE('',*,*,#4897,.T.);
#4906 = ORIENTED_EDGE('',*,*,#4902,.T.);
#4907 = EDGE_LOOP('',(#4903,#4904,#4905,#4906));
#4908 = FACE_OUTER_BOUND('',#4907,.T.);
#4909 = CARTESIAN_POINT('',(0.00000,6.93456,0.00000));
#4910 = DIRECTION('',(-0.000344,-1.000000,0.000000));
#4911 = DIRECTION('',(1.000000,-0.000344,0.000000));
#4912 = AXIS2_PLACEMENT_3D('',#4909,#4910,#4911);
#4913 = PLANE('',#4912);
#4914 = ADVANCED_FACE('',(#4908),#4913,.T.);
#4915 = CARTESIAN_POINT('',(15.99067,6.92906,0.00000));
#4916 = VERTEX_POINT('',#4915);
#4917 = CARTESIAN_POINT('',(24.11730,6.93480,0.00000));
#4918 = VERTEX_POINT('',#4917);
#4919 = CARTESIAN_POINT('',(24.11730,6.93480,1.50000));
#4920 = VERTEX_POINT('',#4919);
#4921 = CARTESIAN_POINT('',(15.99067,6.92906,1.50000));
#4922 = VERTEX_POINT('',#4921);
#4923 = CARTESIAN_POINT('',(15.99067,6.92906,0.00000));
#4924 = DIRECTION('',(1.000000,0.000706,0.000000));
#4925 = VECTOR('',#4924,8.12663);
#4926 = LINE('',#4923,#4925);
#4927 = EDGE_CURVE('',#4916,#4918,#4926,.T.);
#4928 = CARTESIAN_POINT('',(24.11730,6.93480,0.00000));
#4929 = DIRECTION('',(0.000000,0.000000,1.000000));
#4930 = VECTOR('',#4929,1.50000);
#4931 = LINE('',#4928,#4930);
#4932 = EDGE_CURVE('',#4918,#4920,#4931,.T.);
#4933 = CARTESIAN_POINT('',(24.11730,6.93480,1.50000));
#4934 = DIRECTION('',(-1.000000,-0.000706,0.000000));
#4935 = VECTOR('',#4934,8.12663);
#4936 = LINE('',#4933,#4935);
#4937 = EDGE_CURVE('',#4920,#4922,#4936,.T.);
#4938 = CARTESIAN_POINT('',(15.99067,6.92906,1.50000));
#4939 = DIRECTION('',(0.000000,0.000000,-1.000000));
#4940 = VECTOR('',#4939,1.50000);
#4941 = LINE('',#4938,#4940);
#4942 = EDGE_CURVE('',#4922,#4916,#4941,.T.);
#4943 = ORIENTED_EDGE('',*,*,#4927,.T.);
#4944 = ORIENTED_EDGE('',*,*,#4932,.T.);
#4945 = ORIENTED_EDGE('',*,*,#4937,.T.);
#4946 = ORIENTED_EDGE('',*,*,#4942,.T.);
#4947 = EDGE_LOOP('',(#4943,#4944,#4945,#4946));
#4948 = FACE_OUTER_BOUND('',#4947,.T.);
#4949 = CARTESIAN_POINT('',(15.99067,6.92906,0.00000));
#4950 = DIRECTION('',(0.000706,-1.000000,0.000000));
#4951 = DIRECTION('',(1.000000,0.000706,0.000000));
#4952 = AXIS2_PLACEMENT_3D('',#4949,#4950,#4951);
#4953 = PLANE('',#4952);
#4954 = ADVANCED_FACE('',(#4948),#4953,.T.);
#4955 = CARTESIAN_POINT('',(24.11730,6.93480,0.00000));
#4956 = VERTEX_POINT('',#4955);
#4957 = CARTESIAN_POINT('',(37.93490,6.93480,0.00000));
#4958 = VERTEX_POINT('',#4957);
#4959 = CARTESIAN_POINT('',(37.93490,6.93480,1.50000));
#4960 = VERTEX_POINT('',#4959);
#4961 = CARTESIAN_POINT('',(24.11730,6.93480,1.50000));
#4962 = VERTEX_POINT('',#4961);
#4963 = CARTESIAN_POINT('',(24.11730,6.93480,0.00000));
#4964 = DIRECTION('',(1.000000,0.000000,0.000000));
#4965 = VECTOR('',#4964,13.81760);
#4966 = LINE('',#4963,#4965);
#4967 = EDGE_CURVE('',#4956,#4958,#4966,.T.);
#4968 = CARTESIAN_POINT('',(37.93490,6.93480,0.00000));
#4969 = DIRECTION('',(0.000000,0.000000,1.000000));
#4970 = VECTOR('',#4969,1.50000);
#4971 = LINE('',#4968,#4970);
#4972 = EDGE_CURVE('',#4958,#4960,#4971,.T.);
#4973 = CARTESIAN_POINT('',(37.93490,6.93480,1.50000));
#4974 = DIRECTION('',(-1.000000,-0.000000,0.000000));
#4975 = VECTOR('',#4974,13.81760);
#4976 = LINE('',#4973,#4975);
#4977 = EDGE_CURVE('',#4960,#4962,#4976,.T.);
#4978 = CARTESIAN_POINT('',(24.11730,6.93480,1.50000));
#4979 = DIRECTION('',(0.000000,0.000000,-1.000000));
#4980 = VECTOR('',#4979,1.50000);
#4981 = LINE('',#4978,#4980);
#4982 = EDGE_CURVE('',#4962,#4956,#4981,.T.);
#4983 = ORIENTED_EDGE('',*,*,#4967,.T.);
#4984 = ORIENTED_EDGE('',*,*,#4972,.T.);
#4985 = ORIENTED_EDGE('',*,*,#4977,.T.);
#4986 = ORIENTED_EDGE('',*,*,#4982,.T.);
#4987 = EDGE_LOOP('',(#4983,#4984,#4985,#4986));
#4988 = FACE_OUTER_BOUND('',#4987,.T.);
#4989 = CARTESIAN_POINT('',(24.11730,6.93480,0.00000));
#4990 = DIRECTION('',(0.000000,-1.000000,0.000000));
#4991 = DIRECTION('',(1.000000,0.000000,0.000000));
#4992 = AXIS2_PLACEMENT_3D('',#4989,#4990,#4991);
#4993 = PLANE('',#4992);
#4994 = ADVANCED_FACE('',(#4988),#4993,.T.);
#4995 = CARTESIAN_POINT('',(37.93490,6.93480,0.00000));
#4996 = VERTEX_POINT('',#4995);
#4997 = CARTESIAN_POINT('',(37.97108,6.93221,0.00000));
#4998 = VERTEX_POINT('',#4997);
#4999 = CARTESIAN_POINT('',(37.97108,6.93221,1.50000));
#5000 = VERTEX_POINT('',#4999);
#5001 = CARTESIAN_POINT('',(37.93490,6.93480,1.50000));
#5002 = VERTEX_POINT('',#5001);
#5003 = CARTESIAN_POINT('',(37.93490,6.93480,0.00000));
#5004 = DIRECTION('',(0.997452,-0.071336,0.000000));
#5005 = VECTOR('',#5004,0.03627);
#5006 = LINE('',#5003,#5005);
#5007 = EDGE_CURVE('',#4996,#4998,#5006,.T.);
#5008 = CARTESIAN_POINT('',(37.97108,6.93221,0.00000));
#5009 = DIRECTION('',(0.000000,0.000000,1.000000));
#5010 = VECTOR('',#5009,1.50000);
#5011 = LINE('',#5008,#5010);
#5012 = EDGE_CURVE('',#4998,#5000,#5011,.T.);
#5013 = CARTESIAN_POINT('',(37.97108,6.93221,1.50000));
#5014 = DIRECTION('',(-0.997452,0.071336,0.000000));
#5015 = VECTOR('',#5014,0.03627);
#5016 = LINE('',#5013,#5015);
#5017 = EDGE_CURVE('',#5000,#5002,#5016,.T.);
#5018 = CARTESIAN_POINT('',(37.93490,6.93480,1.50000));
#5019 = DIRECTION('',(0.000000,0.000000,-1.000000));
#5020 = VECTOR('',#5019,1.50000);
#5021 = LINE('',#5018,#5020);
#5022 = EDGE_CURVE('',#5002,#4996,#5021,.T.);
#5023 = ORIENTED_EDGE('',*,*,#5007,.T.);
#5024 = ORIENTED_EDGE('',*,*,#5012,.T.);
#5025 = ORIENTED_EDGE('',*,*,#5017,.T.);
#5026 = ORIENTED_EDGE('',*,*,#5022,.T.);
#5027 = EDGE_LOOP('',(#5023,#5024,#5025,#5026));
#5028 = FACE_OUTER_BOUND('',#5027,.T.);
#5029 = CARTESIAN_POINT('',(37.93490,6.93480,0.00000));
#5030 = DIRECTION('',(-0.071336,-0.997452,0.000000));
#5031 = DIRECTION('',(0.997452,-0.071336,0.000000));
#5032 = AXIS2_PLACEMENT_3D('',#5029,#5030,#5031);
#5033 = PLANE('',#5032);
#5034 = ADVANCED_FACE('',(#5028),#5033,.T.);
#5035 = CARTESIAN_POINT('',(37.97108,6.93221,0.00000));
#5036 = VERTEX_POINT('',#5035);
#5037 = CARTESIAN_POINT('',(38.00653,6.92450,0.00000));
#5038 = VERTEX_POINT('',#5037);
#5039 = CARTESIAN_POINT('',(38.00653,6.92450,1.50000));
#5040 = VERTEX_POINT('',#5039);
#5041 = CARTESIAN_POINT('',(37.97108,6.93221,1.50000));
#5042 = VERTEX_POINT('',#5041);
#5043 = CARTESIAN_POINT('',(37.97108,6.93221,0.00000));
#5044 = DIRECTION('',(0.977147,-0.212562,0.000000));
#5045 = VECTOR('',#5044,0.03627);
#5046 = LINE('',#5043,#5045);
#5047 = EDGE_CURVE('',#5036,#5038,#5046,.T.);
#5048 = CARTESIAN_POINT('',(38.00653,6.92450,0.00000));
#5049 = DIRECTION('',(0.000000,0.000000,1.000000));
#5050 = VECTOR('',#5049,1.50000);
#5051 = LINE('',#5048,#5050);
#5052 = EDGE_CURVE('',#5038,#5040,#5051,.T.);
#5053 = CARTESIAN_POINT('',(38.00653,6.92450,1.50000));
#5054 = DIRECTION('',(-0.977147,0.212562,0.000000));
#5055 = VECTOR('',#5054,0.03627);
#5056 = LINE('',#5053,#5055);
#5057 = EDGE_CURVE('',#5040,#5042,#5056,.T.);
#5058 = CARTESIAN_POINT('',(37.97108,6.93221,1.50000));
#5059 = DIRECTION('',(0.000000,0.000000,-1.000000));
#5060 = VECTOR('',#5059,1.50000);
#5061 = LINE('',#5058,#5060);
#5062 = EDGE_CURVE('',#5042,#5036,#5061,.T.);
#5063 = ORIENTED_EDGE('',*,*,#5047,.T.);
#5064 = ORIENTED_EDGE('',*,*,#5052,.T.);
#5065 = ORIENTED_EDGE('',*,*,#5057,.T.);
#5066 = ORIENTED_EDGE('',*,*,#5062,.T.);
#5067 = EDGE_LOOP('',(#5063,#5064,#5065,#5066));
#5068 = FACE_OUTER_BOUND('',#5067,.T.);
#5069 = CARTESIAN_POINT('',(37.97108,6.93221,0.00000));
#5070 = DIRECTION('',(-0.212562,-0.977147,0.000000));
#5071 = DIRECTION('',(0.977147,-0.212562,0.000000));
#5072 = AXIS2_PLACEMENT_3D('',#5069,#5070,#5071);
#5073 = PLANE('',#5072);
#5074 = ADVANCED_FACE('',(#5068),#5073,.T.);
#5075 = CARTESIAN_POINT('',(38.00653,6.92450,0.00000));
#5076 = VERTEX_POINT('',#5075);
#5077 = CARTESIAN_POINT('',(38.04051,6.91182,0.00000));
#5078 = VERTEX_POINT('',#5077);
#5079 = CARTESIAN_POINT('',(38.04051,6.91182,1.50000));
#5080 = VERTEX_POINT('',#5079);
#5081 = CARTESIAN_POINT('',(38.00653,6.92450,1.50000));
#5082 = VERTEX_POINT('',#5081);
#5083 = CARTESIAN_POINT('',(38.00653,6.92450,0.00000));
#5084 = DIRECTION('',(0.936950,-0.349462,0.000000));
#5085 = VECTOR('',#5084,0.03627);
#5086 = LINE('',#5083,#5085);
#5087 = EDGE_CURVE('',#5076,#5078,#5086,.T.);
#5088 = CARTESIAN_POINT('',(38.04051,6.91182,0.00000));
#5089 = DIRECTION('',(0.000000,0.000000,1.000000));
#5090 = VECTOR('',#5089,1.50000);
#5091 = LINE('',#5088,#5090);
#5092 = EDGE_CURVE('',#5078,#5080,#5091,.T.);
#5093 = CARTESIAN_POINT('',(38.04051,6.91182,1.50000));
#5094 = DIRECTION('',(-0.936950,0.349462,0.000000));
#5095 = VECTOR('',#5094,0.03627);
#5096 = LINE('',#5093,#5095);
#5097 = EDGE_CURVE('',#5080,#5082,#5096,.T.);
#5098 = CARTESIAN_POINT('',(38.00653,6.92450,1.50000));
#5099 = DIRECTION('',(0.000000,0.000000,-1.000000));
#5100 = VECTOR('',#5099,1.50000);
#5101 = LINE('',#5098,#5100);
#5102 = EDGE_CURVE('',#5082,#5076,#5101,.T.);
#5103 = ORIENTED_EDGE('',*,*,#5087,.T.);
#5104 = ORIENTED_EDGE('',*,*,#5092,.T.);
#5105 = ORIENTED_EDGE('',*,*,#5097,.T.);
#5106 = ORIENTED_EDGE('',*,*,#5102,.T.);
#5107 = EDGE_LOOP('',(#5103,#5104,#5105,#5106));
#5108 = FACE_OUTER_BOUND('',#5107,.T.);
#5109 = CARTESIAN_POINT('',(38.00653,6.92450,0.00000));
#5110 = DIRECTION('',(-0.349462,-0.936950,0.000000));
#5111 = DIRECTION('',(0.936950,-0.349462,0.000000));
#5112 = AXIS2_PLACEMENT_3D('',#5109,#5110,#5111);
#5113 = PLANE('',#5112);
#5114 = ADVANCED_FACE('',(#5108),#5113,.T.);
#5115 = CARTESIAN_POINT('',(38.04051,6.91182,0.00000));
#5116 = VERTEX_POINT('',#5115);
#5117 = CARTESIAN_POINT('',(38.07235,6.89444,0.00000));
#5118 = VERTEX_POINT('',#5117);
#5119 = CARTESIAN_POINT('',(38.07235,6.89444,1.50000));
#5120 = VERTEX_POINT('',#5119);
#5121 = CARTESIAN_POINT('',(38.04051,6.91182,1.50000));
#5122 = VERTEX_POINT('',#5121);
#5123 = CARTESIAN_POINT('',(38.04051,6.91182,0.00000));
#5124 = DIRECTION('',(0.877680,-0.479248,0.000000));
#5125 = VECTOR('',#5124,0.03627);
#5126 = LINE('',#5123,#5125);
#5127 = EDGE_CURVE('',#5116,#5118,#5126,.T.);
#5128 = CARTESIAN_POINT('',(38.07235,6.89444,0.00000));
#5129 = DIRECTION('',(0.000000,0.000000,1.000000));
#5130 = VECTOR('',#5129,1.50000);
#5131 = LINE('',#5128,#5130);
#5132 = EDGE_CURVE('',#5118,#5120,#5131,.T.);
#5133 = CARTESIAN_POINT('',(38.07235,6.89444,1.50000));
#5134 = DIRECTION('',(-0.877680,0.479248,0.000000));
#5135 = VECTOR('',#5134,0.03627);
#5136 = LINE('',#5133,#5135);
#5137 = EDGE_CURVE('',#5120,#5122,#5136,.T.);
#5138 = CARTESIAN_POINT('',(38.04051,6.91182,1.50000));
#5139 = DIRECTION('',(0.000000,0.000000,-1.000000));
#5140 = VECTOR('',#5139,1.50000);
#5141 = LINE('',#5138,#5140);
#5142 = EDGE_CURVE('',#5122,#5116,#5141,.T.);
#5143 = ORIENTED_EDGE('',*,*,#5127,.T.);
#5144 = ORIENTED_EDGE('',*,*,#5132,.T.);
#5145 = ORIENTED_EDGE('',*,*,#5137,.T.);
#5146 = ORIENTED_EDGE('',*,*,#5142,.T.);
#5147 = EDGE_LOOP('',(#5143,#5144,#5145,#5146));
#5148 = FACE_OUTER_BOUND('',#5147,.T.);
#5149 = CARTESIAN_POINT('',(38.04051,6.91182,0.00000));
#5150 = DIRECTION('',(-0.479248,-0.877680,0.000000));
#5151 = DIRECTION('',(0.877680,-0.479248,0.000000));
#5152 = AXIS2_PLACEMENT_3D('',#5149,#5150,#5151);
#5153 = PLANE('',#5152);
#5154 = ADVANCED_FACE('',(#5148),#5153,.T.);
#5155 = CARTESIAN_POINT('',(38.07235,6.89444,0.00000));
#5156 = VERTEX_POINT('',#5155);
#5157 = CARTESIAN_POINT('',(38.10139,6.87270,0.00000));
#5158 = VERTEX_POINT('',#5157);
#5159 = CARTESIAN_POINT('',(38.10139,6.87270,1.50000));
#5160 = VERTEX_POINT('',#5159);
#5161 = CARTESIAN_POINT('',(38.07235,6.89444,1.50000));
#5162 = VERTEX_POINT('',#5161);
#5163 = CARTESIAN_POINT('',(38.07235,6.89444,0.00000));
#5164 = DIRECTION('',(0.800542,-0.599277,0.000000));
#5165 = VECTOR('',#5164,0.03627);
#5166 = LINE('',#5163,#5165);
#5167 = EDGE_CURVE('',#5156,#5158,#5166,.T.);
#5168 = CARTESIAN_POINT('',(38.10139,6.87270,0.00000));
#5169 = DIRECTION('',(0.000000,0.000000,1.000000));
#5170 = VECTOR('',#5169,1.50000);
#5171 = LINE('',#5168,#5170);
#5172 = EDGE_CURVE('',#5158,#5160,#5171,.T.);
#5173 = CARTESIAN_POINT('',(38.10139,6.87270,1.50000));
#5174 = DIRECTION('',(-0.800542,0.599277,0.000000));
#5175 = VECTOR('',#5174,0.03627);
#5176 = LINE('',#5173,#5175);
#5177 = EDGE_CURVE('',#5160,#5162,#5176,.T.);
#5178 = CARTESIAN_POINT('',(38.07235,6.89444,1.50000));
#5179 = DIRECTION('',(0.000000,0.000000,-1.000000));
#5180 = VECTOR('',#5179,1.50000);
#5181 = LINE('',#5178,#5180);
#5182 = EDGE_CURVE('',#5162,#5156,#5181,.T.);
#5183 = ORIENTED_EDGE('',*,*,#5167,.T.);
#5184 = ORIENTED_EDGE('',*,*,#5172,.T.);
#5185 = ORIENTED_EDGE('',*,*,#5177,.T.);
#5186 = ORIENTED_EDGE('',*,*,#5182,.T.);
#5187 = EDGE_LOOP('',(#5183,#5184,#5185,#5186));
#5188 = FACE_OUTER_BOUND('',#5187,.T.);
#5189 = CARTESIAN_POINT('',(38.07235,6.89444,0.00000));
#5190 = DIRECTION('',(-0.599277,-0.800542,0.000000));
#5191 = DIRECTION('',(0.800542,-0.599277,0.000000));
#5192 = AXIS2_PLACEMENT_3D('',#5189,#5190,#5191);
#5193 = PLANE('',#5192);
#5194 = ADVANCED_FACE('',(#5188),#5193,.T.);
#5195 = CARTESIAN_POINT('',(38.10139,6.87270,0.00000));
#5196 = VERTEX_POINT('',#5195);
#5197 = CARTESIAN_POINT('',(38.12704,6.84705,0.00000));
#5198 = VERTEX_POINT('',#5197);
#5199 = CARTESIAN_POINT('',(38.12704,6.84705,1.50000));
#5200 = VERTEX_POINT('',#5199);
#5201 = CARTESIAN_POINT('',(38.10139,6.87270,1.50000));
#5202 = VERTEX_POINT('',#5201);
#5203 = CARTESIAN_POINT('',(38.10139,6.87270,0.00000));
#5204 = DIRECTION('',(0.707107,-0.707107,0.000000));
#5205 = VECTOR('',#5204,0.03627);
#5206 = LINE('',#5203,#5205);
#5207 = EDGE_CURVE('',#5196,#5198,#5206,.T.);
#5208 = CARTESIAN_POINT('',(38.12704,6.84705,0.00000));
#5209 = DIRECTION('',(0.000000,0.000000,1.000000));
#5210 = VECTOR('',#5209,1.50000);
#5211 = LINE('',#5208,#5210);
#5212 = EDGE_CURVE('',#5198,#5200,#5211,.T.);
#5213 = CARTESIAN_POINT('',(38.12704,6.84705,1.50000));
#5214 = DIRECTION('',(-0.707107,0.707107,0.000000));
#5215 = VECTOR('',#5214,0.03627);
#5216 = LINE('',#5213,#5215);
#5217 = EDGE_CURVE('',#5200,#5202,#5216,.T.);
#5218 = CARTESIAN_POINT('',(38.10139,6.87270,1.50000));
#5219 = DIRECTION('',(0.000000,0.000000,-1.000000));
#5220 = VECTOR('',#5219,1.50000);
#5221 = LINE('',#5218,#5220);
#5222 = EDGE_CURVE('',#5202,#5196,#5221,.T.);
#5223 = ORIENTED_EDGE('',*,*,#5207,.T.);
#5224 = ORIENTED_EDGE('',*,*,#5212,.T.);
#5225 = ORIENTED_EDGE('',*,*,#5217,.T.);
#5226 = ORIENTED_EDGE('',*,*,#5222,.T.);
#5227 = EDGE_LOOP('',(#5223,#5224,#5225,#5226));
#5228 = FACE_OUTER_BOUND('',#5227,.T.);
#5229 = CARTESIAN_POINT('',(38.10139,6.87270,0.00000));
#5230 = DIRECTION('',(-0.707107,-0.707107,0.000000));
#5231 = DIRECTION('',(0.707107,-0.707107,0.000000));
#5232 = AXIS2_PLACEMENT_3D('',#5229,#5230,#5231);
#5233 = PLANE('',#5232);
#5234 = ADVANCED_FACE('',(#5228),#5233,.T.);
#5235 = CARTESIAN_POINT('',(38.12704,6.84705,0.00000));
#5236 = VERTEX_POINT('',#5235);
#5237 = CARTESIAN_POINT('',(38.14878,6.81801,0.00000));
#5238 = VERTEX_POINT('',#5237);
#5239 = CARTESIAN_POINT('',(38.14878,6.81801,1.50000));
#5240 = VERTEX_POINT('',#5239);
#5241 = CARTESIAN_POINT('',(38.12704,6.84705,1.50000));
#5242 = VERTEX_POINT('',#5241);
#5243 = CARTESIAN_POINT('',(38.12704,6.84705,0.00000));
#5244 = DIRECTION('',(0.599277,-0.800542,0.000000));
#5245 = VECTOR('',#5244,0.03627);
#5246 = LINE('',#5243,#5245);
#5247 = EDGE_CURVE('',#5236,#5238,#5246,.T.);
#5248 = CARTESIAN_POINT('',(38.14878,6.81801,0.00000));
#5249 = DIRECTION('',(0.000000,0.000000,1.000000));
#5250 = VECTOR('',#5249,1.50000);
#5251 = LINE('',#5248,#5250);
#5252 = EDGE_CURVE('',#5238,#5240,#5251,.T.);
#5253 = CARTESIAN_POINT('',(38.14878,6.81801,1.50000));
#5254 = DIRECTION('',(-0.599277,0.800542,0.000000));
#5255 = VECTOR('',#5254,0.03627);
#5256 = LINE('',#5253,#5255);
#5257 = EDGE_CURVE('',#5240,#5242,#5256,.T.);
#5258 = CARTESIAN_POINT('',(38.12704,6.84705,1.50000));
#5259 = DIRECTION('',(0.000000,0.000000,-1.000000));
#5260 = VECTOR('',#5259,1.50000);
#5261 = LINE('',#5258,#5260);
#5262 = EDGE_CURVE('',#5242,#5236,#5261,.T.);
#5263 = ORIENTED_EDGE('',*,*,#5247,.T.);
#5264 = ORIENTED_EDGE('',*,*,#5252,.T.);
#5265 = ORIENTED_EDGE('',*,*,#5257,.T.);
#5266 = ORIENTED_EDGE('',*,*,#5262,.T.);
#5267 = EDGE_LOOP('',(#5263,#5264,#5265,#5266));
#5268 = FACE_OUTER_BOUND('',#5267,.T.);
#5269 = CARTESIAN_POINT('',(38.12704,6.84705,0.00000));
#5270 = DIRECTION('',(-0.800542,-0.599277,0.000000));
#5271 = DIRECTION('',(0.599277,-0.800542,0.000000));
#5272 = AXIS2_PLACEMENT_3D('',#5269,#5270,#5271);
#5273 = PLANE('',#5272);
#5274 = ADVANCED_FACE('',(#5268),#5273,.T.);
#5275 = CARTESIAN_POINT('',(38.14878,6.81801,0.00000));
#5276 = VERTEX_POINT('',#5275);
#5277 = CARTESIAN_POINT('',(38.16616,6.78617,0.00000));
#5278 = VERTEX_POINT('',#5277);
#5279 = CARTESIAN_POINT('',(38.16616,6.78617,1.50000));
#5280 = VERTEX_POINT('',#5279);
#5281 = CARTESIAN_POINT('',(38.14878,6.81801,1.50000));
#5282 = VERTEX_POINT('',#5281);
#5283 = CARTESIAN_POINT('',(38.14878,6.81801,0.00000));
#5284 = DIRECTION('',(0.479248,-0.877680,0.000000));
#5285 = VECTOR('',#5284,0.03627);
#5286 = LINE('',#5283,#5285);
#5287 = EDGE_CURVE('',#5276,#5278,#5286,.T.);
#5288 = CARTESIAN_POINT('',(38.16616,6.78617,0.00000));
#5289 = DIRECTION('',(0.000000,0.000000,1.000000));
#5290 = VECTOR('',#5289,1.50000);
#5291 = LINE('',#5288,#5290);
#5292 = EDGE_CURVE('',#5278,#5280,#5291,.T.);
#5293 = CARTESIAN_POINT('',(38.16616,6.78617,1.50000));
#5294 = DIRECTION('',(-0.479248,0.877680,0.000000));
#5295 = VECTOR('',#5294,0.03627);
#5296 = LINE('',#5293,#5295);
#5297 = EDGE_CURVE('',#5280,#5282,#5296,.T.);
#5298 = CARTESIAN_POINT('',(38.14878,6.81801,1.50000));
#5299 = DIRECTION('',(0.000000,0.000000,-1.000000));
#5300 = VECTOR('',#5299,1.50000);
#5301 = LINE('',#5298,#5300);
#5302 = EDGE_CURVE('',#5282,#5276,#5301,.T.);
#5303 = ORIENTED_EDGE('',*,*,#5287,.T.);
#5304 = ORIENTED_EDGE('',*,*,#5292,.T.);
#5305 = ORIENTED_EDGE('',*,*,#5297,.T.);
#5306 = ORIENTED_EDGE('',*,*,#5302,.T.);
#5307 = EDGE_LOOP('',(#5303,#5304,#5305,#5306));
#5308 = FACE_OUTER_BOUND('',#5307,.T.);
#5309 = CARTESIAN_POINT('',(38.14878,6.81801,0.00000));
#5310 = DIRECTION('',(-0.877680,-0.479248,0.000000));
#5311 = DIRECTION('',(0.479248,-0.877680,0.000000));
#5312 = AXIS2_PLACEMENT_3D('',#5309,#5310,#5311);
#5313 = PLANE('',#5312);
#5314 = ADVANCED_FACE('',(#5308),#5313,.T.);
#5315 = CARTESIAN_POINT('',(38.16616,6.78617,0.00000));
#5316 = VERTEX_POINT('',#5315);
#5317 = CARTESIAN_POINT('',(38.17884,6.75219,0.00000));
#5318 = VERTEX_POINT('',#5317);
#5319 = CARTESIAN_POINT('',(38.17884,6.75219,1.50000));
#5320 = VERTEX_POINT('',#5319);
#5321 = CARTESIAN_POINT('',(38.16616,6.78617,1.50000));
#5322 = VERTEX_POINT('',#5321);
#5323 = CARTESIAN_POINT('',(38.16616,6.78617,0.00000));
#5324 = DIRECTION('',(0.349462,-0.936950,0.000000));
#5325 = VECTOR('',#5324,0.03627);
#5326 = LINE('',#5323,#5325);
#5327 = EDGE_CURVE('',#5316,#5318,#5326,.T.);
#5328 = CARTESIAN_POINT('',(38.17884,6.75219,0.00000));
#5329 = DIRECTION('',(0.000000,0.000000,1.000000));
#5330 = VECTOR('',#5329,1.50000);
#5331 = LINE('',#5328,#5330);
#5332 = EDGE_CURVE('',#5318,#5320,#5331,.T.);
#5333 = CARTESIAN_POINT('',(38.17884,6.75219,1.50000));
#5334 = DIRECTION('',(-0.349462,0.936950,0.000000));
#5335 = VECTOR('',#5334,0.03627);
#5336 = LINE('',#5333,#5335);
#5337 = EDGE_CURVE('',#5320,#5322,#5336,.T.);
#5338 = CARTESIAN_POINT('',(38.16616,6.78617,1.50000));
#5339 = DIRECTION('',(0.000000,0.000000,-1.000000));
#5340 = VECTOR('',#5339,1.50000);
#5341 = LINE('',#5338,#5340);
#5342 = EDGE_CURVE('',#5322,#5316,#5341,.T.);
#5343 = ORIENTED_EDGE('',*,*,#5327,.T.);
#5344 = ORIENTED_EDGE('',*,*,#5332,.T.);
#5345 = ORIENTED_EDGE('',*,*,#5337,.T.);
#5346 = ORIENTED_EDGE('',*,*,#5342,.T.);
#5347 = EDGE_LOOP('',(#5343,#5344,#5345,#5346));
#5348 = FACE_OUTER_BOUND('',#5347,.T.);
#5349 = CARTESIAN_POINT('',(38.16616,6.78617,0.00000));
#5350 = DIRECTION('',(-0.936950,-0.349462,0.000000));
#5351 = DIRECTION('',(0.349462,-0.936950,0.000000));
#5352 = AXIS2_PLACEMENT_3D('',#5349,#5350,#5351);
#5353 = PLANE('',#5352);
#5354 = ADVANCED_FACE('',(#5348),#5353,.T.);
#5355 = CARTESIAN_POINT('',(38.17884,6.75219,0.00000));
#5356 = VERTEX_POINT('',#5355);
#5357 = CARTESIAN_POINT('',(38.18655,6.71674,0.00000));
#5358 = VERTEX_POINT('',#5357);
#5359 = CARTESIAN_POINT('',(38.18655,6.71674,1.50000));
#5360 = VERTEX_POINT('',#5359);
#5361 = CARTESIAN_POINT('',(38.17884,6.75219,1.50000));
#5362 = VERTEX_POINT('',#5361);
#5363 = CARTESIAN_POINT('',(38.17884,6.75219,0.00000));
#5364 = DIRECTION('',(0.212562,-0.977147,0.000000));
#5365 = VECTOR('',#5364,0.03627);
#5366 = LINE('',#5363,#5365);
#5367 = EDGE_CURVE('',#5356,#5358,#5366,.T.);
#5368 = CARTESIAN_POINT('',(38.18655,6.71674,0.00000));
#5369 = DIRECTION('',(0.000000,0.000000,1.000000));
#5370 = VECTOR('',#5369,1.50000);
#5371 = LINE('',#5368,#5370);
#5372 = EDGE_CURVE('',#5358,#5360,#5371,.T.);
#5373 = CARTESIAN_POINT('',(38.18655,6.71674,1.50000));
#5374 = DIRECTION('',(-0.212562,0.977147,0.000000));
#5375 = VECTOR('',#5374,0.03627);
#5376 = LINE('',#5373,#5375);
#5377 = EDGE_CURVE('',#5360,#5362,#5376,.T.);
#5378 = CARTESIAN_POINT('',(38.17884,6.75219,1.50000));
#5379 = DIRECTION('',(0.000000,0.000000,-1.000000));
#5380 = VECTOR('',#5379,1.50000);
#5381 = LINE('',#5378,#5380);
#5382 = EDGE_CURVE('',#5362,#5356,#5381,.T.);
#5383 = ORIENTED_EDGE('',*,*,#5367,.T.);
#5384 = ORIENTED_EDGE('',*,*,#5372,.T.);
#5385 = ORIENTED_EDGE('',*,*,#5377,.T.);
#5386 = ORIENTED_EDGE('',*,*,#5382,.T.);
#5387 = EDGE_LOOP('',(#5383,#5384,#5385,#5386));
#5388 = FACE_OUTER_BOUND('',#5387,.T.);
#5389 = CARTESIAN_POINT('',(38.17884,6.75219,0.00000));
#5390 = DIRECTION('',(-0.977147,-0.212562,0.000000));
#5391 = DIRECTION('',(0.212562,-0.977147,0.000000));
#5392 = AXIS2_PLACEMENT_3D('',#5389,#5390,#5391);
#5393 = PLANE('',#5392);
#5394 = ADVANCED_FACE('',(#5388),#5393,.T.);
#5395 = CARTESIAN_POINT('',(38.18655,6.71674,0.00000));
#5396 = VERTEX_POINT('',#5395);
#5397 = CARTESIAN_POINT('',(38.18914,6.68056,0.00000));
#5398 = VERTEX_POINT('',#5397);
#5399 = CARTESIAN_POINT('',(38.18914,6.68056,1.50000));
#5400 = VERTEX_POINT('',#5399);
#5401 = CARTESIAN_POINT('',(38.18655,6.71674,1.50000));
#5402 = VERTEX_POINT('',#5401);
#5403 = CARTESIAN_POINT('',(38.18655,6.71674,0.00000));
#5404 = DIRECTION('',(0.071336,-0.997452,0.000000));
#5405 = VECTOR('',#5404,0.03627);
#5406 = LINE('',#5403,#5405);
#5407 = EDGE_CURVE('',#5396,#5398,#5406,.T.);
#5408 = CARTESIAN_POINT('',(38.18914,6.68056,0.00000));
#5409 = DIRECTION('',(0.000000,0.000000,1.000000));
#5410 = VECTOR('',#5409,1.50000);
#5411 = LINE('',#5408,#5410);
#5412 = EDGE_CURVE('',#5398,#5400,#5411,.T.);
#5413 = CARTESIAN_POINT('',(38.18914,6.68056,1.50000));
#5414 = DIRECTION('',(-0.071336,0.997452,0.000000));
#5415 = VECTOR('',#5414,0.03627);
#5416 = LINE('',#5413,#5415);
#5417 = EDGE_CURVE('',#5400,#5402,#5416,.T.);
#5418 = CARTESIAN_POINT('',(38.18655,6.71674,1.50000));
#5419 = DIRECTION('',(0.000000,0.000000,-1.000000));
#5420 = VECTOR('',#5419,1.50000);
#5421 = LINE('',#5418,#5420);
#5422 = EDGE_CURVE('',#5402,#5396,#5421,.T.);
#5423 = ORIENTED_EDGE('',*,*,#5407,.T.);
#5424 = ORIENTED_EDGE('',*,*,#5412,.T.);
#5425 = ORIENTED_EDGE('',*,*,#5417,.T.);
#5426 = ORIENTED_EDGE('',*,*,#5422,.T.);
#5427 = EDGE_LOOP('',(#5423,#5424,#5425,#5426));
#5428 = FACE_OUTER_BOUND('',#5427,.T.);
#5429 = CARTESIAN_POINT('',(38.18655,6.71674,0.00000));
#5430 = DIRECTION('',(-0.997452,-0.071336,0.000000));
#5431 = DIRECTION('',(0.071336,-0.997452,0.000000));
#5432 = AXIS2_PLACEMENT_3D('',#5429,#5430,#5431);
#5433 = PLANE('',#5432);
#5434 = ADVANCED_FACE('',(#5428),#5433,.T.);
#5435 = CARTESIAN_POINT('',(38.18914,6.68056,0.00000));
#5436 = VERTEX_POINT('',#5435);
#5437 = CARTESIAN_POINT('',(38.18914,2.79436,0.00000));
#5438 = VERTEX_POINT('',#5437);
#5439 = CARTESIAN_POINT('',(38.18914,2.79436,1.50000));
#5440 = VERTEX_POINT('',#5439);
#5441 = CARTESIAN_POINT('',(38.18914,6.68056,1.50000));
#5442 = VERTEX_POINT('',#5441);
#5443 = CARTESIAN_POINT('',(38.18914,6.68056,0.00000));
#5444 = DIRECTION('',(0.000000,-1.000000,0.000000));
#5445 = VECTOR('',#5444,3.88620);
#5446 = LINE('',#5443,#5445);
#5447 = EDGE_CURVE('',#5436,#5438,#5446,.T.);
#5448 = CARTESIAN_POINT('',(38.18914,2.79436,0.00000));
#5449 = DIRECTION('',(0.000000,0.000000,1.000000));
#5450 = VECTOR('',#5449,1.50000);
#5451 = LINE('',#5448,#5450);
#5452 = EDGE_CURVE('',#5438,#5440,#5451,.T.);
#5453 = CARTESIAN_POINT('',(38.18914,2.79436,1.50000));
#5454 = DIRECTION('',(-0.000000,1.000000,0.000000));
#5455 = VECTOR('',#5454,3.88620);
#5456 = LINE('',#5453,#5455);
#5457 = EDGE_CURVE('',#5440,#5442,#5456,.T.);
#5458 = CARTESIAN_POINT('',(38.18914,6.68056,1.50000));
#5459 = DIRECTION('',(0.000000,0.000000,-1.000000));
#5460 = VECTOR('',#5459,1.50000);
#5461 = LINE('',#5458,#5460);
#5462 = EDGE_CURVE('',#5442,#5436,#5461,.T.);
#5463 = ORIENTED_EDGE('',*,*,#5447,.T.);
#5464 = ORIENTED_EDGE('',*,*,#5452,.T.);
#5465 = ORIENTED_EDGE('',*,*,#5457,.T.);
#5466 = ORIENTED_EDGE('',*,*,#5462,.T.);
#5467 = EDGE_LOOP('',(#5463,#5464,#5465,#5466));
#5468 = FACE_OUTER_BOUND('',#5467,.T.);
#5469 = CARTESIAN_POINT('',(38.18914,6.68056,0.00000));
#5470 = DIRECTION('',(-1.000000,-0.000000,0.000000));
#5471 = DIRECTION('',(0.000000,-1.000000,0.000000));
#5472 = AXIS2_PLACEMENT_3D('',#5469,#5470,#5471);
#5473 = PLANE('',#5472);
#5474 = ADVANCED_FACE('',(#5468),#5473,.T.);
#5475 = CARTESIAN_POINT('',(38.18914,2.79436,0.00000));
#5476 = VERTEX_POINT('',#5475);
#5477 = CARTESIAN_POINT('',(38.19069,2.77271,0.00000));
#5478 = VERTEX_POINT('',#5477);
#5479 = CARTESIAN_POINT('',(38.19069,2.77271,1.50000));
#5480 = VERTEX_POINT('',#5479);
#5481 = CARTESIAN_POINT('',(38.18914,2.79436,1.50000));
#5482 = VERTEX_POINT('',#5481);
#5483 = CARTESIAN_POINT('',(38.18914,2.79436,0.00000));
#5484 = DIRECTION('',(0.071349,-0.997451,0.000000));
#5485 = VECTOR('',#5484,0.02171);
#5486 = LINE('',#5483,#5485);
#5487 = EDGE_CURVE('',#5476,#5478,#5486,.T.);
#5488 = CARTESIAN_POINT('',(38.19069,2.77271,0.00000));
#5489 = DIRECTION('',(0.000000,0.000000,1.000000));
#5490 = VECTOR('',#5489,1.50000);
#5491 = LINE('',#5488,#5490);
#5492 = EDGE_CURVE('',#5478,#5480,#5491,.T.);
#5493 = CARTESIAN_POINT('',(38.19069,2.77271,1.50000));
#5494 = DIRECTION('',(-0.071349,0.997451,0.000000));
#5495 = VECTOR('',#5494,0.02171);
#5496 = LINE('',#5493,#5495);
#5497 = EDGE_CURVE('',#5480,#5482,#5496,.T.);
#5498 = CARTESIAN_POINT('',(38.18914,2.79436,1.50000));
#5499 = DIRECTION('',(0.000000,0.000000,-1.000000));
#5500 = VECTOR('',#5499,1.50000);
#5501 = LINE('',#5498,#5500);
#5502 = EDGE_CURVE('',#5482,#5476,#5501,.T.);
#5503 = ORIENTED_EDGE('',*,*,#5487,.T.);
#5504 = ORIENTED_EDGE('',*,*,#5492,.T.);
#5505 = ORIENTED_EDGE('',*,*,#5497,.T.);
#5506 = ORIENTED_EDGE('',*,*,#5502,.T.);
#5507 = EDGE_LOOP('',(#5503,#5504,#5505,#5506));
#5508 = FACE_OUTER_BOUND('',#5507,.T.);
#5509 = CARTESIAN_POINT('',(38.18914,2.79436,0.00000));
#5510 = DIRECTION('',(-0.997451,-0.071349,0.000000));
#5511 = DIRECTION('',(0.071349,-0.997451,0.000000));
#5512 = AXIS2_PLACEMENT_3D('',#5509,#5510,#5511);
#5513 = PLANE('',#5512);
#5514 = ADVANCED_FACE('',(#5508),#5513,.T.);
#5515 = CARTESIAN_POINT('',(38.19069,2.77271,0.00000));
#5516 = VERTEX_POINT('',#5515);
#5517 = CARTESIAN_POINT('',(38.19530,2.75149,0.00000));
#5518 = VERTEX_POINT('',#5517);
#5519 = CARTESIAN_POINT('',(38.19530,2.75149,1.50000));
#5520 = VERTEX_POINT('',#5519);
#5521 = CARTESIAN_POINT('',(38.19069,2.77271,1.50000));
#5522 = VERTEX_POINT('',#5521);
#5523 = CARTESIAN_POINT('',(38.19069,2.77271,0.00000));
#5524 = DIRECTION('',(0.212573,-0.977145,0.000000));
#5525 = VECTOR('',#5524,0.02171);
#5526 = LINE('',#5523,#5525);
#5527 = EDGE_CURVE('',#5516,#5518,#5526,.T.);
#5528 = CARTESIAN_POINT('',(38.19530,2.75149,0.00000));
#5529 = DIRECTION('',(0.000000,0.000000,1.000000));
#5530 = VECTOR('',#5529,1.50000);
#5531 = LINE('',#5528,#5530);
#5532 = EDGE_CURVE('',#5518,#5520,#5531,.T.);
#5533 = CARTESIAN_POINT('',(38.19530,2.75149,1.50000));
#5534 = DIRECTION('',(-0.212573,0.977145,0.000000));
#5535 = VECTOR('',#5534,0.02171);
#5536 = LINE('',#5533,#5535);
#5537 = EDGE_CURVE('',#5520,#5522,#5536,.T.);
#5538 = CARTESIAN_POINT('',(38.19069,2.77271,1.50000));
#5539 = DIRECTION('',(0.000000,0.000000,-1.000000));
#5540 = VECTOR('',#5539,1.50000);
#5541 = LINE('',#5538,#5540);
#5542 = EDGE_CURVE('',#5522,#5516,#5541,.T.);
#5543 = ORIENTED_EDGE('',*,*,#5527,.T.);
#5544 = ORIENTED_EDGE('',*,*,#5532,.T.);
#5545 = ORIENTED_EDGE('',*,*,#5537,.T.);
#5546 = ORIENTED_EDGE('',*,*,#5542,.T.);
#5547 = EDGE_LOOP('',(#5543,#5544,#5545,#5546));
#5548 = FACE_OUTER_BOUND('',#5547,.T.);
#5549 = CARTESIAN_POINT('',(38.19069,2.77271,0.00000));
#5550 = DIRECTION('',(-0.977145,-0.212573,0.000000));
#5551 = DIRECTION('',(0.212573,-0.977145,0.000000));
#5552 = AXIS2_PLACEMENT_3D('',#5549,#5550,#5551);
#5553 = PLANE('',#5552);
#5554 = ADVANCED_FACE('',(#5548),#5553,.T.);
#5555 = CARTESIAN_POINT('',(38.19530,2.75149,0.00000));
#5556 = VERTEX_POINT('',#5555);
#5557 = CARTESIAN_POINT('',(38.20289,2.73115,0.00000));
#5558 = VERTEX_POINT('',#5557);
#5559 = CARTESIAN_POINT('',(38.20289,2.73115,1.50000));
#5560 = VERTEX_POINT('',#5559);
#5561 = CARTESIAN_POINT('',(38.19530,2.75149,1.50000));
#5562 = VERTEX_POINT('',#5561);
#5563 = CARTESIAN_POINT('',(38.19530,2.75149,0.00000));
#5564 = DIRECTION('',(0.349470,-0.936948,0.000000));
#5565 = VECTOR('',#5564,0.02171);
#5566 = LINE('',#5563,#5565);
#5567 = EDGE_CURVE('',#5556,#5558,#5566,.T.);
#5568 = CARTESIAN_POINT('',(38.20289,2.73115,0.00000));
#5569 = DIRECTION('',(0.000000,0.000000,1.000000));
#5570 = VECTOR('',#5569,1.50000);
#5571 = LINE('',#5568,#5570);
#5572 = EDGE_CURVE('',#5558,#5560,#5571,.T.);
#5573 = CARTESIAN_POINT('',(38.20289,2.73115,1.50000));
#5574 = DIRECTION('',(-0.349470,0.936948,0.000000));
#5575 = VECTOR('',#5574,0.02171);
#5576 = LINE('',#5573,#5575);
#5577 = EDGE_CURVE('',#5560,#5562,#5576,.T.);
#5578 = CARTESIAN_POINT('',(38.19530,2.75149,1.50000));
#5579 = DIRECTION('',(0.000000,0.000000,-1.000000));
#5580 = VECTOR('',#5579,1.50000);
#5581 = LINE('',#5578,#5580);
#5582 = EDGE_CURVE('',#5562,#5556,#5581,.T.);
#5583 = ORIENTED_EDGE('',*,*,#5567,.T.);
#5584 = ORIENTED_EDGE('',*,*,#5572,.T.);
#5585 = ORIENTED_EDGE('',*,*,#5577,.T.);
#5586 = ORIENTED_EDGE('',*,*,#5582,.T.);
#5587 = EDGE_LOOP('',(#5583,#5584,#5585,#5586));
#5588 = FACE_OUTER_BOUND('',#5587,.T.);
#5589 = CARTESIAN_POINT('',(38.19530,2.75149,0.00000));
#5590 = DIRECTION('',(-0.936948,-0.349470,0.000000));
#5591 = DIRECTION('',(0.349470,-0.936948,0.000000));
#5592 = AXIS2_PLACEMENT_3D('',#5589,#5590,#5591);
#5593 = PLANE('',#5592);
#5594 = ADVANCED_FACE('',(#5588),#5593,.T.);
#5595 = CARTESIAN_POINT('',(38.20289,2.73115,0.00000));
#5596 = VERTEX_POINT('',#5595);
#5597 = CARTESIAN_POINT('',(38.21329,2.71209,0.00000));
#5598 = VERTEX_POINT('',#5597);
#5599 = CARTESIAN_POINT('',(38.21329,2.71209,1.50000));
#5600 = VERTEX_POINT('',#5599);
#5601 = CARTESIAN_POINT('',(38.20289,2.73115,1.50000));
#5602 = VERTEX_POINT('',#5601);
#5603 = CARTESIAN_POINT('',(38.20289,2.73115,0.00000));
#5604 = DIRECTION('',(0.479252,-0.877677,0.000000));
#5605 = VECTOR('',#5604,0.02171);
#5606 = LINE('',#5603,#5605);
#5607 = EDGE_CURVE('',#5596,#5598,#5606,.T.);
#5608 = CARTESIAN_POINT('',(38.21329,2.71209,0.00000));
#5609 = DIRECTION('',(0.000000,0.000000,1.000000));
#5610 = VECTOR('',#5609,1.50000);
#5611 = LINE('',#5608,#5610);
#5612 = EDGE_CURVE('',#5598,#5600,#5611,.T.);
#5613 = CARTESIAN_POINT('',(38.21329,2.71209,1.50000));
#5614 = DIRECTION('',(-0.479252,0.877677,0.000000));
#5615 = VECTOR('',#5614,0.02171);
#5616 = LINE('',#5613,#5615);
#5617 = EDGE_CURVE('',#5600,#5602,#5616,.T.);
#5618 = CARTESIAN_POINT('',(38.20289,2.73115,1.50000));
#5619 = DIRECTION('',(0.000000,0.000000,-1.000000));
#5620 = VECTOR('',#5619,1.50000);
#5621 = LINE('',#5618,#5620);
#5622 = EDGE_CURVE('',#5602,#5596,#5621,.T.);
#5623 = ORIENTED_EDGE('',*,*,#5607,.T.);
#5624 = ORIENTED_EDGE('',*,*,#5612,.T.);
#5625 = ORIENTED_EDGE('',*,*,#5617,.T.);
#5626 = ORIENTED_EDGE('',*,*,#5622,.T.);
#5627 = EDGE_LOOP('',(#5623,#5624,#5625,#5626));
#5628 = FACE_OUTER_BOUND('',#5627,.T.);
#5629 = CARTESIAN_POINT('',(38.20289,2.73115,0.00000));
#5630 = DIRECTION('',(-0.877677,-0.479252,0.000000));
#5631 = DIRECTION('',(0.479252,-0.877677,0.000000));
#5632 = AXIS2_PLACEMENT_3D('',#5629,#5630,#5631);
#5633 = PLANE('',#5632);
#5634 = ADVANCED_FACE('',(#5628),#5633,.T.);
#5635 = CARTESIAN_POINT('',(38.21329,2.71209,0.00000));
#5636 = VERTEX_POINT('',#5635);
#5637 = CARTESIAN_POINT('',(38.22630,2.69471,0.00000));
#5638 = VERTEX_POINT('',#5637);
#5639 = CARTESIAN_POINT('',(38.22630,2.69471,1.50000));
#5640 = VERTEX_POINT('',#5639);
#5641 = CARTESIAN_POINT('',(38.21329,2.71209,1.50000));
#5642 = VERTEX_POINT('',#5641);
#5643 = CARTESIAN_POINT('',(38.21329,2.71209,0.00000));
#5644 = DIRECTION('',(0.599279,-0.800540,0.000000));
#5645 = VECTOR('',#5644,0.02171);
#5646 = LINE('',#5643,#5645);
#5647 = EDGE_CURVE('',#5636,#5638,#5646,.T.);
#5648 = CARTESIAN_POINT('',(38.22630,2.69471,0.00000));
#5649 = DIRECTION('',(0.000000,0.000000,1.000000));
#5650 = VECTOR('',#5649,1.50000);
#5651 = LINE('',#5648,#5650);
#5652 = EDGE_CURVE('',#5638,#5640,#5651,.T.);
#5653 = CARTESIAN_POINT('',(38.22630,2.69471,1.50000));
#5654 = DIRECTION('',(-0.599279,0.800540,0.000000));
#5655 = VECTOR('',#5654,0.02171);
#5656 = LINE('',#5653,#5655);
#5657 = EDGE_CURVE('',#5640,#5642,#5656,.T.);
#5658 = CARTESIAN_POINT('',(38.21329,2.71209,1.50000));
#5659 = DIRECTION('',(0.000000,0.000000,-1.000000));
#5660 = VECTOR('',#5659,1.50000);
#5661 = LINE('',#5658,#5660);
#5662 = EDGE_CURVE('',#5642,#5636,#5661,.T.);
#5663 = ORIENTED_EDGE('',*,*,#5647,.T.);
#5664 = ORIENTED_EDGE('',*,*,#5652,.T.);
#5665 = ORIENTED_EDGE('',*,*,#5657,.T.);
#5666 = ORIENTED_EDGE('',*,*,#5662,.T.);
#5667 = EDGE_LOOP('',(#5663,#5664,#5665,#5666));
#5668 = FACE_OUTER_BOUND('',#5667,.T.);
#5669 = CARTESIAN_POINT('',(38.21329,2.71209,0.00000));
#5670 = DIRECTION('',(-0.800540,-0.599279,0.000000));
#5671 = DIRECTION('',(0.599279,-0.800540,0.000000));
#5672 = AXIS2_PLACEMENT_3D('',#5669,#5670,#5671);
#5673 = PLANE('',#5672);
#5674 = ADVANCED_FACE('',(#5668),#5673,.T.);
#5675 = CARTESIAN_POINT('',(38.22630,2.69471,0.00000));
#5676 = VERTEX_POINT('',#5675);
#5677 = CARTESIAN_POINT('',(38.24165,2.67936,0.00000));
#5678 = VERTEX_POINT('',#5677);
#5679 = CARTESIAN_POINT('',(38.24165,2.67936,1.50000));
#5680 = VERTEX_POINT('',#5679);
#5681 = CARTESIAN_POINT('',(38.22630,2.69471,1.50000));
#5682 = VERTEX_POINT('',#5681);
#5683 = CARTESIAN_POINT('',(38.22630,2.69471,0.00000));
#5684 = DIRECTION('',(0.707107,-0.707107,0.000000));
#5685 = VECTOR('',#5684,0.02171);
#5686 = LINE('',#5683,#5685);
#5687 = EDGE_CURVE('',#5676,#5678,#5686,.T.);
#5688 = CARTESIAN_POINT('',(38.24165,2.67936,0.00000));
#5689 = DIRECTION('',(0.000000,0.000000,1.000000));
#5690 = VECTOR('',#5689,1.50000);
#5691 = LINE('',#5688,#5690);
#5692 = EDGE_CURVE('',#5678,#5680,#5691,.T.);
#5693 = CARTESIAN_POINT('',(38.24165,2.67936,1.50000));
#5694 = DIRECTION('',(-0.707107,0.707107,0.000000));
#5695 = VECTOR('',#5694,0.02171);
#5696 = LINE('',#5693,#5695);
#5697 = EDGE_CURVE('',#5680,#5682,#5696,.T.);
#5698 = CARTESIAN_POINT('',(38.22630,2.69471,1.50000));
#5699 = DIRECTION('',(0.000000,0.000000,-1.000000));
#5700 = VECTOR('',#5699,1.50000);
#5701 = LINE('',#5698,#5700);
#5702 = EDGE_CURVE('',#5682,#5676,#5701,.T.);
#5703 = ORIENTED_EDGE('',*,*,#5687,.T.);
#5704 = ORIENTED_EDGE('',*,*,#5692,.T.);
#5705 = ORIENTED_EDGE('',*,*,#5697,.T.);
#5706 = ORIENTED_EDGE('',*,*,#5702,.T.);
#5707 = EDGE_LOOP('',(#5703,#5704,#5705,#5706));
#5708 = FACE_OUTER_BOUND('',#5707,.T.);
#5709 = CARTESIAN_POINT('',(38.22630,2.69471,0.00000));
#5710 = DIRECTION('',(-0.707107,-0.707107,0.000000));
#5711 = DIRECTION('',(0.707107,-0.707107,0.000000));
#5712 = AXIS2_PLACEMENT_3D('',#5709,#5710,#5711);
#5713 = PLANE('',#5712);
#5714 = ADVANCED_FACE('',(#5708),#5713,.T.);
#5715 = CARTESIAN_POINT('',(38.24165,2.67936,0.00000));
#5716 = VERTEX_POINT('',#5715);
#5717 = CARTESIAN_POINT('',(38.25903,2.66635,0.00000));
#5718 = VERTEX_POINT('',#5717);
#5719 = CARTESIAN_POINT('',(38.25903,2.66635,1.50000));
#5720 = VERTEX_POINT('',#5719);
#5721 = CARTESIAN_POINT('',(38.24165,2.67936,1.50000));
#5722 = VERTEX_POINT('',#5721);
#5723 = CARTESIAN_POINT('',(38.24165,2.67936,0.00000));
#5724 = DIRECTION('',(0.800540,-0.599279,0.000000));
#5725 = VECTOR('',#5724,0.02171);
#5726 = LINE('',#5723,#5725);
#5727 = EDGE_CURVE('',#5716,#5718,#5726,.T.);
#5728 = CARTESIAN_POINT('',(38.25903,2.66635,0.00000));
#5729 = DIRECTION('',(0.000000,0.000000,1.000000));
#5730 = VECTOR('',#5729,1.50000);
#5731 = LINE('',#5728,#5730);
#5732 = EDGE_CURVE('',#5718,#5720,#5731,.T.);
#5733 = CARTESIAN_POINT('',(38.25903,2.66635,1.50000));
#5734 = DIRECTION('',(-0.800540,0.599279,0.000000));
#5735 = VECTOR('',#5734,0.02171);
#5736 = LINE('',#5733,#5735);
#5737 = EDGE_CURVE('',#5720,#5722,#5736,.T.);
#5738 = CARTESIAN_POINT('',(38.24165,2.67936,1.50000));
#5739 = DIRECTION('',(0.000000,0.000000,-1.000000));
#5740 = VECTOR('',#5739,1.50000);
#5741 = LINE('',#5738,#5740);
#5742 = EDGE_CURVE('',#5722,#5716,#5741,.T.);
#5743 = ORIENTED_EDGE('',*,*,#5727,.T.);
#5744 = ORIENTED_EDGE('',*,*,#5732,.T.);
#5745 = ORIENTED_EDGE('',*,*,#5737,.T.);
#5746 = ORIENTED_EDGE('',*,*,#5742,.T.);
#5747 = EDGE_LOOP('',(#5743,#5744,#5745,#5746));
#5748 = FACE_OUTER_BOUND('',#5747,.T.);
#5749 = CARTESIAN_POINT('',(38.24165,2.67936,0.00000));
#5750 = DIRECTION('',(-0.599279,-0.800540,0.000000));
#5751 = DIRECTION('',(0.800540,-0.599279,0.000000));
#5752 = AXIS2_PLACEMENT_3D('',#5749,#5750,#5751);
#5753 = PLANE('',#5752);
#5754 = ADVANCED_FACE('',(#5748),#5753,.T.);
#5755 = CARTESIAN_POINT('',(38.25903,2.66635,0.00000));
#5756 = VERTEX_POINT('',#5755);
#5757 = CARTESIAN_POINT('',(38.27809,2.65595,0.00000));
#5758 = VERTEX_POINT('',#5757);
#5759 = CARTESIAN_POINT('',(38.27809,2.65595,1.50000));
#5760 = VERTEX_POINT('',#5759);
#5761 = CARTESIAN_POINT('',(38.25903,2.66635,1.50000));
#5762 = VERTEX_POINT('',#5761);
#5763 = CARTESIAN_POINT('',(38.25903,2.66635,0.00000));
#5764 = DIRECTION('',(0.877677,-0.479252,0.000000));
#5765 = VECTOR('',#5764,0.02171);
#5766 = LINE('',#5763,#5765);
#5767 = EDGE_CURVE('',#5756,#5758,#5766,.T.);
#5768 = CARTESIAN_POINT('',(38.27809,2.65595,0.00000));
#5769 = DIRECTION('',(0.000000,0.000000,1.000000));
#5770 = VECTOR('',#5769,1.50000);
#5771 = LINE('',#5768,#5770);
#5772 = EDGE_CURVE('',#5758,#5760,#5771,.T.);
#5773 = CARTESIAN_POINT('',(38.27809,2.65595,1.50000));
#5774 = DIRECTION('',(-0.877677,0.479252,0.000000));
#5775 = VECTOR('',#5774,0.02171);
#5776 = LINE('',#5773,#5775);
#5777 = EDGE_CURVE('',#5760,#5762,#5776,.T.);
#5778 = CARTESIAN_POINT('',(38.25903,2.66635,1.50000));
#5779 = DIRECTION('',(0.000000,0.000000,-1.000000));
#5780 = VECTOR('',#5779,1.50000);
#5781 = LINE('',#5778,#5780);
#5782 = EDGE_CURVE('',#5762,#5756,#5781,.T.);
#5783 = ORIENTED_EDGE('',*,*,#5767,.T.);
#5784 = ORIENTED_EDGE('',*,*,#5772,.T.);
#5785 = ORIENTED_EDGE('',*,*,#5777,.T.);
#5786 = ORIENTED_EDGE('',*,*,#5782,.T.);
#5787 = EDGE_LOOP('',(#5783,#5784,#5785,#5786));
#5788 = FACE_OUTER_BOUND('',#5787,.T.);
#5789 = CARTESIAN_POINT('',(38.25903,2.66635,0.00000));
#5790 = DIRECTION('',(-0.479252,-0.877677,0.000000));
#5791 = DIRECTION('',(0.877677,-0.479252,0.000000));
#5792 = AXIS2_PLACEMENT_3D('',#5789,#5790,#5791);
#5793 = PLANE('',#5792);
#5794 = ADVANCED_FACE('',(#5788),#5793,.T.);
#5795 = CARTESIAN_POINT('',(38.27809,2.65595,0.00000));
#5796 = VERTEX_POINT('',#5795);
#5797 = CARTESIAN_POINT('',(38.29843,2.64836,0.00000));
#5798 = VERTEX_POINT('',#5797);
#5799 = CARTESIAN_POINT('',(38.29843,2.64836,1.50000));
#5800 = VERTEX_POINT('',#5799);
#5801 = CARTESIAN_POINT('',(38.27809,2.65595,1.50000));
#5802 = VERTEX_POINT('',#5801);
#5803 = CARTESIAN_POINT('',(38.27809,2.65595,0.00000));
#5804 = DIRECTION('',(0.936948,-0.349470,0.000000));
#5805 = VECTOR('',#5804,0.02171);
#5806 = LINE('',#5803,#5805);
#5807 = EDGE_CURVE('',#5796,#5798,#5806,.T.);
#5808 = CARTESIAN_POINT('',(38.29843,2.64836,0.00000));
#5809 = DIRECTION('',(0.000000,0.000000,1.000000));
#5810 = VECTOR('',#5809,1.50000);
#5811 = LINE('',#5808,#5810);
#5812 = EDGE_CURVE('',#5798,#5800,#5811,.T.);
#5813 = CARTESIAN_POINT('',(38.29843,2.64836,1.50000));
#5814 = DIRECTION('',(-0.936948,0.349470,0.000000));
#5815 = VECTOR('',#5814,0.02171);
#5816 = LINE('',#5813,#5815);
#5817 = EDGE_CURVE('',#5800,#5802,#5816,.T.);
#5818 = CARTESIAN_POINT('',(38.27809,2.65595,1.50000));
#5819 = DIRECTION('',(0.000000,0.000000,-1.000000));
#5820 = VECTOR('',#5819,1.50000);
#5821 = LINE('',#5818,#5820);
#5822 = EDGE_CURVE('',#5802,#5796,#5821,.T.);
#5823 = ORIENTED_EDGE('',*,*,#5807,.T.);
#5824 = ORIENTED_EDGE('',*,*,#5812,.T.);
#5825 = ORIENTED_EDGE('',*,*,#5817,.T.);
#5826 = ORIENTED_EDGE('',*,*,#5822,.T.);
#5827 = EDGE_LOOP('',(#5823,#5824,#5825,#5826));
#5828 = FACE_OUTER_BOUND('',#5827,.T.);
#5829 = CARTESIAN_POINT('',(38.27809,2.65595,0.00000));
#5830 = DIRECTION('',(-0.349470,-0.936948,0.000000));
#5831 = DIRECTION('',(0.936948,-0.349470,0.000000));
#5832 = AXIS2_PLACEMENT_3D('',#5829,#5830,#5831);
#5833 = PLANE('',#5832);
#5834 = ADVANCED_FACE('',(#5828),#5833,.T.);
#5835 = CARTESIAN_POINT('',(38.29843,2.64836,0.00000));
#5836 = VERTEX_POINT('',#5835);
#5837 = CARTESIAN_POINT('',(38.31965,2.64375,0.00000));
#5838 = VERTEX_POINT('',#5837);
#5839 = CARTESIAN_POINT('',(38.31965,2.64375,1.50000));
#5840 = VERTEX_POINT('',#5839);
#5841 = CARTESIAN_POINT('',(38.29843,2.64836,1.50000));
#5842 = VERTEX_POINT('',#5841);
#5843 = CARTESIAN_POINT('',(38.29843,2.64836,0.00000));
#5844 = DIRECTION('',(0.977145,-0.212573,0.000000));
#5845 = VECTOR('',#5844,0.02171);
#5846 = LINE('',#5843,#5845);
#5847 = EDGE_CURVE('',#5836,#5838,#5846,.T.);
#5848 = CARTESIAN_POINT('',(38.31965,2.64375,0.00000));
#5849 = DIRECTION('',(0.000000,0.000000,1.000000));
#5850 = VECTOR('',#5849,1.50000);
#5851 = LINE('',#5848,#5850);
#5852 = EDGE_CURVE('',#5838,#5840,#5851,.T.);
#5853 = CARTESIAN_POINT('',(38.31965,2.64375,1.50000));
#5854 = DIRECTION('',(-0.977145,0.212573,0.000000));
#5855 = VECTOR('',#5854,0.02171);
#5856 = LINE('',#5853,#5855);
#5857 = EDGE_CURVE('',#5840,#5842,#5856,.T.);
#5858 = CARTESIAN_POINT('',(38.29843,2.64836,1.50000));
#5859 = DIRECTION('',(0.000000,0.000000,-1.000000));
#5860 = VECTOR('',#5859,1.50000);
#5861 = LINE('',#5858,#5860);
#5862 = EDGE_CURVE('',#5842,#5836,#5861,.T.);
#5863 = ORIENTED_EDGE('',*,*,#5847,.T.);
#5864 = ORIENTED_EDGE('',*,*,#5852,.T.);
#5865 = ORIENTED_EDGE('',*,*,#5857,.T.);
#5866 = ORIENTED_EDGE('',*,*,#5862,.T.);
#5867 = EDGE_LOOP('',(#5863,#5864,#5865,#5866));
#5868 = FACE_OUTER_BOUND('',#5867,.T.);
#5869 = CARTESIAN_POINT('',(38.29843,2.64836,0.00000));
#5870 = DIRECTION('',(-0.212573,-0.977145,0.000000));
#5871 = DIRECTION('',(0.977145,-0.212573,0.000000));
#5872 = AXIS2_PLACEMENT_3D('',#5869,#5870,#5871);
#5873 = PLANE('',#5872);
#5874 = ADVANCED_FACE('',(#5868),#5873,.T.);
#5875 = CARTESIAN_POINT('',(38.31965,2.64375,0.00000));
#5876 = VERTEX_POINT('',#5875);
#5877 = CARTESIAN_POINT('',(38.34130,2.64220,0.00000));
#5878 = VERTEX_POINT('',#5877);
#5879 = CARTESIAN_POINT('',(38.34130,2.64220,1.50000));
#5880 = VERTEX_POINT('',#5879);
#5881 = CARTESIAN_POINT('',(38.31965,2.64375,1.50000));
#5882 = VERTEX_POINT('',#5881);
#5883 = CARTESIAN_POINT('',(38.31965,2.64375,0.00000));
#5884 = DIRECTION('',(0.997451,-0.071349,0.000000));
#5885 = VECTOR('',#5884,0.02171);
#5886 = LINE('',#5883,#5885);
#5887 = EDGE_CURVE('',#5876,#5878,#5886,.T.);
#5888 = CARTESIAN_POINT('',(38.34130,2.64220,0.00000));
#5889 = DIRECTION('',(0.000000,0.000000,1.000000));
#5890 = VECTOR('',#5889,1.50000);
#5891 = LINE('',#5888,#5890);
#5892 = EDGE_CURVE('',#5878,#5880,#5891,.T.);
#5893 = CARTESIAN_POINT('',(38.34130,2.64220,1.50000));
#5894 = DIRECTION('',(-0.997451,0.071349,0.000000));
#5895 = VECTOR('',#5894,0.02171);
#5896 = LINE('',#5893,#5895);
#5897 = EDGE_CURVE('',#5880,#5882,#5896,.T.);
#5898 = CARTESIAN_POINT('',(38.31965,2.64375,1.50000));
#5899 = DIRECTION('',(0.000000,0.000000,-1.000000));
#5900 = VECTOR('',#5899,1.50000);
#5901 = LINE('',#5898,#5900);
#5902 = EDGE_CURVE('',#5882,#5876,#5901,.T.);
#5903 = ORIENTED_EDGE('',*,*,#5887,.T.);
#5904 = ORIENTED_EDGE('',*,*,#5892,.T.);
#5905 = ORIENTED_EDGE('',*,*,#5897,.T.);
#5906 = ORIENTED_EDGE('',*,*,#5902,.T.);
#5907 = EDGE_LOOP('',(#5903,#5904,#5905,#5906));
#5908 = FACE_OUTER_BOUND('',#5907,.T.);
#5909 = CARTESIAN_POINT('',(38.31965,2.64375,0.00000));
#5910 = DIRECTION('',(-0.071349,-0.997451,0.000000));
#5911 = DIRECTION('',(0.997451,-0.071349,0.000000));
#5912 = AXIS2_PLACEMENT_3D('',#5909,#5910,#5911);
#5913 = PLANE('',#5912);
#5914 = ADVANCED_FACE('',(#5908),#5913,.T.);
#5915 = CARTESIAN_POINT('',(38.34130,2.64220,0.00000));
#5916 = VERTEX_POINT('',#5915);
#5917 = CARTESIAN_POINT('',(57.18810,2.64220,0.00000));
#5918 = VERTEX_POINT('',#5917);
#5919 = CARTESIAN_POINT('',(57.18810,2.64220,1.50000));
#5920 = VERTEX_POINT('',#5919);
#5921 = CARTESIAN_POINT('',(38.34130,2.64220,1.50000));
#5922 = VERTEX_POINT('',#5921);
#5923 = CARTESIAN_POINT('',(38.34130,2.64220,0.00000));
#5924 = DIRECTION('',(1.000000,0.000000,0.000000));
#5925 = VECTOR('',#5924,18.84680);
#5926 = LINE('',#5923,#5925);
#5927 = EDGE_CURVE('',#5916,#5918,#5926,.T.);
#5928 = CARTESIAN_POINT('',(57.18810,2.64220,0.00000));
#5929 = DIRECTION('',(0.000000,0.000000,1.000000));
#5930 = VECTOR('',#5929,1.50000);
#5931 = LINE('',#5928,#5930);
#5932 = EDGE_CURVE('',#5918,#5920,#5931,.T.);
#5933 = CARTESIAN_POINT('',(57.18810,2.64220,1.50000));
#5934 = DIRECTION('',(-1.000000,-0.000000,0.000000));
#5935 = VECTOR('',#5934,18.84680);
#5936 = LINE('',#5933,#5935);
#5937 = EDGE_CURVE('',#5920,#5922,#5936,.T.);
#5938 = CARTESIAN_POINT('',(38.34130,2.64220,1.50000));
#5939 = DIRECTION('',(0.000000,0.000000,-1.000000));
#5940 = VECTOR('',#5939,1.50000);
#5941 = LINE('',#5938,#5940);
#5942 = EDGE_CURVE('',#5922,#5916,#5941,.T.);
#5943 = ORIENTED_EDGE('',*,*,#5927,.T.);
#5944 = ORIENTED_EDGE('',*,*,#5932,.T.);
#5945 = ORIENTED_EDGE('',*,*,#5937,.T.);
#5946 = ORIENTED_EDGE('',*,*,#5942,.T.);
#5947 = EDGE_LOOP('',(#5943,#5944,#5945,#5946));
#5948 = FACE_OUTER_BOUND('',#5947,.T.);
#5949 = CARTESIAN_POINT('',(38.34130,2.64220,0.00000));
#5950 = DIRECTION('',(0.000000,-1.000000,0.000000));
#5951 = DIRECTION('',(1.000000,0.000000,0.000000));
#5952 = AXIS2_PLACEMENT_3D('',#5949,#5950,#5951);
#5953 = PLANE('',#5952);
#5954 = ADVANCED_FACE('',(#5948),#5953,.T.);
#5955 = CARTESIAN_POINT('',(57.18810,2.64220,0.00000));
#5956 = VERTEX_POINT('',#5955);
#5957 = CARTESIAN_POINT('',(57.22067,2.63987,0.00000));
#5958 = VERTEX_POINT('',#5957);
#5959 = CARTESIAN_POINT('',(57.22067,2.63987,1.50000));
#5960 = VERTEX_POINT('',#5959);
#5961 = CARTESIAN_POINT('',(57.18810,2.64220,1.50000));
#5962 = VERTEX_POINT('',#5961);
#5963 = CARTESIAN_POINT('',(57.18810,2.64220,0.00000));
#5964 = DIRECTION('',(0.997452,-0.071342,0.000000));
#5965 = VECTOR('',#5964,0.03265);
#5966 = LINE('',#5963,#5965);
#5967 = EDGE_CURVE('',#5956,#5958,#5966,.T.);
#5968 = CARTESIAN_POINT('',(57.22067,2.63987,0.00000));
#5969 = DIRECTION('',(0.000000,0.000000,1.000000));
#5970 = VECTOR('',#5969,1.50000);
#5971 = LINE('',#5968,#5970);
#5972 = EDGE_CURVE('',#5958,#5960,#5971,.T.);
#5973 = CARTESIAN_POINT('',(57.22067,2.63987,1.50000));
#5974 = DIRECTION('',(-0.997452,0.071342,0.000000));
#5975 = VECTOR('',#5974,0.03265);
#5976 = LINE('',#5973,#5975);
#5977 = EDGE_CURVE('',#5960,#5962,#5976,.T.);
#5978 = CARTESIAN_POINT('',(57.18810,2.64220,1.50000));
#5979 = DIRECTION('',(0.000000,0.000000,-1.000000));
#5980 = VECTOR('',#5979,1.50000);
#5981 = LINE('',#5978,#5980);
#5982 = EDGE_CURVE('',#5962,#5956,#5981,.T.);
#5983 = ORIENTED_EDGE('',*,*,#5967,.T.);
#5984 = ORIENTED_EDGE('',*,*,#5972,.T.);
#5985 = ORIENTED_EDGE('',*,*,#5977,.T.);
#5986 = ORIENTED_EDGE('',*,*,#5982,.T.);
#5987 = EDGE_LOOP('',(#5983,#5984,#5985,#5986));
#5988 = FACE_OUTER_BOUND('',#5987,.T.);
#5989 = CARTESIAN_POINT('',(57.18810,2.64220,0.00000));
#5990 = DIRECTION('',(-0.071342,-0.997452,0.000000));
#5991 = DIRECTION('',(0.997452,-0.071342,0.000000));
#5992 = AXIS2_PLACEMENT_3D('',#5989,#5990,#5991);
#5993 = PLANE('',#5992);
#5994 = ADVANCED_FACE('',(#5988),#5993,.T.);
#5995 = CARTESIAN_POINT('',(57.22067,2.63987,0.00000));
#5996 = VERTEX_POINT('',#5995);
#5997 = CARTESIAN_POINT('',(57.25257,2.63293,0.00000));
#5998 = VERTEX_POINT('',#5997);
#5999 = CARTESIAN_POINT('',(57.25257,2.63293,1.50000));
#6000 = VERTEX_POINT('',#5999);
#6001 = CARTESIAN_POINT('',(57.22067,2.63987,1.50000));
#6002 = VERTEX_POINT('',#6001);
#6003 = CARTESIAN_POINT('',(57.22067,2.63987,0.00000));
#6004 = DIRECTION('',(0.977146,-0.212567,0.000000));
#6005 = VECTOR('',#6004,0.03265);
#6006 = LINE('',#6003,#6005);
#6007 = EDGE_CURVE('',#5996,#5998,#6006,.T.);
#6008 = CARTESIAN_POINT('',(57.25257,2.63293,0.00000));
#6009 = DIRECTION('',(0.000000,0.000000,1.000000));
#6010 = VECTOR('',#6009,1.50000);
#6011 = LINE('',#6008,#6010);
#6012 = EDGE_CURVE('',#5998,#6000,#6011,.T.);
#6013 = CARTESIAN_POINT('',(57.25257,2.63293,1.50000));
#6014 = DIRECTION('',(-0.977146,0.212567,0.000000));
#6015 = VECTOR('',#6014,0.03265);
#6016 = LINE('',#6013,#6015);
#6017 = EDGE_CURVE('',#6000,#6002,#6016,.T.);
#6018 = CARTESIAN_POINT('',(57.22067,2.63987,1.50000));
#6019 = DIRECTION('',(0.000000,0.000000,-1.000000));
#6020 = VECTOR('',#6019,1.50000);
#6021 = LINE('',#6018,#6020);
#6022 = EDGE_CURVE('',#6002,#5996,#6021,.T.);
#6023 = ORIENTED_EDGE('',*,*,#6007,.T.);
#6024 = ORIENTED_EDGE('',*,*,#6012,.T.);
#6025 = ORIENTED_EDGE('',*,*,#6017,.T.);
#6026 = ORIENTED_EDGE('',*,*,#6022,.T.);
#6027 = EDGE_LOOP('',(#6023,#6024,#6025,#6026));
#6028 = FACE_OUTER_BOUND('',#6027,.T.);
#6029 = CARTESIAN_POINT('',(57.22067,2.63987,0.00000));
#6030 = DIRECTION('',(-0.212567,-0.977146,0.000000));
#6031 = DIRECTION('',(0.977146,-0.212567,0.000000));
#6032 = AXIS2_PLACEMENT_3D('',#6029,#6030,#6031);
#6033 = PLANE('',#6032);
#6034 = ADVANCED_FACE('',(#6028),#6033,.T.);
#6035 = CARTESIAN_POINT('',(57.25257,2.63293,0.00000));
#6036 = VERTEX_POINT('',#6035);
#6037 = CARTESIAN_POINT('',(57.28316,2.62152,0.00000));
#6038 = VERTEX_POINT('',#6037);
#6039 = CARTESIAN_POINT('',(57.28316,2.62152,1.50000));
#6040 = VERTEX_POINT('',#6039);
#6041 = CARTESIAN_POINT('',(57.25257,2.63293,1.50000));
#6042 = VERTEX_POINT('',#6041);
#6043 = CARTESIAN_POINT('',(57.25257,2.63293,0.00000));
#6044 = DIRECTION('',(0.936949,-0.349466,0.000000));
#6045 = VECTOR('',#6044,0.03265);
#6046 = LINE('',#6043,#6045);
#6047 = EDGE_CURVE('',#6036,#6038,#6046,.T.);
#6048 = CARTESIAN_POINT('',(57.28316,2.62152,0.00000));
#6049 = DIRECTION('',(0.000000,0.000000,1.000000));
#6050 = VECTOR('',#6049,1.50000);
#6051 = LINE('',#6048,#6050);
#6052 = EDGE_CURVE('',#6038,#6040,#6051,.T.);
#6053 = CARTESIAN_POINT('',(57.28316,2.62152,1.50000));
#6054 = DIRECTION('',(-0.936949,0.349466,0.000000));
#6055 = VECTOR('',#6054,0.03265);
#6056 = LINE('',#6053,#6055);
#6057 = EDGE_CURVE('',#6040,#6042,#6056,.T.);
#6058 = CARTESIAN_POINT('',(57.25257,2.63293,1.50000));
#6059 = DIRECTION('',(0.000000,0.000000,-1.000000));
#6060 = VECTOR('',#6059,1.50000);
#6061 = LINE('',#6058,#6060);
#6062 = EDGE_CURVE('',#6042,#6036,#6061,.T.);
#6063 = ORIENTED_EDGE('',*,*,#6047,.T.);
#6064 = ORIENTED_EDGE('',*,*,#6052,.T.);
#6065 = ORIENTED_EDGE('',*,*,#6057,.T.);
#6066 = ORIENTED_EDGE('',*,*,#6062,.T.);
#6067 = EDGE_LOOP('',(#6063,#6064,#6065,#6066));
#6068 = FACE_OUTER_BOUND('',#6067,.T.);
#6069 = CARTESIAN_POINT('',(57.25257,2.63293,0.00000));
#6070 = DIRECTION('',(-0.349466,-0.936949,0.000000));
#6071 = DIRECTION('',(0.936949,-0.349466,0.000000));
#6072 = AXIS2_PLACEMENT_3D('',#6069,#6070,#6071);
#6073 = PLANE('',#6072);
#6074 = ADVANCED_FACE('',(#6068),#6073,.T.);
#6075 = CARTESIAN_POINT('',(57.28316,2.62152,0.00000));
#6076 = VERTEX_POINT('',#6075);
#6077 = CARTESIAN_POINT('',(57.31182,2.60587,0.00000));
#6078 = VERTEX_POINT('',#6077);
#6079 = CARTESIAN_POINT('',(57.31182,2.60587,1.50000));
#6080 = VERTEX_POINT('',#6079);
#6081 = CARTESIAN_POINT('',(57.28316,2.62152,1.50000));
#6082 = VERTEX_POINT('',#6081);
#6083 = CARTESIAN_POINT('',(57.28316,2.62152,0.00000));
#6084 = DIRECTION('',(0.877678,-0.479250,0.000000));
#6085 = VECTOR('',#6084,0.03265);
#6086 = LINE('',#6083,#6085);
#6087 = EDGE_CURVE('',#6076,#6078,#6086,.T.);
#6088 = CARTESIAN_POINT('',(57.31182,2.60587,0.00000));
#6089 = DIRECTION('',(0.000000,0.000000,1.000000));
#6090 = VECTOR('',#6089,1.50000);
#6091 = LINE('',#6088,#6090);
#6092 = EDGE_CURVE('',#6078,#6080,#6091,.T.);
#6093 = CARTESIAN_POINT('',(57.31182,2.60587,1.50000));
#6094 = DIRECTION('',(-0.877678,0.479250,0.000000));
#6095 = VECTOR('',#6094,0.03265);
#6096 = LINE('',#6093,#6095);
#6097 = EDGE_CURVE('',#6080,#6082,#6096,.T.);
#6098 = CARTESIAN_POINT('',(57.28316,2.62152,1.50000));
#6099 = DIRECTION('',(0.000000,0.000000,-1.000000));
#6100 = VECTOR('',#6099,1.50000);
#6101 = LINE('',#6098,#6100);
#6102 = EDGE_CURVE('',#6082,#6076,#6101,.T.);
#6103 = ORIENTED_EDGE('',*,*,#6087,.T.);
#6104 = ORIENTED_EDGE('',*,*,#6092,.T.);
#6105 = ORIENTED_EDGE('',*,*,#6097,.T.);
#6106 = ORIENTED_EDGE('',*,*,#6102,.T.);
#6107 = EDGE_LOOP('',(#6103,#6104,#6105,#6106));
#6108 = FACE_OUTER_BOUND('',#6107,.T.);
#6109 = CARTESIAN_POINT('',(57.28316,2.62152,0.00000));
#6110 = DIRECTION('',(-0.479250,-0.877678,0.000000));
#6111 = DIRECTION('',(0.877678,-0.479250,0.000000));
#6112 = AXIS2_PLACEMENT_3D('',#6109,#6110,#6111);
#6113 = PLANE('',#6112);
#6114 = ADVANCED_FACE('',(#6108),#6113,.T.);
#6115 = CARTESIAN_POINT('',(57.31182,2.60587,0.00000));
#6116 = VERTEX_POINT('',#6115);
#6117 = CARTESIAN_POINT('',(57.33796,2.58630,0.00000));
#6118 = VERTEX_POINT('',#6117);
#6119 = CARTESIAN_POINT('',(57.33796,2.58630,1.50000));
#6120 = VERTEX_POINT('',#6119);
#6121 = CARTESIAN_POINT('',(57.31182,2.60587,1.50000));
#6122 = VERTEX_POINT('',#6121);
#6123 = CARTESIAN_POINT('',(57.31182,2.60587,0.00000));
#6124 = DIRECTION('',(0.800541,-0.599278,0.000000));
#6125 = VECTOR('',#6124,0.03265);
#6126 = LINE('',#6123,#6125);
#6127 = EDGE_CURVE('',#6116,#6118,#6126,.T.);
#6128 = CARTESIAN_POINT('',(57.33796,2.58630,0.00000));
#6129 = DIRECTION('',(0.000000,0.000000,1.000000));
#6130 = VECTOR('',#6129,1.50000);
#6131 = LINE('',#6128,#6130);
#6132 = EDGE_CURVE('',#6118,#6120,#6131,.T.);
#6133 = CARTESIAN_POINT('',(57.33796,2.58630,1.50000));
#6134 = DIRECTION('',(-0.800541,0.599278,0.000000));
#6135 = VECTOR('',#6134,0.03265);
#6136 = LINE('',#6133,#6135);
#6137 = EDGE_CURVE('',#6120,#6122,#6136,.T.);
#6138 = CARTESIAN_POINT('',(57.31182,2.60587,1.50000));
#6139 = DIRECTION('',(0.000000,0.000000,-1.000000));
#6140 = VECTOR('',#6139,1.50000);
#6141 = LINE('',#6138,#6140);
#6142 = EDGE_CURVE('',#6122,#6116,#6141,.T.);
#6143 = ORIENTED_EDGE('',*,*,#6127,.T.);
#6144 = ORIENTED_EDGE('',*,*,#6132,.T.);
#6145 = ORIENTED_EDGE('',*,*,#6137,.T.);
#6146 = ORIENTED_EDGE('',*,*,#6142,.T.);
#6147 = EDGE_LOOP('',(#6143,#6144,#6145,#6146));
#6148 = FACE_OUTER_BOUND('',#6147,.T.);
#6149 = CARTESIAN_POINT('',(57.31182,2.60587,0.00000));
#6150 = DIRECTION('',(-0.599278,-0.800541,0.000000));
#6151 = DIRECTION('',(0.800541,-0.599278,0.000000));
#6152 = AXIS2_PLACEMENT_3D('',#6149,#6150,#6151);
#6153 = PLANE('',#6152);
#6154 = ADVANCED_FACE('',(#6148),#6153,.T.);
#6155 = CARTESIAN_POINT('',(57.33796,2.58630,0.00000));
#6156 = VERTEX_POINT('',#6155);
#6157 = CARTESIAN_POINT('',(57.36104,2.56322,0.00000));
#6158 = VERTEX_POINT('',#6157);
#6159 = CARTESIAN_POINT('',(57.36104,2.56322,1.50000));
#6160 = VERTEX_POINT('',#6159);
#6161 = CARTESIAN_POINT('',(57.33796,2.58630,1.50000));
#6162 = VERTEX_POINT('',#6161);
#6163 = CARTESIAN_POINT('',(57.33796,2.58630,0.00000));
#6164 = DIRECTION('',(0.707107,-0.707107,0.000000));
#6165 = VECTOR('',#6164,0.03265);
#6166 = LINE('',#6163,#6165);
#6167 = EDGE_CURVE('',#6156,#6158,#6166,.T.);
#6168 = CARTESIAN_POINT('',(57.36104,2.56322,0.00000));
#6169 = DIRECTION('',(0.000000,0.000000,1.000000));
#6170 = VECTOR('',#6169,1.50000);
#6171 = LINE('',#6168,#6170);
#6172 = EDGE_CURVE('',#6158,#6160,#6171,.T.);
#6173 = CARTESIAN_POINT('',(57.36104,2.56322,1.50000));
#6174 = DIRECTION('',(-0.707107,0.707107,0.000000));
#6175 = VECTOR('',#6174,0.03265);
#6176 = LINE('',#6173,#6175);
#6177 = EDGE_CURVE('',#6160,#6162,#6176,.T.);
#6178 = CARTESIAN_POINT('',(57.33796,2.58630,1.50000));
#6179 = DIRECTION('',(0.000000,0.000000,-1.000000));
#6180 = VECTOR('',#6179,1.50000);
#6181 = LINE('',#6178,#6180);
#6182 = EDGE_CURVE('',#6162,#6156,#6181,.T.);
#6183 = ORIENTED_EDGE('',*,*,#6167,.T.);
#6184 = ORIENTED_EDGE('',*,*,#6172,.T.);
#6185 = ORIENTED_EDGE('',*,*,#6177,.T.);
#6186 = ORIENTED_EDGE('',*,*,#6182,.T.);
#6187 = EDGE_LOOP('',(#6183,#6184,#6185,#6186));
#6188 = FACE_OUTER_BOUND('',#6187,.T.);
#6189 = CARTESIAN_POINT('',(57.33796,2.58630,0.00000));
#6190 = DIRECTION('',(-0.707107,-0.707107,0.000000));
#6191 = DIRECTION('',(0.707107,-0.707107,0.000000));
#6192 = AXIS2_PLACEMENT_3D('',#6189,#6190,#6191);
#6193 = PLANE('',#6192);
#6194 = ADVANCED_FACE('',(#6188),#6193,.T.);
#6195 = CARTESIAN_POINT('',(57.36104,2.56322,0.00000));
#6196 = VERTEX_POINT('',#6195);
#6197 = CARTESIAN_POINT('',(57.38061,2.53708,0.00000));
#6198 = VERTEX_POINT('',#6197);
#6199 = CARTESIAN_POINT('',(57.38061,2.53708,1.50000));
#6200 = VERTEX_POINT('',#6199);
#6201 = CARTESIAN_POINT('',(57.36104,2.56322,1.50000));
#6202 = VERTEX_POINT('',#6201);
#6203 = CARTESIAN_POINT('',(57.36104,2.56322,0.00000));
#6204 = DIRECTION('',(0.599278,-0.800541,0.000000));
#6205 = VECTOR('',#6204,0.03265);
#6206 = LINE('',#6203,#6205);
#6207 = EDGE_CURVE('',#6196,#6198,#6206,.T.);
#6208 = CARTESIAN_POINT('',(57.38061,2.53708,0.00000));
#6209 = DIRECTION('',(0.000000,0.000000,1.000000));
#6210 = VECTOR('',#6209,1.50000);
#6211 = LINE('',#6208,#6210);
#6212 = EDGE_CURVE('',#6198,#6200,#6211,.T.);
#6213 = CARTESIAN_POINT('',(57.38061,2.53708,1.50000));
#6214 = DIRECTION('',(-0.599278,0.800541,0.000000));
#6215 = VECTOR('',#6214,0.03265);
#6216 = LINE('',#6213,#6215);
#6217 = EDGE_CURVE('',#6200,#6202,#6216,.T.);
#6218 = CARTESIAN_POINT('',(57.36104,2.56322,1.50000));
#6219 = DIRECTION('',(0.000000,0.000000,-1.000000));
#6220 = VECTOR('',#6219,1.50000);
#6221 = LINE('',#6218,#6220);
#6222 = EDGE_CURVE('',#6202,#6196,#6221,.T.);
#6223 = ORIENTED_EDGE('',*,*,#6207,.T.);
#6224 = ORIENTED_EDGE('',*,*,#6212,.T.);
#6225 = ORIENTED_EDGE('',*,*,#6217,.T.);
#6226 = ORIENTED_EDGE('',*,*,#6222,.T.);
#6227 = EDGE_LOOP('',(#6223,#6224,#6225,#6226));
#6228 = FACE_OUTER_BOUND('',#6227,.T.);
#6229 = CARTESIAN_POINT('',(57.36104,2.56322,0.00000));
#6230 = DIRECTION('',(-0.800541,-0.599278,0.000000));
#6231 = DIRECTION('',(0.599278,-0.800541,0.000000));
#6232 = AXIS2_PLACEMENT_3D('',#6229,#6230,#6231);
#6233 = PLANE('',#6232);
#6234 = ADVANCED_FACE('',(#6228),#6233,.T.);
#6235 = CARTESIAN_POINT('',(57.38061,2.53708,0.00000));
#6236 = VERTEX_POINT('',#6235);
#6237 = CARTESIAN_POINT('',(57.39626,2.50842,0.00000));
#6238 = VERTEX_POINT('',#6237);
#6239 = CARTESIAN_POINT('',(57.39626,2.50842,1.50000));
#6240 = VERTEX_POINT('',#6239);
#6241 = CARTESIAN_POINT('',(57.38061,2.53708,1.50000));
#6242 = VERTEX_POINT('',#6241);
#6243 = CARTESIAN_POINT('',(57.38061,2.53708,0.00000));
#6244 = DIRECTION('',(0.479250,-0.877678,0.000000));
#6245 = VECTOR('',#6244,0.03265);
#6246 = LINE('',#6243,#6245);
#6247 = EDGE_CURVE('',#6236,#6238,#6246,.T.);
#6248 = CARTESIAN_POINT('',(57.39626,2.50842,0.00000));
#6249 = DIRECTION('',(0.000000,0.000000,1.000000));
#6250 = VECTOR('',#6249,1.50000);
#6251 = LINE('',#6248,#6250);
#6252 = EDGE_CURVE('',#6238,#6240,#6251,.T.);
#6253 = CARTESIAN_POINT('',(57.39626,2.50842,1.50000));
#6254 = DIRECTION('',(-0.479250,0.877678,0.000000));
#6255 = VECTOR('',#6254,0.03265);
#6256 = LINE('',#6253,#6255);
#6257 = EDGE_CURVE('',#6240,#6242,#6256,.T.);
#6258 = CARTESIAN_POINT('',(57.38061,2.53708,1.50000));
#6259 = DIRECTION('',(0.000000,0.000000,-1.000000));
#6260 = VECTOR('',#6259,1.50000);
#6261 = LINE('',#6258,#6260);
#6262 = EDGE_CURVE('',#6242,#6236,#6261,.T.);
#6263 = ORIENTED_EDGE('',*,*,#6247,.T.);
#6264 = ORIENTED_EDGE('',*,*,#6252,.T.);
#6265 = ORIENTED_EDGE('',*,*,#6257,.T.);
#6266 = ORIENTED_EDGE('',*,*,#6262,.T.);
#6267 = EDGE_LOOP('',(#6263,#6264,#6265,#6266));
#6268 = FACE_OUTER_BOUND('',#6267,.T.);
#6269 = CARTESIAN_POINT('',(57.38061,2.53708,0.00000));
#6270 = DIRECTION('',(-0.877678,-0.479250,0.000000));
#6271 = DIRECTION('',(0.479250,-0.877678,0.000000));
#6272 = AXIS2_PLACEMENT_3D('',#6269,#6270,#6271);
#6273 = PLANE('',#6272);
#6274 = ADVANCED_FACE('',(#6268),#6273,.T.);
#6275 = CARTESIAN_POINT('',(57.39626,2.50842,0.00000));
#6276 = VERTEX_POINT('',#6275);
#6277 = CARTESIAN_POINT('',(57.40767,2.47783,0.00000));
#6278 = VERTEX_POINT('',#6277);
#6279 = CARTESIAN_POINT('',(57.40767,2.47783,1.50000));
#6280 = VERTEX_POINT('',#6279);
#6281 = CARTESIAN_POINT('',(57.39626,2.50842,1.50000));
#6282 = VERTEX_POINT('',#6281);
#6283 = CARTESIAN_POINT('',(57.39626,2.50842,0.00000));
#6284 = DIRECTION('',(0.349466,-0.936949,0.000000));
#6285 = VECTOR('',#6284,0.03265);
#6286 = LINE('',#6283,#6285);
#6287 = EDGE_CURVE('',#6276,#6278,#6286,.T.);
#6288 = CARTESIAN_POINT('',(57.40767,2.47783,0.00000));
#6289 = DIRECTION('',(0.000000,0.000000,1.000000));
#6290 = VECTOR('',#6289,1.50000);
#6291 = LINE('',#6288,#6290);
#6292 = EDGE_CURVE('',#6278,#6280,#6291,.T.);
#6293 = CARTESIAN_POINT('',(57.40767,2.47783,1.50000));
#6294 = DIRECTION('',(-0.349466,0.936949,0.000000));
#6295 = VECTOR('',#6294,0.03265);
#6296 = LINE('',#6293,#6295);
#6297 = EDGE_CURVE('',#6280,#6282,#6296,.T.);
#6298 = CARTESIAN_POINT('',(57.39626,2.50842,1.50000));
#6299 = DIRECTION('',(0.000000,0.000000,-1.000000));
#6300 = VECTOR('',#6299,1.50000);
#6301 = LINE('',#6298,#6300);
#6302 = EDGE_CURVE('',#6282,#6276,#6301,.T.);
#6303 = ORIENTED_EDGE('',*,*,#6287,.T.);
#6304 = ORIENTED_EDGE('',*,*,#6292,.T.);
#6305 = ORIENTED_EDGE('',*,*,#6297,.T.);
#6306 = ORIENTED_EDGE('',*,*,#6302,.T.);
#6307 = EDGE_LOOP('',(#6303,#6304,#6305,#6306));
#6308 = FACE_OUTER_BOUND('',#6307,.T.);
#6309 = CARTESIAN_POINT('',(57.39626,2.50842,0.00000));
#6310 = DIRECTION('',(-0.936949,-0.349466,0.000000));
#6311 = DIRECTION('',(0.349466,-0.936949,0.000000));
#6312 = AXIS2_PLACEMENT_3D('',#6309,#6310,#6311);
#6313 = PLANE('',#6312);
#6314 = ADVANCED_FACE('',(#6308),#6313,.T.);
#6315 = CARTESIAN_POINT('',(57.40767,2.47783,0.00000));
#6316 = VERTEX_POINT('',#6315);
#6317 = CARTESIAN_POINT('',(57.41461,2.44593,0.00000));
#6318 = VERTEX_POINT('',#6317);
#6319 = CARTESIAN_POINT('',(57.41461,2.44593,1.50000));
#6320 = VERTEX_POINT('',#6319);
#6321 = CARTESIAN_POINT('',(57.40767,2.47783,1.50000));
#6322 = VERTEX_POINT('',#6321);
#6323 = CARTESIAN_POINT('',(57.40767,2.47783,0.00000));
#6324 = DIRECTION('',(0.212567,-0.977146,0.000000));
#6325 = VECTOR('',#6324,0.03265);
#6326 = LINE('',#6323,#6325);
#6327 = EDGE_CURVE('',#6316,#6318,#6326,.T.);
#6328 = CARTESIAN_POINT('',(57.41461,2.44593,0.00000));
#6329 = DIRECTION('',(0.000000,0.000000,1.000000));
#6330 = VECTOR('',#6329,1.50000);
#6331 = LINE('',#6328,#6330);
#6332 = EDGE_CURVE('',#6318,#6320,#6331,.T.);
#6333 = CARTESIAN_POINT('',(57.41461,2.44593,1.50000));
#6334 = DIRECTION('',(-0.212567,0.977146,0.000000));
#6335 = VECTOR('',#6334,0.03265);
#6336 = LINE('',#6333,#6335);
#6337 = EDGE_CURVE('',#6320,#6322,#6336,.T.);
#6338 = CARTESIAN_POINT('',(57.40767,2.47783,1.50000));
#6339 = DIRECTION('',(0.000000,0.000000,-1.000000));
#6340 = VECTOR('',#6339,1.50000);
#6341 = LINE('',#6338,#6340);
#6342 = EDGE_CURVE('',#6322,#6316,#6341,.T.);
#6343 = ORIENTED_EDGE('',*,*,#6327,.T.);
#6344 = ORIENTED_EDGE('',*,*,#6332,.T.);
#6345 = ORIENTED_EDGE('',*,*,#6337,.T.);
#6346 = ORIENTED_EDGE('',*,*,#6342,.T.);
#6347 = EDGE_LOOP('',(#6343,#6344,#6345,#6346));
#6348 = FACE_OUTER_BOUND('',#6347,.T.);
#6349 = CARTESIAN_POINT('',(57.40767,2.47783,0.00000));
#6350 = DIRECTION('',(-0.977146,-0.212567,0.000000));
#6351 = DIRECTION('',(0.212567,-0.977146,0.000000));
#6352 = AXIS2_PLACEMENT_3D('',#6349,#6350,#6351);
#6353 = PLANE('',#6352);
#6354 = ADVANCED_FACE('',(#6348),#6353,.T.);
#6355 = CARTESIAN_POINT('',(57.41461,2.44593,0.00000));
#6356 = VERTEX_POINT('',#6355);
#6357 = CARTESIAN_POINT('',(57.41694,2.41336,0.00000));
#6358 = VERTEX_POINT('',#6357);
#6359 = CARTESIAN_POINT('',(57.41694,2.41336,1.50000));
#6360 = VERTEX_POINT('',#6359);
#6361 = CARTESIAN_POINT('',(57.41461,2.44593,1.50000));
#6362 = VERTEX_POINT('',#6361);
#6363 = CARTESIAN_POINT('',(57.41461,2.44593,0.00000));
#6364 = DIRECTION('',(0.071342,-0.997452,0.000000));
#6365 = VECTOR('',#6364,0.03265);
#6366 = LINE('',#6363,#6365);
#6367 = EDGE_CURVE('',#6356,#6358,#6366,.T.);
#6368 = CARTESIAN_POINT('',(57.41694,2.41336,0.00000));
#6369 = DIRECTION('',(0.000000,0.000000,1.000000));
#6370 = VECTOR('',#6369,1.50000);
#6371 = LINE('',#6368,#6370);
#6372 = EDGE_CURVE('',#6358,#6360,#6371,.T.);
#6373 = CARTESIAN_POINT('',(57.41694,2.41336,1.50000));
#6374 = DIRECTION('',(-0.071342,0.997452,0.000000));
#6375 = VECTOR('',#6374,0.03265);
#6376 = LINE('',#6373,#6375);
#6377 = EDGE_CURVE('',#6360,#6362,#6376,.T.);
#6378 = CARTESIAN_POINT('',(57.41461,2.44593,1.50000));
#6379 = DIRECTION('',(0.000000,0.000000,-1.000000));
#6380 = VECTOR('',#6379,1.50000);
#6381 = LINE('',#6378,#6380);
#6382 = EDGE_CURVE('',#6362,#6356,#6381,.T.);
#6383 = ORIENTED_EDGE('',*,*,#6367,.T.);
#6384 = ORIENTED_EDGE('',*,*,#6372,.T.);
#6385 = ORIENTED_EDGE('',*,*,#6377,.T.);
#6386 = ORIENTED_EDGE('',*,*,#6382,.T.);
#6387 = EDGE_LOOP('',(#6383,#6384,#6385,#6386));
#6388 = FACE_OUTER_BOUND('',#6387,.T.);
#6389 = CARTESIAN_POINT('',(57.41461,2.44593,0.00000));
#6390 = DIRECTION('',(-0.997452,-0.071342,0.000000));
#6391 = DIRECTION('',(0.071342,-0.997452,0.000000));
#6392 = AXIS2_PLACEMENT_3D('',#6389,#6390,#6391);
#6393 = PLANE('',#6392);
#6394 = ADVANCED_FACE('',(#6388),#6393,.T.);
#6395 = CARTESIAN_POINT('',(57.41694,2.41336,0.00000));
#6396 = VERTEX_POINT('',#6395);
#6397 = CARTESIAN_POINT('',(57.41694,0.40945,0.00000));
#6398 = VERTEX_POINT('',#6397);
#6399 = CARTESIAN_POINT('',(57.41694,0.40945,1.50000));
#6400 = VERTEX_POINT('',#6399);
#6401 = CARTESIAN_POINT('',(57.41694,2.41336,1.50000));
#6402 = VERTEX_POINT('',#6401);
#6403 = CARTESIAN_POINT('',(57.41694,2.41336,0.00000));
#6404 = DIRECTION('',(0.000000,-1.000000,0.000000));
#6405 = VECTOR('',#6404,2.00391);
#6406 = LINE('',#6403,#6405);
#6407 = EDGE_CURVE('',#6396,#6398,#6406,.T.);
#6408 = CARTESIAN_POINT('',(57.41694,0.40945,0.00000));
#6409 = DIRECTION('',(0.000000,0.000000,1.000000));
#6410 = VECTOR('',#6409,1.50000);
#6411 = LINE('',#6408,#6410);
#6412 = EDGE_CURVE('',#6398,#6400,#6411,.T.);
#6413 = CARTESIAN_POINT('',(57.41694,0.40945,1.50000));
#6414 = DIRECTION('',(-0.000000,1.000000,0.000000));
#6415 = VECTOR('',#6414,2.00391);
#6416 = LINE('',#6413,#6415);
#6417 = EDGE_CURVE('',#6400,#6402,#6416,.T.);
#6418 = CARTESIAN_POINT('',(57.41694,2.41336,1.50000));
#6419 = DIRECTION('',(0.000000,0.000000,-1.000000));
#6420 = VECTOR('',#6419,1.50000);
#6421 = LINE('',#6418,#6420);
#6422 = EDGE_CURVE('',#6402,#6396,#6421,.T.);
#6423 = ORIENTED_EDGE('',*,*,#6407,.T.);
#6424 = ORIENTED_EDGE('',*,*,#6412,.T.);
#6425 = ORIENTED_EDGE('',*,*,#6417,.T.);
#6426 = ORIENTED_EDGE('',*,*,#6422,.T.);
#6427 = EDGE_LOOP('',(#6423,#6424,#6425,#6426));
#6428 = FACE_OUTER_BOUND('',#6427,.T.);
#6429 = CARTESIAN_POINT('',(57.41694,2.41336,0.00000));
#6430 = DIRECTION('',(-1.000000,-0.000000,0.000000));
#6431 = DIRECTION('',(0.000000,-1.000000,0.000000));
#6432 = AXIS2_PLACEMENT_3D('',#6429,#6430,#6431);
#6433 = PLANE('',#6432);
#6434 = ADVANCED_FACE('',(#6428),#6433,.T.);
#6435 = CARTESIAN_POINT('',(57.41694,0.40945,0.00000));
#6436 = VERTEX_POINT('',#6435);
#6437 = CARTESIAN_POINT('',(57.42417,0.35029,0.00000));
#6438 = VERTEX_POINT('',#6437);
#6439 = CARTESIAN_POINT('',(57.42417,0.35029,1.50000));
#6440 = VERTEX_POINT('',#6439);
#6441 = CARTESIAN_POINT('',(57.41694,0.40945,1.50000));
#6442 = VERTEX_POINT('',#6441);
#6443 = CARTESIAN_POINT('',(57.41694,0.40945,0.00000));
#6444 = DIRECTION('',(0.121296,-0.992616,0.000000));
#6445 = VECTOR('',#6444,0.05960);
#6446 = LINE('',#6443,#6445);
#6447 = EDGE_CURVE('',#6436,#6438,#6446,.T.);
#6448 = CARTESIAN_POINT('',(57.42417,0.35029,0.00000));
#6449 = DIRECTION('',(0.000000,0.000000,1.000000));
#6450 = VECTOR('',#6449,1.50000);
#6451 = LINE('',#6448,#6450);
#6452 = EDGE_CURVE('',#6438,#6440,#6451,.T.);
#6453 = CARTESIAN_POINT('',(57.42417,0.35029,1.50000));
#6454 = DIRECTION('',(-0.121296,0.992616,0.000000));
#6455 = VECTOR('',#6454,0.05960);
#6456 = LINE('',#6453,#6455);
#6457 = EDGE_CURVE('',#6440,#6442,#6456,.T.);
#6458 = CARTESIAN_POINT('',(57.41694,0.40945,1.50000));
#6459 = DIRECTION('',(0.000000,0.000000,-1.000000));
#6460 = VECTOR('',#6459,1.50000);
#6461 = LINE('',#6458,#6460);
#6462 = EDGE_CURVE('',#6442,#6436,#6461,.T.);
#6463 = ORIENTED_EDGE('',*,*,#6447,.T.);
#6464 = ORIENTED_EDGE('',*,*,#6452,.T.);
#6465 = ORIENTED_EDGE('',*,*,#6457,.T.);
#6466 = ORIENTED_EDGE('',*,*,#6462,.T.);
#6467 = EDGE_LOOP('',(#6463,#6464,#6465,#6466));
#6468 = FACE_OUTER_BOUND('',#6467,.T.);
#6469 = CARTESIAN_POINT('',(57.41694,0.40945,0.00000));
#6470 = DIRECTION('',(-0.992616,-0.121296,0.000000));
#6471 = DIRECTION('',(0.121296,-0.992616,0.000000));
#6472 = AXIS2_PLACEMENT_3D('',#6469,#6470,#6471);
#6473 = PLANE('',#6472);
#6474 = ADVANCED_FACE('',(#6468),#6473,.T.);
#6475 = CARTESIAN_POINT('',(57.42417,0.35029,0.00000));
#6476 = VERTEX_POINT('',#6475);
#6477 = CARTESIAN_POINT('',(57.43947,0.29269,0.00000));
#6478 = VERTEX_POINT('',#6477);
#6479 = CARTESIAN_POINT('',(57.43947,0.29269,1.50000));
#6480 = VERTEX_POINT('',#6479);
#6481 = CARTESIAN_POINT('',(57.42417,0.35029,1.50000));
#6482 = VERTEX_POINT('',#6481);
#6483 = CARTESIAN_POINT('',(57.42417,0.35029,0.00000));
#6484 = DIRECTION('',(0.256708,-0.966489,0.000000));
#6485 = VECTOR('',#6484,0.05960);
#6486 = LINE('',#6483,#6485);
#6487 = EDGE_CURVE('',#6476,#6478,#6486,.T.);
#6488 = CARTESIAN_POINT('',(57.43947,0.29269,0.00000));
#6489 = DIRECTION('',(0.000000,0.000000,1.000000));
#6490 = VECTOR('',#6489,1.50000);
#6491 = LINE('',#6488,#6490);
#6492 = EDGE_CURVE('',#6478,#6480,#6491,.T.);
#6493 = CARTESIAN_POINT('',(57.43947,0.29269,1.50000));
#6494 = DIRECTION('',(-0.256708,0.966489,0.000000));
#6495 = VECTOR('',#6494,0.05960);
#6496 = LINE('',#6493,#6495);
#6497 = EDGE_CURVE('',#6480,#6482,#6496,.T.);
#6498 = CARTESIAN_POINT('',(57.42417,0.35029,1.50000));
#6499 = DIRECTION('',(0.000000,0.000000,-1.000000));
#6500 = VECTOR('',#6499,1.50000);
#6501 = LINE('',#6498,#6500);
#6502 = EDGE_CURVE('',#6482,#6476,#6501,.T.);
#6503 = ORIENTED_EDGE('',*,*,#6487,.T.);
#6504 = ORIENTED_EDGE('',*,*,#6492,.T.);
#6505 = ORIENTED_EDGE('',*,*,#6497,.T.);
#6506 = ORIENTED_EDGE('',*,*,#6502,.T.);
#6507 = EDGE_LOOP('',(#6503,#6504,#6505,#6506));
#6508 = FACE_OUTER_BOUND('',#6507,.T.);
#6509 = CARTESIAN_POINT('',(57.42417,0.35029,0.00000));
#6510 = DIRECTION('',(-0.966489,-0.256708,0.000000));
#6511 = DIRECTION('',(0.256708,-0.966489,0.000000));
#6512 = AXIS2_PLACEMENT_3D('',#6509,#6510,#6511);
#6513 = PLANE('',#6512);
#6514 = ADVANCED_FACE('',(#6508),#6513,.T.);
#6515 = CARTESIAN_POINT('',(57.43947,0.29269,0.00000));
#6516 = VERTEX_POINT('',#6515);
#6517 = CARTESIAN_POINT('',(57.46254,0.23774,0.00000));
#6518 = VERTEX_POINT('',#6517);
#6519 = CARTESIAN_POINT('',(57.46254,0.23774,1.50000));
#6520 = VERTEX_POINT('',#6519);
#6521 = CARTESIAN_POINT('',(57.43947,0.29269,1.50000));
#6522 = VERTEX_POINT('',#6521);
#6523 = CARTESIAN_POINT('',(57.43947,0.29269,0.00000));
#6524 = DIRECTION('',(0.387237,-0.921980,0.000000));
#6525 = VECTOR('',#6524,0.05960);
#6526 = LINE('',#6523,#6525);
#6527 = EDGE_CURVE('',#6516,#6518,#6526,.T.);
#6528 = CARTESIAN_POINT('',(57.46254,0.23774,0.00000));
#6529 = DIRECTION('',(0.000000,0.000000,1.000000));
#6530 = VECTOR('',#6529,1.50000);
#6531 = LINE('',#6528,#6530);
#6532 = EDGE_CURVE('',#6518,#6520,#6531,.T.);
#6533 = CARTESIAN_POINT('',(57.46254,0.23774,1.50000));
#6534 = DIRECTION('',(-0.387237,0.921980,0.000000));
#6535 = VECTOR('',#6534,0.05960);
#6536 = LINE('',#6533,#6535);
#6537 = EDGE_CURVE('',#6520,#6522,#6536,.T.);
#6538 = CARTESIAN_POINT('',(57.43947,0.29269,1.50000));
#6539 = DIRECTION('',(0.000000,0.000000,-1.000000));
#6540 = VECTOR('',#6539,1.50000);
#6541 = LINE('',#6538,#6540);
#6542 = EDGE_CURVE('',#6522,#6516,#6541,.T.);
#6543 = ORIENTED_EDGE('',*,*,#6527,.T.);
#6544 = ORIENTED_EDGE('',*,*,#6532,.T.);
#6545 = ORIENTED_EDGE('',*,*,#6537,.T.);
#6546 = ORIENTED_EDGE('',*,*,#6542,.T.);
#6547 = EDGE_LOOP('',(#6543,#6544,#6545,#6546));
#6548 = FACE_OUTER_BOUND('',#6547,.T.);
#6549 = CARTESIAN_POINT('',(57.43947,0.29269,0.00000));
#6550 = DIRECTION('',(-0.921980,-0.387237,0.000000));
#6551 = DIRECTION('',(0.387237,-0.921980,0.000000));
#6552 = AXIS2_PLACEMENT_3D('',#6549,#6550,#6551);
#6553 = PLANE('',#6552);
#6554 = ADVANCED_FACE('',(#6548),#6553,.T.);
#6555 = CARTESIAN_POINT('',(57.46254,0.23774,0.00000));
#6556 = VERTEX_POINT('',#6555);
#6557 = CARTESIAN_POINT('',(57.49296,0.18648,0.00000));
#6558 = VERTEX_POINT('',#6557);
#6559 = CARTESIAN_POINT('',(57.49296,0.18648,1.50000));
#6560 = VERTEX_POINT('',#6559);
#6561 = CARTESIAN_POINT('',(57.46254,0.23774,1.50000));
#6562 = VERTEX_POINT('',#6561);
#6563 = CARTESIAN_POINT('',(57.46254,0.23774,0.00000));
#6564 = DIRECTION('',(0.510402,-0.859936,0.000000));
#6565 = VECTOR('',#6564,0.05960);
#6566 = LINE('',#6563,#6565);
#6567 = EDGE_CURVE('',#6556,#6558,#6566,.T.);
#6568 = CARTESIAN_POINT('',(57.49296,0.18648,0.00000));
#6569 = DIRECTION('',(0.000000,0.000000,1.000000));
#6570 = VECTOR('',#6569,1.50000);
#6571 = LINE('',#6568,#6570);
#6572 = EDGE_CURVE('',#6558,#6560,#6571,.T.);
#6573 = CARTESIAN_POINT('',(57.49296,0.18648,1.50000));
#6574 = DIRECTION('',(-0.510402,0.859936,0.000000));
#6575 = VECTOR('',#6574,0.05960);
#6576 = LINE('',#6573,#6575);
#6577 = EDGE_CURVE('',#6560,#6562,#6576,.T.);
#6578 = CARTESIAN_POINT('',(57.46254,0.23774,1.50000));
#6579 = DIRECTION('',(0.000000,0.000000,-1.000000));
#6580 = VECTOR('',#6579,1.50000);
#6581 = LINE('',#6578,#6580);
#6582 = EDGE_CURVE('',#6562,#6556,#6581,.T.);
#6583 = ORIENTED_EDGE('',*,*,#6567,.T.);
#6584 = ORIENTED_EDGE('',*,*,#6572,.T.);
#6585 = ORIENTED_EDGE('',*,*,#6577,.T.);
#6586 = ORIENTED_EDGE('',*,*,#6582,.T.);
#6587 = EDGE_LOOP('',(#6583,#6584,#6585,#6586));
#6588 = FACE_OUTER_BOUND('',#6587,.T.);
#6589 = CARTESIAN_POINT('',(57.46254,0.23774,0.00000));
#6590 = DIRECTION('',(-0.859936,-0.510402,0.000000));
#6591 = DIRECTION('',(0.510402,-0.859936,0.000000));
#6592 = AXIS2_PLACEMENT_3D('',#6589,#6590,#6591);
#6593 = PLANE('',#6592);
#6594 = ADVANCED_FACE('',(#6588),#6593,.T.);
#6595 = CARTESIAN_POINT('',(57.49296,0.18648,0.00000));
#6596 = VERTEX_POINT('',#6595);
#6597 = CARTESIAN_POINT('',(57.53015,0.13991,0.00000));
#6598 = VERTEX_POINT('',#6597);
#6599 = CARTESIAN_POINT('',(57.53015,0.13991,1.50000));
#6600 = VERTEX_POINT('',#6599);
#6601 = CARTESIAN_POINT('',(57.49296,0.18648,1.50000));
#6602 = VERTEX_POINT('',#6601);
#6603 = CARTESIAN_POINT('',(57.49296,0.18648,0.00000));
#6604 = DIRECTION('',(0.623859,-0.781537,0.000000));
#6605 = VECTOR('',#6604,0.05960);
#6606 = LINE('',#6603,#6605);
#6607 = EDGE_CURVE('',#6596,#6598,#6606,.T.);
#6608 = CARTESIAN_POINT('',(57.53015,0.13991,0.00000));
#6609 = DIRECTION('',(0.000000,0.000000,1.000000));
#6610 = VECTOR('',#6609,1.50000);
#6611 = LINE('',#6608,#6610);
#6612 = EDGE_CURVE('',#6598,#6600,#6611,.T.);
#6613 = CARTESIAN_POINT('',(57.53015,0.13991,1.50000));
#6614 = DIRECTION('',(-0.623859,0.781537,0.000000));
#6615 = VECTOR('',#6614,0.05960);
#6616 = LINE('',#6613,#6615);
#6617 = EDGE_CURVE('',#6600,#6602,#6616,.T.);
#6618 = CARTESIAN_POINT('',(57.49296,0.18648,1.50000));
#6619 = DIRECTION('',(0.000000,0.000000,-1.000000));
#6620 = VECTOR('',#6619,1.50000);
#6621 = LINE('',#6618,#6620);
#6622 = EDGE_CURVE('',#6602,#6596,#6621,.T.);
#6623 = ORIENTED_EDGE('',*,*,#6607,.T.);
#6624 = ORIENTED_EDGE('',*,*,#6612,.T.);
#6625 = ORIENTED_EDGE('',*,*,#6617,.T.);
#6626 = ORIENTED_EDGE('',*,*,#6622,.T.);
#6627 = EDGE_LOOP('',(#6623,#6624,#6625,#6626));
#6628 = FACE_OUTER_BOUND('',#6627,.T.);
#6629 = CARTESIAN_POINT('',(57.49296,0.18648,0.00000));
#6630 = DIRECTION('',(-0.781537,-0.623859,0.000000));
#6631 = DIRECTION('',(0.623859,-0.781537,0.000000));
#6632 = AXIS2_PLACEMENT_3D('',#6629,#6630,#6631);
#6633 = PLANE('',#6632);
#6634 = ADVANCED_FACE('',(#6628),#6633,.T.);
#6635 = CARTESIAN_POINT('',(57.53015,0.13991,0.00000));
#6636 = VERTEX_POINT('',#6635);
#6637 = CARTESIAN_POINT('',(57.57338,0.09889,0.00000));
#6638 = VERTEX_POINT('',#6637);
#6639 = CARTESIAN_POINT('',(57.57338,0.09889,1.50000));
#6640 = VERTEX_POINT('',#6639);
#6641 = CARTESIAN_POINT('',(57.53015,0.13991,1.50000));
#6642 = VERTEX_POINT('',#6641);
#6643 = CARTESIAN_POINT('',(57.53015,0.13991,0.00000));
#6644 = DIRECTION('',(0.725452,-0.688273,0.000000));
#6645 = VECTOR('',#6644,0.05960);
#6646 = LINE('',#6643,#6645);
#6647 = EDGE_CURVE('',#6636,#6638,#6646,.T.);
#6648 = CARTESIAN_POINT('',(57.57338,0.09889,0.00000));
#6649 = DIRECTION('',(0.000000,0.000000,1.000000));
#6650 = VECTOR('',#6649,1.50000);
#6651 = LINE('',#6648,#6650);
#6652 = EDGE_CURVE('',#6638,#6640,#6651,.T.);
#6653 = CARTESIAN_POINT('',(57.57338,0.09889,1.50000));
#6654 = DIRECTION('',(-0.725452,0.688273,0.000000));
#6655 = VECTOR('',#6654,0.05960);
#6656 = LINE('',#6653,#6655);
#6657 = EDGE_CURVE('',#6640,#6642,#6656,.T.);
#6658 = CARTESIAN_POINT('',(57.53015,0.13991,1.50000));
#6659 = DIRECTION('',(0.000000,0.000000,-1.000000));
#6660 = VECTOR('',#6659,1.50000);
#6661 = LINE('',#6658,#6660);
#6662 = EDGE_CURVE('',#6642,#6636,#6661,.T.);
#6663 = ORIENTED_EDGE('',*,*,#6647,.T.);
#6664 = ORIENTED_EDGE('',*,*,#6652,.T.);
#6665 = ORIENTED_EDGE('',*,*,#6657,.T.);
#6666 = ORIENTED_EDGE('',*,*,#6662,.T.);
#6667 = EDGE_LOOP('',(#6663,#6664,#6665,#6666));
#6668 = FACE_OUTER_BOUND('',#6667,.T.);
#6669 = CARTESIAN_POINT('',(57.53015,0.13991,0.00000));
#6670 = DIRECTION('',(-0.688273,-0.725452,0.000000));
#6671 = DIRECTION('',(0.725452,-0.688273,0.000000));
#6672 = AXIS2_PLACEMENT_3D('',#6669,#6670,#6671);
#6673 = PLANE('',#6672);
#6674 = ADVANCED_FACE('',(#6668),#6673,.T.);
#6675 = CARTESIAN_POINT('',(57.57338,0.09889,0.00000));
#6676 = VERTEX_POINT('',#6675);
#6677 = CARTESIAN_POINT('',(57.62185,0.06420,0.00000));
#6678 = VERTEX_POINT('',#6677);
#6679 = CARTESIAN_POINT('',(57.62185,0.06420,1.50000));
#6680 = VERTEX_POINT('',#6679);
#6681 = CARTESIAN_POINT('',(57.57338,0.09889,1.50000));
#6682 = VERTEX_POINT('',#6681);
#6683 = CARTESIAN_POINT('',(57.57338,0.09889,0.00000));
#6684 = DIRECTION('',(0.813246,-0.581920,0.000000));
#6685 = VECTOR('',#6684,0.05960);
#6686 = LINE('',#6683,#6685);
#6687 = EDGE_CURVE('',#6676,#6678,#6686,.T.);
#6688 = CARTESIAN_POINT('',(57.62185,0.06420,0.00000));
#6689 = DIRECTION('',(0.000000,0.000000,1.000000));
#6690 = VECTOR('',#6689,1.50000);
#6691 = LINE('',#6688,#6690);
#6692 = EDGE_CURVE('',#6678,#6680,#6691,.T.);
#6693 = CARTESIAN_POINT('',(57.62185,0.06420,1.50000));
#6694 = DIRECTION('',(-0.813246,0.581920,0.000000));
#6695 = VECTOR('',#6694,0.05960);
#6696 = LINE('',#6693,#6695);
#6697 = EDGE_CURVE('',#6680,#6682,#6696,.T.);
#6698 = CARTESIAN_POINT('',(57.57338,0.09889,1.50000));
#6699 = DIRECTION('',(0.000000,0.000000,-1.000000));
#6700 = VECTOR('',#6699,1.50000);
#6701 = LINE('',#6698,#6700);
#6702 = EDGE_CURVE('',#6682,#6676,#6701,.T.);
#6703 = ORIENTED_EDGE('',*,*,#6687,.T.);
#6704 = ORIENTED_EDGE('',*,*,#6692,.T.);
#6705 = ORIENTED_EDGE('',*,*,#6697,.T.);
#6706 = ORIENTED_EDGE('',*,*,#6702,.T.);
#6707 = EDGE_LOOP('',(#6703,#6704,#6705,#6706));
#6708 = FACE_OUTER_BOUND('',#6707,.T.);
#6709 = CARTESIAN_POINT('',(57.57338,0.09889,0.00000));
#6710 = DIRECTION('',(-0.581920,-0.813246,0.000000));
#6711 = DIRECTION('',(0.813246,-0.581920,0.000000));
#6712 = AXIS2_PLACEMENT_3D('',#6709,#6710,#6711);
#6713 = PLANE('',#6712);
#6714 = ADVANCED_FACE('',(#6708),#6713,.T.);
#6715 = CARTESIAN_POINT('',(57.62185,0.06420,0.00000));
#6716 = VERTEX_POINT('',#6715);
#6717 = CARTESIAN_POINT('',(57.67463,0.03652,0.00000));
#6718 = VERTEX_POINT('',#6717);
#6719 = CARTESIAN_POINT('',(57.67463,0.03652,1.50000));
#6720 = VERTEX_POINT('',#6719);
#6721 = CARTESIAN_POINT('',(57.62185,0.06420,1.50000));
#6722 = VERTEX_POINT('',#6721);
#6723 = CARTESIAN_POINT('',(57.62185,0.06420,0.00000));
#6724 = DIRECTION('',(0.885574,-0.464498,0.000000));
#6725 = VECTOR('',#6724,0.05960);
#6726 = LINE('',#6723,#6725);
#6727 = EDGE_CURVE('',#6716,#6718,#6726,.T.);
#6728 = CARTESIAN_POINT('',(57.67463,0.03652,0.00000));
#6729 = DIRECTION('',(0.000000,0.000000,1.000000));
#6730 = VECTOR('',#6729,1.50000);
#6731 = LINE('',#6728,#6730);
#6732 = EDGE_CURVE('',#6718,#6720,#6731,.T.);
#6733 = CARTESIAN_POINT('',(57.67463,0.03652,1.50000));
#6734 = DIRECTION('',(-0.885574,0.464498,0.000000));
#6735 = VECTOR('',#6734,0.05960);
#6736 = LINE('',#6733,#6735);
#6737 = EDGE_CURVE('',#6720,#6722,#6736,.T.);
#6738 = CARTESIAN_POINT('',(57.62185,0.06420,1.50000));
#6739 = DIRECTION('',(0.000000,0.000000,-1.000000));
#6740 = VECTOR('',#6739,1.50000);
#6741 = LINE('',#6738,#6740);
#6742 = EDGE_CURVE('',#6722,#6716,#6741,.T.);
#6743 = ORIENTED_EDGE('',*,*,#6727,.T.);
#6744 = ORIENTED_EDGE('',*,*,#6732,.T.);
#6745 = ORIENTED_EDGE('',*,*,#6737,.T.);
#6746 = ORIENTED_EDGE('',*,*,#6742,.T.);
#6747 = EDGE_LOOP('',(#6743,#6744,#6745,#6746));
#6748 = FACE_OUTER_BOUND('',#6747,.T.);
#6749 = CARTESIAN_POINT('',(57.62185,0.06420,0.00000));
#6750 = DIRECTION('',(-0.464498,-0.885574,0.000000));
#6751 = DIRECTION('',(0.885574,-0.464498,0.000000));
#6752 = AXIS2_PLACEMENT_3D('',#6749,#6750,#6751);
#6753 = PLANE('',#6752);
#6754 = ADVANCED_FACE('',(#6748),#6753,.T.);
#6755 = CARTESIAN_POINT('',(57.67463,0.03652,0.00000));
#6756 = VERTEX_POINT('',#6755);
#6757 = CARTESIAN_POINT('',(57.73072,0.01636,0.00000));
#6758 = VERTEX_POINT('',#6757);
#6759 = CARTESIAN_POINT('',(57.73072,0.01636,1.50000));
#6760 = VERTEX_POINT('',#6759);
#6761 = CARTESIAN_POINT('',(57.67463,0.03652,1.50000));
#6762 = VERTEX_POINT('',#6761);
#6763 = CARTESIAN_POINT('',(57.67463,0.03652,0.00000));
#6764 = DIRECTION('',(0.941059,-0.338243,0.000000));
#6765 = VECTOR('',#6764,0.05960);
#6766 = LINE('',#6763,#6765);
#6767 = EDGE_CURVE('',#6756,#6758,#6766,.T.);
#6768 = CARTESIAN_POINT('',(57.73072,0.01636,0.00000));
#6769 = DIRECTION('',(0.000000,0.000000,1.000000));
#6770 = VECTOR('',#6769,1.50000);
#6771 = LINE('',#6768,#6770);
#6772 = EDGE_CURVE('',#6758,#6760,#6771,.T.);
#6773 = CARTESIAN_POINT('',(57.73072,0.01636,1.50000));
#6774 = DIRECTION('',(-0.941059,0.338243,0.000000));
#6775 = VECTOR('',#6774,0.05960);
#6776 = LINE('',#6773,#6775);
#6777 = EDGE_CURVE('',#6760,#6762,#6776,.T.);
#6778 = CARTESIAN_POINT('',(57.67463,0.03652,1.50000));
#6779 = DIRECTION('',(0.000000,0.000000,-1.000000));
#6780 = VECTOR('',#6779,1.50000);
#6781 = LINE('',#6778,#6780);
#6782 = EDGE_CURVE('',#6762,#6756,#6781,.T.);
#6783 = ORIENTED_EDGE('',*,*,#6767,.T.);
#6784 = ORIENTED_EDGE('',*,*,#6772,.T.);
#6785 = ORIENTED_EDGE('',*,*,#6777,.T.);
#6786 = ORIENTED_EDGE('',*,*,#6782,.T.);
#6787 = EDGE_LOOP('',(#6783,#6784,#6785,#6786));
#6788 = FACE_OUTER_BOUND('',#6787,.T.);
#6789 = CARTESIAN_POINT('',(57.67463,0.03652,0.00000));
#6790 = DIRECTION('',(-0.338243,-0.941059,0.000000));
#6791 = DIRECTION('',(0.941059,-0.338243,0.000000));
#6792 = AXIS2_PLACEMENT_3D('',#6789,#6790,#6791);
#6793 = PLANE('',#6792);
#6794 = ADVANCED_FACE('',(#6788),#6793,.T.);
#6795 = CARTESIAN_POINT('',(57.73072,0.01636,0.00000));
#6796 = VERTEX_POINT('',#6795);
#6797 = CARTESIAN_POINT('',(57.78904,0.00411,0.00000));
#6798 = VERTEX_POINT('',#6797);
#6799 = CARTESIAN_POINT('',(57.78904,0.00411,1.50000));
#6800 = VERTEX_POINT('',#6799);
#6801 = CARTESIAN_POINT('',(57.73072,0.01636,1.50000));
#6802 = VERTEX_POINT('',#6801);
#6803 = CARTESIAN_POINT('',(57.73072,0.01636,0.00000));
#6804 = DIRECTION('',(0.978646,-0.205554,0.000000));
#6805 = VECTOR('',#6804,0.05960);
#6806 = LINE('',#6803,#6805);
#6807 = EDGE_CURVE('',#6796,#6798,#6806,.T.);
#6808 = CARTESIAN_POINT('',(57.78904,0.00411,0.00000));
#6809 = DIRECTION('',(0.000000,0.000000,1.000000));
#6810 = VECTOR('',#6809,1.50000);
#6811 = LINE('',#6808,#6810);
#6812 = EDGE_CURVE('',#6798,#6800,#6811,.T.);
#6813 = CARTESIAN_POINT('',(57.78904,0.00411,1.50000));
#6814 = DIRECTION('',(-0.978646,0.205554,0.000000));
#6815 = VECTOR('',#6814,0.05960);
#6816 = LINE('',#6813,#6815);
#6817 = EDGE_CURVE('',#6800,#6802,#6816,.T.);
#6818 = CARTESIAN_POINT('',(57.73072,0.01636,1.50000));
#6819 = DIRECTION('',(0.000000,0.000000,-1.000000));
#6820 = VECTOR('',#6819,1.50000);
#6821 = LINE('',#6818,#6820);
#6822 = EDGE_CURVE('',#6802,#6796,#6821,.T.);
#6823 = ORIENTED_EDGE('',*,*,#6807,.T.);
#6824 = ORIENTED_EDGE('',*,*,#6812,.T.);
#6825 = ORIENTED_EDGE('',*,*,#6817,.T.);
#6826 = ORIENTED_EDGE('',*,*,#6822,.T.);
#6827 = EDGE_LOOP('',(#6823,#6824,#6825,#6826));
#6828 = FACE_OUTER_BOUND('',#6827,.T.);
#6829 = CARTESIAN_POINT('',(57.73072,0.01636,0.00000));
#6830 = DIRECTION('',(-0.205554,-0.978646,0.000000));
#6831 = DIRECTION('',(0.978646,-0.205554,0.000000));
#6832 = AXIS2_PLACEMENT_3D('',#6829,#6830,#6831);
#6833 = PLANE('',#6832);
#6834 = ADVANCED_FACE('',(#6828),#6833,.T.);
#6835 = CARTESIAN_POINT('',(57.78904,0.00411,0.00000));
#6836 = VERTEX_POINT('',#6835);
#6837 = CARTESIAN_POINT('',(57.84850,0.00000,0.00000));
#6838 = VERTEX_POINT('',#6837);
#6839 = CARTESIAN_POINT('',(57.84850,0.00000,1.50000));
#6840 = VERTEX_POINT('',#6839);
#6841 = CARTESIAN_POINT('',(57.78904,0.00411,1.50000));
#6842 = VERTEX_POINT('',#6841);
#6843 = CARTESIAN_POINT('',(57.78904,0.00411,0.00000));
#6844 = DIRECTION('',(0.997620,-0.068957,0.000000));
#6845 = VECTOR('',#6844,0.05960);
#6846 = LINE('',#6843,#6845);
#6847 = EDGE_CURVE('',#6836,#6838,#6846,.T.);
#6848 = CARTESIAN_POINT('',(57.84850,0.00000,0.00000));
#6849 = DIRECTION('',(0.000000,0.000000,1.000000));
#6850 = VECTOR('',#6849,1.50000);
#6851 = LINE('',#6848,#6850);
#6852 = EDGE_CURVE('',#6838,#6840,#6851,.T.);
#6853 = CARTESIAN_POINT('',(57.84850,0.00000,1.50000));
#6854 = DIRECTION('',(-0.997620,0.068957,0.000000));
#6855 = VECTOR('',#6854,0.05960);
#6856 = LINE('',#6853,#6855);
#6857 = EDGE_CURVE('',#6840,#6842,#6856,.T.);
#6858 = CARTESIAN_POINT('',(57.78904,0.00411,1.50000));
#6859 = DIRECTION('',(0.000000,0.000000,-1.000000));
#6860 = VECTOR('',#6859,1.50000);
#6861 = LINE('',#6858,#6860);
#6862 = EDGE_CURVE('',#6842,#6836,#6861,.T.);
#6863 = ORIENTED_EDGE('',*,*,#6847,.T.);
#6864 = ORIENTED_EDGE('',*,*,#6852,.T.);
#6865 = ORIENTED_EDGE('',*,*,#6857,.T.);
#6866 = ORIENTED_EDGE('',*,*,#6862,.T.);
#6867 = EDGE_LOOP('',(#6863,#6864,#6865,#6866));
#6868 = FACE_OUTER_BOUND('',#6867,.T.);
#6869 = CARTESIAN_POINT('',(57.78904,0.00411,0.00000));
#6870 = DIRECTION('',(-0.068957,-0.997620,0.000000));
#6871 = DIRECTION('',(0.997620,-0.068957,0.000000));
#6872 = AXIS2_PLACEMENT_3D('',#6869,#6870,#6871);
#6873 = PLANE('',#6872);
#6874 = ADVANCED_FACE('',(#6868),#6873,.T.);
#6875 = CARTESIAN_POINT('',(57.84850,0.00000,0.00000));
#6876 = VERTEX_POINT('',#6875);
#6877 = CARTESIAN_POINT('',(78.29996,0.00000,0.00000));
#6878 = VERTEX_POINT('',#6877);
#6879 = CARTESIAN_POINT('',(78.29996,0.00000,1.50000));
#6880 = VERTEX_POINT('',#6879);
#6881 = CARTESIAN_POINT('',(57.84850,0.00000,1.50000));
#6882 = VERTEX_POINT('',#6881);
#6883 = CARTESIAN_POINT('',(57.84850,0.00000,0.00000));
#6884 = DIRECTION('',(1.000000,0.000000,0.000000));
#6885 = VECTOR('',#6884,20.45146);
#6886 = LINE('',#6883,#6885);
#6887 = EDGE_CURVE('',#6876,#6878,#6886,.T.);
#6888 = CARTESIAN_POINT('',(78.29996,0.00000,0.00000));
#6889 = DIRECTION('',(0.000000,0.000000,1.000000));
#6890 = VECTOR('',#6889,1.50000);
#6891 = LINE('',#6888,#6890);
#6892 = EDGE_CURVE('',#6878,#6880,#6891,.T.);
#6893 = CARTESIAN_POINT('',(78.29996,0.00000,1.50000));
#6894 = DIRECTION('',(-1.000000,-0.000000,0.000000));
#6895 = VECTOR('',#6894,20.45146);
#6896 = LINE('',#6893,#6895);
#6897 = EDGE_CURVE('',#6880,#6882,#6896,.T.);
#6898 = CARTESIAN_POINT('',(57.84850,0.00000,1.50000));
#6899 = DIRECTION('',(0.000000,0.000000,-1.000000));
#6900 = VECTOR('',#6899,1.50000);
#6901 = LINE('',#6898,#6900);
#6902 = EDGE_CURVE('',#6882,#6876,#6901,.T.);
#6903 = ORIENTED_EDGE('',*,*,#6887,.T.);
#6904 = ORIENTED_EDGE('',*,*,#6892,.T.);
#6905 = ORIENTED_EDGE('',*,*,#6897,.T.);
#6906 = ORIENTED_EDGE('',*,*,#6902,.T.);
#6907 = EDGE_LOOP('',(#6903,#6904,#6905,#6906));
#6908 = FACE_OUTER_BOUND('',#6907,.T.);
#6909 = CARTESIAN_POINT('',(57.84850,0.00000,0.00000));
#6910 = DIRECTION('',(0.000000,-1.000000,0.000000));
#6911 = DIRECTION('',(1.000000,0.000000,0.000000));
#6912 = AXIS2_PLACEMENT_3D('',#6909,#6910,#6911);
#6913 = PLANE('',#6912);
#6914 = ADVANCED_FACE('',(#6908),#6913,.T.);
#6915 = CARTESIAN_POINT('',(78.29996,0.00000,0.00000));
#6916 = VERTEX_POINT('',#6915);
#6917 = CARTESIAN_POINT('',(78.35273,0.00081,0.00000));
#6918 = VERTEX_POINT('',#6917);
#6919 = CARTESIAN_POINT('',(78.35273,0.00081,1.50000));
#6920 = VERTEX_POINT('',#6919);
#6921 = CARTESIAN_POINT('',(78.29996,0.00000,1.50000));
#6922 = VERTEX_POINT('',#6921);
#6923 = CARTESIAN_POINT('',(78.29996,0.00000,0.00000));
#6924 = DIRECTION('',(0.999883,0.015313,0.000000));
#6925 = VECTOR('',#6924,0.05278);
#6926 = LINE('',#6923,#6925);
#6927 = EDGE_CURVE('',#6916,#6918,#6926,.T.);
#6928 = CARTESIAN_POINT('',(78.35273,0.00081,0.00000));
#6929 = DIRECTION('',(0.000000,0.000000,1.000000));
#6930 = VECTOR('',#6929,1.50000);
#6931 = LINE('',#6928,#6930);
#6932 = EDGE_CURVE('',#6918,#6920,#6931,.T.);
#6933 = CARTESIAN_POINT('',(78.35273,0.00081,1.50000));
#6934 = DIRECTION('',(-0.999883,-0.015313,0.000000));
#6935 = VECTOR('',#6934,0.05278);
#6936 = LINE('',#6933,#6935);
#6937 = EDGE_CURVE('',#6920,#6922,#6936,.T.);
#6938 = CARTESIAN_POINT('',(78.29996,0.00000,1.50000));
#6939 = DIRECTION('',(0.000000,0.000000,-1.000000));
#6940 = VECTOR('',#6939,1.50000);
#6941 = LINE('',#6938,#6940);
#6942 = EDGE_CURVE('',#6922,#6916,#6941,.T.);
#6943 = ORIENTED_EDGE('',*,*,#6927,.T.);
#6944 = ORIENTED_EDGE('',*,*,#6932,.T.);
#6945 = ORIENTED_EDGE('',*,*,#6937,.T.);
#6946 = ORIENTED_EDGE('',*,*,#6942,.T.);
#6947 = EDGE_LOOP('',(#6943,#6944,#6945,#6946));
#6948 = FACE_OUTER_BOUND('',#6947,.T.);
#6949 = CARTESIAN_POINT('',(78.29996,0.00000,0.00000));
#6950 = DIRECTION('',(0.015313,-0.999883,0.000000));
#6951 = DIRECTION('',(0.999883,0.015313,0.000000));
#6952 = AXIS2_PLACEMENT_3D('',#6949,#6950,#6951);
#6953 = PLANE('',#6952);
#6954 = ADVANCED_FACE('',(#6948),#6953,.T.);
#6955 = CARTESIAN_POINT('',(78.35273,0.00081,0.00000));
#6956 = VERTEX_POINT('',#6955);
#6957 = CARTESIAN_POINT('',(78.40480,0.00940,0.00000));
#6958 = VERTEX_POINT('',#6957);
#6959 = CARTESIAN_POINT('',(78.40480,0.00940,1.50000));
#6960 = VERTEX_POINT('',#6959);
#6961 = CARTESIAN_POINT('',(78.35273,0.00081,1.50000));
#6962 = VERTEX_POINT('',#6961);
#6963 = CARTESIAN_POINT('',(78.35273,0.00081,0.00000));
#6964 = DIRECTION('',(0.986671,0.162728,0.000000));
#6965 = VECTOR('',#6964,0.05278);
#6966 = LINE('',#6963,#6965);
#6967 = EDGE_CURVE('',#6956,#6958,#6966,.T.);
#6968 = CARTESIAN_POINT('',(78.40480,0.00940,0.00000));
#6969 = DIRECTION('',(0.000000,0.000000,1.000000));
#6970 = VECTOR('',#6969,1.50000);
#6971 = LINE('',#6968,#6970);
#6972 = EDGE_CURVE('',#6958,#6960,#6971,.T.);
#6973 = CARTESIAN_POINT('',(78.40480,0.00940,1.50000));
#6974 = DIRECTION('',(-0.986671,-0.162728,0.000000));
#6975 = VECTOR('',#6974,0.05278);
#6976 = LINE('',#6973,#6975);
#6977 = EDGE_CURVE('',#6960,#6962,#6976,.T.);
#6978 = CARTESIAN_POINT('',(78.35273,0.00081,1.50000));
#6979 = DIRECTION('',(0.000000,0.000000,-1.000000));
#6980 = VECTOR('',#6979,1.50000);
#6981 = LINE('',#6978,#6980);
#6982 = EDGE_CURVE('',#6962,#6956,#6981,.T.);
#6983 = ORIENTED_EDGE('',*,*,#6967,.T.);
#6984 = ORIENTED_EDGE('',*,*,#6972,.T.);
#6985 = ORIENTED_EDGE('',*,*,#6977,.T.);
#6986 = ORIENTED_EDGE('',*,*,#6982,.T.);
#6987 = EDGE_LOOP('',(#6983,#6984,#6985,#6986));
#6988 = FACE_OUTER_BOUND('',#6987,.T.);
#6989 = CARTESIAN_POINT('',(78.35273,0.00081,0.00000));
#6990 = DIRECTION('',(0.162728,-0.986671,0.000000));
#6991 = DIRECTION('',(0.986671,0.162728,0.000000));
#6992 = AXIS2_PLACEMENT_3D('',#6989,#6990,#6991);
#6993 = PLANE('',#6992);
#6994 = ADVANCED_FACE('',(#6988),#6993,.T.);
#6995 = CARTESIAN_POINT('',(78.40480,0.00940,0.00000));
#6996 = VERTEX_POINT('',#6995);
#6997 = CARTESIAN_POINT('',(78.45504,0.02558,0.00000));
#6998 = VERTEX_POINT('',#6997);
#6999 = CARTESIAN_POINT('',(78.45504,0.02558,1.50000));
#7000 = VERTEX_POINT('',#6999);
#7001 = CARTESIAN_POINT('',(78.40480,0.00940,1.50000));
#7002 = VERTEX_POINT('',#7001);
#7003 = CARTESIAN_POINT('',(78.40480,0.00940,0.00000));
#7004 = DIRECTION('',(0.951845,0.306579,0.000000));
#7005 = VECTOR('',#7004,0.05278);
#7006 = LINE('',#7003,#7005);
#7007 = EDGE_CURVE('',#6996,#6998,#7006,.T.);
#7008 = CARTESIAN_POINT('',(78.45504,0.02558,0.00000));
#7009 = DIRECTION('',(0.000000,0.000000,1.000000));
#7010 = VECTOR('',#7009,1.50000);
#7011 = LINE('',#7008,#7010);
#7012 = EDGE_CURVE('',#6998,#7000,#7011,.T.);
#7013 = CARTESIAN_POINT('',(78.45504,0.02558,1.50000));
#7014 = DIRECTION('',(-0.951845,-0.306579,0.000000));
#7015 = VECTOR('',#7014,0.05278);
#7016 = LINE('',#7013,#7015);
#7017 = EDGE_CURVE('',#7000,#7002,#7016,.T.);
#7018 = CARTESIAN_POINT('',(78.40480,0.00940,1.50000));
#7019 = DIRECTION('',(0.000000,0.000000,-1.000000));
#7020 = VECTOR('',#7019,1.50000);
#7021 = LINE('',#7018,#7020);
#7022 = EDGE_CURVE('',#7002,#6996,#7021,.T.);
#7023 = ORIENTED_EDGE('',*,*,#7007,.T.);
#7024 = ORIENTED_EDGE('',*,*,#7012,.T.);
#7025 = ORIENTED_EDGE('',*,*,#7017,.T.);
#7026 = ORIENTED_EDGE('',*,*,#7022,.T.);
#7027 = EDGE_LOOP('',(#7023,#7024,#7025,#7026));
#7028 = FACE_OUTER_BOUND('',#7027,.T.);
#7029 = CARTESIAN_POINT('',(78.40480,0.00940,0.00000));
#7030 = DIRECTION('',(0.306579,-0.951845,0.000000));
#7031 = DIRECTION('',(0.951845,0.306579,0.000000));
#7032 = AXIS2_PLACEMENT_3D('',#7029,#7030,#7031);
#7033 = PLANE('',#7032);
#7034 = ADVANCED_FACE('',(#7028),#7033,.T.);
#7035 = CARTESIAN_POINT('',(78.45504,0.02558,0.00000));
#7036 = VERTEX_POINT('',#7035);
#7037 = CARTESIAN_POINT('',(78.50233,0.04899,0.00000));
#7038 = VERTEX_POINT('',#7037);
#7039 = CARTESIAN_POINT('',(78.50233,0.04899,1.50000));
#7040 = VERTEX_POINT('',#7039);
#7041 = CARTESIAN_POINT('',(78.45504,0.02558,1.50000));
#7042 = VERTEX_POINT('',#7041);
#7043 = CARTESIAN_POINT('',(78.45504,0.02558,0.00000));
#7044 = DIRECTION('',(0.896169,0.443713,0.000000));
#7045 = VECTOR('',#7044,0.05278);
#7046 = LINE('',#7043,#7045);
#7047 = EDGE_CURVE('',#7036,#7038,#7046,.T.);
#7048 = CARTESIAN_POINT('',(78.50233,0.04899,0.00000));
#7049 = DIRECTION('',(0.000000,0.000000,1.000000));
#7050 = VECTOR('',#7049,1.50000);
#7051 = LINE('',#7048,#7050);
#7052 = EDGE_CURVE('',#7038,#7040,#7051,.T.);
#7053 = CARTESIAN_POINT('',(78.50233,0.04899,1.50000));
#7054 = DIRECTION('',(-0.896169,-0.443713,0.000000));
#7055 = VECTOR('',#7054,0.05278);
#7056 = LINE('',#7053,#7055);
#7057 = EDGE_CURVE('',#7040,#7042,#7056,.T.);
#7058 = CARTESIAN_POINT('',(78.45504,0.02558,1.50000));
#7059 = DIRECTION('',(0.000000,0.000000,-1.000000));
#7060 = VECTOR('',#7059,1.50000);
#7061 = LINE('',#7058,#7060);
#7062 = EDGE_CURVE('',#7042,#7036,#7061,.T.);
#7063 = ORIENTED_EDGE('',*,*,#7047,.T.);
#7064 = ORIENTED_EDGE('',*,*,#7052,.T.);
#7065 = ORIENTED_EDGE('',*,*,#7057,.T.);
#7066 = ORIENTED_EDGE('',*,*,#7062,.T.);
#7067 = EDGE_LOOP('',(#7063,#7064,#7065,#7066));
#7068 = FACE_OUTER_BOUND('',#7067,.T.);
#7069 = CARTESIAN_POINT('',(78.45504,0.02558,0.00000));
#7070 = DIRECTION('',(0.443713,-0.896169,0.000000));
#7071 = DIRECTION('',(0.896169,0.443713,0.000000));
#7072 = AXIS2_PLACEMENT_3D('',#7069,#7070,#7071);
#7073 = PLANE('',#7072);
#7074 = ADVANCED_FACE('',(#7068),#7073,.T.);
#7075 = CARTESIAN_POINT('',(78.50233,0.04899,0.00000));
#7076 = VERTEX_POINT('',#7075);
#7077 = CARTESIAN_POINT('',(78.54565,0.07913,0.00000));
#7078 = VERTEX_POINT('',#7077);
#7079 = CARTESIAN_POINT('',(78.54565,0.07913,1.50000));
#7080 = VERTEX_POINT('',#7079);
#7081 = CARTESIAN_POINT('',(78.50233,0.04899,1.50000));
#7082 = VERTEX_POINT('',#7081);
#7083 = CARTESIAN_POINT('',(78.50233,0.04899,0.00000));
#7084 = DIRECTION('',(0.820861,0.571128,0.000000));
#7085 = VECTOR('',#7084,0.05278);
#7086 = LINE('',#7083,#7085);
#7087 = EDGE_CURVE('',#7076,#7078,#7086,.T.);
#7088 = CARTESIAN_POINT('',(78.54565,0.07913,0.00000));
#7089 = DIRECTION('',(0.000000,0.000000,1.000000));
#7090 = VECTOR('',#7089,1.50000);
#7091 = LINE('',#7088,#7090);
#7092 = EDGE_CURVE('',#7078,#7080,#7091,.T.);
#7093 = CARTESIAN_POINT('',(78.54565,0.07913,1.50000));
#7094 = DIRECTION('',(-0.820861,-0.571128,0.000000));
#7095 = VECTOR('',#7094,0.05278);
#7096 = LINE('',#7093,#7095);
#7097 = EDGE_CURVE('',#7080,#7082,#7096,.T.);
#7098 = CARTESIAN_POINT('',(78.50233,0.04899,1.50000));
#7099 = DIRECTION('',(0.000000,0.000000,-1.000000));
#7100 = VECTOR('',#7099,1.50000);
#7101 = LINE('',#7098,#7100);
#7102 = EDGE_CURVE('',#7082,#7076,#7101,.T.);
#7103 = ORIENTED_EDGE('',*,*,#7087,.T.);
#7104 = ORIENTED_EDGE('',*,*,#7092,.T.);
#7105 = ORIENTED_EDGE('',*,*,#7097,.T.);
#7106 = ORIENTED_EDGE('',*,*,#7102,.T.);
#7107 = EDGE_LOOP('',(#7103,#7104,#7105,#7106));
#7108 = FACE_OUTER_BOUND('',#7107,.T.);
#7109 = CARTESIAN_POINT('',(78.50233,0.04899,0.00000));
#7110 = DIRECTION('',(0.571128,-0.820861,0.000000));
#7111 = DIRECTION('',(0.820861,0.571128,0.000000));
#7112 = AXIS2_PLACEMENT_3D('',#7109,#7110,#7111);
#7113 = PLANE('',#7112);
#7114 = ADVANCED_FACE('',(#7108),#7113,.T.);
#7115 = CARTESIAN_POINT('',(78.54565,0.07913,0.00000));
#7116 = VERTEX_POINT('',#7115);
#7117 = CARTESIAN_POINT('',(78.58405,0.11534,0.00000));
#7118 = VERTEX_POINT('',#7117);
#7119 = CARTESIAN_POINT('',(78.58405,0.11534,1.50000));
#7120 = VERTEX_POINT('',#7119);
#7121 = CARTESIAN_POINT('',(78.54565,0.07913,1.50000));
#7122 = VERTEX_POINT('',#7121);
#7123 = CARTESIAN_POINT('',(78.54565,0.07913,0.00000));
#7124 = DIRECTION('',(0.727572,0.686031,0.000000));
#7125 = VECTOR('',#7124,0.05278);
#7126 = LINE('',#7123,#7125);
#7127 = EDGE_CURVE('',#7116,#7118,#7126,.T.);
#7128 = CARTESIAN_POINT('',(78.58405,0.11534,0.00000));
#7129 = DIRECTION('',(0.000000,0.000000,1.000000));
#7130 = VECTOR('',#7129,1.50000);
#7131 = LINE('',#7128,#7130);
#7132 = EDGE_CURVE('',#7118,#7120,#7131,.T.);
#7133 = CARTESIAN_POINT('',(78.58405,0.11534,1.50000));
#7134 = DIRECTION('',(-0.727572,-0.686031,0.000000));
#7135 = VECTOR('',#7134,0.05278);
#7136 = LINE('',#7133,#7135);
#7137 = EDGE_CURVE('',#7120,#7122,#7136,.T.);
#7138 = CARTESIAN_POINT('',(78.54565,0.07913,1.50000));
#7139 = DIRECTION('',(0.000000,0.000000,-1.000000));
#7140 = VECTOR('',#7139,1.50000);
#7141 = LINE('',#7138,#7140);
#7142 = EDGE_CURVE('',#7122,#7116,#7141,.T.);
#7143 = ORIENTED_EDGE('',*,*,#7127,.T.);
#7144 = ORIENTED_EDGE('',*,*,#7132,.T.);
#7145 = ORIENTED_EDGE('',*,*,#7137,.T.);
#7146 = ORIENTED_EDGE('',*,*,#7142,.T.);
#7147 = EDGE_LOOP('',(#7143,#7144,#7145,#7146));
#7148 = FACE_OUTER_BOUND('',#7147,.T.);
#7149 = CARTESIAN_POINT('',(78.54565,0.07913,0.00000));
#7150 = DIRECTION('',(0.686031,-0.727572,0.000000));
#7151 = DIRECTION('',(0.727572,0.686031,0.000000));
#7152 = AXIS2_PLACEMENT_3D('',#7149,#7150,#7151);
#7153 = PLANE('',#7152);
#7154 = ADVANCED_FACE('',(#7148),#7153,.T.);
#7155 = CARTESIAN_POINT('',(78.58405,0.11534,0.00000));
#7156 = VERTEX_POINT('',#7155);
#7157 = CARTESIAN_POINT('',(78.61668,0.15682,0.00000));
#7158 = VERTEX_POINT('',#7157);
#7159 = CARTESIAN_POINT('',(78.61668,0.15682,1.50000));
#7160 = VERTEX_POINT('',#7159);
#7161 = CARTESIAN_POINT('',(78.58405,0.11534,1.50000));
#7162 = VERTEX_POINT('',#7161);
#7163 = CARTESIAN_POINT('',(78.58405,0.11534,0.00000));
#7164 = DIRECTION('',(0.618345,0.785907,0.000000));
#7165 = VECTOR('',#7164,0.05278);
#7166 = LINE('',#7163,#7165);
#7167 = EDGE_CURVE('',#7156,#7158,#7166,.T.);
#7168 = CARTESIAN_POINT('',(78.61668,0.15682,0.00000));
#7169 = DIRECTION('',(0.000000,0.000000,1.000000));
#7170 = VECTOR('',#7169,1.50000);
#7171 = LINE('',#7168,#7170);
#7172 = EDGE_CURVE('',#7158,#7160,#7171,.T.);
#7173 = CARTESIAN_POINT('',(78.61668,0.15682,1.50000));
#7174 = DIRECTION('',(-0.618345,-0.785907,0.000000));
#7175 = VECTOR('',#7174,0.05278);
#7176 = LINE('',#7173,#7175);
#7177 = EDGE_CURVE('',#7160,#7162,#7176,.T.);
#7178 = CARTESIAN_POINT('',(78.58405,0.11534,1.50000));
#7179 = DIRECTION('',(0.000000,0.000000,-1.000000));
#7180 = VECTOR('',#7179,1.50000);
#7181 = LINE('',#7178,#7180);
#7182 = EDGE_CURVE('',#7162,#7156,#7181,.T.);
#7183 = ORIENTED_EDGE('',*,*,#7167,.T.);
#7184 = ORIENTED_EDGE('',*,*,#7172,.T.);
#7185 = ORIENTED_EDGE('',*,*,#7177,.T.);
#7186 = ORIENTED_EDGE('',*,*,#7182,.T.);
#7187 = EDGE_LOOP('',(#7183,#7184,#7185,#7186));
#7188 = FACE_OUTER_BOUND('',#7187,.T.);
#7189 = CARTESIAN_POINT('',(78.58405,0.11534,0.00000));
#7190 = DIRECTION('',(0.785907,-0.618345,0.000000));
#7191 = DIRECTION('',(0.618345,0.785907,0.000000));
#7192 = AXIS2_PLACEMENT_3D('',#7189,#7190,#7191);
#7193 = PLANE('',#7192);
#7194 = ADVANCED_FACE('',(#7188),#7193,.T.);
#7195 = CARTESIAN_POINT('',(78.61668,0.15682,0.00000));
#7196 = VERTEX_POINT('',#7195);
#7197 = CARTESIAN_POINT('',(78.64284,0.20265,0.00000));
#7198 = VERTEX_POINT('',#7197);
#7199 = CARTESIAN_POINT('',(78.64284,0.20265,1.50000));
#7200 = VERTEX_POINT('',#7199);
#7201 = CARTESIAN_POINT('',(78.61668,0.15682,1.50000));
#7202 = VERTEX_POINT('',#7201);
#7203 = CARTESIAN_POINT('',(78.61668,0.15682,0.00000));
#7204 = DIRECTION('',(0.495572,0.868567,0.000000));
#7205 = VECTOR('',#7204,0.05278);
#7206 = LINE('',#7203,#7205);
#7207 = EDGE_CURVE('',#7196,#7198,#7206,.T.);
#7208 = CARTESIAN_POINT('',(78.64284,0.20265,0.00000));
#7209 = DIRECTION('',(0.000000,0.000000,1.000000));
#7210 = VECTOR('',#7209,1.50000);
#7211 = LINE('',#7208,#7210);
#7212 = EDGE_CURVE('',#7198,#7200,#7211,.T.);
#7213 = CARTESIAN_POINT('',(78.64284,0.20265,1.50000));
#7214 = DIRECTION('',(-0.495572,-0.868567,0.000000));
#7215 = VECTOR('',#7214,0.05278);
#7216 = LINE('',#7213,#7215);
#7217 = EDGE_CURVE('',#7200,#7202,#7216,.T.);
#7218 = CARTESIAN_POINT('',(78.61668,0.15682,1.50000));
#7219 = DIRECTION('',(0.000000,0.000000,-1.000000));
#7220 = VECTOR('',#7219,1.50000);
#7221 = LINE('',#7218,#7220);
#7222 = EDGE_CURVE('',#7202,#7196,#7221,.T.);
#7223 = ORIENTED_EDGE('',*,*,#7207,.T.);
#7224 = ORIENTED_EDGE('',*,*,#7212,.T.);
#7225 = ORIENTED_EDGE('',*,*,#7217,.T.);
#7226 = ORIENTED_EDGE('',*,*,#7222,.T.);
#7227 = EDGE_LOOP('',(#7223,#7224,#7225,#7226));
#7228 = FACE_OUTER_BOUND('',#7227,.T.);
#7229 = CARTESIAN_POINT('',(78.61668,0.15682,0.00000));
#7230 = DIRECTION('',(0.868567,-0.495572,0.000000));
#7231 = DIRECTION('',(0.495572,0.868567,0.000000));
#7232 = AXIS2_PLACEMENT_3D('',#7229,#7230,#7231);
#7233 = PLANE('',#7232);
#7234 = ADVANCED_FACE('',(#7228),#7233,.T.);
#7235 = CARTESIAN_POINT('',(78.64284,0.20265,0.00000));
#7236 = VERTEX_POINT('',#7235);
#7237 = CARTESIAN_POINT('',(78.66194,0.25185,0.00000));
#7238 = VERTEX_POINT('',#7237);
#7239 = CARTESIAN_POINT('',(78.66194,0.25185,1.50000));
#7240 = VERTEX_POINT('',#7239);
#7241 = CARTESIAN_POINT('',(78.64284,0.20265,1.50000));
#7242 = VERTEX_POINT('',#7241);
#7243 = CARTESIAN_POINT('',(78.64284,0.20265,0.00000));
#7244 = DIRECTION('',(0.361944,0.932200,0.000000));
#7245 = VECTOR('',#7244,0.05278);
#7246 = LINE('',#7243,#7245);
#7247 = EDGE_CURVE('',#7236,#7238,#7246,.T.);
#7248 = CARTESIAN_POINT('',(78.66194,0.25185,0.00000));
#7249 = DIRECTION('',(0.000000,0.000000,1.000000));
#7250 = VECTOR('',#7249,1.50000);
#7251 = LINE('',#7248,#7250);
#7252 = EDGE_CURVE('',#7238,#7240,#7251,.T.);
#7253 = CARTESIAN_POINT('',(78.66194,0.25185,1.50000));
#7254 = DIRECTION('',(-0.361944,-0.932200,0.000000));
#7255 = VECTOR('',#7254,0.05278);
#7256 = LINE('',#7253,#7255);
#7257 = EDGE_CURVE('',#7240,#7242,#7256,.T.);
#7258 = CARTESIAN_POINT('',(78.64284,0.20265,1.50000));
#7259 = DIRECTION('',(0.000000,0.000000,-1.000000));
#7260 = VECTOR('',#7259,1.50000);
#7261 = LINE('',#7258,#7260);
#7262 = EDGE_CURVE('',#7242,#7236,#7261,.T.);
#7263 = ORIENTED_EDGE('',*,*,#7247,.T.);
#7264 = ORIENTED_EDGE('',*,*,#7252,.T.);
#7265 = ORIENTED_EDGE('',*,*,#7257,.T.);
#7266 = ORIENTED_EDGE('',*,*,#7262,.T.);
#7267 = EDGE_LOOP('',(#7263,#7264,#7265,#7266));
#7268 = FACE_OUTER_BOUND('',#7267,.T.);
#7269 = CARTESIAN_POINT('',(78.64284,0.20265,0.00000));
#7270 = DIRECTION('',(0.932200,-0.361944,0.000000));
#7271 = DIRECTION('',(0.361944,0.932200,0.000000));
#7272 = AXIS2_PLACEMENT_3D('',#7269,#7270,#7271);
#7273 = PLANE('',#7272);
#7274 = ADVANCED_FACE('',(#7268),#7273,.T.);
#7275 = CARTESIAN_POINT('',(78.66194,0.25185,0.00000));
#7276 = VERTEX_POINT('',#7275);
#7277 = CARTESIAN_POINT('',(78.67357,0.30333,0.00000));
#7278 = VERTEX_POINT('',#7277);
#7279 = CARTESIAN_POINT('',(78.67357,0.30333,1.50000));
#7280 = VERTEX_POINT('',#7279);
#7281 = CARTESIAN_POINT('',(78.66194,0.25185,1.50000));
#7282 = VERTEX_POINT('',#7281);
#7283 = CARTESIAN_POINT('',(78.66194,0.25185,0.00000));
#7284 = DIRECTION('',(0.220387,0.975413,0.000000));
#7285 = VECTOR('',#7284,0.05278);
#7286 = LINE('',#7283,#7285);
#7287 = EDGE_CURVE('',#7276,#7278,#7286,.T.);
#7288 = CARTESIAN_POINT('',(78.67357,0.30333,0.00000));
#7289 = DIRECTION('',(0.000000,0.000000,1.000000));
#7290 = VECTOR('',#7289,1.50000);
#7291 = LINE('',#7288,#7290);
#7292 = EDGE_CURVE('',#7278,#7280,#7291,.T.);
#7293 = CARTESIAN_POINT('',(78.67357,0.30333,1.50000));
#7294 = DIRECTION('',(-0.220387,-0.975413,0.000000));
#7295 = VECTOR('',#7294,0.05278);
#7296 = LINE('',#7293,#7295);
#7297 = EDGE_CURVE('',#7280,#7282,#7296,.T.);
#7298 = CARTESIAN_POINT('',(78.66194,0.25185,1.50000));
#7299 = DIRECTION('',(0.000000,0.000000,-1.000000));
#7300 = VECTOR('',#7299,1.50000);
#7301 = LINE('',#7298,#7300);
#7302 = EDGE_CURVE('',#7282,#7276,#7301,.T.);
#7303 = ORIENTED_EDGE('',*,*,#7287,.T.);
#7304 = ORIENTED_EDGE('',*,*,#7292,.T.);
#7305 = ORIENTED_EDGE('',*,*,#7297,.T.);
#7306 = ORIENTED_EDGE('',*,*,#7302,.T.);
#7307 = EDGE_LOOP('',(#7303,#7304,#7305,#7306));
#7308 = FACE_OUTER_BOUND('',#7307,.T.);
#7309 = CARTESIAN_POINT('',(78.66194,0.25185,0.00000));
#7310 = DIRECTION('',(0.975413,-0.220387,0.000000));
#7311 = DIRECTION('',(0.220387,0.975413,0.000000));
#7312 = AXIS2_PLACEMENT_3D('',#7309,#7310,#7311);
#7313 = PLANE('',#7312);
#7314 = ADVANCED_FACE('',(#7308),#7313,.T.);
#7315 = CARTESIAN_POINT('',(78.67357,0.30333,0.00000));
#7316 = VERTEX_POINT('',#7315);
#7317 = CARTESIAN_POINT('',(78.67747,0.35596,0.00000));
#7318 = VERTEX_POINT('',#7317);
#7319 = CARTESIAN_POINT('',(78.67747,0.35596,1.50000));
#7320 = VERTEX_POINT('',#7319);
#7321 = CARTESIAN_POINT('',(78.67357,0.30333,1.50000));
#7322 = VERTEX_POINT('',#7321);
#7323 = CARTESIAN_POINT('',(78.67357,0.30333,0.00000));
#7324 = DIRECTION('',(0.074002,0.997258,0.000000));
#7325 = VECTOR('',#7324,0.05278);
#7326 = LINE('',#7323,#7325);
#7327 = EDGE_CURVE('',#7316,#7318,#7326,.T.);
#7328 = CARTESIAN_POINT('',(78.67747,0.35596,0.00000));
#7329 = DIRECTION('',(0.000000,0.000000,1.000000));
#7330 = VECTOR('',#7329,1.50000);
#7331 = LINE('',#7328,#7330);
#7332 = EDGE_CURVE('',#7318,#7320,#7331,.T.);
#7333 = CARTESIAN_POINT('',(78.67747,0.35596,1.50000));
#7334 = DIRECTION('',(-0.074002,-0.997258,0.000000));
#7335 = VECTOR('',#7334,0.05278);
#7336 = LINE('',#7333,#7335);
#7337 = EDGE_CURVE('',#7320,#7322,#7336,.T.);
#7338 = CARTESIAN_POINT('',(78.67357,0.30333,1.50000));
#7339 = DIRECTION('',(0.000000,0.000000,-1.000000));
#7340 = VECTOR('',#7339,1.50000);
#7341 = LINE('',#7338,#7340);
#7342 = EDGE_CURVE('',#7322,#7316,#7341,.T.);
#7343 = ORIENTED_EDGE('',*,*,#7327,.T.);
#7344 = ORIENTED_EDGE('',*,*,#7332,.T.);
#7345 = ORIENTED_EDGE('',*,*,#7337,.T.);
#7346 = ORIENTED_EDGE('',*,*,#7342,.T.);
#7347 = EDGE_LOOP('',(#7343,#7344,#7345,#7346));
#7348 = FACE_OUTER_BOUND('',#7347,.T.);
#7349 = CARTESIAN_POINT('',(78.67357,0.30333,0.00000));
#7350 = DIRECTION('',(0.997258,-0.074002,0.000000));
#7351 = DIRECTION('',(0.074002,0.997258,0.000000));
#7352 = AXIS2_PLACEMENT_3D('',#7349,#7350,#7351);
#7353 = PLANE('',#7352);
#7354 = ADVANCED_FACE('',(#7348),#7353,.T.);
#7355 = CARTESIAN_POINT('',(78.67747,0.35596,0.00000));
#7356 = VERTEX_POINT('',#7355);
#7357 = CARTESIAN_POINT('',(78.67747,2.41336,0.00000));
#7358 = VERTEX_POINT('',#7357);
#7359 = CARTESIAN_POINT('',(78.67747,2.41336,1.50000));
#7360 = VERTEX_POINT('',#7359);
#7361 = CARTESIAN_POINT('',(78.67747,0.35596,1.50000));
#7362 = VERTEX_POINT('',#7361);
#7363 = CARTESIAN_POINT('',(78.67747,0.35596,0.00000));
#7364 = DIRECTION('',(0.000000,1.000000,0.000000));
#7365 = VECTOR('',#7364,2.05740);
#7366 = LINE('',#7363,#7365);
#7367 = EDGE_CURVE('',#7356,#7358,#7366,.T.);
#7368 = CARTESIAN_POINT('',(78.67747,2.41336,0.00000));
#7369 = DIRECTION('',(0.000000,0.000000,1.000000));
#7370 = VECTOR('',#7369,1.50000);
#7371 = LINE('',#7368,#7370);
#7372 = EDGE_CURVE('',#7358,#7360,#7371,.T.);
#7373 = CARTESIAN_POINT('',(78.67747,2.41336,1.50000));
#7374 = DIRECTION('',(-0.000000,-1.000000,0.000000));
#7375 = VECTOR('',#7374,2.05740);
#7376 = LINE('',#7373,#7375);
#7377 = EDGE_CURVE('',#7360,#7362,#7376,.T.);
#7378 = CARTESIAN_POINT('',(78.67747,0.35596,1.50000));
#7379 = DIRECTION('',(0.000000,0.000000,-1.000000));
#7380 = VECTOR('',#7379,1.50000);
#7381 = LINE('',#7378,#7380);
#7382 = EDGE_CURVE('',#7362,#7356,#7381,.T.);
#7383 = ORIENTED_EDGE('',*,*,#7367,.T.);
#7384 = ORIENTED_EDGE('',*,*,#7372,.T.);
#7385 = ORIENTED_EDGE('',*,*,#7377,.T.);
#7386 = ORIENTED_EDGE('',*,*,#7382,.T.);
#7387 = EDGE_LOOP('',(#7383,#7384,#7385,#7386));
#7388 = FACE_OUTER_BOUND('',#7387,.T.);
#7389 = CARTESIAN_POINT('',(78.67747,0.35596,0.00000));
#7390 = DIRECTION('',(1.000000,-0.000000,0.000000));
#7391 = DIRECTION('',(0.000000,1.000000,0.000000));
#7392 = AXIS2_PLACEMENT_3D('',#7389,#7390,#7391);
#7393 = PLANE('',#7392);
#7394 = ADVANCED_FACE('',(#7388),#7393,.T.);
#7395 = CARTESIAN_POINT('',(78.67747,2.41336,0.00000));
#7396 = VERTEX_POINT('',#7395);
#7397 = CARTESIAN_POINT('',(78.67902,2.43491,0.00000));
#7398 = VERTEX_POINT('',#7397);
#7399 = CARTESIAN_POINT('',(78.67902,2.43491,1.50000));
#7400 = VERTEX_POINT('',#7399);
#7401 = CARTESIAN_POINT('',(78.67747,2.41336,1.50000));
#7402 = VERTEX_POINT('',#7401);
#7403 = CARTESIAN_POINT('',(78.67747,2.41336,0.00000));
#7404 = DIRECTION('',(0.071332,0.997453,0.000000));
#7405 = VECTOR('',#7404,0.02161);
#7406 = LINE('',#7403,#7405);
#7407 = EDGE_CURVE('',#7396,#7398,#7406,.T.);
#7408 = CARTESIAN_POINT('',(78.67902,2.43491,0.00000));
#7409 = DIRECTION('',(0.000000,0.000000,1.000000));
#7410 = VECTOR('',#7409,1.50000);
#7411 = LINE('',#7408,#7410);
#7412 = EDGE_CURVE('',#7398,#7400,#7411,.T.);
#7413 = CARTESIAN_POINT('',(78.67902,2.43491,1.50000));
#7414 = DIRECTION('',(-0.071332,-0.997453,0.000000));
#7415 = VECTOR('',#7414,0.02161);
#7416 = LINE('',#7413,#7415);
#7417 = EDGE_CURVE('',#7400,#7402,#7416,.T.);
#7418 = CARTESIAN_POINT('',(78.67747,2.41336,1.50000));
#7419 = DIRECTION('',(0.000000,0.000000,-1.000000));
#7420 = VECTOR('',#7419,1.50000);
#7421 = LINE('',#7418,#7420);
#7422 = EDGE_CURVE('',#7402,#7396,#7421,.T.);
#7423 = ORIENTED_EDGE('',*,*,#7407,.T.);
#7424 = ORIENTED_EDGE('',*,*,#7412,.T.);
#7425 = ORIENTED_EDGE('',*,*,#7417,.T.);
#7426 = ORIENTED_EDGE('',*,*,#7422,.T.);
#7427 = EDGE_LOOP('',(#7423,#7424,#7425,#7426));
#7428 = FACE_OUTER_BOUND('',#7427,.T.);
#7429 = CARTESIAN_POINT('',(78.67747,2.41336,0.00000));
#7430 = DIRECTION('',(0.997453,-0.071332,0.000000));
#7431 = DIRECTION('',(0.071332,0.997453,0.000000));
#7432 = AXIS2_PLACEMENT_3D('',#7429,#7430,#7431);
#7433 = PLANE('',#7432);
#7434 = ADVANCED_FACE('',(#7428),#7433,.T.);
#7435 = CARTESIAN_POINT('',(78.67902,2.43491,0.00000));
#7436 = VERTEX_POINT('',#7435);
#7437 = CARTESIAN_POINT('',(78.68361,2.45602,0.00000));
#7438 = VERTEX_POINT('',#7437);
#7439 = CARTESIAN_POINT('',(78.68361,2.45602,1.50000));
#7440 = VERTEX_POINT('',#7439);
#7441 = CARTESIAN_POINT('',(78.67902,2.43491,1.50000));
#7442 = VERTEX_POINT('',#7441);
#7443 = CARTESIAN_POINT('',(78.67902,2.43491,0.00000));
#7444 = DIRECTION('',(0.212560,0.977148,0.000000));
#7445 = VECTOR('',#7444,0.02161);
#7446 = LINE('',#7443,#7445);
#7447 = EDGE_CURVE('',#7436,#7438,#7446,.T.);
#7448 = CARTESIAN_POINT('',(78.68361,2.45602,0.00000));
#7449 = DIRECTION('',(0.000000,0.000000,1.000000));
#7450 = VECTOR('',#7449,1.50000);
#7451 = LINE('',#7448,#7450);
#7452 = EDGE_CURVE('',#7438,#7440,#7451,.T.);
#7453 = CARTESIAN_POINT('',(78.68361,2.45602,1.50000));
#7454 = DIRECTION('',(-0.212560,-0.977148,0.000000));
#7455 = VECTOR('',#7454,0.02161);
#7456 = LINE('',#7453,#7455);
#7457 = EDGE_CURVE('',#7440,#7442,#7456,.T.);
#7458 = CARTESIAN_POINT('',(78.67902,2.43491,1.50000));
#7459 = DIRECTION('',(0.000000,0.000000,-1.000000));
#7460 = VECTOR('',#7459,1.50000);
#7461 = LINE('',#7458,#7460);
#7462 = EDGE_CURVE('',#7442,#7436,#7461,.T.);
#7463 = ORIENTED_EDGE('',*,*,#7447,.T.);
#7464 = ORIENTED_EDGE('',*,*,#7452,.T.);
#7465 = ORIENTED_EDGE('',*,*,#7457,.T.);
#7466 = ORIENTED_EDGE('',*,*,#7462,.T.);
#7467 = EDGE_LOOP('',(#7463,#7464,#7465,#7466));
#7468 = FACE_OUTER_BOUND('',#7467,.T.);
#7469 = CARTESIAN_POINT('',(78.67902,2.43491,0.00000));
#7470 = DIRECTION('',(0.977148,-0.212560,0.000000));
#7471 = DIRECTION('',(0.212560,0.977148,0.000000));
#7472 = AXIS2_PLACEMENT_3D('',#7469,#7470,#7471);
#7473 = PLANE('',#7472);
#7474 = ADVANCED_FACE('',(#7468),#7473,.T.);
#7475 = CARTESIAN_POINT('',(78.68361,2.45602,0.00000));
#7476 = VERTEX_POINT('',#7475);
#7477 = CARTESIAN_POINT('',(78.69116,2.47626,0.00000));
#7478 = VERTEX_POINT('',#7477);
#7479 = CARTESIAN_POINT('',(78.69116,2.47626,1.50000));
#7480 = VERTEX_POINT('',#7479);
#7481 = CARTESIAN_POINT('',(78.68361,2.45602,1.50000));
#7482 = VERTEX_POINT('',#7481);
#7483 = CARTESIAN_POINT('',(78.68361,2.45602,0.00000));
#7484 = DIRECTION('',(0.349460,0.936951,0.000000));
#7485 = VECTOR('',#7484,0.02161);
#7486 = LINE('',#7483,#7485);
#7487 = EDGE_CURVE('',#7476,#7478,#7486,.T.);
#7488 = CARTESIAN_POINT('',(78.69116,2.47626,0.00000));
#7489 = DIRECTION('',(0.000000,0.000000,1.000000));
#7490 = VECTOR('',#7489,1.50000);
#7491 = LINE('',#7488,#7490);
#7492 = EDGE_CURVE('',#7478,#7480,#7491,.T.);
#7493 = CARTESIAN_POINT('',(78.69116,2.47626,1.50000));
#7494 = DIRECTION('',(-0.349460,-0.936951,0.000000));
#7495 = VECTOR('',#7494,0.02161);
#7496 = LINE('',#7493,#7495);
#7497 = EDGE_CURVE('',#7480,#7482,#7496,.T.);
#7498 = CARTESIAN_POINT('',(78.68361,2.45602,1.50000));
#7499 = DIRECTION('',(0.000000,0.000000,-1.000000));
#7500 = VECTOR('',#7499,1.50000);
#7501 = LINE('',#7498,#7500);
#7502 = EDGE_CURVE('',#7482,#7476,#7501,.T.);
#7503 = ORIENTED_EDGE('',*,*,#7487,.T.);
#7504 = ORIENTED_EDGE('',*,*,#7492,.T.);
#7505 = ORIENTED_EDGE('',*,*,#7497,.T.);
#7506 = ORIENTED_EDGE('',*,*,#7502,.T.);
#7507 = EDGE_LOOP('',(#7503,#7504,#7505,#7506));
#7508 = FACE_OUTER_BOUND('',#7507,.T.);
#7509 = CARTESIAN_POINT('',(78.68361,2.45602,0.00000));
#7510 = DIRECTION('',(0.936951,-0.349460,0.000000));
#7511 = DIRECTION('',(0.349460,0.936951,0.000000));
#7512 = AXIS2_PLACEMENT_3D('',#7509,#7510,#7511);
#7513 = PLANE('',#7512);
#7514 = ADVANCED_FACE('',(#7508),#7513,.T.);
#7515 = CARTESIAN_POINT('',(78.69116,2.47626,0.00000));
#7516 = VERTEX_POINT('',#7515);
#7517 = CARTESIAN_POINT('',(78.70151,2.49523,0.00000));
#7518 = VERTEX_POINT('',#7517);
#7519 = CARTESIAN_POINT('',(78.70151,2.49523,1.50000));
#7520 = VERTEX_POINT('',#7519);
#7521 = CARTESIAN_POINT('',(78.69116,2.47626,1.50000));
#7522 = VERTEX_POINT('',#7521);
#7523 = CARTESIAN_POINT('',(78.69116,2.47626,0.00000));
#7524 = DIRECTION('',(0.479246,0.877680,0.000000));
#7525 = VECTOR('',#7524,0.02161);
#7526 = LINE('',#7523,#7525);
#7527 = EDGE_CURVE('',#7516,#7518,#7526,.T.);
#7528 = CARTESIAN_POINT('',(78.70151,2.49523,0.00000));
#7529 = DIRECTION('',(0.000000,0.000000,1.000000));
#7530 = VECTOR('',#7529,1.50000);
#7531 = LINE('',#7528,#7530);
#7532 = EDGE_CURVE('',#7518,#7520,#7531,.T.);
#7533 = CARTESIAN_POINT('',(78.70151,2.49523,1.50000));
#7534 = DIRECTION('',(-0.479246,-0.877680,0.000000));
#7535 = VECTOR('',#7534,0.02161);
#7536 = LINE('',#7533,#7535);
#7537 = EDGE_CURVE('',#7520,#7522,#7536,.T.);
#7538 = CARTESIAN_POINT('',(78.69116,2.47626,1.50000));
#7539 = DIRECTION('',(0.000000,0.000000,-1.000000));
#7540 = VECTOR('',#7539,1.50000);
#7541 = LINE('',#7538,#7540);
#7542 = EDGE_CURVE('',#7522,#7516,#7541,.T.);
#7543 = ORIENTED_EDGE('',*,*,#7527,.T.);
#7544 = ORIENTED_EDGE('',*,*,#7532,.T.);
#7545 = ORIENTED_EDGE('',*,*,#7537,.T.);
#7546 = ORIENTED_EDGE('',*,*,#7542,.T.);
#7547 = EDGE_LOOP('',(#7543,#7544,#7545,#7546));
#7548 = FACE_OUTER_BOUND('',#7547,.T.);
#7549 = CARTESIAN_POINT('',(78.69116,2.47626,0.00000));
#7550 = DIRECTION('',(0.877680,-0.479246,0.000000));
#7551 = DIRECTION('',(0.479246,0.877680,0.000000));
#7552 = AXIS2_PLACEMENT_3D('',#7549,#7550,#7551);
#7553 = PLANE('',#7552);
#7554 = ADVANCED_FACE('',(#7548),#7553,.T.);
#7555 = CARTESIAN_POINT('',(78.70151,2.49523,0.00000));
#7556 = VERTEX_POINT('',#7555);
#7557 = CARTESIAN_POINT('',(78.71446,2.51252,0.00000));
#7558 = VERTEX_POINT('',#7557);
#7559 = CARTESIAN_POINT('',(78.71446,2.51252,1.50000));
#7560 = VERTEX_POINT('',#7559);
#7561 = CARTESIAN_POINT('',(78.70151,2.49523,1.50000));
#7562 = VERTEX_POINT('',#7561);
#7563 = CARTESIAN_POINT('',(78.70151,2.49523,0.00000));
#7564 = DIRECTION('',(0.599276,0.800542,0.000000));
#7565 = VECTOR('',#7564,0.02161);
#7566 = LINE('',#7563,#7565);
#7567 = EDGE_CURVE('',#7556,#7558,#7566,.T.);
#7568 = CARTESIAN_POINT('',(78.71446,2.51252,0.00000));
#7569 = DIRECTION('',(0.000000,0.000000,1.000000));
#7570 = VECTOR('',#7569,1.50000);
#7571 = LINE('',#7568,#7570);
#7572 = EDGE_CURVE('',#7558,#7560,#7571,.T.);
#7573 = CARTESIAN_POINT('',(78.71446,2.51252,1.50000));
#7574 = DIRECTION('',(-0.599276,-0.800542,0.000000));
#7575 = VECTOR('',#7574,0.02161);
#7576 = LINE('',#7573,#7575);
#7577 = EDGE_CURVE('',#7560,#7562,#7576,.T.);
#7578 = CARTESIAN_POINT('',(78.70151,2.49523,1.50000));
#7579 = DIRECTION('',(0.000000,0.000000,-1.000000));
#7580 = VECTOR('',#7579,1.50000);
#7581 = LINE('',#7578,#7580);
#7582 = EDGE_CURVE('',#7562,#7556,#7581,.T.);
#7583 = ORIENTED_EDGE('',*,*,#7567,.T.);
#7584 = ORIENTED_EDGE('',*,*,#7572,.T.);
#7585 = ORIENTED_EDGE('',*,*,#7577,.T.);
#7586 = ORIENTED_EDGE('',*,*,#7582,.T.);
#7587 = EDGE_LOOP('',(#7583,#7584,#7585,#7586));
#7588 = FACE_OUTER_BOUND('',#7587,.T.);
#7589 = CARTESIAN_POINT('',(78.70151,2.49523,0.00000));
#7590 = DIRECTION('',(0.800542,-0.599276,0.000000));
#7591 = DIRECTION('',(0.599276,0.800542,0.000000));
#7592 = AXIS2_PLACEMENT_3D('',#7589,#7590,#7591);
#7593 = PLANE('',#7592);
#7594 = ADVANCED_FACE('',(#7588),#7593,.T.);
#7595 = CARTESIAN_POINT('',(78.71446,2.51252,0.00000));
#7596 = VERTEX_POINT('',#7595);
#7597 = CARTESIAN_POINT('',(78.72974,2.52780,0.00000));
#7598 = VERTEX_POINT('',#7597);
#7599 = CARTESIAN_POINT('',(78.72974,2.52780,1.50000));
#7600 = VERTEX_POINT('',#7599);
#7601 = CARTESIAN_POINT('',(78.71446,2.51252,1.50000));
#7602 = VERTEX_POINT('',#7601);
#7603 = CARTESIAN_POINT('',(78.71446,2.51252,0.00000));
#7604 = DIRECTION('',(0.707107,0.707107,0.000000));
#7605 = VECTOR('',#7604,0.02161);
#7606 = LINE('',#7603,#7605);
#7607 = EDGE_CURVE('',#7596,#7598,#7606,.T.);
#7608 = CARTESIAN_POINT('',(78.72974,2.52780,0.00000));
#7609 = DIRECTION('',(0.000000,0.000000,1.000000));
#7610 = VECTOR('',#7609,1.50000);
#7611 = LINE('',#7608,#7610);
#7612 = EDGE_CURVE('',#7598,#7600,#7611,.T.);
#7613 = CARTESIAN_POINT('',(78.72974,2.52780,1.50000));
#7614 = DIRECTION('',(-0.707107,-0.707107,0.000000));
#7615 = VECTOR('',#7614,0.02161);
#7616 = LINE('',#7613,#7615);
#7617 = EDGE_CURVE('',#7600,#7602,#7616,.T.);
#7618 = CARTESIAN_POINT('',(78.71446,2.51252,1.50000));
#7619 = DIRECTION('',(0.000000,0.000000,-1.000000));
#7620 = VECTOR('',#7619,1.50000);
#7621 = LINE('',#7618,#7620);
#7622 = EDGE_CURVE('',#7602,#7596,#7621,.T.);
#7623 = ORIENTED_EDGE('',*,*,#7607,.T.);
#7624 = ORIENTED_EDGE('',*,*,#7612,.T.);
#7625 = ORIENTED_EDGE('',*,*,#7617,.T.);
#7626 = ORIENTED_EDGE('',*,*,#7622,.T.);
#7627 = EDGE_LOOP('',(#7623,#7624,#7625,#7626));
#7628 = FACE_OUTER_BOUND('',#7627,.T.);
#7629 = CARTESIAN_POINT('',(78.71446,2.51252,0.00000));
#7630 = DIRECTION('',(0.707107,-0.707107,0.000000));
#7631 = DIRECTION('',(0.707107,0.707107,0.000000));
#7632 = AXIS2_PLACEMENT_3D('',#7629,#7630,#7631);
#7633 = PLANE('',#7632);
#7634 = ADVANCED_FACE('',(#7628),#7633,.T.);
#7635 = CARTESIAN_POINT('',(78.72974,2.52780,0.00000));
#7636 = VERTEX_POINT('',#7635);
#7637 = CARTESIAN_POINT('',(78.74703,2.54075,0.00000));
#7638 = VERTEX_POINT('',#7637);
#7639 = CARTESIAN_POINT('',(78.74703,2.54075,1.50000));
#7640 = VERTEX_POINT('',#7639);
#7641 = CARTESIAN_POINT('',(78.72974,2.52780,1.50000));
#7642 = VERTEX_POINT('',#7641);
#7643 = CARTESIAN_POINT('',(78.72974,2.52780,0.00000));
#7644 = DIRECTION('',(0.800542,0.599276,0.000000));
#7645 = VECTOR('',#7644,0.02161);
#7646 = LINE('',#7643,#7645);
#7647 = EDGE_CURVE('',#7636,#7638,#7646,.T.);
#7648 = CARTESIAN_POINT('',(78.74703,2.54075,0.00000));
#7649 = DIRECTION('',(0.000000,0.000000,1.000000));
#7650 = VECTOR('',#7649,1.50000);
#7651 = LINE('',#7648,#7650);
#7652 = EDGE_CURVE('',#7638,#7640,#7651,.T.);
#7653 = CARTESIAN_POINT('',(78.74703,2.54075,1.50000));
#7654 = DIRECTION('',(-0.800542,-0.599276,0.000000));
#7655 = VECTOR('',#7654,0.02161);
#7656 = LINE('',#7653,#7655);
#7657 = EDGE_CURVE('',#7640,#7642,#7656,.T.);
#7658 = CARTESIAN_POINT('',(78.72974,2.52780,1.50000));
#7659 = DIRECTION('',(0.000000,0.000000,-1.000000));
#7660 = VECTOR('',#7659,1.50000);
#7661 = LINE('',#7658,#7660);
#7662 = EDGE_CURVE('',#7642,#7636,#7661,.T.);
#7663 = ORIENTED_EDGE('',*,*,#7647,.T.);
#7664 = ORIENTED_EDGE('',*,*,#7652,.T.);
#7665 = ORIENTED_EDGE('',*,*,#7657,.T.);
#7666 = ORIENTED_EDGE('',*,*,#7662,.T.);
#7667 = EDGE_LOOP('',(#7663,#7664,#7665,#7666));
#7668 = FACE_OUTER_BOUND('',#7667,.T.);
#7669 = CARTESIAN_POINT('',(78.72974,2.52780,0.00000));
#7670 = DIRECTION('',(0.599276,-0.800542,0.000000));
#7671 = DIRECTION('',(0.800542,0.599276,0.000000));
#7672 = AXIS2_PLACEMENT_3D('',#7669,#7670,#7671);
#7673 = PLANE('',#7672);
#7674 = ADVANCED_FACE('',(#7668),#7673,.T.);
#7675 = CARTESIAN_POINT('',(78.74703,2.54075,0.00000));
#7676 = VERTEX_POINT('',#7675);
#7677 = CARTESIAN_POINT('',(78.76600,2.55110,0.00000));
#7678 = VERTEX_POINT('',#7677);
#7679 = CARTESIAN_POINT('',(78.76600,2.55110,1.50000));
#7680 = VERTEX_POINT('',#7679);
#7681 = CARTESIAN_POINT('',(78.74703,2.54075,1.50000));
#7682 = VERTEX_POINT('',#7681);
#7683 = CARTESIAN_POINT('',(78.74703,2.54075,0.00000));
#7684 = DIRECTION('',(0.877680,0.479246,0.000000));
#7685 = VECTOR('',#7684,0.02161);
#7686 = LINE('',#7683,#7685);
#7687 = EDGE_CURVE('',#7676,#7678,#7686,.T.);
#7688 = CARTESIAN_POINT('',(78.76600,2.55110,0.00000));
#7689 = DIRECTION('',(0.000000,0.000000,1.000000));
#7690 = VECTOR('',#7689,1.50000);
#7691 = LINE('',#7688,#7690);
#7692 = EDGE_CURVE('',#7678,#7680,#7691,.T.);
#7693 = CARTESIAN_POINT('',(78.76600,2.55110,1.50000));
#7694 = DIRECTION('',(-0.877680,-0.479246,0.000000));
#7695 = VECTOR('',#7694,0.02161);
#7696 = LINE('',#7693,#7695);
#7697 = EDGE_CURVE('',#7680,#7682,#7696,.T.);
#7698 = CARTESIAN_POINT('',(78.74703,2.54075,1.50000));
#7699 = DIRECTION('',(0.000000,0.000000,-1.000000));
#7700 = VECTOR('',#7699,1.50000);
#7701 = LINE('',#7698,#7700);
#7702 = EDGE_CURVE('',#7682,#7676,#7701,.T.);
#7703 = ORIENTED_EDGE('',*,*,#7687,.T.);
#7704 = ORIENTED_EDGE('',*,*,#7692,.T.);
#7705 = ORIENTED_EDGE('',*,*,#7697,.T.);
#7706 = ORIENTED_EDGE('',*,*,#7702,.T.);
#7707 = EDGE_LOOP('',(#7703,#7704,#7705,#7706));
#7708 = FACE_OUTER_BOUND('',#7707,.T.);
#7709 = CARTESIAN_POINT('',(78.74703,2.54075,0.00000));
#7710 = DIRECTION('',(0.479246,-0.877680,0.000000));
#7711 = DIRECTION('',(0.877680,0.479246,0.000000));
#7712 = AXIS2_PLACEMENT_3D('',#7709,#7710,#7711);
#7713 = PLANE('',#7712);
#7714 = ADVANCED_FACE('',(#7708),#7713,.T.);
#7715 = CARTESIAN_POINT('',(78.76600,2.55110,0.00000));
#7716 = VERTEX_POINT('',#7715);
#7717 = CARTESIAN_POINT('',(78.78624,2.55865,0.00000));
#7718 = VERTEX_POINT('',#7717);
#7719 = CARTESIAN_POINT('',(78.78624,2.55865,1.50000));
#7720 = VERTEX_POINT('',#7719);
#7721 = CARTESIAN_POINT('',(78.76600,2.55110,1.50000));
#7722 = VERTEX_POINT('',#7721);
#7723 = CARTESIAN_POINT('',(78.76600,2.55110,0.00000));
#7724 = DIRECTION('',(0.936951,0.349460,0.000000));
#7725 = VECTOR('',#7724,0.02161);
#7726 = LINE('',#7723,#7725);
#7727 = EDGE_CURVE('',#7716,#7718,#7726,.T.);
#7728 = CARTESIAN_POINT('',(78.78624,2.55865,0.00000));
#7729 = DIRECTION('',(0.000000,0.000000,1.000000));
#7730 = VECTOR('',#7729,1.50000);
#7731 = LINE('',#7728,#7730);
#7732 = EDGE_CURVE('',#7718,#7720,#7731,.T.);
#7733 = CARTESIAN_POINT('',(78.78624,2.55865,1.50000));
#7734 = DIRECTION('',(-0.936951,-0.349460,0.000000));
#7735 = VECTOR('',#7734,0.02161);
#7736 = LINE('',#7733,#7735);
#7737 = EDGE_CURVE('',#7720,#7722,#7736,.T.);
#7738 = CARTESIAN_POINT('',(78.76600,2.55110,1.50000));
#7739 = DIRECTION('',(0.000000,0.000000,-1.000000));
#7740 = VECTOR('',#7739,1.50000);
#7741 = LINE('',#7738,#7740);
#7742 = EDGE_CURVE('',#7722,#7716,#7741,.T.);
#7743 = ORIENTED_EDGE('',*,*,#7727,.T.);
#7744 = ORIENTED_EDGE('',*,*,#7732,.T.);
#7745 = ORIENTED_EDGE('',*,*,#7737,.T.);
#7746 = ORIENTED_EDGE('',*,*,#7742,.T.);
#7747 = EDGE_LOOP('',(#7743,#7744,#7745,#7746));
#7748 = FACE_OUTER_BOUND('',#7747,.T.);
#7749 = CARTESIAN_POINT('',(78.76600,2.55110,0.00000));
#7750 = DIRECTION('',(0.349460,-0.936951,0.000000));
#7751 = DIRECTION('',(0.936951,0.349460,0.000000));
#7752 = AXIS2_PLACEMENT_3D('',#7749,#7750,#7751);
#7753 = PLANE('',#7752);
#7754 = ADVANCED_FACE('',(#7748),#7753,.T.);
#7755 = CARTESIAN_POINT('',(78.78624,2.55865,0.00000));
#7756 = VERTEX_POINT('',#7755);
#7757 = CARTESIAN_POINT('',(78.80735,2.56324,0.00000));
#7758 = VERTEX_POINT('',#7757);
#7759 = CARTESIAN_POINT('',(78.80735,2.56324,1.50000));
#7760 = VERTEX_POINT('',#7759);
#7761 = CARTESIAN_POINT('',(78.78624,2.55865,1.50000));
#7762 = VERTEX_POINT('',#7761);
#7763 = CARTESIAN_POINT('',(78.78624,2.55865,0.00000));
#7764 = DIRECTION('',(0.977148,0.212560,0.000000));
#7765 = VECTOR('',#7764,0.02161);
#7766 = LINE('',#7763,#7765);
#7767 = EDGE_CURVE('',#7756,#7758,#7766,.T.);
#7768 = CARTESIAN_POINT('',(78.80735,2.56324,0.00000));
#7769 = DIRECTION('',(0.000000,0.000000,1.000000));
#7770 = VECTOR('',#7769,1.50000);
#7771 = LINE('',#7768,#7770);
#7772 = EDGE_CURVE('',#7758,#7760,#7771,.T.);
#7773 = CARTESIAN_POINT('',(78.80735,2.56324,1.50000));
#7774 = DIRECTION('',(-0.977148,-0.212560,0.000000));
#7775 = VECTOR('',#7774,0.02161);
#7776 = LINE('',#7773,#7775);
#7777 = EDGE_CURVE('',#7760,#7762,#7776,.T.);
#7778 = CARTESIAN_POINT('',(78.78624,2.55865,1.50000));
#7779 = DIRECTION('',(0.000000,0.000000,-1.000000));
#7780 = VECTOR('',#7779,1.50000);
#7781 = LINE('',#7778,#7780);
#7782 = EDGE_CURVE('',#7762,#7756,#7781,.T.);
#7783 = ORIENTED_EDGE('',*,*,#7767,.T.);
#7784 = ORIENTED_EDGE('',*,*,#7772,.T.);
#7785 = ORIENTED_EDGE('',*,*,#7777,.T.);
#7786 = ORIENTED_EDGE('',*,*,#7782,.T.);
#7787 = EDGE_LOOP('',(#7783,#7784,#7785,#7786));
#7788 = FACE_OUTER_BOUND('',#7787,.T.);
#7789 = CARTESIAN_POINT('',(78.78624,2.55865,0.00000));
#7790 = DIRECTION('',(0.212560,-0.977148,0.000000));
#7791 = DIRECTION('',(0.977148,0.212560,0.000000));
#7792 = AXIS2_PLACEMENT_3D('',#7789,#7790,#7791);
#7793 = PLANE('',#7792);
#7794 = ADVANCED_FACE('',(#7788),#7793,.T.);
#7795 = CARTESIAN_POINT('',(78.80735,2.56324,0.00000));
#7796 = VERTEX_POINT('',#7795);
#7797 = CARTESIAN_POINT('',(78.82890,2.56479,0.00000));
#7798 = VERTEX_POINT('',#7797);
#7799 = CARTESIAN_POINT('',(78.82890,2.56479,1.50000));
#7800 = VERTEX_POINT('',#7799);
#7801 = CARTESIAN_POINT('',(78.80735,2.56324,1.50000));
#7802 = VERTEX_POINT('',#7801);
#7803 = CARTESIAN_POINT('',(78.80735,2.56324,0.00000));
#7804 = DIRECTION('',(0.997453,0.071332,0.000000));
#7805 = VECTOR('',#7804,0.02161);
#7806 = LINE('',#7803,#7805);
#7807 = EDGE_CURVE('',#7796,#7798,#7806,.T.);
#7808 = CARTESIAN_POINT('',(78.82890,2.56479,0.00000));
#7809 = DIRECTION('',(0.000000,0.000000,1.000000));
#7810 = VECTOR('',#7809,1.50000);
#7811 = LINE('',#7808,#7810);
#7812 = EDGE_CURVE('',#7798,#7800,#7811,.T.);
#7813 = CARTESIAN_POINT('',(78.82890,2.56479,1.50000));
#7814 = DIRECTION('',(-0.997453,-0.071332,0.000000));
#7815 = VECTOR('',#7814,0.02161);
#7816 = LINE('',#7813,#7815);
#7817 = EDGE_CURVE('',#7800,#7802,#7816,.T.);
#7818 = CARTESIAN_POINT('',(78.80735,2.56324,1.50000));
#7819 = DIRECTION('',(0.000000,0.000000,-1.000000));
#7820 = VECTOR('',#7819,1.50000);
#7821 = LINE('',#7818,#7820);
#7822 = EDGE_CURVE('',#7802,#7796,#7821,.T.);
#7823 = ORIENTED_EDGE('',*,*,#7807,.T.);
#7824 = ORIENTED_EDGE('',*,*,#7812,.T.);
#7825 = ORIENTED_EDGE('',*,*,#7817,.T.);
#7826 = ORIENTED_EDGE('',*,*,#7822,.T.);
#7827 = EDGE_LOOP('',(#7823,#7824,#7825,#7826));
#7828 = FACE_OUTER_BOUND('',#7827,.T.);
#7829 = CARTESIAN_POINT('',(78.80735,2.56324,0.00000));
#7830 = DIRECTION('',(0.071332,-0.997453,0.000000));
#7831 = DIRECTION('',(0.997453,0.071332,0.000000));
#7832 = AXIS2_PLACEMENT_3D('',#7829,#7830,#7831);
#7833 = PLANE('',#7832);
#7834 = ADVANCED_FACE('',(#7828),#7833,.T.);
#7835 = CARTESIAN_POINT('',(78.82890,2.56479,0.00000));
#7836 = VERTEX_POINT('',#7835);
#7837 = CARTESIAN_POINT('',(98.79330,2.56479,0.00000));
#7838 = VERTEX_POINT('',#7837);
#7839 = CARTESIAN_POINT('',(98.79330,2.56479,1.50000));
#7840 = VERTEX_POINT('',#7839);
#7841 = CARTESIAN_POINT('',(78.82890,2.56479,1.50000));
#7842 = VERTEX_POINT('',#7841);
#7843 = CARTESIAN_POINT('',(78.82890,2.56479,0.00000));
#7844 = DIRECTION('',(1.000000,0.000000,0.000000));
#7845 = VECTOR('',#7844,19.96440);
#7846 = LINE('',#7843,#7845);
#7847 = EDGE_CURVE('',#7836,#7838,#7846,.T.);
#7848 = CARTESIAN_POINT('',(98.79330,2.56479,0.00000));
#7849 = DIRECTION('',(0.000000,0.000000,1.000000));
#7850 = VECTOR('',#7849,1.50000);
#7851 = LINE('',#7848,#7850);
#7852 = EDGE_CURVE('',#7838,#7840,#7851,.T.);
#7853 = CARTESIAN_POINT('',(98.79330,2.56479,1.50000));
#7854 = DIRECTION('',(-1.000000,-0.000000,0.000000));
#7855 = VECTOR('',#7854,19.96440);
#7856 = LINE('',#7853,#7855);
#7857 = EDGE_CURVE('',#7840,#7842,#7856,.T.);
#7858 = CARTESIAN_POINT('',(78.82890,2.56479,1.50000));
#7859 = DIRECTION('',(0.000000,0.000000,-1.000000));
#7860 = VECTOR('',#7859,1.50000);
#7861 = LINE('',#7858,#7860);
#7862 = EDGE_CURVE('',#7842,#7836,#7861,.T.);
#7863 = ORIENTED_EDGE('',*,*,#7847,.T.);
#7864 = ORIENTED_EDGE('',*,*,#7852,.T.);
#7865 = ORIENTED_EDGE('',*,*,#7857,.T.);
#7866 = ORIENTED_EDGE('',*,*,#7862,.T.);
#7867 = EDGE_LOOP('',(#7863,#7864,#7865,#7866));
#7868 = FACE_OUTER_BOUND('',#7867,.T.);
#7869 = CARTESIAN_POINT('',(78.82890,2.56479,0.00000));
#7870 = DIRECTION('',(0.000000,-1.000000,0.000000));
#7871 = DIRECTION('',(1.000000,0.000000,0.000000));
#7872 = AXIS2_PLACEMENT_3D('',#7869,#7870,#7871);
#7873 = PLANE('',#7872);
#7874 = ADVANCED_FACE('',(#7868),#7873,.T.);
#7875 = CARTESIAN_POINT('',(98.79330,2.56479,0.00000));
#7876 = VERTEX_POINT('',#7875);
#7877 = CARTESIAN_POINT('',(98.84272,2.56849,0.00000));
#7878 = VERTEX_POINT('',#7877);
#7879 = CARTESIAN_POINT('',(98.84272,2.56849,1.50000));
#7880 = VERTEX_POINT('',#7879);
#7881 = CARTESIAN_POINT('',(98.79330,2.56479,1.50000));
#7882 = VERTEX_POINT('',#7881);
#7883 = CARTESIAN_POINT('',(98.79330,2.56479,0.00000));
#7884 = DIRECTION('',(0.997197,0.074817,0.000000));
#7885 = VECTOR('',#7884,0.04956);
#7886 = LINE('',#7883,#7885);
#7887 = EDGE_CURVE('',#7876,#7878,#7886,.T.);
#7888 = CARTESIAN_POINT('',(98.84272,2.56849,0.00000));
#7889 = DIRECTION('',(0.000000,0.000000,1.000000));
#7890 = VECTOR('',#7889,1.50000);
#7891 = LINE('',#7888,#7890);
#7892 = EDGE_CURVE('',#7878,#7880,#7891,.T.);
#7893 = CARTESIAN_POINT('',(98.84272,2.56849,1.50000));
#7894 = DIRECTION('',(-0.997197,-0.074817,0.000000));
#7895 = VECTOR('',#7894,0.04956);
#7896 = LINE('',#7893,#7895);
#7897 = EDGE_CURVE('',#7880,#7882,#7896,.T.);
#7898 = CARTESIAN_POINT('',(98.79330,2.56479,1.50000));
#7899 = DIRECTION('',(0.000000,0.000000,-1.000000));
#7900 = VECTOR('',#7899,1.50000);
#7901 = LINE('',#7898,#7900);
#7902 = EDGE_CURVE('',#7882,#7876,#7901,.T.);
#7903 = ORIENTED_EDGE('',*,*,#7887,.T.);
#7904 = ORIENTED_EDGE('',*,*,#7892,.T.);
#7905 = ORIENTED_EDGE('',*,*,#7897,.T.);
#7906 = ORIENTED_EDGE('',*,*,#7902,.T.);
#7907 = EDGE_LOOP('',(#7903,#7904,#7905,#7906));
#7908 = FACE_OUTER_BOUND('',#7907,.T.);
#7909 = CARTESIAN_POINT('',(98.79330,2.56479,0.00000));
#7910 = DIRECTION('',(0.074817,-0.997197,0.000000));
#7911 = DIRECTION('',(0.997197,0.074817,0.000000));
#7912 = AXIS2_PLACEMENT_3D('',#7909,#7910,#7911);
#7913 = PLANE('',#7912);
#7914 = ADVANCED_FACE('',(#7908),#7913,.T.);
#7915 = CARTESIAN_POINT('',(98.84272,2.56849,0.00000));
#7916 = VERTEX_POINT('',#7915);
#7917 = CARTESIAN_POINT('',(98.89103,2.57953,0.00000));
#7918 = VERTEX_POINT('',#7917);
#7919 = CARTESIAN_POINT('',(98.89103,2.57953,1.50000));
#7920 = VERTEX_POINT('',#7919);
#7921 = CARTESIAN_POINT('',(98.84272,2.56849,1.50000));
#7922 = VERTEX_POINT('',#7921);
#7923 = CARTESIAN_POINT('',(98.84272,2.56849,0.00000));
#7924 = DIRECTION('',(0.974869,0.222781,0.000000));
#7925 = VECTOR('',#7924,0.04956);
#7926 = LINE('',#7923,#7925);
#7927 = EDGE_CURVE('',#7916,#7918,#7926,.T.);
#7928 = CARTESIAN_POINT('',(98.89103,2.57953,0.00000));
#7929 = DIRECTION('',(0.000000,0.000000,1.000000));
#7930 = VECTOR('',#7929,1.50000);
#7931 = LINE('',#7928,#7930);
#7932 = EDGE_CURVE('',#7918,#7920,#7931,.T.);
#7933 = CARTESIAN_POINT('',(98.89103,2.57953,1.50000));
#7934 = DIRECTION('',(-0.974869,-0.222781,0.000000));
#7935 = VECTOR('',#7934,0.04956);
#7936 = LINE('',#7933,#7935);
#7937 = EDGE_CURVE('',#7920,#7922,#7936,.T.);
#7938 = CARTESIAN_POINT('',(98.84272,2.56849,1.50000));
#7939 = DIRECTION('',(0.000000,0.000000,-1.000000));
#7940 = VECTOR('',#7939,1.50000);
#7941 = LINE('',#7938,#7940);
#7942 = EDGE_CURVE('',#7922,#7916,#7941,.T.);
#7943 = ORIENTED_EDGE('',*,*,#7927,.T.);
#7944 = ORIENTED_EDGE('',*,*,#7932,.T.);
#7945 = ORIENTED_EDGE('',*,*,#7937,.T.);
#7946 = ORIENTED_EDGE('',*,*,#7942,.T.);
#7947 = EDGE_LOOP('',(#7943,#7944,#7945,#7946));
#7948 = FACE_OUTER_BOUND('',#7947,.T.);
#7949 = CARTESIAN_POINT('',(98.84272,2.56849,0.00000));
#7950 = DIRECTION('',(0.222781,-0.974869,0.000000));
#7951 = DIRECTION('',(0.974869,0.222781,0.000000));
#7952 = AXIS2_PLACEMENT_3D('',#7949,#7950,#7951);
#7953 = PLANE('',#7952);
#7954 = ADVANCED_FACE('',(#7948),#7953,.T.);
#7955 = CARTESIAN_POINT('',(98.89103,2.57953,0.00000));
#7956 = VERTEX_POINT('',#7955);
#7957 = CARTESIAN_POINT('',(98.93715,2.59766,0.00000));
#7958 = VERTEX_POINT('',#7957);
#7959 = CARTESIAN_POINT('',(98.93715,2.59766,1.50000));
#7960 = VERTEX_POINT('',#7959);
#7961 = CARTESIAN_POINT('',(98.89103,2.57953,1.50000));
#7962 = VERTEX_POINT('',#7961);
#7963 = CARTESIAN_POINT('',(98.89103,2.57953,0.00000));
#7964 = DIRECTION('',(0.930711,0.365756,0.000000));
#7965 = VECTOR('',#7964,0.04956);
#7966 = LINE('',#7963,#7965);
#7967 = EDGE_CURVE('',#7956,#7958,#7966,.T.);
#7968 = CARTESIAN_POINT('',(98.93715,2.59766,0.00000));
#7969 = DIRECTION('',(0.000000,0.000000,1.000000));
#7970 = VECTOR('',#7969,1.50000);
#7971 = LINE('',#7968,#7970);
#7972 = EDGE_CURVE('',#7958,#7960,#7971,.T.);
#7973 = CARTESIAN_POINT('',(98.93715,2.59766,1.50000));
#7974 = DIRECTION('',(-0.930711,-0.365756,0.000000));
#7975 = VECTOR('',#7974,0.04956);
#7976 = LINE('',#7973,#7975);
#7977 = EDGE_CURVE('',#7960,#7962,#7976,.T.);
#7978 = CARTESIAN_POINT('',(98.89103,2.57953,1.50000));
#7979 = DIRECTION('',(0.000000,0.000000,-1.000000));
#7980 = VECTOR('',#7979,1.50000);
#7981 = LINE('',#7978,#7980);
#7982 = EDGE_CURVE('',#7962,#7956,#7981,.T.);
#7983 = ORIENTED_EDGE('',*,*,#7967,.T.);
#7984 = ORIENTED_EDGE('',*,*,#7972,.T.);
#7985 = ORIENTED_EDGE('',*,*,#7977,.T.);
#7986 = ORIENTED_EDGE('',*,*,#7982,.T.);
#7987 = EDGE_LOOP('',(#7983,#7984,#7985,#7986));
#7988 = FACE_OUTER_BOUND('',#7987,.T.);
#7989 = CARTESIAN_POINT('',(98.89103,2.57953,0.00000));
#7990 = DIRECTION('',(0.365756,-0.930711,0.000000));
#7991 = DIRECTION('',(0.930711,0.365756,0.000000));
#7992 = AXIS2_PLACEMENT_3D('',#7989,#7990,#7991);
#7993 = PLANE('',#7992);
#7994 = ADVANCED_FACE('',(#7988),#7993,.T.);
#7995 = CARTESIAN_POINT('',(98.93715,2.59766,0.00000));
#7996 = VERTEX_POINT('',#7995);
#7997 = CARTESIAN_POINT('',(98.98005,2.62246,0.00000));
#7998 = VERTEX_POINT('',#7997);
#7999 = CARTESIAN_POINT('',(98.98005,2.62246,1.50000));
#8000 = VERTEX_POINT('',#7999);
#8001 = CARTESIAN_POINT('',(98.93715,2.59766,1.50000));
#8002 = VERTEX_POINT('',#8001);
#8003 = CARTESIAN_POINT('',(98.93715,2.59766,0.00000));
#8004 = DIRECTION('',(0.865712,0.500542,0.000000));
#8005 = VECTOR('',#8004,0.04956);
#8006 = LINE('',#8003,#8005);
#8007 = EDGE_CURVE('',#7996,#7998,#8006,.T.);
#8008 = CARTESIAN_POINT('',(98.98005,2.62246,0.00000));
#8009 = DIRECTION('',(0.000000,0.000000,1.000000));
#8010 = VECTOR('',#8009,1.50000);
#8011 = LINE('',#8008,#8010);
#8012 = EDGE_CURVE('',#7998,#8000,#8011,.T.);
#8013 = CARTESIAN_POINT('',(98.98005,2.62246,1.50000));
#8014 = DIRECTION('',(-0.865712,-0.500542,0.000000));
#8015 = VECTOR('',#8014,0.04956);
#8016 = LINE('',#8013,#8015);
#8017 = EDGE_CURVE('',#8000,#8002,#8016,.T.);
#8018 = CARTESIAN_POINT('',(98.93715,2.59766,1.50000));
#8019 = DIRECTION('',(0.000000,0.000000,-1.000000));
#8020 = VECTOR('',#8019,1.50000);
#8021 = LINE('',#8018,#8020);
#8022 = EDGE_CURVE('',#8002,#7996,#8021,.T.);
#8023 = ORIENTED_EDGE('',*,*,#8007,.T.);
#8024 = ORIENTED_EDGE('',*,*,#8012,.T.);
#8025 = ORIENTED_EDGE('',*,*,#8017,.T.);
#8026 = ORIENTED_EDGE('',*,*,#8022,.T.);
#8027 = EDGE_LOOP('',(#8023,#8024,#8025,#8026));
#8028 = FACE_OUTER_BOUND('',#8027,.T.);
#8029 = CARTESIAN_POINT('',(98.93715,2.59766,0.00000));
#8030 = DIRECTION('',(0.500542,-0.865712,0.000000));
#8031 = DIRECTION('',(0.865712,0.500542,0.000000));
#8032 = AXIS2_PLACEMENT_3D('',#8029,#8030,#8031);
#8033 = PLANE('',#8032);
#8034 = ADVANCED_FACE('',(#8028),#8033,.T.);
#8035 = CARTESIAN_POINT('',(98.98005,2.62246,0.00000));
#8036 = VERTEX_POINT('',#8035);
#8037 = CARTESIAN_POINT('',(99.01877,2.65339,0.00000));
#8038 = VERTEX_POINT('',#8037);
#8039 = CARTESIAN_POINT('',(99.01877,2.65339,1.50000));
#8040 = VERTEX_POINT('',#8039);
#8041 = CARTESIAN_POINT('',(98.98005,2.62246,1.50000));
#8042 = VERTEX_POINT('',#8041);
#8043 = CARTESIAN_POINT('',(98.98005,2.62246,0.00000));
#8044 = DIRECTION('',(0.781329,0.624119,0.000000));
#8045 = VECTOR('',#8044,0.04956);
#8046 = LINE('',#8043,#8045);
#8047 = EDGE_CURVE('',#8036,#8038,#8046,.T.);
#8048 = CARTESIAN_POINT('',(99.01877,2.65339,0.00000));
#8049 = DIRECTION('',(0.000000,0.000000,1.000000));
#8050 = VECTOR('',#8049,1.50000);
#8051 = LINE('',#8048,#8050);
#8052 = EDGE_CURVE('',#8038,#8040,#8051,.T.);
#8053 = CARTESIAN_POINT('',(99.01877,2.65339,1.50000));
#8054 = DIRECTION('',(-0.781329,-0.624119,0.000000));
#8055 = VECTOR('',#8054,0.04956);
#8056 = LINE('',#8053,#8055);
#8057 = EDGE_CURVE('',#8040,#8042,#8056,.T.);
#8058 = CARTESIAN_POINT('',(98.98005,2.62246,1.50000));
#8059 = DIRECTION('',(0.000000,0.000000,-1.000000));
#8060 = VECTOR('',#8059,1.50000);
#8061 = LINE('',#8058,#8060);
#8062 = EDGE_CURVE('',#8042,#8036,#8061,.T.);
#8063 = ORIENTED_EDGE('',*,*,#8047,.T.);
#8064 = ORIENTED_EDGE('',*,*,#8052,.T.);
#8065 = ORIENTED_EDGE('',*,*,#8057,.T.);
#8066 = ORIENTED_EDGE('',*,*,#8062,.T.);
#8067 = EDGE_LOOP('',(#8063,#8064,#8065,#8066));
#8068 = FACE_OUTER_BOUND('',#8067,.T.);
#8069 = CARTESIAN_POINT('',(98.98005,2.62246,0.00000));
#8070 = DIRECTION('',(0.624119,-0.781329,0.000000));
#8071 = DIRECTION('',(0.781329,0.624119,0.000000));
#8072 = AXIS2_PLACEMENT_3D('',#8069,#8070,#8071);
#8073 = PLANE('',#8072);
#8074 = ADVANCED_FACE('',(#8068),#8073,.T.);
#8075 = CARTESIAN_POINT('',(99.01877,2.65339,0.00000));
#8076 = VERTEX_POINT('',#8075);
#8077 = CARTESIAN_POINT('',(99.05245,2.68975,0.00000));
#8078 = VERTEX_POINT('',#8077);
#8079 = CARTESIAN_POINT('',(99.05245,2.68975,1.50000));
#8080 = VERTEX_POINT('',#8079);
#8081 = CARTESIAN_POINT('',(99.01877,2.65339,1.50000));
#8082 = VERTEX_POINT('',#8081);
#8083 = CARTESIAN_POINT('',(99.01877,2.65339,0.00000));
#8084 = DIRECTION('',(0.679450,0.733722,0.000000));
#8085 = VECTOR('',#8084,0.04956);
#8086 = LINE('',#8083,#8085);
#8087 = EDGE_CURVE('',#8076,#8078,#8086,.T.);
#8088 = CARTESIAN_POINT('',(99.05245,2.68975,0.00000));
#8089 = DIRECTION('',(0.000000,0.000000,1.000000));
#8090 = VECTOR('',#8089,1.50000);
#8091 = LINE('',#8088,#8090);
#8092 = EDGE_CURVE('',#8078,#8080,#8091,.T.);
#8093 = CARTESIAN_POINT('',(99.05245,2.68975,1.50000));
#8094 = DIRECTION('',(-0.679450,-0.733722,0.000000));
#8095 = VECTOR('',#8094,0.04956);
#8096 = LINE('',#8093,#8095);
#8097 = EDGE_CURVE('',#8080,#8082,#8096,.T.);
#8098 = CARTESIAN_POINT('',(99.01877,2.65339,1.50000));
#8099 = DIRECTION('',(0.000000,0.000000,-1.000000));
#8100 = VECTOR('',#8099,1.50000);
#8101 = LINE('',#8098,#8100);
#8102 = EDGE_CURVE('',#8082,#8076,#8101,.T.);
#8103 = ORIENTED_EDGE('',*,*,#8087,.T.);
#8104 = ORIENTED_EDGE('',*,*,#8092,.T.);
#8105 = ORIENTED_EDGE('',*,*,#8097,.T.);
#8106 = ORIENTED_EDGE('',*,*,#8102,.T.);
#8107 = EDGE_LOOP('',(#8103,#8104,#8105,#8106));
#8108 = FACE_OUTER_BOUND('',#8107,.T.);
#8109 = CARTESIAN_POINT('',(99.01877,2.65339,0.00000));
#8110 = DIRECTION('',(0.733722,-0.679450,0.000000));
#8111 = DIRECTION('',(0.679450,0.733722,0.000000));
#8112 = AXIS2_PLACEMENT_3D('',#8109,#8110,#8111);
#8113 = PLANE('',#8112);
#8114 = ADVANCED_FACE('',(#8108),#8113,.T.);
#8115 = CARTESIAN_POINT('',(99.05245,2.68975,0.00000));
#8116 = VERTEX_POINT('',#8115);
#8117 = CARTESIAN_POINT('',(99.08031,2.73073,0.00000));
#8118 = VERTEX_POINT('',#8117);
#8119 = CARTESIAN_POINT('',(99.08031,2.73073,1.50000));
#8120 = VERTEX_POINT('',#8119);
#8121 = CARTESIAN_POINT('',(99.05245,2.68975,1.50000));
#8122 = VERTEX_POINT('',#8121);
#8123 = CARTESIAN_POINT('',(99.05245,2.68975,0.00000));
#8124 = DIRECTION('',(0.562357,0.826895,0.000000));
#8125 = VECTOR('',#8124,0.04956);
#8126 = LINE('',#8123,#8125);
#8127 = EDGE_CURVE('',#8116,#8118,#8126,.T.);
#8128 = CARTESIAN_POINT('',(99.08031,2.73073,0.00000));
#8129 = DIRECTION('',(0.000000,0.000000,1.000000));
#8130 = VECTOR('',#8129,1.50000);
#8131 = LINE('',#8128,#8130);
#8132 = EDGE_CURVE('',#8118,#8120,#8131,.T.);
#8133 = CARTESIAN_POINT('',(99.08031,2.73073,1.50000));
#8134 = DIRECTION('',(-0.562357,-0.826895,0.000000));
#8135 = VECTOR('',#8134,0.04956);
#8136 = LINE('',#8133,#8135);
#8137 = EDGE_CURVE('',#8120,#8122,#8136,.T.);
#8138 = CARTESIAN_POINT('',(99.05245,2.68975,1.50000));
#8139 = DIRECTION('',(0.000000,0.000000,-1.000000));
#8140 = VECTOR('',#8139,1.50000);
#8141 = LINE('',#8138,#8140);
#8142 = EDGE_CURVE('',#8122,#8116,#8141,.T.);
#8143 = ORIENTED_EDGE('',*,*,#8127,.T.);
#8144 = ORIENTED_EDGE('',*,*,#8132,.T.);
#8145 = ORIENTED_EDGE('',*,*,#8137,.T.);
#8146 = ORIENTED_EDGE('',*,*,#8142,.T.);
#8147 = EDGE_LOOP('',(#8143,#8144,#8145,#8146));
#8148 = FACE_OUTER_BOUND('',#8147,.T.);
#8149 = CARTESIAN_POINT('',(99.05245,2.68975,0.00000));
#8150 = DIRECTION('',(0.826895,-0.562357,0.000000));
#8151 = DIRECTION('',(0.562357,0.826895,0.000000));
#8152 = AXIS2_PLACEMENT_3D('',#8149,#8150,#8151);
#8153 = PLANE('',#8152);
#8154 = ADVANCED_FACE('',(#8148),#8153,.T.);
#8155 = CARTESIAN_POINT('',(99.08031,2.73073,0.00000));
#8156 = VERTEX_POINT('',#8155);
#8157 = CARTESIAN_POINT('',(99.10176,2.77541,0.00000));
#8158 = VERTEX_POINT('',#8157);
#8159 = CARTESIAN_POINT('',(99.10176,2.77541,1.50000));
#8160 = VERTEX_POINT('',#8159);
#8161 = CARTESIAN_POINT('',(99.08031,2.73073,1.50000));
#8162 = VERTEX_POINT('',#8161);
#8163 = CARTESIAN_POINT('',(99.08031,2.73073,0.00000));
#8164 = DIRECTION('',(0.432672,0.901552,0.000000));
#8165 = VECTOR('',#8164,0.04956);
#8166 = LINE('',#8163,#8165);
#8167 = EDGE_CURVE('',#8156,#8158,#8166,.T.);
#8168 = CARTESIAN_POINT('',(99.10176,2.77541,0.00000));
#8169 = DIRECTION('',(0.000000,0.000000,1.000000));
#8170 = VECTOR('',#8169,1.50000);
#8171 = LINE('',#8168,#8170);
#8172 = EDGE_CURVE('',#8158,#8160,#8171,.T.);
#8173 = CARTESIAN_POINT('',(99.10176,2.77541,1.50000));
#8174 = DIRECTION('',(-0.432672,-0.901552,0.000000));
#8175 = VECTOR('',#8174,0.04956);
#8176 = LINE('',#8173,#8175);
#8177 = EDGE_CURVE('',#8160,#8162,#8176,.T.);
#8178 = CARTESIAN_POINT('',(99.08031,2.73073,1.50000));
#8179 = DIRECTION('',(0.000000,0.000000,-1.000000));
#8180 = VECTOR('',#8179,1.50000);
#8181 = LINE('',#8178,#8180);
#8182 = EDGE_CURVE('',#8162,#8156,#8181,.T.);
#8183 = ORIENTED_EDGE('',*,*,#8167,.T.);
#8184 = ORIENTED_EDGE('',*,*,#8172,.T.);
#8185 = ORIENTED_EDGE('',*,*,#8177,.T.);
#8186 = ORIENTED_EDGE('',*,*,#8182,.T.);
#8187 = EDGE_LOOP('',(#8183,#8184,#8185,#8186));
#8188 = FACE_OUTER_BOUND('',#8187,.T.);
#8189 = CARTESIAN_POINT('',(99.08031,2.73073,0.00000));
#8190 = DIRECTION('',(0.901552,-0.432672,0.000000));
#8191 = DIRECTION('',(0.432672,0.901552,0.000000));
#8192 = AXIS2_PLACEMENT_3D('',#8189,#8190,#8191);
#8193 = PLANE('',#8192);
#8194 = ADVANCED_FACE('',(#8188),#8193,.T.);
#8195 = CARTESIAN_POINT('',(99.10176,2.77541,0.00000));
#8196 = VERTEX_POINT('',#8195);
#8197 = CARTESIAN_POINT('',(99.11629,2.82279,0.00000));
#8198 = VERTEX_POINT('',#8197);
#8199 = CARTESIAN_POINT('',(99.11629,2.82279,1.50000));
#8200 = VERTEX_POINT('',#8199);
#8201 = CARTESIAN_POINT('',(99.10176,2.77541,1.50000));
#8202 = VERTEX_POINT('',#8201);
#8203 = CARTESIAN_POINT('',(99.10176,2.77541,0.00000));
#8204 = DIRECTION('',(0.293298,0.956021,0.000000));
#8205 = VECTOR('',#8204,0.04956);
#8206 = LINE('',#8203,#8205);
#8207 = EDGE_CURVE('',#8196,#8198,#8206,.T.);
#8208 = CARTESIAN_POINT('',(99.11629,2.82279,0.00000));
#8209 = DIRECTION('',(0.000000,0.000000,1.000000));
#8210 = VECTOR('',#8209,1.50000);
#8211 = LINE('',#8208,#8210);
#8212 = EDGE_CURVE('',#8198,#8200,#8211,.T.);
#8213 = CARTESIAN_POINT('',(99.11629,2.82279,1.50000));
#8214 = DIRECTION('',(-0.293298,-0.956021,0.000000));
#8215 = VECTOR('',#8214,0.04956);
#8216 = LINE('',#8213,#8215);
#8217 = EDGE_CURVE('',#8200,#8202,#8216,.T.);
#8218 = CARTESIAN_POINT('',(99.10176,2.77541,1.50000));
#8219 = DIRECTION('',(0.000000,0.000000,-1.000000));
#8220 = VECTOR('',#8219,1.50000);
#8221 = LINE('',#8218,#8220);
#8222 = EDGE_CURVE('',#8202,#8196,#8221,.T.);
#8223 = ORIENTED_EDGE('',*,*,#8207,.T.);
#8224 = ORIENTED_EDGE('',*,*,#8212,.T.);
#8225 = ORIENTED_EDGE('',*,*,#8217,.T.);
#8226 = ORIENTED_EDGE('',*,*,#8222,.T.);
#8227 = EDGE_LOOP('',(#8223,#8224,#8225,#8226));
#8228 = FACE_OUTER_BOUND('',#8227,.T.);
#8229 = CARTESIAN_POINT('',(99.10176,2.77541,0.00000));
#8230 = DIRECTION('',(0.956021,-0.293298,0.000000));
#8231 = DIRECTION('',(0.293298,0.956021,0.000000));
#8232 = AXIS2_PLACEMENT_3D('',#8229,#8230,#8231);
#8233 = PLANE('',#8232);
#8234 = ADVANCED_FACE('',(#8228),#8233,.T.);
#8235 = CARTESIAN_POINT('',(99.11629,2.82279,0.00000));
#8236 = VERTEX_POINT('',#8235);
#8237 = CARTESIAN_POINT('',(99.12359,2.87180,0.00000));
#8238 = VERTEX_POINT('',#8237);
#8239 = CARTESIAN_POINT('',(99.12359,2.87180,1.50000));
#8240 = VERTEX_POINT('',#8239);
#8241 = CARTESIAN_POINT('',(99.11629,2.82279,1.50000));
#8242 = VERTEX_POINT('',#8241);
#8243 = CARTESIAN_POINT('',(99.11629,2.82279,0.00000));
#8244 = DIRECTION('',(0.147357,0.989083,0.000000));
#8245 = VECTOR('',#8244,0.04956);
#8246 = LINE('',#8243,#8245);
#8247 = EDGE_CURVE('',#8236,#8238,#8246,.T.);
#8248 = CARTESIAN_POINT('',(99.12359,2.87180,0.00000));
#8249 = DIRECTION('',(0.000000,0.000000,1.000000));
#8250 = VECTOR('',#8249,1.50000);
#8251 = LINE('',#8248,#8250);
#8252 = EDGE_CURVE('',#8238,#8240,#8251,.T.);
#8253 = CARTESIAN_POINT('',(99.12359,2.87180,1.50000));
#8254 = DIRECTION('',(-0.147357,-0.989083,0.000000));
#8255 = VECTOR('',#8254,0.04956);
#8256 = LINE('',#8253,#8255);
#8257 = EDGE_CURVE('',#8240,#8242,#8256,.T.);
#8258 = CARTESIAN_POINT('',(99.11629,2.82279,1.50000));
#8259 = DIRECTION('',(0.000000,0.000000,-1.000000));
#8260 = VECTOR('',#8259,1.50000);
#8261 = LINE('',#8258,#8260);
#8262 = EDGE_CURVE('',#8242,#8236,#8261,.T.);
#8263 = ORIENTED_EDGE('',*,*,#8247,.T.);
#8264 = ORIENTED_EDGE('',*,*,#8252,.T.);
#8265 = ORIENTED_EDGE('',*,*,#8257,.T.);
#8266 = ORIENTED_EDGE('',*,*,#8262,.T.);
#8267 = EDGE_LOOP('',(#8263,#8264,#8265,#8266));
#8268 = FACE_OUTER_BOUND('',#8267,.T.);
#8269 = CARTESIAN_POINT('',(99.11629,2.82279,0.00000));
#8270 = DIRECTION('',(0.989083,-0.147357,0.000000));
#8271 = DIRECTION('',(0.147357,0.989083,0.000000));
#8272 = AXIS2_PLACEMENT_3D('',#8269,#8270,#8271);
#8273 = PLANE('',#8272);
#8274 = ADVANCED_FACE('',(#8268),#8273,.T.);
#8275 = CARTESIAN_POINT('',(99.12359,2.87180,0.00000));
#8276 = VERTEX_POINT('',#8275);
#8277 = CARTESIAN_POINT('',(99.12350,2.92136,0.00000));
#8278 = VERTEX_POINT('',#8277);
#8279 = CARTESIAN_POINT('',(99.12350,2.92136,1.50000));
#8280 = VERTEX_POINT('',#8279);
#8281 = CARTESIAN_POINT('',(99.12359,2.87180,1.50000));
#8282 = VERTEX_POINT('',#8281);
#8283 = CARTESIAN_POINT('',(99.12359,2.87180,0.00000));
#8284 = DIRECTION('',(-0.001884,0.999998,0.000000));
#8285 = VECTOR('',#8284,0.04956);
#8286 = LINE('',#8283,#8285);
#8287 = EDGE_CURVE('',#8276,#8278,#8286,.T.);
#8288 = CARTESIAN_POINT('',(99.12350,2.92136,0.00000));
#8289 = DIRECTION('',(0.000000,0.000000,1.000000));
#8290 = VECTOR('',#8289,1.50000);
#8291 = LINE('',#8288,#8290);
#8292 = EDGE_CURVE('',#8278,#8280,#8291,.T.);
#8293 = CARTESIAN_POINT('',(99.12350,2.92136,1.50000));
#8294 = DIRECTION('',(0.001884,-0.999998,0.000000));
#8295 = VECTOR('',#8294,0.04956);
#8296 = LINE('',#8293,#8295);
#8297 = EDGE_CURVE('',#8280,#8282,#8296,.T.);
#8298 = CARTESIAN_POINT('',(99.12359,2.87180,1.50000));
#8299 = DIRECTION('',(0.000000,0.000000,-1.000000));
#8300 = VECTOR('',#8299,1.50000);
#8301 = LINE('',#8298,#8300);
#8302 = EDGE_CURVE('',#8282,#8276,#8301,.T.);
#8303 = ORIENTED_EDGE('',*,*,#8287,.T.);
#8304 = ORIENTED_EDGE('',*,*,#8292,.T.);
#8305 = ORIENTED_EDGE('',*,*,#8297,.T.);
#8306 = ORIENTED_EDGE('',*,*,#8302,.T.);
#8307 = EDGE_LOOP('',(#8303,#8304,#8305,#8306));
#8308 = FACE_OUTER_BOUND('',#8307,.T.);
#8309 = CARTESIAN_POINT('',(99.12359,2.87180,0.00000));
#8310 = DIRECTION('',(0.999998,0.001884,0.000000));
#8311 = DIRECTION('',(-0.001884,0.999998,0.000000));
#8312 = AXIS2_PLACEMENT_3D('',#8309,#8310,#8311);
#8313 = PLANE('',#8312);
#8314 = ADVANCED_FACE('',(#8308),#8313,.T.);
#8315 = CARTESIAN_POINT('',(99.12350,2.92136,0.00000));
#8316 = VERTEX_POINT('',#8315);
#8317 = CARTESIAN_POINT('',(99.12350,4.57236,0.00000));
#8318 = VERTEX_POINT('',#8317);
#8319 = CARTESIAN_POINT('',(99.12350,4.57236,1.50000));
#8320 = VERTEX_POINT('',#8319);
#8321 = CARTESIAN_POINT('',(99.12350,2.92136,1.50000));
#8322 = VERTEX_POINT('',#8321);
#8323 = CARTESIAN_POINT('',(99.12350,2.92136,0.00000));
#8324 = DIRECTION('',(0.000000,1.000000,0.000000));
#8325 = VECTOR('',#8324,1.65100);
#8326 = LINE('',#8323,#8325);
#8327 = EDGE_CURVE('',#8316,#8318,#8326,.T.);
#8328 = CARTESIAN_POINT('',(99.12350,4.57236,0.00000));
#8329 = DIRECTION('',(0.000000,0.000000,1.000000));
#8330 = VECTOR('',#8329,1.50000);
#8331 = LINE('',#8328,#8330);
#8332 = EDGE_CURVE('',#8318,#8320,#8331,.T.);
#8333 = CARTESIAN_POINT('',(99.12350,4.57236,1.50000));
#8334 = DIRECTION('',(-0.000000,-1.000000,0.000000));
#8335 = VECTOR('',#8334,1.65100);
#8336 = LINE('',#8333,#8335);
#8337 = EDGE_CURVE('',#8320,#8322,#8336,.T.);
#8338 = CARTESIAN_POINT('',(99.12350,2.92136,1.50000));
#8339 = DIRECTION('',(0.000000,0.000000,-1.000000));
#8340 = VECTOR('',#8339,1.50000);
#8341 = LINE('',#8338,#8340);
#8342 = EDGE_CURVE('',#8322,#8316,#8341,.T.);
#8343 = ORIENTED_EDGE('',*,*,#8327,.T.);
#8344 = ORIENTED_EDGE('',*,*,#8332,.T.);
#8345 = ORIENTED_EDGE('',*,*,#8337,.T.);
#8346 = ORIENTED_EDGE('',*,*,#8342,.T.);
#8347 = EDGE_LOOP('',(#8343,#8344,#8345,#8346));
#8348 = FACE_OUTER_BOUND('',#8347,.T.);
#8349 = CARTESIAN_POINT('',(99.12350,2.92136,0.00000));
#8350 = DIRECTION('',(1.000000,-0.000000,0.000000));
#8351 = DIRECTION('',(0.000000,1.000000,0.000000));
#8352 = AXIS2_PLACEMENT_3D('',#8349,#8350,#8351);
#8353 = PLANE('',#8352);
#8354 = ADVANCED_FACE('',(#8348),#8353,.T.);
#8355 = CARTESIAN_POINT('',(99.12350,4.57236,0.00000));
#8356 = VERTEX_POINT('',#8355);
#8357 = CARTESIAN_POINT('',(99.12531,4.59766,0.00000));
#8358 = VERTEX_POINT('',#8357);
#8359 = CARTESIAN_POINT('',(99.12531,4.59766,1.50000));
#8360 = VERTEX_POINT('',#8359);
#8361 = CARTESIAN_POINT('',(99.12350,4.57236,1.50000));
#8362 = VERTEX_POINT('',#8361);
#8363 = CARTESIAN_POINT('',(99.12350,4.57236,0.00000));
#8364 = DIRECTION('',(0.071332,0.997453,0.000000));
#8365 = VECTOR('',#8364,0.02537);
#8366 = LINE('',#8363,#8365);
#8367 = EDGE_CURVE('',#8356,#8358,#8366,.T.);
#8368 = CARTESIAN_POINT('',(99.12531,4.59766,0.00000));
#8369 = DIRECTION('',(0.000000,0.000000,1.000000));
#8370 = VECTOR('',#8369,1.50000);
#8371 = LINE('',#8368,#8370);
#8372 = EDGE_CURVE('',#8358,#8360,#8371,.T.);
#8373 = CARTESIAN_POINT('',(99.12531,4.59766,1.50000));
#8374 = DIRECTION('',(-0.071332,-0.997453,0.000000));
#8375 = VECTOR('',#8374,0.02537);
#8376 = LINE('',#8373,#8375);
#8377 = EDGE_CURVE('',#8360,#8362,#8376,.T.);
#8378 = CARTESIAN_POINT('',(99.12350,4.57236,1.50000));
#8379 = DIRECTION('',(0.000000,0.000000,-1.000000));
#8380 = VECTOR('',#8379,1.50000);
#8381 = LINE('',#8378,#8380);
#8382 = EDGE_CURVE('',#8362,#8356,#8381,.T.);
#8383 = ORIENTED_EDGE('',*,*,#8367,.T.);
#8384 = ORIENTED_EDGE('',*,*,#8372,.T.);
#8385 = ORIENTED_EDGE('',*,*,#8377,.T.);
#8386 = ORIENTED_EDGE('',*,*,#8382,.T.);
#8387 = EDGE_LOOP('',(#8383,#8384,#8385,#8386));
#8388 = FACE_OUTER_BOUND('',#8387,.T.);
#8389 = CARTESIAN_POINT('',(99.12350,4.57236,0.00000));
#8390 = DIRECTION('',(0.997453,-0.071332,0.000000));
#8391 = DIRECTION('',(0.071332,0.997453,0.000000));
#8392 = AXIS2_PLACEMENT_3D('',#8389,#8390,#8391);
#8393 = PLANE('',#8392);
#8394 = ADVANCED_FACE('',(#8388),#8393,.T.);
#8395 = CARTESIAN_POINT('',(99.12531,4.59766,0.00000));
#8396 = VERTEX_POINT('',#8395);
#8397 = CARTESIAN_POINT('',(99.13070,4.62245,0.00000));
#8398 = VERTEX_POINT('',#8397);
#8399 = CARTESIAN_POINT('',(99.13070,4.62245,1.50000));
#8400 = VERTEX_POINT('',#8399);
#8401 = CARTESIAN_POINT('',(99.12531,4.59766,1.50000));
#8402 = VERTEX_POINT('',#8401);
#8403 = CARTESIAN_POINT('',(99.12531,4.59766,0.00000));
#8404 = DIRECTION('',(0.212560,0.977148,0.000000));
#8405 = VECTOR('',#8404,0.02537);
#8406 = LINE('',#8403,#8405);
#8407 = EDGE_CURVE('',#8396,#8398,#8406,.T.);
#8408 = CARTESIAN_POINT('',(99.13070,4.62245,0.00000));
#8409 = DIRECTION('',(0.000000,0.000000,1.000000));
#8410 = VECTOR('',#8409,1.50000);
#8411 = LINE('',#8408,#8410);
#8412 = EDGE_CURVE('',#8398,#8400,#8411,.T.);
#8413 = CARTESIAN_POINT('',(99.13070,4.62245,1.50000));
#8414 = DIRECTION('',(-0.212560,-0.977148,0.000000));
#8415 = VECTOR('',#8414,0.02537);
#8416 = LINE('',#8413,#8415);
#8417 = EDGE_CURVE('',#8400,#8402,#8416,.T.);
#8418 = CARTESIAN_POINT('',(99.12531,4.59766,1.50000));
#8419 = DIRECTION('',(0.000000,0.000000,-1.000000));
#8420 = VECTOR('',#8419,1.50000);
#8421 = LINE('',#8418,#8420);
#8422 = EDGE_CURVE('',#8402,#8396,#8421,.T.);
#8423 = ORIENTED_EDGE('',*,*,#8407,.T.);
#8424 = ORIENTED_EDGE('',*,*,#8412,.T.);
#8425 = ORIENTED_EDGE('',*,*,#8417,.T.);
#8426 = ORIENTED_EDGE('',*,*,#8422,.T.);
#8427 = EDGE_LOOP('',(#8423,#8424,#8425,#8426));
#8428 = FACE_OUTER_BOUND('',#8427,.T.);
#8429 = CARTESIAN_POINT('',(99.12531,4.59766,0.00000));
#8430 = DIRECTION('',(0.977148,-0.212560,0.000000));
#8431 = DIRECTION('',(0.212560,0.977148,0.000000));
#8432 = AXIS2_PLACEMENT_3D('',#8429,#8430,#8431);
#8433 = PLANE('',#8432);
#8434 = ADVANCED_FACE('',(#8428),#8433,.T.);
#8435 = CARTESIAN_POINT('',(99.13070,4.62245,0.00000));
#8436 = VERTEX_POINT('',#8435);
#8437 = CARTESIAN_POINT('',(99.13957,4.64622,0.00000));
#8438 = VERTEX_POINT('',#8437);
#8439 = CARTESIAN_POINT('',(99.13957,4.64622,1.50000));
#8440 = VERTEX_POINT('',#8439);
#8441 = CARTESIAN_POINT('',(99.13070,4.62245,1.50000));
#8442 = VERTEX_POINT('',#8441);
#8443 = CARTESIAN_POINT('',(99.13070,4.62245,0.00000));
#8444 = DIRECTION('',(0.349460,0.936951,0.000000));
#8445 = VECTOR('',#8444,0.02537);
#8446 = LINE('',#8443,#8445);
#8447 = EDGE_CURVE('',#8436,#8438,#8446,.T.);
#8448 = CARTESIAN_POINT('',(99.13957,4.64622,0.00000));
#8449 = DIRECTION('',(0.000000,0.000000,1.000000));
#8450 = VECTOR('',#8449,1.50000);
#8451 = LINE('',#8448,#8450);
#8452 = EDGE_CURVE('',#8438,#8440,#8451,.T.);
#8453 = CARTESIAN_POINT('',(99.13957,4.64622,1.50000));
#8454 = DIRECTION('',(-0.349460,-0.936951,0.000000));
#8455 = VECTOR('',#8454,0.02537);
#8456 = LINE('',#8453,#8455);
#8457 = EDGE_CURVE('',#8440,#8442,#8456,.T.);
#8458 = CARTESIAN_POINT('',(99.13070,4.62245,1.50000));
#8459 = DIRECTION('',(0.000000,0.000000,-1.000000));
#8460 = VECTOR('',#8459,1.50000);
#8461 = LINE('',#8458,#8460);
#8462 = EDGE_CURVE('',#8442,#8436,#8461,.T.);
#8463 = ORIENTED_EDGE('',*,*,#8447,.T.);
#8464 = ORIENTED_EDGE('',*,*,#8452,.T.);
#8465 = ORIENTED_EDGE('',*,*,#8457,.T.);
#8466 = ORIENTED_EDGE('',*,*,#8462,.T.);
#8467 = EDGE_LOOP('',(#8463,#8464,#8465,#8466));
#8468 = FACE_OUTER_BOUND('',#8467,.T.);
#8469 = CARTESIAN_POINT('',(99.13070,4.62245,0.00000));
#8470 = DIRECTION('',(0.936951,-0.349460,0.000000));
#8471 = DIRECTION('',(0.349460,0.936951,0.000000));
#8472 = AXIS2_PLACEMENT_3D('',#8469,#8470,#8471);
#8473 = PLANE('',#8472);
#8474 = ADVANCED_FACE('',(#8468),#8473,.T.);
#8475 = CARTESIAN_POINT('',(99.13957,4.64622,0.00000));
#8476 = VERTEX_POINT('',#8475);
#8477 = CARTESIAN_POINT('',(99.15172,4.66849,0.00000));
#8478 = VERTEX_POINT('',#8477);
#8479 = CARTESIAN_POINT('',(99.15172,4.66849,1.50000));
#8480 = VERTEX_POINT('',#8479);
#8481 = CARTESIAN_POINT('',(99.13957,4.64622,1.50000));
#8482 = VERTEX_POINT('',#8481);
#8483 = CARTESIAN_POINT('',(99.13957,4.64622,0.00000));
#8484 = DIRECTION('',(0.479246,0.877680,0.000000));
#8485 = VECTOR('',#8484,0.02537);
#8486 = LINE('',#8483,#8485);
#8487 = EDGE_CURVE('',#8476,#8478,#8486,.T.);
#8488 = CARTESIAN_POINT('',(99.15172,4.66849,0.00000));
#8489 = DIRECTION('',(0.000000,0.000000,1.000000));
#8490 = VECTOR('',#8489,1.50000);
#8491 = LINE('',#8488,#8490);
#8492 = EDGE_CURVE('',#8478,#8480,#8491,.T.);
#8493 = CARTESIAN_POINT('',(99.15172,4.66849,1.50000));
#8494 = DIRECTION('',(-0.479246,-0.877680,0.000000));
#8495 = VECTOR('',#8494,0.02537);
#8496 = LINE('',#8493,#8495);
#8497 = EDGE_CURVE('',#8480,#8482,#8496,.T.);
#8498 = CARTESIAN_POINT('',(99.13957,4.64622,1.50000));
#8499 = DIRECTION('',(0.000000,0.000000,-1.000000));
#8500 = VECTOR('',#8499,1.50000);
#8501 = LINE('',#8498,#8500);
#8502 = EDGE_CURVE('',#8482,#8476,#8501,.T.);
#8503 = ORIENTED_EDGE('',*,*,#8487,.T.);
#8504 = ORIENTED_EDGE('',*,*,#8492,.T.);
#8505 = ORIENTED_EDGE('',*,*,#8497,.T.);
#8506 = ORIENTED_EDGE('',*,*,#8502,.T.);
#8507 = EDGE_LOOP('',(#8503,#8504,#8505,#8506));
#8508 = FACE_OUTER_BOUND('',#8507,.T.);
#8509 = CARTESIAN_POINT('',(99.13957,4.64622,0.00000));
#8510 = DIRECTION('',(0.877680,-0.479246,0.000000));
#8511 = DIRECTION('',(0.479246,0.877680,0.000000));
#8512 = AXIS2_PLACEMENT_3D('',#8509,#8510,#8511);
#8513 = PLANE('',#8512);
#8514 = ADVANCED_FACE('',(#8508),#8513,.T.);
#8515 = CARTESIAN_POINT('',(99.15172,4.66849,0.00000));
#8516 = VERTEX_POINT('',#8515);
#8517 = CARTESIAN_POINT('',(99.16693,4.68879,0.00000));
#8518 = VERTEX_POINT('',#8517);
#8519 = CARTESIAN_POINT('',(99.16693,4.68879,1.50000));
#8520 = VERTEX_POINT('',#8519);
#8521 = CARTESIAN_POINT('',(99.15172,4.66849,1.50000));
#8522 = VERTEX_POINT('',#8521);
#8523 = CARTESIAN_POINT('',(99.15172,4.66849,0.00000));
#8524 = DIRECTION('',(0.599277,0.800542,0.000000));
#8525 = VECTOR('',#8524,0.02537);
#8526 = LINE('',#8523,#8525);
#8527 = EDGE_CURVE('',#8516,#8518,#8526,.T.);
#8528 = CARTESIAN_POINT('',(99.16693,4.68879,0.00000));
#8529 = DIRECTION('',(0.000000,0.000000,1.000000));
#8530 = VECTOR('',#8529,1.50000);
#8531 = LINE('',#8528,#8530);
#8532 = EDGE_CURVE('',#8518,#8520,#8531,.T.);
#8533 = CARTESIAN_POINT('',(99.16693,4.68879,1.50000));
#8534 = DIRECTION('',(-0.599277,-0.800542,0.000000));
#8535 = VECTOR('',#8534,0.02537);
#8536 = LINE('',#8533,#8535);
#8537 = EDGE_CURVE('',#8520,#8522,#8536,.T.);
#8538 = CARTESIAN_POINT('',(99.15172,4.66849,1.50000));
#8539 = DIRECTION('',(0.000000,0.000000,-1.000000));
#8540 = VECTOR('',#8539,1.50000);
#8541 = LINE('',#8538,#8540);
#8542 = EDGE_CURVE('',#8522,#8516,#8541,.T.);
#8543 = ORIENTED_EDGE('',*,*,#8527,.T.);
#8544 = ORIENTED_EDGE('',*,*,#8532,.T.);
#8545 = ORIENTED_EDGE('',*,*,#8537,.T.);
#8546 = ORIENTED_EDGE('',*,*,#8542,.T.);
#8547 = EDGE_LOOP('',(#8543,#8544,#8545,#8546));
#8548 = FACE_OUTER_BOUND('',#8547,.T.);
#8549 = CARTESIAN_POINT('',(99.15172,4.66849,0.00000));
#8550 = DIRECTION('',(0.800542,-0.599277,0.000000));
#8551 = DIRECTION('',(0.599277,0.800542,0.000000));
#8552 = AXIS2_PLACEMENT_3D('',#8549,#8550,#8551);
#8553 = PLANE('',#8552);
#8554 = ADVANCED_FACE('',(#8548),#8553,.T.);
#8555 = CARTESIAN_POINT('',(99.16693,4.68879,0.00000));
#8556 = VERTEX_POINT('',#8555);
#8557 = CARTESIAN_POINT('',(99.18487,4.70673,0.00000));
#8558 = VERTEX_POINT('',#8557);
#8559 = CARTESIAN_POINT('',(99.18487,4.70673,1.50000));
#8560 = VERTEX_POINT('',#8559);
#8561 = CARTESIAN_POINT('',(99.16693,4.68879,1.50000));
#8562 = VERTEX_POINT('',#8561);
#8563 = CARTESIAN_POINT('',(99.16693,4.68879,0.00000));
#8564 = DIRECTION('',(0.707107,0.707107,0.000000));
#8565 = VECTOR('',#8564,0.02537);
#8566 = LINE('',#8563,#8565);
#8567 = EDGE_CURVE('',#8556,#8558,#8566,.T.);
#8568 = CARTESIAN_POINT('',(99.18487,4.70673,0.00000));
#8569 = DIRECTION('',(0.000000,0.000000,1.000000));
#8570 = VECTOR('',#8569,1.50000);
#8571 = LINE('',#8568,#8570);
#8572 = EDGE_CURVE('',#8558,#8560,#8571,.T.);
#8573 = CARTESIAN_POINT('',(99.18487,4.70673,1.50000));
#8574 = DIRECTION('',(-0.707107,-0.707107,0.000000));
#8575 = VECTOR('',#8574,0.02537);
#8576 = LINE('',#8573,#8575);
#8577 = EDGE_CURVE('',#8560,#8562,#8576,.T.);
#8578 = CARTESIAN_POINT('',(99.16693,4.68879,1.50000));
#8579 = DIRECTION('',(0.000000,0.000000,-1.000000));
#8580 = VECTOR('',#8579,1.50000);
#8581 = LINE('',#8578,#8580);
#8582 = EDGE_CURVE('',#8562,#8556,#8581,.T.);
#8583 = ORIENTED_EDGE('',*,*,#8567,.T.);
#8584 = ORIENTED_EDGE('',*,*,#8572,.T.);
#8585 = ORIENTED_EDGE('',*,*,#8577,.T.);
#8586 = ORIENTED_EDGE('',*,*,#8582,.T.);
#8587 = EDGE_LOOP('',(#8583,#8584,#8585,#8586));
#8588 = FACE_OUTER_BOUND('',#8587,.T.);
#8589 = CARTESIAN_POINT('',(99.16693,4.68879,0.00000));
#8590 = DIRECTION('',(0.707107,-0.707107,0.000000));
#8591 = DIRECTION('',(0.707107,0.707107,0.000000));
#8592 = AXIS2_PLACEMENT_3D('',#8589,#8590,#8591);
#8593 = PLANE('',#8592);
#8594 = ADVANCED_FACE('',(#8588),#8593,.T.);
#8595 = CARTESIAN_POINT('',(99.18487,4.70673,0.00000));
#8596 = VERTEX_POINT('',#8595);
#8597 = CARTESIAN_POINT('',(99.20517,4.72194,0.00000));
#8598 = VERTEX_POINT('',#8597);
#8599 = CARTESIAN_POINT('',(99.20517,4.72194,1.50000));
#8600 = VERTEX_POINT('',#8599);
#8601 = CARTESIAN_POINT('',(99.18487,4.70673,1.50000));
#8602 = VERTEX_POINT('',#8601);
#8603 = CARTESIAN_POINT('',(99.18487,4.70673,0.00000));
#8604 = DIRECTION('',(0.800542,0.599277,0.000000));
#8605 = VECTOR('',#8604,0.02537);
#8606 = LINE('',#8603,#8605);
#8607 = EDGE_CURVE('',#8596,#8598,#8606,.T.);
#8608 = CARTESIAN_POINT('',(99.20517,4.72194,0.00000));
#8609 = DIRECTION('',(0.000000,0.000000,1.000000));
#8610 = VECTOR('',#8609,1.50000);
#8611 = LINE('',#8608,#8610);
#8612 = EDGE_CURVE('',#8598,#8600,#8611,.T.);
#8613 = CARTESIAN_POINT('',(99.20517,4.72194,1.50000));
#8614 = DIRECTION('',(-0.800542,-0.599277,0.000000));
#8615 = VECTOR('',#8614,0.02537);
#8616 = LINE('',#8613,#8615);
#8617 = EDGE_CURVE('',#8600,#8602,#8616,.T.);
#8618 = CARTESIAN_POINT('',(99.18487,4.70673,1.50000));
#8619 = DIRECTION('',(0.000000,0.000000,-1.000000));
#8620 = VECTOR('',#8619,1.50000);
#8621 = LINE('',#8618,#8620);
#8622 = EDGE_CURVE('',#8602,#8596,#8621,.T.);
#8623 = ORIENTED_EDGE('',*,*,#8607,.T.);
#8624 = ORIENTED_EDGE('',*,*,#8612,.T.);
#8625 = ORIENTED_EDGE('',*,*,#8617,.T.);
#8626 = ORIENTED_EDGE('',*,*,#8622,.T.);
#8627 = EDGE_LOOP('',(#8623,#8624,#8625,#8626));
#8628 = FACE_OUTER_BOUND('',#8627,.T.);
#8629 = CARTESIAN_POINT('',(99.18487,4.70673,0.00000));
#8630 = DIRECTION('',(0.599277,-0.800542,0.000000));
#8631 = DIRECTION('',(0.800542,0.599277,0.000000));
#8632 = AXIS2_PLACEMENT_3D('',#8629,#8630,#8631);
#8633 = PLANE('',#8632);
#8634 = ADVANCED_FACE('',(#8628),#8633,.T.);
#8635 = CARTESIAN_POINT('',(99.20517,4.72194,0.00000));
#8636 = VERTEX_POINT('',#8635);
#8637 = CARTESIAN_POINT('',(99.22744,4.73409,0.00000));
#8638 = VERTEX_POINT('',#8637);
#8639 = CARTESIAN_POINT('',(99.22744,4.73409,1.50000));
#8640 = VERTEX_POINT('',#8639);
#8641 = CARTESIAN_POINT('',(99.20517,4.72194,1.50000));
#8642 = VERTEX_POINT('',#8641);
#8643 = CARTESIAN_POINT('',(99.20517,4.72194,0.00000));
#8644 = DIRECTION('',(0.877680,0.479246,0.000000));
#8645 = VECTOR('',#8644,0.02537);
#8646 = LINE('',#8643,#8645);
#8647 = EDGE_CURVE('',#8636,#8638,#8646,.T.);
#8648 = CARTESIAN_POINT('',(99.22744,4.73409,0.00000));
#8649 = DIRECTION('',(0.000000,0.000000,1.000000));
#8650 = VECTOR('',#8649,1.50000);
#8651 = LINE('',#8648,#8650);
#8652 = EDGE_CURVE('',#8638,#8640,#8651,.T.);
#8653 = CARTESIAN_POINT('',(99.22744,4.73409,1.50000));
#8654 = DIRECTION('',(-0.877680,-0.479246,0.000000));
#8655 = VECTOR('',#8654,0.02537);
#8656 = LINE('',#8653,#8655);
#8657 = EDGE_CURVE('',#8640,#8642,#8656,.T.);
#8658 = CARTESIAN_POINT('',(99.20517,4.72194,1.50000));
#8659 = DIRECTION('',(0.000000,0.000000,-1.000000));
#8660 = VECTOR('',#8659,1.50000);
#8661 = LINE('',#8658,#8660);
#8662 = EDGE_CURVE('',#8642,#8636,#8661,.T.);
#8663 = ORIENTED_EDGE('',*,*,#8647,.T.);
#8664 = ORIENTED_EDGE('',*,*,#8652,.T.);
#8665 = ORIENTED_EDGE('',*,*,#8657,.T.);
#8666 = ORIENTED_EDGE('',*,*,#8662,.T.);
#8667 = EDGE_LOOP('',(#8663,#8664,#8665,#8666));
#8668 = FACE_OUTER_BOUND('',#8667,.T.);
#8669 = CARTESIAN_POINT('',(99.20517,4.72194,0.00000));
#8670 = DIRECTION('',(0.479246,-0.877680,0.000000));
#8671 = DIRECTION('',(0.877680,0.479246,0.000000));
#8672 = AXIS2_PLACEMENT_3D('',#8669,#8670,#8671);
#8673 = PLANE('',#8672);
#8674 = ADVANCED_FACE('',(#8668),#8673,.T.);
#8675 = CARTESIAN_POINT('',(99.22744,4.73409,0.00000));
#8676 = VERTEX_POINT('',#8675);
#8677 = CARTESIAN_POINT('',(99.25121,4.74296,0.00000));
#8678 = VERTEX_POINT('',#8677);
#8679 = CARTESIAN_POINT('',(99.25121,4.74296,1.50000));
#8680 = VERTEX_POINT('',#8679);
#8681 = CARTESIAN_POINT('',(99.22744,4.73409,1.50000));
#8682 = VERTEX_POINT('',#8681);
#8683 = CARTESIAN_POINT('',(99.22744,4.73409,0.00000));
#8684 = DIRECTION('',(0.936951,0.349460,0.000000));
#8685 = VECTOR('',#8684,0.02537);
#8686 = LINE('',#8683,#8685);
#8687 = EDGE_CURVE('',#8676,#8678,#8686,.T.);
#8688 = CARTESIAN_POINT('',(99.25121,4.74296,0.00000));
#8689 = DIRECTION('',(0.000000,0.000000,1.000000));
#8690 = VECTOR('',#8689,1.50000);
#8691 = LINE('',#8688,#8690);
#8692 = EDGE_CURVE('',#8678,#8680,#8691,.T.);
#8693 = CARTESIAN_POINT('',(99.25121,4.74296,1.50000));
#8694 = DIRECTION('',(-0.936951,-0.349460,0.000000));
#8695 = VECTOR('',#8694,0.02537);
#8696 = LINE('',#8693,#8695);
#8697 = EDGE_CURVE('',#8680,#8682,#8696,.T.);
#8698 = CARTESIAN_POINT('',(99.22744,4.73409,1.50000));
#8699 = DIRECTION('',(0.000000,0.000000,-1.000000));
#8700 = VECTOR('',#8699,1.50000);
#8701 = LINE('',#8698,#8700);
#8702 = EDGE_CURVE('',#8682,#8676,#8701,.T.);
#8703 = ORIENTED_EDGE('',*,*,#8687,.T.);
#8704 = ORIENTED_EDGE('',*,*,#8692,.T.);
#8705 = ORIENTED_EDGE('',*,*,#8697,.T.);
#8706 = ORIENTED_EDGE('',*,*,#8702,.T.);
#8707 = EDGE_LOOP('',(#8703,#8704,#8705,#8706));
#8708 = FACE_OUTER_BOUND('',#8707,.T.);
#8709 = CARTESIAN_POINT('',(99.22744,4.73409,0.00000));
#8710 = DIRECTION('',(0.349460,-0.936951,0.000000));
#8711 = DIRECTION('',(0.936951,0.349460,0.000000));
#8712 = AXIS2_PLACEMENT_3D('',#8709,#8710,#8711);
#8713 = PLANE('',#8712);
#8714 = ADVANCED_FACE('',(#8708),#8713,.T.);
#8715 = CARTESIAN_POINT('',(99.25121,4.74296,0.00000));
#8716 = VERTEX_POINT('',#8715);
#8717 = CARTESIAN_POINT('',(99.27600,4.74835,0.00000));
#8718 = VERTEX_POINT('',#8717);
#8719 = CARTESIAN_POINT('',(99.27600,4.74835,1.50000));
#8720 = VERTEX_POINT('',#8719);
#8721 = CARTESIAN_POINT('',(99.25121,4.74296,1.50000));
#8722 = VERTEX_POINT('',#8721);
#8723 = CARTESIAN_POINT('',(99.25121,4.74296,0.00000));
#8724 = DIRECTION('',(0.977148,0.212560,0.000000));
#8725 = VECTOR('',#8724,0.02537);
#8726 = LINE('',#8723,#8725);
#8727 = EDGE_CURVE('',#8716,#8718,#8726,.T.);
#8728 = CARTESIAN_POINT('',(99.27600,4.74835,0.00000));
#8729 = DIRECTION('',(0.000000,0.000000,1.000000));
#8730 = VECTOR('',#8729,1.50000);
#8731 = LINE('',#8728,#8730);
#8732 = EDGE_CURVE('',#8718,#8720,#8731,.T.);
#8733 = CARTESIAN_POINT('',(99.27600,4.74835,1.50000));
#8734 = DIRECTION('',(-0.977148,-0.212560,0.000000));
#8735 = VECTOR('',#8734,0.02537);
#8736 = LINE('',#8733,#8735);
#8737 = EDGE_CURVE('',#8720,#8722,#8736,.T.);
#8738 = CARTESIAN_POINT('',(99.25121,4.74296,1.50000));
#8739 = DIRECTION('',(0.000000,0.000000,-1.000000));
#8740 = VECTOR('',#8739,1.50000);
#8741 = LINE('',#8738,#8740);
#8742 = EDGE_CURVE('',#8722,#8716,#8741,.T.);
#8743 = ORIENTED_EDGE('',*,*,#8727,.T.);
#8744 = ORIENTED_EDGE('',*,*,#8732,.T.);
#8745 = ORIENTED_EDGE('',*,*,#8737,.T.);
#8746 = ORIENTED_EDGE('',*,*,#8742,.T.);
#8747 = EDGE_LOOP('',(#8743,#8744,#8745,#8746));
#8748 = FACE_OUTER_BOUND('',#8747,.T.);
#8749 = CARTESIAN_POINT('',(99.25121,4.74296,0.00000));
#8750 = DIRECTION('',(0.212560,-0.977148,0.000000));
#8751 = DIRECTION('',(0.977148,0.212560,0.000000));
#8752 = AXIS2_PLACEMENT_3D('',#8749,#8750,#8751);
#8753 = PLANE('',#8752);
#8754 = ADVANCED_FACE('',(#8748),#8753,.T.);
#8755 = CARTESIAN_POINT('',(99.27600,4.74835,0.00000));
#8756 = VERTEX_POINT('',#8755);
#8757 = CARTESIAN_POINT('',(99.30130,4.75016,0.00000));
#8758 = VERTEX_POINT('',#8757);
#8759 = CARTESIAN_POINT('',(99.30130,4.75016,1.50000));
#8760 = VERTEX_POINT('',#8759);
#8761 = CARTESIAN_POINT('',(99.27600,4.74835,1.50000));
#8762 = VERTEX_POINT('',#8761);
#8763 = CARTESIAN_POINT('',(99.27600,4.74835,0.00000));
#8764 = DIRECTION('',(0.997453,0.071332,0.000000));
#8765 = VECTOR('',#8764,0.02537);
#8766 = LINE('',#8763,#8765);
#8767 = EDGE_CURVE('',#8756,#8758,#8766,.T.);
#8768 = CARTESIAN_POINT('',(99.30130,4.75016,0.00000));
#8769 = DIRECTION('',(0.000000,0.000000,1.000000));
#8770 = VECTOR('',#8769,1.50000);
#8771 = LINE('',#8768,#8770);
#8772 = EDGE_CURVE('',#8758,#8760,#8771,.T.);
#8773 = CARTESIAN_POINT('',(99.30130,4.75016,1.50000));
#8774 = DIRECTION('',(-0.997453,-0.071332,0.000000));
#8775 = VECTOR('',#8774,0.02537);
#8776 = LINE('',#8773,#8775);
#8777 = EDGE_CURVE('',#8760,#8762,#8776,.T.);
#8778 = CARTESIAN_POINT('',(99.27600,4.74835,1.50000));
#8779 = DIRECTION('',(0.000000,0.000000,-1.000000));
#8780 = VECTOR('',#8779,1.50000);
#8781 = LINE('',#8778,#8780);
#8782 = EDGE_CURVE('',#8762,#8756,#8781,.T.);
#8783 = ORIENTED_EDGE('',*,*,#8767,.T.);
#8784 = ORIENTED_EDGE('',*,*,#8772,.T.);
#8785 = ORIENTED_EDGE('',*,*,#8777,.T.);
#8786 = ORIENTED_EDGE('',*,*,#8782,.T.);
#8787 = EDGE_LOOP('',(#8783,#8784,#8785,#8786));
#8788 = FACE_OUTER_BOUND('',#8787,.T.);
#8789 = CARTESIAN_POINT('',(99.27600,4.74835,0.00000));
#8790 = DIRECTION('',(0.071332,-0.997453,0.000000));
#8791 = DIRECTION('',(0.997453,0.071332,0.000000));
#8792 = AXIS2_PLACEMENT_3D('',#8789,#8790,#8791);
#8793 = PLANE('',#8792);
#8794 = ADVANCED_FACE('',(#8788),#8793,.T.);
#8795 = CARTESIAN_POINT('',(99.30130,4.75016,0.00000));
#8796 = VERTEX_POINT('',#8795);
#8797 = CARTESIAN_POINT('',(140.13180,4.75016,0.00000));
#8798 = VERTEX_POINT('',#8797);
#8799 = CARTESIAN_POINT('',(140.13180,4.75016,1.50000));
#8800 = VERTEX_POINT('',#8799);
#8801 = CARTESIAN_POINT('',(99.30130,4.75016,1.50000));
#8802 = VERTEX_POINT('',#8801);
#8803 = CARTESIAN_POINT('',(99.30130,4.75016,0.00000));
#8804 = DIRECTION('',(1.000000,0.000000,0.000000));
#8805 = VECTOR('',#8804,40.83050);
#8806 = LINE('',#8803,#8805);
#8807 = EDGE_CURVE('',#8796,#8798,#8806,.T.);
#8808 = CARTESIAN_POINT('',(140.13180,4.75016,0.00000));
#8809 = DIRECTION('',(0.000000,0.000000,1.000000));
#8810 = VECTOR('',#8809,1.50000);
#8811 = LINE('',#8808,#8810);
#8812 = EDGE_CURVE('',#8798,#8800,#8811,.T.);
#8813 = CARTESIAN_POINT('',(140.13180,4.75016,1.50000));
#8814 = DIRECTION('',(-1.000000,-0.000000,0.000000));
#8815 = VECTOR('',#8814,40.83050);
#8816 = LINE('',#8813,#8815);
#8817 = EDGE_CURVE('',#8800,#8802,#8816,.T.);
#8818 = CARTESIAN_POINT('',(99.30130,4.75016,1.50000));
#8819 = DIRECTION('',(0.000000,0.000000,-1.000000));
#8820 = VECTOR('',#8819,1.50000);
#8821 = LINE('',#8818,#8820);
#8822 = EDGE_CURVE('',#8802,#8796,#8821,.T.);
#8823 = ORIENTED_EDGE('',*,*,#8807,.T.);
#8824 = ORIENTED_EDGE('',*,*,#8812,.T.);
#8825 = ORIENTED_EDGE('',*,*,#8817,.T.);
#8826 = ORIENTED_EDGE('',*,*,#8822,.T.);
#8827 = EDGE_LOOP('',(#8823,#8824,#8825,#8826));
#8828 = FACE_OUTER_BOUND('',#8827,.T.);
#8829 = CARTESIAN_POINT('',(99.30130,4.75016,0.00000));
#8830 = DIRECTION('',(0.000000,-1.000000,0.000000));
#8831 = DIRECTION('',(1.000000,0.000000,0.000000));
#8832 = AXIS2_PLACEMENT_3D('',#8829,#8830,#8831);
#8833 = PLANE('',#8832);
#8834 = ADVANCED_FACE('',(#8828),#8833,.T.);
#8835 = CARTESIAN_POINT('',(140.13180,4.75016,0.00000));
#8836 = VERTEX_POINT('',#8835);
#8837 = CARTESIAN_POINT('',(140.14733,4.75787,0.00000));
#8838 = VERTEX_POINT('',#8837);
#8839 = CARTESIAN_POINT('',(140.14733,4.75787,1.50000));
#8840 = VERTEX_POINT('',#8839);
#8841 = CARTESIAN_POINT('',(140.13180,4.75016,1.50000));
#8842 = VERTEX_POINT('',#8841);
#8843 = CARTESIAN_POINT('',(140.13180,4.75016,0.00000));
#8844 = DIRECTION('',(0.895547,0.444968,0.000000));
#8845 = VECTOR('',#8844,0.01734);
#8846 = LINE('',#8843,#8845);
#8847 = EDGE_CURVE('',#8836,#8838,#8846,.T.);
#8848 = CARTESIAN_POINT('',(140.14733,4.75787,0.00000));
#8849 = DIRECTION('',(0.000000,0.000000,1.000000));
#8850 = VECTOR('',#8849,1.50000);
#8851 = LINE('',#8848,#8850);
#8852 = EDGE_CURVE('',#8838,#8840,#8851,.T.);
#8853 = CARTESIAN_POINT('',(140.14733,4.75787,1.50000));
#8854 = DIRECTION('',(-0.895547,-0.444968,0.000000));
#8855 = VECTOR('',#8854,0.01734);
#8856 = LINE('',#8853,#8855);
#8857 = EDGE_CURVE('',#8840,#8842,#8856,.T.);
#8858 = CARTESIAN_POINT('',(140.13180,4.75016,1.50000));
#8859 = DIRECTION('',(0.000000,0.000000,-1.000000));
#8860 = VECTOR('',#8859,1.50000);
#8861 = LINE('',#8858,#8860);
#8862 = EDGE_CURVE('',#8842,#8836,#8861,.T.);
#8863 = ORIENTED_EDGE('',*,*,#8847,.T.);
#8864 = ORIENTED_EDGE('',*,*,#8852,.T.);
#8865 = ORIENTED_EDGE('',*,*,#8857,.T.);
#8866 = ORIENTED_EDGE('',*,*,#8862,.T.);
#8867 = EDGE_LOOP('',(#8863,#8864,#8865,#8866));
#8868 = FACE_OUTER_BOUND('',#8867,.T.);
#8869 = CARTESIAN_POINT('',(140.13180,4.75016,0.00000));
#8870 = DIRECTION('',(0.444968,-0.895547,0.000000));
#8871 = DIRECTION('',(0.895547,0.444968,0.000000));
#8872 = AXIS2_PLACEMENT_3D('',#8869,#8870,#8871);
#8873 = PLANE('',#8872);
#8874 = ADVANCED_FACE('',(#8868),#8873,.T.);
#8875 = CARTESIAN_POINT('',(140.14733,4.75787,0.00000));
#8876 = VERTEX_POINT('',#8875);
#8877 = CARTESIAN_POINT('',(140.16857,4.76250,0.00000));
#8878 = VERTEX_POINT('',#8877);
#8879 = CARTESIAN_POINT('',(140.16857,4.76250,1.50000));
#8880 = VERTEX_POINT('',#8879);
#8881 = CARTESIAN_POINT('',(140.14733,4.75787,1.50000));
#8882 = VERTEX_POINT('',#8881);
#8883 = CARTESIAN_POINT('',(140.14733,4.75787,0.00000));
#8884 = DIRECTION('',(0.977147,0.212566,0.000000));
#8885 = VECTOR('',#8884,0.02174);
#8886 = LINE('',#8883,#8885);
#8887 = EDGE_CURVE('',#8876,#8878,#8886,.T.);
#8888 = CARTESIAN_POINT('',(140.16857,4.76250,0.00000));
#8889 = DIRECTION('',(0.000000,0.000000,1.000000));
#8890 = VECTOR('',#8889,1.50000);
#8891 = LINE('',#8888,#8890);
#8892 = EDGE_CURVE('',#8878,#8880,#8891,.T.);
#8893 = CARTESIAN_POINT('',(140.16857,4.76250,1.50000));
#8894 = DIRECTION('',(-0.977147,-0.212566,0.000000));
#8895 = VECTOR('',#8894,0.02174);
#8896 = LINE('',#8893,#8895);
#8897 = EDGE_CURVE('',#8880,#8882,#8896,.T.);
#8898 = CARTESIAN_POINT('',(140.14733,4.75787,1.50000));
#8899 = DIRECTION('',(0.000000,0.000000,-1.000000));
#8900 = VECTOR('',#8899,1.50000);
#8901 = LINE('',#8898,#8900);
#8902 = EDGE_CURVE('',#8882,#8876,#8901,.T.);
#8903 = ORIENTED_EDGE('',*,*,#8887,.T.);
#8904 = ORIENTED_EDGE('',*,*,#8892,.T.);
#8905 = ORIENTED_EDGE('',*,*,#8897,.T.);
#8906 = ORIENTED_EDGE('',*,*,#8902,.T.);
#8907 = EDGE_LOOP('',(#8903,#8904,#8905,#8906));
#8908 = FACE_OUTER_BOUND('',#8907,.T.);
#8909 = CARTESIAN_POINT('',(140.14733,4.75787,0.00000));
#8910 = DIRECTION('',(0.212566,-0.977147,0.000000));
#8911 = DIRECTION('',(0.977147,0.212566,0.000000));
#8912 = AXIS2_PLACEMENT_3D('',#8909,#8910,#8911);
#8913 = PLANE('',#8912);
#8914 = ADVANCED_FACE('',(#8908),#8913,.T.);
#8915 = CARTESIAN_POINT('',(140.16857,4.76250,0.00000));
#8916 = VERTEX_POINT('',#8915);
#8917 = CARTESIAN_POINT('',(140.18895,4.77010,0.00000));
#8918 = VERTEX_POINT('',#8917);
#8919 = CARTESIAN_POINT('',(140.18895,4.77010,1.50000));
#8920 = VERTEX_POINT('',#8919);
#8921 = CARTESIAN_POINT('',(140.16857,4.76250,1.50000));
#8922 = VERTEX_POINT('',#8921);
#8923 = CARTESIAN_POINT('',(140.16857,4.76250,0.00000));
#8924 = DIRECTION('',(0.936949,0.349465,0.000000));
#8925 = VECTOR('',#8924,0.02174);
#8926 = LINE('',#8923,#8925);
#8927 = EDGE_CURVE('',#8916,#8918,#8926,.T.);
#8928 = CARTESIAN_POINT('',(140.18895,4.77010,0.00000));
#8929 = DIRECTION('',(0.000000,0.000000,1.000000));
#8930 = VECTOR('',#8929,1.50000);
#8931 = LINE('',#8928,#8930);
#8932 = EDGE_CURVE('',#8918,#8920,#8931,.T.);
#8933 = CARTESIAN_POINT('',(140.18895,4.77010,1.50000));
#8934 = DIRECTION('',(-0.936949,-0.349465,0.000000));
#8935 = VECTOR('',#8934,0.02174);
#8936 = LINE('',#8933,#8935);
#8937 = EDGE_CURVE('',#8920,#8922,#8936,.T.);
#8938 = CARTESIAN_POINT('',(140.16857,4.76250,1.50000));
#8939 = DIRECTION('',(0.000000,0.000000,-1.000000));
#8940 = VECTOR('',#8939,1.50000);
#8941 = LINE('',#8938,#8940);
#8942 = EDGE_CURVE('',#8922,#8916,#8941,.T.);
#8943 = ORIENTED_EDGE('',*,*,#8927,.T.);
#8944 = ORIENTED_EDGE('',*,*,#8932,.T.);
#8945 = ORIENTED_EDGE('',*,*,#8937,.T.);
#8946 = ORIENTED_EDGE('',*,*,#8942,.T.);
#8947 = EDGE_LOOP('',(#8943,#8944,#8945,#8946));
#8948 = FACE_OUTER_BOUND('',#8947,.T.);
#8949 = CARTESIAN_POINT('',(140.16857,4.76250,0.00000));
#8950 = DIRECTION('',(0.349465,-0.936949,0.000000));
#8951 = DIRECTION('',(0.936949,0.349465,0.000000));
#8952 = AXIS2_PLACEMENT_3D('',#8949,#8950,#8951);
#8953 = PLANE('',#8952);
#8954 = ADVANCED_FACE('',(#8948),#8953,.T.);
#8955 = CARTESIAN_POINT('',(140.18895,4.77010,0.00000));
#8956 = VERTEX_POINT('',#8955);
#8957 = CARTESIAN_POINT('',(140.20803,4.78052,0.00000));
#8958 = VERTEX_POINT('',#8957);
#8959 = CARTESIAN_POINT('',(140.20803,4.78052,1.50000));
#8960 = VERTEX_POINT('',#8959);
#8961 = CARTESIAN_POINT('',(140.18895,4.77010,1.50000));
#8962 = VERTEX_POINT('',#8961);
#8963 = CARTESIAN_POINT('',(140.18895,4.77010,0.00000));
#8964 = DIRECTION('',(0.877679,0.479250,0.000000));
#8965 = VECTOR('',#8964,0.02174);
#8966 = LINE('',#8963,#8965);
#8967 = EDGE_CURVE('',#8956,#8958,#8966,.T.);
#8968 = CARTESIAN_POINT('',(140.20803,4.78052,0.00000));
#8969 = DIRECTION('',(0.000000,0.000000,1.000000));
#8970 = VECTOR('',#8969,1.50000);
#8971 = LINE('',#8968,#8970);
#8972 = EDGE_CURVE('',#8958,#8960,#8971,.T.);
#8973 = CARTESIAN_POINT('',(140.20803,4.78052,1.50000));
#8974 = DIRECTION('',(-0.877679,-0.479250,0.000000));
#8975 = VECTOR('',#8974,0.02174);
#8976 = LINE('',#8973,#8975);
#8977 = EDGE_CURVE('',#8960,#8962,#8976,.T.);
#8978 = CARTESIAN_POINT('',(140.18895,4.77010,1.50000));
#8979 = DIRECTION('',(0.000000,0.000000,-1.000000));
#8980 = VECTOR('',#8979,1.50000);
#8981 = LINE('',#8978,#8980);
#8982 = EDGE_CURVE('',#8962,#8956,#8981,.T.);
#8983 = ORIENTED_EDGE('',*,*,#8967,.T.);
#8984 = ORIENTED_EDGE('',*,*,#8972,.T.);
#8985 = ORIENTED_EDGE('',*,*,#8977,.T.);
#8986 = ORIENTED_EDGE('',*,*,#8982,.T.);
#8987 = EDGE_LOOP('',(#8983,#8984,#8985,#8986));
#8988 = FACE_OUTER_BOUND('',#8987,.T.);
#8989 = CARTESIAN_POINT('',(140.18895,4.77010,0.00000));
#8990 = DIRECTION('',(0.479250,-0.877679,0.000000));
#8991 = DIRECTION('',(0.877679,0.479250,0.000000));
#8992 = AXIS2_PLACEMENT_3D('',#8989,#8990,#8991);
#8993 = PLANE('',#8992);
#8994 = ADVANCED_FACE('',(#8988),#8993,.T.);
#8995 = CARTESIAN_POINT('',(140.20803,4.78052,0.00000));
#8996 = VERTEX_POINT('',#8995);
#8997 = CARTESIAN_POINT('',(140.22544,4.79355,0.00000));
#8998 = VERTEX_POINT('',#8997);
#8999 = CARTESIAN_POINT('',(140.22544,4.79355,1.50000));
#9000 = VERTEX_POINT('',#8999);
#9001 = CARTESIAN_POINT('',(140.20803,4.78052,1.50000));
#9002 = VERTEX_POINT('',#9001);
#9003 = CARTESIAN_POINT('',(140.20803,4.78052,0.00000));
#9004 = DIRECTION('',(0.800541,0.599278,0.000000));
#9005 = VECTOR('',#9004,0.02174);
#9006 = LINE('',#9003,#9005);
#9007 = EDGE_CURVE('',#8996,#8998,#9006,.T.);
#9008 = CARTESIAN_POINT('',(140.22544,4.79355,0.00000));
#9009 = DIRECTION('',(0.000000,0.000000,1.000000));
#9010 = VECTOR('',#9009,1.50000);
#9011 = LINE('',#9008,#9010);
#9012 = EDGE_CURVE('',#8998,#9000,#9011,.T.);
#9013 = CARTESIAN_POINT('',(140.22544,4.79355,1.50000));
#9014 = DIRECTION('',(-0.800541,-0.599278,0.000000));
#9015 = VECTOR('',#9014,0.02174);
#9016 = LINE('',#9013,#9015);
#9017 = EDGE_CURVE('',#9000,#9002,#9016,.T.);
#9018 = CARTESIAN_POINT('',(140.20803,4.78052,1.50000));
#9019 = DIRECTION('',(0.000000,0.000000,-1.000000));
#9020 = VECTOR('',#9019,1.50000);
#9021 = LINE('',#9018,#9020);
#9022 = EDGE_CURVE('',#9002,#8996,#9021,.T.);
#9023 = ORIENTED_EDGE('',*,*,#9007,.T.);
#9024 = ORIENTED_EDGE('',*,*,#9012,.T.);
#9025 = ORIENTED_EDGE('',*,*,#9017,.T.);
#9026 = ORIENTED_EDGE('',*,*,#9022,.T.);
#9027 = EDGE_LOOP('',(#9023,#9024,#9025,#9026));
#9028 = FACE_OUTER_BOUND('',#9027,.T.);
#9029 = CARTESIAN_POINT('',(140.20803,4.78052,0.00000));
#9030 = DIRECTION('',(0.599278,-0.800541,0.000000));
#9031 = DIRECTION('',(0.800541,0.599278,0.000000));
#9032 = AXIS2_PLACEMENT_3D('',#9029,#9030,#9031);
#9033 = PLANE('',#9032);
#9034 = ADVANCED_FACE('',(#9028),#9033,.T.);
#9035 = CARTESIAN_POINT('',(140.22544,4.79355,0.00000));
#9036 = VERTEX_POINT('',#9035);
#9037 = CARTESIAN_POINT('',(140.24081,4.80892,0.00000));
#9038 = VERTEX_POINT('',#9037);
#9039 = CARTESIAN_POINT('',(140.24081,4.80892,1.50000));
#9040 = VERTEX_POINT('',#9039);
#9041 = CARTESIAN_POINT('',(140.22544,4.79355,1.50000));
#9042 = VERTEX_POINT('',#9041);
#9043 = CARTESIAN_POINT('',(140.22544,4.79355,0.00000));
#9044 = DIRECTION('',(0.707107,0.707107,0.000000));
#9045 = VECTOR('',#9044,0.02174);
#9046 = LINE('',#9043,#9045);
#9047 = EDGE_CURVE('',#9036,#9038,#9046,.T.);
#9048 = CARTESIAN_POINT('',(140.24081,4.80892,0.00000));
#9049 = DIRECTION('',(0.000000,0.000000,1.000000));
#9050 = VECTOR('',#9049,1.50000);
#9051 = LINE('',#9048,#9050);
#9052 = EDGE_CURVE('',#9038,#9040,#9051,.T.);
#9053 = CARTESIAN_POINT('',(140.24081,4.80892,1.50000));
#9054 = DIRECTION('',(-0.707107,-0.707107,0.000000));
#9055 = VECTOR('',#9054,0.02174);
#9056 = LINE('',#9053,#9055);
#9057 = EDGE_CURVE('',#9040,#9042,#9056,.T.);
#9058 = CARTESIAN_POINT('',(140.22544,4.79355,1.50000));
#9059 = DIRECTION('',(0.000000,0.000000,-1.000000));
#9060 = VECTOR('',#9059,1.50000);
#9061 = LINE('',#9058,#9060);
#9062 = EDGE_CURVE('',#9042,#9036,#9061,.T.);
#9063 = ORIENTED_EDGE('',*,*,#9047,.T.);
#9064 = ORIENTED_EDGE('',*,*,#9052,.T.);
#9065 = ORIENTED_EDGE('',*,*,#9057,.T.);
#9066 = ORIENTED_EDGE('',*,*,#9062,.T.);
#9067 = EDGE_LOOP('',(#9063,#9064,#9065,#9066));
#9068 = FACE_OUTER_BOUND('',#9067,.T.);
#9069 = CARTESIAN_POINT('',(140.22544,4.79355,0.00000));
#9070 = DIRECTION('',(0.707107,-0.707107,0.000000));
#9071 = DIRECTION('',(0.707107,0.707107,0.000000));
#9072 = AXIS2_PLACEMENT_3D('',#9069,#9070,#9071);
#9073 = PLANE('',#9072);
#9074 = ADVANCED_FACE('',(#9068),#9073,.T.);
#9075 = CARTESIAN_POINT('',(140.24081,4.80892,0.00000));
#9076 = VERTEX_POINT('',#9075);
#9077 = CARTESIAN_POINT('',(140.25384,4.82633,0.00000));
#9078 = VERTEX_POINT('',#9077);
#9079 = CARTESIAN_POINT('',(140.25384,4.82633,1.50000));
#9080 = VERTEX_POINT('',#9079);
#9081 = CARTESIAN_POINT('',(140.24081,4.80892,1.50000));
#9082 = VERTEX_POINT('',#9081);
#9083 = CARTESIAN_POINT('',(140.24081,4.80892,0.00000));
#9084 = DIRECTION('',(0.599278,0.800541,0.000000));
#9085 = VECTOR('',#9084,0.02174);
#9086 = LINE('',#9083,#9085);
#9087 = EDGE_CURVE('',#9076,#9078,#9086,.T.);
#9088 = CARTESIAN_POINT('',(140.25384,4.82633,0.00000));
#9089 = DIRECTION('',(0.000000,0.000000,1.000000));
#9090 = VECTOR('',#9089,1.50000);
#9091 = LINE('',#9088,#9090);
#9092 = EDGE_CURVE('',#9078,#9080,#9091,.T.);
#9093 = CARTESIAN_POINT('',(140.25384,4.82633,1.50000));
#9094 = DIRECTION('',(-0.599278,-0.800541,0.000000));
#9095 = VECTOR('',#9094,0.02174);
#9096 = LINE('',#9093,#9095);
#9097 = EDGE_CURVE('',#9080,#9082,#9096,.T.);
#9098 = CARTESIAN_POINT('',(140.24081,4.80892,1.50000));
#9099 = DIRECTION('',(0.000000,0.000000,-1.000000));
#9100 = VECTOR('',#9099,1.50000);
#9101 = LINE('',#9098,#9100);
#9102 = EDGE_CURVE('',#9082,#9076,#9101,.T.);
#9103 = ORIENTED_EDGE('',*,*,#9087,.T.);
#9104 = ORIENTED_EDGE('',*,*,#9092,.T.);
#9105 = ORIENTED_EDGE('',*,*,#9097,.T.);
#9106 = ORIENTED_EDGE('',*,*,#9102,.T.);
#9107 = EDGE_LOOP('',(#9103,#9104,#9105,#9106));
#9108 = FACE_OUTER_BOUND('',#9107,.T.);
#9109 = CARTESIAN_POINT('',(140.24081,4.80892,0.00000));
#9110 = DIRECTION('',(0.800541,-0.599278,0.000000));
#9111 = DIRECTION('',(0.599278,0.800541,0.000000));
#9112 = AXIS2_PLACEMENT_3D('',#9109,#9110,#9111);
#9113 = PLANE('',#9112);
#9114 = ADVANCED_FACE('',(#9108),#9113,.T.);
#9115 = CARTESIAN_POINT('',(140.25384,4.82633,0.00000));
#9116 = VERTEX_POINT('',#9115);
#9117 = CARTESIAN_POINT('',(140.26426,4.84541,0.00000));
#9118 = VERTEX_POINT('',#9117);
#9119 = CARTESIAN_POINT('',(140.26426,4.84541,1.50000));
#9120 = VERTEX_POINT('',#9119);
#9121 = CARTESIAN_POINT('',(140.25384,4.82633,1.50000));
#9122 = VERTEX_POINT('',#9121);
#9123 = CARTESIAN_POINT('',(140.25384,4.82633,0.00000));
#9124 = DIRECTION('',(0.479250,0.877679,0.000000));
#9125 = VECTOR('',#9124,0.02174);
#9126 = LINE('',#9123,#9125);
#9127 = EDGE_CURVE('',#9116,#9118,#9126,.T.);
#9128 = CARTESIAN_POINT('',(140.26426,4.84541,0.00000));
#9129 = DIRECTION('',(0.000000,0.000000,1.000000));
#9130 = VECTOR('',#9129,1.50000);
#9131 = LINE('',#9128,#9130);
#9132 = EDGE_CURVE('',#9118,#9120,#9131,.T.);
#9133 = CARTESIAN_POINT('',(140.26426,4.84541,1.50000));
#9134 = DIRECTION('',(-0.479250,-0.877679,0.000000));
#9135 = VECTOR('',#9134,0.02174);
#9136 = LINE('',#9133,#9135);
#9137 = EDGE_CURVE('',#9120,#9122,#9136,.T.);
#9138 = CARTESIAN_POINT('',(140.25384,4.82633,1.50000));
#9139 = DIRECTION('',(0.000000,0.000000,-1.000000));
#9140 = VECTOR('',#9139,1.50000);
#9141 = LINE('',#9138,#9140);
#9142 = EDGE_CURVE('',#9122,#9116,#9141,.T.);
#9143 = ORIENTED_EDGE('',*,*,#9127,.T.);
#9144 = ORIENTED_EDGE('',*,*,#9132,.T.);
#9145 = ORIENTED_EDGE('',*,*,#9137,.T.);
#9146 = ORIENTED_EDGE('',*,*,#9142,.T.);
#9147 = EDGE_LOOP('',(#9143,#9144,#9145,#9146));
#9148 = FACE_OUTER_BOUND('',#9147,.T.);
#9149 = CARTESIAN_POINT('',(140.25384,4.82633,0.00000));
#9150 = DIRECTION('',(0.877679,-0.479250,0.000000));
#9151 = DIRECTION('',(0.479250,0.877679,0.000000));
#9152 = AXIS2_PLACEMENT_3D('',#9149,#9150,#9151);
#9153 = PLANE('',#9152);
#9154 = ADVANCED_FACE('',(#9148),#9153,.T.);
#9155 = CARTESIAN_POINT('',(140.26426,4.84541,0.00000));
#9156 = VERTEX_POINT('',#9155);
#9157 = CARTESIAN_POINT('',(140.27186,4.86579,0.00000));
#9158 = VERTEX_POINT('',#9157);
#9159 = CARTESIAN_POINT('',(140.27186,4.86579,1.50000));
#9160 = VERTEX_POINT('',#9159);
#9161 = CARTESIAN_POINT('',(140.26426,4.84541,1.50000));
#9162 = VERTEX_POINT('',#9161);
#9163 = CARTESIAN_POINT('',(140.26426,4.84541,0.00000));
#9164 = DIRECTION('',(0.349465,0.936949,0.000000));
#9165 = VECTOR('',#9164,0.02174);
#9166 = LINE('',#9163,#9165);
#9167 = EDGE_CURVE('',#9156,#9158,#9166,.T.);
#9168 = CARTESIAN_POINT('',(140.27186,4.86579,0.00000));
#9169 = DIRECTION('',(0.000000,0.000000,1.000000));
#9170 = VECTOR('',#9169,1.50000);
#9171 = LINE('',#9168,#9170);
#9172 = EDGE_CURVE('',#9158,#9160,#9171,.T.);
#9173 = CARTESIAN_POINT('',(140.27186,4.86579,1.50000));
#9174 = DIRECTION('',(-0.349465,-0.936949,0.000000));
#9175 = VECTOR('',#9174,0.02174);
#9176 = LINE('',#9173,#9175);
#9177 = EDGE_CURVE('',#9160,#9162,#9176,.T.);
#9178 = CARTESIAN_POINT('',(140.26426,4.84541,1.50000));
#9179 = DIRECTION('',(0.000000,0.000000,-1.000000));
#9180 = VECTOR('',#9179,1.50000);
#9181 = LINE('',#9178,#9180);
#9182 = EDGE_CURVE('',#9162,#9156,#9181,.T.);
#9183 = ORIENTED_EDGE('',*,*,#9167,.T.);
#9184 = ORIENTED_EDGE('',*,*,#9172,.T.);
#9185 = ORIENTED_EDGE('',*,*,#9177,.T.);
#9186 = ORIENTED_EDGE('',*,*,#9182,.T.);
#9187 = EDGE_LOOP('',(#9183,#9184,#9185,#9186));
#9188 = FACE_OUTER_BOUND('',#9187,.T.);
#9189 = CARTESIAN_POINT('',(140.26426,4.84541,0.00000));
#9190 = DIRECTION('',(0.936949,-0.349465,0.000000));
#9191 = DIRECTION('',(0.349465,0.936949,0.000000));
#9192 = AXIS2_PLACEMENT_3D('',#9189,#9190,#9191);
#9193 = PLANE('',#9192);
#9194 = ADVANCED_FACE('',(#9188),#9193,.T.);
#9195 = CARTESIAN_POINT('',(140.27186,4.86579,0.00000));
#9196 = VERTEX_POINT('',#9195);
#9197 = CARTESIAN_POINT('',(140.27649,4.88703,0.00000));
#9198 = VERTEX_POINT('',#9197);
#9199 = CARTESIAN_POINT('',(140.27649,4.88703,1.50000));
#9200 = VERTEX_POINT('',#9199);
#9201 = CARTESIAN_POINT('',(140.27186,4.86579,1.50000));
#9202 = VERTEX_POINT('',#9201);
#9203 = CARTESIAN_POINT('',(140.27186,4.86579,0.00000));
#9204 = DIRECTION('',(0.212566,0.977147,0.000000));
#9205 = VECTOR('',#9204,0.02174);
#9206 = LINE('',#9203,#9205);
#9207 = EDGE_CURVE('',#9196,#9198,#9206,.T.);
#9208 = CARTESIAN_POINT('',(140.27649,4.88703,0.00000));
#9209 = DIRECTION('',(0.000000,0.000000,1.000000));
#9210 = VECTOR('',#9209,1.50000);
#9211 = LINE('',#9208,#9210);
#9212 = EDGE_CURVE('',#9198,#9200,#9211,.T.);
#9213 = CARTESIAN_POINT('',(140.27649,4.88703,1.50000));
#9214 = DIRECTION('',(-0.212566,-0.977147,0.000000));
#9215 = VECTOR('',#9214,0.02174);
#9216 = LINE('',#9213,#9215);
#9217 = EDGE_CURVE('',#9200,#9202,#9216,.T.);
#9218 = CARTESIAN_POINT('',(140.27186,4.86579,1.50000));
#9219 = DIRECTION('',(0.000000,0.000000,-1.000000));
#9220 = VECTOR('',#9219,1.50000);
#9221 = LINE('',#9218,#9220);
#9222 = EDGE_CURVE('',#9202,#9196,#9221,.T.);
#9223 = ORIENTED_EDGE('',*,*,#9207,.T.);
#9224 = ORIENTED_EDGE('',*,*,#9212,.T.);
#9225 = ORIENTED_EDGE('',*,*,#9217,.T.);
#9226 = ORIENTED_EDGE('',*,*,#9222,.T.);
#9227 = EDGE_LOOP('',(#9223,#9224,#9225,#9226));
#9228 = FACE_OUTER_BOUND('',#9227,.T.);
#9229 = CARTESIAN_POINT('',(140.27186,4.86579,0.00000));
#9230 = DIRECTION('',(0.977147,-0.212566,0.000000));
#9231 = DIRECTION('',(0.212566,0.977147,0.000000));
#9232 = AXIS2_PLACEMENT_3D('',#9229,#9230,#9231);
#9233 = PLANE('',#9232);
#9234 = ADVANCED_FACE('',(#9228),#9233,.T.);
#9235 = CARTESIAN_POINT('',(140.27649,4.88703,0.00000));
#9236 = VERTEX_POINT('',#9235);
#9237 = CARTESIAN_POINT('',(140.27804,4.90872,0.00000));
#9238 = VERTEX_POINT('',#9237);
#9239 = CARTESIAN_POINT('',(140.27804,4.90872,1.50000));
#9240 = VERTEX_POINT('',#9239);
#9241 = CARTESIAN_POINT('',(140.27649,4.88703,1.50000));
#9242 = VERTEX_POINT('',#9241);
#9243 = CARTESIAN_POINT('',(140.27649,4.88703,0.00000));
#9244 = DIRECTION('',(0.071341,0.997452,0.000000));
#9245 = VECTOR('',#9244,0.02174);
#9246 = LINE('',#9243,#9245);
#9247 = EDGE_CURVE('',#9236,#9238,#9246,.T.);
#9248 = CARTESIAN_POINT('',(140.27804,4.90872,0.00000));
#9249 = DIRECTION('',(0.000000,0.000000,1.000000));
#9250 = VECTOR('',#9249,1.50000);
#9251 = LINE('',#9248,#9250);
#9252 = EDGE_CURVE('',#9238,#9240,#9251,.T.);
#9253 = CARTESIAN_POINT('',(140.27804,4.90872,1.50000));
#9254 = DIRECTION('',(-0.071341,-0.997452,0.000000));
#9255 = VECTOR('',#9254,0.02174);
#9256 = LINE('',#9253,#9255);
#9257 = EDGE_CURVE('',#9240,#9242,#9256,.T.);
#9258 = CARTESIAN_POINT('',(140.27649,4.88703,1.50000));
#9259 = DIRECTION('',(0.000000,0.000000,-1.000000));
#9260 = VECTOR('',#9259,1.50000);
#9261 = LINE('',#9258,#9260);
#9262 = EDGE_CURVE('',#9242,#9236,#9261,.T.);
#9263 = ORIENTED_EDGE('',*,*,#9247,.T.);
#9264 = ORIENTED_EDGE('',*,*,#9252,.T.);
#9265 = ORIENTED_EDGE('',*,*,#9257,.T.);
#9266 = ORIENTED_EDGE('',*,*,#9262,.T.);
#9267 = EDGE_LOOP('',(#9263,#9264,#9265,#9266));
#9268 = FACE_OUTER_BOUND('',#9267,.T.);
#9269 = CARTESIAN_POINT('',(140.27649,4.88703,0.00000));
#9270 = DIRECTION('',(0.997452,-0.071341,0.000000));
#9271 = DIRECTION('',(0.071341,0.997452,0.000000));
#9272 = AXIS2_PLACEMENT_3D('',#9269,#9270,#9271);
#9273 = PLANE('',#9272);
#9274 = ADVANCED_FACE('',(#9268),#9273,.T.);
#9275 = CARTESIAN_POINT('',(140.27804,4.90872,0.00000));
#9276 = VERTEX_POINT('',#9275);
#9277 = CARTESIAN_POINT('',(140.31614,18.47232,0.00000));
#9278 = VERTEX_POINT('',#9277);
#9279 = CARTESIAN_POINT('',(140.31614,18.47232,1.50000));
#9280 = VERTEX_POINT('',#9279);
#9281 = CARTESIAN_POINT('',(140.27804,4.90872,1.50000));
#9282 = VERTEX_POINT('',#9281);
#9283 = CARTESIAN_POINT('',(140.27804,4.90872,0.00000));
#9284 = DIRECTION('',(0.002809,0.999996,0.000000));
#9285 = VECTOR('',#9284,13.56365);
#9286 = LINE('',#9283,#9285);
#9287 = EDGE_CURVE('',#9276,#9278,#9286,.T.);
#9288 = CARTESIAN_POINT('',(140.31614,18.47232,0.00000));
#9289 = DIRECTION('',(0.000000,0.000000,1.000000));
#9290 = VECTOR('',#9289,1.50000);
#9291 = LINE('',#9288,#9290);
#9292 = EDGE_CURVE('',#9278,#9280,#9291,.T.);
#9293 = CARTESIAN_POINT('',(140.31614,18.47232,1.50000));
#9294 = DIRECTION('',(-0.002809,-0.999996,0.000000));
#9295 = VECTOR('',#9294,13.56365);
#9296 = LINE('',#9293,#9295);
#9297 = EDGE_CURVE('',#9280,#9282,#9296,.T.);
#9298 = CARTESIAN_POINT('',(140.27804,4.90872,1.50000));
#9299 = DIRECTION('',(0.000000,0.000000,-1.000000));
#9300 = VECTOR('',#9299,1.50000);
#9301 = LINE('',#9298,#9300);
#9302 = EDGE_CURVE('',#9282,#9276,#9301,.T.);
#9303 = ORIENTED_EDGE('',*,*,#9287,.T.);
#9304 = ORIENTED_EDGE('',*,*,#9292,.T.);
#9305 = ORIENTED_EDGE('',*,*,#9297,.T.);
#9306 = ORIENTED_EDGE('',*,*,#9302,.T.);
#9307 = EDGE_LOOP('',(#9303,#9304,#9305,#9306));
#9308 = FACE_OUTER_BOUND('',#9307,.T.);
#9309 = CARTESIAN_POINT('',(140.27804,4.90872,0.00000));
#9310 = DIRECTION('',(0.999996,-0.002809,0.000000));
#9311 = DIRECTION('',(0.002809,0.999996,0.000000));
#9312 = AXIS2_PLACEMENT_3D('',#9309,#9310,#9311);
#9313 = PLANE('',#9312);
#9314 = ADVANCED_FACE('',(#9308),#9313,.T.);
#9315 = CARTESIAN_POINT('',(140.31614,18.47232,0.00000));
#9316 = VERTEX_POINT('',#9315);
#9317 = CARTESIAN_POINT('',(140.41800,19.18077,0.00000));
#9318 = VERTEX_POINT('',#9317);
#9319 = CARTESIAN_POINT('',(140.41800,19.18077,1.50000));
#9320 = VERTEX_POINT('',#9319);
#9321 = CARTESIAN_POINT('',(140.31614,18.47232,1.50000));
#9322 = VERTEX_POINT('',#9321);
#9323 = CARTESIAN_POINT('',(140.31614,18.47232,0.00000));
#9324 = DIRECTION('',(0.142311,0.989822,0.000000));
#9325 = VECTOR('',#9324,0.71573);
#9326 = LINE('',#9323,#9325);
#9327 = EDGE_CURVE('',#9316,#9318,#9326,.T.);
#9328 = CARTESIAN_POINT('',(140.41800,19.18077,0.00000));
#9329 = DIRECTION('',(0.000000,0.000000,1.000000));
#9330 = VECTOR('',#9329,1.50000);
#9331 = LINE('',#9328,#9330);
#9332 = EDGE_CURVE('',#9318,#9320,#9331,.T.);
#9333 = CARTESIAN_POINT('',(140.41800,19.18077,1.50000));
#9334 = DIRECTION('',(-0.142311,-0.989822,0.000000));
#9335 = VECTOR('',#9334,0.71573);
#9336 = LINE('',#9333,#9335);
#9337 = EDGE_CURVE('',#9320,#9322,#9336,.T.);
#9338 = CARTESIAN_POINT('',(140.31614,18.47232,1.50000));
#9339 = DIRECTION('',(0.000000,0.000000,-1.000000));
#9340 = VECTOR('',#9339,1.50000);
#9341 = LINE('',#9338,#9340);
#9342 = EDGE_CURVE('',#9322,#9316,#9341,.T.);
#9343 = ORIENTED_EDGE('',*,*,#9327,.T.);
#9344 = ORIENTED_EDGE('',*,*,#9332,.T.);
#9345 = ORIENTED_EDGE('',*,*,#9337,.T.);
#9346 = ORIENTED_EDGE('',*,*,#9342,.T.);
#9347 = EDGE_LOOP('',(#9343,#9344,#9345,#9346));
#9348 = FACE_OUTER_BOUND('',#9347,.T.);
#9349 = CARTESIAN_POINT('',(140.31614,18.47232,0.00000));
#9350 = DIRECTION('',(0.989822,-0.142311,0.000000));
#9351 = DIRECTION('',(0.142311,0.989822,0.000000));
#9352 = AXIS2_PLACEMENT_3D('',#9349,#9350,#9351);
#9353 = PLANE('',#9352);
#9354 = ADVANCED_FACE('',(#9348),#9353,.T.);
#9355 = CARTESIAN_POINT('',(140.41800,19.18077,0.00000));
#9356 = VERTEX_POINT('',#9355);
#9357 = CARTESIAN_POINT('',(140.71532,19.83182,0.00000));
#9358 = VERTEX_POINT('',#9357);
#9359 = CARTESIAN_POINT('',(140.71532,19.83182,1.50000));
#9360 = VERTEX_POINT('',#9359);
#9361 = CARTESIAN_POINT('',(140.41800,19.18077,1.50000));
#9362 = VERTEX_POINT('',#9361);
#9363 = CARTESIAN_POINT('',(140.41800,19.18077,0.00000));
#9364 = DIRECTION('',(0.415415,0.909632,0.000000));
#9365 = VECTOR('',#9364,0.71573);
#9366 = LINE('',#9363,#9365);
#9367 = EDGE_CURVE('',#9356,#9358,#9366,.T.);
#9368 = CARTESIAN_POINT('',(140.71532,19.83182,0.00000));
#9369 = DIRECTION('',(0.000000,0.000000,1.000000));
#9370 = VECTOR('',#9369,1.50000);
#9371 = LINE('',#9368,#9370);
#9372 = EDGE_CURVE('',#9358,#9360,#9371,.T.);
#9373 = CARTESIAN_POINT('',(140.71532,19.83182,1.50000));
#9374 = DIRECTION('',(-0.415415,-0.909632,0.000000));
#9375 = VECTOR('',#9374,0.71573);
#9376 = LINE('',#9373,#9375);
#9377 = EDGE_CURVE('',#9360,#9362,#9376,.T.);
#9378 = CARTESIAN_POINT('',(140.41800,19.18077,1.50000));
#9379 = DIRECTION('',(0.000000,0.000000,-1.000000));
#9380 = VECTOR('',#9379,1.50000);
#9381 = LINE('',#9378,#9380);
#9382 = EDGE_CURVE('',#9362,#9356,#9381,.T.);
#9383 = ORIENTED_EDGE('',*,*,#9367,.T.);
#9384 = ORIENTED_EDGE('',*,*,#9372,.T.);
#9385 = ORIENTED_EDGE('',*,*,#9377,.T.);
#9386 = ORIENTED_EDGE('',*,*,#9382,.T.);
#9387 = EDGE_LOOP('',(#9383,#9384,#9385,#9386));
#9388 = FACE_OUTER_BOUND('',#9387,.T.);
#9389 = CARTESIAN_POINT('',(140.41800,19.18077,0.00000));
#9390 = DIRECTION('',(0.909632,-0.415415,0.000000));
#9391 = DIRECTION('',(0.415415,0.909632,0.000000));
#9392 = AXIS2_PLACEMENT_3D('',#9389,#9390,#9391);
#9393 = PLANE('',#9392);
#9394 = ADVANCED_FACE('',(#9388),#9393,.T.);
#9395 = CARTESIAN_POINT('',(140.71532,19.83182,0.00000));
#9396 = VERTEX_POINT('',#9395);
#9397 = CARTESIAN_POINT('',(141.18402,20.37273,0.00000));
#9398 = VERTEX_POINT('',#9397);
#9399 = CARTESIAN_POINT('',(141.18402,20.37273,1.50000));
#9400 = VERTEX_POINT('',#9399);
#9401 = CARTESIAN_POINT('',(140.71532,19.83182,1.50000));
#9402 = VERTEX_POINT('',#9401);
#9403 = CARTESIAN_POINT('',(140.71532,19.83182,0.00000));
#9404 = DIRECTION('',(0.654861,0.755750,0.000000));
#9405 = VECTOR('',#9404,0.71573);
#9406 = LINE('',#9403,#9405);
#9407 = EDGE_CURVE('',#9396,#9398,#9406,.T.);
#9408 = CARTESIAN_POINT('',(141.18402,20.37273,0.00000));
#9409 = DIRECTION('',(0.000000,0.000000,1.000000));
#9410 = VECTOR('',#9409,1.50000);
#9411 = LINE('',#9408,#9410);
#9412 = EDGE_CURVE('',#9398,#9400,#9411,.T.);
#9413 = CARTESIAN_POINT('',(141.18402,20.37273,1.50000));
#9414 = DIRECTION('',(-0.654861,-0.755750,0.000000));
#9415 = VECTOR('',#9414,0.71573);
#9416 = LINE('',#9413,#9415);
#9417 = EDGE_CURVE('',#9400,#9402,#9416,.T.);
#9418 = CARTESIAN_POINT('',(140.71532,19.83182,1.50000));
#9419 = DIRECTION('',(0.000000,0.000000,-1.000000));
#9420 = VECTOR('',#9419,1.50000);
#9421 = LINE('',#9418,#9420);
#9422 = EDGE_CURVE('',#9402,#9396,#9421,.T.);
#9423 = ORIENTED_EDGE('',*,*,#9407,.T.);
#9424 = ORIENTED_EDGE('',*,*,#9412,.T.);
#9425 = ORIENTED_EDGE('',*,*,#9417,.T.);
#9426 = ORIENTED_EDGE('',*,*,#9422,.T.);
#9427 = EDGE_LOOP('',(#9423,#9424,#9425,#9426));
#9428 = FACE_OUTER_BOUND('',#9427,.T.);
#9429 = CARTESIAN_POINT('',(140.71532,19.83182,0.00000));
#9430 = DIRECTION('',(0.755750,-0.654861,0.000000));
#9431 = DIRECTION('',(0.654861,0.755750,0.000000));
#9432 = AXIS2_PLACEMENT_3D('',#9429,#9430,#9431);
#9433 = PLANE('',#9432);
#9434 = ADVANCED_FACE('',(#9428),#9433,.T.);
#9435 = CARTESIAN_POINT('',(141.18402,20.37273,0.00000));
#9436 = VERTEX_POINT('',#9435);
#9437 = CARTESIAN_POINT('',(141.78613,20.75968,0.00000));
#9438 = VERTEX_POINT('',#9437);
#9439 = CARTESIAN_POINT('',(141.78613,20.75968,1.50000));
#9440 = VERTEX_POINT('',#9439);
#9441 = CARTESIAN_POINT('',(141.18402,20.37273,1.50000));
#9442 = VERTEX_POINT('',#9441);
#9443 = CARTESIAN_POINT('',(141.18402,20.37273,0.00000));
#9444 = DIRECTION('',(0.841254,0.540641,0.000000));
#9445 = VECTOR('',#9444,0.71573);
#9446 = LINE('',#9443,#9445);
#9447 = EDGE_CURVE('',#9436,#9438,#9446,.T.);
#9448 = CARTESIAN_POINT('',(141.78613,20.75968,0.00000));
#9449 = DIRECTION('',(0.000000,0.000000,1.000000));
#9450 = VECTOR('',#9449,1.50000);
#9451 = LINE('',#9448,#9450);
#9452 = EDGE_CURVE('',#9438,#9440,#9451,.T.);
#9453 = CARTESIAN_POINT('',(141.78613,20.75968,1.50000));
#9454 = DIRECTION('',(-0.841254,-0.540641,0.000000));
#9455 = VECTOR('',#9454,0.71573);
#9456 = LINE('',#9453,#9455);
#9457 = EDGE_CURVE('',#9440,#9442,#9456,.T.);
#9458 = CARTESIAN_POINT('',(141.18402,20.37273,1.50000));
#9459 = DIRECTION('',(0.000000,0.000000,-1.000000));
#9460 = VECTOR('',#9459,1.50000);
#9461 = LINE('',#9458,#9460);
#9462 = EDGE_CURVE('',#9442,#9436,#9461,.T.);
#9463 = ORIENTED_EDGE('',*,*,#9447,.T.);
#9464 = ORIENTED_EDGE('',*,*,#9452,.T.);
#9465 = ORIENTED_EDGE('',*,*,#9457,.T.);
#9466 = ORIENTED_EDGE('',*,*,#9462,.T.);
#9467 = EDGE_LOOP('',(#9463,#9464,#9465,#9466));
#9468 = FACE_OUTER_BOUND('',#9467,.T.);
#9469 = CARTESIAN_POINT('',(141.18402,20.37273,0.00000));
#9470 = DIRECTION('',(0.540641,-0.841254,0.000000));
#9471 = DIRECTION('',(0.841254,0.540641,0.000000));
#9472 = AXIS2_PLACEMENT_3D('',#9469,#9470,#9471);
#9473 = PLANE('',#9472);
#9474 = ADVANCED_FACE('',(#9468),#9473,.T.);
#9475 = CARTESIAN_POINT('',(141.78613,20.75968,0.00000));
#9476 = VERTEX_POINT('',#9475);
#9477 = CARTESIAN_POINT('',(142.47287,20.96133,0.00000));
#9478 = VERTEX_POINT('',#9477);
#9479 = CARTESIAN_POINT('',(142.47287,20.96133,1.50000));
#9480 = VERTEX_POINT('',#9479);
#9481 = CARTESIAN_POINT('',(141.78613,20.75968,1.50000));
#9482 = VERTEX_POINT('',#9481);
#9483 = CARTESIAN_POINT('',(141.78613,20.75968,0.00000));
#9484 = DIRECTION('',(0.959493,0.281733,0.000000));
#9485 = VECTOR('',#9484,0.71573);
#9486 = LINE('',#9483,#9485);
#9487 = EDGE_CURVE('',#9476,#9478,#9486,.T.);
#9488 = CARTESIAN_POINT('',(142.47287,20.96133,0.00000));
#9489 = DIRECTION('',(0.000000,0.000000,1.000000));
#9490 = VECTOR('',#9489,1.50000);
#9491 = LINE('',#9488,#9490);
#9492 = EDGE_CURVE('',#9478,#9480,#9491,.T.);
#9493 = CARTESIAN_POINT('',(142.47287,20.96133,1.50000));
#9494 = DIRECTION('',(-0.959493,-0.281733,0.000000));
#9495 = VECTOR('',#9494,0.71573);
#9496 = LINE('',#9493,#9495);
#9497 = EDGE_CURVE('',#9480,#9482,#9496,.T.);
#9498 = CARTESIAN_POINT('',(141.78613,20.75968,1.50000));
#9499 = DIRECTION('',(0.000000,0.000000,-1.000000));
#9500 = VECTOR('',#9499,1.50000);
#9501 = LINE('',#9498,#9500);
#9502 = EDGE_CURVE('',#9482,#9476,#9501,.T.);
#9503 = ORIENTED_EDGE('',*,*,#9487,.T.);
#9504 = ORIENTED_EDGE('',*,*,#9492,.T.);
#9505 = ORIENTED_EDGE('',*,*,#9497,.T.);
#9506 = ORIENTED_EDGE('',*,*,#9502,.T.);
#9507 = EDGE_LOOP('',(#9503,#9504,#9505,#9506));
#9508 = FACE_OUTER_BOUND('',#9507,.T.);
#9509 = CARTESIAN_POINT('',(141.78613,20.75968,0.00000));
#9510 = DIRECTION('',(0.281733,-0.959493,0.000000));
#9511 = DIRECTION('',(0.959493,0.281733,0.000000));
#9512 = AXIS2_PLACEMENT_3D('',#9509,#9510,#9511);
#9513 = PLANE('',#9512);
#9514 = ADVANCED_FACE('',(#9508),#9513,.T.);
#9515 = CARTESIAN_POINT('',(142.47287,20.96133,0.00000));
#9516 = VERTEX_POINT('',#9515);
#9517 = CARTESIAN_POINT('',(142.80534,20.96133,0.00000));
#9518 = VERTEX_POINT('',#9517);
#9519 = CARTESIAN_POINT('',(142.80534,20.96133,1.50000));
#9520 = VERTEX_POINT('',#9519);
#9521 = CARTESIAN_POINT('',(142.47287,20.96133,1.50000));
#9522 = VERTEX_POINT('',#9521);
#9523 = CARTESIAN_POINT('',(142.47287,20.96133,0.00000));
#9524 = DIRECTION('',(1.000000,0.000000,0.000000));
#9525 = VECTOR('',#9524,0.33246);
#9526 = LINE('',#9523,#9525);
#9527 = EDGE_CURVE('',#9516,#9518,#9526,.T.);
#9528 = CARTESIAN_POINT('',(142.80534,20.96133,0.00000));
#9529 = DIRECTION('',(0.000000,0.000000,1.000000));
#9530 = VECTOR('',#9529,1.50000);
#9531 = LINE('',#9528,#9530);
#9532 = EDGE_CURVE('',#9518,#9520,#9531,.T.);
#9533 = CARTESIAN_POINT('',(142.80534,20.96133,1.50000));
#9534 = DIRECTION('',(-1.000000,-0.000000,0.000000));
#9535 = VECTOR('',#9534,0.33246);
#9536 = LINE('',#9533,#9535);
#9537 = EDGE_CURVE('',#9520,#9522,#9536,.T.);
#9538 = CARTESIAN_POINT('',(142.47287,20.96133,1.50000));
#9539 = DIRECTION('',(0.000000,0.000000,-1.000000));
#9540 = VECTOR('',#9539,1.50000);
#9541 = LINE('',#9538,#9540);
#9542 = EDGE_CURVE('',#9522,#9516,#9541,.T.);
#9543 = ORIENTED_EDGE('',*,*,#9527,.T.);
#9544 = ORIENTED_EDGE('',*,*,#9532,.T.);
#9545 = ORIENTED_EDGE('',*,*,#9537,.T.);
#9546 = ORIENTED_EDGE('',*,*,#9542,.T.);
#9547 = EDGE_LOOP('',(#9543,#9544,#9545,#9546));
#9548 = FACE_OUTER_BOUND('',#9547,.T.);
#9549 = CARTESIAN_POINT('',(142.47287,20.96133,0.00000));
#9550 = DIRECTION('',(0.000000,-1.000000,0.000000));
#9551 = DIRECTION('',(1.000000,0.000000,0.000000));
#9552 = AXIS2_PLACEMENT_3D('',#9549,#9550,#9551);
#9553 = PLANE('',#9552);
#9554 = ADVANCED_FACE('',(#9548),#9553,.T.);
#9555 = CARTESIAN_POINT('',(142.80534,20.96133,0.00000));
#9556 = VERTEX_POINT('',#9555);
#9557 = CARTESIAN_POINT('',(143.18860,20.96133,0.00000));
#9558 = VERTEX_POINT('',#9557);
#9559 = CARTESIAN_POINT('',(143.18860,20.96133,1.50000));
#9560 = VERTEX_POINT('',#9559);
#9561 = CARTESIAN_POINT('',(142.80534,20.96133,1.50000));
#9562 = VERTEX_POINT('',#9561);
#9563 = CARTESIAN_POINT('',(142.80534,20.96133,0.00000));
#9564 = DIRECTION('',(1.000000,0.000000,0.000000));
#9565 = VECTOR('',#9564,0.38326);
#9566 = LINE('',#9563,#9565);
#9567 = EDGE_CURVE('',#9556,#9558,#9566,.T.);
#9568 = CARTESIAN_POINT('',(143.18860,20.96133,0.00000));
#9569 = DIRECTION('',(0.000000,0.000000,1.000000));
#9570 = VECTOR('',#9569,1.50000);
#9571 = LINE('',#9568,#9570);
#9572 = EDGE_CURVE('',#9558,#9560,#9571,.T.);
#9573 = CARTESIAN_POINT('',(143.18860,20.96133,1.50000));
#9574 = DIRECTION('',(-1.000000,-0.000000,0.000000));
#9575 = VECTOR('',#9574,0.38326);
#9576 = LINE('',#9573,#9575);
#9577 = EDGE_CURVE('',#9560,#9562,#9576,.T.);
#9578 = CARTESIAN_POINT('',(142.80534,20.96133,1.50000));
#9579 = DIRECTION('',(0.000000,0.000000,-1.000000));
#9580 = VECTOR('',#9579,1.50000);
#9581 = LINE('',#9578,#9580);
#9582 = EDGE_CURVE('',#9562,#9556,#9581,.T.);
#9583 = ORIENTED_EDGE('',*,*,#9567,.T.);
#9584 = ORIENTED_EDGE('',*,*,#9572,.T.);
#9585 = ORIENTED_EDGE('',*,*,#9577,.T.);
#9586 = ORIENTED_EDGE('',*,*,#9582,.T.);
#9587 = EDGE_LOOP('',(#9583,#9584,#9585,#9586));
#9588 = FACE_OUTER_BOUND('',#9587,.T.);
#9589 = CARTESIAN_POINT('',(142.80534,20.96133,0.00000));
#9590 = DIRECTION('',(0.000000,-1.000000,0.000000));
#9591 = DIRECTION('',(1.000000,0.000000,0.000000));
#9592 = AXIS2_PLACEMENT_3D('',#9589,#9590,#9591);
#9593 = PLANE('',#9592);
#9594 = ADVANCED_FACE('',(#9588),#9593,.T.);
#9595 = CARTESIAN_POINT('',(143.18860,20.96133,0.00000));
#9596 = VERTEX_POINT('',#9595);
#9597 = CARTESIAN_POINT('',(143.16682,52.28018,0.00000));
#9598 = VERTEX_POINT('',#9597);
#9599 = CARTESIAN_POINT('',(143.16682,52.28018,1.50000));
#9600 = VERTEX_POINT('',#9599);
#9601 = CARTESIAN_POINT('',(143.18860,20.96133,1.50000));
#9602 = VERTEX_POINT('',#9601);
#9603 = CARTESIAN_POINT('',(143.18860,20.96133,0.00000));
#9604 = DIRECTION('',(-0.000696,1.000000,0.000000));
#9605 = VECTOR('',#9604,31.31886);
#9606 = LINE('',#9603,#9605);
#9607 = EDGE_CURVE('',#9596,#9598,#9606,.T.);
#9608 = CARTESIAN_POINT('',(143.16682,52.28018,0.00000));
#9609 = DIRECTION('',(0.000000,0.000000,1.000000));
#9610 = VECTOR('',#9609,1.50000);
#9611 = LINE('',#9608,#9610);
#9612 = EDGE_CURVE('',#9598,#9600,#9611,.T.);
#9613 = CARTESIAN_POINT('',(143.16682,52.28018,1.50000));
#9614 = DIRECTION('',(0.000696,-1.000000,0.000000));
#9615 = VECTOR('',#9614,31.31886);
#9616 = LINE('',#9613,#9615);
#9617 = EDGE_CURVE('',#9600,#9602,#9616,.T.);
#9618 = CARTESIAN_POINT('',(143.18860,20.96133,1.50000));
#9619 = DIRECTION('',(0.000000,0.000000,-1.000000));
#9620 = VECTOR('',#9619,1.50000);
#9621 = LINE('',#9618,#9620);
#9622 = EDGE_CURVE('',#9602,#9596,#9621,.T.);
#9623 = ORIENTED_EDGE('',*,*,#9607,.T.);
#9624 = ORIENTED_EDGE('',*,*,#9612,.T.);
#9625 = ORIENTED_EDGE('',*,*,#9617,.T.);
#9626 = ORIENTED_EDGE('',*,*,#9622,.T.);
#9627 = EDGE_LOOP('',(#9623,#9624,#9625,#9626));
#9628 = FACE_OUTER_BOUND('',#9627,.T.);
#9629 = CARTESIAN_POINT('',(143.18860,20.96133,0.00000));
#9630 = DIRECTION('',(1.000000,0.000696,0.000000));
#9631 = DIRECTION('',(-0.000696,1.000000,0.000000));
#9632 = AXIS2_PLACEMENT_3D('',#9629,#9630,#9631);
#9633 = PLANE('',#9632);
#9634 = ADVANCED_FACE('',(#9628),#9633,.T.);
#9635 = CARTESIAN_POINT('',(143.16682,52.28018,0.00000));
#9636 = VERTEX_POINT('',#9635);
#9637 = CARTESIAN_POINT('',(142.80534,52.28018,0.00000));
#9638 = VERTEX_POINT('',#9637);
#9639 = CARTESIAN_POINT('',(142.80534,52.28018,1.50000));
#9640 = VERTEX_POINT('',#9639);
#9641 = CARTESIAN_POINT('',(143.16682,52.28018,1.50000));
#9642 = VERTEX_POINT('',#9641);
#9643 = CARTESIAN_POINT('',(143.16682,52.28018,0.00000));
#9644 = DIRECTION('',(-1.000000,0.000000,0.000000));
#9645 = VECTOR('',#9644,0.36148);
#9646 = LINE('',#9643,#9645);
#9647 = EDGE_CURVE('',#9636,#9638,#9646,.T.);
#9648 = CARTESIAN_POINT('',(142.80534,52.28018,0.00000));
#9649 = DIRECTION('',(0.000000,0.000000,1.000000));
#9650 = VECTOR('',#9649,1.50000);
#9651 = LINE('',#9648,#9650);
#9652 = EDGE_CURVE('',#9638,#9640,#9651,.T.);
#9653 = CARTESIAN_POINT('',(142.80534,52.28018,1.50000));
#9654 = DIRECTION('',(1.000000,-0.000000,0.000000));
#9655 = VECTOR('',#9654,0.36148);
#9656 = LINE('',#9653,#9655);
#9657 = EDGE_CURVE('',#9640,#9642,#9656,.T.);
#9658 = CARTESIAN_POINT('',(143.16682,52.28018,1.50000));
#9659 = DIRECTION('',(0.000000,0.000000,-1.000000));
#9660 = VECTOR('',#9659,1.50000);
#9661 = LINE('',#9658,#9660);
#9662 = EDGE_CURVE('',#9642,#9636,#9661,.T.);
#9663 = ORIENTED_EDGE('',*,*,#9647,.T.);
#9664 = ORIENTED_EDGE('',*,*,#9652,.T.);
#9665 = ORIENTED_EDGE('',*,*,#9657,.T.);
#9666 = ORIENTED_EDGE('',*,*,#9662,.T.);
#9667 = EDGE_LOOP('',(#9663,#9664,#9665,#9666));
#9668 = FACE_OUTER_BOUND('',#9667,.T.);
#9669 = CARTESIAN_POINT('',(143.16682,52.28018,0.00000));
#9670 = DIRECTION('',(0.000000,1.000000,0.000000));
#9671 = DIRECTION('',(-1.000000,0.000000,0.000000));
#9672 = AXIS2_PLACEMENT_3D('',#9669,#9670,#9671);
#9673 = PLANE('',#9672);
#9674 = ADVANCED_FACE('',(#9668),#9673,.T.);
#9675 = CARTESIAN_POINT('',(142.80534,52.28018,0.00000));
#9676 = VERTEX_POINT('',#9675);
#9677 = CARTESIAN_POINT('',(142.44386,52.28018,0.00000));
#9678 = VERTEX_POINT('',#9677);
#9679 = CARTESIAN_POINT('',(142.44386,52.28018,1.50000));
#9680 = VERTEX_POINT('',#9679);
#9681 = CARTESIAN_POINT('',(142.80534,52.28018,1.50000));
#9682 = VERTEX_POINT('',#9681);
#9683 = CARTESIAN_POINT('',(142.80534,52.28018,0.00000));
#9684 = DIRECTION('',(-1.000000,0.000000,0.000000));
#9685 = VECTOR('',#9684,0.36148);
#9686 = LINE('',#9683,#9685);
#9687 = EDGE_CURVE('',#9676,#9678,#9686,.T.);
#9688 = CARTESIAN_POINT('',(142.44386,52.28018,0.00000));
#9689 = DIRECTION('',(0.000000,0.000000,1.000000));
#9690 = VECTOR('',#9689,1.50000);
#9691 = LINE('',#9688,#9690);
#9692 = EDGE_CURVE('',#9678,#9680,#9691,.T.);
#9693 = CARTESIAN_POINT('',(142.44386,52.28018,1.50000));
#9694 = DIRECTION('',(1.000000,-0.000000,0.000000));
#9695 = VECTOR('',#9694,0.36148);
#9696 = LINE('',#9693,#9695);
#9697 = EDGE_CURVE('',#9680,#9682,#9696,.T.);
#9698 = CARTESIAN_POINT('',(142.80534,52.28018,1.50000));
#9699 = DIRECTION('',(0.000000,0.000000,-1.000000));
#9700 = VECTOR('',#9699,1.50000);
#9701 = LINE('',#9698,#9700);
#9702 = EDGE_CURVE('',#9682,#9676,#9701,.T.);
#9703 = ORIENTED_EDGE('',*,*,#9687,.T.);
#9704 = ORIENTED_EDGE('',*,*,#9692,.T.);
#9705 = ORIENTED_EDGE('',*,*,#9697,.T.);
#9706 = ORIENTED_EDGE('',*,*,#9702,.T.);
#9707 = EDGE_LOOP('',(#9703,#9704,#9705,#9706));
#9708 = FACE_OUTER_BOUND('',#9707,.T.);
#9709 = CARTESIAN_POINT('',(142.80534,52.28018,0.00000));
#9710 = DIRECTION('',(0.000000,1.000000,0.000000));
#9711 = DIRECTION('',(-1.000000,0.000000,0.000000));
#9712 = AXIS2_PLACEMENT_3D('',#9709,#9710,#9711);
#9713 = PLANE('',#9712);
#9714 = ADVANCED_FACE('',(#9708),#9713,.T.);
#9715 = CARTESIAN_POINT('',(142.44386,52.28018,0.00000));
#9716 = VERTEX_POINT('',#9715);
#9717 = CARTESIAN_POINT('',(141.75018,52.48386,0.00000));
#9718 = VERTEX_POINT('',#9717);
#9719 = CARTESIAN_POINT('',(141.75018,52.48386,1.50000));
#9720 = VERTEX_POINT('',#9719);
#9721 = CARTESIAN_POINT('',(142.44386,52.28018,1.50000));
#9722 = VERTEX_POINT('',#9721);
#9723 = CARTESIAN_POINT('',(142.44386,52.28018,0.00000));
#9724 = DIRECTION('',(-0.959493,0.281733,0.000000));
#9725 = VECTOR('',#9724,0.72296);
#9726 = LINE('',#9723,#9725);
#9727 = EDGE_CURVE('',#9716,#9718,#9726,.T.);
#9728 = CARTESIAN_POINT('',(141.75018,52.48386,0.00000));
#9729 = DIRECTION('',(0.000000,0.000000,1.000000));
#9730 = VECTOR('',#9729,1.50000);
#9731 = LINE('',#9728,#9730);
#9732 = EDGE_CURVE('',#9718,#9720,#9731,.T.);
#9733 = CARTESIAN_POINT('',(141.75018,52.48386,1.50000));
#9734 = DIRECTION('',(0.959493,-0.281733,0.000000));
#9735 = VECTOR('',#9734,0.72296);
#9736 = LINE('',#9733,#9735);
#9737 = EDGE_CURVE('',#9720,#9722,#9736,.T.);
#9738 = CARTESIAN_POINT('',(142.44386,52.28018,1.50000));
#9739 = DIRECTION('',(0.000000,0.000000,-1.000000));
#9740 = VECTOR('',#9739,1.50000);
#9741 = LINE('',#9738,#9740);
#9742 = EDGE_CURVE('',#9722,#9716,#9741,.T.);
#9743 = ORIENTED_EDGE('',*,*,#9727,.T.);
#9744 = ORIENTED_EDGE('',*,*,#9732,.T.);
#9745 = ORIENTED_EDGE('',*,*,#9737,.T.);
#9746 = ORIENTED_EDGE('',*,*,#9742,.T.);
#9747 = EDGE_LOOP('',(#9743,#9744,#9745,#9746));
#9748 = FACE_OUTER_BOUND('',#9747,.T.);
#9749 = CARTESIAN_POINT('',(142.44386,52.28018,0.00000));
#9750 = DIRECTION('',(0.281733,0.959493,0.000000));
#9751 = DIRECTION('',(-0.959493,0.281733,0.000000));
#9752 = AXIS2_PLACEMENT_3D('',#9749,#9750,#9751);
#9753 = PLANE('',#9752);
#9754 = ADVANCED_FACE('',(#9748),#9753,.T.);
#9755 = CARTESIAN_POINT('',(141.75018,52.48386,0.00000));
#9756 = VERTEX_POINT('',#9755);
#9757 = CARTESIAN_POINT('',(141.14199,52.87472,0.00000));
#9758 = VERTEX_POINT('',#9757);
#9759 = CARTESIAN_POINT('',(141.14199,52.87472,1.50000));
#9760 = VERTEX_POINT('',#9759);
#9761 = CARTESIAN_POINT('',(141.75018,52.48386,1.50000));
#9762 = VERTEX_POINT('',#9761);
#9763 = CARTESIAN_POINT('',(141.75018,52.48386,0.00000));
#9764 = DIRECTION('',(-0.841254,0.540641,0.000000));
#9765 = VECTOR('',#9764,0.72296);
#9766 = LINE('',#9763,#9765);
#9767 = EDGE_CURVE('',#9756,#9758,#9766,.T.);
#9768 = CARTESIAN_POINT('',(141.14199,52.87472,0.00000));
#9769 = DIRECTION('',(0.000000,0.000000,1.000000));
#9770 = VECTOR('',#9769,1.50000);
#9771 = LINE('',#9768,#9770);
#9772 = EDGE_CURVE('',#9758,#9760,#9771,.T.);
#9773 = CARTESIAN_POINT('',(141.14199,52.87472,1.50000));
#9774 = DIRECTION('',(0.841254,-0.540641,0.000000));
#9775 = VECTOR('',#9774,0.72296);
#9776 = LINE('',#9773,#9775);
#9777 = EDGE_CURVE('',#9760,#9762,#9776,.T.);
#9778 = CARTESIAN_POINT('',(141.75018,52.48386,1.50000));
#9779 = DIRECTION('',(0.000000,0.000000,-1.000000));
#9780 = VECTOR('',#9779,1.50000);
#9781 = LINE('',#9778,#9780);
#9782 = EDGE_CURVE('',#9762,#9756,#9781,.T.);
#9783 = ORIENTED_EDGE('',*,*,#9767,.T.);
#9784 = ORIENTED_EDGE('',*,*,#9772,.T.);
#9785 = ORIENTED_EDGE('',*,*,#9777,.T.);
#9786 = ORIENTED_EDGE('',*,*,#9782,.T.);
#9787 = EDGE_LOOP('',(#9783,#9784,#9785,#9786));
#9788 = FACE_OUTER_BOUND('',#9787,.T.);
#9789 = CARTESIAN_POINT('',(141.75018,52.48386,0.00000));
#9790 = DIRECTION('',(0.540641,0.841254,0.000000));
#9791 = DIRECTION('',(-0.841254,0.540641,0.000000));
#9792 = AXIS2_PLACEMENT_3D('',#9789,#9790,#9791);
#9793 = PLANE('',#9792);
#9794 = ADVANCED_FACE('',(#9788),#9793,.T.);
#9795 = CARTESIAN_POINT('',(141.14199,52.87472,0.00000));
#9796 = VERTEX_POINT('',#9795);
#9797 = CARTESIAN_POINT('',(140.66855,53.42110,0.00000));
#9798 = VERTEX_POINT('',#9797);
#9799 = CARTESIAN_POINT('',(140.66855,53.42110,1.50000));
#9800 = VERTEX_POINT('',#9799);
#9801 = CARTESIAN_POINT('',(141.14199,52.87472,1.50000));
#9802 = VERTEX_POINT('',#9801);
#9803 = CARTESIAN_POINT('',(141.14199,52.87472,0.00000));
#9804 = DIRECTION('',(-0.654861,0.755750,0.000000));
#9805 = VECTOR('',#9804,0.72296);
#9806 = LINE('',#9803,#9805);
#9807 = EDGE_CURVE('',#9796,#9798,#9806,.T.);
#9808 = CARTESIAN_POINT('',(140.66855,53.42110,0.00000));
#9809 = DIRECTION('',(0.000000,0.000000,1.000000));
#9810 = VECTOR('',#9809,1.50000);
#9811 = LINE('',#9808,#9810);
#9812 = EDGE_CURVE('',#9798,#9800,#9811,.T.);
#9813 = CARTESIAN_POINT('',(140.66855,53.42110,1.50000));
#9814 = DIRECTION('',(0.654861,-0.755750,0.000000));
#9815 = VECTOR('',#9814,0.72296);
#9816 = LINE('',#9813,#9815);
#9817 = EDGE_CURVE('',#9800,#9802,#9816,.T.);
#9818 = CARTESIAN_POINT('',(141.14199,52.87472,1.50000));
#9819 = DIRECTION('',(0.000000,0.000000,-1.000000));
#9820 = VECTOR('',#9819,1.50000);
#9821 = LINE('',#9818,#9820);
#9822 = EDGE_CURVE('',#9802,#9796,#9821,.T.);
#9823 = ORIENTED_EDGE('',*,*,#9807,.T.);
#9824 = ORIENTED_EDGE('',*,*,#9812,.T.);
#9825 = ORIENTED_EDGE('',*,*,#9817,.T.);
#9826 = ORIENTED_EDGE('',*,*,#9822,.T.);
#9827 = EDGE_LOOP('',(#9823,#9824,#9825,#9826));
#9828 = FACE_OUTER_BOUND('',#9827,.T.);
#9829 = CARTESIAN_POINT('',(141.14199,52.87472,0.00000));
#9830 = DIRECTION('',(0.755750,0.654861,0.000000));
#9831 = DIRECTION('',(-0.654861,0.755750,0.000000));
#9832 = AXIS2_PLACEMENT_3D('',#9829,#9830,#9831);
#9833 = PLANE('',#9832);
#9834 = ADVANCED_FACE('',(#9828),#9833,.T.);
#9835 = CARTESIAN_POINT('',(140.66855,53.42110,0.00000));
#9836 = VERTEX_POINT('',#9835);
#9837 = CARTESIAN_POINT('',(140.36822,54.07872,0.00000));
#9838 = VERTEX_POINT('',#9837);
#9839 = CARTESIAN_POINT('',(140.36822,54.07872,1.50000));
#9840 = VERTEX_POINT('',#9839);
#9841 = CARTESIAN_POINT('',(140.66855,53.42110,1.50000));
#9842 = VERTEX_POINT('',#9841);
#9843 = CARTESIAN_POINT('',(140.66855,53.42110,0.00000));
#9844 = DIRECTION('',(-0.415415,0.909632,0.000000));
#9845 = VECTOR('',#9844,0.72296);
#9846 = LINE('',#9843,#9845);
#9847 = EDGE_CURVE('',#9836,#9838,#9846,.T.);
#9848 = CARTESIAN_POINT('',(140.36822,54.07872,0.00000));
#9849 = DIRECTION('',(0.000000,0.000000,1.000000));
#9850 = VECTOR('',#9849,1.50000);
#9851 = LINE('',#9848,#9850);
#9852 = EDGE_CURVE('',#9838,#9840,#9851,.T.);
#9853 = CARTESIAN_POINT('',(140.36822,54.07872,1.50000));
#9854 = DIRECTION('',(0.415415,-0.909632,0.000000));
#9855 = VECTOR('',#9854,0.72296);
#9856 = LINE('',#9853,#9855);
#9857 = EDGE_CURVE('',#9840,#9842,#9856,.T.);
#9858 = CARTESIAN_POINT('',(140.66855,53.42110,1.50000));
#9859 = DIRECTION('',(0.000000,0.000000,-1.000000));
#9860 = VECTOR('',#9859,1.50000);
#9861 = LINE('',#9858,#9860);
#9862 = EDGE_CURVE('',#9842,#9836,#9861,.T.);
#9863 = ORIENTED_EDGE('',*,*,#9847,.T.);
#9864 = ORIENTED_EDGE('',*,*,#9852,.T.);
#9865 = ORIENTED_EDGE('',*,*,#9857,.T.);
#9866 = ORIENTED_EDGE('',*,*,#9862,.T.);
#9867 = EDGE_LOOP('',(#9863,#9864,#9865,#9866));
#9868 = FACE_OUTER_BOUND('',#9867,.T.);
#9869 = CARTESIAN_POINT('',(140.66855,53.42110,0.00000));
#9870 = DIRECTION('',(0.909632,0.415415,0.000000));
#9871 = DIRECTION('',(-0.415415,0.909632,0.000000));
#9872 = AXIS2_PLACEMENT_3D('',#9869,#9870,#9871);
#9873 = PLANE('',#9872);
#9874 = ADVANCED_FACE('',(#9868),#9873,.T.);
#9875 = CARTESIAN_POINT('',(140.36822,54.07872,0.00000));
#9876 = VERTEX_POINT('',#9875);
#9877 = CARTESIAN_POINT('',(140.26534,54.79432,0.00000));
#9878 = VERTEX_POINT('',#9877);
#9879 = CARTESIAN_POINT('',(140.26534,54.79432,1.50000));
#9880 = VERTEX_POINT('',#9879);
#9881 = CARTESIAN_POINT('',(140.36822,54.07872,1.50000));
#9882 = VERTEX_POINT('',#9881);
#9883 = CARTESIAN_POINT('',(140.36822,54.07872,0.00000));
#9884 = DIRECTION('',(-0.142315,0.989821,0.000000));
#9885 = VECTOR('',#9884,0.72296);
#9886 = LINE('',#9883,#9885);
#9887 = EDGE_CURVE('',#9876,#9878,#9886,.T.);
#9888 = CARTESIAN_POINT('',(140.26534,54.79432,0.00000));
#9889 = DIRECTION('',(0.000000,0.000000,1.000000));
#9890 = VECTOR('',#9889,1.50000);
#9891 = LINE('',#9888,#9890);
#9892 = EDGE_CURVE('',#9878,#9880,#9891,.T.);
#9893 = CARTESIAN_POINT('',(140.26534,54.79432,1.50000));
#9894 = DIRECTION('',(0.142315,-0.989821,0.000000));
#9895 = VECTOR('',#9894,0.72296);
#9896 = LINE('',#9893,#9895);
#9897 = EDGE_CURVE('',#9880,#9882,#9896,.T.);
#9898 = CARTESIAN_POINT('',(140.36822,54.07872,1.50000));
#9899 = DIRECTION('',(0.000000,0.000000,-1.000000));
#9900 = VECTOR('',#9899,1.50000);
#9901 = LINE('',#9898,#9900);
#9902 = EDGE_CURVE('',#9882,#9876,#9901,.T.);
#9903 = ORIENTED_EDGE('',*,*,#9887,.T.);
#9904 = ORIENTED_EDGE('',*,*,#9892,.T.);
#9905 = ORIENTED_EDGE('',*,*,#9897,.T.);
#9906 = ORIENTED_EDGE('',*,*,#9902,.T.);
#9907 = EDGE_LOOP('',(#9903,#9904,#9905,#9906));
#9908 = FACE_OUTER_BOUND('',#9907,.T.);
#9909 = CARTESIAN_POINT('',(140.36822,54.07872,0.00000));
#9910 = DIRECTION('',(0.989821,0.142315,0.000000));
#9911 = DIRECTION('',(-0.142315,0.989821,0.000000));
#9912 = AXIS2_PLACEMENT_3D('',#9909,#9910,#9911);
#9913 = PLANE('',#9912);
#9914 = ADVANCED_FACE('',(#9908),#9913,.T.);
#9915 = CARTESIAN_POINT('',(140.26534,54.79432,0.00000));
#9916 = VERTEX_POINT('',#9915);
#9917 = CARTESIAN_POINT('',(140.27804,60.05212,0.00000));
#9918 = VERTEX_POINT('',#9917);
#9919 = CARTESIAN_POINT('',(140.27804,60.05212,1.50000));
#9920 = VERTEX_POINT('',#9919);
#9921 = CARTESIAN_POINT('',(140.26534,54.79432,1.50000));
#9922 = VERTEX_POINT('',#9921);
#9923 = CARTESIAN_POINT('',(140.26534,54.79432,0.00000));
#9924 = DIRECTION('',(0.002415,0.999997,0.000000));
#9925 = VECTOR('',#9924,5.25782);
#9926 = LINE('',#9923,#9925);
#9927 = EDGE_CURVE('',#9916,#9918,#9926,.T.);
#9928 = CARTESIAN_POINT('',(140.27804,60.05212,0.00000));
#9929 = DIRECTION('',(0.000000,0.000000,1.000000));
#9930 = VECTOR('',#9929,1.50000);
#9931 = LINE('',#9928,#9930);
#9932 = EDGE_CURVE('',#9918,#9920,#9931,.T.);
#9933 = CARTESIAN_POINT('',(140.27804,60.05212,1.50000));
#9934 = DIRECTION('',(-0.002415,-0.999997,0.000000));
#9935 = VECTOR('',#9934,5.25782);
#9936 = LINE('',#9933,#9935);
#9937 = EDGE_CURVE('',#9920,#9922,#9936,.T.);
#9938 = CARTESIAN_POINT('',(140.26534,54.79432,1.50000));
#9939 = DIRECTION('',(0.000000,0.000000,-1.000000));
#9940 = VECTOR('',#9939,1.50000);
#9941 = LINE('',#9938,#9940);
#9942 = EDGE_CURVE('',#9922,#9916,#9941,.T.);
#9943 = ORIENTED_EDGE('',*,*,#9927,.T.);
#9944 = ORIENTED_EDGE('',*,*,#9932,.T.);
#9945 = ORIENTED_EDGE('',*,*,#9937,.T.);
#9946 = ORIENTED_EDGE('',*,*,#9942,.T.);
#9947 = EDGE_LOOP('',(#9943,#9944,#9945,#9946));
#9948 = FACE_OUTER_BOUND('',#9947,.T.);
#9949 = CARTESIAN_POINT('',(140.26534,54.79432,0.00000));
#9950 = DIRECTION('',(0.999997,-0.002415,0.000000));
#9951 = DIRECTION('',(0.002415,0.999997,0.000000));
#9952 = AXIS2_PLACEMENT_3D('',#9949,#9950,#9951);
#9953 = PLANE('',#9952);
#9954 = ADVANCED_FACE('',(#9948),#9953,.T.);
#9955 = CARTESIAN_POINT('',(4.21620,59.06016,0.00000));
#9956 = VERTEX_POINT('',#9955);
#9957 = CARTESIAN_POINT('',(18.01620,59.06016,0.00000));
#9958 = VERTEX_POINT('',#9957);
#9959 = CARTESIAN_POINT('',(18.01620,59.06016,1.50000));
#9960 = VERTEX_POINT('',#9959);
#9961 = CARTESIAN_POINT('',(4.21620,59.06016,1.50000));
#9962 = VERTEX_POINT('',#9961);
#9963 = CARTESIAN_POINT('',(4.21620,59.06016,0.00000));
#9964 = DIRECTION('',(1.000000,0.000000,0.000000));
#9965 = VECTOR('',#9964,13.80000);
#9966 = LINE('',#9963,#9965);
#9967 = EDGE_CURVE('',#9956,#9958,#9966,.T.);
#9968 = CARTESIAN_POINT('',(18.01620,59.06016,0.00000));
#9969 = DIRECTION('',(0.000000,0.000000,1.000000));
#9970 = VECTOR('',#9969,1.50000);
#9971 = LINE('',#9968,#9970);
#9972 = EDGE_CURVE('',#9958,#9960,#9971,.T.);
#9973 = CARTESIAN_POINT('',(18.01620,59.06016,1.50000));
#9974 = DIRECTION('',(-1.000000,-0.000000,0.000000));
#9975 = VECTOR('',#9974,13.80000);
#9976 = LINE('',#9973,#9975);
#9977 = EDGE_CURVE('',#9960,#9962,#9976,.T.);
#9978 = CARTESIAN_POINT('',(4.21620,59.06016,1.50000));
#9979 = DIRECTION('',(0.000000,0.000000,-1.000000));
#9980 = VECTOR('',#9979,1.50000);
#9981 = LINE('',#9978,#9980);
#9982 = EDGE_CURVE('',#9962,#9956,#9981,.T.);
#9983 = ORIENTED_EDGE('',*,*,#9982,.F.);
#9984 = ORIENTED_EDGE('',*,*,#9977,.F.);
#9985 = ORIENTED_EDGE('',*,*,#9972,.F.);
#9986 = ORIENTED_EDGE('',*,*,#9967,.F.);
#9987 = EDGE_LOOP('',(#9983,#9984,#9985,#9986));
#9988 = FACE_OUTER_BOUND('',#9987,.T.);
#9989 = CARTESIAN_POINT('',(4.21620,59.06016,0.00000));
#9990 = DIRECTION('',(-0.000000,1.000000,0.000000));
#9991 = DIRECTION('',(1.000000,0.000000,0.000000));
#9992 = AXIS2_PLACEMENT_3D('',#9989,#9990,#9991);
#9993 = PLANE('',#9992);
#9994 = ADVANCED_FACE('',(#9988),#9993,.T.);
#9995 = CARTESIAN_POINT('',(18.01620,59.06016,0.00000));
#9996 = VERTEX_POINT('',#9995);
#9997 = CARTESIAN_POINT('',(18.01620,45.26016,0.00000));
#9998 = VERTEX_POINT('',#9997);
#9999 = CARTESIAN_POINT('',(18.01620,45.26016,1.50000));
#10000 = VERTEX_POINT('',#9999);
#10001 = CARTESIAN_POINT('',(18.01620,59.06016,1.50000));
#10002 = VERTEX_POINT('',#10001);
#10003 = CARTESIAN_POINT('',(18.01620,59.06016,0.00000));
#10004 = DIRECTION('',(0.000000,-1.000000,0.000000));
#10005 = VECTOR('',#10004,13.80000);
#10006 = LINE('',#10003,#10005);
#10007 = EDGE_CURVE('',#9996,#9998,#10006,.T.);
#10008 = CARTESIAN_POINT('',(18.01620,45.26016,0.00000));
#10009 = DIRECTION('',(0.000000,0.000000,1.000000));
#10010 = VECTOR('',#10009,1.50000);
#10011 = LINE('',#10008,#10010);
#10012 = EDGE_CURVE('',#9998,#10000,#10011,.T.);
#10013 = CARTESIAN_POINT('',(18.01620,45.26016,1.50000));
#10014 = DIRECTION('',(-0.000000,1.000000,0.000000));
#10015 = VECTOR('',#10014,13.80000);
#10016 = LINE('',#10013,#10015);
#10017 = EDGE_CURVE('',#10000,#10002,#10016,.T.);
#10018 = CARTESIAN_POINT('',(18.01620,59.06016,1.50000));
#10019 = DIRECTION('',(0.000000,0.000000,-1.000000));
#10020 = VECTOR('',#10019,1.50000);
#10021 = LINE('',#10018,#10020);
#10022 = EDGE_CURVE('',#10002,#9996,#10021,.T.);
#10023 = ORIENTED_EDGE('',*,*,#10022,.F.);
#10024 = ORIENTED_EDGE('',*,*,#10017,.F.);
#10025 = ORIENTED_EDGE('',*,*,#10012,.F.);
#10026 = ORIENTED_EDGE('',*,*,#10007,.F.);
#10027 = EDGE_LOOP('',(#10023,#10024,#10025,#10026));
#10028 = FACE_OUTER_BOUND('',#10027,.T.);
#10029 = CARTESIAN_POINT('',(18.01620,59.06016,0.00000));
#10030 = DIRECTION('',(1.000000,0.000000,0.000000));
#10031 = DIRECTION('',(0.000000,-1.000000,0.000000));
#10032 = AXIS2_PLACEMENT_3D('',#10029,#10030,#10031);
#10033 = PLANE('',#10032);
#10034 = ADVANCED_FACE('',(#10028),#10033,.T.);
#10035 = CARTESIAN_POINT('',(18.01620,45.26016,0.00000));
#10036 = VERTEX_POINT('',#10035);
#10037 = CARTESIAN_POINT('',(4.21620,45.26016,0.00000));
#10038 = VERTEX_POINT('',#10037);
#10039 = CARTESIAN_POINT('',(4.21620,45.26016,1.50000));
#10040 = VERTEX_POINT('',#10039);
#10041 = CARTESIAN_POINT('',(18.01620,45.26016,1.50000));
#10042 = VERTEX_POINT('',#10041);
#10043 = CARTESIAN_POINT('',(18.01620,45.26016,0.00000));
#10044 = DIRECTION('',(-1.000000,0.000000,0.000000));
#10045 = VECTOR('',#10044,13.80000);
#10046 = LINE('',#10043,#10045);
#10047 = EDGE_CURVE('',#10036,#10038,#10046,.T.);
#10048 = CARTESIAN_POINT('',(4.21620,45.26016,0.00000));
#10049 = DIRECTION('',(0.000000,0.000000,1.000000));
#10050 = VECTOR('',#10049,1.50000);
#10051 = LINE('',#10048,#10050);
#10052 = EDGE_CURVE('',#10038,#10040,#10051,.T.);
#10053 = CARTESIAN_POINT('',(4.21620,45.26016,1.50000));
#10054 = DIRECTION('',(1.000000,-0.000000,0.000000));
#10055 = VECTOR('',#10054,13.80000);
#10056 = LINE('',#10053,#10055);
#10057 = EDGE_CURVE('',#10040,#10042,#10056,.T.);
#10058 = CARTESIAN_POINT('',(18.01620,45.26016,1.50000));
#10059 = DIRECTION('',(0.000000,0.000000,-1.000000));
#10060 = VECTOR('',#10059,1.50000);
#10061 = LINE('',#10058,#10060);
#10062 = EDGE_CURVE('',#10042,#10036,#10061,.T.);
#10063 = ORIENTED_EDGE('',*,*,#10062,.F.);
#10064 = ORIENTED_EDGE('',*,*,#10057,.F.);
#10065 = ORIENTED_EDGE('',*,*,#10052,.F.);
#10066 = ORIENTED_EDGE('',*,*,#10047,.F.);
#10067 = EDGE_LOOP('',(#10063,#10064,#10065,#10066));
#10068 = FACE_OUTER_BOUND('',#10067,.T.);
#10069 = CARTESIAN_POINT('',(18.01620,45.26016,0.00000));
#10070 = DIRECTION('',(-0.000000,-1.000000,0.000000));
#10071 = DIRECTION('',(-1.000000,0.000000,0.000000));
#10072 = AXIS2_PLACEMENT_3D('',#10069,#10070,#10071);
#10073 = PLANE('',#10072);
#10074 = ADVANCED_FACE('',(#10068),#10073,.T.);
#10075 = CARTESIAN_POINT('',(4.21620,45.26016,0.00000));
#10076 = VERTEX_POINT('',#10075);
#10077 = CARTESIAN_POINT('',(4.21620,59.06016,0.00000));
#10078 = VERTEX_POINT('',#10077);
#10079 = CARTESIAN_POINT('',(4.21620,59.06016,1.50000));
#10080 = VERTEX_POINT('',#10079);
#10081 = CARTESIAN_POINT('',(4.21620,45.26016,1.50000));
#10082 = VERTEX_POINT('',#10081);
#10083 = CARTESIAN_POINT('',(4.21620,45.26016,0.00000));
#10084 = DIRECTION('',(0.000000,1.000000,0.000000));
#10085 = VECTOR('',#10084,13.80000);
#10086 = LINE('',#10083,#10085);
#10087 = EDGE_CURVE('',#10076,#10078,#10086,.T.);
#10088 = CARTESIAN_POINT('',(4.21620,59.06016,0.00000));
#10089 = DIRECTION('',(0.000000,0.000000,1.000000));
#10090 = VECTOR('',#10089,1.50000);
#10091 = LINE('',#10088,#10090);
#10092 = EDGE_CURVE('',#10078,#10080,#10091,.T.);
#10093 = CARTESIAN_POINT('',(4.21620,59.06016,1.50000));
#10094 = DIRECTION('',(-0.000000,-1.000000,0.000000));
#10095 = VECTOR('',#10094,13.80000);
#10096 = LINE('',#10093,#10095);
#10097 = EDGE_CURVE('',#10080,#10082,#10096,.T.);
#10098 = CARTESIAN_POINT('',(4.21620,45.26016,1.50000));
#10099 = DIRECTION('',(0.000000,0.000000,-1.000000));
#10100 = VECTOR('',#10099,1.50000);
#10101 = LINE('',#10098,#10100);
#10102 = EDGE_CURVE('',#10082,#10076,#10101,.T.);
#10103 = ORIENTED_EDGE('',*,*,#10102,.F.);
#10104 = ORIENTED_EDGE('',*,*,#10097,.F.);
#10105 = ORIENTED_EDGE('',*,*,#10092,.F.);
#10106 = ORIENTED_EDGE('',*,*,#10087,.F.);
#10107 = EDGE_LOOP('',(#10103,#10104,#10105,#10106));
#10108 = FACE_OUTER_BOUND('',#10107,.T.);
#10109 = CARTESIAN_POINT('',(4.21620,45.26016,0.00000));
#10110 = DIRECTION('',(-1.000000,0.000000,0.000000));
#10111 = DIRECTION('',(0.000000,1.000000,0.000000));
#10112 = AXIS2_PLACEMENT_3D('',#10109,#10110,#10111);
#10113 = PLANE('',#10112);
#10114 = ADVANCED_FACE('',(#10108),#10113,.T.);
#10115 = CARTESIAN_POINT('',(42.56650,37.64156,0.00000));
#10116 = VERTEX_POINT('',#10115);
#10117 = CARTESIAN_POINT('',(56.36650,37.64156,0.00000));
#10118 = VERTEX_POINT('',#10117);
#10119 = CARTESIAN_POINT('',(56.36650,37.64156,1.50000));
#10120 = VERTEX_POINT('',#10119);
#10121 = CARTESIAN_POINT('',(42.56650,37.64156,1.50000));
#10122 = VERTEX_POINT('',#10121);
#10123 = CARTESIAN_POINT('',(42.56650,37.64156,0.00000));
#10124 = DIRECTION('',(1.000000,0.000000,0.000000));
#10125 = VECTOR('',#10124,13.80000);
#10126 = LINE('',#10123,#10125);
#10127 = EDGE_CURVE('',#10116,#10118,#10126,.T.);
#10128 = CARTESIAN_POINT('',(56.36650,37.64156,0.00000));
#10129 = DIRECTION('',(0.000000,0.000000,1.000000));
#10130 = VECTOR('',#10129,1.50000);
#10131 = LINE('',#10128,#10130);
#10132 = EDGE_CURVE('',#10118,#10120,#10131,.T.);
#10133 = CARTESIAN_POINT('',(56.36650,37.64156,1.50000));
#10134 = DIRECTION('',(-1.000000,-0.000000,0.000000));
#10135 = VECTOR('',#10134,13.80000);
#10136 = LINE('',#10133,#10135);
#10137 = EDGE_CURVE('',#10120,#10122,#10136,.T.);
#10138 = CARTESIAN_POINT('',(42.56650,37.64156,1.50000));
#10139 = DIRECTION('',(0.000000,0.000000,-1.000000));
#10140 = VECTOR('',#10139,1.50000);
#10141 = LINE('',#10138,#10140);
#10142 = EDGE_CURVE('',#10122,#10116,#10141,.T.);
#10143 = ORIENTED_EDGE('',*,*,#10142,.F.);
#10144 = ORIENTED_EDGE('',*,*,#10137,.F.);
#10145 = ORIENTED_EDGE('',*,*,#10132,.F.);
#10146 = ORIENTED_EDGE('',*,*,#10127,.F.);
#10147 = EDGE_LOOP('',(#10143,#10144,#10145,#10146));
#10148 = FACE_OUTER_BOUND('',#10147,.T.);
#10149 = CARTESIAN_POINT('',(42.56650,37.64156,0.00000));
#10150 = DIRECTION('',(-0.000000,1.000000,0.000000));
#10151 = DIRECTION('',(1.000000,0.000000,0.000000));
#10152 = AXIS2_PLACEMENT_3D('',#10149,#10150,#10151);
#10153 = PLANE('',#10152);
#10154 = ADVANCED_FACE('',(#10148),#10153,.T.);
#10155 = CARTESIAN_POINT('',(56.36650,37.64156,0.00000));
#10156 = VERTEX_POINT('',#10155);
#10157 = CARTESIAN_POINT('',(56.36650,23.84156,0.00000));
#10158 = VERTEX_POINT('',#10157);
#10159 = CARTESIAN_POINT('',(56.36650,23.84156,1.50000));
#10160 = VERTEX_POINT('',#10159);
#10161 = CARTESIAN_POINT('',(56.36650,37.64156,1.50000));
#10162 = VERTEX_POINT('',#10161);
#10163 = CARTESIAN_POINT('',(56.36650,37.64156,0.00000));
#10164 = DIRECTION('',(0.000000,-1.000000,0.000000));
#10165 = VECTOR('',#10164,13.80000);
#10166 = LINE('',#10163,#10165);
#10167 = EDGE_CURVE('',#10156,#10158,#10166,.T.);
#10168 = CARTESIAN_POINT('',(56.36650,23.84156,0.00000));
#10169 = DIRECTION('',(0.000000,0.000000,1.000000));
#10170 = VECTOR('',#10169,1.50000);
#10171 = LINE('',#10168,#10170);
#10172 = EDGE_CURVE('',#10158,#10160,#10171,.T.);
#10173 = CARTESIAN_POINT('',(56.36650,23.84156,1.50000));
#10174 = DIRECTION('',(-0.000000,1.000000,0.000000));
#10175 = VECTOR('',#10174,13.80000);
#10176 = LINE('',#10173,#10175);
#10177 = EDGE_CURVE('',#10160,#10162,#10176,.T.);
#10178 = CARTESIAN_POINT('',(56.36650,37.64156,1.50000));
#10179 = DIRECTION('',(0.000000,0.000000,-1.000000));
#10180 = VECTOR('',#10179,1.50000);
#10181 = LINE('',#10178,#10180);
#10182 = EDGE_CURVE('',#10162,#10156,#10181,.T.);
#10183 = ORIENTED_EDGE('',*,*,#10182,.F.);
#10184 = ORIENTED_EDGE('',*,*,#10177,.F.);
#10185 = ORIENTED_EDGE('',*,*,#10172,.F.);
#10186 = ORIENTED_EDGE('',*,*,#10167,.F.);
#10187 = EDGE_LOOP('',(#10183,#10184,#10185,#10186));
#10188 = FACE_OUTER_BOUND('',#10187,.T.);
#10189 = CARTESIAN_POINT('',(56.36650,37.64156,0.00000));
#10190 = DIRECTION('',(1.000000,0.000000,0.000000));
#10191 = DIRECTION('',(0.000000,-1.000000,0.000000));
#10192 = AXIS2_PLACEMENT_3D('',#10189,#10190,#10191);
#10193 = PLANE('',#10192);
#10194 = ADVANCED_FACE('',(#10188),#10193,.T.);
#10195 = CARTESIAN_POINT('',(56.36650,23.84156,0.00000));
#10196 = VERTEX_POINT('',#10195);
#10197 = CARTESIAN_POINT('',(42.56650,23.84156,0.00000));
#10198 = VERTEX_POINT('',#10197);
#10199 = CARTESIAN_POINT('',(42.56650,23.84156,1.50000));
#10200 = VERTEX_POINT('',#10199);
#10201 = CARTESIAN_POINT('',(56.36650,23.84156,1.50000));
#10202 = VERTEX_POINT('',#10201);
#10203 = CARTESIAN_POINT('',(56.36650,23.84156,0.00000));
#10204 = DIRECTION('',(-1.000000,0.000000,0.000000));
#10205 = VECTOR('',#10204,13.80000);
#10206 = LINE('',#10203,#10205);
#10207 = EDGE_CURVE('',#10196,#10198,#10206,.T.);
#10208 = CARTESIAN_POINT('',(42.56650,23.84156,0.00000));
#10209 = DIRECTION('',(0.000000,0.000000,1.000000));
#10210 = VECTOR('',#10209,1.50000);
#10211 = LINE('',#10208,#10210);
#10212 = EDGE_CURVE('',#10198,#10200,#10211,.T.);
#10213 = CARTESIAN_POINT('',(42.56650,23.84156,1.50000));
#10214 = DIRECTION('',(1.000000,-0.000000,0.000000));
#10215 = VECTOR('',#10214,13.80000);
#10216 = LINE('',#10213,#10215);
#10217 = EDGE_CURVE('',#10200,#10202,#10216,.T.);
#10218 = CARTESIAN_POINT('',(56.36650,23.84156,1.50000));
#10219 = DIRECTION('',(0.000000,0.000000,-1.000000));
#10220 = VECTOR('',#10219,1.50000);
#10221 = LINE('',#10218,#10220);
#10222 = EDGE_CURVE('',#10202,#10196,#10221,.T.);
#10223 = ORIENTED_EDGE('',*,*,#10222,.F.);
#10224 = ORIENTED_EDGE('',*,*,#10217,.F.);
#10225 = ORIENTED_EDGE('',*,*,#10212,.F.);
#10226 = ORIENTED_EDGE('',*,*,#10207,.F.);
#10227 = EDGE_LOOP('',(#10223,#10224,#10225,#10226));
#10228 = FACE_OUTER_BOUND('',#10227,.T.);
#10229 = CARTESIAN_POINT('',(56.36650,23.84156,0.00000));
#10230 = DIRECTION('',(-0.000000,-1.000000,0.000000));
#10231 = DIRECTION('',(-1.000000,0.000000,0.000000));
#10232 = AXIS2_PLACEMENT_3D('',#10229,#10230,#10231);
#10233 = PLANE('',#10232);
#10234 = ADVANCED_FACE('',(#10228),#10233,.T.);
#10235 = CARTESIAN_POINT('',(42.56650,23.84156,0.00000));
#10236 = VERTEX_POINT('',#10235);
#10237 = CARTESIAN_POINT('',(42.56650,37.64156,0.00000));
#10238 = VERTEX_POINT('',#10237);
#10239 = CARTESIAN_POINT('',(42.56650,37.64156,1.50000));
#10240 = VERTEX_POINT('',#10239);
#10241 = CARTESIAN_POINT('',(42.56650,23.84156,1.50000));
#10242 = VERTEX_POINT('',#10241);
#10243 = CARTESIAN_POINT('',(42.56650,23.84156,0.00000));
#10244 = DIRECTION('',(0.000000,1.000000,0.000000));
#10245 = VECTOR('',#10244,13.80000);
#10246 = LINE('',#10243,#10245);
#10247 = EDGE_CURVE('',#10236,#10238,#10246,.T.);
#10248 = CARTESIAN_POINT('',(42.56650,37.64156,0.00000));
#10249 = DIRECTION('',(0.000000,0.000000,1.000000));
#10250 = VECTOR('',#10249,1.50000);
#10251 = LINE('',#10248,#10250);
#10252 = EDGE_CURVE('',#10238,#10240,#10251,.T.);
#10253 = CARTESIAN_POINT('',(42.56650,37.64156,1.50000));
#10254 = DIRECTION('',(-0.000000,-1.000000,0.000000));
#10255 = VECTOR('',#10254,13.80000);
#10256 = LINE('',#10253,#10255);
#10257 = EDGE_CURVE('',#10240,#10242,#10256,.T.);
#10258 = CARTESIAN_POINT('',(42.56650,23.84156,1.50000));
#10259 = DIRECTION('',(0.000000,0.000000,-1.000000));
#10260 = VECTOR('',#10259,1.50000);
#10261 = LINE('',#10258,#10260);
#10262 = EDGE_CURVE('',#10242,#10236,#10261,.T.);
#10263 = ORIENTED_EDGE('',*,*,#10262,.F.);
#10264 = ORIENTED_EDGE('',*,*,#10257,.F.);
#10265 = ORIENTED_EDGE('',*,*,#10252,.F.);
#10266 = ORIENTED_EDGE('',*,*,#10247,.F.);
#10267 = EDGE_LOOP('',(#10263,#10264,#10265,#10266));
#10268 = FACE_OUTER_BOUND('',#10267,.T.);
#10269 = CARTESIAN_POINT('',(42.56650,23.84156,0.00000));
#10270 = DIRECTION('',(-1.000000,0.000000,0.000000));
#10271 = DIRECTION('',(0.000000,1.000000,0.000000));
#10272 = AXIS2_PLACEMENT_3D('',#10269,#10270,#10271);
#10273 = PLANE('',#10272);
#10274 = ADVANCED_FACE('',(#10268),#10273,.T.);
#10275 = CARTESIAN_POINT('',(61.81350,34.81416,0.00000));
#10276 = VERTEX_POINT('',#10275);
#10277 = CARTESIAN_POINT('',(75.61350,34.81416,0.00000));
#10278 = VERTEX_POINT('',#10277);
#10279 = CARTESIAN_POINT('',(75.61350,34.81416,1.50000));
#10280 = VERTEX_POINT('',#10279);
#10281 = CARTESIAN_POINT('',(61.81350,34.81416,1.50000));
#10282 = VERTEX_POINT('',#10281);
#10283 = CARTESIAN_POINT('',(61.81350,34.81416,0.00000));
#10284 = DIRECTION('',(1.000000,0.000000,0.000000));
#10285 = VECTOR('',#10284,13.80000);
#10286 = LINE('',#10283,#10285);
#10287 = EDGE_CURVE('',#10276,#10278,#10286,.T.);
#10288 = CARTESIAN_POINT('',(75.61350,34.81416,0.00000));
#10289 = DIRECTION('',(0.000000,0.000000,1.000000));
#10290 = VECTOR('',#10289,1.50000);
#10291 = LINE('',#10288,#10290);
#10292 = EDGE_CURVE('',#10278,#10280,#10291,.T.);
#10293 = CARTESIAN_POINT('',(75.61350,34.81416,1.50000));
#10294 = DIRECTION('',(-1.000000,-0.000000,0.000000));
#10295 = VECTOR('',#10294,13.80000);
#10296 = LINE('',#10293,#10295);
#10297 = EDGE_CURVE('',#10280,#10282,#10296,.T.);
#10298 = CARTESIAN_POINT('',(61.81350,34.81416,1.50000));
#10299 = DIRECTION('',(0.000000,0.000000,-1.000000));
#10300 = VECTOR('',#10299,1.50000);
#10301 = LINE('',#10298,#10300);
#10302 = EDGE_CURVE('',#10282,#10276,#10301,.T.);
#10303 = ORIENTED_EDGE('',*,*,#10302,.F.);
#10304 = ORIENTED_EDGE('',*,*,#10297,.F.);
#10305 = ORIENTED_EDGE('',*,*,#10292,.F.);
#10306 = ORIENTED_EDGE('',*,*,#10287,.F.);
#10307 = EDGE_LOOP('',(#10303,#10304,#10305,#10306));
#10308 = FACE_OUTER_BOUND('',#10307,.T.);
#10309 = CARTESIAN_POINT('',(61.81350,34.81416,0.00000));
#10310 = DIRECTION('',(-0.000000,1.000000,0.000000));
#10311 = DIRECTION('',(1.000000,0.000000,0.000000));
#10312 = AXIS2_PLACEMENT_3D('',#10309,#10310,#10311);
#10313 = PLANE('',#10312);
#10314 = ADVANCED_FACE('',(#10308),#10313,.T.);
#10315 = CARTESIAN_POINT('',(75.61350,34.81416,0.00000));
#10316 = VERTEX_POINT('',#10315);
#10317 = CARTESIAN_POINT('',(75.61350,21.01416,0.00000));
#10318 = VERTEX_POINT('',#10317);
#10319 = CARTESIAN_POINT('',(75.61350,21.01416,1.50000));
#10320 = VERTEX_POINT('',#10319);
#10321 = CARTESIAN_POINT('',(75.61350,34.81416,1.50000));
#10322 = VERTEX_POINT('',#10321);
#10323 = CARTESIAN_POINT('',(75.61350,34.81416,0.00000));
#10324 = DIRECTION('',(0.000000,-1.000000,0.000000));
#10325 = VECTOR('',#10324,13.80000);
#10326 = LINE('',#10323,#10325);
#10327 = EDGE_CURVE('',#10316,#10318,#10326,.T.);
#10328 = CARTESIAN_POINT('',(75.61350,21.01416,0.00000));
#10329 = DIRECTION('',(0.000000,0.000000,1.000000));
#10330 = VECTOR('',#10329,1.50000);
#10331 = LINE('',#10328,#10330);
#10332 = EDGE_CURVE('',#10318,#10320,#10331,.T.);
#10333 = CARTESIAN_POINT('',(75.61350,21.01416,1.50000));
#10334 = DIRECTION('',(-0.000000,1.000000,0.000000));
#10335 = VECTOR('',#10334,13.80000);
#10336 = LINE('',#10333,#10335);
#10337 = EDGE_CURVE('',#10320,#10322,#10336,.T.);
#10338 = CARTESIAN_POINT('',(75.61350,34.81416,1.50000));
#10339 = DIRECTION('',(0.000000,0.000000,-1.000000));
#10340 = VECTOR('',#10339,1.50000);
#10341 = LINE('',#10338,#10340);
#10342 = EDGE_CURVE('',#10322,#10316,#10341,.T.);
#10343 = ORIENTED_EDGE('',*,*,#10342,.F.);
#10344 = ORIENTED_EDGE('',*,*,#10337,.F.);
#10345 = ORIENTED_EDGE('',*,*,#10332,.F.);
#10346 = ORIENTED_EDGE('',*,*,#10327,.F.);
#10347 = EDGE_LOOP('',(#10343,#10344,#10345,#10346));
#10348 = FACE_OUTER_BOUND('',#10347,.T.);
#10349 = CARTESIAN_POINT('',(75.61350,34.81416,0.00000));
#10350 = DIRECTION('',(1.000000,0.000000,0.000000));
#10351 = DIRECTION('',(0.000000,-1.000000,0.000000));
#10352 = AXIS2_PLACEMENT_3D('',#10349,#10350,#10351);
#10353 = PLANE('',#10352);
#10354 = ADVANCED_FACE('',(#10348),#10353,.T.);
#10355 = CARTESIAN_POINT('',(75.61350,21.01416,0.00000));
#10356 = VERTEX_POINT('',#10355);
#10357 = CARTESIAN_POINT('',(61.81350,21.01416,0.00000));
#10358 = VERTEX_POINT('',#10357);
#10359 = CARTESIAN_POINT('',(61.81350,21.01416,1.50000));
#10360 = VERTEX_POINT('',#10359);
#10361 = CARTESIAN_POINT('',(75.61350,21.01416,1.50000));
#10362 = VERTEX_POINT('',#10361);
#10363 = CARTESIAN_POINT('',(75.61350,21.01416,0.00000));
#10364 = DIRECTION('',(-1.000000,0.000000,0.000000));
#10365 = VECTOR('',#10364,13.80000);
#10366 = LINE('',#10363,#10365);
#10367 = EDGE_CURVE('',#10356,#10358,#10366,.T.);
#10368 = CARTESIAN_POINT('',(61.81350,21.01416,0.00000));
#10369 = DIRECTION('',(0.000000,0.000000,1.000000));
#10370 = VECTOR('',#10369,1.50000);
#10371 = LINE('',#10368,#10370);
#10372 = EDGE_CURVE('',#10358,#10360,#10371,.T.);
#10373 = CARTESIAN_POINT('',(61.81350,21.01416,1.50000));
#10374 = DIRECTION('',(1.000000,-0.000000,0.000000));
#10375 = VECTOR('',#10374,13.80000);
#10376 = LINE('',#10373,#10375);
#10377 = EDGE_CURVE('',#10360,#10362,#10376,.T.);
#10378 = CARTESIAN_POINT('',(75.61350,21.01416,1.50000));
#10379 = DIRECTION('',(0.000000,0.000000,-1.000000));
#10380 = VECTOR('',#10379,1.50000);
#10381 = LINE('',#10378,#10380);
#10382 = EDGE_CURVE('',#10362,#10356,#10381,.T.);
#10383 = ORIENTED_EDGE('',*,*,#10382,.F.);
#10384 = ORIENTED_EDGE('',*,*,#10377,.F.);
#10385 = ORIENTED_EDGE('',*,*,#10372,.F.);
#10386 = ORIENTED_EDGE('',*,*,#10367,.F.);
#10387 = EDGE_LOOP('',(#10383,#10384,#10385,#10386));
#10388 = FACE_OUTER_BOUND('',#10387,.T.);
#10389 = CARTESIAN_POINT('',(75.61350,21.01416,0.00000));
#10390 = DIRECTION('',(-0.000000,-1.000000,0.000000));
#10391 = DIRECTION('',(-1.000000,0.000000,0.000000));
#10392 = AXIS2_PLACEMENT_3D('',#10389,#10390,#10391);
#10393 = PLANE('',#10392);
#10394 = ADVANCED_FACE('',(#10388),#10393,.T.);
#10395 = CARTESIAN_POINT('',(61.81350,21.01416,0.00000));
#10396 = VERTEX_POINT('',#10395);
#10397 = CARTESIAN_POINT('',(61.81350,34.81416,0.00000));
#10398 = VERTEX_POINT('',#10397);
#10399 = CARTESIAN_POINT('',(61.81350,34.81416,1.50000));
#10400 = VERTEX_POINT('',#10399);
#10401 = CARTESIAN_POINT('',(61.81350,21.01416,1.50000));
#10402 = VERTEX_POINT('',#10401);
#10403 = CARTESIAN_POINT('',(61.81350,21.01416,0.00000));
#10404 = DIRECTION('',(0.000000,1.000000,0.000000));
#10405 = VECTOR('',#10404,13.80000);
#10406 = LINE('',#10403,#10405);
#10407 = EDGE_CURVE('',#10396,#10398,#10406,.T.);
#10408 = CARTESIAN_POINT('',(61.81350,34.81416,0.00000));
#10409 = DIRECTION('',(0.000000,0.000000,1.000000));
#10410 = VECTOR('',#10409,1.50000);
#10411 = LINE('',#10408,#10410);
#10412 = EDGE_CURVE('',#10398,#10400,#10411,.T.);
#10413 = CARTESIAN_POINT('',(61.81350,34.81416,1.50000));
#10414 = DIRECTION('',(-0.000000,-1.000000,0.000000));
#10415 = VECTOR('',#10414,13.80000);
#10416 = LINE('',#10413,#10415);
#10417 = EDGE_CURVE('',#10400,#10402,#10416,.T.);
#10418 = CARTESIAN_POINT('',(61.81350,21.01416,1.50000));
#10419 = DIRECTION('',(0.000000,0.000000,-1.000000));
#10420 = VECTOR('',#10419,1.50000);
#10421 = LINE('',#10418,#10420);
#10422 = EDGE_CURVE('',#10402,#10396,#10421,.T.);
#10423 = ORIENTED_EDGE('',*,*,#10422,.F.);
#10424 = ORIENTED_EDGE('',*,*,#10417,.F.);
#10425 = ORIENTED_EDGE('',*,*,#10412,.F.);
#10426 = ORIENTED_EDGE('',*,*,#10407,.F.);
#10427 = EDGE_LOOP('',(#10423,#10424,#10425,#10426));
#10428 = FACE_OUTER_BOUND('',#10427,.T.);
#10429 = CARTESIAN_POINT('',(61.81350,21.01416,0.00000));
#10430 = DIRECTION('',(-1.000000,0.000000,0.000000));
#10431 = DIRECTION('',(0.000000,1.000000,0.000000));
#10432 = AXIS2_PLACEMENT_3D('',#10429,#10430,#10431);
#10433 = PLANE('',#10432);
#10434 = ADVANCED_FACE('',(#10428),#10433,.T.);
#10435 = CARTESIAN_POINT('',(94.05104,78.38010,0.00000));
#10436 = VERTEX_POINT('',#10435);
#10437 = CARTESIAN_POINT('',(107.71674,76.45952,0.00000));
#10438 = VERTEX_POINT('',#10437);
#10439 = CARTESIAN_POINT('',(107.71674,76.45952,1.50000));
#10440 = VERTEX_POINT('',#10439);
#10441 = CARTESIAN_POINT('',(94.05104,78.38010,1.50000));
#10442 = VERTEX_POINT('',#10441);
#10443 = CARTESIAN_POINT('',(94.05104,78.38010,0.00000));
#10444 = DIRECTION('',(0.990268,-0.139173,0.000000));
#10445 = VECTOR('',#10444,13.80000);
#10446 = LINE('',#10443,#10445);
#10447 = EDGE_CURVE('',#10436,#10438,#10446,.T.);
#10448 = CARTESIAN_POINT('',(107.71674,76.45952,0.00000));
#10449 = DIRECTION('',(0.000000,0.000000,1.000000));
#10450 = VECTOR('',#10449,1.50000);
#10451 = LINE('',#10448,#10450);
#10452 = EDGE_CURVE('',#10438,#10440,#10451,.T.);
#10453 = CARTESIAN_POINT('',(107.71674,76.45952,1.50000));
#10454 = DIRECTION('',(-0.990268,0.139173,0.000000));
#10455 = VECTOR('',#10454,13.80000);
#10456 = LINE('',#10453,#10455);
#10457 = EDGE_CURVE('',#10440,#10442,#10456,.T.);
#10458 = CARTESIAN_POINT('',(94.05104,78.38010,1.50000));
#10459 = DIRECTION('',(0.000000,0.000000,-1.000000));
#10460 = VECTOR('',#10459,1.50000);
#10461 = LINE('',#10458,#10460);
#10462 = EDGE_CURVE('',#10442,#10436,#10461,.T.);
#10463 = ORIENTED_EDGE('',*,*,#10462,.F.);
#10464 = ORIENTED_EDGE('',*,*,#10457,.F.);
#10465 = ORIENTED_EDGE('',*,*,#10452,.F.);
#10466 = ORIENTED_EDGE('',*,*,#10447,.F.);
#10467 = EDGE_LOOP('',(#10463,#10464,#10465,#10466));
#10468 = FACE_OUTER_BOUND('',#10467,.T.);
#10469 = CARTESIAN_POINT('',(94.05104,78.38010,0.00000));
#10470 = DIRECTION('',(0.139173,0.990268,0.000000));
#10471 = DIRECTION('',(0.990268,-0.139173,0.000000));
#10472 = AXIS2_PLACEMENT_3D('',#10469,#10470,#10471);
#10473 = PLANE('',#10472);
#10474 = ADVANCED_FACE('',(#10468),#10473,.T.);
#10475 = CARTESIAN_POINT('',(107.71674,76.45952,0.00000));
#10476 = VERTEX_POINT('',#10475);
#10477 = CARTESIAN_POINT('',(105.79616,62.79382,0.00000));
#10478 = VERTEX_POINT('',#10477);
#10479 = CARTESIAN_POINT('',(105.79616,62.79382,1.50000));
#10480 = VERTEX_POINT('',#10479);
#10481 = CARTESIAN_POINT('',(107.71674,76.45952,1.50000));
#10482 = VERTEX_POINT('',#10481);
#10483 = CARTESIAN_POINT('',(107.71674,76.45952,0.00000));
#10484 = DIRECTION('',(-0.139173,-0.990268,0.000000));
#10485 = VECTOR('',#10484,13.80000);
#10486 = LINE('',#10483,#10485);
#10487 = EDGE_CURVE('',#10476,#10478,#10486,.T.);
#10488 = CARTESIAN_POINT('',(105.79616,62.79382,0.00000));
#10489 = DIRECTION('',(0.000000,0.000000,1.000000));
#10490 = VECTOR('',#10489,1.50000);
#10491 = LINE('',#10488,#10490);
#10492 = EDGE_CURVE('',#10478,#10480,#10491,.T.);
#10493 = CARTESIAN_POINT('',(105.79616,62.79382,1.50000));
#10494 = DIRECTION('',(0.139173,0.990268,0.000000));
#10495 = VECTOR('',#10494,13.80000);
#10496 = LINE('',#10493,#10495);
#10497 = EDGE_CURVE('',#10480,#10482,#10496,.T.);
#10498 = CARTESIAN_POINT('',(107.71674,76.45952,1.50000));
#10499 = DIRECTION('',(0.000000,0.000000,-1.000000));
#10500 = VECTOR('',#10499,1.50000);
#10501 = LINE('',#10498,#10500);
#10502 = EDGE_CURVE('',#10482,#10476,#10501,.T.);
#10503 = ORIENTED_EDGE('',*,*,#10502,.F.);
#10504 = ORIENTED_EDGE('',*,*,#10497,.F.);
#10505 = ORIENTED_EDGE('',*,*,#10492,.F.);
#10506 = ORIENTED_EDGE('',*,*,#10487,.F.);
#10507 = EDGE_LOOP('',(#10503,#10504,#10505,#10506));
#10508 = FACE_OUTER_BOUND('',#10507,.T.);
#10509 = CARTESIAN_POINT('',(107.71674,76.45952,0.00000));
#10510 = DIRECTION('',(0.990268,-0.139173,0.000000));
#10511 = DIRECTION('',(-0.139173,-0.990268,0.000000));
#10512 = AXIS2_PLACEMENT_3D('',#10509,#10510,#10511);
#10513 = PLANE('',#10512);
#10514 = ADVANCED_FACE('',(#10508),#10513,.T.);
#10515 = CARTESIAN_POINT('',(105.79616,62.79382,0.00000));
#10516 = VERTEX_POINT('',#10515);
#10517 = CARTESIAN_POINT('',(92.13046,64.71440,0.00000));
#10518 = VERTEX_POINT('',#10517);
#10519 = CARTESIAN_POINT('',(92.13046,64.71440,1.50000));
#10520 = VERTEX_POINT('',#10519);
#10521 = CARTESIAN_POINT('',(105.79616,62.79382,1.50000));
#10522 = VERTEX_POINT('',#10521);
#10523 = CARTESIAN_POINT('',(105.79616,62.79382,0.00000));
#10524 = DIRECTION('',(-0.990268,0.139173,0.000000));
#10525 = VECTOR('',#10524,13.80000);
#10526 = LINE('',#10523,#10525);
#10527 = EDGE_CURVE('',#10516,#10518,#10526,.T.);
#10528 = CARTESIAN_POINT('',(92.13046,64.71440,0.00000));
#10529 = DIRECTION('',(0.000000,0.000000,1.000000));
#10530 = VECTOR('',#10529,1.50000);
#10531 = LINE('',#10528,#10530);
#10532 = EDGE_CURVE('',#10518,#10520,#10531,.T.);
#10533 = CARTESIAN_POINT('',(92.13046,64.71440,1.50000));
#10534 = DIRECTION('',(0.990268,-0.139173,0.000000));
#10535 = VECTOR('',#10534,13.80000);
#10536 = LINE('',#10533,#10535);
#10537 = EDGE_CURVE('',#10520,#10522,#10536,.T.);
#10538 = CARTESIAN_POINT('',(105.79616,62.79382,1.50000));
#10539 = DIRECTION('',(0.000000,0.000000,-1.000000));
#10540 = VECTOR('',#10539,1.50000);
#10541 = LINE('',#10538,#10540);
#10542 = EDGE_CURVE('',#10522,#10516,#10541,.T.);
#10543 = ORIENTED_EDGE('',*,*,#10542,.F.);
#10544 = ORIENTED_EDGE('',*,*,#10537,.F.);
#10545 = ORIENTED_EDGE('',*,*,#10532,.F.);
#10546 = ORIENTED_EDGE('',*,*,#10527,.F.);
#10547 = EDGE_LOOP('',(#10543,#10544,#10545,#10546));
#10548 = FACE_OUTER_BOUND('',#10547,.T.);
#10549 = CARTESIAN_POINT('',(105.79616,62.79382,0.00000));
#10550 = DIRECTION('',(-0.139173,-0.990268,0.000000));
#10551 = DIRECTION('',(-0.990268,0.139173,0.000000));
#10552 = AXIS2_PLACEMENT_3D('',#10549,#10550,#10551);
#10553 = PLANE('',#10552);
#10554 = ADVANCED_FACE('',(#10548),#10553,.T.);
#10555 = CARTESIAN_POINT('',(92.13046,64.71440,0.00000));
#10556 = VERTEX_POINT('',#10555);
#10557 = CARTESIAN_POINT('',(94.05104,78.38010,0.00000));
#10558 = VERTEX_POINT('',#10557);
#10559 = CARTESIAN_POINT('',(94.05104,78.38010,1.50000));
#10560 = VERTEX_POINT('',#10559);
#10561 = CARTESIAN_POINT('',(92.13046,64.71440,1.50000));
#10562 = VERTEX_POINT('',#10561);
#10563 = CARTESIAN_POINT('',(92.13046,64.71440,0.00000));
#10564 = DIRECTION('',(0.139173,0.990268,0.000000));
#10565 = VECTOR('',#10564,13.80000);
#10566 = LINE('',#10563,#10565);
#10567 = EDGE_CURVE('',#10556,#10558,#10566,.T.);
#10568 = CARTESIAN_POINT('',(94.05104,78.38010,0.00000));
#10569 = DIRECTION('',(0.000000,0.000000,1.000000));
#10570 = VECTOR('',#10569,1.50000);
#10571 = LINE('',#10568,#10570);
#10572 = EDGE_CURVE('',#10558,#10560,#10571,.T.);
#10573 = CARTESIAN_POINT('',(94.05104,78.38010,1.50000));
#10574 = DIRECTION('',(-0.139173,-0.990268,0.000000));
#10575 = VECTOR('',#10574,13.80000);
#10576 = LINE('',#10573,#10575);
#10577 = EDGE_CURVE('',#10560,#10562,#10576,.T.);
#10578 = CARTESIAN_POINT('',(92.13046,64.71440,1.50000));
#10579 = DIRECTION('',(0.000000,0.000000,-1.000000));
#10580 = VECTOR('',#10579,1.50000);
#10581 = LINE('',#10578,#10580);
#10582 = EDGE_CURVE('',#10562,#10556,#10581,.T.);
#10583 = ORIENTED_EDGE('',*,*,#10582,.F.);
#10584 = ORIENTED_EDGE('',*,*,#10577,.F.);
#10585 = ORIENTED_EDGE('',*,*,#10572,.F.);
#10586 = ORIENTED_EDGE('',*,*,#10567,.F.);
#10587 = EDGE_LOOP('',(#10583,#10584,#10585,#10586));
#10588 = FACE_OUTER_BOUND('',#10587,.T.);
#10589 = CARTESIAN_POINT('',(92.13046,64.71440,0.00000));
#10590 = DIRECTION('',(-0.990268,0.139173,0.000000));
#10591 = DIRECTION('',(0.139173,0.990268,0.000000));
#10592 = AXIS2_PLACEMENT_3D('',#10589,#10590,#10591);
#10593 = PLANE('',#10592);
#10594 = ADVANCED_FACE('',(#10588),#10593,.T.);
#10595 = CARTESIAN_POINT('',(72.71857,75.85742,0.00000));
#10596 = VERTEX_POINT('',#10595);
#10597 = CARTESIAN_POINT('',(86.49966,75.13519,0.00000));
#10598 = VERTEX_POINT('',#10597);
#10599 = CARTESIAN_POINT('',(86.49966,75.13519,1.50000));
#10600 = VERTEX_POINT('',#10599);
#10601 = CARTESIAN_POINT('',(72.71857,75.85742,1.50000));
#10602 = VERTEX_POINT('',#10601);
#10603 = CARTESIAN_POINT('',(72.71857,75.85742,0.00000));
#10604 = DIRECTION('',(0.998630,-0.052336,0.000000));
#10605 = VECTOR('',#10604,13.80000);
#10606 = LINE('',#10603,#10605);
#10607 = EDGE_CURVE('',#10596,#10598,#10606,.T.);
#10608 = CARTESIAN_POINT('',(86.49966,75.13519,0.00000));
#10609 = DIRECTION('',(0.000000,0.000000,1.000000));
#10610 = VECTOR('',#10609,1.50000);
#10611 = LINE('',#10608,#10610);
#10612 = EDGE_CURVE('',#10598,#10600,#10611,.T.);
#10613 = CARTESIAN_POINT('',(86.49966,75.13519,1.50000));
#10614 = DIRECTION('',(-0.998630,0.052336,0.000000));
#10615 = VECTOR('',#10614,13.80000);
#10616 = LINE('',#10613,#10615);
#10617 = EDGE_CURVE('',#10600,#10602,#10616,.T.);
#10618 = CARTESIAN_POINT('',(72.71857,75.85742,1.50000));
#10619 = DIRECTION('',(0.000000,0.000000,-1.000000));
#10620 = VECTOR('',#10619,1.50000);
#10621 = LINE('',#10618,#10620);
#10622 = EDGE_CURVE('',#10602,#10596,#10621,.T.);
#10623 = ORIENTED_EDGE('',*,*,#10622,.F.);
#10624 = ORIENTED_EDGE('',*,*,#10617,.F.);
#10625 = ORIENTED_EDGE('',*,*,#10612,.F.);
#10626 = ORIENTED_EDGE('',*,*,#10607,.F.);
#10627 = EDGE_LOOP('',(#10623,#10624,#10625,#10626));
#10628 = FACE_OUTER_BOUND('',#10627,.T.);
#10629 = CARTESIAN_POINT('',(72.71857,75.85742,0.00000));
#10630 = DIRECTION('',(0.052336,0.998630,0.000000));
#10631 = DIRECTION('',(0.998630,-0.052336,0.000000));
#10632 = AXIS2_PLACEMENT_3D('',#10629,#10630,#10631);
#10633 = PLANE('',#10632);
#10634 = ADVANCED_FACE('',(#10628),#10633,.T.);
#10635 = CARTESIAN_POINT('',(86.49966,75.13519,0.00000));
#10636 = VERTEX_POINT('',#10635);
#10637 = CARTESIAN_POINT('',(85.77743,61.35410,0.00000));
#10638 = VERTEX_POINT('',#10637);
#10639 = CARTESIAN_POINT('',(85.77743,61.35410,1.50000));
#10640 = VERTEX_POINT('',#10639);
#10641 = CARTESIAN_POINT('',(86.49966,75.13519,1.50000));
#10642 = VERTEX_POINT('',#10641);
#10643 = CARTESIAN_POINT('',(86.49966,75.13519,0.00000));
#10644 = DIRECTION('',(-0.052336,-0.998630,0.000000));
#10645 = VECTOR('',#10644,13.80000);
#10646 = LINE('',#10643,#10645);
#10647 = EDGE_CURVE('',#10636,#10638,#10646,.T.);
#10648 = CARTESIAN_POINT('',(85.77743,61.35410,0.00000));
#10649 = DIRECTION('',(0.000000,0.000000,1.000000));
#10650 = VECTOR('',#10649,1.50000);
#10651 = LINE('',#10648,#10650);
#10652 = EDGE_CURVE('',#10638,#10640,#10651,.T.);
#10653 = CARTESIAN_POINT('',(85.77743,61.35410,1.50000));
#10654 = DIRECTION('',(0.052336,0.998630,0.000000));
#10655 = VECTOR('',#10654,13.80000);
#10656 = LINE('',#10653,#10655);
#10657 = EDGE_CURVE('',#10640,#10642,#10656,.T.);
#10658 = CARTESIAN_POINT('',(86.49966,75.13519,1.50000));
#10659 = DIRECTION('',(0.000000,0.000000,-1.000000));
#10660 = VECTOR('',#10659,1.50000);
#10661 = LINE('',#10658,#10660);
#10662 = EDGE_CURVE('',#10642,#10636,#10661,.T.);
#10663 = ORIENTED_EDGE('',*,*,#10662,.F.);
#10664 = ORIENTED_EDGE('',*,*,#10657,.F.);
#10665 = ORIENTED_EDGE('',*,*,#10652,.F.);
#10666 = ORIENTED_EDGE('',*,*,#10647,.F.);
#10667 = EDGE_LOOP('',(#10663,#10664,#10665,#10666));
#10668 = FACE_OUTER_BOUND('',#10667,.T.);
#10669 = CARTESIAN_POINT('',(86.49966,75.13519,0.00000));
#10670 = DIRECTION('',(0.998630,-0.052336,0.000000));
#10671 = DIRECTION('',(-0.052336,-0.998630,0.000000));
#10672 = AXIS2_PLACEMENT_3D('',#10669,#10670,#10671);
#10673 = PLANE('',#10672);
#10674 = ADVANCED_FACE('',(#10668),#10673,.T.);
#10675 = CARTESIAN_POINT('',(85.77743,61.35410,0.00000));
#10676 = VERTEX_POINT('',#10675);
#10677 = CARTESIAN_POINT('',(71.99634,62.07633,0.00000));
#10678 = VERTEX_POINT('',#10677);
#10679 = CARTESIAN_POINT('',(71.99634,62.07633,1.50000));
#10680 = VERTEX_POINT('',#10679);
#10681 = CARTESIAN_POINT('',(85.77743,61.35410,1.50000));
#10682 = VERTEX_POINT('',#10681);
#10683 = CARTESIAN_POINT('',(85.77743,61.35410,0.00000));
#10684 = DIRECTION('',(-0.998630,0.052336,0.000000));
#10685 = VECTOR('',#10684,13.80000);
#10686 = LINE('',#10683,#10685);
#10687 = EDGE_CURVE('',#10676,#10678,#10686,.T.);
#10688 = CARTESIAN_POINT('',(71.99634,62.07633,0.00000));
#10689 = DIRECTION('',(0.000000,0.000000,1.000000));
#10690 = VECTOR('',#10689,1.50000);
#10691 = LINE('',#10688,#10690);
#10692 = EDGE_CURVE('',#10678,#10680,#10691,.T.);
#10693 = CARTESIAN_POINT('',(71.99634,62.07633,1.50000));
#10694 = DIRECTION('',(0.998630,-0.052336,0.000000));
#10695 = VECTOR('',#10694,13.80000);
#10696 = LINE('',#10693,#10695);
#10697 = EDGE_CURVE('',#10680,#10682,#10696,.T.);
#10698 = CARTESIAN_POINT('',(85.77743,61.35410,1.50000));
#10699 = DIRECTION('',(0.000000,0.000000,-1.000000));
#10700 = VECTOR('',#10699,1.50000);
#10701 = LINE('',#10698,#10700);
#10702 = EDGE_CURVE('',#10682,#10676,#10701,.T.);
#10703 = ORIENTED_EDGE('',*,*,#10702,.F.);
#10704 = ORIENTED_EDGE('',*,*,#10697,.F.);
#10705 = ORIENTED_EDGE('',*,*,#10692,.F.);
#10706 = ORIENTED_EDGE('',*,*,#10687,.F.);
#10707 = EDGE_LOOP('',(#10703,#10704,#10705,#10706));
#10708 = FACE_OUTER_BOUND('',#10707,.T.);
#10709 = CARTESIAN_POINT('',(85.77743,61.35410,0.00000));
#10710 = DIRECTION('',(-0.052336,-0.998630,0.000000));
#10711 = DIRECTION('',(-0.998630,0.052336,0.000000));
#10712 = AXIS2_PLACEMENT_3D('',#10709,#10710,#10711);
#10713 = PLANE('',#10712);
#10714 = ADVANCED_FACE('',(#10708),#10713,.T.);
#10715 = CARTESIAN_POINT('',(71.99634,62.07633,0.00000));
#10716 = VERTEX_POINT('',#10715);
#10717 = CARTESIAN_POINT('',(72.71857,75.85742,0.00000));
#10718 = VERTEX_POINT('',#10717);
#10719 = CARTESIAN_POINT('',(72.71857,75.85742,1.50000));
#10720 = VERTEX_POINT('',#10719);
#10721 = CARTESIAN_POINT('',(71.99634,62.07633,1.50000));
#10722 = VERTEX_POINT('',#10721);
#10723 = CARTESIAN_POINT('',(71.99634,62.07633,0.00000));
#10724 = DIRECTION('',(0.052336,0.998630,0.000000));
#10725 = VECTOR('',#10724,13.80000);
#10726 = LINE('',#10723,#10725);
#10727 = EDGE_CURVE('',#10716,#10718,#10726,.T.);
#10728 = CARTESIAN_POINT('',(72.71857,75.85742,0.00000));
#10729 = DIRECTION('',(0.000000,0.000000,1.000000));
#10730 = VECTOR('',#10729,1.50000);
#10731 = LINE('',#10728,#10730);
#10732 = EDGE_CURVE('',#10718,#10720,#10731,.T.);
#10733 = CARTESIAN_POINT('',(72.71857,75.85742,1.50000));
#10734 = DIRECTION('',(-0.052336,-0.998630,0.000000));
#10735 = VECTOR('',#10734,13.80000);
#10736 = LINE('',#10733,#10735);
#10737 = EDGE_CURVE('',#10720,#10722,#10736,.T.);
#10738 = CARTESIAN_POINT('',(71.99634,62.07633,1.50000));
#10739 = DIRECTION('',(0.000000,0.000000,-1.000000));
#10740 = VECTOR('',#10739,1.50000);
#10741 = LINE('',#10738,#10740);
#10742 = EDGE_CURVE('',#10722,#10716,#10741,.T.);
#10743 = ORIENTED_EDGE('',*,*,#10742,.F.);
#10744 = ORIENTED_EDGE('',*,*,#10737,.F.);
#10745 = ORIENTED_EDGE('',*,*,#10732,.F.);
#10746 = ORIENTED_EDGE('',*,*,#10727,.F.);
#10747 = EDGE_LOOP('',(#10743,#10744,#10745,#10746));
#10748 = FACE_OUTER_BOUND('',#10747,.T.);
#10749 = CARTESIAN_POINT('',(71.99634,62.07633,0.00000));
#10750 = DIRECTION('',(-0.998630,0.052336,0.000000));
#10751 = DIRECTION('',(0.052336,0.998630,0.000000));
#10752 = AXIS2_PLACEMENT_3D('',#10749,#10750,#10751);
#10753 = PLANE('',#10752);
#10754 = ADVANCED_FACE('',(#10748),#10753,.T.);
#10755 = CARTESIAN_POINT('',(100.07210,57.10176,0.00000));
#10756 = VERTEX_POINT('',#10755);
#10757 = CARTESIAN_POINT('',(113.87210,57.10176,0.00000));
#10758 = VERTEX_POINT('',#10757);
#10759 = CARTESIAN_POINT('',(113.87210,57.10176,1.50000));
#10760 = VERTEX_POINT('',#10759);
#10761 = CARTESIAN_POINT('',(100.07210,57.10176,1.50000));
#10762 = VERTEX_POINT('',#10761);
#10763 = CARTESIAN_POINT('',(100.07210,57.10176,0.00000));
#10764 = DIRECTION('',(1.000000,0.000000,0.000000));
#10765 = VECTOR('',#10764,13.80000);
#10766 = LINE('',#10763,#10765);
#10767 = EDGE_CURVE('',#10756,#10758,#10766,.T.);
#10768 = CARTESIAN_POINT('',(113.87210,57.10176,0.00000));
#10769 = DIRECTION('',(0.000000,0.000000,1.000000));
#10770 = VECTOR('',#10769,1.50000);
#10771 = LINE('',#10768,#10770);
#10772 = EDGE_CURVE('',#10758,#10760,#10771,.T.);
#10773 = CARTESIAN_POINT('',(113.87210,57.10176,1.50000));
#10774 = DIRECTION('',(-1.000000,-0.000000,0.000000));
#10775 = VECTOR('',#10774,13.80000);
#10776 = LINE('',#10773,#10775);
#10777 = EDGE_CURVE('',#10760,#10762,#10776,.T.);
#10778 = CARTESIAN_POINT('',(100.07210,57.10176,1.50000));
#10779 = DIRECTION('',(0.000000,0.000000,-1.000000));
#10780 = VECTOR('',#10779,1.50000);
#10781 = LINE('',#10778,#10780);
#10782 = EDGE_CURVE('',#10762,#10756,#10781,.T.);
#10783 = ORIENTED_EDGE('',*,*,#10782,.F.);
#10784 = ORIENTED_EDGE('',*,*,#10777,.F.);
#10785 = ORIENTED_EDGE('',*,*,#10772,.F.);
#10786 = ORIENTED_EDGE('',*,*,#10767,.F.);
#10787 = EDGE_LOOP('',(#10783,#10784,#10785,#10786));
#10788 = FACE_OUTER_BOUND('',#10787,.T.);
#10789 = CARTESIAN_POINT('',(100.07210,57.10176,0.00000));
#10790 = DIRECTION('',(-0.000000,1.000000,0.000000));
#10791 = DIRECTION('',(1.000000,0.000000,0.000000));
#10792 = AXIS2_PLACEMENT_3D('',#10789,#10790,#10791);
#10793 = PLANE('',#10792);
#10794 = ADVANCED_FACE('',(#10788),#10793,.T.);
#10795 = CARTESIAN_POINT('',(113.87210,57.10176,0.00000));
#10796 = VERTEX_POINT('',#10795);
#10797 = CARTESIAN_POINT('',(113.87210,43.30176,0.00000));
#10798 = VERTEX_POINT('',#10797);
#10799 = CARTESIAN_POINT('',(113.87210,43.30176,1.50000));
#10800 = VERTEX_POINT('',#10799);
#10801 = CARTESIAN_POINT('',(113.87210,57.10176,1.50000));
#10802 = VERTEX_POINT('',#10801);
#10803 = CARTESIAN_POINT('',(113.87210,57.10176,0.00000));
#10804 = DIRECTION('',(0.000000,-1.000000,0.000000));
#10805 = VECTOR('',#10804,13.80000);
#10806 = LINE('',#10803,#10805);
#10807 = EDGE_CURVE('',#10796,#10798,#10806,.T.);
#10808 = CARTESIAN_POINT('',(113.87210,43.30176,0.00000));
#10809 = DIRECTION('',(0.000000,0.000000,1.000000));
#10810 = VECTOR('',#10809,1.50000);
#10811 = LINE('',#10808,#10810);
#10812 = EDGE_CURVE('',#10798,#10800,#10811,.T.);
#10813 = CARTESIAN_POINT('',(113.87210,43.30176,1.50000));
#10814 = DIRECTION('',(-0.000000,1.000000,0.000000));
#10815 = VECTOR('',#10814,13.80000);
#10816 = LINE('',#10813,#10815);
#10817 = EDGE_CURVE('',#10800,#10802,#10816,.T.);
#10818 = CARTESIAN_POINT('',(113.87210,57.10176,1.50000));
#10819 = DIRECTION('',(0.000000,0.000000,-1.000000));
#10820 = VECTOR('',#10819,1.50000);
#10821 = LINE('',#10818,#10820);
#10822 = EDGE_CURVE('',#10802,#10796,#10821,.T.);
#10823 = ORIENTED_EDGE('',*,*,#10822,.F.);
#10824 = ORIENTED_EDGE('',*,*,#10817,.F.);
#10825 = ORIENTED_EDGE('',*,*,#10812,.F.);
#10826 = ORIENTED_EDGE('',*,*,#10807,.F.);
#10827 = EDGE_LOOP('',(#10823,#10824,#10825,#10826));
#10828 = FACE_OUTER_BOUND('',#10827,.T.);
#10829 = CARTESIAN_POINT('',(113.87210,57.10176,0.00000));
#10830 = DIRECTION('',(1.000000,0.000000,0.000000));
#10831 = DIRECTION('',(0.000000,-1.000000,0.000000));
#10832 = AXIS2_PLACEMENT_3D('',#10829,#10830,#10831);
#10833 = PLANE('',#10832);
#10834 = ADVANCED_FACE('',(#10828),#10833,.T.);
#10835 = CARTESIAN_POINT('',(113.87210,43.30176,0.00000));
#10836 = VERTEX_POINT('',#10835);
#10837 = CARTESIAN_POINT('',(100.07210,43.30176,0.00000));
#10838 = VERTEX_POINT('',#10837);
#10839 = CARTESIAN_POINT('',(100.07210,43.30176,1.50000));
#10840 = VERTEX_POINT('',#10839);
#10841 = CARTESIAN_POINT('',(113.87210,43.30176,1.50000));
#10842 = VERTEX_POINT('',#10841);
#10843 = CARTESIAN_POINT('',(113.87210,43.30176,0.00000));
#10844 = DIRECTION('',(-1.000000,0.000000,0.000000));
#10845 = VECTOR('',#10844,13.80000);
#10846 = LINE('',#10843,#10845);
#10847 = EDGE_CURVE('',#10836,#10838,#10846,.T.);
#10848 = CARTESIAN_POINT('',(100.07210,43.30176,0.00000));
#10849 = DIRECTION('',(0.000000,0.000000,1.000000));
#10850 = VECTOR('',#10849,1.50000);
#10851 = LINE('',#10848,#10850);
#10852 = EDGE_CURVE('',#10838,#10840,#10851,.T.);
#10853 = CARTESIAN_POINT('',(100.07210,43.30176,1.50000));
#10854 = DIRECTION('',(1.000000,-0.000000,0.000000));
#10855 = VECTOR('',#10854,13.80000);
#10856 = LINE('',#10853,#10855);
#10857 = EDGE_CURVE('',#10840,#10842,#10856,.T.);
#10858 = CARTESIAN_POINT('',(113.87210,43.30176,1.50000));
#10859 = DIRECTION('',(0.000000,0.000000,-1.000000));
#10860 = VECTOR('',#10859,1.50000);
#10861 = LINE('',#10858,#10860);
#10862 = EDGE_CURVE('',#10842,#10836,#10861,.T.);
#10863 = ORIENTED_EDGE('',*,*,#10862,.F.);
#10864 = ORIENTED_EDGE('',*,*,#10857,.F.);
#10865 = ORIENTED_EDGE('',*,*,#10852,.F.);
#10866 = ORIENTED_EDGE('',*,*,#10847,.F.);
#10867 = EDGE_LOOP('',(#10863,#10864,#10865,#10866));
#10868 = FACE_OUTER_BOUND('',#10867,.T.);
#10869 = CARTESIAN_POINT('',(113.87210,43.30176,0.00000));
#10870 = DIRECTION('',(-0.000000,-1.000000,0.000000));
#10871 = DIRECTION('',(-1.000000,0.000000,0.000000));
#10872 = AXIS2_PLACEMENT_3D('',#10869,#10870,#10871);
#10873 = PLANE('',#10872);
#10874 = ADVANCED_FACE('',(#10868),#10873,.T.);
#10875 = CARTESIAN_POINT('',(100.07210,43.30176,0.00000));
#10876 = VERTEX_POINT('',#10875);
#10877 = CARTESIAN_POINT('',(100.07210,57.10176,0.00000));
#10878 = VERTEX_POINT('',#10877);
#10879 = CARTESIAN_POINT('',(100.07210,57.10176,1.50000));
#10880 = VERTEX_POINT('',#10879);
#10881 = CARTESIAN_POINT('',(100.07210,43.30176,1.50000));
#10882 = VERTEX_POINT('',#10881);
#10883 = CARTESIAN_POINT('',(100.07210,43.30176,0.00000));
#10884 = DIRECTION('',(0.000000,1.000000,0.000000));
#10885 = VECTOR('',#10884,13.80000);
#10886 = LINE('',#10883,#10885);
#10887 = EDGE_CURVE('',#10876,#10878,#10886,.T.);
#10888 = CARTESIAN_POINT('',(100.07210,57.10176,0.00000));
#10889 = DIRECTION('',(0.000000,0.000000,1.000000));
#10890 = VECTOR('',#10889,1.50000);
#10891 = LINE('',#10888,#10890);
#10892 = EDGE_CURVE('',#10878,#10880,#10891,.T.);
#10893 = CARTESIAN_POINT('',(100.07210,57.10176,1.50000));
#10894 = DIRECTION('',(-0.000000,-1.000000,0.000000));
#10895 = VECTOR('',#10894,13.80000);
#10896 = LINE('',#10893,#10895);
#10897 = EDGE_CURVE('',#10880,#10882,#10896,.T.);
#10898 = CARTESIAN_POINT('',(100.07210,43.30176,1.50000));
#10899 = DIRECTION('',(0.000000,0.000000,-1.000000));
#10900 = VECTOR('',#10899,1.50000);
#10901 = LINE('',#10898,#10900);
#10902 = EDGE_CURVE('',#10882,#10876,#10901,.T.);
#10903 = ORIENTED_EDGE('',*,*,#10902,.F.);
#10904 = ORIENTED_EDGE('',*,*,#10897,.F.);
#10905 = ORIENTED_EDGE('',*,*,#10892,.F.);
#10906 = ORIENTED_EDGE('',*,*,#10887,.F.);
#10907 = EDGE_LOOP('',(#10903,#10904,#10905,#10906));
#10908 = FACE_OUTER_BOUND('',#10907,.T.);
#10909 = CARTESIAN_POINT('',(100.07210,43.30176,0.00000));
#10910 = DIRECTION('',(-1.000000,0.000000,0.000000));
#10911 = DIRECTION('',(0.000000,1.000000,0.000000));
#10912 = AXIS2_PLACEMENT_3D('',#10909,#10910,#10911);
#10913 = PLANE('',#10912);
#10914 = ADVANCED_FACE('',(#10908),#10913,.T.);
#10915 = CARTESIAN_POINT('',(80.92050,55.36756,0.00000));
#10916 = VERTEX_POINT('',#10915);
#10917 = CARTESIAN_POINT('',(94.72050,55.36756,0.00000));
#10918 = VERTEX_POINT('',#10917);
#10919 = CARTESIAN_POINT('',(94.72050,55.36756,1.50000));
#10920 = VERTEX_POINT('',#10919);
#10921 = CARTESIAN_POINT('',(80.92050,55.36756,1.50000));
#10922 = VERTEX_POINT('',#10921);
#10923 = CARTESIAN_POINT('',(80.92050,55.36756,0.00000));
#10924 = DIRECTION('',(1.000000,0.000000,0.000000));
#10925 = VECTOR('',#10924,13.80000);
#10926 = LINE('',#10923,#10925);
#10927 = EDGE_CURVE('',#10916,#10918,#10926,.T.);
#10928 = CARTESIAN_POINT('',(94.72050,55.36756,0.00000));
#10929 = DIRECTION('',(0.000000,0.000000,1.000000));
#10930 = VECTOR('',#10929,1.50000);
#10931 = LINE('',#10928,#10930);
#10932 = EDGE_CURVE('',#10918,#10920,#10931,.T.);
#10933 = CARTESIAN_POINT('',(94.72050,55.36756,1.50000));
#10934 = DIRECTION('',(-1.000000,-0.000000,0.000000));
#10935 = VECTOR('',#10934,13.80000);
#10936 = LINE('',#10933,#10935);
#10937 = EDGE_CURVE('',#10920,#10922,#10936,.T.);
#10938 = CARTESIAN_POINT('',(80.92050,55.36756,1.50000));
#10939 = DIRECTION('',(0.000000,0.000000,-1.000000));
#10940 = VECTOR('',#10939,1.50000);
#10941 = LINE('',#10938,#10940);
#10942 = EDGE_CURVE('',#10922,#10916,#10941,.T.);
#10943 = ORIENTED_EDGE('',*,*,#10942,.F.);
#10944 = ORIENTED_EDGE('',*,*,#10937,.F.);
#10945 = ORIENTED_EDGE('',*,*,#10932,.F.);
#10946 = ORIENTED_EDGE('',*,*,#10927,.F.);
#10947 = EDGE_LOOP('',(#10943,#10944,#10945,#10946));
#10948 = FACE_OUTER_BOUND('',#10947,.T.);
#10949 = CARTESIAN_POINT('',(80.92050,55.36756,0.00000));
#10950 = DIRECTION('',(-0.000000,1.000000,0.000000));
#10951 = DIRECTION('',(1.000000,0.000000,0.000000));
#10952 = AXIS2_PLACEMENT_3D('',#10949,#10950,#10951);
#10953 = PLANE('',#10952);
#10954 = ADVANCED_FACE('',(#10948),#10953,.T.);
#10955 = CARTESIAN_POINT('',(94.72050,55.36756,0.00000));
#10956 = VERTEX_POINT('',#10955);
#10957 = CARTESIAN_POINT('',(94.72050,41.56756,0.00000));
#10958 = VERTEX_POINT('',#10957);
#10959 = CARTESIAN_POINT('',(94.72050,41.56756,1.50000));
#10960 = VERTEX_POINT('',#10959);
#10961 = CARTESIAN_POINT('',(94.72050,55.36756,1.50000));
#10962 = VERTEX_POINT('',#10961);
#10963 = CARTESIAN_POINT('',(94.72050,55.36756,0.00000));
#10964 = DIRECTION('',(0.000000,-1.000000,0.000000));
#10965 = VECTOR('',#10964,13.80000);
#10966 = LINE('',#10963,#10965);
#10967 = EDGE_CURVE('',#10956,#10958,#10966,.T.);
#10968 = CARTESIAN_POINT('',(94.72050,41.56756,0.00000));
#10969 = DIRECTION('',(0.000000,0.000000,1.000000));
#10970 = VECTOR('',#10969,1.50000);
#10971 = LINE('',#10968,#10970);
#10972 = EDGE_CURVE('',#10958,#10960,#10971,.T.);
#10973 = CARTESIAN_POINT('',(94.72050,41.56756,1.50000));
#10974 = DIRECTION('',(-0.000000,1.000000,0.000000));
#10975 = VECTOR('',#10974,13.80000);
#10976 = LINE('',#10973,#10975);
#10977 = EDGE_CURVE('',#10960,#10962,#10976,.T.);
#10978 = CARTESIAN_POINT('',(94.72050,55.36756,1.50000));
#10979 = DIRECTION('',(0.000000,0.000000,-1.000000));
#10980 = VECTOR('',#10979,1.50000);
#10981 = LINE('',#10978,#10980);
#10982 = EDGE_CURVE('',#10962,#10956,#10981,.T.);
#10983 = ORIENTED_EDGE('',*,*,#10982,.F.);
#10984 = ORIENTED_EDGE('',*,*,#10977,.F.);
#10985 = ORIENTED_EDGE('',*,*,#10972,.F.);
#10986 = ORIENTED_EDGE('',*,*,#10967,.F.);
#10987 = EDGE_LOOP('',(#10983,#10984,#10985,#10986));
#10988 = FACE_OUTER_BOUND('',#10987,.T.);
#10989 = CARTESIAN_POINT('',(94.72050,55.36756,0.00000));
#10990 = DIRECTION('',(1.000000,0.000000,0.000000));
#10991 = DIRECTION('',(0.000000,-1.000000,0.000000));
#10992 = AXIS2_PLACEMENT_3D('',#10989,#10990,#10991);
#10993 = PLANE('',#10992);
#10994 = ADVANCED_FACE('',(#10988),#10993,.T.);
#10995 = CARTESIAN_POINT('',(94.72050,41.56756,0.00000));
#10996 = VERTEX_POINT('',#10995);
#10997 = CARTESIAN_POINT('',(80.92050,41.56756,0.00000));
#10998 = VERTEX_POINT('',#10997);
#10999 = CARTESIAN_POINT('',(80.92050,41.56756,1.50000));
#11000 = VERTEX_POINT('',#10999);
#11001 = CARTESIAN_POINT('',(94.72050,41.56756,1.50000));
#11002 = VERTEX_POINT('',#11001);
#11003 = CARTESIAN_POINT('',(94.72050,41.56756,0.00000));
#11004 = DIRECTION('',(-1.000000,0.000000,0.000000));
#11005 = VECTOR('',#11004,13.80000);
#11006 = LINE('',#11003,#11005);
#11007 = EDGE_CURVE('',#10996,#10998,#11006,.T.);
#11008 = CARTESIAN_POINT('',(80.92050,41.56756,0.00000));
#11009 = DIRECTION('',(0.000000,0.000000,1.000000));
#11010 = VECTOR('',#11009,1.50000);
#11011 = LINE('',#11008,#11010);
#11012 = EDGE_CURVE('',#10998,#11000,#11011,.T.);
#11013 = CARTESIAN_POINT('',(80.92050,41.56756,1.50000));
#11014 = DIRECTION('',(1.000000,-0.000000,0.000000));
#11015 = VECTOR('',#11014,13.80000);
#11016 = LINE('',#11013,#11015);
#11017 = EDGE_CURVE('',#11000,#11002,#11016,.T.);
#11018 = CARTESIAN_POINT('',(94.72050,41.56756,1.50000));
#11019 = DIRECTION('',(0.000000,0.000000,-1.000000));
#11020 = VECTOR('',#11019,1.50000);
#11021 = LINE('',#11018,#11020);
#11022 = EDGE_CURVE('',#11002,#10996,#11021,.T.);
#11023 = ORIENTED_EDGE('',*,*,#11022,.F.);
#11024 = ORIENTED_EDGE('',*,*,#11017,.F.);
#11025 = ORIENTED_EDGE('',*,*,#11012,.F.);
#11026 = ORIENTED_EDGE('',*,*,#11007,.F.);
#11027 = EDGE_LOOP('',(#11023,#11024,#11025,#11026));
#11028 = FACE_OUTER_BOUND('',#11027,.T.);
#11029 = CARTESIAN_POINT('',(94.72050,41.56756,0.00000));
#11030 = DIRECTION('',(-0.000000,-1.000000,0.000000));
#11031 = DIRECTION('',(-1.000000,0.000000,0.000000));
#11032 = AXIS2_PLACEMENT_3D('',#11029,#11030,#11031);
#11033 = PLANE('',#11032);
#11034 = ADVANCED_FACE('',(#11028),#11033,.T.);
#11035 = CARTESIAN_POINT('',(80.92050,41.56756,0.00000));
#11036 = VERTEX_POINT('',#11035);
#11037 = CARTESIAN_POINT('',(80.92050,55.36756,0.00000));
#11038 = VERTEX_POINT('',#11037);
#11039 = CARTESIAN_POINT('',(80.92050,55.36756,1.50000));
#11040 = VERTEX_POINT('',#11039);
#11041 = CARTESIAN_POINT('',(80.92050,41.56756,1.50000));
#11042 = VERTEX_POINT('',#11041);
#11043 = CARTESIAN_POINT('',(80.92050,41.56756,0.00000));
#11044 = DIRECTION('',(0.000000,1.000000,0.000000));
#11045 = VECTOR('',#11044,13.80000);
#11046 = LINE('',#11043,#11045);
#11047 = EDGE_CURVE('',#11036,#11038,#11046,.T.);
#11048 = CARTESIAN_POINT('',(80.92050,55.36756,0.00000));
#11049 = DIRECTION('',(0.000000,0.000000,1.000000));
#11050 = VECTOR('',#11049,1.50000);
#11051 = LINE('',#11048,#11050);
#11052 = EDGE_CURVE('',#11038,#11040,#11051,.T.);
#11053 = CARTESIAN_POINT('',(80.92050,55.36756,1.50000));
#11054 = DIRECTION('',(-0.000000,-1.000000,0.000000));
#11055 = VECTOR('',#11054,13.80000);
#11056 = LINE('',#11053,#11055);
#11057 = EDGE_CURVE('',#11040,#11042,#11056,.T.);
#11058 = CARTESIAN_POINT('',(80.92050,41.56756,1.50000));
#11059 = DIRECTION('',(0.000000,0.000000,-1.000000));
#11060 = VECTOR('',#11059,1.50000);
#11061 = LINE('',#11058,#11060);
#11062 = EDGE_CURVE('',#11042,#11036,#11061,.T.);
#11063 = ORIENTED_EDGE('',*,*,#11062,.F.);
#11064 = ORIENTED_EDGE('',*,*,#11057,.F.);
#11065 = ORIENTED_EDGE('',*,*,#11052,.F.);
#11066 = ORIENTED_EDGE('',*,*,#11047,.F.);
#11067 = EDGE_LOOP('',(#11063,#11064,#11065,#11066));
#11068 = FACE_OUTER_BOUND('',#11067,.T.);
#11069 = CARTESIAN_POINT('',(80.92050,41.56756,0.00000));
#11070 = DIRECTION('',(-1.000000,0.000000,0.000000));
#11071 = DIRECTION('',(0.000000,1.000000,0.000000));
#11072 = AXIS2_PLACEMENT_3D('',#11069,#11070,#11071);
#11073 = PLANE('',#11072);
#11074 = ADVANCED_FACE('',(#11068),#11073,.T.);
#11075 = CARTESIAN_POINT('',(23.46570,59.12276,0.00000));
#11076 = VERTEX_POINT('',#11075);
#11077 = CARTESIAN_POINT('',(37.26570,59.12276,0.00000));
#11078 = VERTEX_POINT('',#11077);
#11079 = CARTESIAN_POINT('',(37.26570,59.12276,1.50000));
#11080 = VERTEX_POINT('',#11079);
#11081 = CARTESIAN_POINT('',(23.46570,59.12276,1.50000));
#11082 = VERTEX_POINT('',#11081);
#11083 = CARTESIAN_POINT('',(23.46570,59.12276,0.00000));
#11084 = DIRECTION('',(1.000000,0.000000,0.000000));
#11085 = VECTOR('',#11084,13.80000);
#11086 = LINE('',#11083,#11085);
#11087 = EDGE_CURVE('',#11076,#11078,#11086,.T.);
#11088 = CARTESIAN_POINT('',(37.26570,59.12276,0.00000));
#11089 = DIRECTION('',(0.000000,0.000000,1.000000));
#11090 = VECTOR('',#11089,1.50000);
#11091 = LINE('',#11088,#11090);
#11092 = EDGE_CURVE('',#11078,#11080,#11091,.T.);
#11093 = CARTESIAN_POINT('',(37.26570,59.12276,1.50000));
#11094 = DIRECTION('',(-1.000000,-0.000000,0.000000));
#11095 = VECTOR('',#11094,13.80000);
#11096 = LINE('',#11093,#11095);
#11097 = EDGE_CURVE('',#11080,#11082,#11096,.T.);
#11098 = CARTESIAN_POINT('',(23.46570,59.12276,1.50000));
#11099 = DIRECTION('',(0.000000,0.000000,-1.000000));
#11100 = VECTOR('',#11099,1.50000);
#11101 = LINE('',#11098,#11100);
#11102 = EDGE_CURVE('',#11082,#11076,#11101,.T.);
#11103 = ORIENTED_EDGE('',*,*,#11102,.F.);
#11104 = ORIENTED_EDGE('',*,*,#11097,.F.);
#11105 = ORIENTED_EDGE('',*,*,#11092,.F.);
#11106 = ORIENTED_EDGE('',*,*,#11087,.F.);
#11107 = EDGE_LOOP('',(#11103,#11104,#11105,#11106));
#11108 = FACE_OUTER_BOUND('',#11107,.T.);
#11109 = CARTESIAN_POINT('',(23.46570,59.12276,0.00000));
#11110 = DIRECTION('',(-0.000000,1.000000,0.000000));
#11111 = DIRECTION('',(1.000000,0.000000,0.000000));
#11112 = AXIS2_PLACEMENT_3D('',#11109,#11110,#11111);
#11113 = PLANE('',#11112);
#11114 = ADVANCED_FACE('',(#11108),#11113,.T.);
#11115 = CARTESIAN_POINT('',(37.26570,59.12276,0.00000));
#11116 = VERTEX_POINT('',#11115);
#11117 = CARTESIAN_POINT('',(37.26570,45.32276,0.00000));
#11118 = VERTEX_POINT('',#11117);
#11119 = CARTESIAN_POINT('',(37.26570,45.32276,1.50000));
#11120 = VERTEX_POINT('',#11119);
#11121 = CARTESIAN_POINT('',(37.26570,59.12276,1.50000));
#11122 = VERTEX_POINT('',#11121);
#11123 = CARTESIAN_POINT('',(37.26570,59.12276,0.00000));
#11124 = DIRECTION('',(0.000000,-1.000000,0.000000));
#11125 = VECTOR('',#11124,13.80000);
#11126 = LINE('',#11123,#11125);
#11127 = EDGE_CURVE('',#11116,#11118,#11126,.T.);
#11128 = CARTESIAN_POINT('',(37.26570,45.32276,0.00000));
#11129 = DIRECTION('',(0.000000,0.000000,1.000000));
#11130 = VECTOR('',#11129,1.50000);
#11131 = LINE('',#11128,#11130);
#11132 = EDGE_CURVE('',#11118,#11120,#11131,.T.);
#11133 = CARTESIAN_POINT('',(37.26570,45.32276,1.50000));
#11134 = DIRECTION('',(-0.000000,1.000000,0.000000));
#11135 = VECTOR('',#11134,13.80000);
#11136 = LINE('',#11133,#11135);
#11137 = EDGE_CURVE('',#11120,#11122,#11136,.T.);
#11138 = CARTESIAN_POINT('',(37.26570,59.12276,1.50000));
#11139 = DIRECTION('',(0.000000,0.000000,-1.000000));
#11140 = VECTOR('',#11139,1.50000);
#11141 = LINE('',#11138,#11140);
#11142 = EDGE_CURVE('',#11122,#11116,#11141,.T.);
#11143 = ORIENTED_EDGE('',*,*,#11142,.F.);
#11144 = ORIENTED_EDGE('',*,*,#11137,.F.);
#11145 = ORIENTED_EDGE('',*,*,#11132,.F.);
#11146 = ORIENTED_EDGE('',*,*,#11127,.F.);
#11147 = EDGE_LOOP('',(#11143,#11144,#11145,#11146));
#11148 = FACE_OUTER_BOUND('',#11147,.T.);
#11149 = CARTESIAN_POINT('',(37.26570,59.12276,0.00000));
#11150 = DIRECTION('',(1.000000,0.000000,0.000000));
#11151 = DIRECTION('',(0.000000,-1.000000,0.000000));
#11152 = AXIS2_PLACEMENT_3D('',#11149,#11150,#11151);
#11153 = PLANE('',#11152);
#11154 = ADVANCED_FACE('',(#11148),#11153,.T.);
#11155 = CARTESIAN_POINT('',(37.26570,45.32276,0.00000));
#11156 = VERTEX_POINT('',#11155);
#11157 = CARTESIAN_POINT('',(23.46570,45.32276,0.00000));
#11158 = VERTEX_POINT('',#11157);
#11159 = CARTESIAN_POINT('',(23.46570,45.32276,1.50000));
#11160 = VERTEX_POINT('',#11159);
#11161 = CARTESIAN_POINT('',(37.26570,45.32276,1.50000));
#11162 = VERTEX_POINT('',#11161);
#11163 = CARTESIAN_POINT('',(37.26570,45.32276,0.00000));
#11164 = DIRECTION('',(-1.000000,0.000000,0.000000));
#11165 = VECTOR('',#11164,13.80000);
#11166 = LINE('',#11163,#11165);
#11167 = EDGE_CURVE('',#11156,#11158,#11166,.T.);
#11168 = CARTESIAN_POINT('',(23.46570,45.32276,0.00000));
#11169 = DIRECTION('',(0.000000,0.000000,1.000000));
#11170 = VECTOR('',#11169,1.50000);
#11171 = LINE('',#11168,#11170);
#11172 = EDGE_CURVE('',#11158,#11160,#11171,.T.);
#11173 = CARTESIAN_POINT('',(23.46570,45.32276,1.50000));
#11174 = DIRECTION('',(1.000000,-0.000000,0.000000));
#11175 = VECTOR('',#11174,13.80000);
#11176 = LINE('',#11173,#11175);
#11177 = EDGE_CURVE('',#11160,#11162,#11176,.T.);
#11178 = CARTESIAN_POINT('',(37.26570,45.32276,1.50000));
#11179 = DIRECTION('',(0.000000,0.000000,-1.000000));
#11180 = VECTOR('',#11179,1.50000);
#11181 = LINE('',#11178,#11180);
#11182 = EDGE_CURVE('',#11162,#11156,#11181,.T.);
#11183 = ORIENTED_EDGE('',*,*,#11182,.F.);
#11184 = ORIENTED_EDGE('',*,*,#11177,.F.);
#11185 = ORIENTED_EDGE('',*,*,#11172,.F.);
#11186 = ORIENTED_EDGE('',*,*,#11167,.F.);
#11187 = EDGE_LOOP('',(#11183,#11184,#11185,#11186));
#11188 = FACE_OUTER_BOUND('',#11187,.T.);
#11189 = CARTESIAN_POINT('',(37.26570,45.32276,0.00000));
#11190 = DIRECTION('',(-0.000000,-1.000000,0.000000));
#11191 = DIRECTION('',(-1.000000,0.000000,0.000000));
#11192 = AXIS2_PLACEMENT_3D('',#11189,#11190,#11191);
#11193 = PLANE('',#11192);
#11194 = ADVANCED_FACE('',(#11188),#11193,.T.);
#11195 = CARTESIAN_POINT('',(23.46570,45.32276,0.00000));
#11196 = VERTEX_POINT('',#11195);
#11197 = CARTESIAN_POINT('',(23.46570,59.12276,0.00000));
#11198 = VERTEX_POINT('',#11197);
#11199 = CARTESIAN_POINT('',(23.46570,59.12276,1.50000));
#11200 = VERTEX_POINT('',#11199);
#11201 = CARTESIAN_POINT('',(23.46570,45.32276,1.50000));
#11202 = VERTEX_POINT('',#11201);
#11203 = CARTESIAN_POINT('',(23.46570,45.32276,0.00000));
#11204 = DIRECTION('',(0.000000,1.000000,0.000000));
#11205 = VECTOR('',#11204,13.80000);
#11206 = LINE('',#11203,#11205);
#11207 = EDGE_CURVE('',#11196,#11198,#11206,.T.);
#11208 = CARTESIAN_POINT('',(23.46570,59.12276,0.00000));
#11209 = DIRECTION('',(0.000000,0.000000,1.000000));
#11210 = VECTOR('',#11209,1.50000);
#11211 = LINE('',#11208,#11210);
#11212 = EDGE_CURVE('',#11198,#11200,#11211,.T.);
#11213 = CARTESIAN_POINT('',(23.46570,59.12276,1.50000));
#11214 = DIRECTION('',(-0.000000,-1.000000,0.000000));
#11215 = VECTOR('',#11214,13.80000);
#11216 = LINE('',#11213,#11215);
#11217 = EDGE_CURVE('',#11200,#11202,#11216,.T.);
#11218 = CARTESIAN_POINT('',(23.46570,45.32276,1.50000));
#11219 = DIRECTION('',(0.000000,0.000000,-1.000000));
#11220 = VECTOR('',#11219,1.50000);
#11221 = LINE('',#11218,#11220);
#11222 = EDGE_CURVE('',#11202,#11196,#11221,.T.);
#11223 = ORIENTED_EDGE('',*,*,#11222,.F.);
#11224 = ORIENTED_EDGE('',*,*,#11217,.F.);
#11225 = ORIENTED_EDGE('',*,*,#11212,.F.);
#11226 = ORIENTED_EDGE('',*,*,#11207,.F.);
#11227 = EDGE_LOOP('',(#11223,#11224,#11225,#11226));
#11228 = FACE_OUTER_BOUND('',#11227,.T.);
#11229 = CARTESIAN_POINT('',(23.46570,45.32276,0.00000));
#11230 = DIRECTION('',(-1.000000,0.000000,0.000000));
#11231 = DIRECTION('',(0.000000,1.000000,0.000000));
#11232 = AXIS2_PLACEMENT_3D('',#11229,#11230,#11231);
#11233 = PLANE('',#11232);
#11234 = ADVANCED_FACE('',(#11228),#11233,.T.);
#11235 = CARTESIAN_POINT('',(4.21620,41.46516,0.00000));
#11236 = VERTEX_POINT('',#11235);
#11237 = CARTESIAN_POINT('',(18.01620,41.46516,0.00000));
#11238 = VERTEX_POINT('',#11237);
#11239 = CARTESIAN_POINT('',(18.01620,41.46516,1.50000));
#11240 = VERTEX_POINT('',#11239);
#11241 = CARTESIAN_POINT('',(4.21620,41.46516,1.50000));
#11242 = VERTEX_POINT('',#11241);
#11243 = CARTESIAN_POINT('',(4.21620,41.46516,0.00000));
#11244 = DIRECTION('',(1.000000,0.000000,0.000000));
#11245 = VECTOR('',#11244,13.80000);
#11246 = LINE('',#11243,#11245);
#11247 = EDGE_CURVE('',#11236,#11238,#11246,.T.);
#11248 = CARTESIAN_POINT('',(18.01620,41.46516,0.00000));
#11249 = DIRECTION('',(0.000000,0.000000,1.000000));
#11250 = VECTOR('',#11249,1.50000);
#11251 = LINE('',#11248,#11250);
#11252 = EDGE_CURVE('',#11238,#11240,#11251,.T.);
#11253 = CARTESIAN_POINT('',(18.01620,41.46516,1.50000));
#11254 = DIRECTION('',(-1.000000,-0.000000,0.000000));
#11255 = VECTOR('',#11254,13.80000);
#11256 = LINE('',#11253,#11255);
#11257 = EDGE_CURVE('',#11240,#11242,#11256,.T.);
#11258 = CARTESIAN_POINT('',(4.21620,41.46516,1.50000));
#11259 = DIRECTION('',(0.000000,0.000000,-1.000000));
#11260 = VECTOR('',#11259,1.50000);
#11261 = LINE('',#11258,#11260);
#11262 = EDGE_CURVE('',#11242,#11236,#11261,.T.);
#11263 = ORIENTED_EDGE('',*,*,#11262,.F.);
#11264 = ORIENTED_EDGE('',*,*,#11257,.F.);
#11265 = ORIENTED_EDGE('',*,*,#11252,.F.);
#11266 = ORIENTED_EDGE('',*,*,#11247,.F.);
#11267 = EDGE_LOOP('',(#11263,#11264,#11265,#11266));
#11268 = FACE_OUTER_BOUND('',#11267,.T.);
#11269 = CARTESIAN_POINT('',(4.21620,41.46516,0.00000));
#11270 = DIRECTION('',(-0.000000,1.000000,0.000000));
#11271 = DIRECTION('',(1.000000,0.000000,0.000000));
#11272 = AXIS2_PLACEMENT_3D('',#11269,#11270,#11271);
#11273 = PLANE('',#11272);
#11274 = ADVANCED_FACE('',(#11268),#11273,.T.);
#11275 = CARTESIAN_POINT('',(18.01620,41.46516,0.00000));
#11276 = VERTEX_POINT('',#11275);
#11277 = CARTESIAN_POINT('',(18.01620,27.66516,0.00000));
#11278 = VERTEX_POINT('',#11277);
#11279 = CARTESIAN_POINT('',(18.01620,27.66516,1.50000));
#11280 = VERTEX_POINT('',#11279);
#11281 = CARTESIAN_POINT('',(18.01620,41.46516,1.50000));
#11282 = VERTEX_POINT('',#11281);
#11283 = CARTESIAN_POINT('',(18.01620,41.46516,0.00000));
#11284 = DIRECTION('',(0.000000,-1.000000,0.000000));
#11285 = VECTOR('',#11284,13.80000);
#11286 = LINE('',#11283,#11285);
#11287 = EDGE_CURVE('',#11276,#11278,#11286,.T.);
#11288 = CARTESIAN_POINT('',(18.01620,27.66516,0.00000));
#11289 = DIRECTION('',(0.000000,0.000000,1.000000));
#11290 = VECTOR('',#11289,1.50000);
#11291 = LINE('',#11288,#11290);
#11292 = EDGE_CURVE('',#11278,#11280,#11291,.T.);
#11293 = CARTESIAN_POINT('',(18.01620,27.66516,1.50000));
#11294 = DIRECTION('',(-0.000000,1.000000,0.000000));
#11295 = VECTOR('',#11294,13.80000);
#11296 = LINE('',#11293,#11295);
#11297 = EDGE_CURVE('',#11280,#11282,#11296,.T.);
#11298 = CARTESIAN_POINT('',(18.01620,41.46516,1.50000));
#11299 = DIRECTION('',(0.000000,0.000000,-1.000000));
#11300 = VECTOR('',#11299,1.50000);
#11301 = LINE('',#11298,#11300);
#11302 = EDGE_CURVE('',#11282,#11276,#11301,.T.);
#11303 = ORIENTED_EDGE('',*,*,#11302,.F.);
#11304 = ORIENTED_EDGE('',*,*,#11297,.F.);
#11305 = ORIENTED_EDGE('',*,*,#11292,.F.);
#11306 = ORIENTED_EDGE('',*,*,#11287,.F.);
#11307 = EDGE_LOOP('',(#11303,#11304,#11305,#11306));
#11308 = FACE_OUTER_BOUND('',#11307,.T.);
#11309 = CARTESIAN_POINT('',(18.01620,41.46516,0.00000));
#11310 = DIRECTION('',(1.000000,0.000000,0.000000));
#11311 = DIRECTION('',(0.000000,-1.000000,0.000000));
#11312 = AXIS2_PLACEMENT_3D('',#11309,#11310,#11311);
#11313 = PLANE('',#11312);
#11314 = ADVANCED_FACE('',(#11308),#11313,.T.);
#11315 = CARTESIAN_POINT('',(18.01620,27.66516,0.00000));
#11316 = VERTEX_POINT('',#11315);
#11317 = CARTESIAN_POINT('',(4.21620,27.66516,0.00000));
#11318 = VERTEX_POINT('',#11317);
#11319 = CARTESIAN_POINT('',(4.21620,27.66516,1.50000));
#11320 = VERTEX_POINT('',#11319);
#11321 = CARTESIAN_POINT('',(18.01620,27.66516,1.50000));
#11322 = VERTEX_POINT('',#11321);
#11323 = CARTESIAN_POINT('',(18.01620,27.66516,0.00000));
#11324 = DIRECTION('',(-1.000000,0.000000,0.000000));
#11325 = VECTOR('',#11324,13.80000);
#11326 = LINE('',#11323,#11325);
#11327 = EDGE_CURVE('',#11316,#11318,#11326,.T.);
#11328 = CARTESIAN_POINT('',(4.21620,27.66516,0.00000));
#11329 = DIRECTION('',(0.000000,0.000000,1.000000));
#11330 = VECTOR('',#11329,1.50000);
#11331 = LINE('',#11328,#11330);
#11332 = EDGE_CURVE('',#11318,#11320,#11331,.T.);
#11333 = CARTESIAN_POINT('',(4.21620,27.66516,1.50000));
#11334 = DIRECTION('',(1.000000,-0.000000,0.000000));
#11335 = VECTOR('',#11334,13.80000);
#11336 = LINE('',#11333,#11335);
#11337 = EDGE_CURVE('',#11320,#11322,#11336,.T.);
#11338 = CARTESIAN_POINT('',(18.01620,27.66516,1.50000));
#11339 = DIRECTION('',(0.000000,0.000000,-1.000000));
#11340 = VECTOR('',#11339,1.50000);
#11341 = LINE('',#11338,#11340);
#11342 = EDGE_CURVE('',#11322,#11316,#11341,.T.);
#11343 = ORIENTED_EDGE('',*,*,#11342,.F.);
#11344 = ORIENTED_EDGE('',*,*,#11337,.F.);
#11345 = ORIENTED_EDGE('',*,*,#11332,.F.);
#11346 = ORIENTED_EDGE('',*,*,#11327,.F.);
#11347 = EDGE_LOOP('',(#11343,#11344,#11345,#11346));
#11348 = FACE_OUTER_BOUND('',#11347,.T.);
#11349 = CARTESIAN_POINT('',(18.01620,27.66516,0.00000));
#11350 = DIRECTION('',(-0.000000,-1.000000,0.000000));
#11351 = DIRECTION('',(-1.000000,0.000000,0.000000));
#11352 = AXIS2_PLACEMENT_3D('',#11349,#11350,#11351);
#11353 = PLANE('',#11352);
#11354 = ADVANCED_FACE('',(#11348),#11353,.T.);
#11355 = CARTESIAN_POINT('',(4.21620,27.66516,0.00000));
#11356 = VERTEX_POINT('',#11355);
#11357 = CARTESIAN_POINT('',(4.21620,41.46516,0.00000));
#11358 = VERTEX_POINT('',#11357);
#11359 = CARTESIAN_POINT('',(4.21620,41.46516,1.50000));
#11360 = VERTEX_POINT('',#11359);
#11361 = CARTESIAN_POINT('',(4.21620,27.66516,1.50000));
#11362 = VERTEX_POINT('',#11361);
#11363 = CARTESIAN_POINT('',(4.21620,27.66516,0.00000));
#11364 = DIRECTION('',(0.000000,1.000000,0.000000));
#11365 = VECTOR('',#11364,13.80000);
#11366 = LINE('',#11363,#11365);
#11367 = EDGE_CURVE('',#11356,#11358,#11366,.T.);
#11368 = CARTESIAN_POINT('',(4.21620,41.46516,0.00000));
#11369 = DIRECTION('',(0.000000,0.000000,1.000000));
#11370 = VECTOR('',#11369,1.50000);
#11371 = LINE('',#11368,#11370);
#11372 = EDGE_CURVE('',#11358,#11360,#11371,.T.);
#11373 = CARTESIAN_POINT('',(4.21620,41.46516,1.50000));
#11374 = DIRECTION('',(-0.000000,-1.000000,0.000000));
#11375 = VECTOR('',#11374,13.80000);
#11376 = LINE('',#11373,#11375);
#11377 = EDGE_CURVE('',#11360,#11362,#11376,.T.);
#11378 = CARTESIAN_POINT('',(4.21620,27.66516,1.50000));
#11379 = DIRECTION('',(0.000000,0.000000,-1.000000));
#11380 = VECTOR('',#11379,1.50000);
#11381 = LINE('',#11378,#11380);
#11382 = EDGE_CURVE('',#11362,#11356,#11381,.T.);
#11383 = ORIENTED_EDGE('',*,*,#11382,.F.);
#11384 = ORIENTED_EDGE('',*,*,#11377,.F.);
#11385 = ORIENTED_EDGE('',*,*,#11372,.F.);
#11386 = ORIENTED_EDGE('',*,*,#11367,.F.);
#11387 = EDGE_LOOP('',(#11383,#11384,#11385,#11386));
#11388 = FACE_OUTER_BOUND('',#11387,.T.);
#11389 = CARTESIAN_POINT('',(4.21620,27.66516,0.00000));
#11390 = DIRECTION('',(-1.000000,0.000000,0.000000));
#11391 = DIRECTION('',(0.000000,1.000000,0.000000));
#11392 = AXIS2_PLACEMENT_3D('',#11389,#11390,#11391);
#11393 = PLANE('',#11392);
#11394 = ADVANCED_FACE('',(#11388),#11393,.T.);
#11395 = CARTESIAN_POINT('',(42.56650,55.23656,0.00000));
#11396 = VERTEX_POINT('',#11395);
#11397 = CARTESIAN_POINT('',(56.36650,55.23656,0.00000));
#11398 = VERTEX_POINT('',#11397);
#11399 = CARTESIAN_POINT('',(56.36650,55.23656,1.50000));
#11400 = VERTEX_POINT('',#11399);
#11401 = CARTESIAN_POINT('',(42.56650,55.23656,1.50000));
#11402 = VERTEX_POINT('',#11401);
#11403 = CARTESIAN_POINT('',(42.56650,55.23656,0.00000));
#11404 = DIRECTION('',(1.000000,0.000000,0.000000));
#11405 = VECTOR('',#11404,13.80000);
#11406 = LINE('',#11403,#11405);
#11407 = EDGE_CURVE('',#11396,#11398,#11406,.T.);
#11408 = CARTESIAN_POINT('',(56.36650,55.23656,0.00000));
#11409 = DIRECTION('',(0.000000,0.000000,1.000000));
#11410 = VECTOR('',#11409,1.50000);
#11411 = LINE('',#11408,#11410);
#11412 = EDGE_CURVE('',#11398,#11400,#11411,.T.);
#11413 = CARTESIAN_POINT('',(56.36650,55.23656,1.50000));
#11414 = DIRECTION('',(-1.000000,-0.000000,0.000000));
#11415 = VECTOR('',#11414,13.80000);
#11416 = LINE('',#11413,#11415);
#11417 = EDGE_CURVE('',#11400,#11402,#11416,.T.);
#11418 = CARTESIAN_POINT('',(42.56650,55.23656,1.50000));
#11419 = DIRECTION('',(0.000000,0.000000,-1.000000));
#11420 = VECTOR('',#11419,1.50000);
#11421 = LINE('',#11418,#11420);
#11422 = EDGE_CURVE('',#11402,#11396,#11421,.T.);
#11423 = ORIENTED_EDGE('',*,*,#11422,.F.);
#11424 = ORIENTED_EDGE('',*,*,#11417,.F.);
#11425 = ORIENTED_EDGE('',*,*,#11412,.F.);
#11426 = ORIENTED_EDGE('',*,*,#11407,.F.);
#11427 = EDGE_LOOP('',(#11423,#11424,#11425,#11426));
#11428 = FACE_OUTER_BOUND('',#11427,.T.);
#11429 = CARTESIAN_POINT('',(42.56650,55.23656,0.00000));
#11430 = DIRECTION('',(-0.000000,1.000000,0.000000));
#11431 = DIRECTION('',(1.000000,0.000000,0.000000));
#11432 = AXIS2_PLACEMENT_3D('',#11429,#11430,#11431);
#11433 = PLANE('',#11432);
#11434 = ADVANCED_FACE('',(#11428),#11433,.T.);
#11435 = CARTESIAN_POINT('',(56.36650,55.23656,0.00000));
#11436 = VERTEX_POINT('',#11435);
#11437 = CARTESIAN_POINT('',(56.36650,41.43656,0.00000));
#11438 = VERTEX_POINT('',#11437);
#11439 = CARTESIAN_POINT('',(56.36650,41.43656,1.50000));
#11440 = VERTEX_POINT('',#11439);
#11441 = CARTESIAN_POINT('',(56.36650,55.23656,1.50000));
#11442 = VERTEX_POINT('',#11441);
#11443 = CARTESIAN_POINT('',(56.36650,55.23656,0.00000));
#11444 = DIRECTION('',(0.000000,-1.000000,0.000000));
#11445 = VECTOR('',#11444,13.80000);
#11446 = LINE('',#11443,#11445);
#11447 = EDGE_CURVE('',#11436,#11438,#11446,.T.);
#11448 = CARTESIAN_POINT('',(56.36650,41.43656,0.00000));
#11449 = DIRECTION('',(0.000000,0.000000,1.000000));
#11450 = VECTOR('',#11449,1.50000);
#11451 = LINE('',#11448,#11450);
#11452 = EDGE_CURVE('',#11438,#11440,#11451,.T.);
#11453 = CARTESIAN_POINT('',(56.36650,41.43656,1.50000));
#11454 = DIRECTION('',(-0.000000,1.000000,0.000000));
#11455 = VECTOR('',#11454,13.80000);
#11456 = LINE('',#11453,#11455);
#11457 = EDGE_CURVE('',#11440,#11442,#11456,.T.);
#11458 = CARTESIAN_POINT('',(56.36650,55.23656,1.50000));
#11459 = DIRECTION('',(0.000000,0.000000,-1.000000));
#11460 = VECTOR('',#11459,1.50000);
#11461 = LINE('',#11458,#11460);
#11462 = EDGE_CURVE('',#11442,#11436,#11461,.T.);
#11463 = ORIENTED_EDGE('',*,*,#11462,.F.);
#11464 = ORIENTED_EDGE('',*,*,#11457,.F.);
#11465 = ORIENTED_EDGE('',*,*,#11452,.F.);
#11466 = ORIENTED_EDGE('',*,*,#11447,.F.);
#11467 = EDGE_LOOP('',(#11463,#11464,#11465,#11466));
#11468 = FACE_OUTER_BOUND('',#11467,.T.);
#11469 = CARTESIAN_POINT('',(56.36650,55.23656,0.00000));
#11470 = DIRECTION('',(1.000000,0.000000,0.000000));
#11471 = DIRECTION('',(0.000000,-1.000000,0.000000));
#11472 = AXIS2_PLACEMENT_3D('',#11469,#11470,#11471);
#11473 = PLANE('',#11472);
#11474 = ADVANCED_FACE('',(#11468),#11473,.T.);
#11475 = CARTESIAN_POINT('',(56.36650,41.43656,0.00000));
#11476 = VERTEX_POINT('',#11475);
#11477 = CARTESIAN_POINT('',(42.56650,41.43656,0.00000));
#11478 = VERTEX_POINT('',#11477);
#11479 = CARTESIAN_POINT('',(42.56650,41.43656,1.50000));
#11480 = VERTEX_POINT('',#11479);
#11481 = CARTESIAN_POINT('',(56.36650,41.43656,1.50000));
#11482 = VERTEX_POINT('',#11481);
#11483 = CARTESIAN_POINT('',(56.36650,41.43656,0.00000));
#11484 = DIRECTION('',(-1.000000,0.000000,0.000000));
#11485 = VECTOR('',#11484,13.80000);
#11486 = LINE('',#11483,#11485);
#11487 = EDGE_CURVE('',#11476,#11478,#11486,.T.);
#11488 = CARTESIAN_POINT('',(42.56650,41.43656,0.00000));
#11489 = DIRECTION('',(0.000000,0.000000,1.000000));
#11490 = VECTOR('',#11489,1.50000);
#11491 = LINE('',#11488,#11490);
#11492 = EDGE_CURVE('',#11478,#11480,#11491,.T.);
#11493 = CARTESIAN_POINT('',(42.56650,41.43656,1.50000));
#11494 = DIRECTION('',(1.000000,-0.000000,0.000000));
#11495 = VECTOR('',#11494,13.80000);
#11496 = LINE('',#11493,#11495);
#11497 = EDGE_CURVE('',#11480,#11482,#11496,.T.);
#11498 = CARTESIAN_POINT('',(56.36650,41.43656,1.50000));
#11499 = DIRECTION('',(0.000000,0.000000,-1.000000));
#11500 = VECTOR('',#11499,1.50000);
#11501 = LINE('',#11498,#11500);
#11502 = EDGE_CURVE('',#11482,#11476,#11501,.T.);
#11503 = ORIENTED_EDGE('',*,*,#11502,.F.);
#11504 = ORIENTED_EDGE('',*,*,#11497,.F.);
#11505 = ORIENTED_EDGE('',*,*,#11492,.F.);
#11506 = ORIENTED_EDGE('',*,*,#11487,.F.);
#11507 = EDGE_LOOP('',(#11503,#11504,#11505,#11506));
#11508 = FACE_OUTER_BOUND('',#11507,.T.);
#11509 = CARTESIAN_POINT('',(56.36650,41.43656,0.00000));
#11510 = DIRECTION('',(-0.000000,-1.000000,0.000000));
#11511 = DIRECTION('',(-1.000000,0.000000,0.000000));
#11512 = AXIS2_PLACEMENT_3D('',#11509,#11510,#11511);
#11513 = PLANE('',#11512);
#11514 = ADVANCED_FACE('',(#11508),#11513,.T.);
#11515 = CARTESIAN_POINT('',(42.56650,41.43656,0.00000));
#11516 = VERTEX_POINT('',#11515);
#11517 = CARTESIAN_POINT('',(42.56650,55.23656,0.00000));
#11518 = VERTEX_POINT('',#11517);
#11519 = CARTESIAN_POINT('',(42.56650,55.23656,1.50000));
#11520 = VERTEX_POINT('',#11519);
#11521 = CARTESIAN_POINT('',(42.56650,41.43656,1.50000));
#11522 = VERTEX_POINT('',#11521);
#11523 = CARTESIAN_POINT('',(42.56650,41.43656,0.00000));
#11524 = DIRECTION('',(0.000000,1.000000,0.000000));
#11525 = VECTOR('',#11524,13.80000);
#11526 = LINE('',#11523,#11525);
#11527 = EDGE_CURVE('',#11516,#11518,#11526,.T.);
#11528 = CARTESIAN_POINT('',(42.56650,55.23656,0.00000));
#11529 = DIRECTION('',(0.000000,0.000000,1.000000));
#11530 = VECTOR('',#11529,1.50000);
#11531 = LINE('',#11528,#11530);
#11532 = EDGE_CURVE('',#11518,#11520,#11531,.T.);
#11533 = CARTESIAN_POINT('',(42.56650,55.23656,1.50000));
#11534 = DIRECTION('',(-0.000000,-1.000000,0.000000));
#11535 = VECTOR('',#11534,13.80000);
#11536 = LINE('',#11533,#11535);
#11537 = EDGE_CURVE('',#11520,#11522,#11536,.T.);
#11538 = CARTESIAN_POINT('',(42.56650,41.43656,1.50000));
#11539 = DIRECTION('',(0.000000,0.000000,-1.000000));
#11540 = VECTOR('',#11539,1.50000);
#11541 = LINE('',#11538,#11540);
#11542 = EDGE_CURVE('',#11522,#11516,#11541,.T.);
#11543 = ORIENTED_EDGE('',*,*,#11542,.F.);
#11544 = ORIENTED_EDGE('',*,*,#11537,.F.);
#11545 = ORIENTED_EDGE('',*,*,#11532,.F.);
#11546 = ORIENTED_EDGE('',*,*,#11527,.F.);
#11547 = EDGE_LOOP('',(#11543,#11544,#11545,#11546));
#11548 = FACE_OUTER_BOUND('',#11547,.T.);
#11549 = CARTESIAN_POINT('',(42.56650,41.43656,0.00000));
#11550 = DIRECTION('',(-1.000000,0.000000,0.000000));
#11551 = DIRECTION('',(0.000000,1.000000,0.000000));
#11552 = AXIS2_PLACEMENT_3D('',#11549,#11550,#11551);
#11553 = PLANE('',#11552);
#11554 = ADVANCED_FACE('',(#11548),#11553,.T.);
#11555 = CARTESIAN_POINT('',(121.02002,87.55634,0.00000));
#11556 = VERTEX_POINT('',#11555);
#11557 = CARTESIAN_POINT('',(132.97118,80.65634,0.00000));
#11558 = VERTEX_POINT('',#11557);
#11559 = CARTESIAN_POINT('',(132.97118,80.65634,1.50000));
#11560 = VERTEX_POINT('',#11559);
#11561 = CARTESIAN_POINT('',(121.02002,87.55634,1.50000));
#11562 = VERTEX_POINT('',#11561);
#11563 = CARTESIAN_POINT('',(121.02002,87.55634,0.00000));
#11564 = DIRECTION('',(0.866025,-0.500000,0.000000));
#11565 = VECTOR('',#11564,13.80000);
#11566 = LINE('',#11563,#11565);
#11567 = EDGE_CURVE('',#11556,#11558,#11566,.T.);
#11568 = CARTESIAN_POINT('',(132.97118,80.65634,0.00000));
#11569 = DIRECTION('',(0.000000,0.000000,1.000000));
#11570 = VECTOR('',#11569,1.50000);
#11571 = LINE('',#11568,#11570);
#11572 = EDGE_CURVE('',#11558,#11560,#11571,.T.);
#11573 = CARTESIAN_POINT('',(132.97118,80.65634,1.50000));
#11574 = DIRECTION('',(-0.866025,0.500000,0.000000));
#11575 = VECTOR('',#11574,13.80000);
#11576 = LINE('',#11573,#11575);
#11577 = EDGE_CURVE('',#11560,#11562,#11576,.T.);
#11578 = CARTESIAN_POINT('',(121.02002,87.55634,1.50000));
#11579 = DIRECTION('',(0.000000,0.000000,-1.000000));
#11580 = VECTOR('',#11579,1.50000);
#11581 = LINE('',#11578,#11580);
#11582 = EDGE_CURVE('',#11562,#11556,#11581,.T.);
#11583 = ORIENTED_EDGE('',*,*,#11582,.F.);
#11584 = ORIENTED_EDGE('',*,*,#11577,.F.);
#11585 = ORIENTED_EDGE('',*,*,#11572,.F.);
#11586 = ORIENTED_EDGE('',*,*,#11567,.F.);
#11587 = EDGE_LOOP('',(#11583,#11584,#11585,#11586));
#11588 = FACE_OUTER_BOUND('',#11587,.T.);
#11589 = CARTESIAN_POINT('',(121.02002,87.55634,0.00000));
#11590 = DIRECTION('',(0.500000,0.866025,0.000000));
#11591 = DIRECTION('',(0.866025,-0.500000,0.000000));
#11592 = AXIS2_PLACEMENT_3D('',#11589,#11590,#11591);
#11593 = PLANE('',#11592);
#11594 = ADVANCED_FACE('',(#11588),#11593,.T.);
#11595 = CARTESIAN_POINT('',(132.97118,80.65634,0.00000));
#11596 = VERTEX_POINT('',#11595);
#11597 = CARTESIAN_POINT('',(126.07118,68.70518,0.00000));
#11598 = VERTEX_POINT('',#11597);
#11599 = CARTESIAN_POINT('',(126.07118,68.70518,1.50000));
#11600 = VERTEX_POINT('',#11599);
#11601 = CARTESIAN_POINT('',(132.97118,80.65634,1.50000));
#11602 = VERTEX_POINT('',#11601);
#11603 = CARTESIAN_POINT('',(132.97118,80.65634,0.00000));
#11604 = DIRECTION('',(-0.500000,-0.866025,0.000000));
#11605 = VECTOR('',#11604,13.80000);
#11606 = LINE('',#11603,#11605);
#11607 = EDGE_CURVE('',#11596,#11598,#11606,.T.);
#11608 = CARTESIAN_POINT('',(126.07118,68.70518,0.00000));
#11609 = DIRECTION('',(0.000000,0.000000,1.000000));
#11610 = VECTOR('',#11609,1.50000);
#11611 = LINE('',#11608,#11610);
#11612 = EDGE_CURVE('',#11598,#11600,#11611,.T.);
#11613 = CARTESIAN_POINT('',(126.07118,68.70518,1.50000));
#11614 = DIRECTION('',(0.500000,0.866025,0.000000));
#11615 = VECTOR('',#11614,13.80000);
#11616 = LINE('',#11613,#11615);
#11617 = EDGE_CURVE('',#11600,#11602,#11616,.T.);
#11618 = CARTESIAN_POINT('',(132.97118,80.65634,1.50000));
#11619 = DIRECTION('',(0.000000,0.000000,-1.000000));
#11620 = VECTOR('',#11619,1.50000);
#11621 = LINE('',#11618,#11620);
#11622 = EDGE_CURVE('',#11602,#11596,#11621,.T.);
#11623 = ORIENTED_EDGE('',*,*,#11622,.F.);
#11624 = ORIENTED_EDGE('',*,*,#11617,.F.);
#11625 = ORIENTED_EDGE('',*,*,#11612,.F.);
#11626 = ORIENTED_EDGE('',*,*,#11607,.F.);
#11627 = EDGE_LOOP('',(#11623,#11624,#11625,#11626));
#11628 = FACE_OUTER_BOUND('',#11627,.T.);
#11629 = CARTESIAN_POINT('',(132.97118,80.65634,0.00000));
#11630 = DIRECTION('',(0.866025,-0.500000,0.000000));
#11631 = DIRECTION('',(-0.500000,-0.866025,0.000000));
#11632 = AXIS2_PLACEMENT_3D('',#11629,#11630,#11631);
#11633 = PLANE('',#11632);
#11634 = ADVANCED_FACE('',(#11628),#11633,.T.);
#11635 = CARTESIAN_POINT('',(126.07118,68.70518,0.00000));
#11636 = VERTEX_POINT('',#11635);
#11637 = CARTESIAN_POINT('',(114.12002,75.60518,0.00000));
#11638 = VERTEX_POINT('',#11637);
#11639 = CARTESIAN_POINT('',(114.12002,75.60518,1.50000));
#11640 = VERTEX_POINT('',#11639);
#11641 = CARTESIAN_POINT('',(126.07118,68.70518,1.50000));
#11642 = VERTEX_POINT('',#11641);
#11643 = CARTESIAN_POINT('',(126.07118,68.70518,0.00000));
#11644 = DIRECTION('',(-0.866025,0.500000,0.000000));
#11645 = VECTOR('',#11644,13.80000);
#11646 = LINE('',#11643,#11645);
#11647 = EDGE_CURVE('',#11636,#11638,#11646,.T.);
#11648 = CARTESIAN_POINT('',(114.12002,75.60518,0.00000));
#11649 = DIRECTION('',(0.000000,0.000000,1.000000));
#11650 = VECTOR('',#11649,1.50000);
#11651 = LINE('',#11648,#11650);
#11652 = EDGE_CURVE('',#11638,#11640,#11651,.T.);
#11653 = CARTESIAN_POINT('',(114.12002,75.60518,1.50000));
#11654 = DIRECTION('',(0.866025,-0.500000,0.000000));
#11655 = VECTOR('',#11654,13.80000);
#11656 = LINE('',#11653,#11655);
#11657 = EDGE_CURVE('',#11640,#11642,#11656,.T.);
#11658 = CARTESIAN_POINT('',(126.07118,68.70518,1.50000));
#11659 = DIRECTION('',(0.000000,0.000000,-1.000000));
#11660 = VECTOR('',#11659,1.50000);
#11661 = LINE('',#11658,#11660);
#11662 = EDGE_CURVE('',#11642,#11636,#11661,.T.);
#11663 = ORIENTED_EDGE('',*,*,#11662,.F.);
#11664 = ORIENTED_EDGE('',*,*,#11657,.F.);
#11665 = ORIENTED_EDGE('',*,*,#11652,.F.);
#11666 = ORIENTED_EDGE('',*,*,#11647,.F.);
#11667 = EDGE_LOOP('',(#11663,#11664,#11665,#11666));
#11668 = FACE_OUTER_BOUND('',#11667,.T.);
#11669 = CARTESIAN_POINT('',(126.07118,68.70518,0.00000));
#11670 = DIRECTION('',(-0.500000,-0.866025,0.000000));
#11671 = DIRECTION('',(-0.866025,0.500000,0.000000));
#11672 = AXIS2_PLACEMENT_3D('',#11669,#11670,#11671);
#11673 = PLANE('',#11672);
#11674 = ADVANCED_FACE('',(#11668),#11673,.T.);
#11675 = CARTESIAN_POINT('',(114.12002,75.60518,0.00000));
#11676 = VERTEX_POINT('',#11675);
#11677 = CARTESIAN_POINT('',(121.02002,87.55634,0.00000));
#11678 = VERTEX_POINT('',#11677);
#11679 = CARTESIAN_POINT('',(121.02002,87.55634,1.50000));
#11680 = VERTEX_POINT('',#11679);
#11681 = CARTESIAN_POINT('',(114.12002,75.60518,1.50000));
#11682 = VERTEX_POINT('',#11681);
#11683 = CARTESIAN_POINT('',(114.12002,75.60518,0.00000));
#11684 = DIRECTION('',(0.500000,0.866025,0.000000));
#11685 = VECTOR('',#11684,13.80000);
#11686 = LINE('',#11683,#11685);
#11687 = EDGE_CURVE('',#11676,#11678,#11686,.T.);
#11688 = CARTESIAN_POINT('',(121.02002,87.55634,0.00000));
#11689 = DIRECTION('',(0.000000,0.000000,1.000000));
#11690 = VECTOR('',#11689,1.50000);
#11691 = LINE('',#11688,#11690);
#11692 = EDGE_CURVE('',#11678,#11680,#11691,.T.);
#11693 = CARTESIAN_POINT('',(121.02002,87.55634,1.50000));
#11694 = DIRECTION('',(-0.500000,-0.866025,0.000000));
#11695 = VECTOR('',#11694,13.80000);
#11696 = LINE('',#11693,#11695);
#11697 = EDGE_CURVE('',#11680,#11682,#11696,.T.);
#11698 = CARTESIAN_POINT('',(114.12002,75.60518,1.50000));
#11699 = DIRECTION('',(0.000000,0.000000,-1.000000));
#11700 = VECTOR('',#11699,1.50000);
#11701 = LINE('',#11698,#11700);
#11702 = EDGE_CURVE('',#11682,#11676,#11701,.T.);
#11703 = ORIENTED_EDGE('',*,*,#11702,.F.);
#11704 = ORIENTED_EDGE('',*,*,#11697,.F.);
#11705 = ORIENTED_EDGE('',*,*,#11692,.F.);
#11706 = ORIENTED_EDGE('',*,*,#11687,.F.);
#11707 = EDGE_LOOP('',(#11703,#11704,#11705,#11706));
#11708 = FACE_OUTER_BOUND('',#11707,.T.);
#11709 = CARTESIAN_POINT('',(114.12002,75.60518,0.00000));
#11710 = DIRECTION('',(-0.866025,0.500000,0.000000));
#11711 = DIRECTION('',(0.500000,0.866025,0.000000));
#11712 = AXIS2_PLACEMENT_3D('',#11709,#11710,#11711);
#11713 = PLANE('',#11712);
#11714 = ADVANCED_FACE('',(#11708),#11713,.T.);
#11715 = CARTESIAN_POINT('',(61.81350,52.40916,0.00000));
#11716 = VERTEX_POINT('',#11715);
#11717 = CARTESIAN_POINT('',(75.61350,52.40916,0.00000));
#11718 = VERTEX_POINT('',#11717);
#11719 = CARTESIAN_POINT('',(75.61350,52.40916,1.50000));
#11720 = VERTEX_POINT('',#11719);
#11721 = CARTESIAN_POINT('',(61.81350,52.40916,1.50000));
#11722 = VERTEX_POINT('',#11721);
#11723 = CARTESIAN_POINT('',(61.81350,52.40916,0.00000));
#11724 = DIRECTION('',(1.000000,0.000000,0.000000));
#11725 = VECTOR('',#11724,13.80000);
#11726 = LINE('',#11723,#11725);
#11727 = EDGE_CURVE('',#11716,#11718,#11726,.T.);
#11728 = CARTESIAN_POINT('',(75.61350,52.40916,0.00000));
#11729 = DIRECTION('',(0.000000,0.000000,1.000000));
#11730 = VECTOR('',#11729,1.50000);
#11731 = LINE('',#11728,#11730);
#11732 = EDGE_CURVE('',#11718,#11720,#11731,.T.);
#11733 = CARTESIAN_POINT('',(75.61350,52.40916,1.50000));
#11734 = DIRECTION('',(-1.000000,-0.000000,0.000000));
#11735 = VECTOR('',#11734,13.80000);
#11736 = LINE('',#11733,#11735);
#11737 = EDGE_CURVE('',#11720,#11722,#11736,.T.);
#11738 = CARTESIAN_POINT('',(61.81350,52.40916,1.50000));
#11739 = DIRECTION('',(0.000000,0.000000,-1.000000));
#11740 = VECTOR('',#11739,1.50000);
#11741 = LINE('',#11738,#11740);
#11742 = EDGE_CURVE('',#11722,#11716,#11741,.T.);
#11743 = ORIENTED_EDGE('',*,*,#11742,.F.);
#11744 = ORIENTED_EDGE('',*,*,#11737,.F.);
#11745 = ORIENTED_EDGE('',*,*,#11732,.F.);
#11746 = ORIENTED_EDGE('',*,*,#11727,.F.);
#11747 = EDGE_LOOP('',(#11743,#11744,#11745,#11746));
#11748 = FACE_OUTER_BOUND('',#11747,.T.);
#11749 = CARTESIAN_POINT('',(61.81350,52.40916,0.00000));
#11750 = DIRECTION('',(-0.000000,1.000000,0.000000));
#11751 = DIRECTION('',(1.000000,0.000000,0.000000));
#11752 = AXIS2_PLACEMENT_3D('',#11749,#11750,#11751);
#11753 = PLANE('',#11752);
#11754 = ADVANCED_FACE('',(#11748),#11753,.T.);
#11755 = CARTESIAN_POINT('',(75.61350,52.40916,0.00000));
#11756 = VERTEX_POINT('',#11755);
#11757 = CARTESIAN_POINT('',(75.61350,38.60916,0.00000));
#11758 = VERTEX_POINT('',#11757);
#11759 = CARTESIAN_POINT('',(75.61350,38.60916,1.50000));
#11760 = VERTEX_POINT('',#11759);
#11761 = CARTESIAN_POINT('',(75.61350,52.40916,1.50000));
#11762 = VERTEX_POINT('',#11761);
#11763 = CARTESIAN_POINT('',(75.61350,52.40916,0.00000));
#11764 = DIRECTION('',(0.000000,-1.000000,0.000000));
#11765 = VECTOR('',#11764,13.80000);
#11766 = LINE('',#11763,#11765);
#11767 = EDGE_CURVE('',#11756,#11758,#11766,.T.);
#11768 = CARTESIAN_POINT('',(75.61350,38.60916,0.00000));
#11769 = DIRECTION('',(0.000000,0.000000,1.000000));
#11770 = VECTOR('',#11769,1.50000);
#11771 = LINE('',#11768,#11770);
#11772 = EDGE_CURVE('',#11758,#11760,#11771,.T.);
#11773 = CARTESIAN_POINT('',(75.61350,38.60916,1.50000));
#11774 = DIRECTION('',(-0.000000,1.000000,0.000000));
#11775 = VECTOR('',#11774,13.80000);
#11776 = LINE('',#11773,#11775);
#11777 = EDGE_CURVE('',#11760,#11762,#11776,.T.);
#11778 = CARTESIAN_POINT('',(75.61350,52.40916,1.50000));
#11779 = DIRECTION('',(0.000000,0.000000,-1.000000));
#11780 = VECTOR('',#11779,1.50000);
#11781 = LINE('',#11778,#11780);
#11782 = EDGE_CURVE('',#11762,#11756,#11781,.T.);
#11783 = ORIENTED_EDGE('',*,*,#11782,.F.);
#11784 = ORIENTED_EDGE('',*,*,#11777,.F.);
#11785 = ORIENTED_EDGE('',*,*,#11772,.F.);
#11786 = ORIENTED_EDGE('',*,*,#11767,.F.);
#11787 = EDGE_LOOP('',(#11783,#11784,#11785,#11786));
#11788 = FACE_OUTER_BOUND('',#11787,.T.);
#11789 = CARTESIAN_POINT('',(75.61350,52.40916,0.00000));
#11790 = DIRECTION('',(1.000000,0.000000,0.000000));
#11791 = DIRECTION('',(0.000000,-1.000000,0.000000));
#11792 = AXIS2_PLACEMENT_3D('',#11789,#11790,#11791);
#11793 = PLANE('',#11792);
#11794 = ADVANCED_FACE('',(#11788),#11793,.T.);
#11795 = CARTESIAN_POINT('',(75.61350,38.60916,0.00000));
#11796 = VERTEX_POINT('',#11795);
#11797 = CARTESIAN_POINT('',(61.81350,38.60916,0.00000));
#11798 = VERTEX_POINT('',#11797);
#11799 = CARTESIAN_POINT('',(61.81350,38.60916,1.50000));
#11800 = VERTEX_POINT('',#11799);
#11801 = CARTESIAN_POINT('',(75.61350,38.60916,1.50000));
#11802 = VERTEX_POINT('',#11801);
#11803 = CARTESIAN_POINT('',(75.61350,38.60916,0.00000));
#11804 = DIRECTION('',(-1.000000,0.000000,0.000000));
#11805 = VECTOR('',#11804,13.80000);
#11806 = LINE('',#11803,#11805);
#11807 = EDGE_CURVE('',#11796,#11798,#11806,.T.);
#11808 = CARTESIAN_POINT('',(61.81350,38.60916,0.00000));
#11809 = DIRECTION('',(0.000000,0.000000,1.000000));
#11810 = VECTOR('',#11809,1.50000);
#11811 = LINE('',#11808,#11810);
#11812 = EDGE_CURVE('',#11798,#11800,#11811,.T.);
#11813 = CARTESIAN_POINT('',(61.81350,38.60916,1.50000));
#11814 = DIRECTION('',(1.000000,-0.000000,0.000000));
#11815 = VECTOR('',#11814,13.80000);
#11816 = LINE('',#11813,#11815);
#11817 = EDGE_CURVE('',#11800,#11802,#11816,.T.);
#11818 = CARTESIAN_POINT('',(75.61350,38.60916,1.50000));
#11819 = DIRECTION('',(0.000000,0.000000,-1.000000));
#11820 = VECTOR('',#11819,1.50000);
#11821 = LINE('',#11818,#11820);
#11822 = EDGE_CURVE('',#11802,#11796,#11821,.T.);
#11823 = ORIENTED_EDGE('',*,*,#11822,.F.);
#11824 = ORIENTED_EDGE('',*,*,#11817,.F.);
#11825 = ORIENTED_EDGE('',*,*,#11812,.F.);
#11826 = ORIENTED_EDGE('',*,*,#11807,.F.);
#11827 = EDGE_LOOP('',(#11823,#11824,#11825,#11826));
#11828 = FACE_OUTER_BOUND('',#11827,.T.);
#11829 = CARTESIAN_POINT('',(75.61350,38.60916,0.00000));
#11830 = DIRECTION('',(-0.000000,-1.000000,0.000000));
#11831 = DIRECTION('',(-1.000000,0.000000,0.000000));
#11832 = AXIS2_PLACEMENT_3D('',#11829,#11830,#11831);
#11833 = PLANE('',#11832);
#11834 = ADVANCED_FACE('',(#11828),#11833,.T.);
#11835 = CARTESIAN_POINT('',(61.81350,38.60916,0.00000));
#11836 = VERTEX_POINT('',#11835);
#11837 = CARTESIAN_POINT('',(61.81350,52.40916,0.00000));
#11838 = VERTEX_POINT('',#11837);
#11839 = CARTESIAN_POINT('',(61.81350,52.40916,1.50000));
#11840 = VERTEX_POINT('',#11839);
#11841 = CARTESIAN_POINT('',(61.81350,38.60916,1.50000));
#11842 = VERTEX_POINT('',#11841);
#11843 = CARTESIAN_POINT('',(61.81350,38.60916,0.00000));
#11844 = DIRECTION('',(0.000000,1.000000,0.000000));
#11845 = VECTOR('',#11844,13.80000);
#11846 = LINE('',#11843,#11845);
#11847 = EDGE_CURVE('',#11836,#11838,#11846,.T.);
#11848 = CARTESIAN_POINT('',(61.81350,52.40916,0.00000));
#11849 = DIRECTION('',(0.000000,0.000000,1.000000));
#11850 = VECTOR('',#11849,1.50000);
#11851 = LINE('',#11848,#11850);
#11852 = EDGE_CURVE('',#11838,#11840,#11851,.T.);
#11853 = CARTESIAN_POINT('',(61.81350,52.40916,1.50000));
#11854 = DIRECTION('',(-0.000000,-1.000000,0.000000));
#11855 = VECTOR('',#11854,13.80000);
#11856 = LINE('',#11853,#11855);
#11857 = EDGE_CURVE('',#11840,#11842,#11856,.T.);
#11858 = CARTESIAN_POINT('',(61.81350,38.60916,1.50000));
#11859 = DIRECTION('',(0.000000,0.000000,-1.000000));
#11860 = VECTOR('',#11859,1.50000);
#11861 = LINE('',#11858,#11860);
#11862 = EDGE_CURVE('',#11842,#11836,#11861,.T.);
#11863 = ORIENTED_EDGE('',*,*,#11862,.F.);
#11864 = ORIENTED_EDGE('',*,*,#11857,.F.);
#11865 = ORIENTED_EDGE('',*,*,#11852,.F.);
#11866 = ORIENTED_EDGE('',*,*,#11847,.F.);
#11867 = EDGE_LOOP('',(#11863,#11864,#11865,#11866));
#11868 = FACE_OUTER_BOUND('',#11867,.T.);
#11869 = CARTESIAN_POINT('',(61.81350,38.60916,0.00000));
#11870 = DIRECTION('',(-1.000000,0.000000,0.000000));
#11871 = DIRECTION('',(0.000000,1.000000,0.000000));
#11872 = AXIS2_PLACEMENT_3D('',#11869,#11870,#11871);
#11873 = PLANE('',#11872);
#11874 = ADVANCED_FACE('',(#11868),#11873,.T.);
#11875 = CARTESIAN_POINT('',(80.92050,37.77256,0.00000));
#11876 = VERTEX_POINT('',#11875);
#11877 = CARTESIAN_POINT('',(94.72050,37.77256,0.00000));
#11878 = VERTEX_POINT('',#11877);
#11879 = CARTESIAN_POINT('',(94.72050,37.77256,1.50000));
#11880 = VERTEX_POINT('',#11879);
#11881 = CARTESIAN_POINT('',(80.92050,37.77256,1.50000));
#11882 = VERTEX_POINT('',#11881);
#11883 = CARTESIAN_POINT('',(80.92050,37.77256,0.00000));
#11884 = DIRECTION('',(1.000000,0.000000,0.000000));
#11885 = VECTOR('',#11884,13.80000);
#11886 = LINE('',#11883,#11885);
#11887 = EDGE_CURVE('',#11876,#11878,#11886,.T.);
#11888 = CARTESIAN_POINT('',(94.72050,37.77256,0.00000));
#11889 = DIRECTION('',(0.000000,0.000000,1.000000));
#11890 = VECTOR('',#11889,1.50000);
#11891 = LINE('',#11888,#11890);
#11892 = EDGE_CURVE('',#11878,#11880,#11891,.T.);
#11893 = CARTESIAN_POINT('',(94.72050,37.77256,1.50000));
#11894 = DIRECTION('',(-1.000000,-0.000000,0.000000));
#11895 = VECTOR('',#11894,13.80000);
#11896 = LINE('',#11893,#11895);
#11897 = EDGE_CURVE('',#11880,#11882,#11896,.T.);
#11898 = CARTESIAN_POINT('',(80.92050,37.77256,1.50000));
#11899 = DIRECTION('',(0.000000,0.000000,-1.000000));
#11900 = VECTOR('',#11899,1.50000);
#11901 = LINE('',#11898,#11900);
#11902 = EDGE_CURVE('',#11882,#11876,#11901,.T.);
#11903 = ORIENTED_EDGE('',*,*,#11902,.F.);
#11904 = ORIENTED_EDGE('',*,*,#11897,.F.);
#11905 = ORIENTED_EDGE('',*,*,#11892,.F.);
#11906 = ORIENTED_EDGE('',*,*,#11887,.F.);
#11907 = EDGE_LOOP('',(#11903,#11904,#11905,#11906));
#11908 = FACE_OUTER_BOUND('',#11907,.T.);
#11909 = CARTESIAN_POINT('',(80.92050,37.77256,0.00000));
#11910 = DIRECTION('',(-0.000000,1.000000,0.000000));
#11911 = DIRECTION('',(1.000000,0.000000,0.000000));
#11912 = AXIS2_PLACEMENT_3D('',#11909,#11910,#11911);
#11913 = PLANE('',#11912);
#11914 = ADVANCED_FACE('',(#11908),#11913,.T.);
#11915 = CARTESIAN_POINT('',(94.72050,37.77256,0.00000));
#11916 = VERTEX_POINT('',#11915);
#11917 = CARTESIAN_POINT('',(94.72050,23.97256,0.00000));
#11918 = VERTEX_POINT('',#11917);
#11919 = CARTESIAN_POINT('',(94.72050,23.97256,1.50000));
#11920 = VERTEX_POINT('',#11919);
#11921 = CARTESIAN_POINT('',(94.72050,37.77256,1.50000));
#11922 = VERTEX_POINT('',#11921);
#11923 = CARTESIAN_POINT('',(94.72050,37.77256,0.00000));
#11924 = DIRECTION('',(0.000000,-1.000000,0.000000));
#11925 = VECTOR('',#11924,13.80000);
#11926 = LINE('',#11923,#11925);
#11927 = EDGE_CURVE('',#11916,#11918,#11926,.T.);
#11928 = CARTESIAN_POINT('',(94.72050,23.97256,0.00000));
#11929 = DIRECTION('',(0.000000,0.000000,1.000000));
#11930 = VECTOR('',#11929,1.50000);
#11931 = LINE('',#11928,#11930);
#11932 = EDGE_CURVE('',#11918,#11920,#11931,.T.);
#11933 = CARTESIAN_POINT('',(94.72050,23.97256,1.50000));
#11934 = DIRECTION('',(-0.000000,1.000000,0.000000));
#11935 = VECTOR('',#11934,13.80000);
#11936 = LINE('',#11933,#11935);
#11937 = EDGE_CURVE('',#11920,#11922,#11936,.T.);
#11938 = CARTESIAN_POINT('',(94.72050,37.77256,1.50000));
#11939 = DIRECTION('',(0.000000,0.000000,-1.000000));
#11940 = VECTOR('',#11939,1.50000);
#11941 = LINE('',#11938,#11940);
#11942 = EDGE_CURVE('',#11922,#11916,#11941,.T.);
#11943 = ORIENTED_EDGE('',*,*,#11942,.F.);
#11944 = ORIENTED_EDGE('',*,*,#11937,.F.);
#11945 = ORIENTED_EDGE('',*,*,#11932,.F.);
#11946 = ORIENTED_EDGE('',*,*,#11927,.F.);
#11947 = EDGE_LOOP('',(#11943,#11944,#11945,#11946));
#11948 = FACE_OUTER_BOUND('',#11947,.T.);
#11949 = CARTESIAN_POINT('',(94.72050,37.77256,0.00000));
#11950 = DIRECTION('',(1.000000,0.000000,0.000000));
#11951 = DIRECTION('',(0.000000,-1.000000,0.000000));
#11952 = AXIS2_PLACEMENT_3D('',#11949,#11950,#11951);
#11953 = PLANE('',#11952);
#11954 = ADVANCED_FACE('',(#11948),#11953,.T.);
#11955 = CARTESIAN_POINT('',(94.72050,23.97256,0.00000));
#11956 = VERTEX_POINT('',#11955);
#11957 = CARTESIAN_POINT('',(80.92050,23.97256,0.00000));
#11958 = VERTEX_POINT('',#11957);
#11959 = CARTESIAN_POINT('',(80.92050,23.97256,1.50000));
#11960 = VERTEX_POINT('',#11959);
#11961 = CARTESIAN_POINT('',(94.72050,23.97256,1.50000));
#11962 = VERTEX_POINT('',#11961);
#11963 = CARTESIAN_POINT('',(94.72050,23.97256,0.00000));
#11964 = DIRECTION('',(-1.000000,0.000000,0.000000));
#11965 = VECTOR('',#11964,13.80000);
#11966 = LINE('',#11963,#11965);
#11967 = EDGE_CURVE('',#11956,#11958,#11966,.T.);
#11968 = CARTESIAN_POINT('',(80.92050,23.97256,0.00000));
#11969 = DIRECTION('',(0.000000,0.000000,1.000000));
#11970 = VECTOR('',#11969,1.50000);
#11971 = LINE('',#11968,#11970);
#11972 = EDGE_CURVE('',#11958,#11960,#11971,.T.);
#11973 = CARTESIAN_POINT('',(80.92050,23.97256,1.50000));
#11974 = DIRECTION('',(1.000000,-0.000000,0.000000));
#11975 = VECTOR('',#11974,13.80000);
#11976 = LINE('',#11973,#11975);
#11977 = EDGE_CURVE('',#11960,#11962,#11976,.T.);
#11978 = CARTESIAN_POINT('',(94.72050,23.97256,1.50000));
#11979 = DIRECTION('',(0.000000,0.000000,-1.000000));
#11980 = VECTOR('',#11979,1.50000);
#11981 = LINE('',#11978,#11980);
#11982 = EDGE_CURVE('',#11962,#11956,#11981,.T.);
#11983 = ORIENTED_EDGE('',*,*,#11982,.F.);
#11984 = ORIENTED_EDGE('',*,*,#11977,.F.);
#11985 = ORIENTED_EDGE('',*,*,#11972,.F.);
#11986 = ORIENTED_EDGE('',*,*,#11967,.F.);
#11987 = EDGE_LOOP('',(#11983,#11984,#11985,#11986));
#11988 = FACE_OUTER_BOUND('',#11987,.T.);
#11989 = CARTESIAN_POINT('',(94.72050,23.97256,0.00000));
#11990 = DIRECTION('',(-0.000000,-1.000000,0.000000));
#11991 = DIRECTION('',(-1.000000,0.000000,0.000000));
#11992 = AXIS2_PLACEMENT_3D('',#11989,#11990,#11991);
#11993 = PLANE('',#11992);
#11994 = ADVANCED_FACE('',(#11988),#11993,.T.);
#11995 = CARTESIAN_POINT('',(80.92050,23.97256,0.00000));
#11996 = VERTEX_POINT('',#11995);
#11997 = CARTESIAN_POINT('',(80.92050,37.77256,0.00000));
#11998 = VERTEX_POINT('',#11997);
#11999 = CARTESIAN_POINT('',(80.92050,37.77256,1.50000));
#12000 = VERTEX_POINT('',#11999);
#12001 = CARTESIAN_POINT('',(80.92050,23.97256,1.50000));
#12002 = VERTEX_POINT('',#12001);
#12003 = CARTESIAN_POINT('',(80.92050,23.97256,0.00000));
#12004 = DIRECTION('',(0.000000,1.000000,0.000000));
#12005 = VECTOR('',#12004,13.80000);
#12006 = LINE('',#12003,#12005);
#12007 = EDGE_CURVE('',#11996,#11998,#12006,.T.);
#12008 = CARTESIAN_POINT('',(80.92050,37.77256,0.00000));
#12009 = DIRECTION('',(0.000000,0.000000,1.000000));
#12010 = VECTOR('',#12009,1.50000);
#12011 = LINE('',#12008,#12010);
#12012 = EDGE_CURVE('',#11998,#12000,#12011,.T.);
#12013 = CARTESIAN_POINT('',(80.92050,37.77256,1.50000));
#12014 = DIRECTION('',(-0.000000,-1.000000,0.000000));
#12015 = VECTOR('',#12014,13.80000);
#12016 = LINE('',#12013,#12015);
#12017 = EDGE_CURVE('',#12000,#12002,#12016,.T.);
#12018 = CARTESIAN_POINT('',(80.92050,23.97256,1.50000));
#12019 = DIRECTION('',(0.000000,0.000000,-1.000000));
#12020 = VECTOR('',#12019,1.50000);
#12021 = LINE('',#12018,#12020);
#12022 = EDGE_CURVE('',#12002,#11996,#12021,.T.);
#12023 = ORIENTED_EDGE('',*,*,#12022,.F.);
#12024 = ORIENTED_EDGE('',*,*,#12017,.F.);
#12025 = ORIENTED_EDGE('',*,*,#12012,.F.);
#12026 = ORIENTED_EDGE('',*,*,#12007,.F.);
#12027 = EDGE_LOOP('',(#12023,#12024,#12025,#12026));
#12028 = FACE_OUTER_BOUND('',#12027,.T.);
#12029 = CARTESIAN_POINT('',(80.92050,23.97256,0.00000));
#12030 = DIRECTION('',(-1.000000,0.000000,0.000000));
#12031 = DIRECTION('',(0.000000,1.000000,0.000000));
#12032 = AXIS2_PLACEMENT_3D('',#12029,#12030,#12031);
#12033 = PLANE('',#12032);
#12034 = ADVANCED_FACE('',(#12028),#12033,.T.);
#12035 = CARTESIAN_POINT('',(80.92050,20.17756,0.00000));
#12036 = VERTEX_POINT('',#12035);
#12037 = CARTESIAN_POINT('',(94.72050,20.17756,0.00000));
#12038 = VERTEX_POINT('',#12037);
#12039 = CARTESIAN_POINT('',(94.72050,20.17756,1.50000));
#12040 = VERTEX_POINT('',#12039);
#12041 = CARTESIAN_POINT('',(80.92050,20.17756,1.50000));
#12042 = VERTEX_POINT('',#12041);
#12043 = CARTESIAN_POINT('',(80.92050,20.17756,0.00000));
#12044 = DIRECTION('',(1.000000,0.000000,0.000000));
#12045 = VECTOR('',#12044,13.80000);
#12046 = LINE('',#12043,#12045);
#12047 = EDGE_CURVE('',#12036,#12038,#12046,.T.);
#12048 = CARTESIAN_POINT('',(94.72050,20.17756,0.00000));
#12049 = DIRECTION('',(0.000000,0.000000,1.000000));
#12050 = VECTOR('',#12049,1.50000);
#12051 = LINE('',#12048,#12050);
#12052 = EDGE_CURVE('',#12038,#12040,#12051,.T.);
#12053 = CARTESIAN_POINT('',(94.72050,20.17756,1.50000));
#12054 = DIRECTION('',(-1.000000,-0.000000,0.000000));
#12055 = VECTOR('',#12054,13.80000);
#12056 = LINE('',#12053,#12055);
#12057 = EDGE_CURVE('',#12040,#12042,#12056,.T.);
#12058 = CARTESIAN_POINT('',(80.92050,20.17756,1.50000));
#12059 = DIRECTION('',(0.000000,0.000000,-1.000000));
#12060 = VECTOR('',#12059,1.50000);
#12061 = LINE('',#12058,#12060);
#12062 = EDGE_CURVE('',#12042,#12036,#12061,.T.);
#12063 = ORIENTED_EDGE('',*,*,#12062,.F.);
#12064 = ORIENTED_EDGE('',*,*,#12057,.F.);
#12065 = ORIENTED_EDGE('',*,*,#12052,.F.);
#12066 = ORIENTED_EDGE('',*,*,#12047,.F.);
#12067 = EDGE_LOOP('',(#12063,#12064,#12065,#12066));
#12068 = FACE_OUTER_BOUND('',#12067,.T.);
#12069 = CARTESIAN_POINT('',(80.92050,20.17756,0.00000));
#12070 = DIRECTION('',(-0.000000,1.000000,0.000000));
#12071 = DIRECTION('',(1.000000,0.000000,0.000000));
#12072 = AXIS2_PLACEMENT_3D('',#12069,#12070,#12071);
#12073 = PLANE('',#12072);
#12074 = ADVANCED_FACE('',(#12068),#12073,.T.);
#12075 = CARTESIAN_POINT('',(94.72050,20.17756,0.00000));
#12076 = VERTEX_POINT('',#12075);
#12077 = CARTESIAN_POINT('',(94.72050,6.37756,0.00000));
#12078 = VERTEX_POINT('',#12077);
#12079 = CARTESIAN_POINT('',(94.72050,6.37756,1.50000));
#12080 = VERTEX_POINT('',#12079);
#12081 = CARTESIAN_POINT('',(94.72050,20.17756,1.50000));
#12082 = VERTEX_POINT('',#12081);
#12083 = CARTESIAN_POINT('',(94.72050,20.17756,0.00000));
#12084 = DIRECTION('',(0.000000,-1.000000,0.000000));
#12085 = VECTOR('',#12084,13.80000);
#12086 = LINE('',#12083,#12085);
#12087 = EDGE_CURVE('',#12076,#12078,#12086,.T.);
#12088 = CARTESIAN_POINT('',(94.72050,6.37756,0.00000));
#12089 = DIRECTION('',(0.000000,0.000000,1.000000));
#12090 = VECTOR('',#12089,1.50000);
#12091 = LINE('',#12088,#12090);
#12092 = EDGE_CURVE('',#12078,#12080,#12091,.T.);
#12093 = CARTESIAN_POINT('',(94.72050,6.37756,1.50000));
#12094 = DIRECTION('',(-0.000000,1.000000,0.000000));
#12095 = VECTOR('',#12094,13.80000);
#12096 = LINE('',#12093,#12095);
#12097 = EDGE_CURVE('',#12080,#12082,#12096,.T.);
#12098 = CARTESIAN_POINT('',(94.72050,20.17756,1.50000));
#12099 = DIRECTION('',(0.000000,0.000000,-1.000000));
#12100 = VECTOR('',#12099,1.50000);
#12101 = LINE('',#12098,#12100);
#12102 = EDGE_CURVE('',#12082,#12076,#12101,.T.);
#12103 = ORIENTED_EDGE('',*,*,#12102,.F.);
#12104 = ORIENTED_EDGE('',*,*,#12097,.F.);
#12105 = ORIENTED_EDGE('',*,*,#12092,.F.);
#12106 = ORIENTED_EDGE('',*,*,#12087,.F.);
#12107 = EDGE_LOOP('',(#12103,#12104,#12105,#12106));
#12108 = FACE_OUTER_BOUND('',#12107,.T.);
#12109 = CARTESIAN_POINT('',(94.72050,20.17756,0.00000));
#12110 = DIRECTION('',(1.000000,0.000000,0.000000));
#12111 = DIRECTION('',(0.000000,-1.000000,0.000000));
#12112 = AXIS2_PLACEMENT_3D('',#12109,#12110,#12111);
#12113 = PLANE('',#12112);
#12114 = ADVANCED_FACE('',(#12108),#12113,.T.);
#12115 = CARTESIAN_POINT('',(94.72050,6.37756,0.00000));
#12116 = VERTEX_POINT('',#12115);
#12117 = CARTESIAN_POINT('',(80.92050,6.37756,0.00000));
#12118 = VERTEX_POINT('',#12117);
#12119 = CARTESIAN_POINT('',(80.92050,6.37756,1.50000));
#12120 = VERTEX_POINT('',#12119);
#12121 = CARTESIAN_POINT('',(94.72050,6.37756,1.50000));
#12122 = VERTEX_POINT('',#12121);
#12123 = CARTESIAN_POINT('',(94.72050,6.37756,0.00000));
#12124 = DIRECTION('',(-1.000000,0.000000,0.000000));
#12125 = VECTOR('',#12124,13.80000);
#12126 = LINE('',#12123,#12125);
#12127 = EDGE_CURVE('',#12116,#12118,#12126,.T.);
#12128 = CARTESIAN_POINT('',(80.92050,6.37756,0.00000));
#12129 = DIRECTION('',(0.000000,0.000000,1.000000));
#12130 = VECTOR('',#12129,1.50000);
#12131 = LINE('',#12128,#12130);
#12132 = EDGE_CURVE('',#12118,#12120,#12131,.T.);
#12133 = CARTESIAN_POINT('',(80.92050,6.37756,1.50000));
#12134 = DIRECTION('',(1.000000,-0.000000,0.000000));
#12135 = VECTOR('',#12134,13.80000);
#12136 = LINE('',#12133,#12135);
#12137 = EDGE_CURVE('',#12120,#12122,#12136,.T.);
#12138 = CARTESIAN_POINT('',(94.72050,6.37756,1.50000));
#12139 = DIRECTION('',(0.000000,0.000000,-1.000000));
#12140 = VECTOR('',#12139,1.50000);
#12141 = LINE('',#12138,#12140);
#12142 = EDGE_CURVE('',#12122,#12116,#12141,.T.);
#12143 = ORIENTED_EDGE('',*,*,#12142,.F.);
#12144 = ORIENTED_EDGE('',*,*,#12137,.F.);
#12145 = ORIENTED_EDGE('',*,*,#12132,.F.);
#12146 = ORIENTED_EDGE('',*,*,#12127,.F.);
#12147 = EDGE_LOOP('',(#12143,#12144,#12145,#12146));
#12148 = FACE_OUTER_BOUND('',#12147,.T.);
#12149 = CARTESIAN_POINT('',(94.72050,6.37756,0.00000));
#12150 = DIRECTION('',(-0.000000,-1.000000,0.000000));
#12151 = DIRECTION('',(-1.000000,0.000000,0.000000));
#12152 = AXIS2_PLACEMENT_3D('',#12149,#12150,#12151);
#12153 = PLANE('',#12152);
#12154 = ADVANCED_FACE('',(#12148),#12153,.T.);
#12155 = CARTESIAN_POINT('',(80.92050,6.37756,0.00000));
#12156 = VERTEX_POINT('',#12155);
#12157 = CARTESIAN_POINT('',(80.92050,20.17756,0.00000));
#12158 = VERTEX_POINT('',#12157);
#12159 = CARTESIAN_POINT('',(80.92050,20.17756,1.50000));
#12160 = VERTEX_POINT('',#12159);
#12161 = CARTESIAN_POINT('',(80.92050,6.37756,1.50000));
#12162 = VERTEX_POINT('',#12161);
#12163 = CARTESIAN_POINT('',(80.92050,6.37756,0.00000));
#12164 = DIRECTION('',(0.000000,1.000000,0.000000));
#12165 = VECTOR('',#12164,13.80000);
#12166 = LINE('',#12163,#12165);
#12167 = EDGE_CURVE('',#12156,#12158,#12166,.T.);
#12168 = CARTESIAN_POINT('',(80.92050,20.17756,0.00000));
#12169 = DIRECTION('',(0.000000,0.000000,1.000000));
#12170 = VECTOR('',#12169,1.50000);
#12171 = LINE('',#12168,#12170);
#12172 = EDGE_CURVE('',#12158,#12160,#12171,.T.);
#12173 = CARTESIAN_POINT('',(80.92050,20.17756,1.50000));
#12174 = DIRECTION('',(-0.000000,-1.000000,0.000000));
#12175 = VECTOR('',#12174,13.80000);
#12176 = LINE('',#12173,#12175);
#12177 = EDGE_CURVE('',#12160,#12162,#12176,.T.);
#12178 = CARTESIAN_POINT('',(80.92050,6.37756,1.50000));
#12179 = DIRECTION('',(0.000000,0.000000,-1.000000));
#12180 = VECTOR('',#12179,1.50000);
#12181 = LINE('',#12178,#12180);
#12182 = EDGE_CURVE('',#12162,#12156,#12181,.T.);
#12183 = ORIENTED_EDGE('',*,*,#12182,.F.);
#12184 = ORIENTED_EDGE('',*,*,#12177,.F.);
#12185 = ORIENTED_EDGE('',*,*,#12172,.F.);
#12186 = ORIENTED_EDGE('',*,*,#12167,.F.);
#12187 = EDGE_LOOP('',(#12183,#12184,#12185,#12186));
#12188 = FACE_OUTER_BOUND('',#12187,.T.);
#12189 = CARTESIAN_POINT('',(80.92050,6.37756,0.00000));
#12190 = DIRECTION('',(-1.000000,0.000000,0.000000));
#12191 = DIRECTION('',(0.000000,1.000000,0.000000));
#12192 = AXIS2_PLACEMENT_3D('',#12189,#12190,#12191);
#12193 = PLANE('',#12192);
#12194 = ADVANCED_FACE('',(#12188),#12193,.T.);
#12195 = CARTESIAN_POINT('',(42.56650,20.04656,0.00000));
#12196 = VERTEX_POINT('',#12195);
#12197 = CARTESIAN_POINT('',(56.36650,20.04656,0.00000));
#12198 = VERTEX_POINT('',#12197);
#12199 = CARTESIAN_POINT('',(56.36650,20.04656,1.50000));
#12200 = VERTEX_POINT('',#12199);
#12201 = CARTESIAN_POINT('',(42.56650,20.04656,1.50000));
#12202 = VERTEX_POINT('',#12201);
#12203 = CARTESIAN_POINT('',(42.56650,20.04656,0.00000));
#12204 = DIRECTION('',(1.000000,0.000000,0.000000));
#12205 = VECTOR('',#12204,13.80000);
#12206 = LINE('',#12203,#12205);
#12207 = EDGE_CURVE('',#12196,#12198,#12206,.T.);
#12208 = CARTESIAN_POINT('',(56.36650,20.04656,0.00000));
#12209 = DIRECTION('',(0.000000,0.000000,1.000000));
#12210 = VECTOR('',#12209,1.50000);
#12211 = LINE('',#12208,#12210);
#12212 = EDGE_CURVE('',#12198,#12200,#12211,.T.);
#12213 = CARTESIAN_POINT('',(56.36650,20.04656,1.50000));
#12214 = DIRECTION('',(-1.000000,-0.000000,0.000000));
#12215 = VECTOR('',#12214,13.80000);
#12216 = LINE('',#12213,#12215);
#12217 = EDGE_CURVE('',#12200,#12202,#12216,.T.);
#12218 = CARTESIAN_POINT('',(42.56650,20.04656,1.50000));
#12219 = DIRECTION('',(0.000000,0.000000,-1.000000));
#12220 = VECTOR('',#12219,1.50000);
#12221 = LINE('',#12218,#12220);
#12222 = EDGE_CURVE('',#12202,#12196,#12221,.T.);
#12223 = ORIENTED_EDGE('',*,*,#12222,.F.);
#12224 = ORIENTED_EDGE('',*,*,#12217,.F.);
#12225 = ORIENTED_EDGE('',*,*,#12212,.F.);
#12226 = ORIENTED_EDGE('',*,*,#12207,.F.);
#12227 = EDGE_LOOP('',(#12223,#12224,#12225,#12226));
#12228 = FACE_OUTER_BOUND('',#12227,.T.);
#12229 = CARTESIAN_POINT('',(42.56650,20.04656,0.00000));
#12230 = DIRECTION('',(-0.000000,1.000000,0.000000));
#12231 = DIRECTION('',(1.000000,0.000000,0.000000));
#12232 = AXIS2_PLACEMENT_3D('',#12229,#12230,#12231);
#12233 = PLANE('',#12232);
#12234 = ADVANCED_FACE('',(#12228),#12233,.T.);
#12235 = CARTESIAN_POINT('',(56.36650,20.04656,0.00000));
#12236 = VERTEX_POINT('',#12235);
#12237 = CARTESIAN_POINT('',(56.36650,6.24656,0.00000));
#12238 = VERTEX_POINT('',#12237);
#12239 = CARTESIAN_POINT('',(56.36650,6.24656,1.50000));
#12240 = VERTEX_POINT('',#12239);
#12241 = CARTESIAN_POINT('',(56.36650,20.04656,1.50000));
#12242 = VERTEX_POINT('',#12241);
#12243 = CARTESIAN_POINT('',(56.36650,20.04656,0.00000));
#12244 = DIRECTION('',(0.000000,-1.000000,0.000000));
#12245 = VECTOR('',#12244,13.80000);
#12246 = LINE('',#12243,#12245);
#12247 = EDGE_CURVE('',#12236,#12238,#12246,.T.);
#12248 = CARTESIAN_POINT('',(56.36650,6.24656,0.00000));
#12249 = DIRECTION('',(0.000000,0.000000,1.000000));
#12250 = VECTOR('',#12249,1.50000);
#12251 = LINE('',#12248,#12250);
#12252 = EDGE_CURVE('',#12238,#12240,#12251,.T.);
#12253 = CARTESIAN_POINT('',(56.36650,6.24656,1.50000));
#12254 = DIRECTION('',(-0.000000,1.000000,0.000000));
#12255 = VECTOR('',#12254,13.80000);
#12256 = LINE('',#12253,#12255);
#12257 = EDGE_CURVE('',#12240,#12242,#12256,.T.);
#12258 = CARTESIAN_POINT('',(56.36650,20.04656,1.50000));
#12259 = DIRECTION('',(0.000000,0.000000,-1.000000));
#12260 = VECTOR('',#12259,1.50000);
#12261 = LINE('',#12258,#12260);
#12262 = EDGE_CURVE('',#12242,#12236,#12261,.T.);
#12263 = ORIENTED_EDGE('',*,*,#12262,.F.);
#12264 = ORIENTED_EDGE('',*,*,#12257,.F.);
#12265 = ORIENTED_EDGE('',*,*,#12252,.F.);
#12266 = ORIENTED_EDGE('',*,*,#12247,.F.);
#12267 = EDGE_LOOP('',(#12263,#12264,#12265,#12266));
#12268 = FACE_OUTER_BOUND('',#12267,.T.);
#12269 = CARTESIAN_POINT('',(56.36650,20.04656,0.00000));
#12270 = DIRECTION('',(1.000000,0.000000,0.000000));
#12271 = DIRECTION('',(0.000000,-1.000000,0.000000));
#12272 = AXIS2_PLACEMENT_3D('',#12269,#12270,#12271);
#12273 = PLANE('',#12272);
#12274 = ADVANCED_FACE('',(#12268),#12273,.T.);
#12275 = CARTESIAN_POINT('',(56.36650,6.24656,0.00000));
#12276 = VERTEX_POINT('',#12275);
#12277 = CARTESIAN_POINT('',(42.56650,6.24656,0.00000));
#12278 = VERTEX_POINT('',#12277);
#12279 = CARTESIAN_POINT('',(42.56650,6.24656,1.50000));
#12280 = VERTEX_POINT('',#12279);
#12281 = CARTESIAN_POINT('',(56.36650,6.24656,1.50000));
#12282 = VERTEX_POINT('',#12281);
#12283 = CARTESIAN_POINT('',(56.36650,6.24656,0.00000));
#12284 = DIRECTION('',(-1.000000,0.000000,0.000000));
#12285 = VECTOR('',#12284,13.80000);
#12286 = LINE('',#12283,#12285);
#12287 = EDGE_CURVE('',#12276,#12278,#12286,.T.);
#12288 = CARTESIAN_POINT('',(42.56650,6.24656,0.00000));
#12289 = DIRECTION('',(0.000000,0.000000,1.000000));
#12290 = VECTOR('',#12289,1.50000);
#12291 = LINE('',#12288,#12290);
#12292 = EDGE_CURVE('',#12278,#12280,#12291,.T.);
#12293 = CARTESIAN_POINT('',(42.56650,6.24656,1.50000));
#12294 = DIRECTION('',(1.000000,-0.000000,0.000000));
#12295 = VECTOR('',#12294,13.80000);
#12296 = LINE('',#12293,#12295);
#12297 = EDGE_CURVE('',#12280,#12282,#12296,.T.);
#12298 = CARTESIAN_POINT('',(56.36650,6.24656,1.50000));
#12299 = DIRECTION('',(0.000000,0.000000,-1.000000));
#12300 = VECTOR('',#12299,1.50000);
#12301 = LINE('',#12298,#12300);
#12302 = EDGE_CURVE('',#12282,#12276,#12301,.T.);
#12303 = ORIENTED_EDGE('',*,*,#12302,.F.);
#12304 = ORIENTED_EDGE('',*,*,#12297,.F.);
#12305 = ORIENTED_EDGE('',*,*,#12292,.F.);
#12306 = ORIENTED_EDGE('',*,*,#12287,.F.);
#12307 = EDGE_LOOP('',(#12303,#12304,#12305,#12306));
#12308 = FACE_OUTER_BOUND('',#12307,.T.);
#12309 = CARTESIAN_POINT('',(56.36650,6.24656,0.00000));
#12310 = DIRECTION('',(-0.000000,-1.000000,0.000000));
#12311 = DIRECTION('',(-1.000000,0.000000,0.000000));
#12312 = AXIS2_PLACEMENT_3D('',#12309,#12310,#12311);
#12313 = PLANE('',#12312);
#12314 = ADVANCED_FACE('',(#12308),#12313,.T.);
#12315 = CARTESIAN_POINT('',(42.56650,6.24656,0.00000));
#12316 = VERTEX_POINT('',#12315);
#12317 = CARTESIAN_POINT('',(42.56650,20.04656,0.00000));
#12318 = VERTEX_POINT('',#12317);
#12319 = CARTESIAN_POINT('',(42.56650,20.04656,1.50000));
#12320 = VERTEX_POINT('',#12319);
#12321 = CARTESIAN_POINT('',(42.56650,6.24656,1.50000));
#12322 = VERTEX_POINT('',#12321);
#12323 = CARTESIAN_POINT('',(42.56650,6.24656,0.00000));
#12324 = DIRECTION('',(0.000000,1.000000,0.000000));
#12325 = VECTOR('',#12324,13.80000);
#12326 = LINE('',#12323,#12325);
#12327 = EDGE_CURVE('',#12316,#12318,#12326,.T.);
#12328 = CARTESIAN_POINT('',(42.56650,20.04656,0.00000));
#12329 = DIRECTION('',(0.000000,0.000000,1.000000));
#12330 = VECTOR('',#12329,1.50000);
#12331 = LINE('',#12328,#12330);
#12332 = EDGE_CURVE('',#12318,#12320,#12331,.T.);
#12333 = CARTESIAN_POINT('',(42.56650,20.04656,1.50000));
#12334 = DIRECTION('',(-0.000000,-1.000000,0.000000));
#12335 = VECTOR('',#12334,13.80000);
#12336 = LINE('',#12333,#12335);
#12337 = EDGE_CURVE('',#12320,#12322,#12336,.T.);
#12338 = CARTESIAN_POINT('',(42.56650,6.24656,1.50000));
#12339 = DIRECTION('',(0.000000,0.000000,-1.000000));
#12340 = VECTOR('',#12339,1.50000);
#12341 = LINE('',#12338,#12340);
#12342 = EDGE_CURVE('',#12322,#12316,#12341,.T.);
#12343 = ORIENTED_EDGE('',*,*,#12342,.F.);
#12344 = ORIENTED_EDGE('',*,*,#12337,.F.);
#12345 = ORIENTED_EDGE('',*,*,#12332,.F.);
#12346 = ORIENTED_EDGE('',*,*,#12327,.F.);
#12347 = EDGE_LOOP('',(#12343,#12344,#12345,#12346));
#12348 = FACE_OUTER_BOUND('',#12347,.T.);
#12349 = CARTESIAN_POINT('',(42.56650,6.24656,0.00000));
#12350 = DIRECTION('',(-1.000000,0.000000,0.000000));
#12351 = DIRECTION('',(0.000000,1.000000,0.000000));
#12352 = AXIS2_PLACEMENT_3D('',#12349,#12350,#12351);
#12353 = PLANE('',#12352);
#12354 = ADVANCED_FACE('',(#12348),#12353,.T.);
#12355 = CARTESIAN_POINT('',(100.07210,21.91176,0.00000));
#12356 = VERTEX_POINT('',#12355);
#12357 = CARTESIAN_POINT('',(113.87210,21.91176,0.00000));
#12358 = VERTEX_POINT('',#12357);
#12359 = CARTESIAN_POINT('',(113.87210,21.91176,1.50000));
#12360 = VERTEX_POINT('',#12359);
#12361 = CARTESIAN_POINT('',(100.07210,21.91176,1.50000));
#12362 = VERTEX_POINT('',#12361);
#12363 = CARTESIAN_POINT('',(100.07210,21.91176,0.00000));
#12364 = DIRECTION('',(1.000000,0.000000,0.000000));
#12365 = VECTOR('',#12364,13.80000);
#12366 = LINE('',#12363,#12365);
#12367 = EDGE_CURVE('',#12356,#12358,#12366,.T.);
#12368 = CARTESIAN_POINT('',(113.87210,21.91176,0.00000));
#12369 = DIRECTION('',(0.000000,0.000000,1.000000));
#12370 = VECTOR('',#12369,1.50000);
#12371 = LINE('',#12368,#12370);
#12372 = EDGE_CURVE('',#12358,#12360,#12371,.T.);
#12373 = CARTESIAN_POINT('',(113.87210,21.91176,1.50000));
#12374 = DIRECTION('',(-1.000000,-0.000000,0.000000));
#12375 = VECTOR('',#12374,13.80000);
#12376 = LINE('',#12373,#12375);
#12377 = EDGE_CURVE('',#12360,#12362,#12376,.T.);
#12378 = CARTESIAN_POINT('',(100.07210,21.91176,1.50000));
#12379 = DIRECTION('',(0.000000,0.000000,-1.000000));
#12380 = VECTOR('',#12379,1.50000);
#12381 = LINE('',#12378,#12380);
#12382 = EDGE_CURVE('',#12362,#12356,#12381,.T.);
#12383 = ORIENTED_EDGE('',*,*,#12382,.F.);
#12384 = ORIENTED_EDGE('',*,*,#12377,.F.);
#12385 = ORIENTED_EDGE('',*,*,#12372,.F.);
#12386 = ORIENTED_EDGE('',*,*,#12367,.F.);
#12387 = EDGE_LOOP('',(#12383,#12384,#12385,#12386));
#12388 = FACE_OUTER_BOUND('',#12387,.T.);
#12389 = CARTESIAN_POINT('',(100.07210,21.91176,0.00000));
#12390 = DIRECTION('',(-0.000000,1.000000,0.000000));
#12391 = DIRECTION('',(1.000000,0.000000,0.000000));
#12392 = AXIS2_PLACEMENT_3D('',#12389,#12390,#12391);
#12393 = PLANE('',#12392);
#12394 = ADVANCED_FACE('',(#12388),#12393,.T.);
#12395 = CARTESIAN_POINT('',(113.87210,21.91176,0.00000));
#12396 = VERTEX_POINT('',#12395);
#12397 = CARTESIAN_POINT('',(113.87210,8.11176,0.00000));
#12398 = VERTEX_POINT('',#12397);
#12399 = CARTESIAN_POINT('',(113.87210,8.11176,1.50000));
#12400 = VERTEX_POINT('',#12399);
#12401 = CARTESIAN_POINT('',(113.87210,21.91176,1.50000));
#12402 = VERTEX_POINT('',#12401);
#12403 = CARTESIAN_POINT('',(113.87210,21.91176,0.00000));
#12404 = DIRECTION('',(0.000000,-1.000000,0.000000));
#12405 = VECTOR('',#12404,13.80000);
#12406 = LINE('',#12403,#12405);
#12407 = EDGE_CURVE('',#12396,#12398,#12406,.T.);
#12408 = CARTESIAN_POINT('',(113.87210,8.11176,0.00000));
#12409 = DIRECTION('',(0.000000,0.000000,1.000000));
#12410 = VECTOR('',#12409,1.50000);
#12411 = LINE('',#12408,#12410);
#12412 = EDGE_CURVE('',#12398,#12400,#12411,.T.);
#12413 = CARTESIAN_POINT('',(113.87210,8.11176,1.50000));
#12414 = DIRECTION('',(-0.000000,1.000000,0.000000));
#12415 = VECTOR('',#12414,13.80000);
#12416 = LINE('',#12413,#12415);
#12417 = EDGE_CURVE('',#12400,#12402,#12416,.T.);
#12418 = CARTESIAN_POINT('',(113.87210,21.91176,1.50000));
#12419 = DIRECTION('',(0.000000,0.000000,-1.000000));
#12420 = VECTOR('',#12419,1.50000);
#12421 = LINE('',#12418,#12420);
#12422 = EDGE_CURVE('',#12402,#12396,#12421,.T.);
#12423 = ORIENTED_EDGE('',*,*,#12422,.F.);
#12424 = ORIENTED_EDGE('',*,*,#12417,.F.);
#12425 = ORIENTED_EDGE('',*,*,#12412,.F.);
#12426 = ORIENTED_EDGE('',*,*,#12407,.F.);
#12427 = EDGE_LOOP('',(#12423,#12424,#12425,#12426));
#12428 = FACE_OUTER_BOUND('',#12427,.T.);
#12429 = CARTESIAN_POINT('',(113.87210,21.91176,0.00000));
#12430 = DIRECTION('',(1.000000,0.000000,0.000000));
#12431 = DIRECTION('',(0.000000,-1.000000,0.000000));
#12432 = AXIS2_PLACEMENT_3D('',#12429,#12430,#12431);
#12433 = PLANE('',#12432);
#12434 = ADVANCED_FACE('',(#12428),#12433,.T.);
#12435 = CARTESIAN_POINT('',(113.87210,8.11176,0.00000));
#12436 = VERTEX_POINT('',#12435);
#12437 = CARTESIAN_POINT('',(100.07210,8.11176,0.00000));
#12438 = VERTEX_POINT('',#12437);
#12439 = CARTESIAN_POINT('',(100.07210,8.11176,1.50000));
#12440 = VERTEX_POINT('',#12439);
#12441 = CARTESIAN_POINT('',(113.87210,8.11176,1.50000));
#12442 = VERTEX_POINT('',#12441);
#12443 = CARTESIAN_POINT('',(113.87210,8.11176,0.00000));
#12444 = DIRECTION('',(-1.000000,0.000000,0.000000));
#12445 = VECTOR('',#12444,13.80000);
#12446 = LINE('',#12443,#12445);
#12447 = EDGE_CURVE('',#12436,#12438,#12446,.T.);
#12448 = CARTESIAN_POINT('',(100.07210,8.11176,0.00000));
#12449 = DIRECTION('',(0.000000,0.000000,1.000000));
#12450 = VECTOR('',#12449,1.50000);
#12451 = LINE('',#12448,#12450);
#12452 = EDGE_CURVE('',#12438,#12440,#12451,.T.);
#12453 = CARTESIAN_POINT('',(100.07210,8.11176,1.50000));
#12454 = DIRECTION('',(1.000000,-0.000000,0.000000));
#12455 = VECTOR('',#12454,13.80000);
#12456 = LINE('',#12453,#12455);
#12457 = EDGE_CURVE('',#12440,#12442,#12456,.T.);
#12458 = CARTESIAN_POINT('',(113.87210,8.11176,1.50000));
#12459 = DIRECTION('',(0.000000,0.000000,-1.000000));
#12460 = VECTOR('',#12459,1.50000);
#12461 = LINE('',#12458,#12460);
#12462 = EDGE_CURVE('',#12442,#12436,#12461,.T.);
#12463 = ORIENTED_EDGE('',*,*,#12462,.F.);
#12464 = ORIENTED_EDGE('',*,*,#12457,.F.);
#12465 = ORIENTED_EDGE('',*,*,#12452,.F.);
#12466 = ORIENTED_EDGE('',*,*,#12447,.F.);
#12467 = EDGE_LOOP('',(#12463,#12464,#12465,#12466));
#12468 = FACE_OUTER_BOUND('',#12467,.T.);
#12469 = CARTESIAN_POINT('',(113.87210,8.11176,0.00000));
#12470 = DIRECTION('',(-0.000000,-1.000000,0.000000));
#12471 = DIRECTION('',(-1.000000,0.000000,0.000000));
#12472 = AXIS2_PLACEMENT_3D('',#12469,#12470,#12471);
#12473 = PLANE('',#12472);
#12474 = ADVANCED_FACE('',(#12468),#12473,.T.);
#12475 = CARTESIAN_POINT('',(100.07210,8.11176,0.00000));
#12476 = VERTEX_POINT('',#12475);
#12477 = CARTESIAN_POINT('',(100.07210,21.91176,0.00000));
#12478 = VERTEX_POINT('',#12477);
#12479 = CARTESIAN_POINT('',(100.07210,21.91176,1.50000));
#12480 = VERTEX_POINT('',#12479);
#12481 = CARTESIAN_POINT('',(100.07210,8.11176,1.50000));
#12482 = VERTEX_POINT('',#12481);
#12483 = CARTESIAN_POINT('',(100.07210,8.11176,0.00000));
#12484 = DIRECTION('',(0.000000,1.000000,0.000000));
#12485 = VECTOR('',#12484,13.80000);
#12486 = LINE('',#12483,#12485);
#12487 = EDGE_CURVE('',#12476,#12478,#12486,.T.);
#12488 = CARTESIAN_POINT('',(100.07210,21.91176,0.00000));
#12489 = DIRECTION('',(0.000000,0.000000,1.000000));
#12490 = VECTOR('',#12489,1.50000);
#12491 = LINE('',#12488,#12490);
#12492 = EDGE_CURVE('',#12478,#12480,#12491,.T.);
#12493 = CARTESIAN_POINT('',(100.07210,21.91176,1.50000));
#12494 = DIRECTION('',(-0.000000,-1.000000,0.000000));
#12495 = VECTOR('',#12494,13.80000);
#12496 = LINE('',#12493,#12495);
#12497 = EDGE_CURVE('',#12480,#12482,#12496,.T.);
#12498 = CARTESIAN_POINT('',(100.07210,8.11176,1.50000));
#12499 = DIRECTION('',(0.000000,0.000000,-1.000000));
#12500 = VECTOR('',#12499,1.50000);
#12501 = LINE('',#12498,#12500);
#12502 = EDGE_CURVE('',#12482,#12476,#12501,.T.);
#12503 = ORIENTED_EDGE('',*,*,#12502,.F.);
#12504 = ORIENTED_EDGE('',*,*,#12497,.F.);
#12505 = ORIENTED_EDGE('',*,*,#12492,.F.);
#12506 = ORIENTED_EDGE('',*,*,#12487,.F.);
#12507 = EDGE_LOOP('',(#12503,#12504,#12505,#12506));
#12508 = FACE_OUTER_BOUND('',#12507,.T.);
#12509 = CARTESIAN_POINT('',(100.07210,8.11176,0.00000));
#12510 = DIRECTION('',(-1.000000,0.000000,0.000000));
#12511 = DIRECTION('',(0.000000,1.000000,0.000000));
#12512 = AXIS2_PLACEMENT_3D('',#12509,#12510,#12511);
#12513 = PLANE('',#12512);
#12514 = ADVANCED_FACE('',(#12508),#12513,.T.);
#12515 = CARTESIAN_POINT('',(23.46570,41.52776,0.00000));
#12516 = VERTEX_POINT('',#12515);
#12517 = CARTESIAN_POINT('',(37.26570,41.52776,0.00000));
#12518 = VERTEX_POINT('',#12517);
#12519 = CARTESIAN_POINT('',(37.26570,41.52776,1.50000));
#12520 = VERTEX_POINT('',#12519);
#12521 = CARTESIAN_POINT('',(23.46570,41.52776,1.50000));
#12522 = VERTEX_POINT('',#12521);
#12523 = CARTESIAN_POINT('',(23.46570,41.52776,0.00000));
#12524 = DIRECTION('',(1.000000,0.000000,0.000000));
#12525 = VECTOR('',#12524,13.80000);
#12526 = LINE('',#12523,#12525);
#12527 = EDGE_CURVE('',#12516,#12518,#12526,.T.);
#12528 = CARTESIAN_POINT('',(37.26570,41.52776,0.00000));
#12529 = DIRECTION('',(0.000000,0.000000,1.000000));
#12530 = VECTOR('',#12529,1.50000);
#12531 = LINE('',#12528,#12530);
#12532 = EDGE_CURVE('',#12518,#12520,#12531,.T.);
#12533 = CARTESIAN_POINT('',(37.26570,41.52776,1.50000));
#12534 = DIRECTION('',(-1.000000,-0.000000,0.000000));
#12535 = VECTOR('',#12534,13.80000);
#12536 = LINE('',#12533,#12535);
#12537 = EDGE_CURVE('',#12520,#12522,#12536,.T.);
#12538 = CARTESIAN_POINT('',(23.46570,41.52776,1.50000));
#12539 = DIRECTION('',(0.000000,0.000000,-1.000000));
#12540 = VECTOR('',#12539,1.50000);
#12541 = LINE('',#12538,#12540);
#12542 = EDGE_CURVE('',#12522,#12516,#12541,.T.);
#12543 = ORIENTED_EDGE('',*,*,#12542,.F.);
#12544 = ORIENTED_EDGE('',*,*,#12537,.F.);
#12545 = ORIENTED_EDGE('',*,*,#12532,.F.);
#12546 = ORIENTED_EDGE('',*,*,#12527,.F.);
#12547 = EDGE_LOOP('',(#12543,#12544,#12545,#12546));
#12548 = FACE_OUTER_BOUND('',#12547,.T.);
#12549 = CARTESIAN_POINT('',(23.46570,41.52776,0.00000));
#12550 = DIRECTION('',(-0.000000,1.000000,0.000000));
#12551 = DIRECTION('',(1.000000,0.000000,0.000000));
#12552 = AXIS2_PLACEMENT_3D('',#12549,#12550,#12551);
#12553 = PLANE('',#12552);
#12554 = ADVANCED_FACE('',(#12548),#12553,.T.);
#12555 = CARTESIAN_POINT('',(37.26570,41.52776,0.00000));
#12556 = VERTEX_POINT('',#12555);
#12557 = CARTESIAN_POINT('',(37.26570,27.72776,0.00000));
#12558 = VERTEX_POINT('',#12557);
#12559 = CARTESIAN_POINT('',(37.26570,27.72776,1.50000));
#12560 = VERTEX_POINT('',#12559);
#12561 = CARTESIAN_POINT('',(37.26570,41.52776,1.50000));
#12562 = VERTEX_POINT('',#12561);
#12563 = CARTESIAN_POINT('',(37.26570,41.52776,0.00000));
#12564 = DIRECTION('',(0.000000,-1.000000,0.000000));
#12565 = VECTOR('',#12564,13.80000);
#12566 = LINE('',#12563,#12565);
#12567 = EDGE_CURVE('',#12556,#12558,#12566,.T.);
#12568 = CARTESIAN_POINT('',(37.26570,27.72776,0.00000));
#12569 = DIRECTION('',(0.000000,0.000000,1.000000));
#12570 = VECTOR('',#12569,1.50000);
#12571 = LINE('',#12568,#12570);
#12572 = EDGE_CURVE('',#12558,#12560,#12571,.T.);
#12573 = CARTESIAN_POINT('',(37.26570,27.72776,1.50000));
#12574 = DIRECTION('',(-0.000000,1.000000,0.000000));
#12575 = VECTOR('',#12574,13.80000);
#12576 = LINE('',#12573,#12575);
#12577 = EDGE_CURVE('',#12560,#12562,#12576,.T.);
#12578 = CARTESIAN_POINT('',(37.26570,41.52776,1.50000));
#12579 = DIRECTION('',(0.000000,0.000000,-1.000000));
#12580 = VECTOR('',#12579,1.50000);
#12581 = LINE('',#12578,#12580);
#12582 = EDGE_CURVE('',#12562,#12556,#12581,.T.);
#12583 = ORIENTED_EDGE('',*,*,#12582,.F.);
#12584 = ORIENTED_EDGE('',*,*,#12577,.F.);
#12585 = ORIENTED_EDGE('',*,*,#12572,.F.);
#12586 = ORIENTED_EDGE('',*,*,#12567,.F.);
#12587 = EDGE_LOOP('',(#12583,#12584,#12585,#12586));
#12588 = FACE_OUTER_BOUND('',#12587,.T.);
#12589 = CARTESIAN_POINT('',(37.26570,41.52776,0.00000));
#12590 = DIRECTION('',(1.000000,0.000000,0.000000));
#12591 = DIRECTION('',(0.000000,-1.000000,0.000000));
#12592 = AXIS2_PLACEMENT_3D('',#12589,#12590,#12591);
#12593 = PLANE('',#12592);
#12594 = ADVANCED_FACE('',(#12588),#12593,.T.);
#12595 = CARTESIAN_POINT('',(37.26570,27.72776,0.00000));
#12596 = VERTEX_POINT('',#12595);
#12597 = CARTESIAN_POINT('',(23.46570,27.72776,0.00000));
#12598 = VERTEX_POINT('',#12597);
#12599 = CARTESIAN_POINT('',(23.46570,27.72776,1.50000));
#12600 = VERTEX_POINT('',#12599);
#12601 = CARTESIAN_POINT('',(37.26570,27.72776,1.50000));
#12602 = VERTEX_POINT('',#12601);
#12603 = CARTESIAN_POINT('',(37.26570,27.72776,0.00000));
#12604 = DIRECTION('',(-1.000000,0.000000,0.000000));
#12605 = VECTOR('',#12604,13.80000);
#12606 = LINE('',#12603,#12605);
#12607 = EDGE_CURVE('',#12596,#12598,#12606,.T.);
#12608 = CARTESIAN_POINT('',(23.46570,27.72776,0.00000));
#12609 = DIRECTION('',(0.000000,0.000000,1.000000));
#12610 = VECTOR('',#12609,1.50000);
#12611 = LINE('',#12608,#12610);
#12612 = EDGE_CURVE('',#12598,#12600,#12611,.T.);
#12613 = CARTESIAN_POINT('',(23.46570,27.72776,1.50000));
#12614 = DIRECTION('',(1.000000,-0.000000,0.000000));
#12615 = VECTOR('',#12614,13.80000);
#12616 = LINE('',#12613,#12615);
#12617 = EDGE_CURVE('',#12600,#12602,#12616,.T.);
#12618 = CARTESIAN_POINT('',(37.26570,27.72776,1.50000));
#12619 = DIRECTION('',(0.000000,0.000000,-1.000000));
#12620 = VECTOR('',#12619,1.50000);
#12621 = LINE('',#12618,#12620);
#12622 = EDGE_CURVE('',#12602,#12596,#12621,.T.);
#12623 = ORIENTED_EDGE('',*,*,#12622,.F.);
#12624 = ORIENTED_EDGE('',*,*,#12617,.F.);
#12625 = ORIENTED_EDGE('',*,*,#12612,.F.);
#12626 = ORIENTED_EDGE('',*,*,#12607,.F.);
#12627 = EDGE_LOOP('',(#12623,#12624,#12625,#12626));
#12628 = FACE_OUTER_BOUND('',#12627,.T.);
#12629 = CARTESIAN_POINT('',(37.26570,27.72776,0.00000));
#12630 = DIRECTION('',(-0.000000,-1.000000,0.000000));
#12631 = DIRECTION('',(-1.000000,0.000000,0.000000));
#12632 = AXIS2_PLACEMENT_3D('',#12629,#12630,#12631);
#12633 = PLANE('',#12632);
#12634 = ADVANCED_FACE('',(#12628),#12633,.T.);
#12635 = CARTESIAN_POINT('',(23.46570,27.72776,0.00000));
#12636 = VERTEX_POINT('',#12635);
#12637 = CARTESIAN_POINT('',(23.46570,41.52776,0.00000));
#12638 = VERTEX_POINT('',#12637);
#12639 = CARTESIAN_POINT('',(23.46570,41.52776,1.50000));
#12640 = VERTEX_POINT('',#12639);
#12641 = CARTESIAN_POINT('',(23.46570,27.72776,1.50000));
#12642 = VERTEX_POINT('',#12641);
#12643 = CARTESIAN_POINT('',(23.46570,27.72776,0.00000));
#12644 = DIRECTION('',(0.000000,1.000000,0.000000));
#12645 = VECTOR('',#12644,13.80000);
#12646 = LINE('',#12643,#12645);
#12647 = EDGE_CURVE('',#12636,#12638,#12646,.T.);
#12648 = CARTESIAN_POINT('',(23.46570,41.52776,0.00000));
#12649 = DIRECTION('',(0.000000,0.000000,1.000000));
#12650 = VECTOR('',#12649,1.50000);
#12651 = LINE('',#12648,#12650);
#12652 = EDGE_CURVE('',#12638,#12640,#12651,.T.);
#12653 = CARTESIAN_POINT('',(23.46570,41.52776,1.50000));
#12654 = DIRECTION('',(-0.000000,-1.000000,0.000000));
#12655 = VECTOR('',#12654,13.80000);
#12656 = LINE('',#12653,#12655);
#12657 = EDGE_CURVE('',#12640,#12642,#12656,.T.);
#12658 = CARTESIAN_POINT('',(23.46570,27.72776,1.50000));
#12659 = DIRECTION('',(0.000000,0.000000,-1.000000));
#12660 = VECTOR('',#12659,1.50000);
#12661 = LINE('',#12658,#12660);
#12662 = EDGE_CURVE('',#12642,#12636,#12661,.T.);
#12663 = ORIENTED_EDGE('',*,*,#12662,.F.);
#12664 = ORIENTED_EDGE('',*,*,#12657,.F.);
#12665 = ORIENTED_EDGE('',*,*,#12652,.F.);
#12666 = ORIENTED_EDGE('',*,*,#12647,.F.);
#12667 = EDGE_LOOP('',(#12663,#12664,#12665,#12666));
#12668 = FACE_OUTER_BOUND('',#12667,.T.);
#12669 = CARTESIAN_POINT('',(23.46570,27.72776,0.00000));
#12670 = DIRECTION('',(-1.000000,0.000000,0.000000));
#12671 = DIRECTION('',(0.000000,1.000000,0.000000));
#12672 = AXIS2_PLACEMENT_3D('',#12669,#12670,#12671);
#12673 = PLANE('',#12672);
#12674 = ADVANCED_FACE('',(#12668),#12673,.T.);
#12675 = CARTESIAN_POINT('',(61.81350,17.21916,0.00000));
#12676 = VERTEX_POINT('',#12675);
#12677 = CARTESIAN_POINT('',(75.61350,17.21916,0.00000));
#12678 = VERTEX_POINT('',#12677);
#12679 = CARTESIAN_POINT('',(75.61350,17.21916,1.50000));
#12680 = VERTEX_POINT('',#12679);
#12681 = CARTESIAN_POINT('',(61.81350,17.21916,1.50000));
#12682 = VERTEX_POINT('',#12681);
#12683 = CARTESIAN_POINT('',(61.81350,17.21916,0.00000));
#12684 = DIRECTION('',(1.000000,0.000000,0.000000));
#12685 = VECTOR('',#12684,13.80000);
#12686 = LINE('',#12683,#12685);
#12687 = EDGE_CURVE('',#12676,#12678,#12686,.T.);
#12688 = CARTESIAN_POINT('',(75.61350,17.21916,0.00000));
#12689 = DIRECTION('',(0.000000,0.000000,1.000000));
#12690 = VECTOR('',#12689,1.50000);
#12691 = LINE('',#12688,#12690);
#12692 = EDGE_CURVE('',#12678,#12680,#12691,.T.);
#12693 = CARTESIAN_POINT('',(75.61350,17.21916,1.50000));
#12694 = DIRECTION('',(-1.000000,-0.000000,0.000000));
#12695 = VECTOR('',#12694,13.80000);
#12696 = LINE('',#12693,#12695);
#12697 = EDGE_CURVE('',#12680,#12682,#12696,.T.);
#12698 = CARTESIAN_POINT('',(61.81350,17.21916,1.50000));
#12699 = DIRECTION('',(0.000000,0.000000,-1.000000));
#12700 = VECTOR('',#12699,1.50000);
#12701 = LINE('',#12698,#12700);
#12702 = EDGE_CURVE('',#12682,#12676,#12701,.T.);
#12703 = ORIENTED_EDGE('',*,*,#12702,.F.);
#12704 = ORIENTED_EDGE('',*,*,#12697,.F.);
#12705 = ORIENTED_EDGE('',*,*,#12692,.F.);
#12706 = ORIENTED_EDGE('',*,*,#12687,.F.);
#12707 = EDGE_LOOP('',(#12703,#12704,#12705,#12706));
#12708 = FACE_OUTER_BOUND('',#12707,.T.);
#12709 = CARTESIAN_POINT('',(61.81350,17.21916,0.00000));
#12710 = DIRECTION('',(-0.000000,1.000000,0.000000));
#12711 = DIRECTION('',(1.000000,0.000000,0.000000));
#12712 = AXIS2_PLACEMENT_3D('',#12709,#12710,#12711);
#12713 = PLANE('',#12712);
#12714 = ADVANCED_FACE('',(#12708),#12713,.T.);
#12715 = CARTESIAN_POINT('',(75.61350,17.21916,0.00000));
#12716 = VERTEX_POINT('',#12715);
#12717 = CARTESIAN_POINT('',(75.61350,3.41916,0.00000));
#12718 = VERTEX_POINT('',#12717);
#12719 = CARTESIAN_POINT('',(75.61350,3.41916,1.50000));
#12720 = VERTEX_POINT('',#12719);
#12721 = CARTESIAN_POINT('',(75.61350,17.21916,1.50000));
#12722 = VERTEX_POINT('',#12721);
#12723 = CARTESIAN_POINT('',(75.61350,17.21916,0.00000));
#12724 = DIRECTION('',(0.000000,-1.000000,0.000000));
#12725 = VECTOR('',#12724,13.80000);
#12726 = LINE('',#12723,#12725);
#12727 = EDGE_CURVE('',#12716,#12718,#12726,.T.);
#12728 = CARTESIAN_POINT('',(75.61350,3.41916,0.00000));
#12729 = DIRECTION('',(0.000000,0.000000,1.000000));
#12730 = VECTOR('',#12729,1.50000);
#12731 = LINE('',#12728,#12730);
#12732 = EDGE_CURVE('',#12718,#12720,#12731,.T.);
#12733 = CARTESIAN_POINT('',(75.61350,3.41916,1.50000));
#12734 = DIRECTION('',(-0.000000,1.000000,0.000000));
#12735 = VECTOR('',#12734,13.80000);
#12736 = LINE('',#12733,#12735);
#12737 = EDGE_CURVE('',#12720,#12722,#12736,.T.);
#12738 = CARTESIAN_POINT('',(75.61350,17.21916,1.50000));
#12739 = DIRECTION('',(0.000000,0.000000,-1.000000));
#12740 = VECTOR('',#12739,1.50000);
#12741 = LINE('',#12738,#12740);
#12742 = EDGE_CURVE('',#12722,#12716,#12741,.T.);
#12743 = ORIENTED_EDGE('',*,*,#12742,.F.);
#12744 = ORIENTED_EDGE('',*,*,#12737,.F.);
#12745 = ORIENTED_EDGE('',*,*,#12732,.F.);
#12746 = ORIENTED_EDGE('',*,*,#12727,.F.);
#12747 = EDGE_LOOP('',(#12743,#12744,#12745,#12746));
#12748 = FACE_OUTER_BOUND('',#12747,.T.);
#12749 = CARTESIAN_POINT('',(75.61350,17.21916,0.00000));
#12750 = DIRECTION('',(1.000000,0.000000,0.000000));
#12751 = DIRECTION('',(0.000000,-1.000000,0.000000));
#12752 = AXIS2_PLACEMENT_3D('',#12749,#12750,#12751);
#12753 = PLANE('',#12752);
#12754 = ADVANCED_FACE('',(#12748),#12753,.T.);
#12755 = CARTESIAN_POINT('',(75.61350,3.41916,0.00000));
#12756 = VERTEX_POINT('',#12755);
#12757 = CARTESIAN_POINT('',(61.81350,3.41916,0.00000));
#12758 = VERTEX_POINT('',#12757);
#12759 = CARTESIAN_POINT('',(61.81350,3.41916,1.50000));
#12760 = VERTEX_POINT('',#12759);
#12761 = CARTESIAN_POINT('',(75.61350,3.41916,1.50000));
#12762 = VERTEX_POINT('',#12761);
#12763 = CARTESIAN_POINT('',(75.61350,3.41916,0.00000));
#12764 = DIRECTION('',(-1.000000,0.000000,0.000000));
#12765 = VECTOR('',#12764,13.80000);
#12766 = LINE('',#12763,#12765);
#12767 = EDGE_CURVE('',#12756,#12758,#12766,.T.);
#12768 = CARTESIAN_POINT('',(61.81350,3.41916,0.00000));
#12769 = DIRECTION('',(0.000000,0.000000,1.000000));
#12770 = VECTOR('',#12769,1.50000);
#12771 = LINE('',#12768,#12770);
#12772 = EDGE_CURVE('',#12758,#12760,#12771,.T.);
#12773 = CARTESIAN_POINT('',(61.81350,3.41916,1.50000));
#12774 = DIRECTION('',(1.000000,-0.000000,0.000000));
#12775 = VECTOR('',#12774,13.80000);
#12776 = LINE('',#12773,#12775);
#12777 = EDGE_CURVE('',#12760,#12762,#12776,.T.);
#12778 = CARTESIAN_POINT('',(75.61350,3.41916,1.50000));
#12779 = DIRECTION('',(0.000000,0.000000,-1.000000));
#12780 = VECTOR('',#12779,1.50000);
#12781 = LINE('',#12778,#12780);
#12782 = EDGE_CURVE('',#12762,#12756,#12781,.T.);
#12783 = ORIENTED_EDGE('',*,*,#12782,.F.);
#12784 = ORIENTED_EDGE('',*,*,#12777,.F.);
#12785 = ORIENTED_EDGE('',*,*,#12772,.F.);
#12786 = ORIENTED_EDGE('',*,*,#12767,.F.);
#12787 = EDGE_LOOP('',(#12783,#12784,#12785,#12786));
#12788 = FACE_OUTER_BOUND('',#12787,.T.);
#12789 = CARTESIAN_POINT('',(75.61350,3.41916,0.00000));
#12790 = DIRECTION('',(-0.000000,-1.000000,0.000000));
#12791 = DIRECTION('',(-1.000000,0.000000,0.000000));
#12792 = AXIS2_PLACEMENT_3D('',#12789,#12790,#12791);
#12793 = PLANE('',#12792);
#12794 = ADVANCED_FACE('',(#12788),#12793,.T.);
#12795 = CARTESIAN_POINT('',(61.81350,3.41916,0.00000));
#12796 = VERTEX_POINT('',#12795);
#12797 = CARTESIAN_POINT('',(61.81350,17.21916,0.00000));
#12798 = VERTEX_POINT('',#12797);
#12799 = CARTESIAN_POINT('',(61.81350,17.21916,1.50000));
#12800 = VERTEX_POINT('',#12799);
#12801 = CARTESIAN_POINT('',(61.81350,3.41916,1.50000));
#12802 = VERTEX_POINT('',#12801);
#12803 = CARTESIAN_POINT('',(61.81350,3.41916,0.00000));
#12804 = DIRECTION('',(0.000000,1.000000,0.000000));
#12805 = VECTOR('',#12804,13.80000);
#12806 = LINE('',#12803,#12805);
#12807 = EDGE_CURVE('',#12796,#12798,#12806,.T.);
#12808 = CARTESIAN_POINT('',(61.81350,17.21916,0.00000));
#12809 = DIRECTION('',(0.000000,0.000000,1.000000));
#12810 = VECTOR('',#12809,1.50000);
#12811 = LINE('',#12808,#12810);
#12812 = EDGE_CURVE('',#12798,#12800,#12811,.T.);
#12813 = CARTESIAN_POINT('',(61.81350,17.21916,1.50000));
#12814 = DIRECTION('',(-0.000000,-1.000000,0.000000));
#12815 = VECTOR('',#12814,13.80000);
#12816 = LINE('',#12813,#12815);
#12817 = EDGE_CURVE('',#12800,#12802,#12816,.T.);
#12818 = CARTESIAN_POINT('',(61.81350,3.41916,1.50000));
#12819 = DIRECTION('',(0.000000,0.000000,-1.000000));
#12820 = VECTOR('',#12819,1.50000);
#12821 = LINE('',#12818,#12820);
#12822 = EDGE_CURVE('',#12802,#12796,#12821,.T.);
#12823 = ORIENTED_EDGE('',*,*,#12822,.F.);
#12824 = ORIENTED_EDGE('',*,*,#12817,.F.);
#12825 = ORIENTED_EDGE('',*,*,#12812,.F.);
#12826 = ORIENTED_EDGE('',*,*,#12807,.F.);
#12827 = EDGE_LOOP('',(#12823,#12824,#12825,#12826));
#12828 = FACE_OUTER_BOUND('',#12827,.T.);
#12829 = CARTESIAN_POINT('',(61.81350,3.41916,0.00000));
#12830 = DIRECTION('',(-1.000000,0.000000,0.000000));
#12831 = DIRECTION('',(0.000000,1.000000,0.000000));
#12832 = AXIS2_PLACEMENT_3D('',#12829,#12830,#12831);
#12833 = PLANE('',#12832);
#12834 = ADVANCED_FACE('',(#12828),#12833,.T.);
#12835 = CARTESIAN_POINT('',(23.46570,23.93276,0.00000));
#12836 = VERTEX_POINT('',#12835);
#12837 = CARTESIAN_POINT('',(37.26570,23.93276,0.00000));
#12838 = VERTEX_POINT('',#12837);
#12839 = CARTESIAN_POINT('',(37.26570,23.93276,1.50000));
#12840 = VERTEX_POINT('',#12839);
#12841 = CARTESIAN_POINT('',(23.46570,23.93276,1.50000));
#12842 = VERTEX_POINT('',#12841);
#12843 = CARTESIAN_POINT('',(23.46570,23.93276,0.00000));
#12844 = DIRECTION('',(1.000000,0.000000,0.000000));
#12845 = VECTOR('',#12844,13.80000);
#12846 = LINE('',#12843,#12845);
#12847 = EDGE_CURVE('',#12836,#12838,#12846,.T.);
#12848 = CARTESIAN_POINT('',(37.26570,23.93276,0.00000));
#12849 = DIRECTION('',(0.000000,0.000000,1.000000));
#12850 = VECTOR('',#12849,1.50000);
#12851 = LINE('',#12848,#12850);
#12852 = EDGE_CURVE('',#12838,#12840,#12851,.T.);
#12853 = CARTESIAN_POINT('',(37.26570,23.93276,1.50000));
#12854 = DIRECTION('',(-1.000000,-0.000000,0.000000));
#12855 = VECTOR('',#12854,13.80000);
#12856 = LINE('',#12853,#12855);
#12857 = EDGE_CURVE('',#12840,#12842,#12856,.T.);
#12858 = CARTESIAN_POINT('',(23.46570,23.93276,1.50000));
#12859 = DIRECTION('',(0.000000,0.000000,-1.000000));
#12860 = VECTOR('',#12859,1.50000);
#12861 = LINE('',#12858,#12860);
#12862 = EDGE_CURVE('',#12842,#12836,#12861,.T.);
#12863 = ORIENTED_EDGE('',*,*,#12862,.F.);
#12864 = ORIENTED_EDGE('',*,*,#12857,.F.);
#12865 = ORIENTED_EDGE('',*,*,#12852,.F.);
#12866 = ORIENTED_EDGE('',*,*,#12847,.F.);
#12867 = EDGE_LOOP('',(#12863,#12864,#12865,#12866));
#12868 = FACE_OUTER_BOUND('',#12867,.T.);
#12869 = CARTESIAN_POINT('',(23.46570,23.93276,0.00000));
#12870 = DIRECTION('',(-0.000000,1.000000,0.000000));
#12871 = DIRECTION('',(1.000000,0.000000,0.000000));
#12872 = AXIS2_PLACEMENT_3D('',#12869,#12870,#12871);
#12873 = PLANE('',#12872);
#12874 = ADVANCED_FACE('',(#12868),#12873,.T.);
#12875 = CARTESIAN_POINT('',(37.26570,23.93276,0.00000));
#12876 = VERTEX_POINT('',#12875);
#12877 = CARTESIAN_POINT('',(37.26570,10.13276,0.00000));
#12878 = VERTEX_POINT('',#12877);
#12879 = CARTESIAN_POINT('',(37.26570,10.13276,1.50000));
#12880 = VERTEX_POINT('',#12879);
#12881 = CARTESIAN_POINT('',(37.26570,23.93276,1.50000));
#12882 = VERTEX_POINT('',#12881);
#12883 = CARTESIAN_POINT('',(37.26570,23.93276,0.00000));
#12884 = DIRECTION('',(0.000000,-1.000000,0.000000));
#12885 = VECTOR('',#12884,13.80000);
#12886 = LINE('',#12883,#12885);
#12887 = EDGE_CURVE('',#12876,#12878,#12886,.T.);
#12888 = CARTESIAN_POINT('',(37.26570,10.13276,0.00000));
#12889 = DIRECTION('',(0.000000,0.000000,1.000000));
#12890 = VECTOR('',#12889,1.50000);
#12891 = LINE('',#12888,#12890);
#12892 = EDGE_CURVE('',#12878,#12880,#12891,.T.);
#12893 = CARTESIAN_POINT('',(37.26570,10.13276,1.50000));
#12894 = DIRECTION('',(-0.000000,1.000000,0.000000));
#12895 = VECTOR('',#12894,13.80000);
#12896 = LINE('',#12893,#12895);
#12897 = EDGE_CURVE('',#12880,#12882,#12896,.T.);
#12898 = CARTESIAN_POINT('',(37.26570,23.93276,1.50000));
#12899 = DIRECTION('',(0.000000,0.000000,-1.000000));
#12900 = VECTOR('',#12899,1.50000);
#12901 = LINE('',#12898,#12900);
#12902 = EDGE_CURVE('',#12882,#12876,#12901,.T.);
#12903 = ORIENTED_EDGE('',*,*,#12902,.F.);
#12904 = ORIENTED_EDGE('',*,*,#12897,.F.);
#12905 = ORIENTED_EDGE('',*,*,#12892,.F.);
#12906 = ORIENTED_EDGE('',*,*,#12887,.F.);
#12907 = EDGE_LOOP('',(#12903,#12904,#12905,#12906));
#12908 = FACE_OUTER_BOUND('',#12907,.T.);
#12909 = CARTESIAN_POINT('',(37.26570,23.93276,0.00000));
#12910 = DIRECTION('',(1.000000,0.000000,0.000000));
#12911 = DIRECTION('',(0.000000,-1.000000,0.000000));
#12912 = AXIS2_PLACEMENT_3D('',#12909,#12910,#12911);
#12913 = PLANE('',#12912);
#12914 = ADVANCED_FACE('',(#12908),#12913,.T.);
#12915 = CARTESIAN_POINT('',(37.26570,10.13276,0.00000));
#12916 = VERTEX_POINT('',#12915);
#12917 = CARTESIAN_POINT('',(23.46570,10.13276,0.00000));
#12918 = VERTEX_POINT('',#12917);
#12919 = CARTESIAN_POINT('',(23.46570,10.13276,1.50000));
#12920 = VERTEX_POINT('',#12919);
#12921 = CARTESIAN_POINT('',(37.26570,10.13276,1.50000));
#12922 = VERTEX_POINT('',#12921);
#12923 = CARTESIAN_POINT('',(37.26570,10.13276,0.00000));
#12924 = DIRECTION('',(-1.000000,0.000000,0.000000));
#12925 = VECTOR('',#12924,13.80000);
#12926 = LINE('',#12923,#12925);
#12927 = EDGE_CURVE('',#12916,#12918,#12926,.T.);
#12928 = CARTESIAN_POINT('',(23.46570,10.13276,0.00000));
#12929 = DIRECTION('',(0.000000,0.000000,1.000000));
#12930 = VECTOR('',#12929,1.50000);
#12931 = LINE('',#12928,#12930);
#12932 = EDGE_CURVE('',#12918,#12920,#12931,.T.);
#12933 = CARTESIAN_POINT('',(23.46570,10.13276,1.50000));
#12934 = DIRECTION('',(1.000000,-0.000000,0.000000));
#12935 = VECTOR('',#12934,13.80000);
#12936 = LINE('',#12933,#12935);
#12937 = EDGE_CURVE('',#12920,#12922,#12936,.T.);
#12938 = CARTESIAN_POINT('',(37.26570,10.13276,1.50000));
#12939 = DIRECTION('',(0.000000,0.000000,-1.000000));
#12940 = VECTOR('',#12939,1.50000);
#12941 = LINE('',#12938,#12940);
#12942 = EDGE_CURVE('',#12922,#12916,#12941,.T.);
#12943 = ORIENTED_EDGE('',*,*,#12942,.F.);
#12944 = ORIENTED_EDGE('',*,*,#12937,.F.);
#12945 = ORIENTED_EDGE('',*,*,#12932,.F.);
#12946 = ORIENTED_EDGE('',*,*,#12927,.F.);
#12947 = EDGE_LOOP('',(#12943,#12944,#12945,#12946));
#12948 = FACE_OUTER_BOUND('',#12947,.T.);
#12949 = CARTESIAN_POINT('',(37.26570,10.13276,0.00000));
#12950 = DIRECTION('',(-0.000000,-1.000000,0.000000));
#12951 = DIRECTION('',(-1.000000,0.000000,0.000000));
#12952 = AXIS2_PLACEMENT_3D('',#12949,#12950,#12951);
#12953 = PLANE('',#12952);
#12954 = ADVANCED_FACE('',(#12948),#12953,.T.);
#12955 = CARTESIAN_POINT('',(23.46570,10.13276,0.00000));
#12956 = VERTEX_POINT('',#12955);
#12957 = CARTESIAN_POINT('',(23.46570,23.93276,0.00000));
#12958 = VERTEX_POINT('',#12957);
#12959 = CARTESIAN_POINT('',(23.46570,23.93276,1.50000));
#12960 = VERTEX_POINT('',#12959);
#12961 = CARTESIAN_POINT('',(23.46570,10.13276,1.50000));
#12962 = VERTEX_POINT('',#12961);
#12963 = CARTESIAN_POINT('',(23.46570,10.13276,0.00000));
#12964 = DIRECTION('',(0.000000,1.000000,0.000000));
#12965 = VECTOR('',#12964,13.80000);
#12966 = LINE('',#12963,#12965);
#12967 = EDGE_CURVE('',#12956,#12958,#12966,.T.);
#12968 = CARTESIAN_POINT('',(23.46570,23.93276,0.00000));
#12969 = DIRECTION('',(0.000000,0.000000,1.000000));
#12970 = VECTOR('',#12969,1.50000);
#12971 = LINE('',#12968,#12970);
#12972 = EDGE_CURVE('',#12958,#12960,#12971,.T.);
#12973 = CARTESIAN_POINT('',(23.46570,23.93276,1.50000));
#12974 = DIRECTION('',(-0.000000,-1.000000,0.000000));
#12975 = VECTOR('',#12974,13.80000);
#12976 = LINE('',#12973,#12975);
#12977 = EDGE_CURVE('',#12960,#12962,#12976,.T.);
#12978 = CARTESIAN_POINT('',(23.46570,10.13276,1.50000));
#12979 = DIRECTION('',(0.000000,0.000000,-1.000000));
#12980 = VECTOR('',#12979,1.50000);
#12981 = LINE('',#12978,#12980);
#12982 = EDGE_CURVE('',#12962,#12956,#12981,.T.);
#12983 = ORIENTED_EDGE('',*,*,#12982,.F.);
#12984 = ORIENTED_EDGE('',*,*,#12977,.F.);
#12985 = ORIENTED_EDGE('',*,*,#12972,.F.);
#12986 = ORIENTED_EDGE('',*,*,#12967,.F.);
#12987 = EDGE_LOOP('',(#12983,#12984,#12985,#12986));
#12988 = FACE_OUTER_BOUND('',#12987,.T.);
#12989 = CARTESIAN_POINT('',(23.46570,10.13276,0.00000));
#12990 = DIRECTION('',(-1.000000,0.000000,0.000000));
#12991 = DIRECTION('',(0.000000,1.000000,0.000000));
#12992 = AXIS2_PLACEMENT_3D('',#12989,#12990,#12991);
#12993 = PLANE('',#12992);
#12994 = ADVANCED_FACE('',(#12988),#12993,.T.);
#12995 = CARTESIAN_POINT('',(100.07210,39.50676,0.00000));
#12996 = VERTEX_POINT('',#12995);
#12997 = CARTESIAN_POINT('',(113.87210,39.50676,0.00000));
#12998 = VERTEX_POINT('',#12997);
#12999 = CARTESIAN_POINT('',(113.87210,39.50676,1.50000));
#13000 = VERTEX_POINT('',#12999);
#13001 = CARTESIAN_POINT('',(100.07210,39.50676,1.50000));
#13002 = VERTEX_POINT('',#13001);
#13003 = CARTESIAN_POINT('',(100.07210,39.50676,0.00000));
#13004 = DIRECTION('',(1.000000,0.000000,0.000000));
#13005 = VECTOR('',#13004,13.80000);
#13006 = LINE('',#13003,#13005);
#13007 = EDGE_CURVE('',#12996,#12998,#13006,.T.);
#13008 = CARTESIAN_POINT('',(113.87210,39.50676,0.00000));
#13009 = DIRECTION('',(0.000000,0.000000,1.000000));
#13010 = VECTOR('',#13009,1.50000);
#13011 = LINE('',#13008,#13010);
#13012 = EDGE_CURVE('',#12998,#13000,#13011,.T.);
#13013 = CARTESIAN_POINT('',(113.87210,39.50676,1.50000));
#13014 = DIRECTION('',(-1.000000,-0.000000,0.000000));
#13015 = VECTOR('',#13014,13.80000);
#13016 = LINE('',#13013,#13015);
#13017 = EDGE_CURVE('',#13000,#13002,#13016,.T.);
#13018 = CARTESIAN_POINT('',(100.07210,39.50676,1.50000));
#13019 = DIRECTION('',(0.000000,0.000000,-1.000000));
#13020 = VECTOR('',#13019,1.50000);
#13021 = LINE('',#13018,#13020);
#13022 = EDGE_CURVE('',#13002,#12996,#13021,.T.);
#13023 = ORIENTED_EDGE('',*,*,#13022,.F.);
#13024 = ORIENTED_EDGE('',*,*,#13017,.F.);
#13025 = ORIENTED_EDGE('',*,*,#13012,.F.);
#13026 = ORIENTED_EDGE('',*,*,#13007,.F.);
#13027 = EDGE_LOOP('',(#13023,#13024,#13025,#13026));
#13028 = FACE_OUTER_BOUND('',#13027,.T.);
#13029 = CARTESIAN_POINT('',(100.07210,39.50676,0.00000));
#13030 = DIRECTION('',(-0.000000,1.000000,0.000000));
#13031 = DIRECTION('',(1.000000,0.000000,0.000000));
#13032 = AXIS2_PLACEMENT_3D('',#13029,#13030,#13031);
#13033 = PLANE('',#13032);
#13034 = ADVANCED_FACE('',(#13028),#13033,.T.);
#13035 = CARTESIAN_POINT('',(113.87210,39.50676,0.00000));
#13036 = VERTEX_POINT('',#13035);
#13037 = CARTESIAN_POINT('',(113.87210,25.70676,0.00000));
#13038 = VERTEX_POINT('',#13037);
#13039 = CARTESIAN_POINT('',(113.87210,25.70676,1.50000));
#13040 = VERTEX_POINT('',#13039);
#13041 = CARTESIAN_POINT('',(113.87210,39.50676,1.50000));
#13042 = VERTEX_POINT('',#13041);
#13043 = CARTESIAN_POINT('',(113.87210,39.50676,0.00000));
#13044 = DIRECTION('',(0.000000,-1.000000,0.000000));
#13045 = VECTOR('',#13044,13.80000);
#13046 = LINE('',#13043,#13045);
#13047 = EDGE_CURVE('',#13036,#13038,#13046,.T.);
#13048 = CARTESIAN_POINT('',(113.87210,25.70676,0.00000));
#13049 = DIRECTION('',(0.000000,0.000000,1.000000));
#13050 = VECTOR('',#13049,1.50000);
#13051 = LINE('',#13048,#13050);
#13052 = EDGE_CURVE('',#13038,#13040,#13051,.T.);
#13053 = CARTESIAN_POINT('',(113.87210,25.70676,1.50000));
#13054 = DIRECTION('',(-0.000000,1.000000,0.000000));
#13055 = VECTOR('',#13054,13.80000);
#13056 = LINE('',#13053,#13055);
#13057 = EDGE_CURVE('',#13040,#13042,#13056,.T.);
#13058 = CARTESIAN_POINT('',(113.87210,39.50676,1.50000));
#13059 = DIRECTION('',(0.000000,0.000000,-1.000000));
#13060 = VECTOR('',#13059,1.50000);
#13061 = LINE('',#13058,#13060);
#13062 = EDGE_CURVE('',#13042,#13036,#13061,.T.);
#13063 = ORIENTED_EDGE('',*,*,#13062,.F.);
#13064 = ORIENTED_EDGE('',*,*,#13057,.F.);
#13065 = ORIENTED_EDGE('',*,*,#13052,.F.);
#13066 = ORIENTED_EDGE('',*,*,#13047,.F.);
#13067 = EDGE_LOOP('',(#13063,#13064,#13065,#13066));
#13068 = FACE_OUTER_BOUND('',#13067,.T.);
#13069 = CARTESIAN_POINT('',(113.87210,39.50676,0.00000));
#13070 = DIRECTION('',(1.000000,0.000000,0.000000));
#13071 = DIRECTION('',(0.000000,-1.000000,0.000000));
#13072 = AXIS2_PLACEMENT_3D('',#13069,#13070,#13071);
#13073 = PLANE('',#13072);
#13074 = ADVANCED_FACE('',(#13068),#13073,.T.);
#13075 = CARTESIAN_POINT('',(113.87210,25.70676,0.00000));
#13076 = VERTEX_POINT('',#13075);
#13077 = CARTESIAN_POINT('',(100.07210,25.70676,0.00000));
#13078 = VERTEX_POINT('',#13077);
#13079 = CARTESIAN_POINT('',(100.07210,25.70676,1.50000));
#13080 = VERTEX_POINT('',#13079);
#13081 = CARTESIAN_POINT('',(113.87210,25.70676,1.50000));
#13082 = VERTEX_POINT('',#13081);
#13083 = CARTESIAN_POINT('',(113.87210,25.70676,0.00000));
#13084 = DIRECTION('',(-1.000000,0.000000,0.000000));
#13085 = VECTOR('',#13084,13.80000);
#13086 = LINE('',#13083,#13085);
#13087 = EDGE_CURVE('',#13076,#13078,#13086,.T.);
#13088 = CARTESIAN_POINT('',(100.07210,25.70676,0.00000));
#13089 = DIRECTION('',(0.000000,0.000000,1.000000));
#13090 = VECTOR('',#13089,1.50000);
#13091 = LINE('',#13088,#13090);
#13092 = EDGE_CURVE('',#13078,#13080,#13091,.T.);
#13093 = CARTESIAN_POINT('',(100.07210,25.70676,1.50000));
#13094 = DIRECTION('',(1.000000,-0.000000,0.000000));
#13095 = VECTOR('',#13094,13.80000);
#13096 = LINE('',#13093,#13095);
#13097 = EDGE_CURVE('',#13080,#13082,#13096,.T.);
#13098 = CARTESIAN_POINT('',(113.87210,25.70676,1.50000));
#13099 = DIRECTION('',(0.000000,0.000000,-1.000000));
#13100 = VECTOR('',#13099,1.50000);
#13101 = LINE('',#13098,#13100);
#13102 = EDGE_CURVE('',#13082,#13076,#13101,.T.);
#13103 = ORIENTED_EDGE('',*,*,#13102,.F.);
#13104 = ORIENTED_EDGE('',*,*,#13097,.F.);
#13105 = ORIENTED_EDGE('',*,*,#13092,.F.);
#13106 = ORIENTED_EDGE('',*,*,#13087,.F.);
#13107 = EDGE_LOOP('',(#13103,#13104,#13105,#13106));
#13108 = FACE_OUTER_BOUND('',#13107,.T.);
#13109 = CARTESIAN_POINT('',(113.87210,25.70676,0.00000));
#13110 = DIRECTION('',(-0.000000,-1.000000,0.000000));
#13111 = DIRECTION('',(-1.000000,0.000000,0.000000));
#13112 = AXIS2_PLACEMENT_3D('',#13109,#13110,#13111);
#13113 = PLANE('',#13112);
#13114 = ADVANCED_FACE('',(#13108),#13113,.T.);
#13115 = CARTESIAN_POINT('',(100.07210,25.70676,0.00000));
#13116 = VERTEX_POINT('',#13115);
#13117 = CARTESIAN_POINT('',(100.07210,39.50676,0.00000));
#13118 = VERTEX_POINT('',#13117);
#13119 = CARTESIAN_POINT('',(100.07210,39.50676,1.50000));
#13120 = VERTEX_POINT('',#13119);
#13121 = CARTESIAN_POINT('',(100.07210,25.70676,1.50000));
#13122 = VERTEX_POINT('',#13121);
#13123 = CARTESIAN_POINT('',(100.07210,25.70676,0.00000));
#13124 = DIRECTION('',(0.000000,1.000000,0.000000));
#13125 = VECTOR('',#13124,13.80000);
#13126 = LINE('',#13123,#13125);
#13127 = EDGE_CURVE('',#13116,#13118,#13126,.T.);
#13128 = CARTESIAN_POINT('',(100.07210,39.50676,0.00000));
#13129 = DIRECTION('',(0.000000,0.000000,1.000000));
#13130 = VECTOR('',#13129,1.50000);
#13131 = LINE('',#13128,#13130);
#13132 = EDGE_CURVE('',#13118,#13120,#13131,.T.);
#13133 = CARTESIAN_POINT('',(100.07210,39.50676,1.50000));
#13134 = DIRECTION('',(-0.000000,-1.000000,0.000000));
#13135 = VECTOR('',#13134,13.80000);
#13136 = LINE('',#13133,#13135);
#13137 = EDGE_CURVE('',#13120,#13122,#13136,.T.);
#13138 = CARTESIAN_POINT('',(100.07210,25.70676,1.50000));
#13139 = DIRECTION('',(0.000000,0.000000,-1.000000));
#13140 = VECTOR('',#13139,1.50000);
#13141 = LINE('',#13138,#13140);
#13142 = EDGE_CURVE('',#13122,#13116,#13141,.T.);
#13143 = ORIENTED_EDGE('',*,*,#13142,.F.);
#13144 = ORIENTED_EDGE('',*,*,#13137,.F.);
#13145 = ORIENTED_EDGE('',*,*,#13132,.F.);
#13146 = ORIENTED_EDGE('',*,*,#13127,.F.);
#13147 = EDGE_LOOP('',(#13143,#13144,#13145,#13146));
#13148 = FACE_OUTER_BOUND('',#13147,.T.);
#13149 = CARTESIAN_POINT('',(100.07210,25.70676,0.00000));
#13150 = DIRECTION('',(-1.000000,0.000000,0.000000));
#13151 = DIRECTION('',(0.000000,1.000000,0.000000));
#13152 = AXIS2_PLACEMENT_3D('',#13149,#13150,#13151);
#13153 = PLANE('',#13152);
#13154 = ADVANCED_FACE('',(#13148),#13153,.T.);
#13155 = CARTESIAN_POINT('',(4.21620,23.87016,0.00000));
#13156 = VERTEX_POINT('',#13155);
#13157 = CARTESIAN_POINT('',(18.01620,23.87016,0.00000));
#13158 = VERTEX_POINT('',#13157);
#13159 = CARTESIAN_POINT('',(18.01620,23.87016,1.50000));
#13160 = VERTEX_POINT('',#13159);
#13161 = CARTESIAN_POINT('',(4.21620,23.87016,1.50000));
#13162 = VERTEX_POINT('',#13161);
#13163 = CARTESIAN_POINT('',(4.21620,23.87016,0.00000));
#13164 = DIRECTION('',(1.000000,0.000000,0.000000));
#13165 = VECTOR('',#13164,13.80000);
#13166 = LINE('',#13163,#13165);
#13167 = EDGE_CURVE('',#13156,#13158,#13166,.T.);
#13168 = CARTESIAN_POINT('',(18.01620,23.87016,0.00000));
#13169 = DIRECTION('',(0.000000,0.000000,1.000000));
#13170 = VECTOR('',#13169,1.50000);
#13171 = LINE('',#13168,#13170);
#13172 = EDGE_CURVE('',#13158,#13160,#13171,.T.);
#13173 = CARTESIAN_POINT('',(18.01620,23.87016,1.50000));
#13174 = DIRECTION('',(-1.000000,-0.000000,0.000000));
#13175 = VECTOR('',#13174,13.80000);
#13176 = LINE('',#13173,#13175);
#13177 = EDGE_CURVE('',#13160,#13162,#13176,.T.);
#13178 = CARTESIAN_POINT('',(4.21620,23.87016,1.50000));
#13179 = DIRECTION('',(0.000000,0.000000,-1.000000));
#13180 = VECTOR('',#13179,1.50000);
#13181 = LINE('',#13178,#13180);
#13182 = EDGE_CURVE('',#13162,#13156,#13181,.T.);
#13183 = ORIENTED_EDGE('',*,*,#13182,.F.);
#13184 = ORIENTED_EDGE('',*,*,#13177,.F.);
#13185 = ORIENTED_EDGE('',*,*,#13172,.F.);
#13186 = ORIENTED_EDGE('',*,*,#13167,.F.);
#13187 = EDGE_LOOP('',(#13183,#13184,#13185,#13186));
#13188 = FACE_OUTER_BOUND('',#13187,.T.);
#13189 = CARTESIAN_POINT('',(4.21620,23.87016,0.00000));
#13190 = DIRECTION('',(-0.000000,1.000000,0.000000));
#13191 = DIRECTION('',(1.000000,0.000000,0.000000));
#13192 = AXIS2_PLACEMENT_3D('',#13189,#13190,#13191);
#13193 = PLANE('',#13192);
#13194 = ADVANCED_FACE('',(#13188),#13193,.T.);
#13195 = CARTESIAN_POINT('',(18.01620,23.87016,0.00000));
#13196 = VERTEX_POINT('',#13195);
#13197 = CARTESIAN_POINT('',(18.01620,10.07016,0.00000));
#13198 = VERTEX_POINT('',#13197);
#13199 = CARTESIAN_POINT('',(18.01620,10.07016,1.50000));
#13200 = VERTEX_POINT('',#13199);
#13201 = CARTESIAN_POINT('',(18.01620,23.87016,1.50000));
#13202 = VERTEX_POINT('',#13201);
#13203 = CARTESIAN_POINT('',(18.01620,23.87016,0.00000));
#13204 = DIRECTION('',(0.000000,-1.000000,0.000000));
#13205 = VECTOR('',#13204,13.80000);
#13206 = LINE('',#13203,#13205);
#13207 = EDGE_CURVE('',#13196,#13198,#13206,.T.);
#13208 = CARTESIAN_POINT('',(18.01620,10.07016,0.00000));
#13209 = DIRECTION('',(0.000000,0.000000,1.000000));
#13210 = VECTOR('',#13209,1.50000);
#13211 = LINE('',#13208,#13210);
#13212 = EDGE_CURVE('',#13198,#13200,#13211,.T.);
#13213 = CARTESIAN_POINT('',(18.01620,10.07016,1.50000));
#13214 = DIRECTION('',(-0.000000,1.000000,0.000000));
#13215 = VECTOR('',#13214,13.80000);
#13216 = LINE('',#13213,#13215);
#13217 = EDGE_CURVE('',#13200,#13202,#13216,.T.);
#13218 = CARTESIAN_POINT('',(18.01620,23.87016,1.50000));
#13219 = DIRECTION('',(0.000000,0.000000,-1.000000));
#13220 = VECTOR('',#13219,1.50000);
#13221 = LINE('',#13218,#13220);
#13222 = EDGE_CURVE('',#13202,#13196,#13221,.T.);
#13223 = ORIENTED_EDGE('',*,*,#13222,.F.);
#13224 = ORIENTED_EDGE('',*,*,#13217,.F.);
#13225 = ORIENTED_EDGE('',*,*,#13212,.F.);
#13226 = ORIENTED_EDGE('',*,*,#13207,.F.);
#13227 = EDGE_LOOP('',(#13223,#13224,#13225,#13226));
#13228 = FACE_OUTER_BOUND('',#13227,.T.);
#13229 = CARTESIAN_POINT('',(18.01620,23.87016,0.00000));
#13230 = DIRECTION('',(1.000000,0.000000,0.000000));
#13231 = DIRECTION('',(0.000000,-1.000000,0.000000));
#13232 = AXIS2_PLACEMENT_3D('',#13229,#13230,#13231);
#13233 = PLANE('',#13232);
#13234 = ADVANCED_FACE('',(#13228),#13233,.T.);
#13235 = CARTESIAN_POINT('',(18.01620,10.07016,0.00000));
#13236 = VERTEX_POINT('',#13235);
#13237 = CARTESIAN_POINT('',(4.21620,10.07016,0.00000));
#13238 = VERTEX_POINT('',#13237);
#13239 = CARTESIAN_POINT('',(4.21620,10.07016,1.50000));
#13240 = VERTEX_POINT('',#13239);
#13241 = CARTESIAN_POINT('',(18.01620,10.07016,1.50000));
#13242 = VERTEX_POINT('',#13241);
#13243 = CARTESIAN_POINT('',(18.01620,10.07016,0.00000));
#13244 = DIRECTION('',(-1.000000,0.000000,0.000000));
#13245 = VECTOR('',#13244,13.80000);
#13246 = LINE('',#13243,#13245);
#13247 = EDGE_CURVE('',#13236,#13238,#13246,.T.);
#13248 = CARTESIAN_POINT('',(4.21620,10.07016,0.00000));
#13249 = DIRECTION('',(0.000000,0.000000,1.000000));
#13250 = VECTOR('',#13249,1.50000);
#13251 = LINE('',#13248,#13250);
#13252 = EDGE_CURVE('',#13238,#13240,#13251,.T.);
#13253 = CARTESIAN_POINT('',(4.21620,10.07016,1.50000));
#13254 = DIRECTION('',(1.000000,-0.000000,0.000000));
#13255 = VECTOR('',#13254,13.80000);
#13256 = LINE('',#13253,#13255);
#13257 = EDGE_CURVE('',#13240,#13242,#13256,.T.);
#13258 = CARTESIAN_POINT('',(18.01620,10.07016,1.50000));
#13259 = DIRECTION('',(0.000000,0.000000,-1.000000));
#13260 = VECTOR('',#13259,1.50000);
#13261 = LINE('',#13258,#13260);
#13262 = EDGE_CURVE('',#13242,#13236,#13261,.T.);
#13263 = ORIENTED_EDGE('',*,*,#13262,.F.);
#13264 = ORIENTED_EDGE('',*,*,#13257,.F.);
#13265 = ORIENTED_EDGE('',*,*,#13252,.F.);
#13266 = ORIENTED_EDGE('',*,*,#13247,.F.);
#13267 = EDGE_LOOP('',(#13263,#13264,#13265,#13266));
#13268 = FACE_OUTER_BOUND('',#13267,.T.);
#13269 = CARTESIAN_POINT('',(18.01620,10.07016,0.00000));
#13270 = DIRECTION('',(-0.000000,-1.000000,0.000000));
#13271 = DIRECTION('',(-1.000000,0.000000,0.000000));
#13272 = AXIS2_PLACEMENT_3D('',#13269,#13270,#13271);
#13273 = PLANE('',#13272);
#13274 = ADVANCED_FACE('',(#13268),#13273,.T.);
#13275 = CARTESIAN_POINT('',(4.21620,10.07016,0.00000));
#13276 = VERTEX_POINT('',#13275);
#13277 = CARTESIAN_POINT('',(4.21620,23.87016,0.00000));
#13278 = VERTEX_POINT('',#13277);
#13279 = CARTESIAN_POINT('',(4.21620,23.87016,1.50000));
#13280 = VERTEX_POINT('',#13279);
#13281 = CARTESIAN_POINT('',(4.21620,10.07016,1.50000));
#13282 = VERTEX_POINT('',#13281);
#13283 = CARTESIAN_POINT('',(4.21620,10.07016,0.00000));
#13284 = DIRECTION('',(0.000000,1.000000,0.000000));
#13285 = VECTOR('',#13284,13.80000);
#13286 = LINE('',#13283,#13285);
#13287 = EDGE_CURVE('',#13276,#13278,#13286,.T.);
#13288 = CARTESIAN_POINT('',(4.21620,23.87016,0.00000));
#13289 = DIRECTION('',(0.000000,0.000000,1.000000));
#13290 = VECTOR('',#13289,1.50000);
#13291 = LINE('',#13288,#13290);
#13292 = EDGE_CURVE('',#13278,#13280,#13291,.T.);
#13293 = CARTESIAN_POINT('',(4.21620,23.87016,1.50000));
#13294 = DIRECTION('',(-0.000000,-1.000000,0.000000));
#13295 = VECTOR('',#13294,13.80000);
#13296 = LINE('',#13293,#13295);
#13297 = EDGE_CURVE('',#13280,#13282,#13296,.T.);
#13298 = CARTESIAN_POINT('',(4.21620,10.07016,1.50000));
#13299 = DIRECTION('',(0.000000,0.000000,-1.000000));
#13300 = VECTOR('',#13299,1.50000);
#13301 = LINE('',#13298,#13300);
#13302 = EDGE_CURVE('',#13282,#13276,#13301,.T.);
#13303 = ORIENTED_EDGE('',*,*,#13302,.F.);
#13304 = ORIENTED_EDGE('',*,*,#13297,.F.);
#13305 = ORIENTED_EDGE('',*,*,#13292,.F.);
#13306 = ORIENTED_EDGE('',*,*,#13287,.F.);
#13307 = EDGE_LOOP('',(#13303,#13304,#13305,#13306));
#13308 = FACE_OUTER_BOUND('',#13307,.T.);
#13309 = CARTESIAN_POINT('',(4.21620,10.07016,0.00000));
#13310 = DIRECTION('',(-1.000000,0.000000,0.000000));
#13311 = DIRECTION('',(0.000000,1.000000,0.000000));
#13312 = AXIS2_PLACEMENT_3D('',#13309,#13310,#13311);
#13313 = PLANE('',#13312);
#13314 = ADVANCED_FACE('',(#13308),#13313,.T.);
#13315 = CARTESIAN_POINT('',(115.15070,65.76096,0.00000));
#13316 = VERTEX_POINT('',#13315);
#13317 = CARTESIAN_POINT('',(111.95070,65.76096,0.00000));
#13318 = VERTEX_POINT('',#13317);
#13319 = CARTESIAN_POINT('',(115.15070,65.76096,1.50000));
#13320 = VERTEX_POINT('',#13319);
#13321 = CARTESIAN_POINT('',(111.95070,65.76096,1.50000));
#13322 = VERTEX_POINT('',#13321);
#13323 = CARTESIAN_POINT('',(113.55070,65.76096,0.00000));
#13324 = DIRECTION('',(0.000000,0.000000,-1.000000));
#13325 = DIRECTION('',(1.000000,0.000000,0.000000));
#13326 = AXIS2_PLACEMENT_3D('',#13323,#13324,#13325);
#13327 = CIRCLE('',#13326,1.60000);
#13328 = CARTESIAN_POINT('',(113.55070,65.76096,1.50000));
#13329 = DIRECTION('',(0.000000,0.000000,1.000000));
#13330 = DIRECTION('',(1.000000,0.000000,0.000000));
#13331 = AXIS2_PLACEMENT_3D('',#13328,#13329,#13330);
#13332 = CIRCLE('',#13331,1.60000);
#13333 = EDGE_CURVE('',#13316,#13318,#13327,.T.);
#13334 = EDGE_CURVE('',#13322,#13320,#13332,.T.);
#13335 = CARTESIAN_POINT('',(115.15070,65.76096,0.00000));
#13336 = DIRECTION('',(0.000000,0.000000,1.000000));
#13337 = VECTOR('',#13336,1.50000);
#13338 = LINE('',#13335,#13337);
#13339 = EDGE_CURVE('',#13316,#13320,#13338,.T.);
#13340 = CARTESIAN_POINT('',(111.95070,65.76096,1.50000));
#13341 = DIRECTION('',(0.000000,0.000000,-1.000000));
#13342 = VECTOR('',#13341,1.50000);
#13343 = LINE('',#13340,#13342);
#13344 = EDGE_CURVE('',#13322,#13318,#13343,.T.);
#13345 = ORIENTED_EDGE('',*,*,#13333,.T.);
#13346 = ORIENTED_EDGE('',*,*,#13339,.T.);
#13347 = ORIENTED_EDGE('',*,*,#13334,.T.);
#13348 = ORIENTED_EDGE('',*,*,#13344,.T.);
#13349 = EDGE_LOOP('',(#13345,#13346,#13347,#13348));
#13350 = CARTESIAN_POINT('',(113.55070,65.76096,0.00000));
#13351 = DIRECTION('',(0.000000,0.000000,1.000000));
#13352 = DIRECTION('',(1.000000,0.000000,0.000000));
#13353 = AXIS2_PLACEMENT_3D('',#13350,#13351,#13352);
#13354 = CYLINDRICAL_SURFACE('',#13353,1.60000);
#13355 = FACE_OUTER_BOUND('',#13349,.T.);
#13356 = ADVANCED_FACE('',(#13355),#13354,.F.);
#13357 = CARTESIAN_POINT('',(111.95070,65.76096,0.00000));
#13358 = VERTEX_POINT('',#13357);
#13359 = CARTESIAN_POINT('',(115.15070,65.76096,0.00000));
#13360 = VERTEX_POINT('',#13359);
#13361 = CARTESIAN_POINT('',(111.95070,65.76096,1.50000));
#13362 = VERTEX_POINT('',#13361);
#13363 = CARTESIAN_POINT('',(115.15070,65.76096,1.50000));
#13364 = VERTEX_POINT('',#13363);
#13365 = CARTESIAN_POINT('',(113.55070,65.76096,0.00000));
#13366 = DIRECTION('',(0.000000,0.000000,-1.000000));
#13367 = DIRECTION('',(1.000000,0.000000,0.000000));
#13368 = AXIS2_PLACEMENT_3D('',#13365,#13366,#13367);
#13369 = CIRCLE('',#13368,1.60000);
#13370 = CARTESIAN_POINT('',(113.55070,65.76096,1.50000));
#13371 = DIRECTION('',(0.000000,0.000000,1.000000));
#13372 = DIRECTION('',(1.000000,0.000000,0.000000));
#13373 = AXIS2_PLACEMENT_3D('',#13370,#13371,#13372);
#13374 = CIRCLE('',#13373,1.60000);
#13375 = EDGE_CURVE('',#13358,#13360,#13369,.T.);
#13376 = EDGE_CURVE('',#13364,#13362,#13374,.T.);
#13377 = CARTESIAN_POINT('',(111.95070,65.76096,0.00000));
#13378 = DIRECTION('',(0.000000,0.000000,1.000000));
#13379 = VECTOR('',#13378,1.50000);
#13380 = LINE('',#13377,#13379);
#13381 = EDGE_CURVE('',#13358,#13362,#13380,.T.);
#13382 = CARTESIAN_POINT('',(115.15070,65.76096,1.50000));
#13383 = DIRECTION('',(0.000000,0.000000,-1.000000));
#13384 = VECTOR('',#13383,1.50000);
#13385 = LINE('',#13382,#13384);
#13386 = EDGE_CURVE('',#13364,#13360,#13385,.T.);
#13387 = ORIENTED_EDGE('',*,*,#13375,.T.);
#13388 = ORIENTED_EDGE('',*,*,#13381,.T.);
#13389 = ORIENTED_EDGE('',*,*,#13376,.T.);
#13390 = ORIENTED_EDGE('',*,*,#13386,.T.);
#13391 = EDGE_LOOP('',(#13387,#13388,#13389,#13390));
#13392 = CARTESIAN_POINT('',(113.55070,65.76096,0.00000));
#13393 = DIRECTION('',(0.000000,0.000000,1.000000));
#13394 = DIRECTION('',(1.000000,0.000000,0.000000));
#13395 = AXIS2_PLACEMENT_3D('',#13392,#13393,#13394);
#13396 = CYLINDRICAL_SURFACE('',#13395,1.60000);
#13397 = FACE_OUTER_BOUND('',#13391,.T.);
#13398 = ADVANCED_FACE('',(#13397),#13396,.F.);
#13399 = CARTESIAN_POINT('',(66.07790,66.70076,0.00000));
#13400 = VERTEX_POINT('',#13399);
#13401 = CARTESIAN_POINT('',(62.87790,66.70076,0.00000));
#13402 = VERTEX_POINT('',#13401);
#13403 = CARTESIAN_POINT('',(66.07790,66.70076,1.50000));
#13404 = VERTEX_POINT('',#13403);
#13405 = CARTESIAN_POINT('',(62.87790,66.70076,1.50000));
#13406 = VERTEX_POINT('',#13405);
#13407 = CARTESIAN_POINT('',(64.47790,66.70076,0.00000));
#13408 = DIRECTION('',(0.000000,0.000000,-1.000000));
#13409 = DIRECTION('',(1.000000,0.000000,0.000000));
#13410 = AXIS2_PLACEMENT_3D('',#13407,#13408,#13409);
#13411 = CIRCLE('',#13410,1.60000);
#13412 = CARTESIAN_POINT('',(64.47790,66.70076,1.50000));
#13413 = DIRECTION('',(0.000000,0.000000,1.000000));
#13414 = DIRECTION('',(1.000000,0.000000,0.000000));
#13415 = AXIS2_PLACEMENT_3D('',#13412,#13413,#13414);
#13416 = CIRCLE('',#13415,1.60000);
#13417 = EDGE_CURVE('',#13400,#13402,#13411,.T.);
#13418 = EDGE_CURVE('',#13406,#13404,#13416,.T.);
#13419 = CARTESIAN_POINT('',(66.07790,66.70076,0.00000));
#13420 = DIRECTION('',(0.000000,0.000000,1.000000));
#13421 = VECTOR('',#13420,1.50000);
#13422 = LINE('',#13419,#13421);
#13423 = EDGE_CURVE('',#13400,#13404,#13422,.T.);
#13424 = CARTESIAN_POINT('',(62.87790,66.70076,1.50000));
#13425 = DIRECTION('',(0.000000,0.000000,-1.000000));
#13426 = VECTOR('',#13425,1.50000);
#13427 = LINE('',#13424,#13426);
#13428 = EDGE_CURVE('',#13406,#13402,#13427,.T.);
#13429 = ORIENTED_EDGE('',*,*,#13417,.T.);
#13430 = ORIENTED_EDGE('',*,*,#13423,.T.);
#13431 = ORIENTED_EDGE('',*,*,#13418,.T.);
#13432 = ORIENTED_EDGE('',*,*,#13428,.T.);
#13433 = EDGE_LOOP('',(#13429,#13430,#13431,#13432));
#13434 = CARTESIAN_POINT('',(64.47790,66.70076,0.00000));
#13435 = DIRECTION('',(0.000000,0.000000,1.000000));
#13436 = DIRECTION('',(1.000000,0.000000,0.000000));
#13437 = AXIS2_PLACEMENT_3D('',#13434,#13435,#13436);
#13438 = CYLINDRICAL_SURFACE('',#13437,1.60000);
#13439 = FACE_OUTER_BOUND('',#13433,.T.);
#13440 = ADVANCED_FACE('',(#13439),#13438,.F.);
#13441 = CARTESIAN_POINT('',(62.87790,66.70076,0.00000));
#13442 = VERTEX_POINT('',#13441);
#13443 = CARTESIAN_POINT('',(66.07790,66.70076,0.00000));
#13444 = VERTEX_POINT('',#13443);
#13445 = CARTESIAN_POINT('',(62.87790,66.70076,1.50000));
#13446 = VERTEX_POINT('',#13445);
#13447 = CARTESIAN_POINT('',(66.07790,66.70076,1.50000));
#13448 = VERTEX_POINT('',#13447);
#13449 = CARTESIAN_POINT('',(64.47790,66.70076,0.00000));
#13450 = DIRECTION('',(0.000000,0.000000,-1.000000));
#13451 = DIRECTION('',(1.000000,0.000000,0.000000));
#13452 = AXIS2_PLACEMENT_3D('',#13449,#13450,#13451);
#13453 = CIRCLE('',#13452,1.60000);
#13454 = CARTESIAN_POINT('',(64.47790,66.70076,1.50000));
#13455 = DIRECTION('',(0.000000,0.000000,1.000000));
#13456 = DIRECTION('',(1.000000,0.000000,0.000000));
#13457 = AXIS2_PLACEMENT_3D('',#13454,#13455,#13456);
#13458 = CIRCLE('',#13457,1.60000);
#13459 = EDGE_CURVE('',#13442,#13444,#13453,.T.);
#13460 = EDGE_CURVE('',#13448,#13446,#13458,.T.);
#13461 = CARTESIAN_POINT('',(62.87790,66.70076,0.00000));
#13462 = DIRECTION('',(0.000000,0.000000,1.000000));
#13463 = VECTOR('',#13462,1.50000);
#13464 = LINE('',#13461,#13463);
#13465 = EDGE_CURVE('',#13442,#13446,#13464,.T.);
#13466 = CARTESIAN_POINT('',(66.07790,66.70076,1.50000));
#13467 = DIRECTION('',(0.000000,0.000000,-1.000000));
#13468 = VECTOR('',#13467,1.50000);
#13469 = LINE('',#13466,#13468);
#13470 = EDGE_CURVE('',#13448,#13444,#13469,.T.);
#13471 = ORIENTED_EDGE('',*,*,#13459,.T.);
#13472 = ORIENTED_EDGE('',*,*,#13465,.T.);
#13473 = ORIENTED_EDGE('',*,*,#13460,.T.);
#13474 = ORIENTED_EDGE('',*,*,#13470,.T.);
#13475 = EDGE_LOOP('',(#13471,#13472,#13473,#13474));
#13476 = CARTESIAN_POINT('',(64.47790,66.70076,0.00000));
#13477 = DIRECTION('',(0.000000,0.000000,1.000000));
#13478 = DIRECTION('',(1.000000,0.000000,0.000000));
#13479 = AXIS2_PLACEMENT_3D('',#13476,#13477,#13478);
#13480 = CYLINDRICAL_SURFACE('',#13479,1.60000);
#13481 = FACE_OUTER_BOUND('',#13475,.T.);
#13482 = ADVANCED_FACE('',(#13481),#13480,.F.);
#13483 = CARTESIAN_POINT('',(121.79280,35.50956,0.00000));
#13484 = VERTEX_POINT('',#13483);
#13485 = CARTESIAN_POINT('',(118.59280,35.50956,0.00000));
#13486 = VERTEX_POINT('',#13485);
#13487 = CARTESIAN_POINT('',(121.79280,35.50956,1.50000));
#13488 = VERTEX_POINT('',#13487);
#13489 = CARTESIAN_POINT('',(118.59280,35.50956,1.50000));
#13490 = VERTEX_POINT('',#13489);
#13491 = CARTESIAN_POINT('',(120.19280,35.50956,0.00000));
#13492 = DIRECTION('',(0.000000,0.000000,-1.000000));
#13493 = DIRECTION('',(1.000000,0.000000,0.000000));
#13494 = AXIS2_PLACEMENT_3D('',#13491,#13492,#13493);
#13495 = CIRCLE('',#13494,1.60000);
#13496 = CARTESIAN_POINT('',(120.19280,35.50956,1.50000));
#13497 = DIRECTION('',(0.000000,0.000000,1.000000));
#13498 = DIRECTION('',(1.000000,0.000000,0.000000));
#13499 = AXIS2_PLACEMENT_3D('',#13496,#13497,#13498);
#13500 = CIRCLE('',#13499,1.60000);
#13501 = EDGE_CURVE('',#13484,#13486,#13495,.T.);
#13502 = EDGE_CURVE('',#13490,#13488,#13500,.T.);
#13503 = CARTESIAN_POINT('',(121.79280,35.50956,0.00000));
#13504 = DIRECTION('',(0.000000,0.000000,1.000000));
#13505 = VECTOR('',#13504,1.50000);
#13506 = LINE('',#13503,#13505);
#13507 = EDGE_CURVE('',#13484,#13488,#13506,.T.);
#13508 = CARTESIAN_POINT('',(118.59280,35.50956,1.50000));
#13509 = DIRECTION('',(0.000000,0.000000,-1.000000));
#13510 = VECTOR('',#13509,1.50000);
#13511 = LINE('',#13508,#13510);
#13512 = EDGE_CURVE('',#13490,#13486,#13511,.T.);
#13513 = ORIENTED_EDGE('',*,*,#13501,.T.);
#13514 = ORIENTED_EDGE('',*,*,#13507,.T.);
#13515 = ORIENTED_EDGE('',*,*,#13502,.T.);
#13516 = ORIENTED_EDGE('',*,*,#13512,.T.);
#13517 = EDGE_LOOP('',(#13513,#13514,#13515,#13516));
#13518 = CARTESIAN_POINT('',(120.19280,35.50956,0.00000));
#13519 = DIRECTION('',(0.000000,0.000000,1.000000));
#13520 = DIRECTION('',(1.000000,0.000000,0.000000));
#13521 = AXIS2_PLACEMENT_3D('',#13518,#13519,#13520);
#13522 = CYLINDRICAL_SURFACE('',#13521,1.60000);
#13523 = FACE_OUTER_BOUND('',#13517,.T.);
#13524 = ADVANCED_FACE('',(#13523),#13522,.F.);
#13525 = CARTESIAN_POINT('',(118.59280,35.50956,0.00000));
#13526 = VERTEX_POINT('',#13525);
#13527 = CARTESIAN_POINT('',(121.79280,35.50956,0.00000));
#13528 = VERTEX_POINT('',#13527);
#13529 = CARTESIAN_POINT('',(118.59280,35.50956,1.50000));
#13530 = VERTEX_POINT('',#13529);
#13531 = CARTESIAN_POINT('',(121.79280,35.50956,1.50000));
#13532 = VERTEX_POINT('',#13531);
#13533 = CARTESIAN_POINT('',(120.19280,35.50956,0.00000));
#13534 = DIRECTION('',(0.000000,0.000000,-1.000000));
#13535 = DIRECTION('',(1.000000,0.000000,0.000000));
#13536 = AXIS2_PLACEMENT_3D('',#13533,#13534,#13535);
#13537 = CIRCLE('',#13536,1.60000);
#13538 = CARTESIAN_POINT('',(120.19280,35.50956,1.50000));
#13539 = DIRECTION('',(0.000000,0.000000,1.000000));
#13540 = DIRECTION('',(1.000000,0.000000,0.000000));
#13541 = AXIS2_PLACEMENT_3D('',#13538,#13539,#13540);
#13542 = CIRCLE('',#13541,1.60000);
#13543 = EDGE_CURVE('',#13526,#13528,#13537,.T.);
#13544 = EDGE_CURVE('',#13532,#13530,#13542,.T.);
#13545 = CARTESIAN_POINT('',(118.59280,35.50956,0.00000));
#13546 = DIRECTION('',(0.000000,0.000000,1.000000));
#13547 = VECTOR('',#13546,1.50000);
#13548 = LINE('',#13545,#13547);
#13549 = EDGE_CURVE('',#13526,#13530,#13548,.T.);
#13550 = CARTESIAN_POINT('',(121.79280,35.50956,1.50000));
#13551 = DIRECTION('',(0.000000,0.000000,-1.000000));
#13552 = VECTOR('',#13551,1.50000);
#13553 = LINE('',#13550,#13552);
#13554 = EDGE_CURVE('',#13532,#13528,#13553,.T.);
#13555 = ORIENTED_EDGE('',*,*,#13543,.T.);
#13556 = ORIENTED_EDGE('',*,*,#13549,.T.);
#13557 = ORIENTED_EDGE('',*,*,#13544,.T.);
#13558 = ORIENTED_EDGE('',*,*,#13554,.T.);
#13559 = EDGE_LOOP('',(#13555,#13556,#13557,#13558));
#13560 = CARTESIAN_POINT('',(120.19280,35.50956,0.00000));
#13561 = DIRECTION('',(0.000000,0.000000,1.000000));
#13562 = DIRECTION('',(1.000000,0.000000,0.000000));
#13563 = AXIS2_PLACEMENT_3D('',#13560,#13561,#13562);
#13564 = CYLINDRICAL_SURFACE('',#13563,1.60000);
#13565 = FACE_OUTER_BOUND('',#13559,.T.);
#13566 = ADVANCED_FACE('',(#13565),#13564,.F.);
#13567 = CARTESIAN_POINT('',(22.27560,43.35816,0.00000));
#13568 = VERTEX_POINT('',#13567);
#13569 = CARTESIAN_POINT('',(19.07560,43.35816,0.00000));
#13570 = VERTEX_POINT('',#13569);
#13571 = CARTESIAN_POINT('',(22.27560,43.35816,1.50000));
#13572 = VERTEX_POINT('',#13571);
#13573 = CARTESIAN_POINT('',(19.07560,43.35816,1.50000));
#13574 = VERTEX_POINT('',#13573);
#13575 = CARTESIAN_POINT('',(20.67560,43.35816,0.00000));
#13576 = DIRECTION('',(0.000000,0.000000,-1.000000));
#13577 = DIRECTION('',(1.000000,0.000000,0.000000));
#13578 = AXIS2_PLACEMENT_3D('',#13575,#13576,#13577);
#13579 = CIRCLE('',#13578,1.60000);
#13580 = CARTESIAN_POINT('',(20.67560,43.35816,1.50000));
#13581 = DIRECTION('',(0.000000,0.000000,1.000000));
#13582 = DIRECTION('',(1.000000,0.000000,0.000000));
#13583 = AXIS2_PLACEMENT_3D('',#13580,#13581,#13582);
#13584 = CIRCLE('',#13583,1.60000);
#13585 = EDGE_CURVE('',#13568,#13570,#13579,.T.);
#13586 = EDGE_CURVE('',#13574,#13572,#13584,.T.);
#13587 = CARTESIAN_POINT('',(22.27560,43.35816,0.00000));
#13588 = DIRECTION('',(0.000000,0.000000,1.000000));
#13589 = VECTOR('',#13588,1.50000);
#13590 = LINE('',#13587,#13589);
#13591 = EDGE_CURVE('',#13568,#13572,#13590,.T.);
#13592 = CARTESIAN_POINT('',(19.07560,43.35816,1.50000));
#13593 = DIRECTION('',(0.000000,0.000000,-1.000000));
#13594 = VECTOR('',#13593,1.50000);
#13595 = LINE('',#13592,#13594);
#13596 = EDGE_CURVE('',#13574,#13570,#13595,.T.);
#13597 = ORIENTED_EDGE('',*,*,#13585,.T.);
#13598 = ORIENTED_EDGE('',*,*,#13591,.T.);
#13599 = ORIENTED_EDGE('',*,*,#13586,.T.);
#13600 = ORIENTED_EDGE('',*,*,#13596,.T.);
#13601 = EDGE_LOOP('',(#13597,#13598,#13599,#13600));
#13602 = CARTESIAN_POINT('',(20.67560,43.35816,0.00000));
#13603 = DIRECTION('',(0.000000,0.000000,1.000000));
#13604 = DIRECTION('',(1.000000,0.000000,0.000000));
#13605 = AXIS2_PLACEMENT_3D('',#13602,#13603,#13604);
#13606 = CYLINDRICAL_SURFACE('',#13605,1.60000);
#13607 = FACE_OUTER_BOUND('',#13601,.T.);
#13608 = ADVANCED_FACE('',(#13607),#13606,.F.);
#13609 = CARTESIAN_POINT('',(19.07560,43.35816,0.00000));
#13610 = VERTEX_POINT('',#13609);
#13611 = CARTESIAN_POINT('',(22.27560,43.35816,0.00000));
#13612 = VERTEX_POINT('',#13611);
#13613 = CARTESIAN_POINT('',(19.07560,43.35816,1.50000));
#13614 = VERTEX_POINT('',#13613);
#13615 = CARTESIAN_POINT('',(22.27560,43.35816,1.50000));
#13616 = VERTEX_POINT('',#13615);
#13617 = CARTESIAN_POINT('',(20.67560,43.35816,0.00000));
#13618 = DIRECTION('',(0.000000,0.000000,-1.000000));
#13619 = DIRECTION('',(1.000000,0.000000,0.000000));
#13620 = AXIS2_PLACEMENT_3D('',#13617,#13618,#13619);
#13621 = CIRCLE('',#13620,1.60000);
#13622 = CARTESIAN_POINT('',(20.67560,43.35816,1.50000));
#13623 = DIRECTION('',(0.000000,0.000000,1.000000));
#13624 = DIRECTION('',(1.000000,0.000000,0.000000));
#13625 = AXIS2_PLACEMENT_3D('',#13622,#13623,#13624);
#13626 = CIRCLE('',#13625,1.60000);
#13627 = EDGE_CURVE('',#13610,#13612,#13621,.T.);
#13628 = EDGE_CURVE('',#13616,#13614,#13626,.T.);
#13629 = CARTESIAN_POINT('',(19.07560,43.35816,0.00000));
#13630 = DIRECTION('',(0.000000,0.000000,1.000000));
#13631 = VECTOR('',#13630,1.50000);
#13632 = LINE('',#13629,#13631);
#13633 = EDGE_CURVE('',#13610,#13614,#13632,.T.);
#13634 = CARTESIAN_POINT('',(22.27560,43.35816,1.50000));
#13635 = DIRECTION('',(0.000000,0.000000,-1.000000));
#13636 = VECTOR('',#13635,1.50000);
#13637 = LINE('',#13634,#13636);
#13638 = EDGE_CURVE('',#13616,#13612,#13637,.T.);
#13639 = ORIENTED_EDGE('',*,*,#13627,.T.);
#13640 = ORIENTED_EDGE('',*,*,#13633,.T.);
#13641 = ORIENTED_EDGE('',*,*,#13628,.T.);
#13642 = ORIENTED_EDGE('',*,*,#13638,.T.);
#13643 = EDGE_LOOP('',(#13639,#13640,#13641,#13642));
#13644 = CARTESIAN_POINT('',(20.67560,43.35816,0.00000));
#13645 = DIRECTION('',(0.000000,0.000000,1.000000));
#13646 = DIRECTION('',(1.000000,0.000000,0.000000));
#13647 = AXIS2_PLACEMENT_3D('',#13644,#13645,#13646);
#13648 = CYLINDRICAL_SURFACE('',#13647,1.60000);
#13649 = FACE_OUTER_BOUND('',#13643,.T.);
#13650 = ADVANCED_FACE('',(#13649),#13648,.F.);
#13651 = CARTESIAN_POINT('',(22.58040,25.73056,0.00000));
#13652 = VERTEX_POINT('',#13651);
#13653 = CARTESIAN_POINT('',(19.38040,25.73056,0.00000));
#13654 = VERTEX_POINT('',#13653);
#13655 = CARTESIAN_POINT('',(22.58040,25.73056,1.50000));
#13656 = VERTEX_POINT('',#13655);
#13657 = CARTESIAN_POINT('',(19.38040,25.73056,1.50000));
#13658 = VERTEX_POINT('',#13657);
#13659 = CARTESIAN_POINT('',(20.98040,25.73056,0.00000));
#13660 = DIRECTION('',(0.000000,0.000000,-1.000000));
#13661 = DIRECTION('',(1.000000,0.000000,0.000000));
#13662 = AXIS2_PLACEMENT_3D('',#13659,#13660,#13661);
#13663 = CIRCLE('',#13662,1.60000);
#13664 = CARTESIAN_POINT('',(20.98040,25.73056,1.50000));
#13665 = DIRECTION('',(0.000000,0.000000,1.000000));
#13666 = DIRECTION('',(1.000000,0.000000,0.000000));
#13667 = AXIS2_PLACEMENT_3D('',#13664,#13665,#13666);
#13668 = CIRCLE('',#13667,1.60000);
#13669 = EDGE_CURVE('',#13652,#13654,#13663,.T.);
#13670 = EDGE_CURVE('',#13658,#13656,#13668,.T.);
#13671 = CARTESIAN_POINT('',(22.58040,25.73056,0.00000));
#13672 = DIRECTION('',(0.000000,0.000000,1.000000));
#13673 = VECTOR('',#13672,1.50000);
#13674 = LINE('',#13671,#13673);
#13675 = EDGE_CURVE('',#13652,#13656,#13674,.T.);
#13676 = CARTESIAN_POINT('',(19.38040,25.73056,1.50000));
#13677 = DIRECTION('',(0.000000,0.000000,-1.000000));
#13678 = VECTOR('',#13677,1.50000);
#13679 = LINE('',#13676,#13678);
#13680 = EDGE_CURVE('',#13658,#13654,#13679,.T.);
#13681 = ORIENTED_EDGE('',*,*,#13669,.T.);
#13682 = ORIENTED_EDGE('',*,*,#13675,.T.);
#13683 = ORIENTED_EDGE('',*,*,#13670,.T.);
#13684 = ORIENTED_EDGE('',*,*,#13680,.T.);
#13685 = EDGE_LOOP('',(#13681,#13682,#13683,#13684));
#13686 = CARTESIAN_POINT('',(20.98040,25.73056,0.00000));
#13687 = DIRECTION('',(0.000000,0.000000,1.000000));
#13688 = DIRECTION('',(1.000000,0.000000,0.000000));
#13689 = AXIS2_PLACEMENT_3D('',#13686,#13687,#13688);
#13690 = CYLINDRICAL_SURFACE('',#13689,1.60000);
#13691 = FACE_OUTER_BOUND('',#13685,.T.);
#13692 = ADVANCED_FACE('',(#13691),#13690,.F.);
#13693 = CARTESIAN_POINT('',(19.38040,25.73056,0.00000));
#13694 = VERTEX_POINT('',#13693);
#13695 = CARTESIAN_POINT('',(22.58040,25.73056,0.00000));
#13696 = VERTEX_POINT('',#13695);
#13697 = CARTESIAN_POINT('',(19.38040,25.73056,1.50000));
#13698 = VERTEX_POINT('',#13697);
#13699 = CARTESIAN_POINT('',(22.58040,25.73056,1.50000));
#13700 = VERTEX_POINT('',#13699);
#13701 = CARTESIAN_POINT('',(20.98040,25.73056,0.00000));
#13702 = DIRECTION('',(0.000000,0.000000,-1.000000));
#13703 = DIRECTION('',(1.000000,0.000000,0.000000));
#13704 = AXIS2_PLACEMENT_3D('',#13701,#13702,#13703);
#13705 = CIRCLE('',#13704,1.60000);
#13706 = CARTESIAN_POINT('',(20.98040,25.73056,1.50000));
#13707 = DIRECTION('',(0.000000,0.000000,1.000000));
#13708 = DIRECTION('',(1.000000,0.000000,0.000000));
#13709 = AXIS2_PLACEMENT_3D('',#13706,#13707,#13708);
#13710 = CIRCLE('',#13709,1.60000);
#13711 = EDGE_CURVE('',#13694,#13696,#13705,.T.);
#13712 = EDGE_CURVE('',#13700,#13698,#13710,.T.);
#13713 = CARTESIAN_POINT('',(19.38040,25.73056,0.00000));
#13714 = DIRECTION('',(0.000000,0.000000,1.000000));
#13715 = VECTOR('',#13714,1.50000);
#13716 = LINE('',#13713,#13715);
#13717 = EDGE_CURVE('',#13694,#13698,#13716,.T.);
#13718 = CARTESIAN_POINT('',(22.58040,25.73056,1.50000));
#13719 = DIRECTION('',(0.000000,0.000000,-1.000000));
#13720 = VECTOR('',#13719,1.50000);
#13721 = LINE('',#13718,#13720);
#13722 = EDGE_CURVE('',#13700,#13696,#13721,.T.);
#13723 = ORIENTED_EDGE('',*,*,#13711,.T.);
#13724 = ORIENTED_EDGE('',*,*,#13717,.T.);
#13725 = ORIENTED_EDGE('',*,*,#13712,.T.);
#13726 = ORIENTED_EDGE('',*,*,#13722,.T.);
#13727 = EDGE_LOOP('',(#13723,#13724,#13725,#13726));
#13728 = CARTESIAN_POINT('',(20.98040,25.73056,0.00000));
#13729 = DIRECTION('',(0.000000,0.000000,1.000000));
#13730 = DIRECTION('',(1.000000,0.000000,0.000000));
#13731 = AXIS2_PLACEMENT_3D('',#13728,#13729,#13730);
#13732 = CYLINDRICAL_SURFACE('',#13731,1.60000);
#13733 = FACE_OUTER_BOUND('',#13727,.T.);
#13734 = ADVANCED_FACE('',(#13733),#13732,.F.);
#13735 = CLOSED_SHELL('',(#1977,#3954,#3994,#4034,#4074,#4114,#4154,#4194,#4234,#4274,#4314,#4354,#4394,#4434,#4474,#4514,#4554,#4594,#4634,#4674,#4714,#4754,#4794,#4834,#4874,#4914,#4954,#4994,#5034,#5074,#5114,#5154,#5194,#5234,#5274,#5314,#5354,#5394,#5434,#5474,#5514,#5554,#5594,#5634,#5674,#5714,#5754,#5794,#5834,#5874,#5914,#5954,#5994,#6034,#6074,#6114,#6154,#6194,#6234,#6274,#6314,#6354,#6394,#6434,#6474,#6514,#6554,#6594,#6634,#6674,#6714,#6754,#6794,#6834,#6874,#6914,#6954,#6994,#7034,#7074,#7114,#7154,#7194,#7234,#7274,#7314,#7354,#7394,#7434,#7474,#7514,#7554,#7594,#7634,#7674,#7714,#7754,#7794,#7834,#7874,#7914,#7954,#7994,#8034,#8074,#8114,#8154,#8194,#8234,#8274,#8314,#8354,#8394,#8434,#8474,#8514,#8554,#8594,#8634,#8674,#8714,#8754,#8794,#8834,#8874,#8914,#8954,#8994,#9034,#9074,#9114,#9154,#9194,#9234,#9274,#9314,#9354,#9394,#9434,#9474,#9514,#9554,#9594,#9634,#9674,#9714,#9754,#9794,#9834,#9874,#9914,#9954,#9994,#10034,#10074,#10114,#10154,#10194,#10234,#10274,#10314,#10354,#10394,#10434,#10474,#10514,#10554,#10594,#10634,#10674,#10714,#10754,#10794,#10834,#10874,#10914,#10954,#10994,#11034,#11074,#11114,#11154,#11194,#11234,#11274,#11314,#11354,#11394,#11434,#11474,#11514,#11554,#11594,#11634,#11674,#11714,#11754,#11794,#11834,#11874,#11914,#11954,#11994,#12034,#12074,#12114,#12154,#12194,#12234,#12274,#12314,#12354,#12394,#12434,#12474,#12514,#12554,#12594,#12634,#12674,#12714,#12754,#12794,#12834,#12874,#12914,#12954,#12994,#13034,#13074,#13114,#13154,#13194,#13234,#13274,#13314,#13356,#13398,#13440,#13482,#13524,#13566,#13608,#13650,#13692,#13734));
#13736 = MANIFOLD_SOLID_BREP('',#13735);
#90001 = (NAMED_UNIT(*) SI_UNIT(.MILLI.,.METRE.) LENGTH_UNIT());
#90002 = (NAMED_UNIT(*) SI_UNIT($,.RADIAN.) NAMED_UNIT(*) PLANE_ANGLE_UNIT());
#90003 = (NAMED_UNIT(*) SI_UNIT($,.STERADIAN.) NAMED_UNIT(*) SOLID_ANGLE_UNIT());
#90004 = UNCERTAINTY_MEASURE_WITH_UNIT(LENGTH_MEASURE(1.E-05),#90001,'distance_accuracy_value','NONE');
#90005 = ( GEOMETRIC_REPRESENTATION_CONTEXT(3) GLOBAL_UNCERTAINTY_ASSIGNED_CONTEXT((#90004)) GLOBAL_UNIT_ASSIGNED_CONTEXT((#90001,#90002,#90003)) REPRESENTATION_CONTEXT('Context #1','3D Context with UNIT and UNCERTAINTY') );
#90006 = CARTESIAN_POINT('',(0.0,0.0,0.0));#90007 = DIRECTION('',(0.0,0.0,1.0));#90008 = DIRECTION('',(1.0,0.0,0.0));
#90009 = AXIS2_PLACEMENT_3D('',#90006,#90007,#90008);
#90010 = ADVANCED_BREP_SHAPE_REPRESENTATION('left_switch_plate',(#13736,#90009),#90005);
#90020 = APPLICATION_CONTEXT('core data for automotive mechanical design processes');
#90021 = APPLICATION_PROTOCOL_DEFINITION('international standard','automotive_design',2000,#90020);
#90030 = PRODUCT_CONTEXT('',#90020,'mechanical');
#90031 = PRODUCT('left_switch_plate','left_switch_plate','',(#90030));
#90032 = PRODUCT_DEFINITION_FORMATION('','',#90031);
#90033 = PRODUCT_DEFINITION_CONTEXT('part definition',#90020,'design');
#90034 = PRODUCT_DEFINITION('design','',#90032,#90033);
#90035 = PRODUCT_DEFINITION_SHAPE('','',#90034);
#90036 = SHAPE_DEFINITION_REPRESENTATION(#90035,#90010);
#90037 = PRODUCT_RELATED_PRODUCT_CATEGORY('part',$,(#90031));
ENDSEC;
END-ISO-10303-21;
