ISO-10303-21;
HEADER;
FILE_DESCRIPTION(('Keyboard Case - right_switch_plate'),'2;1');
FILE_NAME('right_switch_plate.stp','2025-01-01T00:00:00',(''),(''),'','','');
FILE_SCHEMA(('AUTOMOTIVE_DESIGN { 1 0 10303 214 1 1 1 1 }'));
ENDSEC;
DATA;
#1 = CARTESIAN_POINT('',(0.02901,21.13913,1.50000));
#2 = VERTEX_POINT('',#1);
#3 = CARTESIAN_POINT('',(0.36148,21.13913,1.50000));
#4 = VERTEX_POINT('',#3);
#5 = CARTESIAN_POINT('',(0.74474,21.13913,1.50000));
#6 = VERTEX_POINT('',#5);
#7 = CARTESIAN_POINT('',(1.43148,20.93748,1.50000));
#8 = VERTEX_POINT('',#7);
#9 = CARTESIAN_POINT('',(2.03359,20.55053,1.50000));
#10 = VERTEX_POINT('',#9);
#11 = CARTESIAN_POINT('',(2.50230,20.00962,1.50000));
#12 = VERTEX_POINT('',#11);
#13 = CARTESIAN_POINT('',(2.79962,19.35857,1.50000));
#14 = VERTEX_POINT('',#13);
#15 = CARTESIAN_POINT('',(2.90148,18.65012,1.50000));
#16 = VERTEX_POINT('',#15);
#17 = CARTESIAN_POINT('',(2.90148,5.02956,1.50000));
#18 = VERTEX_POINT('',#17);
#19 = CARTESIAN_POINT('',(2.90148,4.82636,1.50000));
#20 = VERTEX_POINT('',#19);
#21 = CARTESIAN_POINT('',(2.89494,4.72476,1.50000));
#22 = VERTEX_POINT('',#21);
#23 = CARTESIAN_POINT('',(2.99654,4.72476,1.50000));
#24 = VERTEX_POINT('',#23);
#25 = CARTESIAN_POINT('',(3.04734,4.72476,1.50000));
#26 = VERTEX_POINT('',#25);
#27 = CARTESIAN_POINT('',(43.99534,4.75016,1.50000));
#28 = VERTEX_POINT('',#27);
#29 = CARTESIAN_POINT('',(44.02065,4.74835,1.50000));
#30 = VERTEX_POINT('',#29);
#31 = CARTESIAN_POINT('',(44.04543,4.74296,1.50000));
#32 = VERTEX_POINT('',#31);
#33 = CARTESIAN_POINT('',(44.06920,4.73409,1.50000));
#34 = VERTEX_POINT('',#33);
#35 = CARTESIAN_POINT('',(44.09147,4.72194,1.50000));
#36 = VERTEX_POINT('',#35);
#37 = CARTESIAN_POINT('',(44.11178,4.70673,1.50000));
#38 = VERTEX_POINT('',#37);
#39 = CARTESIAN_POINT('',(44.12972,4.68879,1.50000));
#40 = VERTEX_POINT('',#39);
#41 = CARTESIAN_POINT('',(44.14492,4.66849,1.50000));
#42 = VERTEX_POINT('',#41);
#43 = CARTESIAN_POINT('',(44.15708,4.64622,1.50000));
#44 = VERTEX_POINT('',#43);
#45 = CARTESIAN_POINT('',(44.16594,4.62245,1.50000));
#46 = VERTEX_POINT('',#45);
#47 = CARTESIAN_POINT('',(44.17133,4.59766,1.50000));
#48 = VERTEX_POINT('',#47);
#49 = CARTESIAN_POINT('',(44.17314,4.57236,1.50000));
#50 = VERTEX_POINT('',#49);
#51 = CARTESIAN_POINT('',(44.17314,2.92135,1.50000));
#52 = VERTEX_POINT('',#51);
#53 = CARTESIAN_POINT('',(44.17305,2.87180,1.50000));
#54 = VERTEX_POINT('',#53);
#55 = CARTESIAN_POINT('',(44.18035,2.82279,1.50000));
#56 = VERTEX_POINT('',#55);
#57 = CARTESIAN_POINT('',(44.19489,2.77541,1.50000));
#58 = VERTEX_POINT('',#57);
#59 = CARTESIAN_POINT('',(44.21633,2.73073,1.50000));
#60 = VERTEX_POINT('',#59);
#61 = CARTESIAN_POINT('',(44.24420,2.68975,1.50000));
#62 = VERTEX_POINT('',#61);
#63 = CARTESIAN_POINT('',(44.27787,2.65339,1.50000));
#64 = VERTEX_POINT('',#63);
#65 = CARTESIAN_POINT('',(44.31659,2.62246,1.50000));
#66 = VERTEX_POINT('',#65);
#67 = CARTESIAN_POINT('',(44.35949,2.59766,1.50000));
#68 = VERTEX_POINT('',#67);
#69 = CARTESIAN_POINT('',(44.40561,2.57953,1.50000));
#70 = VERTEX_POINT('',#69);
#71 = CARTESIAN_POINT('',(44.45392,2.56849,1.50000));
#72 = VERTEX_POINT('',#71);
#73 = CARTESIAN_POINT('',(44.50334,2.56479,1.50000));
#74 = VERTEX_POINT('',#73);
#75 = CARTESIAN_POINT('',(64.46774,2.56479,1.50000));
#76 = VERTEX_POINT('',#75);
#77 = CARTESIAN_POINT('',(64.48929,2.56324,1.50000));
#78 = VERTEX_POINT('',#77);
#79 = CARTESIAN_POINT('',(64.51040,2.55865,1.50000));
#80 = VERTEX_POINT('',#79);
#81 = CARTESIAN_POINT('',(64.53065,2.55110,1.50000));
#82 = VERTEX_POINT('',#81);
#83 = CARTESIAN_POINT('',(64.54961,2.54075,1.50000));
#84 = VERTEX_POINT('',#83);
#85 = CARTESIAN_POINT('',(64.56691,2.52780,1.50000));
#86 = VERTEX_POINT('',#85);
#87 = CARTESIAN_POINT('',(64.58218,2.51252,1.50000));
#88 = VERTEX_POINT('',#87);
#89 = CARTESIAN_POINT('',(64.59513,2.49523,1.50000));
#90 = VERTEX_POINT('',#89);
#91 = CARTESIAN_POINT('',(64.60548,2.47626,1.50000));
#92 = VERTEX_POINT('',#91);
#93 = CARTESIAN_POINT('',(64.61303,2.45602,1.50000));
#94 = VERTEX_POINT('',#93);
#95 = CARTESIAN_POINT('',(64.61763,2.43491,1.50000));
#96 = VERTEX_POINT('',#95);
#97 = CARTESIAN_POINT('',(64.61917,2.41336,1.50000));
#98 = VERTEX_POINT('',#97);
#99 = CARTESIAN_POINT('',(64.61917,0.35596,1.50000));
#100 = VERTEX_POINT('',#99);
#101 = CARTESIAN_POINT('',(64.62307,0.30333,1.50000));
#102 = VERTEX_POINT('',#101);
#103 = CARTESIAN_POINT('',(64.63470,0.25185,1.50000));
#104 = VERTEX_POINT('',#103);
#105 = CARTESIAN_POINT('',(64.65381,0.20265,1.50000));
#106 = VERTEX_POINT('',#105);
#107 = CARTESIAN_POINT('',(64.67996,0.15682,1.50000));
#108 = VERTEX_POINT('',#107);
#109 = CARTESIAN_POINT('',(64.71259,0.11534,1.50000));
#110 = VERTEX_POINT('',#109);
#111 = CARTESIAN_POINT('',(64.75099,0.07913,1.50000));
#112 = VERTEX_POINT('',#111);
#113 = CARTESIAN_POINT('',(64.79431,0.04899,1.50000));
#114 = VERTEX_POINT('',#113);
#115 = CARTESIAN_POINT('',(64.84161,0.02558,1.50000));
#116 = VERTEX_POINT('',#115);
#117 = CARTESIAN_POINT('',(64.89184,0.00940,1.50000));
#118 = VERTEX_POINT('',#117);
#119 = CARTESIAN_POINT('',(64.94391,0.00081,1.50000));
#120 = VERTEX_POINT('',#119);
#121 = CARTESIAN_POINT('',(64.99668,0.00000,1.50000));
#122 = VERTEX_POINT('',#121);
#123 = CARTESIAN_POINT('',(85.44814,0.00000,1.50000));
#124 = VERTEX_POINT('',#123);
#125 = CARTESIAN_POINT('',(85.50760,0.00411,1.50000));
#126 = VERTEX_POINT('',#125);
#127 = CARTESIAN_POINT('',(85.56593,0.01636,1.50000));
#128 = VERTEX_POINT('',#127);
#129 = CARTESIAN_POINT('',(85.62201,0.03652,1.50000));
#130 = VERTEX_POINT('',#129);
#131 = CARTESIAN_POINT('',(85.67479,0.06420,1.50000));
#132 = VERTEX_POINT('',#131);
#133 = CARTESIAN_POINT('',(85.72326,0.09889,1.50000));
#134 = VERTEX_POINT('',#133);
#135 = CARTESIAN_POINT('',(85.76650,0.13991,1.50000));
#136 = VERTEX_POINT('',#135);
#137 = CARTESIAN_POINT('',(85.80368,0.18648,1.50000));
#138 = VERTEX_POINT('',#137);
#139 = CARTESIAN_POINT('',(85.83410,0.23774,1.50000));
#140 = VERTEX_POINT('',#139);
#141 = CARTESIAN_POINT('',(85.85718,0.29269,1.50000));
#142 = VERTEX_POINT('',#141);
#143 = CARTESIAN_POINT('',(85.87248,0.35029,1.50000));
#144 = VERTEX_POINT('',#143);
#145 = CARTESIAN_POINT('',(85.87971,0.40945,1.50000));
#146 = VERTEX_POINT('',#145);
#147 = CARTESIAN_POINT('',(85.87971,2.41336,1.50000));
#148 = VERTEX_POINT('',#147);
#149 = CARTESIAN_POINT('',(85.88204,2.44593,1.50000));
#150 = VERTEX_POINT('',#149);
#151 = CARTESIAN_POINT('',(85.88898,2.47783,1.50000));
#152 = VERTEX_POINT('',#151);
#153 = CARTESIAN_POINT('',(85.90039,2.50842,1.50000));
#154 = VERTEX_POINT('',#153);
#155 = CARTESIAN_POINT('',(85.91603,2.53708,1.50000));
#156 = VERTEX_POINT('',#155);
#157 = CARTESIAN_POINT('',(85.93560,2.56322,1.50000));
#158 = VERTEX_POINT('',#157);
#159 = CARTESIAN_POINT('',(85.95869,2.58630,1.50000));
#160 = VERTEX_POINT('',#159);
#161 = CARTESIAN_POINT('',(85.98482,2.60587,1.50000));
#162 = VERTEX_POINT('',#161);
#163 = CARTESIAN_POINT('',(86.01348,2.62152,1.50000));
#164 = VERTEX_POINT('',#163);
#165 = CARTESIAN_POINT('',(86.04407,2.63293,1.50000));
#166 = VERTEX_POINT('',#165);
#167 = CARTESIAN_POINT('',(86.07598,2.63987,1.50000));
#168 = VERTEX_POINT('',#167);
#169 = CARTESIAN_POINT('',(86.10854,2.64220,1.50000));
#170 = VERTEX_POINT('',#169);
#171 = CARTESIAN_POINT('',(104.95534,2.64220,1.50000));
#172 = VERTEX_POINT('',#171);
#173 = CARTESIAN_POINT('',(104.97700,2.64375,1.50000));
#174 = VERTEX_POINT('',#173);
#175 = CARTESIAN_POINT('',(104.99821,2.64836,1.50000));
#176 = VERTEX_POINT('',#175);
#177 = CARTESIAN_POINT('',(105.01855,2.65595,1.50000));
#178 = VERTEX_POINT('',#177);
#179 = CARTESIAN_POINT('',(105.03761,2.66635,1.50000));
#180 = VERTEX_POINT('',#179);
#181 = CARTESIAN_POINT('',(105.05499,2.67936,1.50000));
#182 = VERTEX_POINT('',#181);
#183 = CARTESIAN_POINT('',(105.07034,2.69471,1.50000));
#184 = VERTEX_POINT('',#183);
#185 = CARTESIAN_POINT('',(105.08335,2.71209,1.50000));
#186 = VERTEX_POINT('',#185);
#187 = CARTESIAN_POINT('',(105.09375,2.73115,1.50000));
#188 = VERTEX_POINT('',#187);
#189 = CARTESIAN_POINT('',(105.10134,2.75149,1.50000));
#190 = VERTEX_POINT('',#189);
#191 = CARTESIAN_POINT('',(105.10596,2.77271,1.50000));
#192 = VERTEX_POINT('',#191);
#193 = CARTESIAN_POINT('',(105.10751,2.79436,1.50000));
#194 = VERTEX_POINT('',#193);
#195 = CARTESIAN_POINT('',(105.10751,6.68056,1.50000));
#196 = VERTEX_POINT('',#195);
#197 = CARTESIAN_POINT('',(105.11009,6.71674,1.50000));
#198 = VERTEX_POINT('',#197);
#199 = CARTESIAN_POINT('',(105.11780,6.75219,1.50000));
#200 = VERTEX_POINT('',#199);
#201 = CARTESIAN_POINT('',(105.13048,6.78617,1.50000));
#202 = VERTEX_POINT('',#201);
#203 = CARTESIAN_POINT('',(105.14786,6.81801,1.50000));
#204 = VERTEX_POINT('',#203);
#205 = CARTESIAN_POINT('',(105.16960,6.84705,1.50000));
#206 = VERTEX_POINT('',#205);
#207 = CARTESIAN_POINT('',(105.19525,6.87270,1.50000));
#208 = VERTEX_POINT('',#207);
#209 = CARTESIAN_POINT('',(105.22429,6.89444,1.50000));
#210 = VERTEX_POINT('',#209);
#211 = CARTESIAN_POINT('',(105.25613,6.91182,1.50000));
#212 = VERTEX_POINT('',#211);
#213 = CARTESIAN_POINT('',(105.29012,6.92450,1.50000));
#214 = VERTEX_POINT('',#213);
#215 = CARTESIAN_POINT('',(105.32556,6.93221,1.50000));
#216 = VERTEX_POINT('',#215);
#217 = CARTESIAN_POINT('',(105.36174,6.93480,1.50000));
#218 = VERTEX_POINT('',#217);
#219 = CARTESIAN_POINT('',(119.17934,6.93480,1.50000));
#220 = VERTEX_POINT('',#219);
#221 = CARTESIAN_POINT('',(127.30597,6.92905,1.50000));
#222 = VERTEX_POINT('',#221);
#223 = CARTESIAN_POINT('',(140.80614,6.92905,1.50000));
#224 = VERTEX_POINT('',#223);
#225 = CARTESIAN_POINT('',(141.29387,6.97709,1.50000));
#226 = VERTEX_POINT('',#225);
#227 = CARTESIAN_POINT('',(141.76285,7.11936,1.50000));
#228 = VERTEX_POINT('',#227);
#229 = CARTESIAN_POINT('',(142.19507,7.35038,1.50000));
#230 = VERTEX_POINT('',#229);
#231 = CARTESIAN_POINT('',(142.57391,7.66129,1.50000));
#232 = VERTEX_POINT('',#231);
#233 = CARTESIAN_POINT('',(142.88482,8.04013,1.50000));
#234 = VERTEX_POINT('',#233);
#235 = CARTESIAN_POINT('',(143.11584,8.47235,1.50000));
#236 = VERTEX_POINT('',#235);
#237 = CARTESIAN_POINT('',(143.25811,8.94133,1.50000));
#238 = VERTEX_POINT('',#237);
#239 = CARTESIAN_POINT('',(143.30614,9.42905,1.50000));
#240 = VERTEX_POINT('',#239);
#241 = CARTESIAN_POINT('',(143.30614,62.38604,1.50000));
#242 = VERTEX_POINT('',#241);
#243 = CARTESIAN_POINT('',(143.27342,62.71830,1.50000));
#244 = VERTEX_POINT('',#243);
#245 = CARTESIAN_POINT('',(143.17650,63.03779,1.50000));
#246 = VERTEX_POINT('',#245);
#247 = CARTESIAN_POINT('',(143.01912,63.33224,1.50000));
#248 = VERTEX_POINT('',#247);
#249 = CARTESIAN_POINT('',(142.80731,63.59032,1.50000));
#250 = VERTEX_POINT('',#249);
#251 = CARTESIAN_POINT('',(142.54923,63.80213,1.50000));
#252 = VERTEX_POINT('',#251);
#253 = CARTESIAN_POINT('',(142.25478,63.95951,1.50000));
#254 = VERTEX_POINT('',#253);
#255 = CARTESIAN_POINT('',(141.93529,64.05643,1.50000));
#256 = VERTEX_POINT('',#255);
#257 = CARTESIAN_POINT('',(141.60303,64.08915,1.50000));
#258 = VERTEX_POINT('',#257);
#259 = CARTESIAN_POINT('',(139.04836,64.08915,1.50000));
#260 = VERTEX_POINT('',#259);
#261 = CARTESIAN_POINT('',(136.80694,64.08456,1.50000));
#262 = VERTEX_POINT('',#261);
#263 = CARTESIAN_POINT('',(86.92134,64.08456,1.50000));
#264 = VERTEX_POINT('',#263);
#265 = CARTESIAN_POINT('',(86.86712,64.08844,1.50000));
#266 = VERTEX_POINT('',#265);
#267 = CARTESIAN_POINT('',(86.81400,64.09999,1.50000));
#268 = VERTEX_POINT('',#267);
#269 = CARTESIAN_POINT('',(86.76307,64.11899,1.50000));
#270 = VERTEX_POINT('',#269);
#271 = CARTESIAN_POINT('',(86.71536,64.14504,1.50000));
#272 = VERTEX_POINT('',#271);
#273 = CARTESIAN_POINT('',(86.67184,64.17762,1.50000));
#274 = VERTEX_POINT('',#273);
#275 = CARTESIAN_POINT('',(86.63340,64.21606,1.50000));
#276 = VERTEX_POINT('',#275);
#277 = CARTESIAN_POINT('',(86.60082,64.25958,1.50000));
#278 = VERTEX_POINT('',#277);
#279 = CARTESIAN_POINT('',(86.57477,64.30729,1.50000));
#280 = VERTEX_POINT('',#279);
#281 = CARTESIAN_POINT('',(86.55578,64.35822,1.50000));
#282 = VERTEX_POINT('',#281);
#283 = CARTESIAN_POINT('',(86.54422,64.41134,1.50000));
#284 = VERTEX_POINT('',#283);
#285 = CARTESIAN_POINT('',(86.54034,64.46556,1.50000));
#286 = VERTEX_POINT('',#285);
#287 = CARTESIAN_POINT('',(86.18154,64.97356,1.50000));
#288 = VERTEX_POINT('',#287);
#289 = CARTESIAN_POINT('',(75.41839,80.24222,1.50000));
#290 = VERTEX_POINT('',#289);
#291 = CARTESIAN_POINT('',(75.37848,80.29266,1.50000));
#292 = VERTEX_POINT('',#291);
#293 = CARTESIAN_POINT('',(75.33323,80.33837,1.50000));
#294 = VERTEX_POINT('',#293);
#295 = CARTESIAN_POINT('',(75.28321,80.37879,1.50000));
#296 = VERTEX_POINT('',#295);
#297 = CARTESIAN_POINT('',(75.22902,80.41343,1.50000));
#298 = VERTEX_POINT('',#297);
#299 = CARTESIAN_POINT('',(75.17134,80.44187,1.50000));
#300 = VERTEX_POINT('',#299);
#301 = CARTESIAN_POINT('',(75.11086,80.46375,1.50000));
#302 = VERTEX_POINT('',#301);
#303 = CARTESIAN_POINT('',(75.04833,80.47881,1.50000));
#304 = VERTEX_POINT('',#303);
#305 = CARTESIAN_POINT('',(74.98452,80.48686,1.50000));
#306 = VERTEX_POINT('',#305);
#307 = CARTESIAN_POINT('',(73.81174,80.56916,1.50000));
#308 = VERTEX_POINT('',#307);
#309 = CARTESIAN_POINT('',(33.23222,83.39971,1.50000));
#310 = VERTEX_POINT('',#309);
#311 = CARTESIAN_POINT('',(33.09283,83.41336,1.50000));
#312 = VERTEX_POINT('',#311);
#313 = CARTESIAN_POINT('',(32.95443,83.43480,1.50000));
#314 = VERTEX_POINT('',#313);
#315 = CARTESIAN_POINT('',(32.81745,83.46396,1.50000));
#316 = VERTEX_POINT('',#315);
#317 = CARTESIAN_POINT('',(32.68231,83.50074,1.50000));
#318 = VERTEX_POINT('',#317);
#319 = CARTESIAN_POINT('',(32.54945,83.54503,1.50000));
#320 = VERTEX_POINT('',#319);
#321 = CARTESIAN_POINT('',(32.41927,83.59669,1.50000));
#322 = VERTEX_POINT('',#321);
#323 = CARTESIAN_POINT('',(32.29219,83.65556,1.50000));
#324 = VERTEX_POINT('',#323);
#325 = CARTESIAN_POINT('',(32.16861,83.72145,1.50000));
#326 = VERTEX_POINT('',#325);
#327 = CARTESIAN_POINT('',(17.66385,91.98529,1.50000));
#328 = VERTEX_POINT('',#327);
#329 = CARTESIAN_POINT('',(17.22354,92.18257,1.50000));
#330 = VERTEX_POINT('',#329);
#331 = CARTESIAN_POINT('',(16.75354,92.29159,1.50000));
#332 = VERTEX_POINT('',#331);
#333 = CARTESIAN_POINT('',(16.27135,92.30830,1.50000));
#334 = VERTEX_POINT('',#333);
#335 = CARTESIAN_POINT('',(15.79493,92.23207,1.50000));
#336 = VERTEX_POINT('',#335);
#337 = CARTESIAN_POINT('',(15.34203,92.06575,1.50000));
#338 = VERTEX_POINT('',#337);
#339 = CARTESIAN_POINT('',(14.92951,91.81552,1.50000));
#340 = VERTEX_POINT('',#339);
#341 = CARTESIAN_POINT('',(14.57274,91.49071,1.50000));
#342 = VERTEX_POINT('',#341);
#343 = CARTESIAN_POINT('',(14.28500,91.10342,1.50000));
#344 = VERTEX_POINT('',#343);
#345 = CARTESIAN_POINT('',(3.26020,72.80786,1.50000));
#346 = VERTEX_POINT('',#345);
#347 = CARTESIAN_POINT('',(3.17772,72.65985,1.50000));
#348 = VERTEX_POINT('',#347);
#349 = CARTESIAN_POINT('',(3.10544,72.50659,1.50000));
#350 = VERTEX_POINT('',#349);
#351 = CARTESIAN_POINT('',(3.04372,72.34878,1.50000));
#352 = VERTEX_POINT('',#351);
#353 = CARTESIAN_POINT('',(2.99283,72.18716,1.50000));
#354 = VERTEX_POINT('',#353);
#355 = CARTESIAN_POINT('',(2.95300,72.02247,1.50000));
#356 = VERTEX_POINT('',#355);
#357 = CARTESIAN_POINT('',(2.92442,71.85545,1.50000));
#358 = VERTEX_POINT('',#357);
#359 = CARTESIAN_POINT('',(2.90722,71.68688,1.50000));
#360 = VERTEX_POINT('',#359);
#361 = CARTESIAN_POINT('',(2.90148,71.51754,1.50000));
#362 = VERTEX_POINT('',#361);
#363 = CARTESIAN_POINT('',(2.90148,59.97592,1.50000));
#364 = VERTEX_POINT('',#363);
#365 = CARTESIAN_POINT('',(2.90148,54.97212,1.50000));
#366 = VERTEX_POINT('',#365);
#367 = CARTESIAN_POINT('',(2.79859,54.25652,1.50000));
#368 = VERTEX_POINT('',#367);
#369 = CARTESIAN_POINT('',(2.49826,53.59890,1.50000));
#370 = VERTEX_POINT('',#369);
#371 = CARTESIAN_POINT('',(2.02483,53.05252,1.50000));
#372 = VERTEX_POINT('',#371);
#373 = CARTESIAN_POINT('',(1.41663,52.66166,1.50000));
#374 = VERTEX_POINT('',#373);
#375 = CARTESIAN_POINT('',(0.72296,52.45798,1.50000));
#376 = VERTEX_POINT('',#375);
#377 = CARTESIAN_POINT('',(0.36148,52.45798,1.50000));
#378 = VERTEX_POINT('',#377);
#379 = CARTESIAN_POINT('',(0.00000,52.45798,1.50000));
#380 = VERTEX_POINT('',#379);
#381 = CARTESIAN_POINT('',(0.02901,21.13913,1.50000));
#382 = DIRECTION('',(1.000000,0.000000,0.000000));
#383 = VECTOR('',#382,0.33246);
#384 = LINE('',#381,#383);
#385 = EDGE_CURVE('',#2,#4,#384,.T.);
#386 = CARTESIAN_POINT('',(0.36148,21.13913,1.50000));
#387 = DIRECTION('',(1.000000,0.000000,0.000000));
#388 = VECTOR('',#387,0.38326);
#389 = LINE('',#386,#388);
#390 = EDGE_CURVE('',#4,#6,#389,.T.);
#391 = CARTESIAN_POINT('',(0.74474,21.13913,1.50000));
#392 = DIRECTION('',(0.959493,-0.281733,0.000000));
#393 = VECTOR('',#392,0.71573);
#394 = LINE('',#391,#393);
#395 = EDGE_CURVE('',#6,#8,#394,.T.);
#396 = CARTESIAN_POINT('',(1.43148,20.93748,1.50000));
#397 = DIRECTION('',(0.841254,-0.540641,0.000000));
#398 = VECTOR('',#397,0.71573);
#399 = LINE('',#396,#398);
#400 = EDGE_CURVE('',#8,#10,#399,.T.);
#401 = CARTESIAN_POINT('',(2.03359,20.55053,1.50000));
#402 = DIRECTION('',(0.654861,-0.755750,0.000000));
#403 = VECTOR('',#402,0.71573);
#404 = LINE('',#401,#403);
#405 = EDGE_CURVE('',#10,#12,#404,.T.);
#406 = CARTESIAN_POINT('',(2.50230,20.00962,1.50000));
#407 = DIRECTION('',(0.415415,-0.909632,0.000000));
#408 = VECTOR('',#407,0.71573);
#409 = LINE('',#406,#408);
#410 = EDGE_CURVE('',#12,#14,#409,.T.);
#411 = CARTESIAN_POINT('',(2.79962,19.35857,1.50000));
#412 = DIRECTION('',(0.142315,-0.989821,0.000000));
#413 = VECTOR('',#412,0.71573);
#414 = LINE('',#411,#413);
#415 = EDGE_CURVE('',#14,#16,#414,.T.);
#416 = CARTESIAN_POINT('',(2.90148,18.65012,1.50000));
#417 = DIRECTION('',(0.000000,-1.000000,0.000000));
#418 = VECTOR('',#417,13.62056);
#419 = LINE('',#416,#418);
#420 = EDGE_CURVE('',#16,#18,#419,.T.);
#421 = CARTESIAN_POINT('',(2.90148,5.02956,1.50000));
#422 = DIRECTION('',(0.000000,-1.000000,0.000000));
#423 = VECTOR('',#422,0.20320);
#424 = LINE('',#421,#423);
#425 = EDGE_CURVE('',#18,#20,#424,.T.);
#426 = CARTESIAN_POINT('',(2.90148,4.82636,1.50000));
#427 = DIRECTION('',(-0.064208,-0.997937,0.000000));
#428 = VECTOR('',#427,0.10181);
#429 = LINE('',#426,#428);
#430 = EDGE_CURVE('',#20,#22,#429,.T.);
#431 = CARTESIAN_POINT('',(2.89494,4.72476,1.50000));
#432 = DIRECTION('',(1.000000,0.000000,0.000000));
#433 = VECTOR('',#432,0.10160);
#434 = LINE('',#431,#433);
#435 = EDGE_CURVE('',#22,#24,#434,.T.);
#436 = CARTESIAN_POINT('',(2.99654,4.72476,1.50000));
#437 = DIRECTION('',(1.000000,0.000000,0.000000));
#438 = VECTOR('',#437,0.05080);
#439 = LINE('',#436,#438);
#440 = EDGE_CURVE('',#24,#26,#439,.T.);
#441 = CARTESIAN_POINT('',(3.04734,4.72476,1.50000));
#442 = DIRECTION('',(1.000000,0.000620,0.000000));
#443 = VECTOR('',#442,40.94801);
#444 = LINE('',#441,#443);
#445 = EDGE_CURVE('',#26,#28,#444,.T.);
#446 = CARTESIAN_POINT('',(43.99534,4.75016,1.50000));
#447 = DIRECTION('',(0.997453,-0.071332,0.000000));
#448 = VECTOR('',#447,0.02537);
#449 = LINE('',#446,#448);
#450 = EDGE_CURVE('',#28,#30,#449,.T.);
#451 = CARTESIAN_POINT('',(44.02065,4.74835,1.50000));
#452 = DIRECTION('',(0.977148,-0.212560,0.000000));
#453 = VECTOR('',#452,0.02537);
#454 = LINE('',#451,#453);
#455 = EDGE_CURVE('',#30,#32,#454,.T.);
#456 = CARTESIAN_POINT('',(44.04543,4.74296,1.50000));
#457 = DIRECTION('',(0.936951,-0.349460,0.000000));
#458 = VECTOR('',#457,0.02537);
#459 = LINE('',#456,#458);
#460 = EDGE_CURVE('',#32,#34,#459,.T.);
#461 = CARTESIAN_POINT('',(44.06920,4.73409,1.50000));
#462 = DIRECTION('',(0.877680,-0.479246,0.000000));
#463 = VECTOR('',#462,0.02537);
#464 = LINE('',#461,#463);
#465 = EDGE_CURVE('',#34,#36,#464,.T.);
#466 = CARTESIAN_POINT('',(44.09147,4.72194,1.50000));
#467 = DIRECTION('',(0.800542,-0.599277,0.000000));
#468 = VECTOR('',#467,0.02537);
#469 = LINE('',#466,#468);
#470 = EDGE_CURVE('',#36,#38,#469,.T.);
#471 = CARTESIAN_POINT('',(44.11178,4.70673,1.50000));
#472 = DIRECTION('',(0.707107,-0.707107,0.000000));
#473 = VECTOR('',#472,0.02537);
#474 = LINE('',#471,#473);
#475 = EDGE_CURVE('',#38,#40,#474,.T.);
#476 = CARTESIAN_POINT('',(44.12972,4.68879,1.50000));
#477 = DIRECTION('',(0.599277,-0.800542,0.000000));
#478 = VECTOR('',#477,0.02537);
#479 = LINE('',#476,#478);
#480 = EDGE_CURVE('',#40,#42,#479,.T.);
#481 = CARTESIAN_POINT('',(44.14492,4.66849,1.50000));
#482 = DIRECTION('',(0.479246,-0.877680,0.000000));
#483 = VECTOR('',#482,0.02537);
#484 = LINE('',#481,#483);
#485 = EDGE_CURVE('',#42,#44,#484,.T.);
#486 = CARTESIAN_POINT('',(44.15708,4.64622,1.50000));
#487 = DIRECTION('',(0.349460,-0.936951,0.000000));
#488 = VECTOR('',#487,0.02537);
#489 = LINE('',#486,#488);
#490 = EDGE_CURVE('',#44,#46,#489,.T.);
#491 = CARTESIAN_POINT('',(44.16594,4.62245,1.50000));
#492 = DIRECTION('',(0.212560,-0.977148,0.000000));
#493 = VECTOR('',#492,0.02537);
#494 = LINE('',#491,#493);
#495 = EDGE_CURVE('',#46,#48,#494,.T.);
#496 = CARTESIAN_POINT('',(44.17133,4.59766,1.50000));
#497 = DIRECTION('',(0.071332,-0.997453,0.000000));
#498 = VECTOR('',#497,0.02537);
#499 = LINE('',#496,#498);
#500 = EDGE_CURVE('',#48,#50,#499,.T.);
#501 = CARTESIAN_POINT('',(44.17314,4.57236,1.50000));
#502 = DIRECTION('',(0.000000,-1.000000,0.000000));
#503 = VECTOR('',#502,1.65101);
#504 = LINE('',#501,#503);
#505 = EDGE_CURVE('',#50,#52,#504,.T.);
#506 = CARTESIAN_POINT('',(44.17314,2.92135,1.50000));
#507 = DIRECTION('',(-0.001884,-0.999998,0.000000));
#508 = VECTOR('',#507,0.04955);
#509 = LINE('',#506,#508);
#510 = EDGE_CURVE('',#52,#54,#509,.T.);
#511 = CARTESIAN_POINT('',(44.17305,2.87180,1.50000));
#512 = DIRECTION('',(0.147357,-0.989083,0.000000));
#513 = VECTOR('',#512,0.04956);
#514 = LINE('',#511,#513);
#515 = EDGE_CURVE('',#54,#56,#514,.T.);
#516 = CARTESIAN_POINT('',(44.18035,2.82279,1.50000));
#517 = DIRECTION('',(0.293298,-0.956021,0.000000));
#518 = VECTOR('',#517,0.04956);
#519 = LINE('',#516,#518);
#520 = EDGE_CURVE('',#56,#58,#519,.T.);
#521 = CARTESIAN_POINT('',(44.19489,2.77541,1.50000));
#522 = DIRECTION('',(0.432672,-0.901552,0.000000));
#523 = VECTOR('',#522,0.04956);
#524 = LINE('',#521,#523);
#525 = EDGE_CURVE('',#58,#60,#524,.T.);
#526 = CARTESIAN_POINT('',(44.21633,2.73073,1.50000));
#527 = DIRECTION('',(0.562357,-0.826895,0.000000));
#528 = VECTOR('',#527,0.04956);
#529 = LINE('',#526,#528);
#530 = EDGE_CURVE('',#60,#62,#529,.T.);
#531 = CARTESIAN_POINT('',(44.24420,2.68975,1.50000));
#532 = DIRECTION('',(0.679450,-0.733722,0.000000));
#533 = VECTOR('',#532,0.04956);
#534 = LINE('',#531,#533);
#535 = EDGE_CURVE('',#62,#64,#534,.T.);
#536 = CARTESIAN_POINT('',(44.27787,2.65339,1.50000));
#537 = DIRECTION('',(0.781329,-0.624119,0.000000));
#538 = VECTOR('',#537,0.04956);
#539 = LINE('',#536,#538);
#540 = EDGE_CURVE('',#64,#66,#539,.T.);
#541 = CARTESIAN_POINT('',(44.31659,2.62246,1.50000));
#542 = DIRECTION('',(0.865712,-0.500542,0.000000));
#543 = VECTOR('',#542,0.04956);
#544 = LINE('',#541,#543);
#545 = EDGE_CURVE('',#66,#68,#544,.T.);
#546 = CARTESIAN_POINT('',(44.35949,2.59766,1.50000));
#547 = DIRECTION('',(0.930711,-0.365756,0.000000));
#548 = VECTOR('',#547,0.04956);
#549 = LINE('',#546,#548);
#550 = EDGE_CURVE('',#68,#70,#549,.T.);
#551 = CARTESIAN_POINT('',(44.40561,2.57953,1.50000));
#552 = DIRECTION('',(0.974869,-0.222781,0.000000));
#553 = VECTOR('',#552,0.04956);
#554 = LINE('',#551,#553);
#555 = EDGE_CURVE('',#70,#72,#554,.T.);
#556 = CARTESIAN_POINT('',(44.45392,2.56849,1.50000));
#557 = DIRECTION('',(0.997197,-0.074817,0.000000));
#558 = VECTOR('',#557,0.04956);
#559 = LINE('',#556,#558);
#560 = EDGE_CURVE('',#72,#74,#559,.T.);
#561 = CARTESIAN_POINT('',(44.50334,2.56479,1.50000));
#562 = DIRECTION('',(1.000000,0.000000,0.000000));
#563 = VECTOR('',#562,19.96440);
#564 = LINE('',#561,#563);
#565 = EDGE_CURVE('',#74,#76,#564,.T.);
#566 = CARTESIAN_POINT('',(64.46774,2.56479,1.50000));
#567 = DIRECTION('',(0.997453,-0.071332,0.000000));
#568 = VECTOR('',#567,0.02161);
#569 = LINE('',#566,#568);
#570 = EDGE_CURVE('',#76,#78,#569,.T.);
#571 = CARTESIAN_POINT('',(64.48929,2.56324,1.50000));
#572 = DIRECTION('',(0.977148,-0.212560,0.000000));
#573 = VECTOR('',#572,0.02161);
#574 = LINE('',#571,#573);
#575 = EDGE_CURVE('',#78,#80,#574,.T.);
#576 = CARTESIAN_POINT('',(64.51040,2.55865,1.50000));
#577 = DIRECTION('',(0.936951,-0.349460,0.000000));
#578 = VECTOR('',#577,0.02161);
#579 = LINE('',#576,#578);
#580 = EDGE_CURVE('',#80,#82,#579,.T.);
#581 = CARTESIAN_POINT('',(64.53065,2.55110,1.50000));
#582 = DIRECTION('',(0.877680,-0.479246,0.000000));
#583 = VECTOR('',#582,0.02161);
#584 = LINE('',#581,#583);
#585 = EDGE_CURVE('',#82,#84,#584,.T.);
#586 = CARTESIAN_POINT('',(64.54961,2.54075,1.50000));
#587 = DIRECTION('',(0.800542,-0.599276,0.000000));
#588 = VECTOR('',#587,0.02161);
#589 = LINE('',#586,#588);
#590 = EDGE_CURVE('',#84,#86,#589,.T.);
#591 = CARTESIAN_POINT('',(64.56691,2.52780,1.50000));
#592 = DIRECTION('',(0.707107,-0.707107,0.000000));
#593 = VECTOR('',#592,0.02161);
#594 = LINE('',#591,#593);
#595 = EDGE_CURVE('',#86,#88,#594,.T.);
#596 = CARTESIAN_POINT('',(64.58218,2.51252,1.50000));
#597 = DIRECTION('',(0.599276,-0.800542,0.000000));
#598 = VECTOR('',#597,0.02161);
#599 = LINE('',#596,#598);
#600 = EDGE_CURVE('',#88,#90,#599,.T.);
#601 = CARTESIAN_POINT('',(64.59513,2.49523,1.50000));
#602 = DIRECTION('',(0.479246,-0.877680,0.000000));
#603 = VECTOR('',#602,0.02161);
#604 = LINE('',#601,#603);
#605 = EDGE_CURVE('',#90,#92,#604,.T.);
#606 = CARTESIAN_POINT('',(64.60548,2.47626,1.50000));
#607 = DIRECTION('',(0.349460,-0.936951,0.000000));
#608 = VECTOR('',#607,0.02161);
#609 = LINE('',#606,#608);
#610 = EDGE_CURVE('',#92,#94,#609,.T.);
#611 = CARTESIAN_POINT('',(64.61303,2.45602,1.50000));
#612 = DIRECTION('',(0.212560,-0.977148,0.000000));
#613 = VECTOR('',#612,0.02161);
#614 = LINE('',#611,#613);
#615 = EDGE_CURVE('',#94,#96,#614,.T.);
#616 = CARTESIAN_POINT('',(64.61763,2.43491,1.50000));
#617 = DIRECTION('',(0.071332,-0.997453,0.000000));
#618 = VECTOR('',#617,0.02161);
#619 = LINE('',#616,#618);
#620 = EDGE_CURVE('',#96,#98,#619,.T.);
#621 = CARTESIAN_POINT('',(64.61917,2.41336,1.50000));
#622 = DIRECTION('',(0.000000,-1.000000,0.000000));
#623 = VECTOR('',#622,2.05740);
#624 = LINE('',#621,#623);
#625 = EDGE_CURVE('',#98,#100,#624,.T.);
#626 = CARTESIAN_POINT('',(64.61917,0.35596,1.50000));
#627 = DIRECTION('',(0.074002,-0.997258,0.000000));
#628 = VECTOR('',#627,0.05278);
#629 = LINE('',#626,#628);
#630 = EDGE_CURVE('',#100,#102,#629,.T.);
#631 = CARTESIAN_POINT('',(64.62307,0.30333,1.50000));
#632 = DIRECTION('',(0.220387,-0.975413,0.000000));
#633 = VECTOR('',#632,0.05278);
#634 = LINE('',#631,#633);
#635 = EDGE_CURVE('',#102,#104,#634,.T.);
#636 = CARTESIAN_POINT('',(64.63470,0.25185,1.50000));
#637 = DIRECTION('',(0.361944,-0.932200,0.000000));
#638 = VECTOR('',#637,0.05278);
#639 = LINE('',#636,#638);
#640 = EDGE_CURVE('',#104,#106,#639,.T.);
#641 = CARTESIAN_POINT('',(64.65381,0.20265,1.50000));
#642 = DIRECTION('',(0.495572,-0.868567,0.000000));
#643 = VECTOR('',#642,0.05278);
#644 = LINE('',#641,#643);
#645 = EDGE_CURVE('',#106,#108,#644,.T.);
#646 = CARTESIAN_POINT('',(64.67996,0.15682,1.50000));
#647 = DIRECTION('',(0.618345,-0.785907,0.000000));
#648 = VECTOR('',#647,0.05278);
#649 = LINE('',#646,#648);
#650 = EDGE_CURVE('',#108,#110,#649,.T.);
#651 = CARTESIAN_POINT('',(64.71259,0.11534,1.50000));
#652 = DIRECTION('',(0.727572,-0.686031,0.000000));
#653 = VECTOR('',#652,0.05278);
#654 = LINE('',#651,#653);
#655 = EDGE_CURVE('',#110,#112,#654,.T.);
#656 = CARTESIAN_POINT('',(64.75099,0.07913,1.50000));
#657 = DIRECTION('',(0.820861,-0.571128,0.000000));
#658 = VECTOR('',#657,0.05278);
#659 = LINE('',#656,#658);
#660 = EDGE_CURVE('',#112,#114,#659,.T.);
#661 = CARTESIAN_POINT('',(64.79431,0.04899,1.50000));
#662 = DIRECTION('',(0.896169,-0.443713,0.000000));
#663 = VECTOR('',#662,0.05278);
#664 = LINE('',#661,#663);
#665 = EDGE_CURVE('',#114,#116,#664,.T.);
#666 = CARTESIAN_POINT('',(64.84161,0.02558,1.50000));
#667 = DIRECTION('',(0.951845,-0.306579,0.000000));
#668 = VECTOR('',#667,0.05278);
#669 = LINE('',#666,#668);
#670 = EDGE_CURVE('',#116,#118,#669,.T.);
#671 = CARTESIAN_POINT('',(64.89184,0.00940,1.50000));
#672 = DIRECTION('',(0.986671,-0.162728,0.000000));
#673 = VECTOR('',#672,0.05278);
#674 = LINE('',#671,#673);
#675 = EDGE_CURVE('',#118,#120,#674,.T.);
#676 = CARTESIAN_POINT('',(64.94391,0.00081,1.50000));
#677 = DIRECTION('',(0.999883,-0.015313,0.000000));
#678 = VECTOR('',#677,0.05278);
#679 = LINE('',#676,#678);
#680 = EDGE_CURVE('',#120,#122,#679,.T.);
#681 = CARTESIAN_POINT('',(64.99668,0.00000,1.50000));
#682 = DIRECTION('',(1.000000,0.000000,0.000000));
#683 = VECTOR('',#682,20.45146);
#684 = LINE('',#681,#683);
#685 = EDGE_CURVE('',#122,#124,#684,.T.);
#686 = CARTESIAN_POINT('',(85.44814,0.00000,1.50000));
#687 = DIRECTION('',(0.997620,0.068957,0.000000));
#688 = VECTOR('',#687,0.05960);
#689 = LINE('',#686,#688);
#690 = EDGE_CURVE('',#124,#126,#689,.T.);
#691 = CARTESIAN_POINT('',(85.50760,0.00411,1.50000));
#692 = DIRECTION('',(0.978646,0.205554,0.000000));
#693 = VECTOR('',#692,0.05960);
#694 = LINE('',#691,#693);
#695 = EDGE_CURVE('',#126,#128,#694,.T.);
#696 = CARTESIAN_POINT('',(85.56593,0.01636,1.50000));
#697 = DIRECTION('',(0.941059,0.338243,0.000000));
#698 = VECTOR('',#697,0.05960);
#699 = LINE('',#696,#698);
#700 = EDGE_CURVE('',#128,#130,#699,.T.);
#701 = CARTESIAN_POINT('',(85.62201,0.03652,1.50000));
#702 = DIRECTION('',(0.885574,0.464498,0.000000));
#703 = VECTOR('',#702,0.05960);
#704 = LINE('',#701,#703);
#705 = EDGE_CURVE('',#130,#132,#704,.T.);
#706 = CARTESIAN_POINT('',(85.67479,0.06420,1.50000));
#707 = DIRECTION('',(0.813246,0.581920,0.000000));
#708 = VECTOR('',#707,0.05960);
#709 = LINE('',#706,#708);
#710 = EDGE_CURVE('',#132,#134,#709,.T.);
#711 = CARTESIAN_POINT('',(85.72326,0.09889,1.50000));
#712 = DIRECTION('',(0.725452,0.688273,0.000000));
#713 = VECTOR('',#712,0.05960);
#714 = LINE('',#711,#713);
#715 = EDGE_CURVE('',#134,#136,#714,.T.);
#716 = CARTESIAN_POINT('',(85.76650,0.13991,1.50000));
#717 = DIRECTION('',(0.623859,0.781537,0.000000));
#718 = VECTOR('',#717,0.05960);
#719 = LINE('',#716,#718);
#720 = EDGE_CURVE('',#136,#138,#719,.T.);
#721 = CARTESIAN_POINT('',(85.80368,0.18648,1.50000));
#722 = DIRECTION('',(0.510402,0.859936,0.000000));
#723 = VECTOR('',#722,0.05960);
#724 = LINE('',#721,#723);
#725 = EDGE_CURVE('',#138,#140,#724,.T.);
#726 = CARTESIAN_POINT('',(85.83410,0.23774,1.50000));
#727 = DIRECTION('',(0.387237,0.921980,0.000000));
#728 = VECTOR('',#727,0.05960);
#729 = LINE('',#726,#728);
#730 = EDGE_CURVE('',#140,#142,#729,.T.);
#731 = CARTESIAN_POINT('',(85.85718,0.29269,1.50000));
#732 = DIRECTION('',(0.256708,0.966489,0.000000));
#733 = VECTOR('',#732,0.05960);
#734 = LINE('',#731,#733);
#735 = EDGE_CURVE('',#142,#144,#734,.T.);
#736 = CARTESIAN_POINT('',(85.87248,0.35029,1.50000));
#737 = DIRECTION('',(0.121296,0.992616,0.000000));
#738 = VECTOR('',#737,0.05960);
#739 = LINE('',#736,#738);
#740 = EDGE_CURVE('',#144,#146,#739,.T.);
#741 = CARTESIAN_POINT('',(85.87971,0.40945,1.50000));
#742 = DIRECTION('',(0.000000,1.000000,0.000000));
#743 = VECTOR('',#742,2.00391);
#744 = LINE('',#741,#743);
#745 = EDGE_CURVE('',#146,#148,#744,.T.);
#746 = CARTESIAN_POINT('',(85.87971,2.41336,1.50000));
#747 = DIRECTION('',(0.071342,0.997452,0.000000));
#748 = VECTOR('',#747,0.03265);
#749 = LINE('',#746,#748);
#750 = EDGE_CURVE('',#148,#150,#749,.T.);
#751 = CARTESIAN_POINT('',(85.88204,2.44593,1.50000));
#752 = DIRECTION('',(0.212567,0.977146,0.000000));
#753 = VECTOR('',#752,0.03265);
#754 = LINE('',#751,#753);
#755 = EDGE_CURVE('',#150,#152,#754,.T.);
#756 = CARTESIAN_POINT('',(85.88898,2.47783,1.50000));
#757 = DIRECTION('',(0.349466,0.936949,0.000000));
#758 = VECTOR('',#757,0.03265);
#759 = LINE('',#756,#758);
#760 = EDGE_CURVE('',#152,#154,#759,.T.);
#761 = CARTESIAN_POINT('',(85.90039,2.50842,1.50000));
#762 = DIRECTION('',(0.479250,0.877678,0.000000));
#763 = VECTOR('',#762,0.03265);
#764 = LINE('',#761,#763);
#765 = EDGE_CURVE('',#154,#156,#764,.T.);
#766 = CARTESIAN_POINT('',(85.91603,2.53708,1.50000));
#767 = DIRECTION('',(0.599278,0.800541,0.000000));
#768 = VECTOR('',#767,0.03265);
#769 = LINE('',#766,#768);
#770 = EDGE_CURVE('',#156,#158,#769,.T.);
#771 = CARTESIAN_POINT('',(85.93560,2.56322,1.50000));
#772 = DIRECTION('',(0.707107,0.707107,0.000000));
#773 = VECTOR('',#772,0.03265);
#774 = LINE('',#771,#773);
#775 = EDGE_CURVE('',#158,#160,#774,.T.);
#776 = CARTESIAN_POINT('',(85.95869,2.58630,1.50000));
#777 = DIRECTION('',(0.800541,0.599278,0.000000));
#778 = VECTOR('',#777,0.03265);
#779 = LINE('',#776,#778);
#780 = EDGE_CURVE('',#160,#162,#779,.T.);
#781 = CARTESIAN_POINT('',(85.98482,2.60587,1.50000));
#782 = DIRECTION('',(0.877678,0.479250,0.000000));
#783 = VECTOR('',#782,0.03265);
#784 = LINE('',#781,#783);
#785 = EDGE_CURVE('',#162,#164,#784,.T.);
#786 = CARTESIAN_POINT('',(86.01348,2.62152,1.50000));
#787 = DIRECTION('',(0.936949,0.349466,0.000000));
#788 = VECTOR('',#787,0.03265);
#789 = LINE('',#786,#788);
#790 = EDGE_CURVE('',#164,#166,#789,.T.);
#791 = CARTESIAN_POINT('',(86.04407,2.63293,1.50000));
#792 = DIRECTION('',(0.977146,0.212567,0.000000));
#793 = VECTOR('',#792,0.03265);
#794 = LINE('',#791,#793);
#795 = EDGE_CURVE('',#166,#168,#794,.T.);
#796 = CARTESIAN_POINT('',(86.07598,2.63987,1.50000));
#797 = DIRECTION('',(0.997452,0.071342,0.000000));
#798 = VECTOR('',#797,0.03265);
#799 = LINE('',#796,#798);
#800 = EDGE_CURVE('',#168,#170,#799,.T.);
#801 = CARTESIAN_POINT('',(86.10854,2.64220,1.50000));
#802 = DIRECTION('',(1.000000,0.000000,0.000000));
#803 = VECTOR('',#802,18.84680);
#804 = LINE('',#801,#803);
#805 = EDGE_CURVE('',#170,#172,#804,.T.);
#806 = CARTESIAN_POINT('',(104.95534,2.64220,1.50000));
#807 = DIRECTION('',(0.997451,0.071349,0.000000));
#808 = VECTOR('',#807,0.02171);
#809 = LINE('',#806,#808);
#810 = EDGE_CURVE('',#172,#174,#809,.T.);
#811 = CARTESIAN_POINT('',(104.97700,2.64375,1.50000));
#812 = DIRECTION('',(0.977145,0.212573,0.000000));
#813 = VECTOR('',#812,0.02171);
#814 = LINE('',#811,#813);
#815 = EDGE_CURVE('',#174,#176,#814,.T.);
#816 = CARTESIAN_POINT('',(104.99821,2.64836,1.50000));
#817 = DIRECTION('',(0.936948,0.349470,0.000000));
#818 = VECTOR('',#817,0.02171);
#819 = LINE('',#816,#818);
#820 = EDGE_CURVE('',#176,#178,#819,.T.);
#821 = CARTESIAN_POINT('',(105.01855,2.65595,1.50000));
#822 = DIRECTION('',(0.877677,0.479252,0.000000));
#823 = VECTOR('',#822,0.02171);
#824 = LINE('',#821,#823);
#825 = EDGE_CURVE('',#178,#180,#824,.T.);
#826 = CARTESIAN_POINT('',(105.03761,2.66635,1.50000));
#827 = DIRECTION('',(0.800540,0.599279,0.000000));
#828 = VECTOR('',#827,0.02171);
#829 = LINE('',#826,#828);
#830 = EDGE_CURVE('',#180,#182,#829,.T.);
#831 = CARTESIAN_POINT('',(105.05499,2.67936,1.50000));
#832 = DIRECTION('',(0.707107,0.707107,0.000000));
#833 = VECTOR('',#832,0.02171);
#834 = LINE('',#831,#833);
#835 = EDGE_CURVE('',#182,#184,#834,.T.);
#836 = CARTESIAN_POINT('',(105.07034,2.69471,1.50000));
#837 = DIRECTION('',(0.599279,0.800540,0.000000));
#838 = VECTOR('',#837,0.02171);
#839 = LINE('',#836,#838);
#840 = EDGE_CURVE('',#184,#186,#839,.T.);
#841 = CARTESIAN_POINT('',(105.08335,2.71209,1.50000));
#842 = DIRECTION('',(0.479252,0.877677,0.000000));
#843 = VECTOR('',#842,0.02171);
#844 = LINE('',#841,#843);
#845 = EDGE_CURVE('',#186,#188,#844,.T.);
#846 = CARTESIAN_POINT('',(105.09375,2.73115,1.50000));
#847 = DIRECTION('',(0.349470,0.936948,0.000000));
#848 = VECTOR('',#847,0.02171);
#849 = LINE('',#846,#848);
#850 = EDGE_CURVE('',#188,#190,#849,.T.);
#851 = CARTESIAN_POINT('',(105.10134,2.75149,1.50000));
#852 = DIRECTION('',(0.212573,0.977145,0.000000));
#853 = VECTOR('',#852,0.02171);
#854 = LINE('',#851,#853);
#855 = EDGE_CURVE('',#190,#192,#854,.T.);
#856 = CARTESIAN_POINT('',(105.10596,2.77271,1.50000));
#857 = DIRECTION('',(0.071349,0.997451,0.000000));
#858 = VECTOR('',#857,0.02171);
#859 = LINE('',#856,#858);
#860 = EDGE_CURVE('',#192,#194,#859,.T.);
#861 = CARTESIAN_POINT('',(105.10751,2.79436,1.50000));
#862 = DIRECTION('',(0.000000,1.000000,0.000000));
#863 = VECTOR('',#862,3.88620);
#864 = LINE('',#861,#863);
#865 = EDGE_CURVE('',#194,#196,#864,.T.);
#866 = CARTESIAN_POINT('',(105.10751,6.68056,1.50000));
#867 = DIRECTION('',(0.071336,0.997452,0.000000));
#868 = VECTOR('',#867,0.03627);
#869 = LINE('',#866,#868);
#870 = EDGE_CURVE('',#196,#198,#869,.T.);
#871 = CARTESIAN_POINT('',(105.11009,6.71674,1.50000));
#872 = DIRECTION('',(0.212562,0.977147,0.000000));
#873 = VECTOR('',#872,0.03627);
#874 = LINE('',#871,#873);
#875 = EDGE_CURVE('',#198,#200,#874,.T.);
#876 = CARTESIAN_POINT('',(105.11780,6.75219,1.50000));
#877 = DIRECTION('',(0.349462,0.936950,0.000000));
#878 = VECTOR('',#877,0.03627);
#879 = LINE('',#876,#878);
#880 = EDGE_CURVE('',#200,#202,#879,.T.);
#881 = CARTESIAN_POINT('',(105.13048,6.78617,1.50000));
#882 = DIRECTION('',(0.479248,0.877680,0.000000));
#883 = VECTOR('',#882,0.03627);
#884 = LINE('',#881,#883);
#885 = EDGE_CURVE('',#202,#204,#884,.T.);
#886 = CARTESIAN_POINT('',(105.14786,6.81801,1.50000));
#887 = DIRECTION('',(0.599277,0.800542,0.000000));
#888 = VECTOR('',#887,0.03627);
#889 = LINE('',#886,#888);
#890 = EDGE_CURVE('',#204,#206,#889,.T.);
#891 = CARTESIAN_POINT('',(105.16960,6.84705,1.50000));
#892 = DIRECTION('',(0.707107,0.707107,0.000000));
#893 = VECTOR('',#892,0.03627);
#894 = LINE('',#891,#893);
#895 = EDGE_CURVE('',#206,#208,#894,.T.);
#896 = CARTESIAN_POINT('',(105.19525,6.87270,1.50000));
#897 = DIRECTION('',(0.800542,0.599277,0.000000));
#898 = VECTOR('',#897,0.03627);
#899 = LINE('',#896,#898);
#900 = EDGE_CURVE('',#208,#210,#899,.T.);
#901 = CARTESIAN_POINT('',(105.22429,6.89444,1.50000));
#902 = DIRECTION('',(0.877680,0.479248,0.000000));
#903 = VECTOR('',#902,0.03627);
#904 = LINE('',#901,#903);
#905 = EDGE_CURVE('',#210,#212,#904,.T.);
#906 = CARTESIAN_POINT('',(105.25613,6.91182,1.50000));
#907 = DIRECTION('',(0.936950,0.349462,0.000000));
#908 = VECTOR('',#907,0.03627);
#909 = LINE('',#906,#908);
#910 = EDGE_CURVE('',#212,#214,#909,.T.);
#911 = CARTESIAN_POINT('',(105.29012,6.92450,1.50000));
#912 = DIRECTION('',(0.977147,0.212562,0.000000));
#913 = VECTOR('',#912,0.03627);
#914 = LINE('',#911,#913);
#915 = EDGE_CURVE('',#214,#216,#914,.T.);
#916 = CARTESIAN_POINT('',(105.32556,6.93221,1.50000));
#917 = DIRECTION('',(0.997452,0.071336,0.000000));
#918 = VECTOR('',#917,0.03627);
#919 = LINE('',#916,#918);
#920 = EDGE_CURVE('',#216,#218,#919,.T.);
#921 = CARTESIAN_POINT('',(105.36174,6.93480,1.50000));
#922 = DIRECTION('',(1.000000,0.000000,0.000000));
#923 = VECTOR('',#922,13.81760);
#924 = LINE('',#921,#923);
#925 = EDGE_CURVE('',#218,#220,#924,.T.);
#926 = CARTESIAN_POINT('',(119.17934,6.93480,1.50000));
#927 = DIRECTION('',(1.000000,-0.000707,0.000000));
#928 = VECTOR('',#927,8.12663);
#929 = LINE('',#926,#928);
#930 = EDGE_CURVE('',#220,#222,#929,.T.);
#931 = CARTESIAN_POINT('',(127.30597,6.92905,1.50000));
#932 = DIRECTION('',(1.000000,0.000000,0.000000));
#933 = VECTOR('',#932,13.50017);
#934 = LINE('',#931,#933);
#935 = EDGE_CURVE('',#222,#224,#934,.T.);
#936 = CARTESIAN_POINT('',(140.80614,6.92905,1.50000));
#937 = DIRECTION('',(0.995185,0.098017,0.000000));
#938 = VECTOR('',#937,0.49009);
#939 = LINE('',#936,#938);
#940 = EDGE_CURVE('',#224,#226,#939,.T.);
#941 = CARTESIAN_POINT('',(141.29387,6.97709,1.50000));
#942 = DIRECTION('',(0.956940,0.290285,0.000000));
#943 = VECTOR('',#942,0.49009);
#944 = LINE('',#941,#943);
#945 = EDGE_CURVE('',#226,#228,#944,.T.);
#946 = CARTESIAN_POINT('',(141.76285,7.11936,1.50000));
#947 = DIRECTION('',(0.881921,0.471397,0.000000));
#948 = VECTOR('',#947,0.49009);
#949 = LINE('',#946,#948);
#950 = EDGE_CURVE('',#228,#230,#949,.T.);
#951 = CARTESIAN_POINT('',(142.19507,7.35038,1.50000));
#952 = DIRECTION('',(0.773010,0.634393,0.000000));
#953 = VECTOR('',#952,0.49009);
#954 = LINE('',#951,#953);
#955 = EDGE_CURVE('',#230,#232,#954,.T.);
#956 = CARTESIAN_POINT('',(142.57391,7.66129,1.50000));
#957 = DIRECTION('',(0.634393,0.773010,0.000000));
#958 = VECTOR('',#957,0.49009);
#959 = LINE('',#956,#958);
#960 = EDGE_CURVE('',#232,#234,#959,.T.);
#961 = CARTESIAN_POINT('',(142.88482,8.04013,1.50000));
#962 = DIRECTION('',(0.471397,0.881921,0.000000));
#963 = VECTOR('',#962,0.49009);
#964 = LINE('',#961,#963);
#965 = EDGE_CURVE('',#234,#236,#964,.T.);
#966 = CARTESIAN_POINT('',(143.11584,8.47235,1.50000));
#967 = DIRECTION('',(0.290285,0.956940,0.000000));
#968 = VECTOR('',#967,0.49009);
#969 = LINE('',#966,#968);
#970 = EDGE_CURVE('',#236,#238,#969,.T.);
#971 = CARTESIAN_POINT('',(143.25811,8.94133,1.50000));
#972 = DIRECTION('',(0.098017,0.995185,0.000000));
#973 = VECTOR('',#972,0.49009);
#974 = LINE('',#971,#973);
#975 = EDGE_CURVE('',#238,#240,#974,.T.);
#976 = CARTESIAN_POINT('',(143.30614,9.42905,1.50000));
#977 = DIRECTION('',(0.000000,1.000000,0.000000));
#978 = VECTOR('',#977,52.95698);
#979 = LINE('',#976,#978);
#980 = EDGE_CURVE('',#240,#242,#979,.T.);
#981 = CARTESIAN_POINT('',(143.30614,62.38604,1.50000));
#982 = DIRECTION('',(-0.098017,0.995185,0.000000));
#983 = VECTOR('',#982,0.33387);
#984 = LINE('',#981,#983);
#985 = EDGE_CURVE('',#242,#244,#984,.T.);
#986 = CARTESIAN_POINT('',(143.27342,62.71830,1.50000));
#987 = DIRECTION('',(-0.290285,0.956940,0.000000));
#988 = VECTOR('',#987,0.33387);
#989 = LINE('',#986,#988);
#990 = EDGE_CURVE('',#244,#246,#989,.T.);
#991 = CARTESIAN_POINT('',(143.17650,63.03779,1.50000));
#992 = DIRECTION('',(-0.471397,0.881921,0.000000));
#993 = VECTOR('',#992,0.33387);
#994 = LINE('',#991,#993);
#995 = EDGE_CURVE('',#246,#248,#994,.T.);
#996 = CARTESIAN_POINT('',(143.01912,63.33224,1.50000));
#997 = DIRECTION('',(-0.634394,0.773010,0.000000));
#998 = VECTOR('',#997,0.33387);
#999 = LINE('',#996,#998);
#1000 = EDGE_CURVE('',#248,#250,#999,.T.);
#1001 = CARTESIAN_POINT('',(142.80731,63.59032,1.50000));
#1002 = DIRECTION('',(-0.773011,0.634393,0.000000));
#1003 = VECTOR('',#1002,0.33387);
#1004 = LINE('',#1001,#1003);
#1005 = EDGE_CURVE('',#250,#252,#1004,.T.);
#1006 = CARTESIAN_POINT('',(142.54923,63.80213,1.50000));
#1007 = DIRECTION('',(-0.881922,0.471396,0.000000));
#1008 = VECTOR('',#1007,0.33387);
#1009 = LINE('',#1006,#1008);
#1010 = EDGE_CURVE('',#252,#254,#1009,.T.);
#1011 = CARTESIAN_POINT('',(142.25478,63.95951,1.50000));
#1012 = DIRECTION('',(-0.956941,0.290284,0.000000));
#1013 = VECTOR('',#1012,0.33387);
#1014 = LINE('',#1011,#1013);
#1015 = EDGE_CURVE('',#254,#256,#1014,.T.);
#1016 = CARTESIAN_POINT('',(141.93529,64.05643,1.50000));
#1017 = DIRECTION('',(-0.995185,0.098016,0.000000));
#1018 = VECTOR('',#1017,0.33387);
#1019 = LINE('',#1016,#1018);
#1020 = EDGE_CURVE('',#256,#258,#1019,.T.);
#1021 = CARTESIAN_POINT('',(141.60303,64.08915,1.50000));
#1022 = DIRECTION('',(-1.000000,-0.000001,0.000000));
#1023 = VECTOR('',#1022,2.55467);
#1024 = LINE('',#1021,#1023);
#1025 = EDGE_CURVE('',#258,#260,#1024,.T.);
#1026 = CARTESIAN_POINT('',(139.04836,64.08915,1.50000));
#1027 = DIRECTION('',(-0.999998,-0.002048,0.000000));
#1028 = VECTOR('',#1027,2.24142);
#1029 = LINE('',#1026,#1028);
#1030 = EDGE_CURVE('',#260,#262,#1029,.T.);
#1031 = CARTESIAN_POINT('',(136.80694,64.08456,1.50000));
#1032 = DIRECTION('',(-1.000000,0.000000,0.000000));
#1033 = VECTOR('',#1032,49.88560);
#1034 = LINE('',#1031,#1033);
#1035 = EDGE_CURVE('',#262,#264,#1034,.T.);
#1036 = CARTESIAN_POINT('',(86.92134,64.08456,1.50000));
#1037 = DIRECTION('',(-0.997452,0.071337,0.000000));
#1038 = VECTOR('',#1037,0.05436);
#1039 = LINE('',#1036,#1038);
#1040 = EDGE_CURVE('',#264,#266,#1039,.T.);
#1041 = CARTESIAN_POINT('',(86.86712,64.08844,1.50000));
#1042 = DIRECTION('',(-0.977147,0.212563,0.000000));
#1043 = VECTOR('',#1042,0.05436);
#1044 = LINE('',#1041,#1043);
#1045 = EDGE_CURVE('',#266,#268,#1044,.T.);
#1046 = CARTESIAN_POINT('',(86.81400,64.09999,1.50000));
#1047 = DIRECTION('',(-0.936950,0.349463,0.000000));
#1048 = VECTOR('',#1047,0.05436);
#1049 = LINE('',#1046,#1048);
#1050 = EDGE_CURVE('',#268,#270,#1049,.T.);
#1051 = CARTESIAN_POINT('',(86.76307,64.11899,1.50000));
#1052 = DIRECTION('',(-0.877679,0.479248,0.000000));
#1053 = VECTOR('',#1052,0.05436);
#1054 = LINE('',#1051,#1053);
#1055 = EDGE_CURVE('',#270,#272,#1054,.T.);
#1056 = CARTESIAN_POINT('',(86.71536,64.14504,1.50000));
#1057 = DIRECTION('',(-0.800542,0.599277,0.000000));
#1058 = VECTOR('',#1057,0.05436);
#1059 = LINE('',#1056,#1058);
#1060 = EDGE_CURVE('',#272,#274,#1059,.T.);
#1061 = CARTESIAN_POINT('',(86.67184,64.17762,1.50000));
#1062 = DIRECTION('',(-0.707107,0.707107,0.000000));
#1063 = VECTOR('',#1062,0.05436);
#1064 = LINE('',#1061,#1063);
#1065 = EDGE_CURVE('',#274,#276,#1064,.T.);
#1066 = CARTESIAN_POINT('',(86.63340,64.21606,1.50000));
#1067 = DIRECTION('',(-0.599277,0.800542,0.000000));
#1068 = VECTOR('',#1067,0.05436);
#1069 = LINE('',#1066,#1068);
#1070 = EDGE_CURVE('',#276,#278,#1069,.T.);
#1071 = CARTESIAN_POINT('',(86.60082,64.25958,1.50000));
#1072 = DIRECTION('',(-0.479248,0.877679,0.000000));
#1073 = VECTOR('',#1072,0.05436);
#1074 = LINE('',#1071,#1073);
#1075 = EDGE_CURVE('',#278,#280,#1074,.T.);
#1076 = CARTESIAN_POINT('',(86.57477,64.30729,1.50000));
#1077 = DIRECTION('',(-0.349463,0.936950,0.000000));
#1078 = VECTOR('',#1077,0.05436);
#1079 = LINE('',#1076,#1078);
#1080 = EDGE_CURVE('',#280,#282,#1079,.T.);
#1081 = CARTESIAN_POINT('',(86.55578,64.35822,1.50000));
#1082 = DIRECTION('',(-0.212563,0.977147,0.000000));
#1083 = VECTOR('',#1082,0.05436);
#1084 = LINE('',#1081,#1083);
#1085 = EDGE_CURVE('',#282,#284,#1084,.T.);
#1086 = CARTESIAN_POINT('',(86.54422,64.41134,1.50000));
#1087 = DIRECTION('',(-0.071337,0.997452,0.000000));
#1088 = VECTOR('',#1087,0.05436);
#1089 = LINE('',#1086,#1088);
#1090 = EDGE_CURVE('',#284,#286,#1089,.T.);
#1091 = CARTESIAN_POINT('',(86.54034,64.46556,1.50000));
#1092 = DIRECTION('',(-0.576910,0.816807,0.000000));
#1093 = VECTOR('',#1092,0.62193);
#1094 = LINE('',#1091,#1093);
#1095 = EDGE_CURVE('',#286,#288,#1094,.T.);
#1096 = CARTESIAN_POINT('',(86.18154,64.97356,1.50000));
#1097 = DIRECTION('',(-0.576157,0.817339,0.000000));
#1098 = VECTOR('',#1097,18.68094);
#1099 = LINE('',#1096,#1098);
#1100 = EDGE_CURVE('',#288,#290,#1099,.T.);
#1101 = CARTESIAN_POINT('',(75.41839,80.24222,1.50000));
#1102 = DIRECTION('',(-0.620546,0.784170,0.000000));
#1103 = VECTOR('',#1102,0.06431);
#1104 = LINE('',#1101,#1103);
#1105 = EDGE_CURVE('',#290,#292,#1104,.T.);
#1106 = CARTESIAN_POINT('',(75.37848,80.29266,1.50000));
#1107 = DIRECTION('',(-0.703477,0.710718,0.000000));
#1108 = VECTOR('',#1107,0.06431);
#1109 = LINE('',#1106,#1108);
#1110 = EDGE_CURVE('',#292,#294,#1109,.T.);
#1111 = CARTESIAN_POINT('',(75.33323,80.33837,1.50000));
#1112 = DIRECTION('',(-0.777775,0.628543,0.000000));
#1113 = VECTOR('',#1112,0.06431);
#1114 = LINE('',#1111,#1113);
#1115 = EDGE_CURVE('',#294,#296,#1114,.T.);
#1116 = CARTESIAN_POINT('',(75.28321,80.37879,1.50000));
#1117 = DIRECTION('',(-0.842527,0.538654,0.000000));
#1118 = VECTOR('',#1117,0.06431);
#1119 = LINE('',#1116,#1118);
#1120 = EDGE_CURVE('',#296,#298,#1119,.T.);
#1121 = CARTESIAN_POINT('',(75.22902,80.41343,1.50000));
#1122 = DIRECTION('',(-0.896939,0.442154,0.000000));
#1123 = VECTOR('',#1122,0.06431);
#1124 = LINE('',#1121,#1123);
#1125 = EDGE_CURVE('',#298,#300,#1124,.T.);
#1126 = CARTESIAN_POINT('',(75.17134,80.44187,1.50000));
#1127 = DIRECTION('',(-0.940343,0.340228,0.000000));
#1128 = VECTOR('',#1127,0.06431);
#1129 = LINE('',#1126,#1128);
#1130 = EDGE_CURVE('',#300,#302,#1129,.T.);
#1131 = CARTESIAN_POINT('',(75.11086,80.46375,1.50000));
#1132 = DIRECTION('',(-0.972206,0.234126,0.000000));
#1133 = VECTOR('',#1132,0.06431);
#1134 = LINE('',#1131,#1133);
#1135 = EDGE_CURVE('',#302,#304,#1134,.T.);
#1136 = CARTESIAN_POINT('',(75.04833,80.47881,1.50000));
#1137 = DIRECTION('',(-0.992138,0.125151,0.000000));
#1138 = VECTOR('',#1137,0.06431);
#1139 = LINE('',#1136,#1138);
#1140 = EDGE_CURVE('',#304,#306,#1139,.T.);
#1141 = CARTESIAN_POINT('',(74.98452,80.48686,1.50000));
#1142 = DIRECTION('',(-0.997547,0.070003,0.000000));
#1143 = VECTOR('',#1142,1.17567);
#1144 = LINE('',#1141,#1143);
#1145 = EDGE_CURVE('',#306,#308,#1144,.T.);
#1146 = CARTESIAN_POINT('',(73.81174,80.56916,1.50000));
#1147 = DIRECTION('',(-0.997576,0.069584,0.000000));
#1148 = VECTOR('',#1147,40.67813);
#1149 = LINE('',#1146,#1148);
#1150 = EDGE_CURVE('',#308,#310,#1149,.T.);
#1151 = CARTESIAN_POINT('',(33.23222,83.39971,1.50000));
#1152 = DIRECTION('',(-0.995236,0.097499,0.000000));
#1153 = VECTOR('',#1152,0.14005);
#1154 = LINE('',#1151,#1153);
#1155 = EDGE_CURVE('',#310,#312,#1154,.T.);
#1156 = CARTESIAN_POINT('',(33.09283,83.41336,1.50000));
#1157 = DIRECTION('',(-0.988214,0.153079,0.000000));
#1158 = VECTOR('',#1157,0.14005);
#1159 = LINE('',#1156,#1158);
#1160 = EDGE_CURVE('',#312,#314,#1159,.T.);
#1161 = CARTESIAN_POINT('',(32.95443,83.43480,1.50000));
#1162 = DIRECTION('',(-0.978091,0.208177,0.000000));
#1163 = VECTOR('',#1162,0.14005);
#1164 = LINE('',#1161,#1163);
#1165 = EDGE_CURVE('',#314,#316,#1164,.T.);
#1166 = CARTESIAN_POINT('',(32.81745,83.46396,1.50000));
#1167 = DIRECTION('',(-0.964899,0.262623,0.000000));
#1168 = VECTOR('',#1167,0.14005);
#1169 = LINE('',#1166,#1168);
#1170 = EDGE_CURVE('',#316,#318,#1169,.T.);
#1171 = CARTESIAN_POINT('',(32.68231,83.50074,1.50000));
#1172 = DIRECTION('',(-0.948678,0.316244,0.000000));
#1173 = VECTOR('',#1172,0.14005);
#1174 = LINE('',#1171,#1173);
#1175 = EDGE_CURVE('',#318,#320,#1174,.T.);
#1176 = CARTESIAN_POINT('',(32.54945,83.54503,1.50000));
#1177 = DIRECTION('',(-0.929480,0.368873,0.000000));
#1178 = VECTOR('',#1177,0.14005);
#1179 = LINE('',#1176,#1178);
#1180 = EDGE_CURVE('',#320,#322,#1179,.T.);
#1181 = CARTESIAN_POINT('',(32.41927,83.59669,1.50000));
#1182 = DIRECTION('',(-0.907365,0.420344,0.000000));
#1183 = VECTOR('',#1182,0.14005);
#1184 = LINE('',#1181,#1183);
#1185 = EDGE_CURVE('',#322,#324,#1184,.T.);
#1186 = CARTESIAN_POINT('',(32.29219,83.65556,1.50000));
#1187 = DIRECTION('',(-0.882402,0.470496,0.000000));
#1188 = VECTOR('',#1187,0.14005);
#1189 = LINE('',#1186,#1188);
#1190 = EDGE_CURVE('',#324,#326,#1189,.T.);
#1191 = CARTESIAN_POINT('',(32.16861,83.72145,1.50000));
#1192 = DIRECTION('',(-0.868877,0.495028,0.000000));
#1193 = VECTOR('',#1192,16.69368);
#1194 = LINE('',#1191,#1193);
#1195 = EDGE_CURVE('',#326,#328,#1194,.T.);
#1196 = CARTESIAN_POINT('',(17.66385,91.98529,1.50000));
#1197 = DIRECTION('',(-0.912590,0.408875,0.000000));
#1198 = VECTOR('',#1197,0.48248);
#1199 = LINE('',#1196,#1198);
#1200 = EDGE_CURVE('',#328,#330,#1199,.T.);
#1201 = CARTESIAN_POINT('',(17.22354,92.18257,1.50000));
#1202 = DIRECTION('',(-0.974137,0.225960,0.000000));
#1203 = VECTOR('',#1202,0.48248);
#1204 = LINE('',#1201,#1203);
#1205 = EDGE_CURVE('',#330,#332,#1204,.T.);
#1206 = CARTESIAN_POINT('',(16.75354,92.29159,1.50000));
#1207 = DIRECTION('',(-0.999400,0.034629,0.000000));
#1208 = VECTOR('',#1207,0.48248);
#1209 = LINE('',#1206,#1208);
#1210 = EDGE_CURVE('',#332,#334,#1209,.T.);
#1211 = CARTESIAN_POINT('',(16.27135,92.30830,1.50000));
#1212 = DIRECTION('',(-0.987440,-0.157991,0.000000));
#1213 = VECTOR('',#1212,0.48248);
#1214 = LINE('',#1211,#1213);
#1215 = EDGE_CURVE('',#334,#336,#1214,.T.);
#1216 = CARTESIAN_POINT('',(15.79493,92.23207,1.50000));
#1217 = DIRECTION('',(-0.938703,-0.344728,0.000000));
#1218 = VECTOR('',#1217,0.48248);
#1219 = LINE('',#1216,#1218);
#1220 = EDGE_CURVE('',#336,#338,#1219,.T.);
#1221 = CARTESIAN_POINT('',(15.34203,92.06575,1.50000));
#1222 = DIRECTION('',(-0.855002,-0.518624,0.000000));
#1223 = VECTOR('',#1222,0.48248);
#1224 = LINE('',#1221,#1223);
#1225 = EDGE_CURVE('',#338,#340,#1224,.T.);
#1226 = CARTESIAN_POINT('',(14.92951,91.81552,1.50000));
#1227 = DIRECTION('',(-0.739457,-0.673204,0.000000));
#1228 = VECTOR('',#1227,0.48248);
#1229 = LINE('',#1226,#1228);
#1230 = EDGE_CURVE('',#340,#342,#1229,.T.);
#1231 = CARTESIAN_POINT('',(14.57274,91.49071,1.50000));
#1232 = DIRECTION('',(-0.596370,-0.802710,0.000000));
#1233 = VECTOR('',#1232,0.48248);
#1234 = LINE('',#1231,#1233);
#1235 = EDGE_CURVE('',#342,#344,#1234,.T.);
#1236 = CARTESIAN_POINT('',(14.28500,91.10342,1.50000));
#1237 = DIRECTION('',(-0.516128,-0.856511,0.000000));
#1238 = VECTOR('',#1237,21.36057);
#1239 = LINE('',#1236,#1238);
#1240 = EDGE_CURVE('',#344,#346,#1239,.T.);
#1241 = CARTESIAN_POINT('',(3.26020,72.80786,1.50000));
#1242 = DIRECTION('',(-0.486806,-0.873510,0.000000));
#1243 = VECTOR('',#1242,0.16944);
#1244 = LINE('',#1241,#1243);
#1245 = EDGE_CURVE('',#346,#348,#1244,.T.);
#1246 = CARTESIAN_POINT('',(3.17772,72.65985,1.50000));
#1247 = DIRECTION('',(-0.426517,-0.904479,0.000000));
#1248 = VECTOR('',#1247,0.16944);
#1249 = LINE('',#1246,#1248);
#1250 = EDGE_CURVE('',#348,#350,#1249,.T.);
#1251 = CARTESIAN_POINT('',(3.10544,72.50659,1.50000));
#1252 = DIRECTION('',(-0.364269,-0.931294,0.000000));
#1253 = VECTOR('',#1252,0.16944);
#1254 = LINE('',#1251,#1253);
#1255 = EDGE_CURVE('',#350,#352,#1254,.T.);
#1256 = CARTESIAN_POINT('',(3.04372,72.34878,1.50000));
#1257 = DIRECTION('',(-0.300348,-0.953830,0.000000));
#1258 = VECTOR('',#1257,0.16944);
#1259 = LINE('',#1256,#1258);
#1260 = EDGE_CURVE('',#352,#354,#1259,.T.);
#1261 = CARTESIAN_POINT('',(2.99283,72.18716,1.50000));
#1262 = DIRECTION('',(-0.235047,-0.971984,0.000000));
#1263 = VECTOR('',#1262,0.16944);
#1264 = LINE('',#1261,#1263);
#1265 = EDGE_CURVE('',#354,#356,#1264,.T.);
#1266 = CARTESIAN_POINT('',(2.95300,72.02247,1.50000));
#1267 = DIRECTION('',(-0.168666,-0.985673,0.000000));
#1268 = VECTOR('',#1267,0.16944);
#1269 = LINE('',#1266,#1268);
#1270 = EDGE_CURVE('',#356,#358,#1269,.T.);
#1271 = CARTESIAN_POINT('',(2.92442,71.85545,1.50000));
#1272 = DIRECTION('',(-0.101511,-0.994834,0.000000));
#1273 = VECTOR('',#1272,0.16944);
#1274 = LINE('',#1271,#1273);
#1275 = EDGE_CURVE('',#358,#360,#1274,.T.);
#1276 = CARTESIAN_POINT('',(2.90722,71.68688,1.50000));
#1277 = DIRECTION('',(-0.033889,-0.999426,0.000000));
#1278 = VECTOR('',#1277,0.16944);
#1279 = LINE('',#1276,#1278);
#1280 = EDGE_CURVE('',#360,#362,#1279,.T.);
#1281 = CARTESIAN_POINT('',(2.90148,71.51754,1.50000));
#1282 = DIRECTION('',(0.000000,-1.000000,0.000000));
#1283 = VECTOR('',#1282,11.54161);
#1284 = LINE('',#1281,#1283);
#1285 = EDGE_CURVE('',#362,#364,#1284,.T.);
#1286 = CARTESIAN_POINT('',(2.90148,59.97592,1.50000));
#1287 = DIRECTION('',(0.000000,-1.000000,0.000000));
#1288 = VECTOR('',#1287,5.00380);
#1289 = LINE('',#1286,#1288);
#1290 = EDGE_CURVE('',#364,#366,#1289,.T.);
#1291 = CARTESIAN_POINT('',(2.90148,54.97212,1.50000));
#1292 = DIRECTION('',(-0.142315,-0.989821,0.000000));
#1293 = VECTOR('',#1292,0.72296);
#1294 = LINE('',#1291,#1293);
#1295 = EDGE_CURVE('',#366,#368,#1294,.T.);
#1296 = CARTESIAN_POINT('',(2.79859,54.25652,1.50000));
#1297 = DIRECTION('',(-0.415415,-0.909632,0.000000));
#1298 = VECTOR('',#1297,0.72296);
#1299 = LINE('',#1296,#1298);
#1300 = EDGE_CURVE('',#368,#370,#1299,.T.);
#1301 = CARTESIAN_POINT('',(2.49826,53.59890,1.50000));
#1302 = DIRECTION('',(-0.654861,-0.755750,0.000000));
#1303 = VECTOR('',#1302,0.72296);
#1304 = LINE('',#1301,#1303);
#1305 = EDGE_CURVE('',#370,#372,#1304,.T.);
#1306 = CARTESIAN_POINT('',(2.02483,53.05252,1.50000));
#1307 = DIRECTION('',(-0.841254,-0.540641,0.000000));
#1308 = VECTOR('',#1307,0.72296);
#1309 = LINE('',#1306,#1308);
#1310 = EDGE_CURVE('',#372,#374,#1309,.T.);
#1311 = CARTESIAN_POINT('',(1.41663,52.66166,1.50000));
#1312 = DIRECTION('',(-0.959493,-0.281733,0.000000));
#1313 = VECTOR('',#1312,0.72296);
#1314 = LINE('',#1311,#1313);
#1315 = EDGE_CURVE('',#374,#376,#1314,.T.);
#1316 = CARTESIAN_POINT('',(0.72296,52.45798,1.50000));
#1317 = DIRECTION('',(-1.000000,0.000000,0.000000));
#1318 = VECTOR('',#1317,0.36148);
#1319 = LINE('',#1316,#1318);
#1320 = EDGE_CURVE('',#376,#378,#1319,.T.);
#1321 = CARTESIAN_POINT('',(0.36148,52.45798,1.50000));
#1322 = DIRECTION('',(-1.000000,0.000000,0.000000));
#1323 = VECTOR('',#1322,0.36148);
#1324 = LINE('',#1321,#1323);
#1325 = EDGE_CURVE('',#378,#380,#1324,.T.);
#1326 = CARTESIAN_POINT('',(0.00000,52.45798,1.50000));
#1327 = DIRECTION('',(0.000926,-1.000000,0.000000));
#1328 = VECTOR('',#1327,31.31886);
#1329 = LINE('',#1326,#1328);
#1330 = EDGE_CURVE('',#380,#2,#1329,.T.);
#1331 = ORIENTED_EDGE('',*,*,#385,.T.);
#1332 = ORIENTED_EDGE('',*,*,#390,.T.);
#1333 = ORIENTED_EDGE('',*,*,#395,.T.);
#1334 = ORIENTED_EDGE('',*,*,#400,.T.);
#1335 = ORIENTED_EDGE('',*,*,#405,.T.);
#1336 = ORIENTED_EDGE('',*,*,#410,.T.);
#1337 = ORIENTED_EDGE('',*,*,#415,.T.);
#1338 = ORIENTED_EDGE('',*,*,#420,.T.);
#1339 = ORIENTED_EDGE('',*,*,#425,.T.);
#1340 = ORIENTED_EDGE('',*,*,#430,.T.);
#1341 = ORIENTED_EDGE('',*,*,#435,.T.);
#1342 = ORIENTED_EDGE('',*,*,#440,.T.);
#1343 = ORIENTED_EDGE('',*,*,#445,.T.);
#1344 = ORIENTED_EDGE('',*,*,#450,.T.);
#1345 = ORIENTED_EDGE('',*,*,#455,.T.);
#1346 = ORIENTED_EDGE('',*,*,#460,.T.);
#1347 = ORIENTED_EDGE('',*,*,#465,.T.);
#1348 = ORIENTED_EDGE('',*,*,#470,.T.);
#1349 = ORIENTED_EDGE('',*,*,#475,.T.);
#1350 = ORIENTED_EDGE('',*,*,#480,.T.);
#1351 = ORIENTED_EDGE('',*,*,#485,.T.);
#1352 = ORIENTED_EDGE('',*,*,#490,.T.);
#1353 = ORIENTED_EDGE('',*,*,#495,.T.);
#1354 = ORIENTED_EDGE('',*,*,#500,.T.);
#1355 = ORIENTED_EDGE('',*,*,#505,.T.);
#1356 = ORIENTED_EDGE('',*,*,#510,.T.);
#1357 = ORIENTED_EDGE('',*,*,#515,.T.);
#1358 = ORIENTED_EDGE('',*,*,#520,.T.);
#1359 = ORIENTED_EDGE('',*,*,#525,.T.);
#1360 = ORIENTED_EDGE('',*,*,#530,.T.);
#1361 = ORIENTED_EDGE('',*,*,#535,.T.);
#1362 = ORIENTED_EDGE('',*,*,#540,.T.);
#1363 = ORIENTED_EDGE('',*,*,#545,.T.);
#1364 = ORIENTED_EDGE('',*,*,#550,.T.);
#1365 = ORIENTED_EDGE('',*,*,#555,.T.);
#1366 = ORIENTED_EDGE('',*,*,#560,.T.);
#1367 = ORIENTED_EDGE('',*,*,#565,.T.);
#1368 = ORIENTED_EDGE('',*,*,#570,.T.);
#1369 = ORIENTED_EDGE('',*,*,#575,.T.);
#1370 = ORIENTED_EDGE('',*,*,#580,.T.);
#1371 = ORIENTED_EDGE('',*,*,#585,.T.);
#1372 = ORIENTED_EDGE('',*,*,#590,.T.);
#1373 = ORIENTED_EDGE('',*,*,#595,.T.);
#1374 = ORIENTED_EDGE('',*,*,#600,.T.);
#1375 = ORIENTED_EDGE('',*,*,#605,.T.);
#1376 = ORIENTED_EDGE('',*,*,#610,.T.);
#1377 = ORIENTED_EDGE('',*,*,#615,.T.);
#1378 = ORIENTED_EDGE('',*,*,#620,.T.);
#1379 = ORIENTED_EDGE('',*,*,#625,.T.);
#1380 = ORIENTED_EDGE('',*,*,#630,.T.);
#1381 = ORIENTED_EDGE('',*,*,#635,.T.);
#1382 = ORIENTED_EDGE('',*,*,#640,.T.);
#1383 = ORIENTED_EDGE('',*,*,#645,.T.);
#1384 = ORIENTED_EDGE('',*,*,#650,.T.);
#1385 = ORIENTED_EDGE('',*,*,#655,.T.);
#1386 = ORIENTED_EDGE('',*,*,#660,.T.);
#1387 = ORIENTED_EDGE('',*,*,#665,.T.);
#1388 = ORIENTED_EDGE('',*,*,#670,.T.);
#1389 = ORIENTED_EDGE('',*,*,#675,.T.);
#1390 = ORIENTED_EDGE('',*,*,#680,.T.);
#1391 = ORIENTED_EDGE('',*,*,#685,.T.);
#1392 = ORIENTED_EDGE('',*,*,#690,.T.);
#1393 = ORIENTED_EDGE('',*,*,#695,.T.);
#1394 = ORIENTED_EDGE('',*,*,#700,.T.);
#1395 = ORIENTED_EDGE('',*,*,#705,.T.);
#1396 = ORIENTED_EDGE('',*,*,#710,.T.);
#1397 = ORIENTED_EDGE('',*,*,#715,.T.);
#1398 = ORIENTED_EDGE('',*,*,#720,.T.);
#1399 = ORIENTED_EDGE('',*,*,#725,.T.);
#1400 = ORIENTED_EDGE('',*,*,#730,.T.);
#1401 = ORIENTED_EDGE('',*,*,#735,.T.);
#1402 = ORIENTED_EDGE('',*,*,#740,.T.);
#1403 = ORIENTED_EDGE('',*,*,#745,.T.);
#1404 = ORIENTED_EDGE('',*,*,#750,.T.);
#1405 = ORIENTED_EDGE('',*,*,#755,.T.);
#1406 = ORIENTED_EDGE('',*,*,#760,.T.);
#1407 = ORIENTED_EDGE('',*,*,#765,.T.);
#1408 = ORIENTED_EDGE('',*,*,#770,.T.);
#1409 = ORIENTED_EDGE('',*,*,#775,.T.);
#1410 = ORIENTED_EDGE('',*,*,#780,.T.);
#1411 = ORIENTED_EDGE('',*,*,#785,.T.);
#1412 = ORIENTED_EDGE('',*,*,#790,.T.);
#1413 = ORIENTED_EDGE('',*,*,#795,.T.);
#1414 = ORIENTED_EDGE('',*,*,#800,.T.);
#1415 = ORIENTED_EDGE('',*,*,#805,.T.);
#1416 = ORIENTED_EDGE('',*,*,#810,.T.);
#1417 = ORIENTED_EDGE('',*,*,#815,.T.);
#1418 = ORIENTED_EDGE('',*,*,#820,.T.);
#1419 = ORIENTED_EDGE('',*,*,#825,.T.);
#1420 = ORIENTED_EDGE('',*,*,#830,.T.);
#1421 = ORIENTED_EDGE('',*,*,#835,.T.);
#1422 = ORIENTED_EDGE('',*,*,#840,.T.);
#1423 = ORIENTED_EDGE('',*,*,#845,.T.);
#1424 = ORIENTED_EDGE('',*,*,#850,.T.);
#1425 = ORIENTED_EDGE('',*,*,#855,.T.);
#1426 = ORIENTED_EDGE('',*,*,#860,.T.);
#1427 = ORIENTED_EDGE('',*,*,#865,.T.);
#1428 = ORIENTED_EDGE('',*,*,#870,.T.);
#1429 = ORIENTED_EDGE('',*,*,#875,.T.);
#1430 = ORIENTED_EDGE('',*,*,#880,.T.);
#1431 = ORIENTED_EDGE('',*,*,#885,.T.);
#1432 = ORIENTED_EDGE('',*,*,#890,.T.);
#1433 = ORIENTED_EDGE('',*,*,#895,.T.);
#1434 = ORIENTED_EDGE('',*,*,#900,.T.);
#1435 = ORIENTED_EDGE('',*,*,#905,.T.);
#1436 = ORIENTED_EDGE('',*,*,#910,.T.);
#1437 = ORIENTED_EDGE('',*,*,#915,.T.);
#1438 = ORIENTED_EDGE('',*,*,#920,.T.);
#1439 = ORIENTED_EDGE('',*,*,#925,.T.);
#1440 = ORIENTED_EDGE('',*,*,#930,.T.);
#1441 = ORIENTED_EDGE('',*,*,#935,.T.);
#1442 = ORIENTED_EDGE('',*,*,#940,.T.);
#1443 = ORIENTED_EDGE('',*,*,#945,.T.);
#1444 = ORIENTED_EDGE('',*,*,#950,.T.);
#1445 = ORIENTED_EDGE('',*,*,#955,.T.);
#1446 = ORIENTED_EDGE('',*,*,#960,.T.);
#1447 = ORIENTED_EDGE('',*,*,#965,.T.);
#1448 = ORIENTED_EDGE('',*,*,#970,.T.);
#1449 = ORIENTED_EDGE('',*,*,#975,.T.);
#1450 = ORIENTED_EDGE('',*,*,#980,.T.);
#1451 = ORIENTED_EDGE('',*,*,#985,.T.);
#1452 = ORIENTED_EDGE('',*,*,#990,.T.);
#1453 = ORIENTED_EDGE('',*,*,#995,.T.);
#1454 = ORIENTED_EDGE('',*,*,#1000,.T.);
#1455 = ORIENTED_EDGE('',*,*,#1005,.T.);
#1456 = ORIENTED_EDGE('',*,*,#1010,.T.);
#1457 = ORIENTED_EDGE('',*,*,#1015,.T.);
#1458 = ORIENTED_EDGE('',*,*,#1020,.T.);
#1459 = ORIENTED_EDGE('',*,*,#1025,.T.);
#1460 = ORIENTED_EDGE('',*,*,#1030,.T.);
#1461 = ORIENTED_EDGE('',*,*,#1035,.T.);
#1462 = ORIENTED_EDGE('',*,*,#1040,.T.);
#1463 = ORIENTED_EDGE('',*,*,#1045,.T.);
#1464 = ORIENTED_EDGE('',*,*,#1050,.T.);
#1465 = ORIENTED_EDGE('',*,*,#1055,.T.);
#1466 = ORIENTED_EDGE('',*,*,#1060,.T.);
#1467 = ORIENTED_EDGE('',*,*,#1065,.T.);
#1468 = ORIENTED_EDGE('',*,*,#1070,.T.);
#1469 = ORIENTED_EDGE('',*,*,#1075,.T.);
#1470 = ORIENTED_EDGE('',*,*,#1080,.T.);
#1471 = ORIENTED_EDGE('',*,*,#1085,.T.);
#1472 = ORIENTED_EDGE('',*,*,#1090,.T.);
#1473 = ORIENTED_EDGE('',*,*,#1095,.T.);
#1474 = ORIENTED_EDGE('',*,*,#1100,.T.);
#1475 = ORIENTED_EDGE('',*,*,#1105,.T.);
#1476 = ORIENTED_EDGE('',*,*,#1110,.T.);
#1477 = ORIENTED_EDGE('',*,*,#1115,.T.);
#1478 = ORIENTED_EDGE('',*,*,#1120,.T.);
#1479 = ORIENTED_EDGE('',*,*,#1125,.T.);
#1480 = ORIENTED_EDGE('',*,*,#1130,.T.);
#1481 = ORIENTED_EDGE('',*,*,#1135,.T.);
#1482 = ORIENTED_EDGE('',*,*,#1140,.T.);
#1483 = ORIENTED_EDGE('',*,*,#1145,.T.);
#1484 = ORIENTED_EDGE('',*,*,#1150,.T.);
#1485 = ORIENTED_EDGE('',*,*,#1155,.T.);
#1486 = ORIENTED_EDGE('',*,*,#1160,.T.);
#1487 = ORIENTED_EDGE('',*,*,#1165,.T.);
#1488 = ORIENTED_EDGE('',*,*,#1170,.T.);
#1489 = ORIENTED_EDGE('',*,*,#1175,.T.);
#1490 = ORIENTED_EDGE('',*,*,#1180,.T.);
#1491 = ORIENTED_EDGE('',*,*,#1185,.T.);
#1492 = ORIENTED_EDGE('',*,*,#1190,.T.);
#1493 = ORIENTED_EDGE('',*,*,#1195,.T.);
#1494 = ORIENTED_EDGE('',*,*,#1200,.T.);
#1495 = ORIENTED_EDGE('',*,*,#1205,.T.);
#1496 = ORIENTED_EDGE('',*,*,#1210,.T.);
#1497 = ORIENTED_EDGE('',*,*,#1215,.T.);
#1498 = ORIENTED_EDGE('',*,*,#1220,.T.);
#1499 = ORIENTED_EDGE('',*,*,#1225,.T.);
#1500 = ORIENTED_EDGE('',*,*,#1230,.T.);
#1501 = ORIENTED_EDGE('',*,*,#1235,.T.);
#1502 = ORIENTED_EDGE('',*,*,#1240,.T.);
#1503 = ORIENTED_EDGE('',*,*,#1245,.T.);
#1504 = ORIENTED_EDGE('',*,*,#1250,.T.);
#1505 = ORIENTED_EDGE('',*,*,#1255,.T.);
#1506 = ORIENTED_EDGE('',*,*,#1260,.T.);
#1507 = ORIENTED_EDGE('',*,*,#1265,.T.);
#1508 = ORIENTED_EDGE('',*,*,#1270,.T.);
#1509 = ORIENTED_EDGE('',*,*,#1275,.T.);
#1510 = ORIENTED_EDGE('',*,*,#1280,.T.);
#1511 = ORIENTED_EDGE('',*,*,#1285,.T.);
#1512 = ORIENTED_EDGE('',*,*,#1290,.T.);
#1513 = ORIENTED_EDGE('',*,*,#1295,.T.);
#1514 = ORIENTED_EDGE('',*,*,#1300,.T.);
#1515 = ORIENTED_EDGE('',*,*,#1305,.T.);
#1516 = ORIENTED_EDGE('',*,*,#1310,.T.);
#1517 = ORIENTED_EDGE('',*,*,#1315,.T.);
#1518 = ORIENTED_EDGE('',*,*,#1320,.T.);
#1519 = ORIENTED_EDGE('',*,*,#1325,.T.);
#1520 = ORIENTED_EDGE('',*,*,#1330,.T.);
#1521 = EDGE_LOOP('',(#1331,#1332,#1333,#1334,#1335,#1336,#1337,#1338,#1339,#1340,#1341,#1342,#1343,#1344,#1345,#1346,#1347,#1348,#1349,#1350,#1351,#1352,#1353,#1354,#1355,#1356,#1357,#1358,#1359,#1360,#1361,#1362,#1363,#1364,#1365,#1366,#1367,#1368,#1369,#1370,#1371,#1372,#1373,#1374,#1375,#1376,#1377,#1378,#1379,#1380,#1381,#1382,#1383,#1384,#1385,#1386,#1387,#1388,#1389,#1390,#1391,#1392,#1393,#1394,#1395,#1396,#1397,#1398,#1399,#1400,#1401,#1402,#1403,#1404,#1405,#1406,#1407,#1408,#1409,#1410,#1411,#1412,#1413,#1414,#1415,#1416,#1417,#1418,#1419,#1420,#1421,#1422,#1423,#1424,#1425,#1426,#1427,#1428,#1429,#1430,#1431,#1432,#1433,#1434,#1435,#1436,#1437,#1438,#1439,#1440,#1441,#1442,#1443,#1444,#1445,#1446,#1447,#1448,#1449,#1450,#1451,#1452,#1453,#1454,#1455,#1456,#1457,#1458,#1459,#1460,#1461,#1462,#1463,#1464,#1465,#1466,#1467,#1468,#1469,#1470,#1471,#1472,#1473,#1474,#1475,#1476,#1477,#1478,#1479,#1480,#1481,#1482,#1483,#1484,#1485,#1486,#1487,#1488,#1489,#1490,#1491,#1492,#1493,#1494,#1495,#1496,#1497,#1498,#1499,#1500,#1501,#1502,#1503,#1504,#1505,#1506,#1507,#1508,#1509,#1510,#1511,#1512,#1513,#1514,#1515,#1516,#1517,#1518,#1519,#1520));
#1522 = CARTESIAN_POINT('',(29.33964,57.32336,1.50000));
#1523 = VERTEX_POINT('',#1522);
#1524 = CARTESIAN_POINT('',(43.13964,57.32336,1.50000));
#1525 = VERTEX_POINT('',#1524);
#1526 = CARTESIAN_POINT('',(43.13964,43.52336,1.50000));
#1527 = VERTEX_POINT('',#1526);
#1528 = CARTESIAN_POINT('',(29.33964,43.52336,1.50000));
#1529 = VERTEX_POINT('',#1528);
#1530 = CARTESIAN_POINT('',(29.33964,57.32336,1.50000));
#1531 = DIRECTION('',(1.000000,0.000000,0.000000));
#1532 = VECTOR('',#1531,13.80000);
#1533 = LINE('',#1530,#1532);
#1534 = EDGE_CURVE('',#1523,#1525,#1533,.T.);
#1535 = CARTESIAN_POINT('',(43.13964,57.32336,1.50000));
#1536 = DIRECTION('',(0.000000,-1.000000,0.000000));
#1537 = VECTOR('',#1536,13.80000);
#1538 = LINE('',#1535,#1537);
#1539 = EDGE_CURVE('',#1525,#1527,#1538,.T.);
#1540 = CARTESIAN_POINT('',(43.13964,43.52336,1.50000));
#1541 = DIRECTION('',(-1.000000,0.000000,0.000000));
#1542 = VECTOR('',#1541,13.80000);
#1543 = LINE('',#1540,#1542);
#1544 = EDGE_CURVE('',#1527,#1529,#1543,.T.);
#1545 = CARTESIAN_POINT('',(29.33964,43.52336,1.50000));
#1546 = DIRECTION('',(0.000000,1.000000,0.000000));
#1547 = VECTOR('',#1546,13.80000);
#1548 = LINE('',#1545,#1547);
#1549 = EDGE_CURVE('',#1529,#1523,#1548,.T.);
#1550 = ORIENTED_EDGE('',*,*,#1534,.F.);
#1551 = ORIENTED_EDGE('',*,*,#1539,.F.);
#1552 = ORIENTED_EDGE('',*,*,#1544,.F.);
#1553 = ORIENTED_EDGE('',*,*,#1549,.F.);
#1554 = EDGE_LOOP('',(#1550,#1551,#1552,#1553));
#1555 = CARTESIAN_POINT('',(68.11924,52.67436,1.50000));
#1556 = VERTEX_POINT('',#1555);
#1557 = CARTESIAN_POINT('',(81.91924,52.67436,1.50000));
#1558 = VERTEX_POINT('',#1557);
#1559 = CARTESIAN_POINT('',(81.91924,38.87436,1.50000));
#1560 = VERTEX_POINT('',#1559);
#1561 = CARTESIAN_POINT('',(68.11924,38.87436,1.50000));
#1562 = VERTEX_POINT('',#1561);
#1563 = CARTESIAN_POINT('',(68.11924,52.67436,1.50000));
#1564 = DIRECTION('',(1.000000,0.000000,0.000000));
#1565 = VECTOR('',#1564,13.80000);
#1566 = LINE('',#1563,#1565);
#1567 = EDGE_CURVE('',#1556,#1558,#1566,.T.);
#1568 = CARTESIAN_POINT('',(81.91924,52.67436,1.50000));
#1569 = DIRECTION('',(0.000000,-1.000000,0.000000));
#1570 = VECTOR('',#1569,13.80000);
#1571 = LINE('',#1568,#1570);
#1572 = EDGE_CURVE('',#1558,#1560,#1571,.T.);
#1573 = CARTESIAN_POINT('',(81.91924,38.87436,1.50000));
#1574 = DIRECTION('',(-1.000000,0.000000,0.000000));
#1575 = VECTOR('',#1574,13.80000);
#1576 = LINE('',#1573,#1575);
#1577 = EDGE_CURVE('',#1560,#1562,#1576,.T.);
#1578 = CARTESIAN_POINT('',(68.11924,38.87436,1.50000));
#1579 = DIRECTION('',(0.000000,1.000000,0.000000));
#1580 = VECTOR('',#1579,13.80000);
#1581 = LINE('',#1578,#1580);
#1582 = EDGE_CURVE('',#1562,#1556,#1581,.T.);
#1583 = ORIENTED_EDGE('',*,*,#1567,.F.);
#1584 = ORIENTED_EDGE('',*,*,#1572,.F.);
#1585 = ORIENTED_EDGE('',*,*,#1577,.F.);
#1586 = ORIENTED_EDGE('',*,*,#1582,.F.);
#1587 = EDGE_LOOP('',(#1583,#1584,#1585,#1586));
#1588 = CARTESIAN_POINT('',(48.54204,55.58916,1.50000));
#1589 = VERTEX_POINT('',#1588);
#1590 = CARTESIAN_POINT('',(62.34204,55.58916,1.50000));
#1591 = VERTEX_POINT('',#1590);
#1592 = CARTESIAN_POINT('',(62.34204,41.78916,1.50000));
#1593 = VERTEX_POINT('',#1592);
#1594 = CARTESIAN_POINT('',(48.54204,41.78916,1.50000));
#1595 = VERTEX_POINT('',#1594);
#1596 = CARTESIAN_POINT('',(48.54204,55.58916,1.50000));
#1597 = DIRECTION('',(1.000000,0.000000,0.000000));
#1598 = VECTOR('',#1597,13.80000);
#1599 = LINE('',#1596,#1598);
#1600 = EDGE_CURVE('',#1589,#1591,#1599,.T.);
#1601 = CARTESIAN_POINT('',(62.34204,55.58916,1.50000));
#1602 = DIRECTION('',(0.000000,-1.000000,0.000000));
#1603 = VECTOR('',#1602,13.80000);
#1604 = LINE('',#1601,#1603);
#1605 = EDGE_CURVE('',#1591,#1593,#1604,.T.);
#1606 = CARTESIAN_POINT('',(62.34204,41.78916,1.50000));
#1607 = DIRECTION('',(-1.000000,0.000000,0.000000));
#1608 = VECTOR('',#1607,13.80000);
#1609 = LINE('',#1606,#1608);
#1610 = EDGE_CURVE('',#1593,#1595,#1609,.T.);
#1611 = CARTESIAN_POINT('',(48.54204,41.78916,1.50000));
#1612 = DIRECTION('',(0.000000,1.000000,0.000000));
#1613 = VECTOR('',#1612,13.80000);
#1614 = LINE('',#1611,#1613);
#1615 = EDGE_CURVE('',#1595,#1589,#1614,.T.);
#1616 = ORIENTED_EDGE('',*,*,#1600,.F.);
#1617 = ORIENTED_EDGE('',*,*,#1605,.F.);
#1618 = ORIENTED_EDGE('',*,*,#1610,.F.);
#1619 = ORIENTED_EDGE('',*,*,#1615,.F.);
#1620 = EDGE_LOOP('',(#1616,#1617,#1618,#1619));
#1621 = CARTESIAN_POINT('',(68.11924,35.07936,1.50000));
#1622 = VERTEX_POINT('',#1621);
#1623 = CARTESIAN_POINT('',(81.91924,35.07936,1.50000));
#1624 = VERTEX_POINT('',#1623);
#1625 = CARTESIAN_POINT('',(81.91924,21.27936,1.50000));
#1626 = VERTEX_POINT('',#1625);
#1627 = CARTESIAN_POINT('',(68.11924,21.27936,1.50000));
#1628 = VERTEX_POINT('',#1627);
#1629 = CARTESIAN_POINT('',(68.11924,35.07936,1.50000));
#1630 = DIRECTION('',(1.000000,0.000000,0.000000));
#1631 = VECTOR('',#1630,13.80000);
#1632 = LINE('',#1629,#1631);
#1633 = EDGE_CURVE('',#1622,#1624,#1632,.T.);
#1634 = CARTESIAN_POINT('',(81.91924,35.07936,1.50000));
#1635 = DIRECTION('',(0.000000,-1.000000,0.000000));
#1636 = VECTOR('',#1635,13.80000);
#1637 = LINE('',#1634,#1636);
#1638 = EDGE_CURVE('',#1624,#1626,#1637,.T.);
#1639 = CARTESIAN_POINT('',(81.91924,21.27936,1.50000));
#1640 = DIRECTION('',(-1.000000,0.000000,0.000000));
#1641 = VECTOR('',#1640,13.80000);
#1642 = LINE('',#1639,#1641);
#1643 = EDGE_CURVE('',#1626,#1628,#1642,.T.);
#1644 = CARTESIAN_POINT('',(68.11924,21.27936,1.50000));
#1645 = DIRECTION('',(0.000000,1.000000,0.000000));
#1646 = VECTOR('',#1645,13.80000);
#1647 = LINE('',#1644,#1646);
#1648 = EDGE_CURVE('',#1628,#1622,#1647,.T.);
#1649 = ORIENTED_EDGE('',*,*,#1633,.F.);
#1650 = ORIENTED_EDGE('',*,*,#1638,.F.);
#1651 = ORIENTED_EDGE('',*,*,#1643,.F.);
#1652 = ORIENTED_EDGE('',*,*,#1648,.F.);
#1653 = EDGE_LOOP('',(#1649,#1650,#1651,#1652));
#1654 = CARTESIAN_POINT('',(48.54204,37.99416,1.50000));
#1655 = VERTEX_POINT('',#1654);
#1656 = CARTESIAN_POINT('',(62.34204,37.99416,1.50000));
#1657 = VERTEX_POINT('',#1656);
#1658 = CARTESIAN_POINT('',(62.34204,24.19416,1.50000));
#1659 = VERTEX_POINT('',#1658);
#1660 = CARTESIAN_POINT('',(48.54204,24.19416,1.50000));
#1661 = VERTEX_POINT('',#1660);
#1662 = CARTESIAN_POINT('',(48.54204,37.99416,1.50000));
#1663 = DIRECTION('',(1.000000,0.000000,0.000000));
#1664 = VECTOR('',#1663,13.80000);
#1665 = LINE('',#1662,#1664);
#1666 = EDGE_CURVE('',#1655,#1657,#1665,.T.);
#1667 = CARTESIAN_POINT('',(62.34204,37.99416,1.50000));
#1668 = DIRECTION('',(0.000000,-1.000000,0.000000));
#1669 = VECTOR('',#1668,13.80000);
#1670 = LINE('',#1667,#1669);
#1671 = EDGE_CURVE('',#1657,#1659,#1670,.T.);
#1672 = CARTESIAN_POINT('',(62.34204,24.19416,1.50000));
#1673 = DIRECTION('',(-1.000000,0.000000,0.000000));
#1674 = VECTOR('',#1673,13.80000);
#1675 = LINE('',#1672,#1674);
#1676 = EDGE_CURVE('',#1659,#1661,#1675,.T.);
#1677 = CARTESIAN_POINT('',(48.54204,24.19416,1.50000));
#1678 = DIRECTION('',(0.000000,1.000000,0.000000));
#1679 = VECTOR('',#1678,13.80000);
#1680 = LINE('',#1677,#1679);
#1681 = EDGE_CURVE('',#1661,#1655,#1680,.T.);
#1682 = ORIENTED_EDGE('',*,*,#1666,.F.);
#1683 = ORIENTED_EDGE('',*,*,#1671,.F.);
#1684 = ORIENTED_EDGE('',*,*,#1676,.F.);
#1685 = ORIENTED_EDGE('',*,*,#1681,.F.);
#1686 = EDGE_LOOP('',(#1682,#1683,#1684,#1685));
#1687 = CARTESIAN_POINT('',(87.36324,20.71996,1.50000));
#1688 = VERTEX_POINT('',#1687);
#1689 = CARTESIAN_POINT('',(101.16324,20.71996,1.50000));
#1690 = VERTEX_POINT('',#1689);
#1691 = CARTESIAN_POINT('',(101.16324,6.91996,1.50000));
#1692 = VERTEX_POINT('',#1691);
#1693 = CARTESIAN_POINT('',(87.36324,6.91996,1.50000));
#1694 = VERTEX_POINT('',#1693);
#1695 = CARTESIAN_POINT('',(87.36324,20.71996,1.50000));
#1696 = DIRECTION('',(1.000000,0.000000,0.000000));
#1697 = VECTOR('',#1696,13.80000);
#1698 = LINE('',#1695,#1697);
#1699 = EDGE_CURVE('',#1688,#1690,#1698,.T.);
#1700 = CARTESIAN_POINT('',(101.16324,20.71996,1.50000));
#1701 = DIRECTION('',(0.000000,-1.000000,0.000000));
#1702 = VECTOR('',#1701,13.80000);
#1703 = LINE('',#1700,#1702);
#1704 = EDGE_CURVE('',#1690,#1692,#1703,.T.);
#1705 = CARTESIAN_POINT('',(101.16324,6.91996,1.50000));
#1706 = DIRECTION('',(-1.000000,0.000000,0.000000));
#1707 = VECTOR('',#1706,13.80000);
#1708 = LINE('',#1705,#1707);
#1709 = EDGE_CURVE('',#1692,#1694,#1708,.T.);
#1710 = CARTESIAN_POINT('',(87.36324,6.91996,1.50000));
#1711 = DIRECTION('',(0.000000,1.000000,0.000000));
#1712 = VECTOR('',#1711,13.80000);
#1713 = LINE('',#1710,#1712);
#1714 = EDGE_CURVE('',#1694,#1688,#1713,.T.);
#1715 = ORIENTED_EDGE('',*,*,#1699,.F.);
#1716 = ORIENTED_EDGE('',*,*,#1704,.F.);
#1717 = ORIENTED_EDGE('',*,*,#1709,.F.);
#1718 = ORIENTED_EDGE('',*,*,#1714,.F.);
#1719 = EDGE_LOOP('',(#1715,#1716,#1717,#1718));
#1720 = CARTESIAN_POINT('',(35.56400,76.43412,1.50000));
#1721 = VERTEX_POINT('',#1720);
#1722 = CARTESIAN_POINT('',(49.22970,78.35470,1.50000));
#1723 = VERTEX_POINT('',#1722);
#1724 = CARTESIAN_POINT('',(51.15029,64.68900,1.50000));
#1725 = VERTEX_POINT('',#1724);
#1726 = CARTESIAN_POINT('',(37.48459,62.76842,1.50000));
#1727 = VERTEX_POINT('',#1726);
#1728 = CARTESIAN_POINT('',(35.56400,76.43412,1.50000));
#1729 = DIRECTION('',(0.990268,0.139173,0.000000));
#1730 = VECTOR('',#1729,13.80000);
#1731 = LINE('',#1728,#1730);
#1732 = EDGE_CURVE('',#1721,#1723,#1731,.T.);
#1733 = CARTESIAN_POINT('',(49.22970,78.35470,1.50000));
#1734 = DIRECTION('',(0.139173,-0.990268,0.000000));
#1735 = VECTOR('',#1734,13.80000);
#1736 = LINE('',#1733,#1735);
#1737 = EDGE_CURVE('',#1723,#1725,#1736,.T.);
#1738 = CARTESIAN_POINT('',(51.15029,64.68900,1.50000));
#1739 = DIRECTION('',(-0.990268,-0.139173,0.000000));
#1740 = VECTOR('',#1739,13.80000);
#1741 = LINE('',#1738,#1740);
#1742 = EDGE_CURVE('',#1725,#1727,#1741,.T.);
#1743 = CARTESIAN_POINT('',(37.48459,62.76842,1.50000));
#1744 = DIRECTION('',(-0.139173,0.990268,0.000000));
#1745 = VECTOR('',#1744,13.80000);
#1746 = LINE('',#1743,#1745);
#1747 = EDGE_CURVE('',#1727,#1721,#1746,.T.);
#1748 = ORIENTED_EDGE('',*,*,#1732,.F.);
#1749 = ORIENTED_EDGE('',*,*,#1737,.F.);
#1750 = ORIENTED_EDGE('',*,*,#1742,.F.);
#1751 = ORIENTED_EDGE('',*,*,#1747,.F.);
#1752 = EDGE_LOOP('',(#1748,#1749,#1750,#1751));
#1753 = CARTESIAN_POINT('',(87.36324,38.31496,1.50000));
#1754 = VERTEX_POINT('',#1753);
#1755 = CARTESIAN_POINT('',(101.16324,38.31496,1.50000));
#1756 = VERTEX_POINT('',#1755);
#1757 = CARTESIAN_POINT('',(101.16324,24.51496,1.50000));
#1758 = VERTEX_POINT('',#1757);
#1759 = CARTESIAN_POINT('',(87.36324,24.51496,1.50000));
#1760 = VERTEX_POINT('',#1759);
#1761 = CARTESIAN_POINT('',(87.36324,38.31496,1.50000));
#1762 = DIRECTION('',(1.000000,0.000000,0.000000));
#1763 = VECTOR('',#1762,13.80000);
#1764 = LINE('',#1761,#1763);
#1765 = EDGE_CURVE('',#1754,#1756,#1764,.T.);
#1766 = CARTESIAN_POINT('',(101.16324,38.31496,1.50000));
#1767 = DIRECTION('',(0.000000,-1.000000,0.000000));
#1768 = VECTOR('',#1767,13.80000);
#1769 = LINE('',#1766,#1768);
#1770 = EDGE_CURVE('',#1756,#1758,#1769,.T.);
#1771 = CARTESIAN_POINT('',(101.16324,24.51496,1.50000));
#1772 = DIRECTION('',(-1.000000,0.000000,0.000000));
#1773 = VECTOR('',#1772,13.80000);
#1774 = LINE('',#1771,#1773);
#1775 = EDGE_CURVE('',#1758,#1760,#1774,.T.);
#1776 = CARTESIAN_POINT('',(87.36324,24.51496,1.50000));
#1777 = DIRECTION('',(0.000000,1.000000,0.000000));
#1778 = VECTOR('',#1777,13.80000);
#1779 = LINE('',#1776,#1778);
#1780 = EDGE_CURVE('',#1760,#1754,#1779,.T.);
#1781 = ORIENTED_EDGE('',*,*,#1765,.F.);
#1782 = ORIENTED_EDGE('',*,*,#1770,.F.);
#1783 = ORIENTED_EDGE('',*,*,#1775,.F.);
#1784 = ORIENTED_EDGE('',*,*,#1780,.F.);
#1785 = EDGE_LOOP('',(#1781,#1782,#1783,#1784));
#1786 = CARTESIAN_POINT('',(125.92964,41.74136,1.50000));
#1787 = VERTEX_POINT('',#1786);
#1788 = CARTESIAN_POINT('',(139.72964,41.74136,1.50000));
#1789 = VERTEX_POINT('',#1788);
#1790 = CARTESIAN_POINT('',(139.72964,27.94136,1.50000));
#1791 = VERTEX_POINT('',#1790);
#1792 = CARTESIAN_POINT('',(125.92964,27.94136,1.50000));
#1793 = VERTEX_POINT('',#1792);
#1794 = CARTESIAN_POINT('',(125.92964,41.74136,1.50000));
#1795 = DIRECTION('',(1.000000,0.000000,0.000000));
#1796 = VECTOR('',#1795,13.80000);
#1797 = LINE('',#1794,#1796);
#1798 = EDGE_CURVE('',#1787,#1789,#1797,.T.);
#1799 = CARTESIAN_POINT('',(139.72964,41.74136,1.50000));
#1800 = DIRECTION('',(0.000000,-1.000000,0.000000));
#1801 = VECTOR('',#1800,13.80000);
#1802 = LINE('',#1799,#1801);
#1803 = EDGE_CURVE('',#1789,#1791,#1802,.T.);
#1804 = CARTESIAN_POINT('',(139.72964,27.94136,1.50000));
#1805 = DIRECTION('',(-1.000000,0.000000,0.000000));
#1806 = VECTOR('',#1805,13.80000);
#1807 = LINE('',#1804,#1806);
#1808 = EDGE_CURVE('',#1791,#1793,#1807,.T.);
#1809 = CARTESIAN_POINT('',(125.92964,27.94136,1.50000));
#1810 = DIRECTION('',(0.000000,1.000000,0.000000));
#1811 = VECTOR('',#1810,13.80000);
#1812 = LINE('',#1809,#1811);
#1813 = EDGE_CURVE('',#1793,#1787,#1812,.T.);
#1814 = ORIENTED_EDGE('',*,*,#1798,.F.);
#1815 = ORIENTED_EDGE('',*,*,#1803,.F.);
#1816 = ORIENTED_EDGE('',*,*,#1808,.F.);
#1817 = ORIENTED_EDGE('',*,*,#1813,.F.);
#1818 = EDGE_LOOP('',(#1814,#1815,#1816,#1817));
#1819 = CARTESIAN_POINT('',(87.36324,55.90996,1.50000));
#1820 = VERTEX_POINT('',#1819);
#1821 = CARTESIAN_POINT('',(101.16324,55.90996,1.50000));
#1822 = VERTEX_POINT('',#1821);
#1823 = CARTESIAN_POINT('',(101.16324,42.10996,1.50000));
#1824 = VERTEX_POINT('',#1823);
#1825 = CARTESIAN_POINT('',(87.36324,42.10996,1.50000));
#1826 = VERTEX_POINT('',#1825);
#1827 = CARTESIAN_POINT('',(87.36324,55.90996,1.50000));
#1828 = DIRECTION('',(1.000000,0.000000,0.000000));
#1829 = VECTOR('',#1828,13.80000);
#1830 = LINE('',#1827,#1829);
#1831 = EDGE_CURVE('',#1820,#1822,#1830,.T.);
#1832 = CARTESIAN_POINT('',(101.16324,55.90996,1.50000));
#1833 = DIRECTION('',(0.000000,-1.000000,0.000000));
#1834 = VECTOR('',#1833,13.80000);
#1835 = LINE('',#1832,#1834);
#1836 = EDGE_CURVE('',#1822,#1824,#1835,.T.);
#1837 = CARTESIAN_POINT('',(101.16324,42.10996,1.50000));
#1838 = DIRECTION('',(-1.000000,0.000000,0.000000));
#1839 = VECTOR('',#1838,13.80000);
#1840 = LINE('',#1837,#1839);
#1841 = EDGE_CURVE('',#1824,#1826,#1840,.T.);
#1842 = CARTESIAN_POINT('',(87.36324,42.10996,1.50000));
#1843 = DIRECTION('',(0.000000,1.000000,0.000000));
#1844 = VECTOR('',#1843,13.80000);
#1845 = LINE('',#1842,#1844);
#1846 = EDGE_CURVE('',#1826,#1820,#1845,.T.);
#1847 = ORIENTED_EDGE('',*,*,#1831,.F.);
#1848 = ORIENTED_EDGE('',*,*,#1836,.F.);
#1849 = ORIENTED_EDGE('',*,*,#1841,.F.);
#1850 = ORIENTED_EDGE('',*,*,#1846,.F.);
#1851 = EDGE_LOOP('',(#1847,#1848,#1849,#1850));
#1852 = CARTESIAN_POINT('',(29.33964,39.72836,1.50000));
#1853 = VERTEX_POINT('',#1852);
#1854 = CARTESIAN_POINT('',(43.13964,39.72836,1.50000));
#1855 = VERTEX_POINT('',#1854);
#1856 = CARTESIAN_POINT('',(43.13964,25.92836,1.50000));
#1857 = VERTEX_POINT('',#1856);
#1858 = CARTESIAN_POINT('',(29.33964,25.92836,1.50000));
#1859 = VERTEX_POINT('',#1858);
#1860 = CARTESIAN_POINT('',(29.33964,39.72836,1.50000));
#1861 = DIRECTION('',(1.000000,0.000000,0.000000));
#1862 = VECTOR('',#1861,13.80000);
#1863 = LINE('',#1860,#1862);
#1864 = EDGE_CURVE('',#1853,#1855,#1863,.T.);
#1865 = CARTESIAN_POINT('',(43.13964,39.72836,1.50000));
#1866 = DIRECTION('',(0.000000,-1.000000,0.000000));
#1867 = VECTOR('',#1866,13.80000);
#1868 = LINE('',#1865,#1867);
#1869 = EDGE_CURVE('',#1855,#1857,#1868,.T.);
#1870 = CARTESIAN_POINT('',(43.13964,25.92836,1.50000));
#1871 = DIRECTION('',(-1.000000,0.000000,0.000000));
#1872 = VECTOR('',#1871,13.80000);
#1873 = LINE('',#1870,#1872);
#1874 = EDGE_CURVE('',#1857,#1859,#1873,.T.);
#1875 = CARTESIAN_POINT('',(29.33964,25.92836,1.50000));
#1876 = DIRECTION('',(0.000000,1.000000,0.000000));
#1877 = VECTOR('',#1876,13.80000);
#1878 = LINE('',#1875,#1877);
#1879 = EDGE_CURVE('',#1859,#1853,#1878,.T.);
#1880 = ORIENTED_EDGE('',*,*,#1864,.F.);
#1881 = ORIENTED_EDGE('',*,*,#1869,.F.);
#1882 = ORIENTED_EDGE('',*,*,#1874,.F.);
#1883 = ORIENTED_EDGE('',*,*,#1879,.F.);
#1884 = EDGE_LOOP('',(#1880,#1881,#1882,#1883));
#1885 = CARTESIAN_POINT('',(106.68014,41.67876,1.50000));
#1886 = VERTEX_POINT('',#1885);
#1887 = CARTESIAN_POINT('',(120.48014,41.67876,1.50000));
#1888 = VERTEX_POINT('',#1887);
#1889 = CARTESIAN_POINT('',(120.48014,27.87876,1.50000));
#1890 = VERTEX_POINT('',#1889);
#1891 = CARTESIAN_POINT('',(106.68014,27.87876,1.50000));
#1892 = VERTEX_POINT('',#1891);
#1893 = CARTESIAN_POINT('',(106.68014,41.67876,1.50000));
#1894 = DIRECTION('',(1.000000,0.000000,0.000000));
#1895 = VECTOR('',#1894,13.80000);
#1896 = LINE('',#1893,#1895);
#1897 = EDGE_CURVE('',#1886,#1888,#1896,.T.);
#1898 = CARTESIAN_POINT('',(120.48014,41.67876,1.50000));
#1899 = DIRECTION('',(0.000000,-1.000000,0.000000));
#1900 = VECTOR('',#1899,13.80000);
#1901 = LINE('',#1898,#1900);
#1902 = EDGE_CURVE('',#1888,#1890,#1901,.T.);
#1903 = CARTESIAN_POINT('',(120.48014,27.87876,1.50000));
#1904 = DIRECTION('',(-1.000000,0.000000,0.000000));
#1905 = VECTOR('',#1904,13.80000);
#1906 = LINE('',#1903,#1905);
#1907 = EDGE_CURVE('',#1890,#1892,#1906,.T.);
#1908 = CARTESIAN_POINT('',(106.68014,27.87876,1.50000));
#1909 = DIRECTION('',(0.000000,1.000000,0.000000));
#1910 = VECTOR('',#1909,13.80000);
#1911 = LINE('',#1908,#1910);
#1912 = EDGE_CURVE('',#1892,#1886,#1911,.T.);
#1913 = ORIENTED_EDGE('',*,*,#1897,.F.);
#1914 = ORIENTED_EDGE('',*,*,#1902,.F.);
#1915 = ORIENTED_EDGE('',*,*,#1907,.F.);
#1916 = ORIENTED_EDGE('',*,*,#1912,.F.);
#1917 = EDGE_LOOP('',(#1913,#1914,#1915,#1916));
#1918 = CARTESIAN_POINT('',(48.54204,20.39916,1.50000));
#1919 = VERTEX_POINT('',#1918);
#1920 = CARTESIAN_POINT('',(62.34204,20.39916,1.50000));
#1921 = VERTEX_POINT('',#1920);
#1922 = CARTESIAN_POINT('',(62.34204,6.59916,1.50000));
#1923 = VERTEX_POINT('',#1922);
#1924 = CARTESIAN_POINT('',(48.54204,6.59916,1.50000));
#1925 = VERTEX_POINT('',#1924);
#1926 = CARTESIAN_POINT('',(48.54204,20.39916,1.50000));
#1927 = DIRECTION('',(1.000000,0.000000,0.000000));
#1928 = VECTOR('',#1927,13.80000);
#1929 = LINE('',#1926,#1928);
#1930 = EDGE_CURVE('',#1919,#1921,#1929,.T.);
#1931 = CARTESIAN_POINT('',(62.34204,20.39916,1.50000));
#1932 = DIRECTION('',(0.000000,-1.000000,0.000000));
#1933 = VECTOR('',#1932,13.80000);
#1934 = LINE('',#1931,#1933);
#1935 = EDGE_CURVE('',#1921,#1923,#1934,.T.);
#1936 = CARTESIAN_POINT('',(62.34204,6.59916,1.50000));
#1937 = DIRECTION('',(-1.000000,0.000000,0.000000));
#1938 = VECTOR('',#1937,13.80000);
#1939 = LINE('',#1936,#1938);
#1940 = EDGE_CURVE('',#1923,#1925,#1939,.T.);
#1941 = CARTESIAN_POINT('',(48.54204,6.59916,1.50000));
#1942 = DIRECTION('',(0.000000,1.000000,0.000000));
#1943 = VECTOR('',#1942,13.80000);
#1944 = LINE('',#1941,#1943);
#1945 = EDGE_CURVE('',#1925,#1919,#1944,.T.);
#1946 = ORIENTED_EDGE('',*,*,#1930,.F.);
#1947 = ORIENTED_EDGE('',*,*,#1935,.F.);
#1948 = ORIENTED_EDGE('',*,*,#1940,.F.);
#1949 = ORIENTED_EDGE('',*,*,#1945,.F.);
#1950 = EDGE_LOOP('',(#1946,#1947,#1948,#1949));
#1951 = CARTESIAN_POINT('',(29.33964,22.13336,1.50000));
#1952 = VERTEX_POINT('',#1951);
#1953 = CARTESIAN_POINT('',(43.13964,22.13336,1.50000));
#1954 = VERTEX_POINT('',#1953);
#1955 = CARTESIAN_POINT('',(43.13964,8.33336,1.50000));
#1956 = VERTEX_POINT('',#1955);
#1957 = CARTESIAN_POINT('',(29.33964,8.33336,1.50000));
#1958 = VERTEX_POINT('',#1957);
#1959 = CARTESIAN_POINT('',(29.33964,22.13336,1.50000));
#1960 = DIRECTION('',(1.000000,0.000000,0.000000));
#1961 = VECTOR('',#1960,13.80000);
#1962 = LINE('',#1959,#1961);
#1963 = EDGE_CURVE('',#1952,#1954,#1962,.T.);
#1964 = CARTESIAN_POINT('',(43.13964,22.13336,1.50000));
#1965 = DIRECTION('',(0.000000,-1.000000,0.000000));
#1966 = VECTOR('',#1965,13.80000);
#1967 = LINE('',#1964,#1966);
#1968 = EDGE_CURVE('',#1954,#1956,#1967,.T.);
#1969 = CARTESIAN_POINT('',(43.13964,8.33336,1.50000));
#1970 = DIRECTION('',(-1.000000,0.000000,0.000000));
#1971 = VECTOR('',#1970,13.80000);
#1972 = LINE('',#1969,#1971);
#1973 = EDGE_CURVE('',#1956,#1958,#1972,.T.);
#1974 = CARTESIAN_POINT('',(29.33964,8.33336,1.50000));
#1975 = DIRECTION('',(0.000000,1.000000,0.000000));
#1976 = VECTOR('',#1975,13.80000);
#1977 = LINE('',#1974,#1976);
#1978 = EDGE_CURVE('',#1958,#1952,#1977,.T.);
#1979 = ORIENTED_EDGE('',*,*,#1963,.F.);
#1980 = ORIENTED_EDGE('',*,*,#1968,.F.);
#1981 = ORIENTED_EDGE('',*,*,#1973,.F.);
#1982 = ORIENTED_EDGE('',*,*,#1978,.F.);
#1983 = EDGE_LOOP('',(#1979,#1980,#1981,#1982));
#1984 = CARTESIAN_POINT('',(106.68014,24.08376,1.50000));
#1985 = VERTEX_POINT('',#1984);
#1986 = CARTESIAN_POINT('',(120.48014,24.08376,1.50000));
#1987 = VERTEX_POINT('',#1986);
#1988 = CARTESIAN_POINT('',(120.48014,10.28376,1.50000));
#1989 = VERTEX_POINT('',#1988);
#1990 = CARTESIAN_POINT('',(106.68014,10.28376,1.50000));
#1991 = VERTEX_POINT('',#1990);
#1992 = CARTESIAN_POINT('',(106.68014,24.08376,1.50000));
#1993 = DIRECTION('',(1.000000,0.000000,0.000000));
#1994 = VECTOR('',#1993,13.80000);
#1995 = LINE('',#1992,#1994);
#1996 = EDGE_CURVE('',#1985,#1987,#1995,.T.);
#1997 = CARTESIAN_POINT('',(120.48014,24.08376,1.50000));
#1998 = DIRECTION('',(0.000000,-1.000000,0.000000));
#1999 = VECTOR('',#1998,13.80000);
#2000 = LINE('',#1997,#1999);
#2001 = EDGE_CURVE('',#1987,#1989,#2000,.T.);
#2002 = CARTESIAN_POINT('',(120.48014,10.28376,1.50000));
#2003 = DIRECTION('',(-1.000000,0.000000,0.000000));
#2004 = VECTOR('',#2003,13.80000);
#2005 = LINE('',#2002,#2004);
#2006 = EDGE_CURVE('',#1989,#1991,#2005,.T.);
#2007 = CARTESIAN_POINT('',(106.68014,10.28376,1.50000));
#2008 = DIRECTION('',(0.000000,1.000000,0.000000));
#2009 = VECTOR('',#2008,13.80000);
#2010 = LINE('',#2007,#2009);
#2011 = EDGE_CURVE('',#1991,#1985,#2010,.T.);
#2012 = ORIENTED_EDGE('',*,*,#1996,.F.);
#2013 = ORIENTED_EDGE('',*,*,#2001,.F.);
#2014 = ORIENTED_EDGE('',*,*,#2006,.F.);
#2015 = ORIENTED_EDGE('',*,*,#2011,.F.);
#2016 = EDGE_LOOP('',(#2012,#2013,#2014,#2015));
#2017 = CARTESIAN_POINT('',(57.03508,75.05899,1.50000));
#2018 = VERTEX_POINT('',#2017);
#2019 = CARTESIAN_POINT('',(70.81617,75.78122,1.50000));
#2020 = VERTEX_POINT('',#2019);
#2021 = CARTESIAN_POINT('',(71.53840,62.00013,1.50000));
#2022 = VERTEX_POINT('',#2021);
#2023 = CARTESIAN_POINT('',(57.75732,61.27790,1.50000));
#2024 = VERTEX_POINT('',#2023);
#2025 = CARTESIAN_POINT('',(57.03508,75.05899,1.50000));
#2026 = DIRECTION('',(0.998630,0.052336,0.000000));
#2027 = VECTOR('',#2026,13.80000);
#2028 = LINE('',#2025,#2027);
#2029 = EDGE_CURVE('',#2018,#2020,#2028,.T.);
#2030 = CARTESIAN_POINT('',(70.81617,75.78122,1.50000));
#2031 = DIRECTION('',(0.052336,-0.998630,0.000000));
#2032 = VECTOR('',#2031,13.80000);
#2033 = LINE('',#2030,#2032);
#2034 = EDGE_CURVE('',#2020,#2022,#2033,.T.);
#2035 = CARTESIAN_POINT('',(71.53840,62.00013,1.50000));
#2036 = DIRECTION('',(-0.998630,-0.052336,0.000000));
#2037 = VECTOR('',#2036,13.80000);
#2038 = LINE('',#2035,#2037);
#2039 = EDGE_CURVE('',#2022,#2024,#2038,.T.);
#2040 = CARTESIAN_POINT('',(57.75732,61.27790,1.50000));
#2041 = DIRECTION('',(-0.052336,0.998630,0.000000));
#2042 = VECTOR('',#2041,13.80000);
#2043 = LINE('',#2040,#2042);
#2044 = EDGE_CURVE('',#2024,#2018,#2043,.T.);
#2045 = ORIENTED_EDGE('',*,*,#2029,.F.);
#2046 = ORIENTED_EDGE('',*,*,#2034,.F.);
#2047 = ORIENTED_EDGE('',*,*,#2039,.F.);
#2048 = ORIENTED_EDGE('',*,*,#2044,.F.);
#2049 = EDGE_LOOP('',(#2045,#2046,#2047,#2048));
#2050 = CARTESIAN_POINT('',(10.41117,80.75794,1.50000));
#2051 = VERTEX_POINT('',#2050);
#2052 = CARTESIAN_POINT('',(22.36232,87.65794,1.50000));
#2053 = VERTEX_POINT('',#2052);
#2054 = CARTESIAN_POINT('',(29.26232,75.70678,1.50000));
#2055 = VERTEX_POINT('',#2054);
#2056 = CARTESIAN_POINT('',(17.31117,68.80678,1.50000));
#2057 = VERTEX_POINT('',#2056);
#2058 = CARTESIAN_POINT('',(10.41117,80.75794,1.50000));
#2059 = DIRECTION('',(0.866025,0.500000,0.000000));
#2060 = VECTOR('',#2059,13.80000);
#2061 = LINE('',#2058,#2060);
#2062 = EDGE_CURVE('',#2051,#2053,#2061,.T.);
#2063 = CARTESIAN_POINT('',(22.36232,87.65794,1.50000));
#2064 = DIRECTION('',(0.500000,-0.866025,0.000000));
#2065 = VECTOR('',#2064,13.80000);
#2066 = LINE('',#2063,#2065);
#2067 = EDGE_CURVE('',#2053,#2055,#2066,.T.);
#2068 = CARTESIAN_POINT('',(29.26232,75.70678,1.50000));
#2069 = DIRECTION('',(-0.866025,-0.500000,0.000000));
#2070 = VECTOR('',#2069,13.80000);
#2071 = LINE('',#2068,#2070);
#2072 = EDGE_CURVE('',#2055,#2057,#2071,.T.);
#2073 = CARTESIAN_POINT('',(17.31117,68.80678,1.50000));
#2074 = DIRECTION('',(-0.500000,0.866025,0.000000));
#2075 = VECTOR('',#2074,13.80000);
#2076 = LINE('',#2073,#2075);
#2077 = EDGE_CURVE('',#2057,#2051,#2076,.T.);
#2078 = ORIENTED_EDGE('',*,*,#2062,.F.);
#2079 = ORIENTED_EDGE('',*,*,#2067,.F.);
#2080 = ORIENTED_EDGE('',*,*,#2072,.F.);
#2081 = ORIENTED_EDGE('',*,*,#2077,.F.);
#2082 = EDGE_LOOP('',(#2078,#2079,#2080,#2081));
#2083 = CARTESIAN_POINT('',(125.92964,24.14636,1.50000));
#2084 = VERTEX_POINT('',#2083);
#2085 = CARTESIAN_POINT('',(139.72964,24.14636,1.50000));
#2086 = VERTEX_POINT('',#2085);
#2087 = CARTESIAN_POINT('',(139.72964,10.34636,1.50000));
#2088 = VERTEX_POINT('',#2087);
#2089 = CARTESIAN_POINT('',(125.92964,10.34636,1.50000));
#2090 = VERTEX_POINT('',#2089);
#2091 = CARTESIAN_POINT('',(125.92964,24.14636,1.50000));
#2092 = DIRECTION('',(1.000000,0.000000,0.000000));
#2093 = VECTOR('',#2092,13.80000);
#2094 = LINE('',#2091,#2093);
#2095 = EDGE_CURVE('',#2084,#2086,#2094,.T.);
#2096 = CARTESIAN_POINT('',(139.72964,24.14636,1.50000));
#2097 = DIRECTION('',(0.000000,-1.000000,0.000000));
#2098 = VECTOR('',#2097,13.80000);
#2099 = LINE('',#2096,#2098);
#2100 = EDGE_CURVE('',#2086,#2088,#2099,.T.);
#2101 = CARTESIAN_POINT('',(139.72964,10.34636,1.50000));
#2102 = DIRECTION('',(-1.000000,0.000000,0.000000));
#2103 = VECTOR('',#2102,13.80000);
#2104 = LINE('',#2101,#2103);
#2105 = EDGE_CURVE('',#2088,#2090,#2104,.T.);
#2106 = CARTESIAN_POINT('',(125.92964,10.34636,1.50000));
#2107 = DIRECTION('',(0.000000,1.000000,0.000000));
#2108 = VECTOR('',#2107,13.80000);
#2109 = LINE('',#2106,#2108);
#2110 = EDGE_CURVE('',#2090,#2084,#2109,.T.);
#2111 = ORIENTED_EDGE('',*,*,#2095,.F.);
#2112 = ORIENTED_EDGE('',*,*,#2100,.F.);
#2113 = ORIENTED_EDGE('',*,*,#2105,.F.);
#2114 = ORIENTED_EDGE('',*,*,#2110,.F.);
#2115 = EDGE_LOOP('',(#2111,#2112,#2113,#2114));
#2116 = CARTESIAN_POINT('',(106.68014,59.27376,1.50000));
#2117 = VERTEX_POINT('',#2116);
#2118 = CARTESIAN_POINT('',(120.48014,59.27376,1.50000));
#2119 = VERTEX_POINT('',#2118);
#2120 = CARTESIAN_POINT('',(120.48014,45.47376,1.50000));
#2121 = VERTEX_POINT('',#2120);
#2122 = CARTESIAN_POINT('',(106.68014,45.47376,1.50000));
#2123 = VERTEX_POINT('',#2122);
#2124 = CARTESIAN_POINT('',(106.68014,59.27376,1.50000));
#2125 = DIRECTION('',(1.000000,0.000000,0.000000));
#2126 = VECTOR('',#2125,13.80000);
#2127 = LINE('',#2124,#2126);
#2128 = EDGE_CURVE('',#2117,#2119,#2127,.T.);
#2129 = CARTESIAN_POINT('',(120.48014,59.27376,1.50000));
#2130 = DIRECTION('',(0.000000,-1.000000,0.000000));
#2131 = VECTOR('',#2130,13.80000);
#2132 = LINE('',#2129,#2131);
#2133 = EDGE_CURVE('',#2119,#2121,#2132,.T.);
#2134 = CARTESIAN_POINT('',(120.48014,45.47376,1.50000));
#2135 = DIRECTION('',(-1.000000,0.000000,0.000000));
#2136 = VECTOR('',#2135,13.80000);
#2137 = LINE('',#2134,#2136);
#2138 = EDGE_CURVE('',#2121,#2123,#2137,.T.);
#2139 = CARTESIAN_POINT('',(106.68014,45.47376,1.50000));
#2140 = DIRECTION('',(0.000000,1.000000,0.000000));
#2141 = VECTOR('',#2140,13.80000);
#2142 = LINE('',#2139,#2141);
#2143 = EDGE_CURVE('',#2123,#2117,#2142,.T.);
#2144 = ORIENTED_EDGE('',*,*,#2128,.F.);
#2145 = ORIENTED_EDGE('',*,*,#2133,.F.);
#2146 = ORIENTED_EDGE('',*,*,#2138,.F.);
#2147 = ORIENTED_EDGE('',*,*,#2143,.F.);
#2148 = EDGE_LOOP('',(#2144,#2145,#2146,#2147));
#2149 = CARTESIAN_POINT('',(125.92964,59.33636,1.50000));
#2150 = VERTEX_POINT('',#2149);
#2151 = CARTESIAN_POINT('',(139.72964,59.33636,1.50000));
#2152 = VERTEX_POINT('',#2151);
#2153 = CARTESIAN_POINT('',(139.72964,45.53636,1.50000));
#2154 = VERTEX_POINT('',#2153);
#2155 = CARTESIAN_POINT('',(125.92964,45.53636,1.50000));
#2156 = VERTEX_POINT('',#2155);
#2157 = CARTESIAN_POINT('',(125.92964,59.33636,1.50000));
#2158 = DIRECTION('',(1.000000,0.000000,0.000000));
#2159 = VECTOR('',#2158,13.80000);
#2160 = LINE('',#2157,#2159);
#2161 = EDGE_CURVE('',#2150,#2152,#2160,.T.);
#2162 = CARTESIAN_POINT('',(139.72964,59.33636,1.50000));
#2163 = DIRECTION('',(0.000000,-1.000000,0.000000));
#2164 = VECTOR('',#2163,13.80000);
#2165 = LINE('',#2162,#2164);
#2166 = EDGE_CURVE('',#2152,#2154,#2165,.T.);
#2167 = CARTESIAN_POINT('',(139.72964,45.53636,1.50000));
#2168 = DIRECTION('',(-1.000000,0.000000,0.000000));
#2169 = VECTOR('',#2168,13.80000);
#2170 = LINE('',#2167,#2169);
#2171 = EDGE_CURVE('',#2154,#2156,#2170,.T.);
#2172 = CARTESIAN_POINT('',(125.92964,45.53636,1.50000));
#2173 = DIRECTION('',(0.000000,1.000000,0.000000));
#2174 = VECTOR('',#2173,13.80000);
#2175 = LINE('',#2172,#2174);
#2176 = EDGE_CURVE('',#2156,#2150,#2175,.T.);
#2177 = ORIENTED_EDGE('',*,*,#2161,.F.);
#2178 = ORIENTED_EDGE('',*,*,#2166,.F.);
#2179 = ORIENTED_EDGE('',*,*,#2171,.F.);
#2180 = ORIENTED_EDGE('',*,*,#2176,.F.);
#2181 = EDGE_LOOP('',(#2177,#2178,#2179,#2180));
#2182 = CARTESIAN_POINT('',(68.11924,17.48436,1.50000));
#2183 = VERTEX_POINT('',#2182);
#2184 = CARTESIAN_POINT('',(81.91924,17.48436,1.50000));
#2185 = VERTEX_POINT('',#2184);
#2186 = CARTESIAN_POINT('',(81.91924,3.68436,1.50000));
#2187 = VERTEX_POINT('',#2186);
#2188 = CARTESIAN_POINT('',(68.11924,3.68436,1.50000));
#2189 = VERTEX_POINT('',#2188);
#2190 = CARTESIAN_POINT('',(68.11924,17.48436,1.50000));
#2191 = DIRECTION('',(1.000000,0.000000,0.000000));
#2192 = VECTOR('',#2191,13.80000);
#2193 = LINE('',#2190,#2192);
#2194 = EDGE_CURVE('',#2183,#2185,#2193,.T.);
#2195 = CARTESIAN_POINT('',(81.91924,17.48436,1.50000));
#2196 = DIRECTION('',(0.000000,-1.000000,0.000000));
#2197 = VECTOR('',#2196,13.80000);
#2198 = LINE('',#2195,#2197);
#2199 = EDGE_CURVE('',#2185,#2187,#2198,.T.);
#2200 = CARTESIAN_POINT('',(81.91924,3.68436,1.50000));
#2201 = DIRECTION('',(-1.000000,0.000000,0.000000));
#2202 = VECTOR('',#2201,13.80000);
#2203 = LINE('',#2200,#2202);
#2204 = EDGE_CURVE('',#2187,#2189,#2203,.T.);
#2205 = CARTESIAN_POINT('',(68.11924,3.68436,1.50000));
#2206 = DIRECTION('',(0.000000,1.000000,0.000000));
#2207 = VECTOR('',#2206,13.80000);
#2208 = LINE('',#2205,#2207);
#2209 = EDGE_CURVE('',#2189,#2183,#2208,.T.);
#2210 = ORIENTED_EDGE('',*,*,#2194,.F.);
#2211 = ORIENTED_EDGE('',*,*,#2199,.F.);
#2212 = ORIENTED_EDGE('',*,*,#2204,.F.);
#2213 = ORIENTED_EDGE('',*,*,#2209,.F.);
#2214 = EDGE_LOOP('',(#2210,#2211,#2212,#2213));
#2215 = CARTESIAN_POINT('',(122.96074,25.90836,1.50000));
#2216 = DIRECTION('',(0.000000,0.000000,-1.000000));
#2217 = DIRECTION('',(1.000000,0.000000,0.000000));
#2218 = AXIS2_PLACEMENT_3D('',#2215,#2216,#2217);
#2219 = CIRCLE('',#2218,1.60000);
#2220 = CARTESIAN_POINT('',(124.56074,25.90836,1.50000));
#2221 = VERTEX_POINT('',#2220);
#2222 = EDGE_CURVE('',#2221,#2221,#2219,.T.);
#2223 = ORIENTED_EDGE('',*,*,#2222,.T.);
#2224 = EDGE_LOOP('',(#2223));
#2225 = CARTESIAN_POINT('',(29.71184,66.77696,1.50000));
#2226 = DIRECTION('',(0.000000,0.000000,-1.000000));
#2227 = DIRECTION('',(1.000000,0.000000,0.000000));
#2228 = AXIS2_PLACEMENT_3D('',#2225,#2226,#2227);
#2229 = CIRCLE('',#2228,1.60000);
#2230 = CARTESIAN_POINT('',(31.31184,66.77696,1.50000));
#2231 = VERTEX_POINT('',#2230);
#2232 = EDGE_CURVE('',#2231,#2231,#2229,.T.);
#2233 = ORIENTED_EDGE('',*,*,#2232,.T.);
#2234 = EDGE_LOOP('',(#2233));
#2235 = CARTESIAN_POINT('',(123.24014,43.73916,1.50000));
#2236 = DIRECTION('',(0.000000,0.000000,-1.000000));
#2237 = DIRECTION('',(1.000000,0.000000,0.000000));
#2238 = AXIS2_PLACEMENT_3D('',#2235,#2236,#2237);
#2239 = CIRCLE('',#2238,1.60000);
#2240 = CARTESIAN_POINT('',(124.84014,43.73916,1.50000));
#2241 = VERTEX_POINT('',#2240);
#2242 = EDGE_CURVE('',#2241,#2241,#2239,.T.);
#2243 = ORIENTED_EDGE('',*,*,#2242,.T.);
#2244 = EDGE_LOOP('',(#2243));
#2245 = CARTESIAN_POINT('',(79.59744,67.65896,1.50000));
#2246 = DIRECTION('',(0.000000,0.000000,-1.000000));
#2247 = DIRECTION('',(1.000000,0.000000,0.000000));
#2248 = AXIS2_PLACEMENT_3D('',#2245,#2246,#2247);
#2249 = CIRCLE('',#2248,1.60000);
#2250 = CARTESIAN_POINT('',(81.19744,67.65896,1.50000));
#2251 = VERTEX_POINT('',#2250);
#2252 = EDGE_CURVE('',#2251,#2251,#2249,.T.);
#2253 = ORIENTED_EDGE('',*,*,#2252,.T.);
#2254 = EDGE_LOOP('',(#2253));
#2255 = CARTESIAN_POINT('',(65.63294,22.12376,1.50000));
#2256 = DIRECTION('',(0.000000,0.000000,-1.000000));
#2257 = DIRECTION('',(1.000000,0.000000,0.000000));
#2258 = AXIS2_PLACEMENT_3D('',#2255,#2256,#2257);
#2259 = CIRCLE('',#2258,1.60000);
#2260 = CARTESIAN_POINT('',(67.23294,22.12376,1.50000));
#2261 = VERTEX_POINT('',#2260);
#2262 = EDGE_CURVE('',#2261,#2261,#2259,.T.);
#2263 = ORIENTED_EDGE('',*,*,#2262,.T.);
#2264 = EDGE_LOOP('',(#2263));
#2265 = FACE_OUTER_BOUND('',#1521,.T.);
#2266 = FACE_BOUND('',#1554,.T.);
#2267 = FACE_BOUND('',#1587,.T.);
#2268 = FACE_BOUND('',#1620,.T.);
#2269 = FACE_BOUND('',#1653,.T.);
#2270 = FACE_BOUND('',#1686,.T.);
#2271 = FACE_BOUND('',#1719,.T.);
#2272 = FACE_BOUND('',#1752,.T.);
#2273 = FACE_BOUND('',#1785,.T.);
#2274 = FACE_BOUND('',#1818,.T.);
#2275 = FACE_BOUND('',#1851,.T.);
#2276 = FACE_BOUND('',#1884,.T.);
#2277 = FACE_BOUND('',#1917,.T.);
#2278 = FACE_BOUND('',#1950,.T.);
#2279 = FACE_BOUND('',#1983,.T.);
#2280 = FACE_BOUND('',#2016,.T.);
#2281 = FACE_BOUND('',#2049,.T.);
#2282 = FACE_BOUND('',#2082,.T.);
#2283 = FACE_BOUND('',#2115,.T.);
#2284 = FACE_BOUND('',#2148,.T.);
#2285 = FACE_BOUND('',#2181,.T.);
#2286 = FACE_BOUND('',#2214,.T.);
#2287 = FACE_BOUND('',#2224,.T.);
#2288 = FACE_BOUND('',#2234,.T.);
#2289 = FACE_BOUND('',#2244,.T.);
#2290 = FACE_BOUND('',#2254,.T.);
#2291 = FACE_BOUND('',#2264,.T.);
#2292 = CARTESIAN_POINT('',(0.00000,0.00000,1.50000));
#2293 = DIRECTION('',(0.000000,0.000000,1.000000));
#2294 = DIRECTION('',(1.000000,0.000000,0.000000));
#2295 = AXIS2_PLACEMENT_3D('',#2292,#2293,#2294);
#2296 = PLANE('',#2295);
#2297 = ADVANCED_FACE('',(#2265,#2266,#2267,#2268,#2269,#2270,#2271,#2272,#2273,#2274,#2275,#2276,#2277,#2278,#2279,#2280,#2281,#2282,#2283,#2284,#2285,#2286,#2287,#2288,#2289,#2290,#2291),#2296,.T.);
#2298 = CARTESIAN_POINT('',(0.00000,52.45798,0.00000));
#2299 = VERTEX_POINT('',#2298);
#2300 = CARTESIAN_POINT('',(0.36148,52.45798,0.00000));
#2301 = VERTEX_POINT('',#2300);
#2302 = CARTESIAN_POINT('',(0.72296,52.45798,0.00000));
#2303 = VERTEX_POINT('',#2302);
#2304 = CARTESIAN_POINT('',(1.41663,52.66166,0.00000));
#2305 = VERTEX_POINT('',#2304);
#2306 = CARTESIAN_POINT('',(2.02483,53.05252,0.00000));
#2307 = VERTEX_POINT('',#2306);
#2308 = CARTESIAN_POINT('',(2.49826,53.59890,0.00000));
#2309 = VERTEX_POINT('',#2308);
#2310 = CARTESIAN_POINT('',(2.79859,54.25652,0.00000));
#2311 = VERTEX_POINT('',#2310);
#2312 = CARTESIAN_POINT('',(2.90148,54.97212,0.00000));
#2313 = VERTEX_POINT('',#2312);
#2314 = CARTESIAN_POINT('',(2.90148,59.97592,0.00000));
#2315 = VERTEX_POINT('',#2314);
#2316 = CARTESIAN_POINT('',(2.90148,71.51754,0.00000));
#2317 = VERTEX_POINT('',#2316);
#2318 = CARTESIAN_POINT('',(2.90722,71.68688,0.00000));
#2319 = VERTEX_POINT('',#2318);
#2320 = CARTESIAN_POINT('',(2.92442,71.85545,0.00000));
#2321 = VERTEX_POINT('',#2320);
#2322 = CARTESIAN_POINT('',(2.95300,72.02247,0.00000));
#2323 = VERTEX_POINT('',#2322);
#2324 = CARTESIAN_POINT('',(2.99283,72.18716,0.00000));
#2325 = VERTEX_POINT('',#2324);
#2326 = CARTESIAN_POINT('',(3.04372,72.34878,0.00000));
#2327 = VERTEX_POINT('',#2326);
#2328 = CARTESIAN_POINT('',(3.10544,72.50659,0.00000));
#2329 = VERTEX_POINT('',#2328);
#2330 = CARTESIAN_POINT('',(3.17772,72.65985,0.00000));
#2331 = VERTEX_POINT('',#2330);
#2332 = CARTESIAN_POINT('',(3.26020,72.80786,0.00000));
#2333 = VERTEX_POINT('',#2332);
#2334 = CARTESIAN_POINT('',(14.28500,91.10342,0.00000));
#2335 = VERTEX_POINT('',#2334);
#2336 = CARTESIAN_POINT('',(14.57274,91.49071,0.00000));
#2337 = VERTEX_POINT('',#2336);
#2338 = CARTESIAN_POINT('',(14.92951,91.81552,0.00000));
#2339 = VERTEX_POINT('',#2338);
#2340 = CARTESIAN_POINT('',(15.34203,92.06575,0.00000));
#2341 = VERTEX_POINT('',#2340);
#2342 = CARTESIAN_POINT('',(15.79493,92.23207,0.00000));
#2343 = VERTEX_POINT('',#2342);
#2344 = CARTESIAN_POINT('',(16.27135,92.30830,0.00000));
#2345 = VERTEX_POINT('',#2344);
#2346 = CARTESIAN_POINT('',(16.75354,92.29159,0.00000));
#2347 = VERTEX_POINT('',#2346);
#2348 = CARTESIAN_POINT('',(17.22354,92.18257,0.00000));
#2349 = VERTEX_POINT('',#2348);
#2350 = CARTESIAN_POINT('',(17.66385,91.98529,0.00000));
#2351 = VERTEX_POINT('',#2350);
#2352 = CARTESIAN_POINT('',(32.16861,83.72145,0.00000));
#2353 = VERTEX_POINT('',#2352);
#2354 = CARTESIAN_POINT('',(32.29219,83.65556,0.00000));
#2355 = VERTEX_POINT('',#2354);
#2356 = CARTESIAN_POINT('',(32.41927,83.59669,0.00000));
#2357 = VERTEX_POINT('',#2356);
#2358 = CARTESIAN_POINT('',(32.54945,83.54503,0.00000));
#2359 = VERTEX_POINT('',#2358);
#2360 = CARTESIAN_POINT('',(32.68231,83.50074,0.00000));
#2361 = VERTEX_POINT('',#2360);
#2362 = CARTESIAN_POINT('',(32.81745,83.46396,0.00000));
#2363 = VERTEX_POINT('',#2362);
#2364 = CARTESIAN_POINT('',(32.95443,83.43480,0.00000));
#2365 = VERTEX_POINT('',#2364);
#2366 = CARTESIAN_POINT('',(33.09283,83.41336,0.00000));
#2367 = VERTEX_POINT('',#2366);
#2368 = CARTESIAN_POINT('',(33.23222,83.39971,0.00000));
#2369 = VERTEX_POINT('',#2368);
#2370 = CARTESIAN_POINT('',(73.81174,80.56916,0.00000));
#2371 = VERTEX_POINT('',#2370);
#2372 = CARTESIAN_POINT('',(74.98452,80.48686,0.00000));
#2373 = VERTEX_POINT('',#2372);
#2374 = CARTESIAN_POINT('',(75.04833,80.47881,0.00000));
#2375 = VERTEX_POINT('',#2374);
#2376 = CARTESIAN_POINT('',(75.11086,80.46375,0.00000));
#2377 = VERTEX_POINT('',#2376);
#2378 = CARTESIAN_POINT('',(75.17134,80.44187,0.00000));
#2379 = VERTEX_POINT('',#2378);
#2380 = CARTESIAN_POINT('',(75.22902,80.41343,0.00000));
#2381 = VERTEX_POINT('',#2380);
#2382 = CARTESIAN_POINT('',(75.28321,80.37879,0.00000));
#2383 = VERTEX_POINT('',#2382);
#2384 = CARTESIAN_POINT('',(75.33323,80.33837,0.00000));
#2385 = VERTEX_POINT('',#2384);
#2386 = CARTESIAN_POINT('',(75.37848,80.29266,0.00000));
#2387 = VERTEX_POINT('',#2386);
#2388 = CARTESIAN_POINT('',(75.41839,80.24222,0.00000));
#2389 = VERTEX_POINT('',#2388);
#2390 = CARTESIAN_POINT('',(86.18154,64.97356,0.00000));
#2391 = VERTEX_POINT('',#2390);
#2392 = CARTESIAN_POINT('',(86.54034,64.46556,0.00000));
#2393 = VERTEX_POINT('',#2392);
#2394 = CARTESIAN_POINT('',(86.54422,64.41134,0.00000));
#2395 = VERTEX_POINT('',#2394);
#2396 = CARTESIAN_POINT('',(86.55578,64.35822,0.00000));
#2397 = VERTEX_POINT('',#2396);
#2398 = CARTESIAN_POINT('',(86.57477,64.30729,0.00000));
#2399 = VERTEX_POINT('',#2398);
#2400 = CARTESIAN_POINT('',(86.60082,64.25958,0.00000));
#2401 = VERTEX_POINT('',#2400);
#2402 = CARTESIAN_POINT('',(86.63340,64.21606,0.00000));
#2403 = VERTEX_POINT('',#2402);
#2404 = CARTESIAN_POINT('',(86.67184,64.17762,0.00000));
#2405 = VERTEX_POINT('',#2404);
#2406 = CARTESIAN_POINT('',(86.71536,64.14504,0.00000));
#2407 = VERTEX_POINT('',#2406);
#2408 = CARTESIAN_POINT('',(86.76307,64.11899,0.00000));
#2409 = VERTEX_POINT('',#2408);
#2410 = CARTESIAN_POINT('',(86.81400,64.09999,0.00000));
#2411 = VERTEX_POINT('',#2410);
#2412 = CARTESIAN_POINT('',(86.86712,64.08844,0.00000));
#2413 = VERTEX_POINT('',#2412);
#2414 = CARTESIAN_POINT('',(86.92134,64.08456,0.00000));
#2415 = VERTEX_POINT('',#2414);
#2416 = CARTESIAN_POINT('',(136.80694,64.08456,0.00000));
#2417 = VERTEX_POINT('',#2416);
#2418 = CARTESIAN_POINT('',(139.04836,64.08915,0.00000));
#2419 = VERTEX_POINT('',#2418);
#2420 = CARTESIAN_POINT('',(141.60303,64.08915,0.00000));
#2421 = VERTEX_POINT('',#2420);
#2422 = CARTESIAN_POINT('',(141.93529,64.05643,0.00000));
#2423 = VERTEX_POINT('',#2422);
#2424 = CARTESIAN_POINT('',(142.25478,63.95951,0.00000));
#2425 = VERTEX_POINT('',#2424);
#2426 = CARTESIAN_POINT('',(142.54923,63.80213,0.00000));
#2427 = VERTEX_POINT('',#2426);
#2428 = CARTESIAN_POINT('',(142.80731,63.59032,0.00000));
#2429 = VERTEX_POINT('',#2428);
#2430 = CARTESIAN_POINT('',(143.01912,63.33224,0.00000));
#2431 = VERTEX_POINT('',#2430);
#2432 = CARTESIAN_POINT('',(143.17650,63.03779,0.00000));
#2433 = VERTEX_POINT('',#2432);
#2434 = CARTESIAN_POINT('',(143.27342,62.71830,0.00000));
#2435 = VERTEX_POINT('',#2434);
#2436 = CARTESIAN_POINT('',(143.30614,62.38604,0.00000));
#2437 = VERTEX_POINT('',#2436);
#2438 = CARTESIAN_POINT('',(143.30614,9.42905,0.00000));
#2439 = VERTEX_POINT('',#2438);
#2440 = CARTESIAN_POINT('',(143.25811,8.94133,0.00000));
#2441 = VERTEX_POINT('',#2440);
#2442 = CARTESIAN_POINT('',(143.11584,8.47235,0.00000));
#2443 = VERTEX_POINT('',#2442);
#2444 = CARTESIAN_POINT('',(142.88482,8.04013,0.00000));
#2445 = VERTEX_POINT('',#2444);
#2446 = CARTESIAN_POINT('',(142.57391,7.66129,0.00000));
#2447 = VERTEX_POINT('',#2446);
#2448 = CARTESIAN_POINT('',(142.19507,7.35038,0.00000));
#2449 = VERTEX_POINT('',#2448);
#2450 = CARTESIAN_POINT('',(141.76285,7.11936,0.00000));
#2451 = VERTEX_POINT('',#2450);
#2452 = CARTESIAN_POINT('',(141.29387,6.97709,0.00000));
#2453 = VERTEX_POINT('',#2452);
#2454 = CARTESIAN_POINT('',(140.80614,6.92905,0.00000));
#2455 = VERTEX_POINT('',#2454);
#2456 = CARTESIAN_POINT('',(127.30597,6.92905,0.00000));
#2457 = VERTEX_POINT('',#2456);
#2458 = CARTESIAN_POINT('',(119.17934,6.93480,0.00000));
#2459 = VERTEX_POINT('',#2458);
#2460 = CARTESIAN_POINT('',(105.36174,6.93480,0.00000));
#2461 = VERTEX_POINT('',#2460);
#2462 = CARTESIAN_POINT('',(105.32556,6.93221,0.00000));
#2463 = VERTEX_POINT('',#2462);
#2464 = CARTESIAN_POINT('',(105.29012,6.92450,0.00000));
#2465 = VERTEX_POINT('',#2464);
#2466 = CARTESIAN_POINT('',(105.25613,6.91182,0.00000));
#2467 = VERTEX_POINT('',#2466);
#2468 = CARTESIAN_POINT('',(105.22429,6.89444,0.00000));
#2469 = VERTEX_POINT('',#2468);
#2470 = CARTESIAN_POINT('',(105.19525,6.87270,0.00000));
#2471 = VERTEX_POINT('',#2470);
#2472 = CARTESIAN_POINT('',(105.16960,6.84705,0.00000));
#2473 = VERTEX_POINT('',#2472);
#2474 = CARTESIAN_POINT('',(105.14786,6.81801,0.00000));
#2475 = VERTEX_POINT('',#2474);
#2476 = CARTESIAN_POINT('',(105.13048,6.78617,0.00000));
#2477 = VERTEX_POINT('',#2476);
#2478 = CARTESIAN_POINT('',(105.11780,6.75219,0.00000));
#2479 = VERTEX_POINT('',#2478);
#2480 = CARTESIAN_POINT('',(105.11009,6.71674,0.00000));
#2481 = VERTEX_POINT('',#2480);
#2482 = CARTESIAN_POINT('',(105.10751,6.68056,0.00000));
#2483 = VERTEX_POINT('',#2482);
#2484 = CARTESIAN_POINT('',(105.10751,2.79436,0.00000));
#2485 = VERTEX_POINT('',#2484);
#2486 = CARTESIAN_POINT('',(105.10596,2.77271,0.00000));
#2487 = VERTEX_POINT('',#2486);
#2488 = CARTESIAN_POINT('',(105.10134,2.75149,0.00000));
#2489 = VERTEX_POINT('',#2488);
#2490 = CARTESIAN_POINT('',(105.09375,2.73115,0.00000));
#2491 = VERTEX_POINT('',#2490);
#2492 = CARTESIAN_POINT('',(105.08335,2.71209,0.00000));
#2493 = VERTEX_POINT('',#2492);
#2494 = CARTESIAN_POINT('',(105.07034,2.69471,0.00000));
#2495 = VERTEX_POINT('',#2494);
#2496 = CARTESIAN_POINT('',(105.05499,2.67936,0.00000));
#2497 = VERTEX_POINT('',#2496);
#2498 = CARTESIAN_POINT('',(105.03761,2.66635,0.00000));
#2499 = VERTEX_POINT('',#2498);
#2500 = CARTESIAN_POINT('',(105.01855,2.65595,0.00000));
#2501 = VERTEX_POINT('',#2500);
#2502 = CARTESIAN_POINT('',(104.99821,2.64836,0.00000));
#2503 = VERTEX_POINT('',#2502);
#2504 = CARTESIAN_POINT('',(104.97700,2.64375,0.00000));
#2505 = VERTEX_POINT('',#2504);
#2506 = CARTESIAN_POINT('',(104.95534,2.64220,0.00000));
#2507 = VERTEX_POINT('',#2506);
#2508 = CARTESIAN_POINT('',(86.10854,2.64220,0.00000));
#2509 = VERTEX_POINT('',#2508);
#2510 = CARTESIAN_POINT('',(86.07598,2.63987,0.00000));
#2511 = VERTEX_POINT('',#2510);
#2512 = CARTESIAN_POINT('',(86.04407,2.63293,0.00000));
#2513 = VERTEX_POINT('',#2512);
#2514 = CARTESIAN_POINT('',(86.01348,2.62152,0.00000));
#2515 = VERTEX_POINT('',#2514);
#2516 = CARTESIAN_POINT('',(85.98482,2.60587,0.00000));
#2517 = VERTEX_POINT('',#2516);
#2518 = CARTESIAN_POINT('',(85.95869,2.58630,0.00000));
#2519 = VERTEX_POINT('',#2518);
#2520 = CARTESIAN_POINT('',(85.93560,2.56322,0.00000));
#2521 = VERTEX_POINT('',#2520);
#2522 = CARTESIAN_POINT('',(85.91603,2.53708,0.00000));
#2523 = VERTEX_POINT('',#2522);
#2524 = CARTESIAN_POINT('',(85.90039,2.50842,0.00000));
#2525 = VERTEX_POINT('',#2524);
#2526 = CARTESIAN_POINT('',(85.88898,2.47783,0.00000));
#2527 = VERTEX_POINT('',#2526);
#2528 = CARTESIAN_POINT('',(85.88204,2.44593,0.00000));
#2529 = VERTEX_POINT('',#2528);
#2530 = CARTESIAN_POINT('',(85.87971,2.41336,0.00000));
#2531 = VERTEX_POINT('',#2530);
#2532 = CARTESIAN_POINT('',(85.87971,0.40945,0.00000));
#2533 = VERTEX_POINT('',#2532);
#2534 = CARTESIAN_POINT('',(85.87248,0.35029,0.00000));
#2535 = VERTEX_POINT('',#2534);
#2536 = CARTESIAN_POINT('',(85.85718,0.29269,0.00000));
#2537 = VERTEX_POINT('',#2536);
#2538 = CARTESIAN_POINT('',(85.83410,0.23774,0.00000));
#2539 = VERTEX_POINT('',#2538);
#2540 = CARTESIAN_POINT('',(85.80368,0.18648,0.00000));
#2541 = VERTEX_POINT('',#2540);
#2542 = CARTESIAN_POINT('',(85.76650,0.13991,0.00000));
#2543 = VERTEX_POINT('',#2542);
#2544 = CARTESIAN_POINT('',(85.72326,0.09889,0.00000));
#2545 = VERTEX_POINT('',#2544);
#2546 = CARTESIAN_POINT('',(85.67479,0.06420,0.00000));
#2547 = VERTEX_POINT('',#2546);
#2548 = CARTESIAN_POINT('',(85.62201,0.03652,0.00000));
#2549 = VERTEX_POINT('',#2548);
#2550 = CARTESIAN_POINT('',(85.56593,0.01636,0.00000));
#2551 = VERTEX_POINT('',#2550);
#2552 = CARTESIAN_POINT('',(85.50760,0.00411,0.00000));
#2553 = VERTEX_POINT('',#2552);
#2554 = CARTESIAN_POINT('',(85.44814,0.00000,0.00000));
#2555 = VERTEX_POINT('',#2554);
#2556 = CARTESIAN_POINT('',(64.99668,0.00000,0.00000));
#2557 = VERTEX_POINT('',#2556);
#2558 = CARTESIAN_POINT('',(64.94391,0.00081,0.00000));
#2559 = VERTEX_POINT('',#2558);
#2560 = CARTESIAN_POINT('',(64.89184,0.00940,0.00000));
#2561 = VERTEX_POINT('',#2560);
#2562 = CARTESIAN_POINT('',(64.84161,0.02558,0.00000));
#2563 = VERTEX_POINT('',#2562);
#2564 = CARTESIAN_POINT('',(64.79431,0.04899,0.00000));
#2565 = VERTEX_POINT('',#2564);
#2566 = CARTESIAN_POINT('',(64.75099,0.07913,0.00000));
#2567 = VERTEX_POINT('',#2566);
#2568 = CARTESIAN_POINT('',(64.71259,0.11534,0.00000));
#2569 = VERTEX_POINT('',#2568);
#2570 = CARTESIAN_POINT('',(64.67996,0.15682,0.00000));
#2571 = VERTEX_POINT('',#2570);
#2572 = CARTESIAN_POINT('',(64.65381,0.20265,0.00000));
#2573 = VERTEX_POINT('',#2572);
#2574 = CARTESIAN_POINT('',(64.63470,0.25185,0.00000));
#2575 = VERTEX_POINT('',#2574);
#2576 = CARTESIAN_POINT('',(64.62307,0.30333,0.00000));
#2577 = VERTEX_POINT('',#2576);
#2578 = CARTESIAN_POINT('',(64.61917,0.35596,0.00000));
#2579 = VERTEX_POINT('',#2578);
#2580 = CARTESIAN_POINT('',(64.61917,2.41336,0.00000));
#2581 = VERTEX_POINT('',#2580);
#2582 = CARTESIAN_POINT('',(64.61763,2.43491,0.00000));
#2583 = VERTEX_POINT('',#2582);
#2584 = CARTESIAN_POINT('',(64.61303,2.45602,0.00000));
#2585 = VERTEX_POINT('',#2584);
#2586 = CARTESIAN_POINT('',(64.60548,2.47626,0.00000));
#2587 = VERTEX_POINT('',#2586);
#2588 = CARTESIAN_POINT('',(64.59513,2.49523,0.00000));
#2589 = VERTEX_POINT('',#2588);
#2590 = CARTESIAN_POINT('',(64.58218,2.51252,0.00000));
#2591 = VERTEX_POINT('',#2590);
#2592 = CARTESIAN_POINT('',(64.56691,2.52780,0.00000));
#2593 = VERTEX_POINT('',#2592);
#2594 = CARTESIAN_POINT('',(64.54961,2.54075,0.00000));
#2595 = VERTEX_POINT('',#2594);
#2596 = CARTESIAN_POINT('',(64.53065,2.55110,0.00000));
#2597 = VERTEX_POINT('',#2596);
#2598 = CARTESIAN_POINT('',(64.51040,2.55865,0.00000));
#2599 = VERTEX_POINT('',#2598);
#2600 = CARTESIAN_POINT('',(64.48929,2.56324,0.00000));
#2601 = VERTEX_POINT('',#2600);
#2602 = CARTESIAN_POINT('',(64.46774,2.56479,0.00000));
#2603 = VERTEX_POINT('',#2602);
#2604 = CARTESIAN_POINT('',(44.50334,2.56479,0.00000));
#2605 = VERTEX_POINT('',#2604);
#2606 = CARTESIAN_POINT('',(44.45392,2.56849,0.00000));
#2607 = VERTEX_POINT('',#2606);
#2608 = CARTESIAN_POINT('',(44.40561,2.57953,0.00000));
#2609 = VERTEX_POINT('',#2608);
#2610 = CARTESIAN_POINT('',(44.35949,2.59766,0.00000));
#2611 = VERTEX_POINT('',#2610);
#2612 = CARTESIAN_POINT('',(44.31659,2.62246,0.00000));
#2613 = VERTEX_POINT('',#2612);
#2614 = CARTESIAN_POINT('',(44.27787,2.65339,0.00000));
#2615 = VERTEX_POINT('',#2614);
#2616 = CARTESIAN_POINT('',(44.24420,2.68975,0.00000));
#2617 = VERTEX_POINT('',#2616);
#2618 = CARTESIAN_POINT('',(44.21633,2.73073,0.00000));
#2619 = VERTEX_POINT('',#2618);
#2620 = CARTESIAN_POINT('',(44.19489,2.77541,0.00000));
#2621 = VERTEX_POINT('',#2620);
#2622 = CARTESIAN_POINT('',(44.18035,2.82279,0.00000));
#2623 = VERTEX_POINT('',#2622);
#2624 = CARTESIAN_POINT('',(44.17305,2.87180,0.00000));
#2625 = VERTEX_POINT('',#2624);
#2626 = CARTESIAN_POINT('',(44.17314,2.92135,0.00000));
#2627 = VERTEX_POINT('',#2626);
#2628 = CARTESIAN_POINT('',(44.17314,4.57236,0.00000));
#2629 = VERTEX_POINT('',#2628);
#2630 = CARTESIAN_POINT('',(44.17133,4.59766,0.00000));
#2631 = VERTEX_POINT('',#2630);
#2632 = CARTESIAN_POINT('',(44.16594,4.62245,0.00000));
#2633 = VERTEX_POINT('',#2632);
#2634 = CARTESIAN_POINT('',(44.15708,4.64622,0.00000));
#2635 = VERTEX_POINT('',#2634);
#2636 = CARTESIAN_POINT('',(44.14492,4.66849,0.00000));
#2637 = VERTEX_POINT('',#2636);
#2638 = CARTESIAN_POINT('',(44.12972,4.68879,0.00000));
#2639 = VERTEX_POINT('',#2638);
#2640 = CARTESIAN_POINT('',(44.11178,4.70673,0.00000));
#2641 = VERTEX_POINT('',#2640);
#2642 = CARTESIAN_POINT('',(44.09147,4.72194,0.00000));
#2643 = VERTEX_POINT('',#2642);
#2644 = CARTESIAN_POINT('',(44.06920,4.73409,0.00000));
#2645 = VERTEX_POINT('',#2644);
#2646 = CARTESIAN_POINT('',(44.04543,4.74296,0.00000));
#2647 = VERTEX_POINT('',#2646);
#2648 = CARTESIAN_POINT('',(44.02065,4.74835,0.00000));
#2649 = VERTEX_POINT('',#2648);
#2650 = CARTESIAN_POINT('',(43.99534,4.75016,0.00000));
#2651 = VERTEX_POINT('',#2650);
#2652 = CARTESIAN_POINT('',(3.04734,4.72476,0.00000));
#2653 = VERTEX_POINT('',#2652);
#2654 = CARTESIAN_POINT('',(2.99654,4.72476,0.00000));
#2655 = VERTEX_POINT('',#2654);
#2656 = CARTESIAN_POINT('',(2.89494,4.72476,0.00000));
#2657 = VERTEX_POINT('',#2656);
#2658 = CARTESIAN_POINT('',(2.90148,4.82636,0.00000));
#2659 = VERTEX_POINT('',#2658);
#2660 = CARTESIAN_POINT('',(2.90148,5.02956,0.00000));
#2661 = VERTEX_POINT('',#2660);
#2662 = CARTESIAN_POINT('',(2.90148,18.65012,0.00000));
#2663 = VERTEX_POINT('',#2662);
#2664 = CARTESIAN_POINT('',(2.79962,19.35857,0.00000));
#2665 = VERTEX_POINT('',#2664);
#2666 = CARTESIAN_POINT('',(2.50230,20.00962,0.00000));
#2667 = VERTEX_POINT('',#2666);
#2668 = CARTESIAN_POINT('',(2.03359,20.55053,0.00000));
#2669 = VERTEX_POINT('',#2668);
#2670 = CARTESIAN_POINT('',(1.43148,20.93748,0.00000));
#2671 = VERTEX_POINT('',#2670);
#2672 = CARTESIAN_POINT('',(0.74474,21.13913,0.00000));
#2673 = VERTEX_POINT('',#2672);
#2674 = CARTESIAN_POINT('',(0.36148,21.13913,0.00000));
#2675 = VERTEX_POINT('',#2674);
#2676 = CARTESIAN_POINT('',(0.02901,21.13913,0.00000));
#2677 = VERTEX_POINT('',#2676);
#2678 = CARTESIAN_POINT('',(0.00000,52.45798,0.00000));
#2679 = DIRECTION('',(1.000000,0.000000,0.000000));
#2680 = VECTOR('',#2679,0.36148);
#2681 = LINE('',#2678,#2680);
#2682 = EDGE_CURVE('',#2299,#2301,#2681,.T.);
#2683 = CARTESIAN_POINT('',(0.36148,52.45798,0.00000));
#2684 = DIRECTION('',(1.000000,0.000000,0.000000));
#2685 = VECTOR('',#2684,0.36148);
#2686 = LINE('',#2683,#2685);
#2687 = EDGE_CURVE('',#2301,#2303,#2686,.T.);
#2688 = CARTESIAN_POINT('',(0.72296,52.45798,0.00000));
#2689 = DIRECTION('',(0.959493,0.281733,0.000000));
#2690 = VECTOR('',#2689,0.72296);
#2691 = LINE('',#2688,#2690);
#2692 = EDGE_CURVE('',#2303,#2305,#2691,.T.);
#2693 = CARTESIAN_POINT('',(1.41663,52.66166,0.00000));
#2694 = DIRECTION('',(0.841254,0.540641,0.000000));
#2695 = VECTOR('',#2694,0.72296);
#2696 = LINE('',#2693,#2695);
#2697 = EDGE_CURVE('',#2305,#2307,#2696,.T.);
#2698 = CARTESIAN_POINT('',(2.02483,53.05252,0.00000));
#2699 = DIRECTION('',(0.654861,0.755750,0.000000));
#2700 = VECTOR('',#2699,0.72296);
#2701 = LINE('',#2698,#2700);
#2702 = EDGE_CURVE('',#2307,#2309,#2701,.T.);
#2703 = CARTESIAN_POINT('',(2.49826,53.59890,0.00000));
#2704 = DIRECTION('',(0.415415,0.909632,0.000000));
#2705 = VECTOR('',#2704,0.72296);
#2706 = LINE('',#2703,#2705);
#2707 = EDGE_CURVE('',#2309,#2311,#2706,.T.);
#2708 = CARTESIAN_POINT('',(2.79859,54.25652,0.00000));
#2709 = DIRECTION('',(0.142315,0.989821,0.000000));
#2710 = VECTOR('',#2709,0.72296);
#2711 = LINE('',#2708,#2710);
#2712 = EDGE_CURVE('',#2311,#2313,#2711,.T.);
#2713 = CARTESIAN_POINT('',(2.90148,54.97212,0.00000));
#2714 = DIRECTION('',(0.000000,1.000000,0.000000));
#2715 = VECTOR('',#2714,5.00380);
#2716 = LINE('',#2713,#2715);
#2717 = EDGE_CURVE('',#2313,#2315,#2716,.T.);
#2718 = CARTESIAN_POINT('',(2.90148,59.97592,0.00000));
#2719 = DIRECTION('',(0.000000,1.000000,0.000000));
#2720 = VECTOR('',#2719,11.54161);
#2721 = LINE('',#2718,#2720);
#2722 = EDGE_CURVE('',#2315,#2317,#2721,.T.);
#2723 = CARTESIAN_POINT('',(2.90148,71.51754,0.00000));
#2724 = DIRECTION('',(0.033889,0.999426,0.000000));
#2725 = VECTOR('',#2724,0.16944);
#2726 = LINE('',#2723,#2725);
#2727 = EDGE_CURVE('',#2317,#2319,#2726,.T.);
#2728 = CARTESIAN_POINT('',(2.90722,71.68688,0.00000));
#2729 = DIRECTION('',(0.101511,0.994834,0.000000));
#2730 = VECTOR('',#2729,0.16944);
#2731 = LINE('',#2728,#2730);
#2732 = EDGE_CURVE('',#2319,#2321,#2731,.T.);
#2733 = CARTESIAN_POINT('',(2.92442,71.85545,0.00000));
#2734 = DIRECTION('',(0.168666,0.985673,0.000000));
#2735 = VECTOR('',#2734,0.16944);
#2736 = LINE('',#2733,#2735);
#2737 = EDGE_CURVE('',#2321,#2323,#2736,.T.);
#2738 = CARTESIAN_POINT('',(2.95300,72.02247,0.00000));
#2739 = DIRECTION('',(0.235047,0.971984,0.000000));
#2740 = VECTOR('',#2739,0.16944);
#2741 = LINE('',#2738,#2740);
#2742 = EDGE_CURVE('',#2323,#2325,#2741,.T.);
#2743 = CARTESIAN_POINT('',(2.99283,72.18716,0.00000));
#2744 = DIRECTION('',(0.300348,0.953830,0.000000));
#2745 = VECTOR('',#2744,0.16944);
#2746 = LINE('',#2743,#2745);
#2747 = EDGE_CURVE('',#2325,#2327,#2746,.T.);
#2748 = CARTESIAN_POINT('',(3.04372,72.34878,0.00000));
#2749 = DIRECTION('',(0.364269,0.931294,0.000000));
#2750 = VECTOR('',#2749,0.16944);
#2751 = LINE('',#2748,#2750);
#2752 = EDGE_CURVE('',#2327,#2329,#2751,.T.);
#2753 = CARTESIAN_POINT('',(3.10544,72.50659,0.00000));
#2754 = DIRECTION('',(0.426517,0.904479,0.000000));
#2755 = VECTOR('',#2754,0.16944);
#2756 = LINE('',#2753,#2755);
#2757 = EDGE_CURVE('',#2329,#2331,#2756,.T.);
#2758 = CARTESIAN_POINT('',(3.17772,72.65985,0.00000));
#2759 = DIRECTION('',(0.486806,0.873510,0.000000));
#2760 = VECTOR('',#2759,0.16944);
#2761 = LINE('',#2758,#2760);
#2762 = EDGE_CURVE('',#2331,#2333,#2761,.T.);
#2763 = CARTESIAN_POINT('',(3.26020,72.80786,0.00000));
#2764 = DIRECTION('',(0.516128,0.856511,0.000000));
#2765 = VECTOR('',#2764,21.36057);
#2766 = LINE('',#2763,#2765);
#2767 = EDGE_CURVE('',#2333,#2335,#2766,.T.);
#2768 = CARTESIAN_POINT('',(14.28500,91.10342,0.00000));
#2769 = DIRECTION('',(0.596370,0.802710,0.000000));
#2770 = VECTOR('',#2769,0.48248);
#2771 = LINE('',#2768,#2770);
#2772 = EDGE_CURVE('',#2335,#2337,#2771,.T.);
#2773 = CARTESIAN_POINT('',(14.57274,91.49071,0.00000));
#2774 = DIRECTION('',(0.739457,0.673204,0.000000));
#2775 = VECTOR('',#2774,0.48248);
#2776 = LINE('',#2773,#2775);
#2777 = EDGE_CURVE('',#2337,#2339,#2776,.T.);
#2778 = CARTESIAN_POINT('',(14.92951,91.81552,0.00000));
#2779 = DIRECTION('',(0.855002,0.518624,0.000000));
#2780 = VECTOR('',#2779,0.48248);
#2781 = LINE('',#2778,#2780);
#2782 = EDGE_CURVE('',#2339,#2341,#2781,.T.);
#2783 = CARTESIAN_POINT('',(15.34203,92.06575,0.00000));
#2784 = DIRECTION('',(0.938703,0.344728,0.000000));
#2785 = VECTOR('',#2784,0.48248);
#2786 = LINE('',#2783,#2785);
#2787 = EDGE_CURVE('',#2341,#2343,#2786,.T.);
#2788 = CARTESIAN_POINT('',(15.79493,92.23207,0.00000));
#2789 = DIRECTION('',(0.987440,0.157991,0.000000));
#2790 = VECTOR('',#2789,0.48248);
#2791 = LINE('',#2788,#2790);
#2792 = EDGE_CURVE('',#2343,#2345,#2791,.T.);
#2793 = CARTESIAN_POINT('',(16.27135,92.30830,0.00000));
#2794 = DIRECTION('',(0.999400,-0.034629,0.000000));
#2795 = VECTOR('',#2794,0.48248);
#2796 = LINE('',#2793,#2795);
#2797 = EDGE_CURVE('',#2345,#2347,#2796,.T.);
#2798 = CARTESIAN_POINT('',(16.75354,92.29159,0.00000));
#2799 = DIRECTION('',(0.974137,-0.225960,0.000000));
#2800 = VECTOR('',#2799,0.48248);
#2801 = LINE('',#2798,#2800);
#2802 = EDGE_CURVE('',#2347,#2349,#2801,.T.);
#2803 = CARTESIAN_POINT('',(17.22354,92.18257,0.00000));
#2804 = DIRECTION('',(0.912590,-0.408875,0.000000));
#2805 = VECTOR('',#2804,0.48248);
#2806 = LINE('',#2803,#2805);
#2807 = EDGE_CURVE('',#2349,#2351,#2806,.T.);
#2808 = CARTESIAN_POINT('',(17.66385,91.98529,0.00000));
#2809 = DIRECTION('',(0.868877,-0.495028,0.000000));
#2810 = VECTOR('',#2809,16.69368);
#2811 = LINE('',#2808,#2810);
#2812 = EDGE_CURVE('',#2351,#2353,#2811,.T.);
#2813 = CARTESIAN_POINT('',(32.16861,83.72145,0.00000));
#2814 = DIRECTION('',(0.882402,-0.470496,0.000000));
#2815 = VECTOR('',#2814,0.14005);
#2816 = LINE('',#2813,#2815);
#2817 = EDGE_CURVE('',#2353,#2355,#2816,.T.);
#2818 = CARTESIAN_POINT('',(32.29219,83.65556,0.00000));
#2819 = DIRECTION('',(0.907365,-0.420344,0.000000));
#2820 = VECTOR('',#2819,0.14005);
#2821 = LINE('',#2818,#2820);
#2822 = EDGE_CURVE('',#2355,#2357,#2821,.T.);
#2823 = CARTESIAN_POINT('',(32.41927,83.59669,0.00000));
#2824 = DIRECTION('',(0.929480,-0.368873,0.000000));
#2825 = VECTOR('',#2824,0.14005);
#2826 = LINE('',#2823,#2825);
#2827 = EDGE_CURVE('',#2357,#2359,#2826,.T.);
#2828 = CARTESIAN_POINT('',(32.54945,83.54503,0.00000));
#2829 = DIRECTION('',(0.948678,-0.316244,0.000000));
#2830 = VECTOR('',#2829,0.14005);
#2831 = LINE('',#2828,#2830);
#2832 = EDGE_CURVE('',#2359,#2361,#2831,.T.);
#2833 = CARTESIAN_POINT('',(32.68231,83.50074,0.00000));
#2834 = DIRECTION('',(0.964899,-0.262623,0.000000));
#2835 = VECTOR('',#2834,0.14005);
#2836 = LINE('',#2833,#2835);
#2837 = EDGE_CURVE('',#2361,#2363,#2836,.T.);
#2838 = CARTESIAN_POINT('',(32.81745,83.46396,0.00000));
#2839 = DIRECTION('',(0.978091,-0.208177,0.000000));
#2840 = VECTOR('',#2839,0.14005);
#2841 = LINE('',#2838,#2840);
#2842 = EDGE_CURVE('',#2363,#2365,#2841,.T.);
#2843 = CARTESIAN_POINT('',(32.95443,83.43480,0.00000));
#2844 = DIRECTION('',(0.988214,-0.153079,0.000000));
#2845 = VECTOR('',#2844,0.14005);
#2846 = LINE('',#2843,#2845);
#2847 = EDGE_CURVE('',#2365,#2367,#2846,.T.);
#2848 = CARTESIAN_POINT('',(33.09283,83.41336,0.00000));
#2849 = DIRECTION('',(0.995236,-0.097499,0.000000));
#2850 = VECTOR('',#2849,0.14005);
#2851 = LINE('',#2848,#2850);
#2852 = EDGE_CURVE('',#2367,#2369,#2851,.T.);
#2853 = CARTESIAN_POINT('',(33.23222,83.39971,0.00000));
#2854 = DIRECTION('',(0.997576,-0.069584,0.000000));
#2855 = VECTOR('',#2854,40.67813);
#2856 = LINE('',#2853,#2855);
#2857 = EDGE_CURVE('',#2369,#2371,#2856,.T.);
#2858 = CARTESIAN_POINT('',(73.81174,80.56916,0.00000));
#2859 = DIRECTION('',(0.997547,-0.070003,0.000000));
#2860 = VECTOR('',#2859,1.17567);
#2861 = LINE('',#2858,#2860);
#2862 = EDGE_CURVE('',#2371,#2373,#2861,.T.);
#2863 = CARTESIAN_POINT('',(74.98452,80.48686,0.00000));
#2864 = DIRECTION('',(0.992138,-0.125151,0.000000));
#2865 = VECTOR('',#2864,0.06431);
#2866 = LINE('',#2863,#2865);
#2867 = EDGE_CURVE('',#2373,#2375,#2866,.T.);
#2868 = CARTESIAN_POINT('',(75.04833,80.47881,0.00000));
#2869 = DIRECTION('',(0.972206,-0.234126,0.000000));
#2870 = VECTOR('',#2869,0.06431);
#2871 = LINE('',#2868,#2870);
#2872 = EDGE_CURVE('',#2375,#2377,#2871,.T.);
#2873 = CARTESIAN_POINT('',(75.11086,80.46375,0.00000));
#2874 = DIRECTION('',(0.940343,-0.340228,0.000000));
#2875 = VECTOR('',#2874,0.06431);
#2876 = LINE('',#2873,#2875);
#2877 = EDGE_CURVE('',#2377,#2379,#2876,.T.);
#2878 = CARTESIAN_POINT('',(75.17134,80.44187,0.00000));
#2879 = DIRECTION('',(0.896939,-0.442154,0.000000));
#2880 = VECTOR('',#2879,0.06431);
#2881 = LINE('',#2878,#2880);
#2882 = EDGE_CURVE('',#2379,#2381,#2881,.T.);
#2883 = CARTESIAN_POINT('',(75.22902,80.41343,0.00000));
#2884 = DIRECTION('',(0.842527,-0.538654,0.000000));
#2885 = VECTOR('',#2884,0.06431);
#2886 = LINE('',#2883,#2885);
#2887 = EDGE_CURVE('',#2381,#2383,#2886,.T.);
#2888 = CARTESIAN_POINT('',(75.28321,80.37879,0.00000));
#2889 = DIRECTION('',(0.777775,-0.628543,0.000000));
#2890 = VECTOR('',#2889,0.06431);
#2891 = LINE('',#2888,#2890);
#2892 = EDGE_CURVE('',#2383,#2385,#2891,.T.);
#2893 = CARTESIAN_POINT('',(75.33323,80.33837,0.00000));
#2894 = DIRECTION('',(0.703477,-0.710718,0.000000));
#2895 = VECTOR('',#2894,0.06431);
#2896 = LINE('',#2893,#2895);
#2897 = EDGE_CURVE('',#2385,#2387,#2896,.T.);
#2898 = CARTESIAN_POINT('',(75.37848,80.29266,0.00000));
#2899 = DIRECTION('',(0.620546,-0.784170,0.000000));
#2900 = VECTOR('',#2899,0.06431);
#2901 = LINE('',#2898,#2900);
#2902 = EDGE_CURVE('',#2387,#2389,#2901,.T.);
#2903 = CARTESIAN_POINT('',(75.41839,80.24222,0.00000));
#2904 = DIRECTION('',(0.576157,-0.817339,0.000000));
#2905 = VECTOR('',#2904,18.68094);
#2906 = LINE('',#2903,#2905);
#2907 = EDGE_CURVE('',#2389,#2391,#2906,.T.);
#2908 = CARTESIAN_POINT('',(86.18154,64.97356,0.00000));
#2909 = DIRECTION('',(0.576910,-0.816807,0.000000));
#2910 = VECTOR('',#2909,0.62193);
#2911 = LINE('',#2908,#2910);
#2912 = EDGE_CURVE('',#2391,#2393,#2911,.T.);
#2913 = CARTESIAN_POINT('',(86.54034,64.46556,0.00000));
#2914 = DIRECTION('',(0.071337,-0.997452,0.000000));
#2915 = VECTOR('',#2914,0.05436);
#2916 = LINE('',#2913,#2915);
#2917 = EDGE_CURVE('',#2393,#2395,#2916,.T.);
#2918 = CARTESIAN_POINT('',(86.54422,64.41134,0.00000));
#2919 = DIRECTION('',(0.212563,-0.977147,0.000000));
#2920 = VECTOR('',#2919,0.05436);
#2921 = LINE('',#2918,#2920);
#2922 = EDGE_CURVE('',#2395,#2397,#2921,.T.);
#2923 = CARTESIAN_POINT('',(86.55578,64.35822,0.00000));
#2924 = DIRECTION('',(0.349463,-0.936950,0.000000));
#2925 = VECTOR('',#2924,0.05436);
#2926 = LINE('',#2923,#2925);
#2927 = EDGE_CURVE('',#2397,#2399,#2926,.T.);
#2928 = CARTESIAN_POINT('',(86.57477,64.30729,0.00000));
#2929 = DIRECTION('',(0.479248,-0.877679,0.000000));
#2930 = VECTOR('',#2929,0.05436);
#2931 = LINE('',#2928,#2930);
#2932 = EDGE_CURVE('',#2399,#2401,#2931,.T.);
#2933 = CARTESIAN_POINT('',(86.60082,64.25958,0.00000));
#2934 = DIRECTION('',(0.599277,-0.800542,0.000000));
#2935 = VECTOR('',#2934,0.05436);
#2936 = LINE('',#2933,#2935);
#2937 = EDGE_CURVE('',#2401,#2403,#2936,.T.);
#2938 = CARTESIAN_POINT('',(86.63340,64.21606,0.00000));
#2939 = DIRECTION('',(0.707107,-0.707107,0.000000));
#2940 = VECTOR('',#2939,0.05436);
#2941 = LINE('',#2938,#2940);
#2942 = EDGE_CURVE('',#2403,#2405,#2941,.T.);
#2943 = CARTESIAN_POINT('',(86.67184,64.17762,0.00000));
#2944 = DIRECTION('',(0.800542,-0.599277,0.000000));
#2945 = VECTOR('',#2944,0.05436);
#2946 = LINE('',#2943,#2945);
#2947 = EDGE_CURVE('',#2405,#2407,#2946,.T.);
#2948 = CARTESIAN_POINT('',(86.71536,64.14504,0.00000));
#2949 = DIRECTION('',(0.877679,-0.479248,0.000000));
#2950 = VECTOR('',#2949,0.05436);
#2951 = LINE('',#2948,#2950);
#2952 = EDGE_CURVE('',#2407,#2409,#2951,.T.);
#2953 = CARTESIAN_POINT('',(86.76307,64.11899,0.00000));
#2954 = DIRECTION('',(0.936950,-0.349463,0.000000));
#2955 = VECTOR('',#2954,0.05436);
#2956 = LINE('',#2953,#2955);
#2957 = EDGE_CURVE('',#2409,#2411,#2956,.T.);
#2958 = CARTESIAN_POINT('',(86.81400,64.09999,0.00000));
#2959 = DIRECTION('',(0.977147,-0.212563,0.000000));
#2960 = VECTOR('',#2959,0.05436);
#2961 = LINE('',#2958,#2960);
#2962 = EDGE_CURVE('',#2411,#2413,#2961,.T.);
#2963 = CARTESIAN_POINT('',(86.86712,64.08844,0.00000));
#2964 = DIRECTION('',(0.997452,-0.071337,0.000000));
#2965 = VECTOR('',#2964,0.05436);
#2966 = LINE('',#2963,#2965);
#2967 = EDGE_CURVE('',#2413,#2415,#2966,.T.);
#2968 = CARTESIAN_POINT('',(86.92134,64.08456,0.00000));
#2969 = DIRECTION('',(1.000000,0.000000,0.000000));
#2970 = VECTOR('',#2969,49.88560);
#2971 = LINE('',#2968,#2970);
#2972 = EDGE_CURVE('',#2415,#2417,#2971,.T.);
#2973 = CARTESIAN_POINT('',(136.80694,64.08456,0.00000));
#2974 = DIRECTION('',(0.999998,0.002048,0.000000));
#2975 = VECTOR('',#2974,2.24142);
#2976 = LINE('',#2973,#2975);
#2977 = EDGE_CURVE('',#2417,#2419,#2976,.T.);
#2978 = CARTESIAN_POINT('',(139.04836,64.08915,0.00000));
#2979 = DIRECTION('',(1.000000,0.000001,0.000000));
#2980 = VECTOR('',#2979,2.55467);
#2981 = LINE('',#2978,#2980);
#2982 = EDGE_CURVE('',#2419,#2421,#2981,.T.);
#2983 = CARTESIAN_POINT('',(141.60303,64.08915,0.00000));
#2984 = DIRECTION('',(0.995185,-0.098016,0.000000));
#2985 = VECTOR('',#2984,0.33387);
#2986 = LINE('',#2983,#2985);
#2987 = EDGE_CURVE('',#2421,#2423,#2986,.T.);
#2988 = CARTESIAN_POINT('',(141.93529,64.05643,0.00000));
#2989 = DIRECTION('',(0.956941,-0.290284,0.000000));
#2990 = VECTOR('',#2989,0.33387);
#2991 = LINE('',#2988,#2990);
#2992 = EDGE_CURVE('',#2423,#2425,#2991,.T.);
#2993 = CARTESIAN_POINT('',(142.25478,63.95951,0.00000));
#2994 = DIRECTION('',(0.881922,-0.471396,0.000000));
#2995 = VECTOR('',#2994,0.33387);
#2996 = LINE('',#2993,#2995);
#2997 = EDGE_CURVE('',#2425,#2427,#2996,.T.);
#2998 = CARTESIAN_POINT('',(142.54923,63.80213,0.00000));
#2999 = DIRECTION('',(0.773011,-0.634393,0.000000));
#3000 = VECTOR('',#2999,0.33387);
#3001 = LINE('',#2998,#3000);
#3002 = EDGE_CURVE('',#2427,#2429,#3001,.T.);
#3003 = CARTESIAN_POINT('',(142.80731,63.59032,0.00000));
#3004 = DIRECTION('',(0.634394,-0.773010,0.000000));
#3005 = VECTOR('',#3004,0.33387);
#3006 = LINE('',#3003,#3005);
#3007 = EDGE_CURVE('',#2429,#2431,#3006,.T.);
#3008 = CARTESIAN_POINT('',(143.01912,63.33224,0.00000));
#3009 = DIRECTION('',(0.471397,-0.881921,0.000000));
#3010 = VECTOR('',#3009,0.33387);
#3011 = LINE('',#3008,#3010);
#3012 = EDGE_CURVE('',#2431,#2433,#3011,.T.);
#3013 = CARTESIAN_POINT('',(143.17650,63.03779,0.00000));
#3014 = DIRECTION('',(0.290285,-0.956940,0.000000));
#3015 = VECTOR('',#3014,0.33387);
#3016 = LINE('',#3013,#3015);
#3017 = EDGE_CURVE('',#2433,#2435,#3016,.T.);
#3018 = CARTESIAN_POINT('',(143.27342,62.71830,0.00000));
#3019 = DIRECTION('',(0.098017,-0.995185,0.000000));
#3020 = VECTOR('',#3019,0.33387);
#3021 = LINE('',#3018,#3020);
#3022 = EDGE_CURVE('',#2435,#2437,#3021,.T.);
#3023 = CARTESIAN_POINT('',(143.30614,62.38604,0.00000));
#3024 = DIRECTION('',(0.000000,-1.000000,0.000000));
#3025 = VECTOR('',#3024,52.95698);
#3026 = LINE('',#3023,#3025);
#3027 = EDGE_CURVE('',#2437,#2439,#3026,.T.);
#3028 = CARTESIAN_POINT('',(143.30614,9.42905,0.00000));
#3029 = DIRECTION('',(-0.098017,-0.995185,0.000000));
#3030 = VECTOR('',#3029,0.49009);
#3031 = LINE('',#3028,#3030);
#3032 = EDGE_CURVE('',#2439,#2441,#3031,.T.);
#3033 = CARTESIAN_POINT('',(143.25811,8.94133,0.00000));
#3034 = DIRECTION('',(-0.290285,-0.956940,0.000000));
#3035 = VECTOR('',#3034,0.49009);
#3036 = LINE('',#3033,#3035);
#3037 = EDGE_CURVE('',#2441,#2443,#3036,.T.);
#3038 = CARTESIAN_POINT('',(143.11584,8.47235,0.00000));
#3039 = DIRECTION('',(-0.471397,-0.881921,0.000000));
#3040 = VECTOR('',#3039,0.49009);
#3041 = LINE('',#3038,#3040);
#3042 = EDGE_CURVE('',#2443,#2445,#3041,.T.);
#3043 = CARTESIAN_POINT('',(142.88482,8.04013,0.00000));
#3044 = DIRECTION('',(-0.634393,-0.773010,0.000000));
#3045 = VECTOR('',#3044,0.49009);
#3046 = LINE('',#3043,#3045);
#3047 = EDGE_CURVE('',#2445,#2447,#3046,.T.);
#3048 = CARTESIAN_POINT('',(142.57391,7.66129,0.00000));
#3049 = DIRECTION('',(-0.773010,-0.634393,0.000000));
#3050 = VECTOR('',#3049,0.49009);
#3051 = LINE('',#3048,#3050);
#3052 = EDGE_CURVE('',#2447,#2449,#3051,.T.);
#3053 = CARTESIAN_POINT('',(142.19507,7.35038,0.00000));
#3054 = DIRECTION('',(-0.881921,-0.471397,0.000000));
#3055 = VECTOR('',#3054,0.49009);
#3056 = LINE('',#3053,#3055);
#3057 = EDGE_CURVE('',#2449,#2451,#3056,.T.);
#3058 = CARTESIAN_POINT('',(141.76285,7.11936,0.00000));
#3059 = DIRECTION('',(-0.956940,-0.290285,0.000000));
#3060 = VECTOR('',#3059,0.49009);
#3061 = LINE('',#3058,#3060);
#3062 = EDGE_CURVE('',#2451,#2453,#3061,.T.);
#3063 = CARTESIAN_POINT('',(141.29387,6.97709,0.00000));
#3064 = DIRECTION('',(-0.995185,-0.098017,0.000000));
#3065 = VECTOR('',#3064,0.49009);
#3066 = LINE('',#3063,#3065);
#3067 = EDGE_CURVE('',#2453,#2455,#3066,.T.);
#3068 = CARTESIAN_POINT('',(140.80614,6.92905,0.00000));
#3069 = DIRECTION('',(-1.000000,0.000000,0.000000));
#3070 = VECTOR('',#3069,13.50017);
#3071 = LINE('',#3068,#3070);
#3072 = EDGE_CURVE('',#2455,#2457,#3071,.T.);
#3073 = CARTESIAN_POINT('',(127.30597,6.92905,0.00000));
#3074 = DIRECTION('',(-1.000000,0.000707,0.000000));
#3075 = VECTOR('',#3074,8.12663);
#3076 = LINE('',#3073,#3075);
#3077 = EDGE_CURVE('',#2457,#2459,#3076,.T.);
#3078 = CARTESIAN_POINT('',(119.17934,6.93480,0.00000));
#3079 = DIRECTION('',(-1.000000,0.000000,0.000000));
#3080 = VECTOR('',#3079,13.81760);
#3081 = LINE('',#3078,#3080);
#3082 = EDGE_CURVE('',#2459,#2461,#3081,.T.);
#3083 = CARTESIAN_POINT('',(105.36174,6.93480,0.00000));
#3084 = DIRECTION('',(-0.997452,-0.071336,0.000000));
#3085 = VECTOR('',#3084,0.03627);
#3086 = LINE('',#3083,#3085);
#3087 = EDGE_CURVE('',#2461,#2463,#3086,.T.);
#3088 = CARTESIAN_POINT('',(105.32556,6.93221,0.00000));
#3089 = DIRECTION('',(-0.977147,-0.212562,0.000000));
#3090 = VECTOR('',#3089,0.03627);
#3091 = LINE('',#3088,#3090);
#3092 = EDGE_CURVE('',#2463,#2465,#3091,.T.);
#3093 = CARTESIAN_POINT('',(105.29012,6.92450,0.00000));
#3094 = DIRECTION('',(-0.936950,-0.349462,0.000000));
#3095 = VECTOR('',#3094,0.03627);
#3096 = LINE('',#3093,#3095);
#3097 = EDGE_CURVE('',#2465,#2467,#3096,.T.);
#3098 = CARTESIAN_POINT('',(105.25613,6.91182,0.00000));
#3099 = DIRECTION('',(-0.877680,-0.479248,0.000000));
#3100 = VECTOR('',#3099,0.03627);
#3101 = LINE('',#3098,#3100);
#3102 = EDGE_CURVE('',#2467,#2469,#3101,.T.);
#3103 = CARTESIAN_POINT('',(105.22429,6.89444,0.00000));
#3104 = DIRECTION('',(-0.800542,-0.599277,0.000000));
#3105 = VECTOR('',#3104,0.03627);
#3106 = LINE('',#3103,#3105);
#3107 = EDGE_CURVE('',#2469,#2471,#3106,.T.);
#3108 = CARTESIAN_POINT('',(105.19525,6.87270,0.00000));
#3109 = DIRECTION('',(-0.707107,-0.707107,0.000000));
#3110 = VECTOR('',#3109,0.03627);
#3111 = LINE('',#3108,#3110);
#3112 = EDGE_CURVE('',#2471,#2473,#3111,.T.);
#3113 = CARTESIAN_POINT('',(105.16960,6.84705,0.00000));
#3114 = DIRECTION('',(-0.599277,-0.800542,0.000000));
#3115 = VECTOR('',#3114,0.03627);
#3116 = LINE('',#3113,#3115);
#3117 = EDGE_CURVE('',#2473,#2475,#3116,.T.);
#3118 = CARTESIAN_POINT('',(105.14786,6.81801,0.00000));
#3119 = DIRECTION('',(-0.479248,-0.877680,0.000000));
#3120 = VECTOR('',#3119,0.03627);
#3121 = LINE('',#3118,#3120);
#3122 = EDGE_CURVE('',#2475,#2477,#3121,.T.);
#3123 = CARTESIAN_POINT('',(105.13048,6.78617,0.00000));
#3124 = DIRECTION('',(-0.349462,-0.936950,0.000000));
#3125 = VECTOR('',#3124,0.03627);
#3126 = LINE('',#3123,#3125);
#3127 = EDGE_CURVE('',#2477,#2479,#3126,.T.);
#3128 = CARTESIAN_POINT('',(105.11780,6.75219,0.00000));
#3129 = DIRECTION('',(-0.212562,-0.977147,0.000000));
#3130 = VECTOR('',#3129,0.03627);
#3131 = LINE('',#3128,#3130);
#3132 = EDGE_CURVE('',#2479,#2481,#3131,.T.);
#3133 = CARTESIAN_POINT('',(105.11009,6.71674,0.00000));
#3134 = DIRECTION('',(-0.071336,-0.997452,0.000000));
#3135 = VECTOR('',#3134,0.03627);
#3136 = LINE('',#3133,#3135);
#3137 = EDGE_CURVE('',#2481,#2483,#3136,.T.);
#3138 = CARTESIAN_POINT('',(105.10751,6.68056,0.00000));
#3139 = DIRECTION('',(0.000000,-1.000000,0.000000));
#3140 = VECTOR('',#3139,3.88620);
#3141 = LINE('',#3138,#3140);
#3142 = EDGE_CURVE('',#2483,#2485,#3141,.T.);
#3143 = CARTESIAN_POINT('',(105.10751,2.79436,0.00000));
#3144 = DIRECTION('',(-0.071349,-0.997451,0.000000));
#3145 = VECTOR('',#3144,0.02171);
#3146 = LINE('',#3143,#3145);
#3147 = EDGE_CURVE('',#2485,#2487,#3146,.T.);
#3148 = CARTESIAN_POINT('',(105.10596,2.77271,0.00000));
#3149 = DIRECTION('',(-0.212573,-0.977145,0.000000));
#3150 = VECTOR('',#3149,0.02171);
#3151 = LINE('',#3148,#3150);
#3152 = EDGE_CURVE('',#2487,#2489,#3151,.T.);
#3153 = CARTESIAN_POINT('',(105.10134,2.75149,0.00000));
#3154 = DIRECTION('',(-0.349470,-0.936948,0.000000));
#3155 = VECTOR('',#3154,0.02171);
#3156 = LINE('',#3153,#3155);
#3157 = EDGE_CURVE('',#2489,#2491,#3156,.T.);
#3158 = CARTESIAN_POINT('',(105.09375,2.73115,0.00000));
#3159 = DIRECTION('',(-0.479252,-0.877677,0.000000));
#3160 = VECTOR('',#3159,0.02171);
#3161 = LINE('',#3158,#3160);
#3162 = EDGE_CURVE('',#2491,#2493,#3161,.T.);
#3163 = CARTESIAN_POINT('',(105.08335,2.71209,0.00000));
#3164 = DIRECTION('',(-0.599279,-0.800540,0.000000));
#3165 = VECTOR('',#3164,0.02171);
#3166 = LINE('',#3163,#3165);
#3167 = EDGE_CURVE('',#2493,#2495,#3166,.T.);
#3168 = CARTESIAN_POINT('',(105.07034,2.69471,0.00000));
#3169 = DIRECTION('',(-0.707107,-0.707107,0.000000));
#3170 = VECTOR('',#3169,0.02171);
#3171 = LINE('',#3168,#3170);
#3172 = EDGE_CURVE('',#2495,#2497,#3171,.T.);
#3173 = CARTESIAN_POINT('',(105.05499,2.67936,0.00000));
#3174 = DIRECTION('',(-0.800540,-0.599279,0.000000));
#3175 = VECTOR('',#3174,0.02171);
#3176 = LINE('',#3173,#3175);
#3177 = EDGE_CURVE('',#2497,#2499,#3176,.T.);
#3178 = CARTESIAN_POINT('',(105.03761,2.66635,0.00000));
#3179 = DIRECTION('',(-0.877677,-0.479252,0.000000));
#3180 = VECTOR('',#3179,0.02171);
#3181 = LINE('',#3178,#3180);
#3182 = EDGE_CURVE('',#2499,#2501,#3181,.T.);
#3183 = CARTESIAN_POINT('',(105.01855,2.65595,0.00000));
#3184 = DIRECTION('',(-0.936948,-0.349470,0.000000));
#3185 = VECTOR('',#3184,0.02171);
#3186 = LINE('',#3183,#3185);
#3187 = EDGE_CURVE('',#2501,#2503,#3186,.T.);
#3188 = CARTESIAN_POINT('',(104.99821,2.64836,0.00000));
#3189 = DIRECTION('',(-0.977145,-0.212573,0.000000));
#3190 = VECTOR('',#3189,0.02171);
#3191 = LINE('',#3188,#3190);
#3192 = EDGE_CURVE('',#2503,#2505,#3191,.T.);
#3193 = CARTESIAN_POINT('',(104.97700,2.64375,0.00000));
#3194 = DIRECTION('',(-0.997451,-0.071349,0.000000));
#3195 = VECTOR('',#3194,0.02171);
#3196 = LINE('',#3193,#3195);
#3197 = EDGE_CURVE('',#2505,#2507,#3196,.T.);
#3198 = CARTESIAN_POINT('',(104.95534,2.64220,0.00000));
#3199 = DIRECTION('',(-1.000000,0.000000,0.000000));
#3200 = VECTOR('',#3199,18.84680);
#3201 = LINE('',#3198,#3200);
#3202 = EDGE_CURVE('',#2507,#2509,#3201,.T.);
#3203 = CARTESIAN_POINT('',(86.10854,2.64220,0.00000));
#3204 = DIRECTION('',(-0.997452,-0.071342,0.000000));
#3205 = VECTOR('',#3204,0.03265);
#3206 = LINE('',#3203,#3205);
#3207 = EDGE_CURVE('',#2509,#2511,#3206,.T.);
#3208 = CARTESIAN_POINT('',(86.07598,2.63987,0.00000));
#3209 = DIRECTION('',(-0.977146,-0.212567,0.000000));
#3210 = VECTOR('',#3209,0.03265);
#3211 = LINE('',#3208,#3210);
#3212 = EDGE_CURVE('',#2511,#2513,#3211,.T.);
#3213 = CARTESIAN_POINT('',(86.04407,2.63293,0.00000));
#3214 = DIRECTION('',(-0.936949,-0.349466,0.000000));
#3215 = VECTOR('',#3214,0.03265);
#3216 = LINE('',#3213,#3215);
#3217 = EDGE_CURVE('',#2513,#2515,#3216,.T.);
#3218 = CARTESIAN_POINT('',(86.01348,2.62152,0.00000));
#3219 = DIRECTION('',(-0.877678,-0.479250,0.000000));
#3220 = VECTOR('',#3219,0.03265);
#3221 = LINE('',#3218,#3220);
#3222 = EDGE_CURVE('',#2515,#2517,#3221,.T.);
#3223 = CARTESIAN_POINT('',(85.98482,2.60587,0.00000));
#3224 = DIRECTION('',(-0.800541,-0.599278,0.000000));
#3225 = VECTOR('',#3224,0.03265);
#3226 = LINE('',#3223,#3225);
#3227 = EDGE_CURVE('',#2517,#2519,#3226,.T.);
#3228 = CARTESIAN_POINT('',(85.95869,2.58630,0.00000));
#3229 = DIRECTION('',(-0.707107,-0.707107,0.000000));
#3230 = VECTOR('',#3229,0.03265);
#3231 = LINE('',#3228,#3230);
#3232 = EDGE_CURVE('',#2519,#2521,#3231,.T.);
#3233 = CARTESIAN_POINT('',(85.93560,2.56322,0.00000));
#3234 = DIRECTION('',(-0.599278,-0.800541,0.000000));
#3235 = VECTOR('',#3234,0.03265);
#3236 = LINE('',#3233,#3235);
#3237 = EDGE_CURVE('',#2521,#2523,#3236,.T.);
#3238 = CARTESIAN_POINT('',(85.91603,2.53708,0.00000));
#3239 = DIRECTION('',(-0.479250,-0.877678,0.000000));
#3240 = VECTOR('',#3239,0.03265);
#3241 = LINE('',#3238,#3240);
#3242 = EDGE_CURVE('',#2523,#2525,#3241,.T.);
#3243 = CARTESIAN_POINT('',(85.90039,2.50842,0.00000));
#3244 = DIRECTION('',(-0.349466,-0.936949,0.000000));
#3245 = VECTOR('',#3244,0.03265);
#3246 = LINE('',#3243,#3245);
#3247 = EDGE_CURVE('',#2525,#2527,#3246,.T.);
#3248 = CARTESIAN_POINT('',(85.88898,2.47783,0.00000));
#3249 = DIRECTION('',(-0.212567,-0.977146,0.000000));
#3250 = VECTOR('',#3249,0.03265);
#3251 = LINE('',#3248,#3250);
#3252 = EDGE_CURVE('',#2527,#2529,#3251,.T.);
#3253 = CARTESIAN_POINT('',(85.88204,2.44593,0.00000));
#3254 = DIRECTION('',(-0.071342,-0.997452,0.000000));
#3255 = VECTOR('',#3254,0.03265);
#3256 = LINE('',#3253,#3255);
#3257 = EDGE_CURVE('',#2529,#2531,#3256,.T.);
#3258 = CARTESIAN_POINT('',(85.87971,2.41336,0.00000));
#3259 = DIRECTION('',(0.000000,-1.000000,0.000000));
#3260 = VECTOR('',#3259,2.00391);
#3261 = LINE('',#3258,#3260);
#3262 = EDGE_CURVE('',#2531,#2533,#3261,.T.);
#3263 = CARTESIAN_POINT('',(85.87971,0.40945,0.00000));
#3264 = DIRECTION('',(-0.121296,-0.992616,0.000000));
#3265 = VECTOR('',#3264,0.05960);
#3266 = LINE('',#3263,#3265);
#3267 = EDGE_CURVE('',#2533,#2535,#3266,.T.);
#3268 = CARTESIAN_POINT('',(85.87248,0.35029,0.00000));
#3269 = DIRECTION('',(-0.256708,-0.966489,0.000000));
#3270 = VECTOR('',#3269,0.05960);
#3271 = LINE('',#3268,#3270);
#3272 = EDGE_CURVE('',#2535,#2537,#3271,.T.);
#3273 = CARTESIAN_POINT('',(85.85718,0.29269,0.00000));
#3274 = DIRECTION('',(-0.387237,-0.921980,0.000000));
#3275 = VECTOR('',#3274,0.05960);
#3276 = LINE('',#3273,#3275);
#3277 = EDGE_CURVE('',#2537,#2539,#3276,.T.);
#3278 = CARTESIAN_POINT('',(85.83410,0.23774,0.00000));
#3279 = DIRECTION('',(-0.510402,-0.859936,0.000000));
#3280 = VECTOR('',#3279,0.05960);
#3281 = LINE('',#3278,#3280);
#3282 = EDGE_CURVE('',#2539,#2541,#3281,.T.);
#3283 = CARTESIAN_POINT('',(85.80368,0.18648,0.00000));
#3284 = DIRECTION('',(-0.623859,-0.781537,0.000000));
#3285 = VECTOR('',#3284,0.05960);
#3286 = LINE('',#3283,#3285);
#3287 = EDGE_CURVE('',#2541,#2543,#3286,.T.);
#3288 = CARTESIAN_POINT('',(85.76650,0.13991,0.00000));
#3289 = DIRECTION('',(-0.725452,-0.688273,0.000000));
#3290 = VECTOR('',#3289,0.05960);
#3291 = LINE('',#3288,#3290);
#3292 = EDGE_CURVE('',#2543,#2545,#3291,.T.);
#3293 = CARTESIAN_POINT('',(85.72326,0.09889,0.00000));
#3294 = DIRECTION('',(-0.813246,-0.581920,0.000000));
#3295 = VECTOR('',#3294,0.05960);
#3296 = LINE('',#3293,#3295);
#3297 = EDGE_CURVE('',#2545,#2547,#3296,.T.);
#3298 = CARTESIAN_POINT('',(85.67479,0.06420,0.00000));
#3299 = DIRECTION('',(-0.885574,-0.464498,0.000000));
#3300 = VECTOR('',#3299,0.05960);
#3301 = LINE('',#3298,#3300);
#3302 = EDGE_CURVE('',#2547,#2549,#3301,.T.);
#3303 = CARTESIAN_POINT('',(85.62201,0.03652,0.00000));
#3304 = DIRECTION('',(-0.941059,-0.338243,0.000000));
#3305 = VECTOR('',#3304,0.05960);
#3306 = LINE('',#3303,#3305);
#3307 = EDGE_CURVE('',#2549,#2551,#3306,.T.);
#3308 = CARTESIAN_POINT('',(85.56593,0.01636,0.00000));
#3309 = DIRECTION('',(-0.978646,-0.205554,0.000000));
#3310 = VECTOR('',#3309,0.05960);
#3311 = LINE('',#3308,#3310);
#3312 = EDGE_CURVE('',#2551,#2553,#3311,.T.);
#3313 = CARTESIAN_POINT('',(85.50760,0.00411,0.00000));
#3314 = DIRECTION('',(-0.997620,-0.068957,0.000000));
#3315 = VECTOR('',#3314,0.05960);
#3316 = LINE('',#3313,#3315);
#3317 = EDGE_CURVE('',#2553,#2555,#3316,.T.);
#3318 = CARTESIAN_POINT('',(85.44814,0.00000,0.00000));
#3319 = DIRECTION('',(-1.000000,0.000000,0.000000));
#3320 = VECTOR('',#3319,20.45146);
#3321 = LINE('',#3318,#3320);
#3322 = EDGE_CURVE('',#2555,#2557,#3321,.T.);
#3323 = CARTESIAN_POINT('',(64.99668,0.00000,0.00000));
#3324 = DIRECTION('',(-0.999883,0.015313,0.000000));
#3325 = VECTOR('',#3324,0.05278);
#3326 = LINE('',#3323,#3325);
#3327 = EDGE_CURVE('',#2557,#2559,#3326,.T.);
#3328 = CARTESIAN_POINT('',(64.94391,0.00081,0.00000));
#3329 = DIRECTION('',(-0.986671,0.162728,0.000000));
#3330 = VECTOR('',#3329,0.05278);
#3331 = LINE('',#3328,#3330);
#3332 = EDGE_CURVE('',#2559,#2561,#3331,.T.);
#3333 = CARTESIAN_POINT('',(64.89184,0.00940,0.00000));
#3334 = DIRECTION('',(-0.951845,0.306579,0.000000));
#3335 = VECTOR('',#3334,0.05278);
#3336 = LINE('',#3333,#3335);
#3337 = EDGE_CURVE('',#2561,#2563,#3336,.T.);
#3338 = CARTESIAN_POINT('',(64.84161,0.02558,0.00000));
#3339 = DIRECTION('',(-0.896169,0.443713,0.000000));
#3340 = VECTOR('',#3339,0.05278);
#3341 = LINE('',#3338,#3340);
#3342 = EDGE_CURVE('',#2563,#2565,#3341,.T.);
#3343 = CARTESIAN_POINT('',(64.79431,0.04899,0.00000));
#3344 = DIRECTION('',(-0.820861,0.571128,0.000000));
#3345 = VECTOR('',#3344,0.05278);
#3346 = LINE('',#3343,#3345);
#3347 = EDGE_CURVE('',#2565,#2567,#3346,.T.);
#3348 = CARTESIAN_POINT('',(64.75099,0.07913,0.00000));
#3349 = DIRECTION('',(-0.727572,0.686031,0.000000));
#3350 = VECTOR('',#3349,0.05278);
#3351 = LINE('',#3348,#3350);
#3352 = EDGE_CURVE('',#2567,#2569,#3351,.T.);
#3353 = CARTESIAN_POINT('',(64.71259,0.11534,0.00000));
#3354 = DIRECTION('',(-0.618345,0.785907,0.000000));
#3355 = VECTOR('',#3354,0.05278);
#3356 = LINE('',#3353,#3355);
#3357 = EDGE_CURVE('',#2569,#2571,#3356,.T.);
#3358 = CARTESIAN_POINT('',(64.67996,0.15682,0.00000));
#3359 = DIRECTION('',(-0.495572,0.868567,0.000000));
#3360 = VECTOR('',#3359,0.05278);
#3361 = LINE('',#3358,#3360);
#3362 = EDGE_CURVE('',#2571,#2573,#3361,.T.);
#3363 = CARTESIAN_POINT('',(64.65381,0.20265,0.00000));
#3364 = DIRECTION('',(-0.361944,0.932200,0.000000));
#3365 = VECTOR('',#3364,0.05278);
#3366 = LINE('',#3363,#3365);
#3367 = EDGE_CURVE('',#2573,#2575,#3366,.T.);
#3368 = CARTESIAN_POINT('',(64.63470,0.25185,0.00000));
#3369 = DIRECTION('',(-0.220387,0.975413,0.000000));
#3370 = VECTOR('',#3369,0.05278);
#3371 = LINE('',#3368,#3370);
#3372 = EDGE_CURVE('',#2575,#2577,#3371,.T.);
#3373 = CARTESIAN_POINT('',(64.62307,0.30333,0.00000));
#3374 = DIRECTION('',(-0.074002,0.997258,0.000000));
#3375 = VECTOR('',#3374,0.05278);
#3376 = LINE('',#3373,#3375);
#3377 = EDGE_CURVE('',#2577,#2579,#3376,.T.);
#3378 = CARTESIAN_POINT('',(64.61917,0.35596,0.00000));
#3379 = DIRECTION('',(0.000000,1.000000,0.000000));
#3380 = VECTOR('',#3379,2.05740);
#3381 = LINE('',#3378,#3380);
#3382 = EDGE_CURVE('',#2579,#2581,#3381,.T.);
#3383 = CARTESIAN_POINT('',(64.61917,2.41336,0.00000));
#3384 = DIRECTION('',(-0.071332,0.997453,0.000000));
#3385 = VECTOR('',#3384,0.02161);
#3386 = LINE('',#3383,#3385);
#3387 = EDGE_CURVE('',#2581,#2583,#3386,.T.);
#3388 = CARTESIAN_POINT('',(64.61763,2.43491,0.00000));
#3389 = DIRECTION('',(-0.212560,0.977148,0.000000));
#3390 = VECTOR('',#3389,0.02161);
#3391 = LINE('',#3388,#3390);
#3392 = EDGE_CURVE('',#2583,#2585,#3391,.T.);
#3393 = CARTESIAN_POINT('',(64.61303,2.45602,0.00000));
#3394 = DIRECTION('',(-0.349460,0.936951,0.000000));
#3395 = VECTOR('',#3394,0.02161);
#3396 = LINE('',#3393,#3395);
#3397 = EDGE_CURVE('',#2585,#2587,#3396,.T.);
#3398 = CARTESIAN_POINT('',(64.60548,2.47626,0.00000));
#3399 = DIRECTION('',(-0.479246,0.877680,0.000000));
#3400 = VECTOR('',#3399,0.02161);
#3401 = LINE('',#3398,#3400);
#3402 = EDGE_CURVE('',#2587,#2589,#3401,.T.);
#3403 = CARTESIAN_POINT('',(64.59513,2.49523,0.00000));
#3404 = DIRECTION('',(-0.599276,0.800542,0.000000));
#3405 = VECTOR('',#3404,0.02161);
#3406 = LINE('',#3403,#3405);
#3407 = EDGE_CURVE('',#2589,#2591,#3406,.T.);
#3408 = CARTESIAN_POINT('',(64.58218,2.51252,0.00000));
#3409 = DIRECTION('',(-0.707107,0.707107,0.000000));
#3410 = VECTOR('',#3409,0.02161);
#3411 = LINE('',#3408,#3410);
#3412 = EDGE_CURVE('',#2591,#2593,#3411,.T.);
#3413 = CARTESIAN_POINT('',(64.56691,2.52780,0.00000));
#3414 = DIRECTION('',(-0.800542,0.599276,0.000000));
#3415 = VECTOR('',#3414,0.02161);
#3416 = LINE('',#3413,#3415);
#3417 = EDGE_CURVE('',#2593,#2595,#3416,.T.);
#3418 = CARTESIAN_POINT('',(64.54961,2.54075,0.00000));
#3419 = DIRECTION('',(-0.877680,0.479246,0.000000));
#3420 = VECTOR('',#3419,0.02161);
#3421 = LINE('',#3418,#3420);
#3422 = EDGE_CURVE('',#2595,#2597,#3421,.T.);
#3423 = CARTESIAN_POINT('',(64.53065,2.55110,0.00000));
#3424 = DIRECTION('',(-0.936951,0.349460,0.000000));
#3425 = VECTOR('',#3424,0.02161);
#3426 = LINE('',#3423,#3425);
#3427 = EDGE_CURVE('',#2597,#2599,#3426,.T.);
#3428 = CARTESIAN_POINT('',(64.51040,2.55865,0.00000));
#3429 = DIRECTION('',(-0.977148,0.212560,0.000000));
#3430 = VECTOR('',#3429,0.02161);
#3431 = LINE('',#3428,#3430);
#3432 = EDGE_CURVE('',#2599,#2601,#3431,.T.);
#3433 = CARTESIAN_POINT('',(64.48929,2.56324,0.00000));
#3434 = DIRECTION('',(-0.997453,0.071332,0.000000));
#3435 = VECTOR('',#3434,0.02161);
#3436 = LINE('',#3433,#3435);
#3437 = EDGE_CURVE('',#2601,#2603,#3436,.T.);
#3438 = CARTESIAN_POINT('',(64.46774,2.56479,0.00000));
#3439 = DIRECTION('',(-1.000000,0.000000,0.000000));
#3440 = VECTOR('',#3439,19.96440);
#3441 = LINE('',#3438,#3440);
#3442 = EDGE_CURVE('',#2603,#2605,#3441,.T.);
#3443 = CARTESIAN_POINT('',(44.50334,2.56479,0.00000));
#3444 = DIRECTION('',(-0.997197,0.074817,0.000000));
#3445 = VECTOR('',#3444,0.04956);
#3446 = LINE('',#3443,#3445);
#3447 = EDGE_CURVE('',#2605,#2607,#3446,.T.);
#3448 = CARTESIAN_POINT('',(44.45392,2.56849,0.00000));
#3449 = DIRECTION('',(-0.974869,0.222781,0.000000));
#3450 = VECTOR('',#3449,0.04956);
#3451 = LINE('',#3448,#3450);
#3452 = EDGE_CURVE('',#2607,#2609,#3451,.T.);
#3453 = CARTESIAN_POINT('',(44.40561,2.57953,0.00000));
#3454 = DIRECTION('',(-0.930711,0.365756,0.000000));
#3455 = VECTOR('',#3454,0.04956);
#3456 = LINE('',#3453,#3455);
#3457 = EDGE_CURVE('',#2609,#2611,#3456,.T.);
#3458 = CARTESIAN_POINT('',(44.35949,2.59766,0.00000));
#3459 = DIRECTION('',(-0.865712,0.500542,0.000000));
#3460 = VECTOR('',#3459,0.04956);
#3461 = LINE('',#3458,#3460);
#3462 = EDGE_CURVE('',#2611,#2613,#3461,.T.);
#3463 = CARTESIAN_POINT('',(44.31659,2.62246,0.00000));
#3464 = DIRECTION('',(-0.781329,0.624119,0.000000));
#3465 = VECTOR('',#3464,0.04956);
#3466 = LINE('',#3463,#3465);
#3467 = EDGE_CURVE('',#2613,#2615,#3466,.T.);
#3468 = CARTESIAN_POINT('',(44.27787,2.65339,0.00000));
#3469 = DIRECTION('',(-0.679450,0.733722,0.000000));
#3470 = VECTOR('',#3469,0.04956);
#3471 = LINE('',#3468,#3470);
#3472 = EDGE_CURVE('',#2615,#2617,#3471,.T.);
#3473 = CARTESIAN_POINT('',(44.24420,2.68975,0.00000));
#3474 = DIRECTION('',(-0.562357,0.826895,0.000000));
#3475 = VECTOR('',#3474,0.04956);
#3476 = LINE('',#3473,#3475);
#3477 = EDGE_CURVE('',#2617,#2619,#3476,.T.);
#3478 = CARTESIAN_POINT('',(44.21633,2.73073,0.00000));
#3479 = DIRECTION('',(-0.432672,0.901552,0.000000));
#3480 = VECTOR('',#3479,0.04956);
#3481 = LINE('',#3478,#3480);
#3482 = EDGE_CURVE('',#2619,#2621,#3481,.T.);
#3483 = CARTESIAN_POINT('',(44.19489,2.77541,0.00000));
#3484 = DIRECTION('',(-0.293298,0.956021,0.000000));
#3485 = VECTOR('',#3484,0.04956);
#3486 = LINE('',#3483,#3485);
#3487 = EDGE_CURVE('',#2621,#2623,#3486,.T.);
#3488 = CARTESIAN_POINT('',(44.18035,2.82279,0.00000));
#3489 = DIRECTION('',(-0.147357,0.989083,0.000000));
#3490 = VECTOR('',#3489,0.04956);
#3491 = LINE('',#3488,#3490);
#3492 = EDGE_CURVE('',#2623,#2625,#3491,.T.);
#3493 = CARTESIAN_POINT('',(44.17305,2.87180,0.00000));
#3494 = DIRECTION('',(0.001884,0.999998,0.000000));
#3495 = VECTOR('',#3494,0.04955);
#3496 = LINE('',#3493,#3495);
#3497 = EDGE_CURVE('',#2625,#2627,#3496,.T.);
#3498 = CARTESIAN_POINT('',(44.17314,2.92135,0.00000));
#3499 = DIRECTION('',(0.000000,1.000000,0.000000));
#3500 = VECTOR('',#3499,1.65101);
#3501 = LINE('',#3498,#3500);
#3502 = EDGE_CURVE('',#2627,#2629,#3501,.T.);
#3503 = CARTESIAN_POINT('',(44.17314,4.57236,0.00000));
#3504 = DIRECTION('',(-0.071332,0.997453,0.000000));
#3505 = VECTOR('',#3504,0.02537);
#3506 = LINE('',#3503,#3505);
#3507 = EDGE_CURVE('',#2629,#2631,#3506,.T.);
#3508 = CARTESIAN_POINT('',(44.17133,4.59766,0.00000));
#3509 = DIRECTION('',(-0.212560,0.977148,0.000000));
#3510 = VECTOR('',#3509,0.02537);
#3511 = LINE('',#3508,#3510);
#3512 = EDGE_CURVE('',#2631,#2633,#3511,.T.);
#3513 = CARTESIAN_POINT('',(44.16594,4.62245,0.00000));
#3514 = DIRECTION('',(-0.349460,0.936951,0.000000));
#3515 = VECTOR('',#3514,0.02537);
#3516 = LINE('',#3513,#3515);
#3517 = EDGE_CURVE('',#2633,#2635,#3516,.T.);
#3518 = CARTESIAN_POINT('',(44.15708,4.64622,0.00000));
#3519 = DIRECTION('',(-0.479246,0.877680,0.000000));
#3520 = VECTOR('',#3519,0.02537);
#3521 = LINE('',#3518,#3520);
#3522 = EDGE_CURVE('',#2635,#2637,#3521,.T.);
#3523 = CARTESIAN_POINT('',(44.14492,4.66849,0.00000));
#3524 = DIRECTION('',(-0.599277,0.800542,0.000000));
#3525 = VECTOR('',#3524,0.02537);
#3526 = LINE('',#3523,#3525);
#3527 = EDGE_CURVE('',#2637,#2639,#3526,.T.);
#3528 = CARTESIAN_POINT('',(44.12972,4.68879,0.00000));
#3529 = DIRECTION('',(-0.707107,0.707107,0.000000));
#3530 = VECTOR('',#3529,0.02537);
#3531 = LINE('',#3528,#3530);
#3532 = EDGE_CURVE('',#2639,#2641,#3531,.T.);
#3533 = CARTESIAN_POINT('',(44.11178,4.70673,0.00000));
#3534 = DIRECTION('',(-0.800542,0.599277,0.000000));
#3535 = VECTOR('',#3534,0.02537);
#3536 = LINE('',#3533,#3535);
#3537 = EDGE_CURVE('',#2641,#2643,#3536,.T.);
#3538 = CARTESIAN_POINT('',(44.09147,4.72194,0.00000));
#3539 = DIRECTION('',(-0.877680,0.479246,0.000000));
#3540 = VECTOR('',#3539,0.02537);
#3541 = LINE('',#3538,#3540);
#3542 = EDGE_CURVE('',#2643,#2645,#3541,.T.);
#3543 = CARTESIAN_POINT('',(44.06920,4.73409,0.00000));
#3544 = DIRECTION('',(-0.936951,0.349460,0.000000));
#3545 = VECTOR('',#3544,0.02537);
#3546 = LINE('',#3543,#3545);
#3547 = EDGE_CURVE('',#2645,#2647,#3546,.T.);
#3548 = CARTESIAN_POINT('',(44.04543,4.74296,0.00000));
#3549 = DIRECTION('',(-0.977148,0.212560,0.000000));
#3550 = VECTOR('',#3549,0.02537);
#3551 = LINE('',#3548,#3550);
#3552 = EDGE_CURVE('',#2647,#2649,#3551,.T.);
#3553 = CARTESIAN_POINT('',(44.02065,4.74835,0.00000));
#3554 = DIRECTION('',(-0.997453,0.071332,0.000000));
#3555 = VECTOR('',#3554,0.02537);
#3556 = LINE('',#3553,#3555);
#3557 = EDGE_CURVE('',#2649,#2651,#3556,.T.);
#3558 = CARTESIAN_POINT('',(43.99534,4.75016,0.00000));
#3559 = DIRECTION('',(-1.000000,-0.000620,0.000000));
#3560 = VECTOR('',#3559,40.94801);
#3561 = LINE('',#3558,#3560);
#3562 = EDGE_CURVE('',#2651,#2653,#3561,.T.);
#3563 = CARTESIAN_POINT('',(3.04734,4.72476,0.00000));
#3564 = DIRECTION('',(-1.000000,0.000000,0.000000));
#3565 = VECTOR('',#3564,0.05080);
#3566 = LINE('',#3563,#3565);
#3567 = EDGE_CURVE('',#2653,#2655,#3566,.T.);
#3568 = CARTESIAN_POINT('',(2.99654,4.72476,0.00000));
#3569 = DIRECTION('',(-1.000000,0.000000,0.000000));
#3570 = VECTOR('',#3569,0.10160);
#3571 = LINE('',#3568,#3570);
#3572 = EDGE_CURVE('',#2655,#2657,#3571,.T.);
#3573 = CARTESIAN_POINT('',(2.89494,4.72476,0.00000));
#3574 = DIRECTION('',(0.064208,0.997937,0.000000));
#3575 = VECTOR('',#3574,0.10181);
#3576 = LINE('',#3573,#3575);
#3577 = EDGE_CURVE('',#2657,#2659,#3576,.T.);
#3578 = CARTESIAN_POINT('',(2.90148,4.82636,0.00000));
#3579 = DIRECTION('',(0.000000,1.000000,0.000000));
#3580 = VECTOR('',#3579,0.20320);
#3581 = LINE('',#3578,#3580);
#3582 = EDGE_CURVE('',#2659,#2661,#3581,.T.);
#3583 = CARTESIAN_POINT('',(2.90148,5.02956,0.00000));
#3584 = DIRECTION('',(0.000000,1.000000,0.000000));
#3585 = VECTOR('',#3584,13.62056);
#3586 = LINE('',#3583,#3585);
#3587 = EDGE_CURVE('',#2661,#2663,#3586,.T.);
#3588 = CARTESIAN_POINT('',(2.90148,18.65012,0.00000));
#3589 = DIRECTION('',(-0.142315,0.989821,0.000000));
#3590 = VECTOR('',#3589,0.71573);
#3591 = LINE('',#3588,#3590);
#3592 = EDGE_CURVE('',#2663,#2665,#3591,.T.);
#3593 = CARTESIAN_POINT('',(2.79962,19.35857,0.00000));
#3594 = DIRECTION('',(-0.415415,0.909632,0.000000));
#3595 = VECTOR('',#3594,0.71573);
#3596 = LINE('',#3593,#3595);
#3597 = EDGE_CURVE('',#2665,#2667,#3596,.T.);
#3598 = CARTESIAN_POINT('',(2.50230,20.00962,0.00000));
#3599 = DIRECTION('',(-0.654861,0.755750,0.000000));
#3600 = VECTOR('',#3599,0.71573);
#3601 = LINE('',#3598,#3600);
#3602 = EDGE_CURVE('',#2667,#2669,#3601,.T.);
#3603 = CARTESIAN_POINT('',(2.03359,20.55053,0.00000));
#3604 = DIRECTION('',(-0.841254,0.540641,0.000000));
#3605 = VECTOR('',#3604,0.71573);
#3606 = LINE('',#3603,#3605);
#3607 = EDGE_CURVE('',#2669,#2671,#3606,.T.);
#3608 = CARTESIAN_POINT('',(1.43148,20.93748,0.00000));
#3609 = DIRECTION('',(-0.959493,0.281733,0.000000));
#3610 = VECTOR('',#3609,0.71573);
#3611 = LINE('',#3608,#3610);
#3612 = EDGE_CURVE('',#2671,#2673,#3611,.T.);
#3613 = CARTESIAN_POINT('',(0.74474,21.13913,0.00000));
#3614 = DIRECTION('',(-1.000000,0.000000,0.000000));
#3615 = VECTOR('',#3614,0.38326);
#3616 = LINE('',#3613,#3615);
#3617 = EDGE_CURVE('',#2673,#2675,#3616,.T.);
#3618 = CARTESIAN_POINT('',(0.36148,21.13913,0.00000));
#3619 = DIRECTION('',(-1.000000,0.000000,0.000000));
#3620 = VECTOR('',#3619,0.33246);
#3621 = LINE('',#3618,#3620);
#3622 = EDGE_CURVE('',#2675,#2677,#3621,.T.);
#3623 = CARTESIAN_POINT('',(0.02901,21.13913,0.00000));
#3624 = DIRECTION('',(-0.000926,1.000000,0.000000));
#3625 = VECTOR('',#3624,31.31886);
#3626 = LINE('',#3623,#3625);
#3627 = EDGE_CURVE('',#2677,#2299,#3626,.T.);
#3628 = ORIENTED_EDGE('',*,*,#2682,.F.);
#3629 = ORIENTED_EDGE('',*,*,#2687,.F.);
#3630 = ORIENTED_EDGE('',*,*,#2692,.F.);
#3631 = ORIENTED_EDGE('',*,*,#2697,.F.);
#3632 = ORIENTED_EDGE('',*,*,#2702,.F.);
#3633 = ORIENTED_EDGE('',*,*,#2707,.F.);
#3634 = ORIENTED_EDGE('',*,*,#2712,.F.);
#3635 = ORIENTED_EDGE('',*,*,#2717,.F.);
#3636 = ORIENTED_EDGE('',*,*,#2722,.F.);
#3637 = ORIENTED_EDGE('',*,*,#2727,.F.);
#3638 = ORIENTED_EDGE('',*,*,#2732,.F.);
#3639 = ORIENTED_EDGE('',*,*,#2737,.F.);
#3640 = ORIENTED_EDGE('',*,*,#2742,.F.);
#3641 = ORIENTED_EDGE('',*,*,#2747,.F.);
#3642 = ORIENTED_EDGE('',*,*,#2752,.F.);
#3643 = ORIENTED_EDGE('',*,*,#2757,.F.);
#3644 = ORIENTED_EDGE('',*,*,#2762,.F.);
#3645 = ORIENTED_EDGE('',*,*,#2767,.F.);
#3646 = ORIENTED_EDGE('',*,*,#2772,.F.);
#3647 = ORIENTED_EDGE('',*,*,#2777,.F.);
#3648 = ORIENTED_EDGE('',*,*,#2782,.F.);
#3649 = ORIENTED_EDGE('',*,*,#2787,.F.);
#3650 = ORIENTED_EDGE('',*,*,#2792,.F.);
#3651 = ORIENTED_EDGE('',*,*,#2797,.F.);
#3652 = ORIENTED_EDGE('',*,*,#2802,.F.);
#3653 = ORIENTED_EDGE('',*,*,#2807,.F.);
#3654 = ORIENTED_EDGE('',*,*,#2812,.F.);
#3655 = ORIENTED_EDGE('',*,*,#2817,.F.);
#3656 = ORIENTED_EDGE('',*,*,#2822,.F.);
#3657 = ORIENTED_EDGE('',*,*,#2827,.F.);
#3658 = ORIENTED_EDGE('',*,*,#2832,.F.);
#3659 = ORIENTED_EDGE('',*,*,#2837,.F.);
#3660 = ORIENTED_EDGE('',*,*,#2842,.F.);
#3661 = ORIENTED_EDGE('',*,*,#2847,.F.);
#3662 = ORIENTED_EDGE('',*,*,#2852,.F.);
#3663 = ORIENTED_EDGE('',*,*,#2857,.F.);
#3664 = ORIENTED_EDGE('',*,*,#2862,.F.);
#3665 = ORIENTED_EDGE('',*,*,#2867,.F.);
#3666 = ORIENTED_EDGE('',*,*,#2872,.F.);
#3667 = ORIENTED_EDGE('',*,*,#2877,.F.);
#3668 = ORIENTED_EDGE('',*,*,#2882,.F.);
#3669 = ORIENTED_EDGE('',*,*,#2887,.F.);
#3670 = ORIENTED_EDGE('',*,*,#2892,.F.);
#3671 = ORIENTED_EDGE('',*,*,#2897,.F.);
#3672 = ORIENTED_EDGE('',*,*,#2902,.F.);
#3673 = ORIENTED_EDGE('',*,*,#2907,.F.);
#3674 = ORIENTED_EDGE('',*,*,#2912,.F.);
#3675 = ORIENTED_EDGE('',*,*,#2917,.F.);
#3676 = ORIENTED_EDGE('',*,*,#2922,.F.);
#3677 = ORIENTED_EDGE('',*,*,#2927,.F.);
#3678 = ORIENTED_EDGE('',*,*,#2932,.F.);
#3679 = ORIENTED_EDGE('',*,*,#2937,.F.);
#3680 = ORIENTED_EDGE('',*,*,#2942,.F.);
#3681 = ORIENTED_EDGE('',*,*,#2947,.F.);
#3682 = ORIENTED_EDGE('',*,*,#2952,.F.);
#3683 = ORIENTED_EDGE('',*,*,#2957,.F.);
#3684 = ORIENTED_EDGE('',*,*,#2962,.F.);
#3685 = ORIENTED_EDGE('',*,*,#2967,.F.);
#3686 = ORIENTED_EDGE('',*,*,#2972,.F.);
#3687 = ORIENTED_EDGE('',*,*,#2977,.F.);
#3688 = ORIENTED_EDGE('',*,*,#2982,.F.);
#3689 = ORIENTED_EDGE('',*,*,#2987,.F.);
#3690 = ORIENTED_EDGE('',*,*,#2992,.F.);
#3691 = ORIENTED_EDGE('',*,*,#2997,.F.);
#3692 = ORIENTED_EDGE('',*,*,#3002,.F.);
#3693 = ORIENTED_EDGE('',*,*,#3007,.F.);
#3694 = ORIENTED_EDGE('',*,*,#3012,.F.);
#3695 = ORIENTED_EDGE('',*,*,#3017,.F.);
#3696 = ORIENTED_EDGE('',*,*,#3022,.F.);
#3697 = ORIENTED_EDGE('',*,*,#3027,.F.);
#3698 = ORIENTED_EDGE('',*,*,#3032,.F.);
#3699 = ORIENTED_EDGE('',*,*,#3037,.F.);
#3700 = ORIENTED_EDGE('',*,*,#3042,.F.);
#3701 = ORIENTED_EDGE('',*,*,#3047,.F.);
#3702 = ORIENTED_EDGE('',*,*,#3052,.F.);
#3703 = ORIENTED_EDGE('',*,*,#3057,.F.);
#3704 = ORIENTED_EDGE('',*,*,#3062,.F.);
#3705 = ORIENTED_EDGE('',*,*,#3067,.F.);
#3706 = ORIENTED_EDGE('',*,*,#3072,.F.);
#3707 = ORIENTED_EDGE('',*,*,#3077,.F.);
#3708 = ORIENTED_EDGE('',*,*,#3082,.F.);
#3709 = ORIENTED_EDGE('',*,*,#3087,.F.);
#3710 = ORIENTED_EDGE('',*,*,#3092,.F.);
#3711 = ORIENTED_EDGE('',*,*,#3097,.F.);
#3712 = ORIENTED_EDGE('',*,*,#3102,.F.);
#3713 = ORIENTED_EDGE('',*,*,#3107,.F.);
#3714 = ORIENTED_EDGE('',*,*,#3112,.F.);
#3715 = ORIENTED_EDGE('',*,*,#3117,.F.);
#3716 = ORIENTED_EDGE('',*,*,#3122,.F.);
#3717 = ORIENTED_EDGE('',*,*,#3127,.F.);
#3718 = ORIENTED_EDGE('',*,*,#3132,.F.);
#3719 = ORIENTED_EDGE('',*,*,#3137,.F.);
#3720 = ORIENTED_EDGE('',*,*,#3142,.F.);
#3721 = ORIENTED_EDGE('',*,*,#3147,.F.);
#3722 = ORIENTED_EDGE('',*,*,#3152,.F.);
#3723 = ORIENTED_EDGE('',*,*,#3157,.F.);
#3724 = ORIENTED_EDGE('',*,*,#3162,.F.);
#3725 = ORIENTED_EDGE('',*,*,#3167,.F.);
#3726 = ORIENTED_EDGE('',*,*,#3172,.F.);
#3727 = ORIENTED_EDGE('',*,*,#3177,.F.);
#3728 = ORIENTED_EDGE('',*,*,#3182,.F.);
#3729 = ORIENTED_EDGE('',*,*,#3187,.F.);
#3730 = ORIENTED_EDGE('',*,*,#3192,.F.);
#3731 = ORIENTED_EDGE('',*,*,#3197,.F.);
#3732 = ORIENTED_EDGE('',*,*,#3202,.F.);
#3733 = ORIENTED_EDGE('',*,*,#3207,.F.);
#3734 = ORIENTED_EDGE('',*,*,#3212,.F.);
#3735 = ORIENTED_EDGE('',*,*,#3217,.F.);
#3736 = ORIENTED_EDGE('',*,*,#3222,.F.);
#3737 = ORIENTED_EDGE('',*,*,#3227,.F.);
#3738 = ORIENTED_EDGE('',*,*,#3232,.F.);
#3739 = ORIENTED_EDGE('',*,*,#3237,.F.);
#3740 = ORIENTED_EDGE('',*,*,#3242,.F.);
#3741 = ORIENTED_EDGE('',*,*,#3247,.F.);
#3742 = ORIENTED_EDGE('',*,*,#3252,.F.);
#3743 = ORIENTED_EDGE('',*,*,#3257,.F.);
#3744 = ORIENTED_EDGE('',*,*,#3262,.F.);
#3745 = ORIENTED_EDGE('',*,*,#3267,.F.);
#3746 = ORIENTED_EDGE('',*,*,#3272,.F.);
#3747 = ORIENTED_EDGE('',*,*,#3277,.F.);
#3748 = ORIENTED_EDGE('',*,*,#3282,.F.);
#3749 = ORIENTED_EDGE('',*,*,#3287,.F.);
#3750 = ORIENTED_EDGE('',*,*,#3292,.F.);
#3751 = ORIENTED_EDGE('',*,*,#3297,.F.);
#3752 = ORIENTED_EDGE('',*,*,#3302,.F.);
#3753 = ORIENTED_EDGE('',*,*,#3307,.F.);
#3754 = ORIENTED_EDGE('',*,*,#3312,.F.);
#3755 = ORIENTED_EDGE('',*,*,#3317,.F.);
#3756 = ORIENTED_EDGE('',*,*,#3322,.F.);
#3757 = ORIENTED_EDGE('',*,*,#3327,.F.);
#3758 = ORIENTED_EDGE('',*,*,#3332,.F.);
#3759 = ORIENTED_EDGE('',*,*,#3337,.F.);
#3760 = ORIENTED_EDGE('',*,*,#3342,.F.);
#3761 = ORIENTED_EDGE('',*,*,#3347,.F.);
#3762 = ORIENTED_EDGE('',*,*,#3352,.F.);
#3763 = ORIENTED_EDGE('',*,*,#3357,.F.);
#3764 = ORIENTED_EDGE('',*,*,#3362,.F.);
#3765 = ORIENTED_EDGE('',*,*,#3367,.F.);
#3766 = ORIENTED_EDGE('',*,*,#3372,.F.);
#3767 = ORIENTED_EDGE('',*,*,#3377,.F.);
#3768 = ORIENTED_EDGE('',*,*,#3382,.F.);
#3769 = ORIENTED_EDGE('',*,*,#3387,.F.);
#3770 = ORIENTED_EDGE('',*,*,#3392,.F.);
#3771 = ORIENTED_EDGE('',*,*,#3397,.F.);
#3772 = ORIENTED_EDGE('',*,*,#3402,.F.);
#3773 = ORIENTED_EDGE('',*,*,#3407,.F.);
#3774 = ORIENTED_EDGE('',*,*,#3412,.F.);
#3775 = ORIENTED_EDGE('',*,*,#3417,.F.);
#3776 = ORIENTED_EDGE('',*,*,#3422,.F.);
#3777 = ORIENTED_EDGE('',*,*,#3427,.F.);
#3778 = ORIENTED_EDGE('',*,*,#3432,.F.);
#3779 = ORIENTED_EDGE('',*,*,#3437,.F.);
#3780 = ORIENTED_EDGE('',*,*,#3442,.F.);
#3781 = ORIENTED_EDGE('',*,*,#3447,.F.);
#3782 = ORIENTED_EDGE('',*,*,#3452,.F.);
#3783 = ORIENTED_EDGE('',*,*,#3457,.F.);
#3784 = ORIENTED_EDGE('',*,*,#3462,.F.);
#3785 = ORIENTED_EDGE('',*,*,#3467,.F.);
#3786 = ORIENTED_EDGE('',*,*,#3472,.F.);
#3787 = ORIENTED_EDGE('',*,*,#3477,.F.);
#3788 = ORIENTED_EDGE('',*,*,#3482,.F.);
#3789 = ORIENTED_EDGE('',*,*,#3487,.F.);
#3790 = ORIENTED_EDGE('',*,*,#3492,.F.);
#3791 = ORIENTED_EDGE('',*,*,#3497,.F.);
#3792 = ORIENTED_EDGE('',*,*,#3502,.F.);
#3793 = ORIENTED_EDGE('',*,*,#3507,.F.);
#3794 = ORIENTED_EDGE('',*,*,#3512,.F.);
#3795 = ORIENTED_EDGE('',*,*,#3517,.F.);
#3796 = ORIENTED_EDGE('',*,*,#3522,.F.);
#3797 = ORIENTED_EDGE('',*,*,#3527,.F.);
#3798 = ORIENTED_EDGE('',*,*,#3532,.F.);
#3799 = ORIENTED_EDGE('',*,*,#3537,.F.);
#3800 = ORIENTED_EDGE('',*,*,#3542,.F.);
#3801 = ORIENTED_EDGE('',*,*,#3547,.F.);
#3802 = ORIENTED_EDGE('',*,*,#3552,.F.);
#3803 = ORIENTED_EDGE('',*,*,#3557,.F.);
#3804 = ORIENTED_EDGE('',*,*,#3562,.F.);
#3805 = ORIENTED_EDGE('',*,*,#3567,.F.);
#3806 = ORIENTED_EDGE('',*,*,#3572,.F.);
#3807 = ORIENTED_EDGE('',*,*,#3577,.F.);
#3808 = ORIENTED_EDGE('',*,*,#3582,.F.);
#3809 = ORIENTED_EDGE('',*,*,#3587,.F.);
#3810 = ORIENTED_EDGE('',*,*,#3592,.F.);
#3811 = ORIENTED_EDGE('',*,*,#3597,.F.);
#3812 = ORIENTED_EDGE('',*,*,#3602,.F.);
#3813 = ORIENTED_EDGE('',*,*,#3607,.F.);
#3814 = ORIENTED_EDGE('',*,*,#3612,.F.);
#3815 = ORIENTED_EDGE('',*,*,#3617,.F.);
#3816 = ORIENTED_EDGE('',*,*,#3622,.F.);
#3817 = ORIENTED_EDGE('',*,*,#3627,.F.);
#3818 = EDGE_LOOP('',(#3628,#3629,#3630,#3631,#3632,#3633,#3634,#3635,#3636,#3637,#3638,#3639,#3640,#3641,#3642,#3643,#3644,#3645,#3646,#3647,#3648,#3649,#3650,#3651,#3652,#3653,#3654,#3655,#3656,#3657,#3658,#3659,#3660,#3661,#3662,#3663,#3664,#3665,#3666,#3667,#3668,#3669,#3670,#3671,#3672,#3673,#3674,#3675,#3676,#3677,#3678,#3679,#3680,#3681,#3682,#3683,#3684,#3685,#3686,#3687,#3688,#3689,#3690,#3691,#3692,#3693,#3694,#3695,#3696,#3697,#3698,#3699,#3700,#3701,#3702,#3703,#3704,#3705,#3706,#3707,#3708,#3709,#3710,#3711,#3712,#3713,#3714,#3715,#3716,#3717,#3718,#3719,#3720,#3721,#3722,#3723,#3724,#3725,#3726,#3727,#3728,#3729,#3730,#3731,#3732,#3733,#3734,#3735,#3736,#3737,#3738,#3739,#3740,#3741,#3742,#3743,#3744,#3745,#3746,#3747,#3748,#3749,#3750,#3751,#3752,#3753,#3754,#3755,#3756,#3757,#3758,#3759,#3760,#3761,#3762,#3763,#3764,#3765,#3766,#3767,#3768,#3769,#3770,#3771,#3772,#3773,#3774,#3775,#3776,#3777,#3778,#3779,#3780,#3781,#3782,#3783,#3784,#3785,#3786,#3787,#3788,#3789,#3790,#3791,#3792,#3793,#3794,#3795,#3796,#3797,#3798,#3799,#3800,#3801,#3802,#3803,#3804,#3805,#3806,#3807,#3808,#3809,#3810,#3811,#3812,#3813,#3814,#3815,#3816,#3817));
#3819 = CARTESIAN_POINT('',(29.33964,43.52336,0.00000));
#3820 = VERTEX_POINT('',#3819);
#3821 = CARTESIAN_POINT('',(43.13964,43.52336,0.00000));
#3822 = VERTEX_POINT('',#3821);
#3823 = CARTESIAN_POINT('',(43.13964,57.32336,0.00000));
#3824 = VERTEX_POINT('',#3823);
#3825 = CARTESIAN_POINT('',(29.33964,57.32336,0.00000));
#3826 = VERTEX_POINT('',#3825);
#3827 = CARTESIAN_POINT('',(29.33964,43.52336,0.00000));
#3828 = DIRECTION('',(1.000000,0.000000,0.000000));
#3829 = VECTOR('',#3828,13.80000);
#3830 = LINE('',#3827,#3829);
#3831 = EDGE_CURVE('',#3820,#3822,#3830,.T.);
#3832 = CARTESIAN_POINT('',(43.13964,43.52336,0.00000));
#3833 = DIRECTION('',(0.000000,1.000000,0.000000));
#3834 = VECTOR('',#3833,13.80000);
#3835 = LINE('',#3832,#3834);
#3836 = EDGE_CURVE('',#3822,#3824,#3835,.T.);
#3837 = CARTESIAN_POINT('',(43.13964,57.32336,0.00000));
#3838 = DIRECTION('',(-1.000000,0.000000,0.000000));
#3839 = VECTOR('',#3838,13.80000);
#3840 = LINE('',#3837,#3839);
#3841 = EDGE_CURVE('',#3824,#3826,#3840,.T.);
#3842 = CARTESIAN_POINT('',(29.33964,57.32336,0.00000));
#3843 = DIRECTION('',(0.000000,-1.000000,0.000000));
#3844 = VECTOR('',#3843,13.80000);
#3845 = LINE('',#3842,#3844);
#3846 = EDGE_CURVE('',#3826,#3820,#3845,.T.);
#3847 = ORIENTED_EDGE('',*,*,#3831,.T.);
#3848 = ORIENTED_EDGE('',*,*,#3836,.T.);
#3849 = ORIENTED_EDGE('',*,*,#3841,.T.);
#3850 = ORIENTED_EDGE('',*,*,#3846,.T.);
#3851 = EDGE_LOOP('',(#3847,#3848,#3849,#3850));
#3852 = CARTESIAN_POINT('',(68.11924,38.87436,0.00000));
#3853 = VERTEX_POINT('',#3852);
#3854 = CARTESIAN_POINT('',(81.91924,38.87436,0.00000));
#3855 = VERTEX_POINT('',#3854);
#3856 = CARTESIAN_POINT('',(81.91924,52.67436,0.00000));
#3857 = VERTEX_POINT('',#3856);
#3858 = CARTESIAN_POINT('',(68.11924,52.67436,0.00000));
#3859 = VERTEX_POINT('',#3858);
#3860 = CARTESIAN_POINT('',(68.11924,38.87436,0.00000));
#3861 = DIRECTION('',(1.000000,0.000000,0.000000));
#3862 = VECTOR('',#3861,13.80000);
#3863 = LINE('',#3860,#3862);
#3864 = EDGE_CURVE('',#3853,#3855,#3863,.T.);
#3865 = CARTESIAN_POINT('',(81.91924,38.87436,0.00000));
#3866 = DIRECTION('',(0.000000,1.000000,0.000000));
#3867 = VECTOR('',#3866,13.80000);
#3868 = LINE('',#3865,#3867);
#3869 = EDGE_CURVE('',#3855,#3857,#3868,.T.);
#3870 = CARTESIAN_POINT('',(81.91924,52.67436,0.00000));
#3871 = DIRECTION('',(-1.000000,0.000000,0.000000));
#3872 = VECTOR('',#3871,13.80000);
#3873 = LINE('',#3870,#3872);
#3874 = EDGE_CURVE('',#3857,#3859,#3873,.T.);
#3875 = CARTESIAN_POINT('',(68.11924,52.67436,0.00000));
#3876 = DIRECTION('',(0.000000,-1.000000,0.000000));
#3877 = VECTOR('',#3876,13.80000);
#3878 = LINE('',#3875,#3877);
#3879 = EDGE_CURVE('',#3859,#3853,#3878,.T.);
#3880 = ORIENTED_EDGE('',*,*,#3864,.T.);
#3881 = ORIENTED_EDGE('',*,*,#3869,.T.);
#3882 = ORIENTED_EDGE('',*,*,#3874,.T.);
#3883 = ORIENTED_EDGE('',*,*,#3879,.T.);
#3884 = EDGE_LOOP('',(#3880,#3881,#3882,#3883));
#3885 = CARTESIAN_POINT('',(48.54204,41.78916,0.00000));
#3886 = VERTEX_POINT('',#3885);
#3887 = CARTESIAN_POINT('',(62.34204,41.78916,0.00000));
#3888 = VERTEX_POINT('',#3887);
#3889 = CARTESIAN_POINT('',(62.34204,55.58916,0.00000));
#3890 = VERTEX_POINT('',#3889);
#3891 = CARTESIAN_POINT('',(48.54204,55.58916,0.00000));
#3892 = VERTEX_POINT('',#3891);
#3893 = CARTESIAN_POINT('',(48.54204,41.78916,0.00000));
#3894 = DIRECTION('',(1.000000,0.000000,0.000000));
#3895 = VECTOR('',#3894,13.80000);
#3896 = LINE('',#3893,#3895);
#3897 = EDGE_CURVE('',#3886,#3888,#3896,.T.);
#3898 = CARTESIAN_POINT('',(62.34204,41.78916,0.00000));
#3899 = DIRECTION('',(0.000000,1.000000,0.000000));
#3900 = VECTOR('',#3899,13.80000);
#3901 = LINE('',#3898,#3900);
#3902 = EDGE_CURVE('',#3888,#3890,#3901,.T.);
#3903 = CARTESIAN_POINT('',(62.34204,55.58916,0.00000));
#3904 = DIRECTION('',(-1.000000,0.000000,0.000000));
#3905 = VECTOR('',#3904,13.80000);
#3906 = LINE('',#3903,#3905);
#3907 = EDGE_CURVE('',#3890,#3892,#3906,.T.);
#3908 = CARTESIAN_POINT('',(48.54204,55.58916,0.00000));
#3909 = DIRECTION('',(0.000000,-1.000000,0.000000));
#3910 = VECTOR('',#3909,13.80000);
#3911 = LINE('',#3908,#3910);
#3912 = EDGE_CURVE('',#3892,#3886,#3911,.T.);
#3913 = ORIENTED_EDGE('',*,*,#3897,.T.);
#3914 = ORIENTED_EDGE('',*,*,#3902,.T.);
#3915 = ORIENTED_EDGE('',*,*,#3907,.T.);
#3916 = ORIENTED_EDGE('',*,*,#3912,.T.);
#3917 = EDGE_LOOP('',(#3913,#3914,#3915,#3916));
#3918 = CARTESIAN_POINT('',(68.11924,21.27936,0.00000));
#3919 = VERTEX_POINT('',#3918);
#3920 = CARTESIAN_POINT('',(81.91924,21.27936,0.00000));
#3921 = VERTEX_POINT('',#3920);
#3922 = CARTESIAN_POINT('',(81.91924,35.07936,0.00000));
#3923 = VERTEX_POINT('',#3922);
#3924 = CARTESIAN_POINT('',(68.11924,35.07936,0.00000));
#3925 = VERTEX_POINT('',#3924);
#3926 = CARTESIAN_POINT('',(68.11924,21.27936,0.00000));
#3927 = DIRECTION('',(1.000000,0.000000,0.000000));
#3928 = VECTOR('',#3927,13.80000);
#3929 = LINE('',#3926,#3928);
#3930 = EDGE_CURVE('',#3919,#3921,#3929,.T.);
#3931 = CARTESIAN_POINT('',(81.91924,21.27936,0.00000));
#3932 = DIRECTION('',(0.000000,1.000000,0.000000));
#3933 = VECTOR('',#3932,13.80000);
#3934 = LINE('',#3931,#3933);
#3935 = EDGE_CURVE('',#3921,#3923,#3934,.T.);
#3936 = CARTESIAN_POINT('',(81.91924,35.07936,0.00000));
#3937 = DIRECTION('',(-1.000000,0.000000,0.000000));
#3938 = VECTOR('',#3937,13.80000);
#3939 = LINE('',#3936,#3938);
#3940 = EDGE_CURVE('',#3923,#3925,#3939,.T.);
#3941 = CARTESIAN_POINT('',(68.11924,35.07936,0.00000));
#3942 = DIRECTION('',(0.000000,-1.000000,0.000000));
#3943 = VECTOR('',#3942,13.80000);
#3944 = LINE('',#3941,#3943);
#3945 = EDGE_CURVE('',#3925,#3919,#3944,.T.);
#3946 = ORIENTED_EDGE('',*,*,#3930,.T.);
#3947 = ORIENTED_EDGE('',*,*,#3935,.T.);
#3948 = ORIENTED_EDGE('',*,*,#3940,.T.);
#3949 = ORIENTED_EDGE('',*,*,#3945,.T.);
#3950 = EDGE_LOOP('',(#3946,#3947,#3948,#3949));
#3951 = CARTESIAN_POINT('',(48.54204,24.19416,0.00000));
#3952 = VERTEX_POINT('',#3951);
#3953 = CARTESIAN_POINT('',(62.34204,24.19416,0.00000));
#3954 = VERTEX_POINT('',#3953);
#3955 = CARTESIAN_POINT('',(62.34204,37.99416,0.00000));
#3956 = VERTEX_POINT('',#3955);
#3957 = CARTESIAN_POINT('',(48.54204,37.99416,0.00000));
#3958 = VERTEX_POINT('',#3957);
#3959 = CARTESIAN_POINT('',(48.54204,24.19416,0.00000));
#3960 = DIRECTION('',(1.000000,0.000000,0.000000));
#3961 = VECTOR('',#3960,13.80000);
#3962 = LINE('',#3959,#3961);
#3963 = EDGE_CURVE('',#3952,#3954,#3962,.T.);
#3964 = CARTESIAN_POINT('',(62.34204,24.19416,0.00000));
#3965 = DIRECTION('',(0.000000,1.000000,0.000000));
#3966 = VECTOR('',#3965,13.80000);
#3967 = LINE('',#3964,#3966);
#3968 = EDGE_CURVE('',#3954,#3956,#3967,.T.);
#3969 = CARTESIAN_POINT('',(62.34204,37.99416,0.00000));
#3970 = DIRECTION('',(-1.000000,0.000000,0.000000));
#3971 = VECTOR('',#3970,13.80000);
#3972 = LINE('',#3969,#3971);
#3973 = EDGE_CURVE('',#3956,#3958,#3972,.T.);
#3974 = CARTESIAN_POINT('',(48.54204,37.99416,0.00000));
#3975 = DIRECTION('',(0.000000,-1.000000,0.000000));
#3976 = VECTOR('',#3975,13.80000);
#3977 = LINE('',#3974,#3976);
#3978 = EDGE_CURVE('',#3958,#3952,#3977,.T.);
#3979 = ORIENTED_EDGE('',*,*,#3963,.T.);
#3980 = ORIENTED_EDGE('',*,*,#3968,.T.);
#3981 = ORIENTED_EDGE('',*,*,#3973,.T.);
#3982 = ORIENTED_EDGE('',*,*,#3978,.T.);
#3983 = EDGE_LOOP('',(#3979,#3980,#3981,#3982));
#3984 = CARTESIAN_POINT('',(87.36324,6.91996,0.00000));
#3985 = VERTEX_POINT('',#3984);
#3986 = CARTESIAN_POINT('',(101.16324,6.91996,0.00000));
#3987 = VERTEX_POINT('',#3986);
#3988 = CARTESIAN_POINT('',(101.16324,20.71996,0.00000));
#3989 = VERTEX_POINT('',#3988);
#3990 = CARTESIAN_POINT('',(87.36324,20.71996,0.00000));
#3991 = VERTEX_POINT('',#3990);
#3992 = CARTESIAN_POINT('',(87.36324,6.91996,0.00000));
#3993 = DIRECTION('',(1.000000,0.000000,0.000000));
#3994 = VECTOR('',#3993,13.80000);
#3995 = LINE('',#3992,#3994);
#3996 = EDGE_CURVE('',#3985,#3987,#3995,.T.);
#3997 = CARTESIAN_POINT('',(101.16324,6.91996,0.00000));
#3998 = DIRECTION('',(0.000000,1.000000,0.000000));
#3999 = VECTOR('',#3998,13.80000);
#4000 = LINE('',#3997,#3999);
#4001 = EDGE_CURVE('',#3987,#3989,#4000,.T.);
#4002 = CARTESIAN_POINT('',(101.16324,20.71996,0.00000));
#4003 = DIRECTION('',(-1.000000,0.000000,0.000000));
#4004 = VECTOR('',#4003,13.80000);
#4005 = LINE('',#4002,#4004);
#4006 = EDGE_CURVE('',#3989,#3991,#4005,.T.);
#4007 = CARTESIAN_POINT('',(87.36324,20.71996,0.00000));
#4008 = DIRECTION('',(0.000000,-1.000000,0.000000));
#4009 = VECTOR('',#4008,13.80000);
#4010 = LINE('',#4007,#4009);
#4011 = EDGE_CURVE('',#3991,#3985,#4010,.T.);
#4012 = ORIENTED_EDGE('',*,*,#3996,.T.);
#4013 = ORIENTED_EDGE('',*,*,#4001,.T.);
#4014 = ORIENTED_EDGE('',*,*,#4006,.T.);
#4015 = ORIENTED_EDGE('',*,*,#4011,.T.);
#4016 = EDGE_LOOP('',(#4012,#4013,#4014,#4015));
#4017 = CARTESIAN_POINT('',(37.48459,62.76842,0.00000));
#4018 = VERTEX_POINT('',#4017);
#4019 = CARTESIAN_POINT('',(51.15029,64.68900,0.00000));
#4020 = VERTEX_POINT('',#4019);
#4021 = CARTESIAN_POINT('',(49.22970,78.35470,0.00000));
#4022 = VERTEX_POINT('',#4021);
#4023 = CARTESIAN_POINT('',(35.56400,76.43412,0.00000));
#4024 = VERTEX_POINT('',#4023);
#4025 = CARTESIAN_POINT('',(37.48459,62.76842,0.00000));
#4026 = DIRECTION('',(0.990268,0.139173,0.000000));
#4027 = VECTOR('',#4026,13.80000);
#4028 = LINE('',#4025,#4027);
#4029 = EDGE_CURVE('',#4018,#4020,#4028,.T.);
#4030 = CARTESIAN_POINT('',(51.15029,64.68900,0.00000));
#4031 = DIRECTION('',(-0.139173,0.990268,0.000000));
#4032 = VECTOR('',#4031,13.80000);
#4033 = LINE('',#4030,#4032);
#4034 = EDGE_CURVE('',#4020,#4022,#4033,.T.);
#4035 = CARTESIAN_POINT('',(49.22970,78.35470,0.00000));
#4036 = DIRECTION('',(-0.990268,-0.139173,0.000000));
#4037 = VECTOR('',#4036,13.80000);
#4038 = LINE('',#4035,#4037);
#4039 = EDGE_CURVE('',#4022,#4024,#4038,.T.);
#4040 = CARTESIAN_POINT('',(35.56400,76.43412,0.00000));
#4041 = DIRECTION('',(0.139173,-0.990268,0.000000));
#4042 = VECTOR('',#4041,13.80000);
#4043 = LINE('',#4040,#4042);
#4044 = EDGE_CURVE('',#4024,#4018,#4043,.T.);
#4045 = ORIENTED_EDGE('',*,*,#4029,.T.);
#4046 = ORIENTED_EDGE('',*,*,#4034,.T.);
#4047 = ORIENTED_EDGE('',*,*,#4039,.T.);
#4048 = ORIENTED_EDGE('',*,*,#4044,.T.);
#4049 = EDGE_LOOP('',(#4045,#4046,#4047,#4048));
#4050 = CARTESIAN_POINT('',(87.36324,24.51496,0.00000));
#4051 = VERTEX_POINT('',#4050);
#4052 = CARTESIAN_POINT('',(101.16324,24.51496,0.00000));
#4053 = VERTEX_POINT('',#4052);
#4054 = CARTESIAN_POINT('',(101.16324,38.31496,0.00000));
#4055 = VERTEX_POINT('',#4054);
#4056 = CARTESIAN_POINT('',(87.36324,38.31496,0.00000));
#4057 = VERTEX_POINT('',#4056);
#4058 = CARTESIAN_POINT('',(87.36324,24.51496,0.00000));
#4059 = DIRECTION('',(1.000000,0.000000,0.000000));
#4060 = VECTOR('',#4059,13.80000);
#4061 = LINE('',#4058,#4060);
#4062 = EDGE_CURVE('',#4051,#4053,#4061,.T.);
#4063 = CARTESIAN_POINT('',(101.16324,24.51496,0.00000));
#4064 = DIRECTION('',(0.000000,1.000000,0.000000));
#4065 = VECTOR('',#4064,13.80000);
#4066 = LINE('',#4063,#4065);
#4067 = EDGE_CURVE('',#4053,#4055,#4066,.T.);
#4068 = CARTESIAN_POINT('',(101.16324,38.31496,0.00000));
#4069 = DIRECTION('',(-1.000000,0.000000,0.000000));
#4070 = VECTOR('',#4069,13.80000);
#4071 = LINE('',#4068,#4070);
#4072 = EDGE_CURVE('',#4055,#4057,#4071,.T.);
#4073 = CARTESIAN_POINT('',(87.36324,38.31496,0.00000));
#4074 = DIRECTION('',(0.000000,-1.000000,0.000000));
#4075 = VECTOR('',#4074,13.80000);
#4076 = LINE('',#4073,#4075);
#4077 = EDGE_CURVE('',#4057,#4051,#4076,.T.);
#4078 = ORIENTED_EDGE('',*,*,#4062,.T.);
#4079 = ORIENTED_EDGE('',*,*,#4067,.T.);
#4080 = ORIENTED_EDGE('',*,*,#4072,.T.);
#4081 = ORIENTED_EDGE('',*,*,#4077,.T.);
#4082 = EDGE_LOOP('',(#4078,#4079,#4080,#4081));
#4083 = CARTESIAN_POINT('',(125.92964,27.94136,0.00000));
#4084 = VERTEX_POINT('',#4083);
#4085 = CARTESIAN_POINT('',(139.72964,27.94136,0.00000));
#4086 = VERTEX_POINT('',#4085);
#4087 = CARTESIAN_POINT('',(139.72964,41.74136,0.00000));
#4088 = VERTEX_POINT('',#4087);
#4089 = CARTESIAN_POINT('',(125.92964,41.74136,0.00000));
#4090 = VERTEX_POINT('',#4089);
#4091 = CARTESIAN_POINT('',(125.92964,27.94136,0.00000));
#4092 = DIRECTION('',(1.000000,0.000000,0.000000));
#4093 = VECTOR('',#4092,13.80000);
#4094 = LINE('',#4091,#4093);
#4095 = EDGE_CURVE('',#4084,#4086,#4094,.T.);
#4096 = CARTESIAN_POINT('',(139.72964,27.94136,0.00000));
#4097 = DIRECTION('',(0.000000,1.000000,0.000000));
#4098 = VECTOR('',#4097,13.80000);
#4099 = LINE('',#4096,#4098);
#4100 = EDGE_CURVE('',#4086,#4088,#4099,.T.);
#4101 = CARTESIAN_POINT('',(139.72964,41.74136,0.00000));
#4102 = DIRECTION('',(-1.000000,0.000000,0.000000));
#4103 = VECTOR('',#4102,13.80000);
#4104 = LINE('',#4101,#4103);
#4105 = EDGE_CURVE('',#4088,#4090,#4104,.T.);
#4106 = CARTESIAN_POINT('',(125.92964,41.74136,0.00000));
#4107 = DIRECTION('',(0.000000,-1.000000,0.000000));
#4108 = VECTOR('',#4107,13.80000);
#4109 = LINE('',#4106,#4108);
#4110 = EDGE_CURVE('',#4090,#4084,#4109,.T.);
#4111 = ORIENTED_EDGE('',*,*,#4095,.T.);
#4112 = ORIENTED_EDGE('',*,*,#4100,.T.);
#4113 = ORIENTED_EDGE('',*,*,#4105,.T.);
#4114 = ORIENTED_EDGE('',*,*,#4110,.T.);
#4115 = EDGE_LOOP('',(#4111,#4112,#4113,#4114));
#4116 = CARTESIAN_POINT('',(87.36324,42.10996,0.00000));
#4117 = VERTEX_POINT('',#4116);
#4118 = CARTESIAN_POINT('',(101.16324,42.10996,0.00000));
#4119 = VERTEX_POINT('',#4118);
#4120 = CARTESIAN_POINT('',(101.16324,55.90996,0.00000));
#4121 = VERTEX_POINT('',#4120);
#4122 = CARTESIAN_POINT('',(87.36324,55.90996,0.00000));
#4123 = VERTEX_POINT('',#4122);
#4124 = CARTESIAN_POINT('',(87.36324,42.10996,0.00000));
#4125 = DIRECTION('',(1.000000,0.000000,0.000000));
#4126 = VECTOR('',#4125,13.80000);
#4127 = LINE('',#4124,#4126);
#4128 = EDGE_CURVE('',#4117,#4119,#4127,.T.);
#4129 = CARTESIAN_POINT('',(101.16324,42.10996,0.00000));
#4130 = DIRECTION('',(0.000000,1.000000,0.000000));
#4131 = VECTOR('',#4130,13.80000);
#4132 = LINE('',#4129,#4131);
#4133 = EDGE_CURVE('',#4119,#4121,#4132,.T.);
#4134 = CARTESIAN_POINT('',(101.16324,55.90996,0.00000));
#4135 = DIRECTION('',(-1.000000,0.000000,0.000000));
#4136 = VECTOR('',#4135,13.80000);
#4137 = LINE('',#4134,#4136);
#4138 = EDGE_CURVE('',#4121,#4123,#4137,.T.);
#4139 = CARTESIAN_POINT('',(87.36324,55.90996,0.00000));
#4140 = DIRECTION('',(0.000000,-1.000000,0.000000));
#4141 = VECTOR('',#4140,13.80000);
#4142 = LINE('',#4139,#4141);
#4143 = EDGE_CURVE('',#4123,#4117,#4142,.T.);
#4144 = ORIENTED_EDGE('',*,*,#4128,.T.);
#4145 = ORIENTED_EDGE('',*,*,#4133,.T.);
#4146 = ORIENTED_EDGE('',*,*,#4138,.T.);
#4147 = ORIENTED_EDGE('',*,*,#4143,.T.);
#4148 = EDGE_LOOP('',(#4144,#4145,#4146,#4147));
#4149 = CARTESIAN_POINT('',(29.33964,25.92836,0.00000));
#4150 = VERTEX_POINT('',#4149);
#4151 = CARTESIAN_POINT('',(43.13964,25.92836,0.00000));
#4152 = VERTEX_POINT('',#4151);
#4153 = CARTESIAN_POINT('',(43.13964,39.72836,0.00000));
#4154 = VERTEX_POINT('',#4153);
#4155 = CARTESIAN_POINT('',(29.33964,39.72836,0.00000));
#4156 = VERTEX_POINT('',#4155);
#4157 = CARTESIAN_POINT('',(29.33964,25.92836,0.00000));
#4158 = DIRECTION('',(1.000000,0.000000,0.000000));
#4159 = VECTOR('',#4158,13.80000);
#4160 = LINE('',#4157,#4159);
#4161 = EDGE_CURVE('',#4150,#4152,#4160,.T.);
#4162 = CARTESIAN_POINT('',(43.13964,25.92836,0.00000));
#4163 = DIRECTION('',(0.000000,1.000000,0.000000));
#4164 = VECTOR('',#4163,13.80000);
#4165 = LINE('',#4162,#4164);
#4166 = EDGE_CURVE('',#4152,#4154,#4165,.T.);
#4167 = CARTESIAN_POINT('',(43.13964,39.72836,0.00000));
#4168 = DIRECTION('',(-1.000000,0.000000,0.000000));
#4169 = VECTOR('',#4168,13.80000);
#4170 = LINE('',#4167,#4169);
#4171 = EDGE_CURVE('',#4154,#4156,#4170,.T.);
#4172 = CARTESIAN_POINT('',(29.33964,39.72836,0.00000));
#4173 = DIRECTION('',(0.000000,-1.000000,0.000000));
#4174 = VECTOR('',#4173,13.80000);
#4175 = LINE('',#4172,#4174);
#4176 = EDGE_CURVE('',#4156,#4150,#4175,.T.);
#4177 = ORIENTED_EDGE('',*,*,#4161,.T.);
#4178 = ORIENTED_EDGE('',*,*,#4166,.T.);
#4179 = ORIENTED_EDGE('',*,*,#4171,.T.);
#4180 = ORIENTED_EDGE('',*,*,#4176,.T.);
#4181 = EDGE_LOOP('',(#4177,#4178,#4179,#4180));
#4182 = CARTESIAN_POINT('',(106.68014,27.87876,0.00000));
#4183 = VERTEX_POINT('',#4182);
#4184 = CARTESIAN_POINT('',(120.48014,27.87876,0.00000));
#4185 = VERTEX_POINT('',#4184);
#4186 = CARTESIAN_POINT('',(120.48014,41.67876,0.00000));
#4187 = VERTEX_POINT('',#4186);
#4188 = CARTESIAN_POINT('',(106.68014,41.67876,0.00000));
#4189 = VERTEX_POINT('',#4188);
#4190 = CARTESIAN_POINT('',(106.68014,27.87876,0.00000));
#4191 = DIRECTION('',(1.000000,0.000000,0.000000));
#4192 = VECTOR('',#4191,13.80000);
#4193 = LINE('',#4190,#4192);
#4194 = EDGE_CURVE('',#4183,#4185,#4193,.T.);
#4195 = CARTESIAN_POINT('',(120.48014,27.87876,0.00000));
#4196 = DIRECTION('',(0.000000,1.000000,0.000000));
#4197 = VECTOR('',#4196,13.80000);
#4198 = LINE('',#4195,#4197);
#4199 = EDGE_CURVE('',#4185,#4187,#4198,.T.);
#4200 = CARTESIAN_POINT('',(120.48014,41.67876,0.00000));
#4201 = DIRECTION('',(-1.000000,0.000000,0.000000));
#4202 = VECTOR('',#4201,13.80000);
#4203 = LINE('',#4200,#4202);
#4204 = EDGE_CURVE('',#4187,#4189,#4203,.T.);
#4205 = CARTESIAN_POINT('',(106.68014,41.67876,0.00000));
#4206 = DIRECTION('',(0.000000,-1.000000,0.000000));
#4207 = VECTOR('',#4206,13.80000);
#4208 = LINE('',#4205,#4207);
#4209 = EDGE_CURVE('',#4189,#4183,#4208,.T.);
#4210 = ORIENTED_EDGE('',*,*,#4194,.T.);
#4211 = ORIENTED_EDGE('',*,*,#4199,.T.);
#4212 = ORIENTED_EDGE('',*,*,#4204,.T.);
#4213 = ORIENTED_EDGE('',*,*,#4209,.T.);
#4214 = EDGE_LOOP('',(#4210,#4211,#4212,#4213));
#4215 = CARTESIAN_POINT('',(48.54204,6.59916,0.00000));
#4216 = VERTEX_POINT('',#4215);
#4217 = CARTESIAN_POINT('',(62.34204,6.59916,0.00000));
#4218 = VERTEX_POINT('',#4217);
#4219 = CARTESIAN_POINT('',(62.34204,20.39916,0.00000));
#4220 = VERTEX_POINT('',#4219);
#4221 = CARTESIAN_POINT('',(48.54204,20.39916,0.00000));
#4222 = VERTEX_POINT('',#4221);
#4223 = CARTESIAN_POINT('',(48.54204,6.59916,0.00000));
#4224 = DIRECTION('',(1.000000,0.000000,0.000000));
#4225 = VECTOR('',#4224,13.80000);
#4226 = LINE('',#4223,#4225);
#4227 = EDGE_CURVE('',#4216,#4218,#4226,.T.);
#4228 = CARTESIAN_POINT('',(62.34204,6.59916,0.00000));
#4229 = DIRECTION('',(0.000000,1.000000,0.000000));
#4230 = VECTOR('',#4229,13.80000);
#4231 = LINE('',#4228,#4230);
#4232 = EDGE_CURVE('',#4218,#4220,#4231,.T.);
#4233 = CARTESIAN_POINT('',(62.34204,20.39916,0.00000));
#4234 = DIRECTION('',(-1.000000,0.000000,0.000000));
#4235 = VECTOR('',#4234,13.80000);
#4236 = LINE('',#4233,#4235);
#4237 = EDGE_CURVE('',#4220,#4222,#4236,.T.);
#4238 = CARTESIAN_POINT('',(48.54204,20.39916,0.00000));
#4239 = DIRECTION('',(0.000000,-1.000000,0.000000));
#4240 = VECTOR('',#4239,13.80000);
#4241 = LINE('',#4238,#4240);
#4242 = EDGE_CURVE('',#4222,#4216,#4241,.T.);
#4243 = ORIENTED_EDGE('',*,*,#4227,.T.);
#4244 = ORIENTED_EDGE('',*,*,#4232,.T.);
#4245 = ORIENTED_EDGE('',*,*,#4237,.T.);
#4246 = ORIENTED_EDGE('',*,*,#4242,.T.);
#4247 = EDGE_LOOP('',(#4243,#4244,#4245,#4246));
#4248 = CARTESIAN_POINT('',(29.33964,8.33336,0.00000));
#4249 = VERTEX_POINT('',#4248);
#4250 = CARTESIAN_POINT('',(43.13964,8.33336,0.00000));
#4251 = VERTEX_POINT('',#4250);
#4252 = CARTESIAN_POINT('',(43.13964,22.13336,0.00000));
#4253 = VERTEX_POINT('',#4252);
#4254 = CARTESIAN_POINT('',(29.33964,22.13336,0.00000));
#4255 = VERTEX_POINT('',#4254);
#4256 = CARTESIAN_POINT('',(29.33964,8.33336,0.00000));
#4257 = DIRECTION('',(1.000000,0.000000,0.000000));
#4258 = VECTOR('',#4257,13.80000);
#4259 = LINE('',#4256,#4258);
#4260 = EDGE_CURVE('',#4249,#4251,#4259,.T.);
#4261 = CARTESIAN_POINT('',(43.13964,8.33336,0.00000));
#4262 = DIRECTION('',(0.000000,1.000000,0.000000));
#4263 = VECTOR('',#4262,13.80000);
#4264 = LINE('',#4261,#4263);
#4265 = EDGE_CURVE('',#4251,#4253,#4264,.T.);
#4266 = CARTESIAN_POINT('',(43.13964,22.13336,0.00000));
#4267 = DIRECTION('',(-1.000000,0.000000,0.000000));
#4268 = VECTOR('',#4267,13.80000);
#4269 = LINE('',#4266,#4268);
#4270 = EDGE_CURVE('',#4253,#4255,#4269,.T.);
#4271 = CARTESIAN_POINT('',(29.33964,22.13336,0.00000));
#4272 = DIRECTION('',(0.000000,-1.000000,0.000000));
#4273 = VECTOR('',#4272,13.80000);
#4274 = LINE('',#4271,#4273);
#4275 = EDGE_CURVE('',#4255,#4249,#4274,.T.);
#4276 = ORIENTED_EDGE('',*,*,#4260,.T.);
#4277 = ORIENTED_EDGE('',*,*,#4265,.T.);
#4278 = ORIENTED_EDGE('',*,*,#4270,.T.);
#4279 = ORIENTED_EDGE('',*,*,#4275,.T.);
#4280 = EDGE_LOOP('',(#4276,#4277,#4278,#4279));
#4281 = CARTESIAN_POINT('',(106.68014,10.28376,0.00000));
#4282 = VERTEX_POINT('',#4281);
#4283 = CARTESIAN_POINT('',(120.48014,10.28376,0.00000));
#4284 = VERTEX_POINT('',#4283);
#4285 = CARTESIAN_POINT('',(120.48014,24.08376,0.00000));
#4286 = VERTEX_POINT('',#4285);
#4287 = CARTESIAN_POINT('',(106.68014,24.08376,0.00000));
#4288 = VERTEX_POINT('',#4287);
#4289 = CARTESIAN_POINT('',(106.68014,10.28376,0.00000));
#4290 = DIRECTION('',(1.000000,0.000000,0.000000));
#4291 = VECTOR('',#4290,13.80000);
#4292 = LINE('',#4289,#4291);
#4293 = EDGE_CURVE('',#4282,#4284,#4292,.T.);
#4294 = CARTESIAN_POINT('',(120.48014,10.28376,0.00000));
#4295 = DIRECTION('',(0.000000,1.000000,0.000000));
#4296 = VECTOR('',#4295,13.80000);
#4297 = LINE('',#4294,#4296);
#4298 = EDGE_CURVE('',#4284,#4286,#4297,.T.);
#4299 = CARTESIAN_POINT('',(120.48014,24.08376,0.00000));
#4300 = DIRECTION('',(-1.000000,0.000000,0.000000));
#4301 = VECTOR('',#4300,13.80000);
#4302 = LINE('',#4299,#4301);
#4303 = EDGE_CURVE('',#4286,#4288,#4302,.T.);
#4304 = CARTESIAN_POINT('',(106.68014,24.08376,0.00000));
#4305 = DIRECTION('',(0.000000,-1.000000,0.000000));
#4306 = VECTOR('',#4305,13.80000);
#4307 = LINE('',#4304,#4306);
#4308 = EDGE_CURVE('',#4288,#4282,#4307,.T.);
#4309 = ORIENTED_EDGE('',*,*,#4293,.T.);
#4310 = ORIENTED_EDGE('',*,*,#4298,.T.);
#4311 = ORIENTED_EDGE('',*,*,#4303,.T.);
#4312 = ORIENTED_EDGE('',*,*,#4308,.T.);
#4313 = EDGE_LOOP('',(#4309,#4310,#4311,#4312));
#4314 = CARTESIAN_POINT('',(57.75732,61.27790,0.00000));
#4315 = VERTEX_POINT('',#4314);
#4316 = CARTESIAN_POINT('',(71.53840,62.00013,0.00000));
#4317 = VERTEX_POINT('',#4316);
#4318 = CARTESIAN_POINT('',(70.81617,75.78122,0.00000));
#4319 = VERTEX_POINT('',#4318);
#4320 = CARTESIAN_POINT('',(57.03508,75.05899,0.00000));
#4321 = VERTEX_POINT('',#4320);
#4322 = CARTESIAN_POINT('',(57.75732,61.27790,0.00000));
#4323 = DIRECTION('',(0.998630,0.052336,0.000000));
#4324 = VECTOR('',#4323,13.80000);
#4325 = LINE('',#4322,#4324);
#4326 = EDGE_CURVE('',#4315,#4317,#4325,.T.);
#4327 = CARTESIAN_POINT('',(71.53840,62.00013,0.00000));
#4328 = DIRECTION('',(-0.052336,0.998630,0.000000));
#4329 = VECTOR('',#4328,13.80000);
#4330 = LINE('',#4327,#4329);
#4331 = EDGE_CURVE('',#4317,#4319,#4330,.T.);
#4332 = CARTESIAN_POINT('',(70.81617,75.78122,0.00000));
#4333 = DIRECTION('',(-0.998630,-0.052336,0.000000));
#4334 = VECTOR('',#4333,13.80000);
#4335 = LINE('',#4332,#4334);
#4336 = EDGE_CURVE('',#4319,#4321,#4335,.T.);
#4337 = CARTESIAN_POINT('',(57.03508,75.05899,0.00000));
#4338 = DIRECTION('',(0.052336,-0.998630,0.000000));
#4339 = VECTOR('',#4338,13.80000);
#4340 = LINE('',#4337,#4339);
#4341 = EDGE_CURVE('',#4321,#4315,#4340,.T.);
#4342 = ORIENTED_EDGE('',*,*,#4326,.T.);
#4343 = ORIENTED_EDGE('',*,*,#4331,.T.);
#4344 = ORIENTED_EDGE('',*,*,#4336,.T.);
#4345 = ORIENTED_EDGE('',*,*,#4341,.T.);
#4346 = EDGE_LOOP('',(#4342,#4343,#4344,#4345));
#4347 = CARTESIAN_POINT('',(17.31117,68.80678,0.00000));
#4348 = VERTEX_POINT('',#4347);
#4349 = CARTESIAN_POINT('',(29.26232,75.70678,0.00000));
#4350 = VERTEX_POINT('',#4349);
#4351 = CARTESIAN_POINT('',(22.36232,87.65794,0.00000));
#4352 = VERTEX_POINT('',#4351);
#4353 = CARTESIAN_POINT('',(10.41117,80.75794,0.00000));
#4354 = VERTEX_POINT('',#4353);
#4355 = CARTESIAN_POINT('',(17.31117,68.80678,0.00000));
#4356 = DIRECTION('',(0.866025,0.500000,0.000000));
#4357 = VECTOR('',#4356,13.80000);
#4358 = LINE('',#4355,#4357);
#4359 = EDGE_CURVE('',#4348,#4350,#4358,.T.);
#4360 = CARTESIAN_POINT('',(29.26232,75.70678,0.00000));
#4361 = DIRECTION('',(-0.500000,0.866025,0.000000));
#4362 = VECTOR('',#4361,13.80000);
#4363 = LINE('',#4360,#4362);
#4364 = EDGE_CURVE('',#4350,#4352,#4363,.T.);
#4365 = CARTESIAN_POINT('',(22.36232,87.65794,0.00000));
#4366 = DIRECTION('',(-0.866025,-0.500000,0.000000));
#4367 = VECTOR('',#4366,13.80000);
#4368 = LINE('',#4365,#4367);
#4369 = EDGE_CURVE('',#4352,#4354,#4368,.T.);
#4370 = CARTESIAN_POINT('',(10.41117,80.75794,0.00000));
#4371 = DIRECTION('',(0.500000,-0.866025,0.000000));
#4372 = VECTOR('',#4371,13.80000);
#4373 = LINE('',#4370,#4372);
#4374 = EDGE_CURVE('',#4354,#4348,#4373,.T.);
#4375 = ORIENTED_EDGE('',*,*,#4359,.T.);
#4376 = ORIENTED_EDGE('',*,*,#4364,.T.);
#4377 = ORIENTED_EDGE('',*,*,#4369,.T.);
#4378 = ORIENTED_EDGE('',*,*,#4374,.T.);
#4379 = EDGE_LOOP('',(#4375,#4376,#4377,#4378));
#4380 = CARTESIAN_POINT('',(125.92964,10.34636,0.00000));
#4381 = VERTEX_POINT('',#4380);
#4382 = CARTESIAN_POINT('',(139.72964,10.34636,0.00000));
#4383 = VERTEX_POINT('',#4382);
#4384 = CARTESIAN_POINT('',(139.72964,24.14636,0.00000));
#4385 = VERTEX_POINT('',#4384);
#4386 = CARTESIAN_POINT('',(125.92964,24.14636,0.00000));
#4387 = VERTEX_POINT('',#4386);
#4388 = CARTESIAN_POINT('',(125.92964,10.34636,0.00000));
#4389 = DIRECTION('',(1.000000,0.000000,0.000000));
#4390 = VECTOR('',#4389,13.80000);
#4391 = LINE('',#4388,#4390);
#4392 = EDGE_CURVE('',#4381,#4383,#4391,.T.);
#4393 = CARTESIAN_POINT('',(139.72964,10.34636,0.00000));
#4394 = DIRECTION('',(0.000000,1.000000,0.000000));
#4395 = VECTOR('',#4394,13.80000);
#4396 = LINE('',#4393,#4395);
#4397 = EDGE_CURVE('',#4383,#4385,#4396,.T.);
#4398 = CARTESIAN_POINT('',(139.72964,24.14636,0.00000));
#4399 = DIRECTION('',(-1.000000,0.000000,0.000000));
#4400 = VECTOR('',#4399,13.80000);
#4401 = LINE('',#4398,#4400);
#4402 = EDGE_CURVE('',#4385,#4387,#4401,.T.);
#4403 = CARTESIAN_POINT('',(125.92964,24.14636,0.00000));
#4404 = DIRECTION('',(0.000000,-1.000000,0.000000));
#4405 = VECTOR('',#4404,13.80000);
#4406 = LINE('',#4403,#4405);
#4407 = EDGE_CURVE('',#4387,#4381,#4406,.T.);
#4408 = ORIENTED_EDGE('',*,*,#4392,.T.);
#4409 = ORIENTED_EDGE('',*,*,#4397,.T.);
#4410 = ORIENTED_EDGE('',*,*,#4402,.T.);
#4411 = ORIENTED_EDGE('',*,*,#4407,.T.);
#4412 = EDGE_LOOP('',(#4408,#4409,#4410,#4411));
#4413 = CARTESIAN_POINT('',(106.68014,45.47376,0.00000));
#4414 = VERTEX_POINT('',#4413);
#4415 = CARTESIAN_POINT('',(120.48014,45.47376,0.00000));
#4416 = VERTEX_POINT('',#4415);
#4417 = CARTESIAN_POINT('',(120.48014,59.27376,0.00000));
#4418 = VERTEX_POINT('',#4417);
#4419 = CARTESIAN_POINT('',(106.68014,59.27376,0.00000));
#4420 = VERTEX_POINT('',#4419);
#4421 = CARTESIAN_POINT('',(106.68014,45.47376,0.00000));
#4422 = DIRECTION('',(1.000000,0.000000,0.000000));
#4423 = VECTOR('',#4422,13.80000);
#4424 = LINE('',#4421,#4423);
#4425 = EDGE_CURVE('',#4414,#4416,#4424,.T.);
#4426 = CARTESIAN_POINT('',(120.48014,45.47376,0.00000));
#4427 = DIRECTION('',(0.000000,1.000000,0.000000));
#4428 = VECTOR('',#4427,13.80000);
#4429 = LINE('',#4426,#4428);
#4430 = EDGE_CURVE('',#4416,#4418,#4429,.T.);
#4431 = CARTESIAN_POINT('',(120.48014,59.27376,0.00000));
#4432 = DIRECTION('',(-1.000000,0.000000,0.000000));
#4433 = VECTOR('',#4432,13.80000);
#4434 = LINE('',#4431,#4433);
#4435 = EDGE_CURVE('',#4418,#4420,#4434,.T.);
#4436 = CARTESIAN_POINT('',(106.68014,59.27376,0.00000));
#4437 = DIRECTION('',(0.000000,-1.000000,0.000000));
#4438 = VECTOR('',#4437,13.80000);
#4439 = LINE('',#4436,#4438);
#4440 = EDGE_CURVE('',#4420,#4414,#4439,.T.);
#4441 = ORIENTED_EDGE('',*,*,#4425,.T.);
#4442 = ORIENTED_EDGE('',*,*,#4430,.T.);
#4443 = ORIENTED_EDGE('',*,*,#4435,.T.);
#4444 = ORIENTED_EDGE('',*,*,#4440,.T.);
#4445 = EDGE_LOOP('',(#4441,#4442,#4443,#4444));
#4446 = CARTESIAN_POINT('',(125.92964,45.53636,0.00000));
#4447 = VERTEX_POINT('',#4446);
#4448 = CARTESIAN_POINT('',(139.72964,45.53636,0.00000));
#4449 = VERTEX_POINT('',#4448);
#4450 = CARTESIAN_POINT('',(139.72964,59.33636,0.00000));
#4451 = VERTEX_POINT('',#4450);
#4452 = CARTESIAN_POINT('',(125.92964,59.33636,0.00000));
#4453 = VERTEX_POINT('',#4452);
#4454 = CARTESIAN_POINT('',(125.92964,45.53636,0.00000));
#4455 = DIRECTION('',(1.000000,0.000000,0.000000));
#4456 = VECTOR('',#4455,13.80000);
#4457 = LINE('',#4454,#4456);
#4458 = EDGE_CURVE('',#4447,#4449,#4457,.T.);
#4459 = CARTESIAN_POINT('',(139.72964,45.53636,0.00000));
#4460 = DIRECTION('',(0.000000,1.000000,0.000000));
#4461 = VECTOR('',#4460,13.80000);
#4462 = LINE('',#4459,#4461);
#4463 = EDGE_CURVE('',#4449,#4451,#4462,.T.);
#4464 = CARTESIAN_POINT('',(139.72964,59.33636,0.00000));
#4465 = DIRECTION('',(-1.000000,0.000000,0.000000));
#4466 = VECTOR('',#4465,13.80000);
#4467 = LINE('',#4464,#4466);
#4468 = EDGE_CURVE('',#4451,#4453,#4467,.T.);
#4469 = CARTESIAN_POINT('',(125.92964,59.33636,0.00000));
#4470 = DIRECTION('',(0.000000,-1.000000,0.000000));
#4471 = VECTOR('',#4470,13.80000);
#4472 = LINE('',#4469,#4471);
#4473 = EDGE_CURVE('',#4453,#4447,#4472,.T.);
#4474 = ORIENTED_EDGE('',*,*,#4458,.T.);
#4475 = ORIENTED_EDGE('',*,*,#4463,.T.);
#4476 = ORIENTED_EDGE('',*,*,#4468,.T.);
#4477 = ORIENTED_EDGE('',*,*,#4473,.T.);
#4478 = EDGE_LOOP('',(#4474,#4475,#4476,#4477));
#4479 = CARTESIAN_POINT('',(68.11924,3.68436,0.00000));
#4480 = VERTEX_POINT('',#4479);
#4481 = CARTESIAN_POINT('',(81.91924,3.68436,0.00000));
#4482 = VERTEX_POINT('',#4481);
#4483 = CARTESIAN_POINT('',(81.91924,17.48436,0.00000));
#4484 = VERTEX_POINT('',#4483);
#4485 = CARTESIAN_POINT('',(68.11924,17.48436,0.00000));
#4486 = VERTEX_POINT('',#4485);
#4487 = CARTESIAN_POINT('',(68.11924,3.68436,0.00000));
#4488 = DIRECTION('',(1.000000,0.000000,0.000000));
#4489 = VECTOR('',#4488,13.80000);
#4490 = LINE('',#4487,#4489);
#4491 = EDGE_CURVE('',#4480,#4482,#4490,.T.);
#4492 = CARTESIAN_POINT('',(81.91924,3.68436,0.00000));
#4493 = DIRECTION('',(0.000000,1.000000,0.000000));
#4494 = VECTOR('',#4493,13.80000);
#4495 = LINE('',#4492,#4494);
#4496 = EDGE_CURVE('',#4482,#4484,#4495,.T.);
#4497 = CARTESIAN_POINT('',(81.91924,17.48436,0.00000));
#4498 = DIRECTION('',(-1.000000,0.000000,0.000000));
#4499 = VECTOR('',#4498,13.80000);
#4500 = LINE('',#4497,#4499);
#4501 = EDGE_CURVE('',#4484,#4486,#4500,.T.);
#4502 = CARTESIAN_POINT('',(68.11924,17.48436,0.00000));
#4503 = DIRECTION('',(0.000000,-1.000000,0.000000));
#4504 = VECTOR('',#4503,13.80000);
#4505 = LINE('',#4502,#4504);
#4506 = EDGE_CURVE('',#4486,#4480,#4505,.T.);
#4507 = ORIENTED_EDGE('',*,*,#4491,.T.);
#4508 = ORIENTED_EDGE('',*,*,#4496,.T.);
#4509 = ORIENTED_EDGE('',*,*,#4501,.T.);
#4510 = ORIENTED_EDGE('',*,*,#4506,.T.);
#4511 = EDGE_LOOP('',(#4507,#4508,#4509,#4510));
#4512 = CARTESIAN_POINT('',(122.96074,25.90836,0.00000));
#4513 = DIRECTION('',(0.000000,0.000000,1.000000));
#4514 = DIRECTION('',(1.000000,0.000000,0.000000));
#4515 = AXIS2_PLACEMENT_3D('',#4512,#4513,#4514);
#4516 = CIRCLE('',#4515,1.60000);
#4517 = CARTESIAN_POINT('',(124.56074,25.90836,0.00000));
#4518 = VERTEX_POINT('',#4517);
#4519 = EDGE_CURVE('',#4518,#4518,#4516,.T.);
#4520 = ORIENTED_EDGE('',*,*,#4519,.T.);
#4521 = EDGE_LOOP('',(#4520));
#4522 = CARTESIAN_POINT('',(29.71184,66.77696,0.00000));
#4523 = DIRECTION('',(0.000000,0.000000,1.000000));
#4524 = DIRECTION('',(1.000000,0.000000,0.000000));
#4525 = AXIS2_PLACEMENT_3D('',#4522,#4523,#4524);
#4526 = CIRCLE('',#4525,1.60000);
#4527 = CARTESIAN_POINT('',(31.31184,66.77696,0.00000));
#4528 = VERTEX_POINT('',#4527);
#4529 = EDGE_CURVE('',#4528,#4528,#4526,.T.);
#4530 = ORIENTED_EDGE('',*,*,#4529,.T.);
#4531 = EDGE_LOOP('',(#4530));
#4532 = CARTESIAN_POINT('',(123.24014,43.73916,0.00000));
#4533 = DIRECTION('',(0.000000,0.000000,1.000000));
#4534 = DIRECTION('',(1.000000,0.000000,0.000000));
#4535 = AXIS2_PLACEMENT_3D('',#4532,#4533,#4534);
#4536 = CIRCLE('',#4535,1.60000);
#4537 = CARTESIAN_POINT('',(124.84014,43.73916,0.00000));
#4538 = VERTEX_POINT('',#4537);
#4539 = EDGE_CURVE('',#4538,#4538,#4536,.T.);
#4540 = ORIENTED_EDGE('',*,*,#4539,.T.);
#4541 = EDGE_LOOP('',(#4540));
#4542 = CARTESIAN_POINT('',(79.59744,67.65896,0.00000));
#4543 = DIRECTION('',(0.000000,0.000000,1.000000));
#4544 = DIRECTION('',(1.000000,0.000000,0.000000));
#4545 = AXIS2_PLACEMENT_3D('',#4542,#4543,#4544);
#4546 = CIRCLE('',#4545,1.60000);
#4547 = CARTESIAN_POINT('',(81.19744,67.65896,0.00000));
#4548 = VERTEX_POINT('',#4547);
#4549 = EDGE_CURVE('',#4548,#4548,#4546,.T.);
#4550 = ORIENTED_EDGE('',*,*,#4549,.T.);
#4551 = EDGE_LOOP('',(#4550));
#4552 = CARTESIAN_POINT('',(65.63294,22.12376,0.00000));
#4553 = DIRECTION('',(0.000000,0.000000,1.000000));
#4554 = DIRECTION('',(1.000000,0.000000,0.000000));
#4555 = AXIS2_PLACEMENT_3D('',#4552,#4553,#4554);
#4556 = CIRCLE('',#4555,1.60000);
#4557 = CARTESIAN_POINT('',(67.23294,22.12376,0.00000));
#4558 = VERTEX_POINT('',#4557);
#4559 = EDGE_CURVE('',#4558,#4558,#4556,.T.);
#4560 = ORIENTED_EDGE('',*,*,#4559,.T.);
#4561 = EDGE_LOOP('',(#4560));
#4562 = FACE_OUTER_BOUND('',#3818,.T.);
#4563 = FACE_BOUND('',#3851,.T.);
#4564 = FACE_BOUND('',#3884,.T.);
#4565 = FACE_BOUND('',#3917,.T.);
#4566 = FACE_BOUND('',#3950,.T.);
#4567 = FACE_BOUND('',#3983,.T.);
#4568 = FACE_BOUND('',#4016,.T.);
#4569 = FACE_BOUND('',#4049,.T.);
#4570 = FACE_BOUND('',#4082,.T.);
#4571 = FACE_BOUND('',#4115,.T.);
#4572 = FACE_BOUND('',#4148,.T.);
#4573 = FACE_BOUND('',#4181,.T.);
#4574 = FACE_BOUND('',#4214,.T.);
#4575 = FACE_BOUND('',#4247,.T.);
#4576 = FACE_BOUND('',#4280,.T.);
#4577 = FACE_BOUND('',#4313,.T.);
#4578 = FACE_BOUND('',#4346,.T.);
#4579 = FACE_BOUND('',#4379,.T.);
#4580 = FACE_BOUND('',#4412,.T.);
#4581 = FACE_BOUND('',#4445,.T.);
#4582 = FACE_BOUND('',#4478,.T.);
#4583 = FACE_BOUND('',#4511,.T.);
#4584 = FACE_BOUND('',#4521,.T.);
#4585 = FACE_BOUND('',#4531,.T.);
#4586 = FACE_BOUND('',#4541,.T.);
#4587 = FACE_BOUND('',#4551,.T.);
#4588 = FACE_BOUND('',#4561,.T.);
#4589 = CARTESIAN_POINT('',(0.00000,0.00000,0.00000));
#4590 = DIRECTION('',(0.000000,0.000000,-1.000000));
#4591 = DIRECTION('',(1.000000,0.000000,0.000000));
#4592 = AXIS2_PLACEMENT_3D('',#4589,#4590,#4591);
#4593 = PLANE('',#4592);
#4594 = ADVANCED_FACE('',(#4562,#4563,#4564,#4565,#4566,#4567,#4568,#4569,#4570,#4571,#4572,#4573,#4574,#4575,#4576,#4577,#4578,#4579,#4580,#4581,#4582,#4583,#4584,#4585,#4586,#4587,#4588),#4593,.T.);
#4595 = CARTESIAN_POINT('',(0.02901,21.13913,0.00000));
#4596 = VERTEX_POINT('',#4595);
#4597 = CARTESIAN_POINT('',(0.36148,21.13913,0.00000));
#4598 = VERTEX_POINT('',#4597);
#4599 = CARTESIAN_POINT('',(0.36148,21.13913,1.50000));
#4600 = VERTEX_POINT('',#4599);
#4601 = CARTESIAN_POINT('',(0.02901,21.13913,1.50000));
#4602 = VERTEX_POINT('',#4601);
#4603 = CARTESIAN_POINT('',(0.02901,21.13913,0.00000));
#4604 = DIRECTION('',(1.000000,0.000000,0.000000));
#4605 = VECTOR('',#4604,0.33246);
#4606 = LINE('',#4603,#4605);
#4607 = EDGE_CURVE('',#4596,#4598,#4606,.T.);
#4608 = CARTESIAN_POINT('',(0.36148,21.13913,0.00000));
#4609 = DIRECTION('',(0.000000,0.000000,1.000000));
#4610 = VECTOR('',#4609,1.50000);
#4611 = LINE('',#4608,#4610);
#4612 = EDGE_CURVE('',#4598,#4600,#4611,.T.);
#4613 = CARTESIAN_POINT('',(0.36148,21.13913,1.50000));
#4614 = DIRECTION('',(-1.000000,-0.000000,0.000000));
#4615 = VECTOR('',#4614,0.33246);
#4616 = LINE('',#4613,#4615);
#4617 = EDGE_CURVE('',#4600,#4602,#4616,.T.);
#4618 = CARTESIAN_POINT('',(0.02901,21.13913,1.50000));
#4619 = DIRECTION('',(0.000000,0.000000,-1.000000));
#4620 = VECTOR('',#4619,1.50000);
#4621 = LINE('',#4618,#4620);
#4622 = EDGE_CURVE('',#4602,#4596,#4621,.T.);
#4623 = ORIENTED_EDGE('',*,*,#4607,.T.);
#4624 = ORIENTED_EDGE('',*,*,#4612,.T.);
#4625 = ORIENTED_EDGE('',*,*,#4617,.T.);
#4626 = ORIENTED_EDGE('',*,*,#4622,.T.);
#4627 = EDGE_LOOP('',(#4623,#4624,#4625,#4626));
#4628 = FACE_OUTER_BOUND('',#4627,.T.);
#4629 = CARTESIAN_POINT('',(0.02901,21.13913,0.00000));
#4630 = DIRECTION('',(0.000000,-1.000000,0.000000));
#4631 = DIRECTION('',(1.000000,0.000000,0.000000));
#4632 = AXIS2_PLACEMENT_3D('',#4629,#4630,#4631);
#4633 = PLANE('',#4632);
#4634 = ADVANCED_FACE('',(#4628),#4633,.T.);
#4635 = CARTESIAN_POINT('',(0.36148,21.13913,0.00000));
#4636 = VERTEX_POINT('',#4635);
#4637 = CARTESIAN_POINT('',(0.74474,21.13913,0.00000));
#4638 = VERTEX_POINT('',#4637);
#4639 = CARTESIAN_POINT('',(0.74474,21.13913,1.50000));
#4640 = VERTEX_POINT('',#4639);
#4641 = CARTESIAN_POINT('',(0.36148,21.13913,1.50000));
#4642 = VERTEX_POINT('',#4641);
#4643 = CARTESIAN_POINT('',(0.36148,21.13913,0.00000));
#4644 = DIRECTION('',(1.000000,0.000000,0.000000));
#4645 = VECTOR('',#4644,0.38326);
#4646 = LINE('',#4643,#4645);
#4647 = EDGE_CURVE('',#4636,#4638,#4646,.T.);
#4648 = CARTESIAN_POINT('',(0.74474,21.13913,0.00000));
#4649 = DIRECTION('',(0.000000,0.000000,1.000000));
#4650 = VECTOR('',#4649,1.50000);
#4651 = LINE('',#4648,#4650);
#4652 = EDGE_CURVE('',#4638,#4640,#4651,.T.);
#4653 = CARTESIAN_POINT('',(0.74474,21.13913,1.50000));
#4654 = DIRECTION('',(-1.000000,-0.000000,0.000000));
#4655 = VECTOR('',#4654,0.38326);
#4656 = LINE('',#4653,#4655);
#4657 = EDGE_CURVE('',#4640,#4642,#4656,.T.);
#4658 = CARTESIAN_POINT('',(0.36148,21.13913,1.50000));
#4659 = DIRECTION('',(0.000000,0.000000,-1.000000));
#4660 = VECTOR('',#4659,1.50000);
#4661 = LINE('',#4658,#4660);
#4662 = EDGE_CURVE('',#4642,#4636,#4661,.T.);
#4663 = ORIENTED_EDGE('',*,*,#4647,.T.);
#4664 = ORIENTED_EDGE('',*,*,#4652,.T.);
#4665 = ORIENTED_EDGE('',*,*,#4657,.T.);
#4666 = ORIENTED_EDGE('',*,*,#4662,.T.);
#4667 = EDGE_LOOP('',(#4663,#4664,#4665,#4666));
#4668 = FACE_OUTER_BOUND('',#4667,.T.);
#4669 = CARTESIAN_POINT('',(0.36148,21.13913,0.00000));
#4670 = DIRECTION('',(0.000000,-1.000000,0.000000));
#4671 = DIRECTION('',(1.000000,0.000000,0.000000));
#4672 = AXIS2_PLACEMENT_3D('',#4669,#4670,#4671);
#4673 = PLANE('',#4672);
#4674 = ADVANCED_FACE('',(#4668),#4673,.T.);
#4675 = CARTESIAN_POINT('',(0.74474,21.13913,0.00000));
#4676 = VERTEX_POINT('',#4675);
#4677 = CARTESIAN_POINT('',(1.43148,20.93748,0.00000));
#4678 = VERTEX_POINT('',#4677);
#4679 = CARTESIAN_POINT('',(1.43148,20.93748,1.50000));
#4680 = VERTEX_POINT('',#4679);
#4681 = CARTESIAN_POINT('',(0.74474,21.13913,1.50000));
#4682 = VERTEX_POINT('',#4681);
#4683 = CARTESIAN_POINT('',(0.74474,21.13913,0.00000));
#4684 = DIRECTION('',(0.959493,-0.281733,0.000000));
#4685 = VECTOR('',#4684,0.71573);
#4686 = LINE('',#4683,#4685);
#4687 = EDGE_CURVE('',#4676,#4678,#4686,.T.);
#4688 = CARTESIAN_POINT('',(1.43148,20.93748,0.00000));
#4689 = DIRECTION('',(0.000000,0.000000,1.000000));
#4690 = VECTOR('',#4689,1.50000);
#4691 = LINE('',#4688,#4690);
#4692 = EDGE_CURVE('',#4678,#4680,#4691,.T.);
#4693 = CARTESIAN_POINT('',(1.43148,20.93748,1.50000));
#4694 = DIRECTION('',(-0.959493,0.281733,0.000000));
#4695 = VECTOR('',#4694,0.71573);
#4696 = LINE('',#4693,#4695);
#4697 = EDGE_CURVE('',#4680,#4682,#4696,.T.);
#4698 = CARTESIAN_POINT('',(0.74474,21.13913,1.50000));
#4699 = DIRECTION('',(0.000000,0.000000,-1.000000));
#4700 = VECTOR('',#4699,1.50000);
#4701 = LINE('',#4698,#4700);
#4702 = EDGE_CURVE('',#4682,#4676,#4701,.T.);
#4703 = ORIENTED_EDGE('',*,*,#4687,.T.);
#4704 = ORIENTED_EDGE('',*,*,#4692,.T.);
#4705 = ORIENTED_EDGE('',*,*,#4697,.T.);
#4706 = ORIENTED_EDGE('',*,*,#4702,.T.);
#4707 = EDGE_LOOP('',(#4703,#4704,#4705,#4706));
#4708 = FACE_OUTER_BOUND('',#4707,.T.);
#4709 = CARTESIAN_POINT('',(0.74474,21.13913,0.00000));
#4710 = DIRECTION('',(-0.281733,-0.959493,0.000000));
#4711 = DIRECTION('',(0.959493,-0.281733,0.000000));
#4712 = AXIS2_PLACEMENT_3D('',#4709,#4710,#4711);
#4713 = PLANE('',#4712);
#4714 = ADVANCED_FACE('',(#4708),#4713,.T.);
#4715 = CARTESIAN_POINT('',(1.43148,20.93748,0.00000));
#4716 = VERTEX_POINT('',#4715);
#4717 = CARTESIAN_POINT('',(2.03359,20.55053,0.00000));
#4718 = VERTEX_POINT('',#4717);
#4719 = CARTESIAN_POINT('',(2.03359,20.55053,1.50000));
#4720 = VERTEX_POINT('',#4719);
#4721 = CARTESIAN_POINT('',(1.43148,20.93748,1.50000));
#4722 = VERTEX_POINT('',#4721);
#4723 = CARTESIAN_POINT('',(1.43148,20.93748,0.00000));
#4724 = DIRECTION('',(0.841254,-0.540641,0.000000));
#4725 = VECTOR('',#4724,0.71573);
#4726 = LINE('',#4723,#4725);
#4727 = EDGE_CURVE('',#4716,#4718,#4726,.T.);
#4728 = CARTESIAN_POINT('',(2.03359,20.55053,0.00000));
#4729 = DIRECTION('',(0.000000,0.000000,1.000000));
#4730 = VECTOR('',#4729,1.50000);
#4731 = LINE('',#4728,#4730);
#4732 = EDGE_CURVE('',#4718,#4720,#4731,.T.);
#4733 = CARTESIAN_POINT('',(2.03359,20.55053,1.50000));
#4734 = DIRECTION('',(-0.841254,0.540641,0.000000));
#4735 = VECTOR('',#4734,0.71573);
#4736 = LINE('',#4733,#4735);
#4737 = EDGE_CURVE('',#4720,#4722,#4736,.T.);
#4738 = CARTESIAN_POINT('',(1.43148,20.93748,1.50000));
#4739 = DIRECTION('',(0.000000,0.000000,-1.000000));
#4740 = VECTOR('',#4739,1.50000);
#4741 = LINE('',#4738,#4740);
#4742 = EDGE_CURVE('',#4722,#4716,#4741,.T.);
#4743 = ORIENTED_EDGE('',*,*,#4727,.T.);
#4744 = ORIENTED_EDGE('',*,*,#4732,.T.);
#4745 = ORIENTED_EDGE('',*,*,#4737,.T.);
#4746 = ORIENTED_EDGE('',*,*,#4742,.T.);
#4747 = EDGE_LOOP('',(#4743,#4744,#4745,#4746));
#4748 = FACE_OUTER_BOUND('',#4747,.T.);
#4749 = CARTESIAN_POINT('',(1.43148,20.93748,0.00000));
#4750 = DIRECTION('',(-0.540641,-0.841254,0.000000));
#4751 = DIRECTION('',(0.841254,-0.540641,0.000000));
#4752 = AXIS2_PLACEMENT_3D('',#4749,#4750,#4751);
#4753 = PLANE('',#4752);
#4754 = ADVANCED_FACE('',(#4748),#4753,.T.);
#4755 = CARTESIAN_POINT('',(2.03359,20.55053,0.00000));
#4756 = VERTEX_POINT('',#4755);
#4757 = CARTESIAN_POINT('',(2.50230,20.00962,0.00000));
#4758 = VERTEX_POINT('',#4757);
#4759 = CARTESIAN_POINT('',(2.50230,20.00962,1.50000));
#4760 = VERTEX_POINT('',#4759);
#4761 = CARTESIAN_POINT('',(2.03359,20.55053,1.50000));
#4762 = VERTEX_POINT('',#4761);
#4763 = CARTESIAN_POINT('',(2.03359,20.55053,0.00000));
#4764 = DIRECTION('',(0.654861,-0.755750,0.000000));
#4765 = VECTOR('',#4764,0.71573);
#4766 = LINE('',#4763,#4765);
#4767 = EDGE_CURVE('',#4756,#4758,#4766,.T.);
#4768 = CARTESIAN_POINT('',(2.50230,20.00962,0.00000));
#4769 = DIRECTION('',(0.000000,0.000000,1.000000));
#4770 = VECTOR('',#4769,1.50000);
#4771 = LINE('',#4768,#4770);
#4772 = EDGE_CURVE('',#4758,#4760,#4771,.T.);
#4773 = CARTESIAN_POINT('',(2.50230,20.00962,1.50000));
#4774 = DIRECTION('',(-0.654861,0.755750,0.000000));
#4775 = VECTOR('',#4774,0.71573);
#4776 = LINE('',#4773,#4775);
#4777 = EDGE_CURVE('',#4760,#4762,#4776,.T.);
#4778 = CARTESIAN_POINT('',(2.03359,20.55053,1.50000));
#4779 = DIRECTION('',(0.000000,0.000000,-1.000000));
#4780 = VECTOR('',#4779,1.50000);
#4781 = LINE('',#4778,#4780);
#4782 = EDGE_CURVE('',#4762,#4756,#4781,.T.);
#4783 = ORIENTED_EDGE('',*,*,#4767,.T.);
#4784 = ORIENTED_EDGE('',*,*,#4772,.T.);
#4785 = ORIENTED_EDGE('',*,*,#4777,.T.);
#4786 = ORIENTED_EDGE('',*,*,#4782,.T.);
#4787 = EDGE_LOOP('',(#4783,#4784,#4785,#4786));
#4788 = FACE_OUTER_BOUND('',#4787,.T.);
#4789 = CARTESIAN_POINT('',(2.03359,20.55053,0.00000));
#4790 = DIRECTION('',(-0.755750,-0.654861,0.000000));
#4791 = DIRECTION('',(0.654861,-0.755750,0.000000));
#4792 = AXIS2_PLACEMENT_3D('',#4789,#4790,#4791);
#4793 = PLANE('',#4792);
#4794 = ADVANCED_FACE('',(#4788),#4793,.T.);
#4795 = CARTESIAN_POINT('',(2.50230,20.00962,0.00000));
#4796 = VERTEX_POINT('',#4795);
#4797 = CARTESIAN_POINT('',(2.79962,19.35857,0.00000));
#4798 = VERTEX_POINT('',#4797);
#4799 = CARTESIAN_POINT('',(2.79962,19.35857,1.50000));
#4800 = VERTEX_POINT('',#4799);
#4801 = CARTESIAN_POINT('',(2.50230,20.00962,1.50000));
#4802 = VERTEX_POINT('',#4801);
#4803 = CARTESIAN_POINT('',(2.50230,20.00962,0.00000));
#4804 = DIRECTION('',(0.415415,-0.909632,0.000000));
#4805 = VECTOR('',#4804,0.71573);
#4806 = LINE('',#4803,#4805);
#4807 = EDGE_CURVE('',#4796,#4798,#4806,.T.);
#4808 = CARTESIAN_POINT('',(2.79962,19.35857,0.00000));
#4809 = DIRECTION('',(0.000000,0.000000,1.000000));
#4810 = VECTOR('',#4809,1.50000);
#4811 = LINE('',#4808,#4810);
#4812 = EDGE_CURVE('',#4798,#4800,#4811,.T.);
#4813 = CARTESIAN_POINT('',(2.79962,19.35857,1.50000));
#4814 = DIRECTION('',(-0.415415,0.909632,0.000000));
#4815 = VECTOR('',#4814,0.71573);
#4816 = LINE('',#4813,#4815);
#4817 = EDGE_CURVE('',#4800,#4802,#4816,.T.);
#4818 = CARTESIAN_POINT('',(2.50230,20.00962,1.50000));
#4819 = DIRECTION('',(0.000000,0.000000,-1.000000));
#4820 = VECTOR('',#4819,1.50000);
#4821 = LINE('',#4818,#4820);
#4822 = EDGE_CURVE('',#4802,#4796,#4821,.T.);
#4823 = ORIENTED_EDGE('',*,*,#4807,.T.);
#4824 = ORIENTED_EDGE('',*,*,#4812,.T.);
#4825 = ORIENTED_EDGE('',*,*,#4817,.T.);
#4826 = ORIENTED_EDGE('',*,*,#4822,.T.);
#4827 = EDGE_LOOP('',(#4823,#4824,#4825,#4826));
#4828 = FACE_OUTER_BOUND('',#4827,.T.);
#4829 = CARTESIAN_POINT('',(2.50230,20.00962,0.00000));
#4830 = DIRECTION('',(-0.909632,-0.415415,0.000000));
#4831 = DIRECTION('',(0.415415,-0.909632,0.000000));
#4832 = AXIS2_PLACEMENT_3D('',#4829,#4830,#4831);
#4833 = PLANE('',#4832);
#4834 = ADVANCED_FACE('',(#4828),#4833,.T.);
#4835 = CARTESIAN_POINT('',(2.79962,19.35857,0.00000));
#4836 = VERTEX_POINT('',#4835);
#4837 = CARTESIAN_POINT('',(2.90148,18.65012,0.00000));
#4838 = VERTEX_POINT('',#4837);
#4839 = CARTESIAN_POINT('',(2.90148,18.65012,1.50000));
#4840 = VERTEX_POINT('',#4839);
#4841 = CARTESIAN_POINT('',(2.79962,19.35857,1.50000));
#4842 = VERTEX_POINT('',#4841);
#4843 = CARTESIAN_POINT('',(2.79962,19.35857,0.00000));
#4844 = DIRECTION('',(0.142315,-0.989821,0.000000));
#4845 = VECTOR('',#4844,0.71573);
#4846 = LINE('',#4843,#4845);
#4847 = EDGE_CURVE('',#4836,#4838,#4846,.T.);
#4848 = CARTESIAN_POINT('',(2.90148,18.65012,0.00000));
#4849 = DIRECTION('',(0.000000,0.000000,1.000000));
#4850 = VECTOR('',#4849,1.50000);
#4851 = LINE('',#4848,#4850);
#4852 = EDGE_CURVE('',#4838,#4840,#4851,.T.);
#4853 = CARTESIAN_POINT('',(2.90148,18.65012,1.50000));
#4854 = DIRECTION('',(-0.142315,0.989821,0.000000));
#4855 = VECTOR('',#4854,0.71573);
#4856 = LINE('',#4853,#4855);
#4857 = EDGE_CURVE('',#4840,#4842,#4856,.T.);
#4858 = CARTESIAN_POINT('',(2.79962,19.35857,1.50000));
#4859 = DIRECTION('',(0.000000,0.000000,-1.000000));
#4860 = VECTOR('',#4859,1.50000);
#4861 = LINE('',#4858,#4860);
#4862 = EDGE_CURVE('',#4842,#4836,#4861,.T.);
#4863 = ORIENTED_EDGE('',*,*,#4847,.T.);
#4864 = ORIENTED_EDGE('',*,*,#4852,.T.);
#4865 = ORIENTED_EDGE('',*,*,#4857,.T.);
#4866 = ORIENTED_EDGE('',*,*,#4862,.T.);
#4867 = EDGE_LOOP('',(#4863,#4864,#4865,#4866));
#4868 = FACE_OUTER_BOUND('',#4867,.T.);
#4869 = CARTESIAN_POINT('',(2.79962,19.35857,0.00000));
#4870 = DIRECTION('',(-0.989821,-0.142315,0.000000));
#4871 = DIRECTION('',(0.142315,-0.989821,0.000000));
#4872 = AXIS2_PLACEMENT_3D('',#4869,#4870,#4871);
#4873 = PLANE('',#4872);
#4874 = ADVANCED_FACE('',(#4868),#4873,.T.);
#4875 = CARTESIAN_POINT('',(2.90148,18.65012,0.00000));
#4876 = VERTEX_POINT('',#4875);
#4877 = CARTESIAN_POINT('',(2.90148,5.02956,0.00000));
#4878 = VERTEX_POINT('',#4877);
#4879 = CARTESIAN_POINT('',(2.90148,5.02956,1.50000));
#4880 = VERTEX_POINT('',#4879);
#4881 = CARTESIAN_POINT('',(2.90148,18.65012,1.50000));
#4882 = VERTEX_POINT('',#4881);
#4883 = CARTESIAN_POINT('',(2.90148,18.65012,0.00000));
#4884 = DIRECTION('',(0.000000,-1.000000,0.000000));
#4885 = VECTOR('',#4884,13.62056);
#4886 = LINE('',#4883,#4885);
#4887 = EDGE_CURVE('',#4876,#4878,#4886,.T.);
#4888 = CARTESIAN_POINT('',(2.90148,5.02956,0.00000));
#4889 = DIRECTION('',(0.000000,0.000000,1.000000));
#4890 = VECTOR('',#4889,1.50000);
#4891 = LINE('',#4888,#4890);
#4892 = EDGE_CURVE('',#4878,#4880,#4891,.T.);
#4893 = CARTESIAN_POINT('',(2.90148,5.02956,1.50000));
#4894 = DIRECTION('',(-0.000000,1.000000,0.000000));
#4895 = VECTOR('',#4894,13.62056);
#4896 = LINE('',#4893,#4895);
#4897 = EDGE_CURVE('',#4880,#4882,#4896,.T.);
#4898 = CARTESIAN_POINT('',(2.90148,18.65012,1.50000));
#4899 = DIRECTION('',(0.000000,0.000000,-1.000000));
#4900 = VECTOR('',#4899,1.50000);
#4901 = LINE('',#4898,#4900);
#4902 = EDGE_CURVE('',#4882,#4876,#4901,.T.);
#4903 = ORIENTED_EDGE('',*,*,#4887,.T.);
#4904 = ORIENTED_EDGE('',*,*,#4892,.T.);
#4905 = ORIENTED_EDGE('',*,*,#4897,.T.);
#4906 = ORIENTED_EDGE('',*,*,#4902,.T.);
#4907 = EDGE_LOOP('',(#4903,#4904,#4905,#4906));
#4908 = FACE_OUTER_BOUND('',#4907,.T.);
#4909 = CARTESIAN_POINT('',(2.90148,18.65012,0.00000));
#4910 = DIRECTION('',(-1.000000,-0.000000,0.000000));
#4911 = DIRECTION('',(0.000000,-1.000000,0.000000));
#4912 = AXIS2_PLACEMENT_3D('',#4909,#4910,#4911);
#4913 = PLANE('',#4912);
#4914 = ADVANCED_FACE('',(#4908),#4913,.T.);
#4915 = CARTESIAN_POINT('',(2.90148,5.02956,0.00000));
#4916 = VERTEX_POINT('',#4915);
#4917 = CARTESIAN_POINT('',(2.90148,4.82636,0.00000));
#4918 = VERTEX_POINT('',#4917);
#4919 = CARTESIAN_POINT('',(2.90148,4.82636,1.50000));
#4920 = VERTEX_POINT('',#4919);
#4921 = CARTESIAN_POINT('',(2.90148,5.02956,1.50000));
#4922 = VERTEX_POINT('',#4921);
#4923 = CARTESIAN_POINT('',(2.90148,5.02956,0.00000));
#4924 = DIRECTION('',(0.000000,-1.000000,0.000000));
#4925 = VECTOR('',#4924,0.20320);
#4926 = LINE('',#4923,#4925);
#4927 = EDGE_CURVE('',#4916,#4918,#4926,.T.);
#4928 = CARTESIAN_POINT('',(2.90148,4.82636,0.00000));
#4929 = DIRECTION('',(0.000000,0.000000,1.000000));
#4930 = VECTOR('',#4929,1.50000);
#4931 = LINE('',#4928,#4930);
#4932 = EDGE_CURVE('',#4918,#4920,#4931,.T.);
#4933 = CARTESIAN_POINT('',(2.90148,4.82636,1.50000));
#4934 = DIRECTION('',(-0.000000,1.000000,0.000000));
#4935 = VECTOR('',#4934,0.20320);
#4936 = LINE('',#4933,#4935);
#4937 = EDGE_CURVE('',#4920,#4922,#4936,.T.);
#4938 = CARTESIAN_POINT('',(2.90148,5.02956,1.50000));
#4939 = DIRECTION('',(0.000000,0.000000,-1.000000));
#4940 = VECTOR('',#4939,1.50000);
#4941 = LINE('',#4938,#4940);
#4942 = EDGE_CURVE('',#4922,#4916,#4941,.T.);
#4943 = ORIENTED_EDGE('',*,*,#4927,.T.);
#4944 = ORIENTED_EDGE('',*,*,#4932,.T.);
#4945 = ORIENTED_EDGE('',*,*,#4937,.T.);
#4946 = ORIENTED_EDGE('',*,*,#4942,.T.);
#4947 = EDGE_LOOP('',(#4943,#4944,#4945,#4946));
#4948 = FACE_OUTER_BOUND('',#4947,.T.);
#4949 = CARTESIAN_POINT('',(2.90148,5.02956,0.00000));
#4950 = DIRECTION('',(-1.000000,-0.000000,0.000000));
#4951 = DIRECTION('',(0.000000,-1.000000,0.000000));
#4952 = AXIS2_PLACEMENT_3D('',#4949,#4950,#4951);
#4953 = PLANE('',#4952);
#4954 = ADVANCED_FACE('',(#4948),#4953,.T.);
#4955 = CARTESIAN_POINT('',(2.90148,4.82636,0.00000));
#4956 = VERTEX_POINT('',#4955);
#4957 = CARTESIAN_POINT('',(2.89494,4.72476,0.00000));
#4958 = VERTEX_POINT('',#4957);
#4959 = CARTESIAN_POINT('',(2.89494,4.72476,1.50000));
#4960 = VERTEX_POINT('',#4959);
#4961 = CARTESIAN_POINT('',(2.90148,4.82636,1.50000));
#4962 = VERTEX_POINT('',#4961);
#4963 = CARTESIAN_POINT('',(2.90148,4.82636,0.00000));
#4964 = DIRECTION('',(-0.064208,-0.997937,0.000000));
#4965 = VECTOR('',#4964,0.10181);
#4966 = LINE('',#4963,#4965);
#4967 = EDGE_CURVE('',#4956,#4958,#4966,.T.);
#4968 = CARTESIAN_POINT('',(2.89494,4.72476,0.00000));
#4969 = DIRECTION('',(0.000000,0.000000,1.000000));
#4970 = VECTOR('',#4969,1.50000);
#4971 = LINE('',#4968,#4970);
#4972 = EDGE_CURVE('',#4958,#4960,#4971,.T.);
#4973 = CARTESIAN_POINT('',(2.89494,4.72476,1.50000));
#4974 = DIRECTION('',(0.064208,0.997937,0.000000));
#4975 = VECTOR('',#4974,0.10181);
#4976 = LINE('',#4973,#4975);
#4977 = EDGE_CURVE('',#4960,#4962,#4976,.T.);
#4978 = CARTESIAN_POINT('',(2.90148,4.82636,1.50000));
#4979 = DIRECTION('',(0.000000,0.000000,-1.000000));
#4980 = VECTOR('',#4979,1.50000);
#4981 = LINE('',#4978,#4980);
#4982 = EDGE_CURVE('',#4962,#4956,#4981,.T.);
#4983 = ORIENTED_EDGE('',*,*,#4967,.T.);
#4984 = ORIENTED_EDGE('',*,*,#4972,.T.);
#4985 = ORIENTED_EDGE('',*,*,#4977,.T.);
#4986 = ORIENTED_EDGE('',*,*,#4982,.T.);
#4987 = EDGE_LOOP('',(#4983,#4984,#4985,#4986));
#4988 = FACE_OUTER_BOUND('',#4987,.T.);
#4989 = CARTESIAN_POINT('',(2.90148,4.82636,0.00000));
#4990 = DIRECTION('',(-0.997937,0.064208,0.000000));
#4991 = DIRECTION('',(-0.064208,-0.997937,0.000000));
#4992 = AXIS2_PLACEMENT_3D('',#4989,#4990,#4991);
#4993 = PLANE('',#4992);
#4994 = ADVANCED_FACE('',(#4988),#4993,.T.);
#4995 = CARTESIAN_POINT('',(2.89494,4.72476,0.00000));
#4996 = VERTEX_POINT('',#4995);
#4997 = CARTESIAN_POINT('',(2.99654,4.72476,0.00000));
#4998 = VERTEX_POINT('',#4997);
#4999 = CARTESIAN_POINT('',(2.99654,4.72476,1.50000));
#5000 = VERTEX_POINT('',#4999);
#5001 = CARTESIAN_POINT('',(2.89494,4.72476,1.50000));
#5002 = VERTEX_POINT('',#5001);
#5003 = CARTESIAN_POINT('',(2.89494,4.72476,0.00000));
#5004 = DIRECTION('',(1.000000,0.000000,0.000000));
#5005 = VECTOR('',#5004,0.10160);
#5006 = LINE('',#5003,#5005);
#5007 = EDGE_CURVE('',#4996,#4998,#5006,.T.);
#5008 = CARTESIAN_POINT('',(2.99654,4.72476,0.00000));
#5009 = DIRECTION('',(0.000000,0.000000,1.000000));
#5010 = VECTOR('',#5009,1.50000);
#5011 = LINE('',#5008,#5010);
#5012 = EDGE_CURVE('',#4998,#5000,#5011,.T.);
#5013 = CARTESIAN_POINT('',(2.99654,4.72476,1.50000));
#5014 = DIRECTION('',(-1.000000,-0.000000,0.000000));
#5015 = VECTOR('',#5014,0.10160);
#5016 = LINE('',#5013,#5015);
#5017 = EDGE_CURVE('',#5000,#5002,#5016,.T.);
#5018 = CARTESIAN_POINT('',(2.89494,4.72476,1.50000));
#5019 = DIRECTION('',(0.000000,0.000000,-1.000000));
#5020 = VECTOR('',#5019,1.50000);
#5021 = LINE('',#5018,#5020);
#5022 = EDGE_CURVE('',#5002,#4996,#5021,.T.);
#5023 = ORIENTED_EDGE('',*,*,#5007,.T.);
#5024 = ORIENTED_EDGE('',*,*,#5012,.T.);
#5025 = ORIENTED_EDGE('',*,*,#5017,.T.);
#5026 = ORIENTED_EDGE('',*,*,#5022,.T.);
#5027 = EDGE_LOOP('',(#5023,#5024,#5025,#5026));
#5028 = FACE_OUTER_BOUND('',#5027,.T.);
#5029 = CARTESIAN_POINT('',(2.89494,4.72476,0.00000));
#5030 = DIRECTION('',(0.000000,-1.000000,0.000000));
#5031 = DIRECTION('',(1.000000,0.000000,0.000000));
#5032 = AXIS2_PLACEMENT_3D('',#5029,#5030,#5031);
#5033 = PLANE('',#5032);
#5034 = ADVANCED_FACE('',(#5028),#5033,.T.);
#5035 = CARTESIAN_POINT('',(2.99654,4.72476,0.00000));
#5036 = VERTEX_POINT('',#5035);
#5037 = CARTESIAN_POINT('',(3.04734,4.72476,0.00000));
#5038 = VERTEX_POINT('',#5037);
#5039 = CARTESIAN_POINT('',(3.04734,4.72476,1.50000));
#5040 = VERTEX_POINT('',#5039);
#5041 = CARTESIAN_POINT('',(2.99654,4.72476,1.50000));
#5042 = VERTEX_POINT('',#5041);
#5043 = CARTESIAN_POINT('',(2.99654,4.72476,0.00000));
#5044 = DIRECTION('',(1.000000,0.000000,0.000000));
#5045 = VECTOR('',#5044,0.05080);
#5046 = LINE('',#5043,#5045);
#5047 = EDGE_CURVE('',#5036,#5038,#5046,.T.);
#5048 = CARTESIAN_POINT('',(3.04734,4.72476,0.00000));
#5049 = DIRECTION('',(0.000000,0.000000,1.000000));
#5050 = VECTOR('',#5049,1.50000);
#5051 = LINE('',#5048,#5050);
#5052 = EDGE_CURVE('',#5038,#5040,#5051,.T.);
#5053 = CARTESIAN_POINT('',(3.04734,4.72476,1.50000));
#5054 = DIRECTION('',(-1.000000,-0.000000,0.000000));
#5055 = VECTOR('',#5054,0.05080);
#5056 = LINE('',#5053,#5055);
#5057 = EDGE_CURVE('',#5040,#5042,#5056,.T.);
#5058 = CARTESIAN_POINT('',(2.99654,4.72476,1.50000));
#5059 = DIRECTION('',(0.000000,0.000000,-1.000000));
#5060 = VECTOR('',#5059,1.50000);
#5061 = LINE('',#5058,#5060);
#5062 = EDGE_CURVE('',#5042,#5036,#5061,.T.);
#5063 = ORIENTED_EDGE('',*,*,#5047,.T.);
#5064 = ORIENTED_EDGE('',*,*,#5052,.T.);
#5065 = ORIENTED_EDGE('',*,*,#5057,.T.);
#5066 = ORIENTED_EDGE('',*,*,#5062,.T.);
#5067 = EDGE_LOOP('',(#5063,#5064,#5065,#5066));
#5068 = FACE_OUTER_BOUND('',#5067,.T.);
#5069 = CARTESIAN_POINT('',(2.99654,4.72476,0.00000));
#5070 = DIRECTION('',(0.000000,-1.000000,0.000000));
#5071 = DIRECTION('',(1.000000,0.000000,0.000000));
#5072 = AXIS2_PLACEMENT_3D('',#5069,#5070,#5071);
#5073 = PLANE('',#5072);
#5074 = ADVANCED_FACE('',(#5068),#5073,.T.);
#5075 = CARTESIAN_POINT('',(3.04734,4.72476,0.00000));
#5076 = VERTEX_POINT('',#5075);
#5077 = CARTESIAN_POINT('',(43.99534,4.75016,0.00000));
#5078 = VERTEX_POINT('',#5077);
#5079 = CARTESIAN_POINT('',(43.99534,4.75016,1.50000));
#5080 = VERTEX_POINT('',#5079);
#5081 = CARTESIAN_POINT('',(3.04734,4.72476,1.50000));
#5082 = VERTEX_POINT('',#5081);
#5083 = CARTESIAN_POINT('',(3.04734,4.72476,0.00000));
#5084 = DIRECTION('',(1.000000,0.000620,0.000000));
#5085 = VECTOR('',#5084,40.94801);
#5086 = LINE('',#5083,#5085);
#5087 = EDGE_CURVE('',#5076,#5078,#5086,.T.);
#5088 = CARTESIAN_POINT('',(43.99534,4.75016,0.00000));
#5089 = DIRECTION('',(0.000000,0.000000,1.000000));
#5090 = VECTOR('',#5089,1.50000);
#5091 = LINE('',#5088,#5090);
#5092 = EDGE_CURVE('',#5078,#5080,#5091,.T.);
#5093 = CARTESIAN_POINT('',(43.99534,4.75016,1.50000));
#5094 = DIRECTION('',(-1.000000,-0.000620,0.000000));
#5095 = VECTOR('',#5094,40.94801);
#5096 = LINE('',#5093,#5095);
#5097 = EDGE_CURVE('',#5080,#5082,#5096,.T.);
#5098 = CARTESIAN_POINT('',(3.04734,4.72476,1.50000));
#5099 = DIRECTION('',(0.000000,0.000000,-1.000000));
#5100 = VECTOR('',#5099,1.50000);
#5101 = LINE('',#5098,#5100);
#5102 = EDGE_CURVE('',#5082,#5076,#5101,.T.);
#5103 = ORIENTED_EDGE('',*,*,#5087,.T.);
#5104 = ORIENTED_EDGE('',*,*,#5092,.T.);
#5105 = ORIENTED_EDGE('',*,*,#5097,.T.);
#5106 = ORIENTED_EDGE('',*,*,#5102,.T.);
#5107 = EDGE_LOOP('',(#5103,#5104,#5105,#5106));
#5108 = FACE_OUTER_BOUND('',#5107,.T.);
#5109 = CARTESIAN_POINT('',(3.04734,4.72476,0.00000));
#5110 = DIRECTION('',(0.000620,-1.000000,0.000000));
#5111 = DIRECTION('',(1.000000,0.000620,0.000000));
#5112 = AXIS2_PLACEMENT_3D('',#5109,#5110,#5111);
#5113 = PLANE('',#5112);
#5114 = ADVANCED_FACE('',(#5108),#5113,.T.);
#5115 = CARTESIAN_POINT('',(43.99534,4.75016,0.00000));
#5116 = VERTEX_POINT('',#5115);
#5117 = CARTESIAN_POINT('',(44.02065,4.74835,0.00000));
#5118 = VERTEX_POINT('',#5117);
#5119 = CARTESIAN_POINT('',(44.02065,4.74835,1.50000));
#5120 = VERTEX_POINT('',#5119);
#5121 = CARTESIAN_POINT('',(43.99534,4.75016,1.50000));
#5122 = VERTEX_POINT('',#5121);
#5123 = CARTESIAN_POINT('',(43.99534,4.75016,0.00000));
#5124 = DIRECTION('',(0.997453,-0.071332,0.000000));
#5125 = VECTOR('',#5124,0.02537);
#5126 = LINE('',#5123,#5125);
#5127 = EDGE_CURVE('',#5116,#5118,#5126,.T.);
#5128 = CARTESIAN_POINT('',(44.02065,4.74835,0.00000));
#5129 = DIRECTION('',(0.000000,0.000000,1.000000));
#5130 = VECTOR('',#5129,1.50000);
#5131 = LINE('',#5128,#5130);
#5132 = EDGE_CURVE('',#5118,#5120,#5131,.T.);
#5133 = CARTESIAN_POINT('',(44.02065,4.74835,1.50000));
#5134 = DIRECTION('',(-0.997453,0.071332,0.000000));
#5135 = VECTOR('',#5134,0.02537);
#5136 = LINE('',#5133,#5135);
#5137 = EDGE_CURVE('',#5120,#5122,#5136,.T.);
#5138 = CARTESIAN_POINT('',(43.99534,4.75016,1.50000));
#5139 = DIRECTION('',(0.000000,0.000000,-1.000000));
#5140 = VECTOR('',#5139,1.50000);
#5141 = LINE('',#5138,#5140);
#5142 = EDGE_CURVE('',#5122,#5116,#5141,.T.);
#5143 = ORIENTED_EDGE('',*,*,#5127,.T.);
#5144 = ORIENTED_EDGE('',*,*,#5132,.T.);
#5145 = ORIENTED_EDGE('',*,*,#5137,.T.);
#5146 = ORIENTED_EDGE('',*,*,#5142,.T.);
#5147 = EDGE_LOOP('',(#5143,#5144,#5145,#5146));
#5148 = FACE_OUTER_BOUND('',#5147,.T.);
#5149 = CARTESIAN_POINT('',(43.99534,4.75016,0.00000));
#5150 = DIRECTION('',(-0.071332,-0.997453,0.000000));
#5151 = DIRECTION('',(0.997453,-0.071332,0.000000));
#5152 = AXIS2_PLACEMENT_3D('',#5149,#5150,#5151);
#5153 = PLANE('',#5152);
#5154 = ADVANCED_FACE('',(#5148),#5153,.T.);
#5155 = CARTESIAN_POINT('',(44.02065,4.74835,0.00000));
#5156 = VERTEX_POINT('',#5155);
#5157 = CARTESIAN_POINT('',(44.04543,4.74296,0.00000));
#5158 = VERTEX_POINT('',#5157);
#5159 = CARTESIAN_POINT('',(44.04543,4.74296,1.50000));
#5160 = VERTEX_POINT('',#5159);
#5161 = CARTESIAN_POINT('',(44.02065,4.74835,1.50000));
#5162 = VERTEX_POINT('',#5161);
#5163 = CARTESIAN_POINT('',(44.02065,4.74835,0.00000));
#5164 = DIRECTION('',(0.977148,-0.212560,0.000000));
#5165 = VECTOR('',#5164,0.02537);
#5166 = LINE('',#5163,#5165);
#5167 = EDGE_CURVE('',#5156,#5158,#5166,.T.);
#5168 = CARTESIAN_POINT('',(44.04543,4.74296,0.00000));
#5169 = DIRECTION('',(0.000000,0.000000,1.000000));
#5170 = VECTOR('',#5169,1.50000);
#5171 = LINE('',#5168,#5170);
#5172 = EDGE_CURVE('',#5158,#5160,#5171,.T.);
#5173 = CARTESIAN_POINT('',(44.04543,4.74296,1.50000));
#5174 = DIRECTION('',(-0.977148,0.212560,0.000000));
#5175 = VECTOR('',#5174,0.02537);
#5176 = LINE('',#5173,#5175);
#5177 = EDGE_CURVE('',#5160,#5162,#5176,.T.);
#5178 = CARTESIAN_POINT('',(44.02065,4.74835,1.50000));
#5179 = DIRECTION('',(0.000000,0.000000,-1.000000));
#5180 = VECTOR('',#5179,1.50000);
#5181 = LINE('',#5178,#5180);
#5182 = EDGE_CURVE('',#5162,#5156,#5181,.T.);
#5183 = ORIENTED_EDGE('',*,*,#5167,.T.);
#5184 = ORIENTED_EDGE('',*,*,#5172,.T.);
#5185 = ORIENTED_EDGE('',*,*,#5177,.T.);
#5186 = ORIENTED_EDGE('',*,*,#5182,.T.);
#5187 = EDGE_LOOP('',(#5183,#5184,#5185,#5186));
#5188 = FACE_OUTER_BOUND('',#5187,.T.);
#5189 = CARTESIAN_POINT('',(44.02065,4.74835,0.00000));
#5190 = DIRECTION('',(-0.212560,-0.977148,0.000000));
#5191 = DIRECTION('',(0.977148,-0.212560,0.000000));
#5192 = AXIS2_PLACEMENT_3D('',#5189,#5190,#5191);
#5193 = PLANE('',#5192);
#5194 = ADVANCED_FACE('',(#5188),#5193,.T.);
#5195 = CARTESIAN_POINT('',(44.04543,4.74296,0.00000));
#5196 = VERTEX_POINT('',#5195);
#5197 = CARTESIAN_POINT('',(44.06920,4.73409,0.00000));
#5198 = VERTEX_POINT('',#5197);
#5199 = CARTESIAN_POINT('',(44.06920,4.73409,1.50000));
#5200 = VERTEX_POINT('',#5199);
#5201 = CARTESIAN_POINT('',(44.04543,4.74296,1.50000));
#5202 = VERTEX_POINT('',#5201);
#5203 = CARTESIAN_POINT('',(44.04543,4.74296,0.00000));
#5204 = DIRECTION('',(0.936951,-0.349460,0.000000));
#5205 = VECTOR('',#5204,0.02537);
#5206 = LINE('',#5203,#5205);
#5207 = EDGE_CURVE('',#5196,#5198,#5206,.T.);
#5208 = CARTESIAN_POINT('',(44.06920,4.73409,0.00000));
#5209 = DIRECTION('',(0.000000,0.000000,1.000000));
#5210 = VECTOR('',#5209,1.50000);
#5211 = LINE('',#5208,#5210);
#5212 = EDGE_CURVE('',#5198,#5200,#5211,.T.);
#5213 = CARTESIAN_POINT('',(44.06920,4.73409,1.50000));
#5214 = DIRECTION('',(-0.936951,0.349460,0.000000));
#5215 = VECTOR('',#5214,0.02537);
#5216 = LINE('',#5213,#5215);
#5217 = EDGE_CURVE('',#5200,#5202,#5216,.T.);
#5218 = CARTESIAN_POINT('',(44.04543,4.74296,1.50000));
#5219 = DIRECTION('',(0.000000,0.000000,-1.000000));
#5220 = VECTOR('',#5219,1.50000);
#5221 = LINE('',#5218,#5220);
#5222 = EDGE_CURVE('',#5202,#5196,#5221,.T.);
#5223 = ORIENTED_EDGE('',*,*,#5207,.T.);
#5224 = ORIENTED_EDGE('',*,*,#5212,.T.);
#5225 = ORIENTED_EDGE('',*,*,#5217,.T.);
#5226 = ORIENTED_EDGE('',*,*,#5222,.T.);
#5227 = EDGE_LOOP('',(#5223,#5224,#5225,#5226));
#5228 = FACE_OUTER_BOUND('',#5227,.T.);
#5229 = CARTESIAN_POINT('',(44.04543,4.74296,0.00000));
#5230 = DIRECTION('',(-0.349460,-0.936951,0.000000));
#5231 = DIRECTION('',(0.936951,-0.349460,0.000000));
#5232 = AXIS2_PLACEMENT_3D('',#5229,#5230,#5231);
#5233 = PLANE('',#5232);
#5234 = ADVANCED_FACE('',(#5228),#5233,.T.);
#5235 = CARTESIAN_POINT('',(44.06920,4.73409,0.00000));
#5236 = VERTEX_POINT('',#5235);
#5237 = CARTESIAN_POINT('',(44.09147,4.72194,0.00000));
#5238 = VERTEX_POINT('',#5237);
#5239 = CARTESIAN_POINT('',(44.09147,4.72194,1.50000));
#5240 = VERTEX_POINT('',#5239);
#5241 = CARTESIAN_POINT('',(44.06920,4.73409,1.50000));
#5242 = VERTEX_POINT('',#5241);
#5243 = CARTESIAN_POINT('',(44.06920,4.73409,0.00000));
#5244 = DIRECTION('',(0.877680,-0.479246,0.000000));
#5245 = VECTOR('',#5244,0.02537);
#5246 = LINE('',#5243,#5245);
#5247 = EDGE_CURVE('',#5236,#5238,#5246,.T.);
#5248 = CARTESIAN_POINT('',(44.09147,4.72194,0.00000));
#5249 = DIRECTION('',(0.000000,0.000000,1.000000));
#5250 = VECTOR('',#5249,1.50000);
#5251 = LINE('',#5248,#5250);
#5252 = EDGE_CURVE('',#5238,#5240,#5251,.T.);
#5253 = CARTESIAN_POINT('',(44.09147,4.72194,1.50000));
#5254 = DIRECTION('',(-0.877680,0.479246,0.000000));
#5255 = VECTOR('',#5254,0.02537);
#5256 = LINE('',#5253,#5255);
#5257 = EDGE_CURVE('',#5240,#5242,#5256,.T.);
#5258 = CARTESIAN_POINT('',(44.06920,4.73409,1.50000));
#5259 = DIRECTION('',(0.000000,0.000000,-1.000000));
#5260 = VECTOR('',#5259,1.50000);
#5261 = LINE('',#5258,#5260);
#5262 = EDGE_CURVE('',#5242,#5236,#5261,.T.);
#5263 = ORIENTED_EDGE('',*,*,#5247,.T.);
#5264 = ORIENTED_EDGE('',*,*,#5252,.T.);
#5265 = ORIENTED_EDGE('',*,*,#5257,.T.);
#5266 = ORIENTED_EDGE('',*,*,#5262,.T.);
#5267 = EDGE_LOOP('',(#5263,#5264,#5265,#5266));
#5268 = FACE_OUTER_BOUND('',#5267,.T.);
#5269 = CARTESIAN_POINT('',(44.06920,4.73409,0.00000));
#5270 = DIRECTION('',(-0.479246,-0.877680,0.000000));
#5271 = DIRECTION('',(0.877680,-0.479246,0.000000));
#5272 = AXIS2_PLACEMENT_3D('',#5269,#5270,#5271);
#5273 = PLANE('',#5272);
#5274 = ADVANCED_FACE('',(#5268),#5273,.T.);
#5275 = CARTESIAN_POINT('',(44.09147,4.72194,0.00000));
#5276 = VERTEX_POINT('',#5275);
#5277 = CARTESIAN_POINT('',(44.11178,4.70673,0.00000));
#5278 = VERTEX_POINT('',#5277);
#5279 = CARTESIAN_POINT('',(44.11178,4.70673,1.50000));
#5280 = VERTEX_POINT('',#5279);
#5281 = CARTESIAN_POINT('',(44.09147,4.72194,1.50000));
#5282 = VERTEX_POINT('',#5281);
#5283 = CARTESIAN_POINT('',(44.09147,4.72194,0.00000));
#5284 = DIRECTION('',(0.800542,-0.599277,0.000000));
#5285 = VECTOR('',#5284,0.02537);
#5286 = LINE('',#5283,#5285);
#5287 = EDGE_CURVE('',#5276,#5278,#5286,.T.);
#5288 = CARTESIAN_POINT('',(44.11178,4.70673,0.00000));
#5289 = DIRECTION('',(0.000000,0.000000,1.000000));
#5290 = VECTOR('',#5289,1.50000);
#5291 = LINE('',#5288,#5290);
#5292 = EDGE_CURVE('',#5278,#5280,#5291,.T.);
#5293 = CARTESIAN_POINT('',(44.11178,4.70673,1.50000));
#5294 = DIRECTION('',(-0.800542,0.599277,0.000000));
#5295 = VECTOR('',#5294,0.02537);
#5296 = LINE('',#5293,#5295);
#5297 = EDGE_CURVE('',#5280,#5282,#5296,.T.);
#5298 = CARTESIAN_POINT('',(44.09147,4.72194,1.50000));
#5299 = DIRECTION('',(0.000000,0.000000,-1.000000));
#5300 = VECTOR('',#5299,1.50000);
#5301 = LINE('',#5298,#5300);
#5302 = EDGE_CURVE('',#5282,#5276,#5301,.T.);
#5303 = ORIENTED_EDGE('',*,*,#5287,.T.);
#5304 = ORIENTED_EDGE('',*,*,#5292,.T.);
#5305 = ORIENTED_EDGE('',*,*,#5297,.T.);
#5306 = ORIENTED_EDGE('',*,*,#5302,.T.);
#5307 = EDGE_LOOP('',(#5303,#5304,#5305,#5306));
#5308 = FACE_OUTER_BOUND('',#5307,.T.);
#5309 = CARTESIAN_POINT('',(44.09147,4.72194,0.00000));
#5310 = DIRECTION('',(-0.599277,-0.800542,0.000000));
#5311 = DIRECTION('',(0.800542,-0.599277,0.000000));
#5312 = AXIS2_PLACEMENT_3D('',#5309,#5310,#5311);
#5313 = PLANE('',#5312);
#5314 = ADVANCED_FACE('',(#5308),#5313,.T.);
#5315 = CARTESIAN_POINT('',(44.11178,4.70673,0.00000));
#5316 = VERTEX_POINT('',#5315);
#5317 = CARTESIAN_POINT('',(44.12972,4.68879,0.00000));
#5318 = VERTEX_POINT('',#5317);
#5319 = CARTESIAN_POINT('',(44.12972,4.68879,1.50000));
#5320 = VERTEX_POINT('',#5319);
#5321 = CARTESIAN_POINT('',(44.11178,4.70673,1.50000));
#5322 = VERTEX_POINT('',#5321);
#5323 = CARTESIAN_POINT('',(44.11178,4.70673,0.00000));
#5324 = DIRECTION('',(0.707107,-0.707107,0.000000));
#5325 = VECTOR('',#5324,0.02537);
#5326 = LINE('',#5323,#5325);
#5327 = EDGE_CURVE('',#5316,#5318,#5326,.T.);
#5328 = CARTESIAN_POINT('',(44.12972,4.68879,0.00000));
#5329 = DIRECTION('',(0.000000,0.000000,1.000000));
#5330 = VECTOR('',#5329,1.50000);
#5331 = LINE('',#5328,#5330);
#5332 = EDGE_CURVE('',#5318,#5320,#5331,.T.);
#5333 = CARTESIAN_POINT('',(44.12972,4.68879,1.50000));
#5334 = DIRECTION('',(-0.707107,0.707107,0.000000));
#5335 = VECTOR('',#5334,0.02537);
#5336 = LINE('',#5333,#5335);
#5337 = EDGE_CURVE('',#5320,#5322,#5336,.T.);
#5338 = CARTESIAN_POINT('',(44.11178,4.70673,1.50000));
#5339 = DIRECTION('',(0.000000,0.000000,-1.000000));
#5340 = VECTOR('',#5339,1.50000);
#5341 = LINE('',#5338,#5340);
#5342 = EDGE_CURVE('',#5322,#5316,#5341,.T.);
#5343 = ORIENTED_EDGE('',*,*,#5327,.T.);
#5344 = ORIENTED_EDGE('',*,*,#5332,.T.);
#5345 = ORIENTED_EDGE('',*,*,#5337,.T.);
#5346 = ORIENTED_EDGE('',*,*,#5342,.T.);
#5347 = EDGE_LOOP('',(#5343,#5344,#5345,#5346));
#5348 = FACE_OUTER_BOUND('',#5347,.T.);
#5349 = CARTESIAN_POINT('',(44.11178,4.70673,0.00000));
#5350 = DIRECTION('',(-0.707107,-0.707107,0.000000));
#5351 = DIRECTION('',(0.707107,-0.707107,0.000000));
#5352 = AXIS2_PLACEMENT_3D('',#5349,#5350,#5351);
#5353 = PLANE('',#5352);
#5354 = ADVANCED_FACE('',(#5348),#5353,.T.);
#5355 = CARTESIAN_POINT('',(44.12972,4.68879,0.00000));
#5356 = VERTEX_POINT('',#5355);
#5357 = CARTESIAN_POINT('',(44.14492,4.66849,0.00000));
#5358 = VERTEX_POINT('',#5357);
#5359 = CARTESIAN_POINT('',(44.14492,4.66849,1.50000));
#5360 = VERTEX_POINT('',#5359);
#5361 = CARTESIAN_POINT('',(44.12972,4.68879,1.50000));
#5362 = VERTEX_POINT('',#5361);
#5363 = CARTESIAN_POINT('',(44.12972,4.68879,0.00000));
#5364 = DIRECTION('',(0.599277,-0.800542,0.000000));
#5365 = VECTOR('',#5364,0.02537);
#5366 = LINE('',#5363,#5365);
#5367 = EDGE_CURVE('',#5356,#5358,#5366,.T.);
#5368 = CARTESIAN_POINT('',(44.14492,4.66849,0.00000));
#5369 = DIRECTION('',(0.000000,0.000000,1.000000));
#5370 = VECTOR('',#5369,1.50000);
#5371 = LINE('',#5368,#5370);
#5372 = EDGE_CURVE('',#5358,#5360,#5371,.T.);
#5373 = CARTESIAN_POINT('',(44.14492,4.66849,1.50000));
#5374 = DIRECTION('',(-0.599277,0.800542,0.000000));
#5375 = VECTOR('',#5374,0.02537);
#5376 = LINE('',#5373,#5375);
#5377 = EDGE_CURVE('',#5360,#5362,#5376,.T.);
#5378 = CARTESIAN_POINT('',(44.12972,4.68879,1.50000));
#5379 = DIRECTION('',(0.000000,0.000000,-1.000000));
#5380 = VECTOR('',#5379,1.50000);
#5381 = LINE('',#5378,#5380);
#5382 = EDGE_CURVE('',#5362,#5356,#5381,.T.);
#5383 = ORIENTED_EDGE('',*,*,#5367,.T.);
#5384 = ORIENTED_EDGE('',*,*,#5372,.T.);
#5385 = ORIENTED_EDGE('',*,*,#5377,.T.);
#5386 = ORIENTED_EDGE('',*,*,#5382,.T.);
#5387 = EDGE_LOOP('',(#5383,#5384,#5385,#5386));
#5388 = FACE_OUTER_BOUND('',#5387,.T.);
#5389 = CARTESIAN_POINT('',(44.12972,4.68879,0.00000));
#5390 = DIRECTION('',(-0.800542,-0.599277,0.000000));
#5391 = DIRECTION('',(0.599277,-0.800542,0.000000));
#5392 = AXIS2_PLACEMENT_3D('',#5389,#5390,#5391);
#5393 = PLANE('',#5392);
#5394 = ADVANCED_FACE('',(#5388),#5393,.T.);
#5395 = CARTESIAN_POINT('',(44.14492,4.66849,0.00000));
#5396 = VERTEX_POINT('',#5395);
#5397 = CARTESIAN_POINT('',(44.15708,4.64622,0.00000));
#5398 = VERTEX_POINT('',#5397);
#5399 = CARTESIAN_POINT('',(44.15708,4.64622,1.50000));
#5400 = VERTEX_POINT('',#5399);
#5401 = CARTESIAN_POINT('',(44.14492,4.66849,1.50000));
#5402 = VERTEX_POINT('',#5401);
#5403 = CARTESIAN_POINT('',(44.14492,4.66849,0.00000));
#5404 = DIRECTION('',(0.479246,-0.877680,0.000000));
#5405 = VECTOR('',#5404,0.02537);
#5406 = LINE('',#5403,#5405);
#5407 = EDGE_CURVE('',#5396,#5398,#5406,.T.);
#5408 = CARTESIAN_POINT('',(44.15708,4.64622,0.00000));
#5409 = DIRECTION('',(0.000000,0.000000,1.000000));
#5410 = VECTOR('',#5409,1.50000);
#5411 = LINE('',#5408,#5410);
#5412 = EDGE_CURVE('',#5398,#5400,#5411,.T.);
#5413 = CARTESIAN_POINT('',(44.15708,4.64622,1.50000));
#5414 = DIRECTION('',(-0.479246,0.877680,0.000000));
#5415 = VECTOR('',#5414,0.02537);
#5416 = LINE('',#5413,#5415);
#5417 = EDGE_CURVE('',#5400,#5402,#5416,.T.);
#5418 = CARTESIAN_POINT('',(44.14492,4.66849,1.50000));
#5419 = DIRECTION('',(0.000000,0.000000,-1.000000));
#5420 = VECTOR('',#5419,1.50000);
#5421 = LINE('',#5418,#5420);
#5422 = EDGE_CURVE('',#5402,#5396,#5421,.T.);
#5423 = ORIENTED_EDGE('',*,*,#5407,.T.);
#5424 = ORIENTED_EDGE('',*,*,#5412,.T.);
#5425 = ORIENTED_EDGE('',*,*,#5417,.T.);
#5426 = ORIENTED_EDGE('',*,*,#5422,.T.);
#5427 = EDGE_LOOP('',(#5423,#5424,#5425,#5426));
#5428 = FACE_OUTER_BOUND('',#5427,.T.);
#5429 = CARTESIAN_POINT('',(44.14492,4.66849,0.00000));
#5430 = DIRECTION('',(-0.877680,-0.479246,0.000000));
#5431 = DIRECTION('',(0.479246,-0.877680,0.000000));
#5432 = AXIS2_PLACEMENT_3D('',#5429,#5430,#5431);
#5433 = PLANE('',#5432);
#5434 = ADVANCED_FACE('',(#5428),#5433,.T.);
#5435 = CARTESIAN_POINT('',(44.15708,4.64622,0.00000));
#5436 = VERTEX_POINT('',#5435);
#5437 = CARTESIAN_POINT('',(44.16594,4.62245,0.00000));
#5438 = VERTEX_POINT('',#5437);
#5439 = CARTESIAN_POINT('',(44.16594,4.62245,1.50000));
#5440 = VERTEX_POINT('',#5439);
#5441 = CARTESIAN_POINT('',(44.15708,4.64622,1.50000));
#5442 = VERTEX_POINT('',#5441);
#5443 = CARTESIAN_POINT('',(44.15708,4.64622,0.00000));
#5444 = DIRECTION('',(0.349460,-0.936951,0.000000));
#5445 = VECTOR('',#5444,0.02537);
#5446 = LINE('',#5443,#5445);
#5447 = EDGE_CURVE('',#5436,#5438,#5446,.T.);
#5448 = CARTESIAN_POINT('',(44.16594,4.62245,0.00000));
#5449 = DIRECTION('',(0.000000,0.000000,1.000000));
#5450 = VECTOR('',#5449,1.50000);
#5451 = LINE('',#5448,#5450);
#5452 = EDGE_CURVE('',#5438,#5440,#5451,.T.);
#5453 = CARTESIAN_POINT('',(44.16594,4.62245,1.50000));
#5454 = DIRECTION('',(-0.349460,0.936951,0.000000));
#5455 = VECTOR('',#5454,0.02537);
#5456 = LINE('',#5453,#5455);
#5457 = EDGE_CURVE('',#5440,#5442,#5456,.T.);
#5458 = CARTESIAN_POINT('',(44.15708,4.64622,1.50000));
#5459 = DIRECTION('',(0.000000,0.000000,-1.000000));
#5460 = VECTOR('',#5459,1.50000);
#5461 = LINE('',#5458,#5460);
#5462 = EDGE_CURVE('',#5442,#5436,#5461,.T.);
#5463 = ORIENTED_EDGE('',*,*,#5447,.T.);
#5464 = ORIENTED_EDGE('',*,*,#5452,.T.);
#5465 = ORIENTED_EDGE('',*,*,#5457,.T.);
#5466 = ORIENTED_EDGE('',*,*,#5462,.T.);
#5467 = EDGE_LOOP('',(#5463,#5464,#5465,#5466));
#5468 = FACE_OUTER_BOUND('',#5467,.T.);
#5469 = CARTESIAN_POINT('',(44.15708,4.64622,0.00000));
#5470 = DIRECTION('',(-0.936951,-0.349460,0.000000));
#5471 = DIRECTION('',(0.349460,-0.936951,0.000000));
#5472 = AXIS2_PLACEMENT_3D('',#5469,#5470,#5471);
#5473 = PLANE('',#5472);
#5474 = ADVANCED_FACE('',(#5468),#5473,.T.);
#5475 = CARTESIAN_POINT('',(44.16594,4.62245,0.00000));
#5476 = VERTEX_POINT('',#5475);
#5477 = CARTESIAN_POINT('',(44.17133,4.59766,0.00000));
#5478 = VERTEX_POINT('',#5477);
#5479 = CARTESIAN_POINT('',(44.17133,4.59766,1.50000));
#5480 = VERTEX_POINT('',#5479);
#5481 = CARTESIAN_POINT('',(44.16594,4.62245,1.50000));
#5482 = VERTEX_POINT('',#5481);
#5483 = CARTESIAN_POINT('',(44.16594,4.62245,0.00000));
#5484 = DIRECTION('',(0.212560,-0.977148,0.000000));
#5485 = VECTOR('',#5484,0.02537);
#5486 = LINE('',#5483,#5485);
#5487 = EDGE_CURVE('',#5476,#5478,#5486,.T.);
#5488 = CARTESIAN_POINT('',(44.17133,4.59766,0.00000));
#5489 = DIRECTION('',(0.000000,0.000000,1.000000));
#5490 = VECTOR('',#5489,1.50000);
#5491 = LINE('',#5488,#5490);
#5492 = EDGE_CURVE('',#5478,#5480,#5491,.T.);
#5493 = CARTESIAN_POINT('',(44.17133,4.59766,1.50000));
#5494 = DIRECTION('',(-0.212560,0.977148,0.000000));
#5495 = VECTOR('',#5494,0.02537);
#5496 = LINE('',#5493,#5495);
#5497 = EDGE_CURVE('',#5480,#5482,#5496,.T.);
#5498 = CARTESIAN_POINT('',(44.16594,4.62245,1.50000));
#5499 = DIRECTION('',(0.000000,0.000000,-1.000000));
#5500 = VECTOR('',#5499,1.50000);
#5501 = LINE('',#5498,#5500);
#5502 = EDGE_CURVE('',#5482,#5476,#5501,.T.);
#5503 = ORIENTED_EDGE('',*,*,#5487,.T.);
#5504 = ORIENTED_EDGE('',*,*,#5492,.T.);
#5505 = ORIENTED_EDGE('',*,*,#5497,.T.);
#5506 = ORIENTED_EDGE('',*,*,#5502,.T.);
#5507 = EDGE_LOOP('',(#5503,#5504,#5505,#5506));
#5508 = FACE_OUTER_BOUND('',#5507,.T.);
#5509 = CARTESIAN_POINT('',(44.16594,4.62245,0.00000));
#5510 = DIRECTION('',(-0.977148,-0.212560,0.000000));
#5511 = DIRECTION('',(0.212560,-0.977148,0.000000));
#5512 = AXIS2_PLACEMENT_3D('',#5509,#5510,#5511);
#5513 = PLANE('',#5512);
#5514 = ADVANCED_FACE('',(#5508),#5513,.T.);
#5515 = CARTESIAN_POINT('',(44.17133,4.59766,0.00000));
#5516 = VERTEX_POINT('',#5515);
#5517 = CARTESIAN_POINT('',(44.17314,4.57236,0.00000));
#5518 = VERTEX_POINT('',#5517);
#5519 = CARTESIAN_POINT('',(44.17314,4.57236,1.50000));
#5520 = VERTEX_POINT('',#5519);
#5521 = CARTESIAN_POINT('',(44.17133,4.59766,1.50000));
#5522 = VERTEX_POINT('',#5521);
#5523 = CARTESIAN_POINT('',(44.17133,4.59766,0.00000));
#5524 = DIRECTION('',(0.071332,-0.997453,0.000000));
#5525 = VECTOR('',#5524,0.02537);
#5526 = LINE('',#5523,#5525);
#5527 = EDGE_CURVE('',#5516,#5518,#5526,.T.);
#5528 = CARTESIAN_POINT('',(44.17314,4.57236,0.00000));
#5529 = DIRECTION('',(0.000000,0.000000,1.000000));
#5530 = VECTOR('',#5529,1.50000);
#5531 = LINE('',#5528,#5530);
#5532 = EDGE_CURVE('',#5518,#5520,#5531,.T.);
#5533 = CARTESIAN_POINT('',(44.17314,4.57236,1.50000));
#5534 = DIRECTION('',(-0.071332,0.997453,0.000000));
#5535 = VECTOR('',#5534,0.02537);
#5536 = LINE('',#5533,#5535);
#5537 = EDGE_CURVE('',#5520,#5522,#5536,.T.);
#5538 = CARTESIAN_POINT('',(44.17133,4.59766,1.50000));
#5539 = DIRECTION('',(0.000000,0.000000,-1.000000));
#5540 = VECTOR('',#5539,1.50000);
#5541 = LINE('',#5538,#5540);
#5542 = EDGE_CURVE('',#5522,#5516,#5541,.T.);
#5543 = ORIENTED_EDGE('',*,*,#5527,.T.);
#5544 = ORIENTED_EDGE('',*,*,#5532,.T.);
#5545 = ORIENTED_EDGE('',*,*,#5537,.T.);
#5546 = ORIENTED_EDGE('',*,*,#5542,.T.);
#5547 = EDGE_LOOP('',(#5543,#5544,#5545,#5546));
#5548 = FACE_OUTER_BOUND('',#5547,.T.);
#5549 = CARTESIAN_POINT('',(44.17133,4.59766,0.00000));
#5550 = DIRECTION('',(-0.997453,-0.071332,0.000000));
#5551 = DIRECTION('',(0.071332,-0.997453,0.000000));
#5552 = AXIS2_PLACEMENT_3D('',#5549,#5550,#5551);
#5553 = PLANE('',#5552);
#5554 = ADVANCED_FACE('',(#5548),#5553,.T.);
#5555 = CARTESIAN_POINT('',(44.17314,4.57236,0.00000));
#5556 = VERTEX_POINT('',#5555);
#5557 = CARTESIAN_POINT('',(44.17314,2.92135,0.00000));
#5558 = VERTEX_POINT('',#5557);
#5559 = CARTESIAN_POINT('',(44.17314,2.92135,1.50000));
#5560 = VERTEX_POINT('',#5559);
#5561 = CARTESIAN_POINT('',(44.17314,4.57236,1.50000));
#5562 = VERTEX_POINT('',#5561);
#5563 = CARTESIAN_POINT('',(44.17314,4.57236,0.00000));
#5564 = DIRECTION('',(0.000000,-1.000000,0.000000));
#5565 = VECTOR('',#5564,1.65101);
#5566 = LINE('',#5563,#5565);
#5567 = EDGE_CURVE('',#5556,#5558,#5566,.T.);
#5568 = CARTESIAN_POINT('',(44.17314,2.92135,0.00000));
#5569 = DIRECTION('',(0.000000,0.000000,1.000000));
#5570 = VECTOR('',#5569,1.50000);
#5571 = LINE('',#5568,#5570);
#5572 = EDGE_CURVE('',#5558,#5560,#5571,.T.);
#5573 = CARTESIAN_POINT('',(44.17314,2.92135,1.50000));
#5574 = DIRECTION('',(-0.000000,1.000000,0.000000));
#5575 = VECTOR('',#5574,1.65101);
#5576 = LINE('',#5573,#5575);
#5577 = EDGE_CURVE('',#5560,#5562,#5576,.T.);
#5578 = CARTESIAN_POINT('',(44.17314,4.57236,1.50000));
#5579 = DIRECTION('',(0.000000,0.000000,-1.000000));
#5580 = VECTOR('',#5579,1.50000);
#5581 = LINE('',#5578,#5580);
#5582 = EDGE_CURVE('',#5562,#5556,#5581,.T.);
#5583 = ORIENTED_EDGE('',*,*,#5567,.T.);
#5584 = ORIENTED_EDGE('',*,*,#5572,.T.);
#5585 = ORIENTED_EDGE('',*,*,#5577,.T.);
#5586 = ORIENTED_EDGE('',*,*,#5582,.T.);
#5587 = EDGE_LOOP('',(#5583,#5584,#5585,#5586));
#5588 = FACE_OUTER_BOUND('',#5587,.T.);
#5589 = CARTESIAN_POINT('',(44.17314,4.57236,0.00000));
#5590 = DIRECTION('',(-1.000000,-0.000000,0.000000));
#5591 = DIRECTION('',(0.000000,-1.000000,0.000000));
#5592 = AXIS2_PLACEMENT_3D('',#5589,#5590,#5591);
#5593 = PLANE('',#5592);
#5594 = ADVANCED_FACE('',(#5588),#5593,.T.);
#5595 = CARTESIAN_POINT('',(44.17314,2.92135,0.00000));
#5596 = VERTEX_POINT('',#5595);
#5597 = CARTESIAN_POINT('',(44.17305,2.87180,0.00000));
#5598 = VERTEX_POINT('',#5597);
#5599 = CARTESIAN_POINT('',(44.17305,2.87180,1.50000));
#5600 = VERTEX_POINT('',#5599);
#5601 = CARTESIAN_POINT('',(44.17314,2.92135,1.50000));
#5602 = VERTEX_POINT('',#5601);
#5603 = CARTESIAN_POINT('',(44.17314,2.92135,0.00000));
#5604 = DIRECTION('',(-0.001884,-0.999998,0.000000));
#5605 = VECTOR('',#5604,0.04955);
#5606 = LINE('',#5603,#5605);
#5607 = EDGE_CURVE('',#5596,#5598,#5606,.T.);
#5608 = CARTESIAN_POINT('',(44.17305,2.87180,0.00000));
#5609 = DIRECTION('',(0.000000,0.000000,1.000000));
#5610 = VECTOR('',#5609,1.50000);
#5611 = LINE('',#5608,#5610);
#5612 = EDGE_CURVE('',#5598,#5600,#5611,.T.);
#5613 = CARTESIAN_POINT('',(44.17305,2.87180,1.50000));
#5614 = DIRECTION('',(0.001884,0.999998,0.000000));
#5615 = VECTOR('',#5614,0.04955);
#5616 = LINE('',#5613,#5615);
#5617 = EDGE_CURVE('',#5600,#5602,#5616,.T.);
#5618 = CARTESIAN_POINT('',(44.17314,2.92135,1.50000));
#5619 = DIRECTION('',(0.000000,0.000000,-1.000000));
#5620 = VECTOR('',#5619,1.50000);
#5621 = LINE('',#5618,#5620);
#5622 = EDGE_CURVE('',#5602,#5596,#5621,.T.);
#5623 = ORIENTED_EDGE('',*,*,#5607,.T.);
#5624 = ORIENTED_EDGE('',*,*,#5612,.T.);
#5625 = ORIENTED_EDGE('',*,*,#5617,.T.);
#5626 = ORIENTED_EDGE('',*,*,#5622,.T.);
#5627 = EDGE_LOOP('',(#5623,#5624,#5625,#5626));
#5628 = FACE_OUTER_BOUND('',#5627,.T.);
#5629 = CARTESIAN_POINT('',(44.17314,2.92135,0.00000));
#5630 = DIRECTION('',(-0.999998,0.001884,0.000000));
#5631 = DIRECTION('',(-0.001884,-0.999998,0.000000));
#5632 = AXIS2_PLACEMENT_3D('',#5629,#5630,#5631);
#5633 = PLANE('',#5632);
#5634 = ADVANCED_FACE('',(#5628),#5633,.T.);
#5635 = CARTESIAN_POINT('',(44.17305,2.87180,0.00000));
#5636 = VERTEX_POINT('',#5635);
#5637 = CARTESIAN_POINT('',(44.18035,2.82279,0.00000));
#5638 = VERTEX_POINT('',#5637);
#5639 = CARTESIAN_POINT('',(44.18035,2.82279,1.50000));
#5640 = VERTEX_POINT('',#5639);
#5641 = CARTESIAN_POINT('',(44.17305,2.87180,1.50000));
#5642 = VERTEX_POINT('',#5641);
#5643 = CARTESIAN_POINT('',(44.17305,2.87180,0.00000));
#5644 = DIRECTION('',(0.147357,-0.989083,0.000000));
#5645 = VECTOR('',#5644,0.04956);
#5646 = LINE('',#5643,#5645);
#5647 = EDGE_CURVE('',#5636,#5638,#5646,.T.);
#5648 = CARTESIAN_POINT('',(44.18035,2.82279,0.00000));
#5649 = DIRECTION('',(0.000000,0.000000,1.000000));
#5650 = VECTOR('',#5649,1.50000);
#5651 = LINE('',#5648,#5650);
#5652 = EDGE_CURVE('',#5638,#5640,#5651,.T.);
#5653 = CARTESIAN_POINT('',(44.18035,2.82279,1.50000));
#5654 = DIRECTION('',(-0.147357,0.989083,0.000000));
#5655 = VECTOR('',#5654,0.04956);
#5656 = LINE('',#5653,#5655);
#5657 = EDGE_CURVE('',#5640,#5642,#5656,.T.);
#5658 = CARTESIAN_POINT('',(44.17305,2.87180,1.50000));
#5659 = DIRECTION('',(0.000000,0.000000,-1.000000));
#5660 = VECTOR('',#5659,1.50000);
#5661 = LINE('',#5658,#5660);
#5662 = EDGE_CURVE('',#5642,#5636,#5661,.T.);
#5663 = ORIENTED_EDGE('',*,*,#5647,.T.);
#5664 = ORIENTED_EDGE('',*,*,#5652,.T.);
#5665 = ORIENTED_EDGE('',*,*,#5657,.T.);
#5666 = ORIENTED_EDGE('',*,*,#5662,.T.);
#5667 = EDGE_LOOP('',(#5663,#5664,#5665,#5666));
#5668 = FACE_OUTER_BOUND('',#5667,.T.);
#5669 = CARTESIAN_POINT('',(44.17305,2.87180,0.00000));
#5670 = DIRECTION('',(-0.989083,-0.147357,0.000000));
#5671 = DIRECTION('',(0.147357,-0.989083,0.000000));
#5672 = AXIS2_PLACEMENT_3D('',#5669,#5670,#5671);
#5673 = PLANE('',#5672);
#5674 = ADVANCED_FACE('',(#5668),#5673,.T.);
#5675 = CARTESIAN_POINT('',(44.18035,2.82279,0.00000));
#5676 = VERTEX_POINT('',#5675);
#5677 = CARTESIAN_POINT('',(44.19489,2.77541,0.00000));
#5678 = VERTEX_POINT('',#5677);
#5679 = CARTESIAN_POINT('',(44.19489,2.77541,1.50000));
#5680 = VERTEX_POINT('',#5679);
#5681 = CARTESIAN_POINT('',(44.18035,2.82279,1.50000));
#5682 = VERTEX_POINT('',#5681);
#5683 = CARTESIAN_POINT('',(44.18035,2.82279,0.00000));
#5684 = DIRECTION('',(0.293298,-0.956021,0.000000));
#5685 = VECTOR('',#5684,0.04956);
#5686 = LINE('',#5683,#5685);
#5687 = EDGE_CURVE('',#5676,#5678,#5686,.T.);
#5688 = CARTESIAN_POINT('',(44.19489,2.77541,0.00000));
#5689 = DIRECTION('',(0.000000,0.000000,1.000000));
#5690 = VECTOR('',#5689,1.50000);
#5691 = LINE('',#5688,#5690);
#5692 = EDGE_CURVE('',#5678,#5680,#5691,.T.);
#5693 = CARTESIAN_POINT('',(44.19489,2.77541,1.50000));
#5694 = DIRECTION('',(-0.293298,0.956021,0.000000));
#5695 = VECTOR('',#5694,0.04956);
#5696 = LINE('',#5693,#5695);
#5697 = EDGE_CURVE('',#5680,#5682,#5696,.T.);
#5698 = CARTESIAN_POINT('',(44.18035,2.82279,1.50000));
#5699 = DIRECTION('',(0.000000,0.000000,-1.000000));
#5700 = VECTOR('',#5699,1.50000);
#5701 = LINE('',#5698,#5700);
#5702 = EDGE_CURVE('',#5682,#5676,#5701,.T.);
#5703 = ORIENTED_EDGE('',*,*,#5687,.T.);
#5704 = ORIENTED_EDGE('',*,*,#5692,.T.);
#5705 = ORIENTED_EDGE('',*,*,#5697,.T.);
#5706 = ORIENTED_EDGE('',*,*,#5702,.T.);
#5707 = EDGE_LOOP('',(#5703,#5704,#5705,#5706));
#5708 = FACE_OUTER_BOUND('',#5707,.T.);
#5709 = CARTESIAN_POINT('',(44.18035,2.82279,0.00000));
#5710 = DIRECTION('',(-0.956021,-0.293298,0.000000));
#5711 = DIRECTION('',(0.293298,-0.956021,0.000000));
#5712 = AXIS2_PLACEMENT_3D('',#5709,#5710,#5711);
#5713 = PLANE('',#5712);
#5714 = ADVANCED_FACE('',(#5708),#5713,.T.);
#5715 = CARTESIAN_POINT('',(44.19489,2.77541,0.00000));
#5716 = VERTEX_POINT('',#5715);
#5717 = CARTESIAN_POINT('',(44.21633,2.73073,0.00000));
#5718 = VERTEX_POINT('',#5717);
#5719 = CARTESIAN_POINT('',(44.21633,2.73073,1.50000));
#5720 = VERTEX_POINT('',#5719);
#5721 = CARTESIAN_POINT('',(44.19489,2.77541,1.50000));
#5722 = VERTEX_POINT('',#5721);
#5723 = CARTESIAN_POINT('',(44.19489,2.77541,0.00000));
#5724 = DIRECTION('',(0.432672,-0.901552,0.000000));
#5725 = VECTOR('',#5724,0.04956);
#5726 = LINE('',#5723,#5725);
#5727 = EDGE_CURVE('',#5716,#5718,#5726,.T.);
#5728 = CARTESIAN_POINT('',(44.21633,2.73073,0.00000));
#5729 = DIRECTION('',(0.000000,0.000000,1.000000));
#5730 = VECTOR('',#5729,1.50000);
#5731 = LINE('',#5728,#5730);
#5732 = EDGE_CURVE('',#5718,#5720,#5731,.T.);
#5733 = CARTESIAN_POINT('',(44.21633,2.73073,1.50000));
#5734 = DIRECTION('',(-0.432672,0.901552,0.000000));
#5735 = VECTOR('',#5734,0.04956);
#5736 = LINE('',#5733,#5735);
#5737 = EDGE_CURVE('',#5720,#5722,#5736,.T.);
#5738 = CARTESIAN_POINT('',(44.19489,2.77541,1.50000));
#5739 = DIRECTION('',(0.000000,0.000000,-1.000000));
#5740 = VECTOR('',#5739,1.50000);
#5741 = LINE('',#5738,#5740);
#5742 = EDGE_CURVE('',#5722,#5716,#5741,.T.);
#5743 = ORIENTED_EDGE('',*,*,#5727,.T.);
#5744 = ORIENTED_EDGE('',*,*,#5732,.T.);
#5745 = ORIENTED_EDGE('',*,*,#5737,.T.);
#5746 = ORIENTED_EDGE('',*,*,#5742,.T.);
#5747 = EDGE_LOOP('',(#5743,#5744,#5745,#5746));
#5748 = FACE_OUTER_BOUND('',#5747,.T.);
#5749 = CARTESIAN_POINT('',(44.19489,2.77541,0.00000));
#5750 = DIRECTION('',(-0.901552,-0.432672,0.000000));
#5751 = DIRECTION('',(0.432672,-0.901552,0.000000));
#5752 = AXIS2_PLACEMENT_3D('',#5749,#5750,#5751);
#5753 = PLANE('',#5752);
#5754 = ADVANCED_FACE('',(#5748),#5753,.T.);
#5755 = CARTESIAN_POINT('',(44.21633,2.73073,0.00000));
#5756 = VERTEX_POINT('',#5755);
#5757 = CARTESIAN_POINT('',(44.24420,2.68975,0.00000));
#5758 = VERTEX_POINT('',#5757);
#5759 = CARTESIAN_POINT('',(44.24420,2.68975,1.50000));
#5760 = VERTEX_POINT('',#5759);
#5761 = CARTESIAN_POINT('',(44.21633,2.73073,1.50000));
#5762 = VERTEX_POINT('',#5761);
#5763 = CARTESIAN_POINT('',(44.21633,2.73073,0.00000));
#5764 = DIRECTION('',(0.562357,-0.826895,0.000000));
#5765 = VECTOR('',#5764,0.04956);
#5766 = LINE('',#5763,#5765);
#5767 = EDGE_CURVE('',#5756,#5758,#5766,.T.);
#5768 = CARTESIAN_POINT('',(44.24420,2.68975,0.00000));
#5769 = DIRECTION('',(0.000000,0.000000,1.000000));
#5770 = VECTOR('',#5769,1.50000);
#5771 = LINE('',#5768,#5770);
#5772 = EDGE_CURVE('',#5758,#5760,#5771,.T.);
#5773 = CARTESIAN_POINT('',(44.24420,2.68975,1.50000));
#5774 = DIRECTION('',(-0.562357,0.826895,0.000000));
#5775 = VECTOR('',#5774,0.04956);
#5776 = LINE('',#5773,#5775);
#5777 = EDGE_CURVE('',#5760,#5762,#5776,.T.);
#5778 = CARTESIAN_POINT('',(44.21633,2.73073,1.50000));
#5779 = DIRECTION('',(0.000000,0.000000,-1.000000));
#5780 = VECTOR('',#5779,1.50000);
#5781 = LINE('',#5778,#5780);
#5782 = EDGE_CURVE('',#5762,#5756,#5781,.T.);
#5783 = ORIENTED_EDGE('',*,*,#5767,.T.);
#5784 = ORIENTED_EDGE('',*,*,#5772,.T.);
#5785 = ORIENTED_EDGE('',*,*,#5777,.T.);
#5786 = ORIENTED_EDGE('',*,*,#5782,.T.);
#5787 = EDGE_LOOP('',(#5783,#5784,#5785,#5786));
#5788 = FACE_OUTER_BOUND('',#5787,.T.);
#5789 = CARTESIAN_POINT('',(44.21633,2.73073,0.00000));
#5790 = DIRECTION('',(-0.826895,-0.562357,0.000000));
#5791 = DIRECTION('',(0.562357,-0.826895,0.000000));
#5792 = AXIS2_PLACEMENT_3D('',#5789,#5790,#5791);
#5793 = PLANE('',#5792);
#5794 = ADVANCED_FACE('',(#5788),#5793,.T.);
#5795 = CARTESIAN_POINT('',(44.24420,2.68975,0.00000));
#5796 = VERTEX_POINT('',#5795);
#5797 = CARTESIAN_POINT('',(44.27787,2.65339,0.00000));
#5798 = VERTEX_POINT('',#5797);
#5799 = CARTESIAN_POINT('',(44.27787,2.65339,1.50000));
#5800 = VERTEX_POINT('',#5799);
#5801 = CARTESIAN_POINT('',(44.24420,2.68975,1.50000));
#5802 = VERTEX_POINT('',#5801);
#5803 = CARTESIAN_POINT('',(44.24420,2.68975,0.00000));
#5804 = DIRECTION('',(0.679450,-0.733722,0.000000));
#5805 = VECTOR('',#5804,0.04956);
#5806 = LINE('',#5803,#5805);
#5807 = EDGE_CURVE('',#5796,#5798,#5806,.T.);
#5808 = CARTESIAN_POINT('',(44.27787,2.65339,0.00000));
#5809 = DIRECTION('',(0.000000,0.000000,1.000000));
#5810 = VECTOR('',#5809,1.50000);
#5811 = LINE('',#5808,#5810);
#5812 = EDGE_CURVE('',#5798,#5800,#5811,.T.);
#5813 = CARTESIAN_POINT('',(44.27787,2.65339,1.50000));
#5814 = DIRECTION('',(-0.679450,0.733722,0.000000));
#5815 = VECTOR('',#5814,0.04956);
#5816 = LINE('',#5813,#5815);
#5817 = EDGE_CURVE('',#5800,#5802,#5816,.T.);
#5818 = CARTESIAN_POINT('',(44.24420,2.68975,1.50000));
#5819 = DIRECTION('',(0.000000,0.000000,-1.000000));
#5820 = VECTOR('',#5819,1.50000);
#5821 = LINE('',#5818,#5820);
#5822 = EDGE_CURVE('',#5802,#5796,#5821,.T.);
#5823 = ORIENTED_EDGE('',*,*,#5807,.T.);
#5824 = ORIENTED_EDGE('',*,*,#5812,.T.);
#5825 = ORIENTED_EDGE('',*,*,#5817,.T.);
#5826 = ORIENTED_EDGE('',*,*,#5822,.T.);
#5827 = EDGE_LOOP('',(#5823,#5824,#5825,#5826));
#5828 = FACE_OUTER_BOUND('',#5827,.T.);
#5829 = CARTESIAN_POINT('',(44.24420,2.68975,0.00000));
#5830 = DIRECTION('',(-0.733722,-0.679450,0.000000));
#5831 = DIRECTION('',(0.679450,-0.733722,0.000000));
#5832 = AXIS2_PLACEMENT_3D('',#5829,#5830,#5831);
#5833 = PLANE('',#5832);
#5834 = ADVANCED_FACE('',(#5828),#5833,.T.);
#5835 = CARTESIAN_POINT('',(44.27787,2.65339,0.00000));
#5836 = VERTEX_POINT('',#5835);
#5837 = CARTESIAN_POINT('',(44.31659,2.62246,0.00000));
#5838 = VERTEX_POINT('',#5837);
#5839 = CARTESIAN_POINT('',(44.31659,2.62246,1.50000));
#5840 = VERTEX_POINT('',#5839);
#5841 = CARTESIAN_POINT('',(44.27787,2.65339,1.50000));
#5842 = VERTEX_POINT('',#5841);
#5843 = CARTESIAN_POINT('',(44.27787,2.65339,0.00000));
#5844 = DIRECTION('',(0.781329,-0.624119,0.000000));
#5845 = VECTOR('',#5844,0.04956);
#5846 = LINE('',#5843,#5845);
#5847 = EDGE_CURVE('',#5836,#5838,#5846,.T.);
#5848 = CARTESIAN_POINT('',(44.31659,2.62246,0.00000));
#5849 = DIRECTION('',(0.000000,0.000000,1.000000));
#5850 = VECTOR('',#5849,1.50000);
#5851 = LINE('',#5848,#5850);
#5852 = EDGE_CURVE('',#5838,#5840,#5851,.T.);
#5853 = CARTESIAN_POINT('',(44.31659,2.62246,1.50000));
#5854 = DIRECTION('',(-0.781329,0.624119,0.000000));
#5855 = VECTOR('',#5854,0.04956);
#5856 = LINE('',#5853,#5855);
#5857 = EDGE_CURVE('',#5840,#5842,#5856,.T.);
#5858 = CARTESIAN_POINT('',(44.27787,2.65339,1.50000));
#5859 = DIRECTION('',(0.000000,0.000000,-1.000000));
#5860 = VECTOR('',#5859,1.50000);
#5861 = LINE('',#5858,#5860);
#5862 = EDGE_CURVE('',#5842,#5836,#5861,.T.);
#5863 = ORIENTED_EDGE('',*,*,#5847,.T.);
#5864 = ORIENTED_EDGE('',*,*,#5852,.T.);
#5865 = ORIENTED_EDGE('',*,*,#5857,.T.);
#5866 = ORIENTED_EDGE('',*,*,#5862,.T.);
#5867 = EDGE_LOOP('',(#5863,#5864,#5865,#5866));
#5868 = FACE_OUTER_BOUND('',#5867,.T.);
#5869 = CARTESIAN_POINT('',(44.27787,2.65339,0.00000));
#5870 = DIRECTION('',(-0.624119,-0.781329,0.000000));
#5871 = DIRECTION('',(0.781329,-0.624119,0.000000));
#5872 = AXIS2_PLACEMENT_3D('',#5869,#5870,#5871);
#5873 = PLANE('',#5872);
#5874 = ADVANCED_FACE('',(#5868),#5873,.T.);
#5875 = CARTESIAN_POINT('',(44.31659,2.62246,0.00000));
#5876 = VERTEX_POINT('',#5875);
#5877 = CARTESIAN_POINT('',(44.35949,2.59766,0.00000));
#5878 = VERTEX_POINT('',#5877);
#5879 = CARTESIAN_POINT('',(44.35949,2.59766,1.50000));
#5880 = VERTEX_POINT('',#5879);
#5881 = CARTESIAN_POINT('',(44.31659,2.62246,1.50000));
#5882 = VERTEX_POINT('',#5881);
#5883 = CARTESIAN_POINT('',(44.31659,2.62246,0.00000));
#5884 = DIRECTION('',(0.865712,-0.500542,0.000000));
#5885 = VECTOR('',#5884,0.04956);
#5886 = LINE('',#5883,#5885);
#5887 = EDGE_CURVE('',#5876,#5878,#5886,.T.);
#5888 = CARTESIAN_POINT('',(44.35949,2.59766,0.00000));
#5889 = DIRECTION('',(0.000000,0.000000,1.000000));
#5890 = VECTOR('',#5889,1.50000);
#5891 = LINE('',#5888,#5890);
#5892 = EDGE_CURVE('',#5878,#5880,#5891,.T.);
#5893 = CARTESIAN_POINT('',(44.35949,2.59766,1.50000));
#5894 = DIRECTION('',(-0.865712,0.500542,0.000000));
#5895 = VECTOR('',#5894,0.04956);
#5896 = LINE('',#5893,#5895);
#5897 = EDGE_CURVE('',#5880,#5882,#5896,.T.);
#5898 = CARTESIAN_POINT('',(44.31659,2.62246,1.50000));
#5899 = DIRECTION('',(0.000000,0.000000,-1.000000));
#5900 = VECTOR('',#5899,1.50000);
#5901 = LINE('',#5898,#5900);
#5902 = EDGE_CURVE('',#5882,#5876,#5901,.T.);
#5903 = ORIENTED_EDGE('',*,*,#5887,.T.);
#5904 = ORIENTED_EDGE('',*,*,#5892,.T.);
#5905 = ORIENTED_EDGE('',*,*,#5897,.T.);
#5906 = ORIENTED_EDGE('',*,*,#5902,.T.);
#5907 = EDGE_LOOP('',(#5903,#5904,#5905,#5906));
#5908 = FACE_OUTER_BOUND('',#5907,.T.);
#5909 = CARTESIAN_POINT('',(44.31659,2.62246,0.00000));
#5910 = DIRECTION('',(-0.500542,-0.865712,0.000000));
#5911 = DIRECTION('',(0.865712,-0.500542,0.000000));
#5912 = AXIS2_PLACEMENT_3D('',#5909,#5910,#5911);
#5913 = PLANE('',#5912);
#5914 = ADVANCED_FACE('',(#5908),#5913,.T.);
#5915 = CARTESIAN_POINT('',(44.35949,2.59766,0.00000));
#5916 = VERTEX_POINT('',#5915);
#5917 = CARTESIAN_POINT('',(44.40561,2.57953,0.00000));
#5918 = VERTEX_POINT('',#5917);
#5919 = CARTESIAN_POINT('',(44.40561,2.57953,1.50000));
#5920 = VERTEX_POINT('',#5919);
#5921 = CARTESIAN_POINT('',(44.35949,2.59766,1.50000));
#5922 = VERTEX_POINT('',#5921);
#5923 = CARTESIAN_POINT('',(44.35949,2.59766,0.00000));
#5924 = DIRECTION('',(0.930711,-0.365756,0.000000));
#5925 = VECTOR('',#5924,0.04956);
#5926 = LINE('',#5923,#5925);
#5927 = EDGE_CURVE('',#5916,#5918,#5926,.T.);
#5928 = CARTESIAN_POINT('',(44.40561,2.57953,0.00000));
#5929 = DIRECTION('',(0.000000,0.000000,1.000000));
#5930 = VECTOR('',#5929,1.50000);
#5931 = LINE('',#5928,#5930);
#5932 = EDGE_CURVE('',#5918,#5920,#5931,.T.);
#5933 = CARTESIAN_POINT('',(44.40561,2.57953,1.50000));
#5934 = DIRECTION('',(-0.930711,0.365756,0.000000));
#5935 = VECTOR('',#5934,0.04956);
#5936 = LINE('',#5933,#5935);
#5937 = EDGE_CURVE('',#5920,#5922,#5936,.T.);
#5938 = CARTESIAN_POINT('',(44.35949,2.59766,1.50000));
#5939 = DIRECTION('',(0.000000,0.000000,-1.000000));
#5940 = VECTOR('',#5939,1.50000);
#5941 = LINE('',#5938,#5940);
#5942 = EDGE_CURVE('',#5922,#5916,#5941,.T.);
#5943 = ORIENTED_EDGE('',*,*,#5927,.T.);
#5944 = ORIENTED_EDGE('',*,*,#5932,.T.);
#5945 = ORIENTED_EDGE('',*,*,#5937,.T.);
#5946 = ORIENTED_EDGE('',*,*,#5942,.T.);
#5947 = EDGE_LOOP('',(#5943,#5944,#5945,#5946));
#5948 = FACE_OUTER_BOUND('',#5947,.T.);
#5949 = CARTESIAN_POINT('',(44.35949,2.59766,0.00000));
#5950 = DIRECTION('',(-0.365756,-0.930711,0.000000));
#5951 = DIRECTION('',(0.930711,-0.365756,0.000000));
#5952 = AXIS2_PLACEMENT_3D('',#5949,#5950,#5951);
#5953 = PLANE('',#5952);
#5954 = ADVANCED_FACE('',(#5948),#5953,.T.);
#5955 = CARTESIAN_POINT('',(44.40561,2.57953,0.00000));
#5956 = VERTEX_POINT('',#5955);
#5957 = CARTESIAN_POINT('',(44.45392,2.56849,0.00000));
#5958 = VERTEX_POINT('',#5957);
#5959 = CARTESIAN_POINT('',(44.45392,2.56849,1.50000));
#5960 = VERTEX_POINT('',#5959);
#5961 = CARTESIAN_POINT('',(44.40561,2.57953,1.50000));
#5962 = VERTEX_POINT('',#5961);
#5963 = CARTESIAN_POINT('',(44.40561,2.57953,0.00000));
#5964 = DIRECTION('',(0.974869,-0.222781,0.000000));
#5965 = VECTOR('',#5964,0.04956);
#5966 = LINE('',#5963,#5965);
#5967 = EDGE_CURVE('',#5956,#5958,#5966,.T.);
#5968 = CARTESIAN_POINT('',(44.45392,2.56849,0.00000));
#5969 = DIRECTION('',(0.000000,0.000000,1.000000));
#5970 = VECTOR('',#5969,1.50000);
#5971 = LINE('',#5968,#5970);
#5972 = EDGE_CURVE('',#5958,#5960,#5971,.T.);
#5973 = CARTESIAN_POINT('',(44.45392,2.56849,1.50000));
#5974 = DIRECTION('',(-0.974869,0.222781,0.000000));
#5975 = VECTOR('',#5974,0.04956);
#5976 = LINE('',#5973,#5975);
#5977 = EDGE_CURVE('',#5960,#5962,#5976,.T.);
#5978 = CARTESIAN_POINT('',(44.40561,2.57953,1.50000));
#5979 = DIRECTION('',(0.000000,0.000000,-1.000000));
#5980 = VECTOR('',#5979,1.50000);
#5981 = LINE('',#5978,#5980);
#5982 = EDGE_CURVE('',#5962,#5956,#5981,.T.);
#5983 = ORIENTED_EDGE('',*,*,#5967,.T.);
#5984 = ORIENTED_EDGE('',*,*,#5972,.T.);
#5985 = ORIENTED_EDGE('',*,*,#5977,.T.);
#5986 = ORIENTED_EDGE('',*,*,#5982,.T.);
#5987 = EDGE_LOOP('',(#5983,#5984,#5985,#5986));
#5988 = FACE_OUTER_BOUND('',#5987,.T.);
#5989 = CARTESIAN_POINT('',(44.40561,2.57953,0.00000));
#5990 = DIRECTION('',(-0.222781,-0.974869,0.000000));
#5991 = DIRECTION('',(0.974869,-0.222781,0.000000));
#5992 = AXIS2_PLACEMENT_3D('',#5989,#5990,#5991);
#5993 = PLANE('',#5992);
#5994 = ADVANCED_FACE('',(#5988),#5993,.T.);
#5995 = CARTESIAN_POINT('',(44.45392,2.56849,0.00000));
#5996 = VERTEX_POINT('',#5995);
#5997 = CARTESIAN_POINT('',(44.50334,2.56479,0.00000));
#5998 = VERTEX_POINT('',#5997);
#5999 = CARTESIAN_POINT('',(44.50334,2.56479,1.50000));
#6000 = VERTEX_POINT('',#5999);
#6001 = CARTESIAN_POINT('',(44.45392,2.56849,1.50000));
#6002 = VERTEX_POINT('',#6001);
#6003 = CARTESIAN_POINT('',(44.45392,2.56849,0.00000));
#6004 = DIRECTION('',(0.997197,-0.074817,0.000000));
#6005 = VECTOR('',#6004,0.04956);
#6006 = LINE('',#6003,#6005);
#6007 = EDGE_CURVE('',#5996,#5998,#6006,.T.);
#6008 = CARTESIAN_POINT('',(44.50334,2.56479,0.00000));
#6009 = DIRECTION('',(0.000000,0.000000,1.000000));
#6010 = VECTOR('',#6009,1.50000);
#6011 = LINE('',#6008,#6010);
#6012 = EDGE_CURVE('',#5998,#6000,#6011,.T.);
#6013 = CARTESIAN_POINT('',(44.50334,2.56479,1.50000));
#6014 = DIRECTION('',(-0.997197,0.074817,0.000000));
#6015 = VECTOR('',#6014,0.04956);
#6016 = LINE('',#6013,#6015);
#6017 = EDGE_CURVE('',#6000,#6002,#6016,.T.);
#6018 = CARTESIAN_POINT('',(44.45392,2.56849,1.50000));
#6019 = DIRECTION('',(0.000000,0.000000,-1.000000));
#6020 = VECTOR('',#6019,1.50000);
#6021 = LINE('',#6018,#6020);
#6022 = EDGE_CURVE('',#6002,#5996,#6021,.T.);
#6023 = ORIENTED_EDGE('',*,*,#6007,.T.);
#6024 = ORIENTED_EDGE('',*,*,#6012,.T.);
#6025 = ORIENTED_EDGE('',*,*,#6017,.T.);
#6026 = ORIENTED_EDGE('',*,*,#6022,.T.);
#6027 = EDGE_LOOP('',(#6023,#6024,#6025,#6026));
#6028 = FACE_OUTER_BOUND('',#6027,.T.);
#6029 = CARTESIAN_POINT('',(44.45392,2.56849,0.00000));
#6030 = DIRECTION('',(-0.074817,-0.997197,0.000000));
#6031 = DIRECTION('',(0.997197,-0.074817,0.000000));
#6032 = AXIS2_PLACEMENT_3D('',#6029,#6030,#6031);
#6033 = PLANE('',#6032);
#6034 = ADVANCED_FACE('',(#6028),#6033,.T.);
#6035 = CARTESIAN_POINT('',(44.50334,2.56479,0.00000));
#6036 = VERTEX_POINT('',#6035);
#6037 = CARTESIAN_POINT('',(64.46774,2.56479,0.00000));
#6038 = VERTEX_POINT('',#6037);
#6039 = CARTESIAN_POINT('',(64.46774,2.56479,1.50000));
#6040 = VERTEX_POINT('',#6039);
#6041 = CARTESIAN_POINT('',(44.50334,2.56479,1.50000));
#6042 = VERTEX_POINT('',#6041);
#6043 = CARTESIAN_POINT('',(44.50334,2.56479,0.00000));
#6044 = DIRECTION('',(1.000000,0.000000,0.000000));
#6045 = VECTOR('',#6044,19.96440);
#6046 = LINE('',#6043,#6045);
#6047 = EDGE_CURVE('',#6036,#6038,#6046,.T.);
#6048 = CARTESIAN_POINT('',(64.46774,2.56479,0.00000));
#6049 = DIRECTION('',(0.000000,0.000000,1.000000));
#6050 = VECTOR('',#6049,1.50000);
#6051 = LINE('',#6048,#6050);
#6052 = EDGE_CURVE('',#6038,#6040,#6051,.T.);
#6053 = CARTESIAN_POINT('',(64.46774,2.56479,1.50000));
#6054 = DIRECTION('',(-1.000000,-0.000000,0.000000));
#6055 = VECTOR('',#6054,19.96440);
#6056 = LINE('',#6053,#6055);
#6057 = EDGE_CURVE('',#6040,#6042,#6056,.T.);
#6058 = CARTESIAN_POINT('',(44.50334,2.56479,1.50000));
#6059 = DIRECTION('',(0.000000,0.000000,-1.000000));
#6060 = VECTOR('',#6059,1.50000);
#6061 = LINE('',#6058,#6060);
#6062 = EDGE_CURVE('',#6042,#6036,#6061,.T.);
#6063 = ORIENTED_EDGE('',*,*,#6047,.T.);
#6064 = ORIENTED_EDGE('',*,*,#6052,.T.);
#6065 = ORIENTED_EDGE('',*,*,#6057,.T.);
#6066 = ORIENTED_EDGE('',*,*,#6062,.T.);
#6067 = EDGE_LOOP('',(#6063,#6064,#6065,#6066));
#6068 = FACE_OUTER_BOUND('',#6067,.T.);
#6069 = CARTESIAN_POINT('',(44.50334,2.56479,0.00000));
#6070 = DIRECTION('',(0.000000,-1.000000,0.000000));
#6071 = DIRECTION('',(1.000000,0.000000,0.000000));
#6072 = AXIS2_PLACEMENT_3D('',#6069,#6070,#6071);
#6073 = PLANE('',#6072);
#6074 = ADVANCED_FACE('',(#6068),#6073,.T.);
#6075 = CARTESIAN_POINT('',(64.46774,2.56479,0.00000));
#6076 = VERTEX_POINT('',#6075);
#6077 = CARTESIAN_POINT('',(64.48929,2.56324,0.00000));
#6078 = VERTEX_POINT('',#6077);
#6079 = CARTESIAN_POINT('',(64.48929,2.56324,1.50000));
#6080 = VERTEX_POINT('',#6079);
#6081 = CARTESIAN_POINT('',(64.46774,2.56479,1.50000));
#6082 = VERTEX_POINT('',#6081);
#6083 = CARTESIAN_POINT('',(64.46774,2.56479,0.00000));
#6084 = DIRECTION('',(0.997453,-0.071332,0.000000));
#6085 = VECTOR('',#6084,0.02161);
#6086 = LINE('',#6083,#6085);
#6087 = EDGE_CURVE('',#6076,#6078,#6086,.T.);
#6088 = CARTESIAN_POINT('',(64.48929,2.56324,0.00000));
#6089 = DIRECTION('',(0.000000,0.000000,1.000000));
#6090 = VECTOR('',#6089,1.50000);
#6091 = LINE('',#6088,#6090);
#6092 = EDGE_CURVE('',#6078,#6080,#6091,.T.);
#6093 = CARTESIAN_POINT('',(64.48929,2.56324,1.50000));
#6094 = DIRECTION('',(-0.997453,0.071332,0.000000));
#6095 = VECTOR('',#6094,0.02161);
#6096 = LINE('',#6093,#6095);
#6097 = EDGE_CURVE('',#6080,#6082,#6096,.T.);
#6098 = CARTESIAN_POINT('',(64.46774,2.56479,1.50000));
#6099 = DIRECTION('',(0.000000,0.000000,-1.000000));
#6100 = VECTOR('',#6099,1.50000);
#6101 = LINE('',#6098,#6100);
#6102 = EDGE_CURVE('',#6082,#6076,#6101,.T.);
#6103 = ORIENTED_EDGE('',*,*,#6087,.T.);
#6104 = ORIENTED_EDGE('',*,*,#6092,.T.);
#6105 = ORIENTED_EDGE('',*,*,#6097,.T.);
#6106 = ORIENTED_EDGE('',*,*,#6102,.T.);
#6107 = EDGE_LOOP('',(#6103,#6104,#6105,#6106));
#6108 = FACE_OUTER_BOUND('',#6107,.T.);
#6109 = CARTESIAN_POINT('',(64.46774,2.56479,0.00000));
#6110 = DIRECTION('',(-0.071332,-0.997453,0.000000));
#6111 = DIRECTION('',(0.997453,-0.071332,0.000000));
#6112 = AXIS2_PLACEMENT_3D('',#6109,#6110,#6111);
#6113 = PLANE('',#6112);
#6114 = ADVANCED_FACE('',(#6108),#6113,.T.);
#6115 = CARTESIAN_POINT('',(64.48929,2.56324,0.00000));
#6116 = VERTEX_POINT('',#6115);
#6117 = CARTESIAN_POINT('',(64.51040,2.55865,0.00000));
#6118 = VERTEX_POINT('',#6117);
#6119 = CARTESIAN_POINT('',(64.51040,2.55865,1.50000));
#6120 = VERTEX_POINT('',#6119);
#6121 = CARTESIAN_POINT('',(64.48929,2.56324,1.50000));
#6122 = VERTEX_POINT('',#6121);
#6123 = CARTESIAN_POINT('',(64.48929,2.56324,0.00000));
#6124 = DIRECTION('',(0.977148,-0.212560,0.000000));
#6125 = VECTOR('',#6124,0.02161);
#6126 = LINE('',#6123,#6125);
#6127 = EDGE_CURVE('',#6116,#6118,#6126,.T.);
#6128 = CARTESIAN_POINT('',(64.51040,2.55865,0.00000));
#6129 = DIRECTION('',(0.000000,0.000000,1.000000));
#6130 = VECTOR('',#6129,1.50000);
#6131 = LINE('',#6128,#6130);
#6132 = EDGE_CURVE('',#6118,#6120,#6131,.T.);
#6133 = CARTESIAN_POINT('',(64.51040,2.55865,1.50000));
#6134 = DIRECTION('',(-0.977148,0.212560,0.000000));
#6135 = VECTOR('',#6134,0.02161);
#6136 = LINE('',#6133,#6135);
#6137 = EDGE_CURVE('',#6120,#6122,#6136,.T.);
#6138 = CARTESIAN_POINT('',(64.48929,2.56324,1.50000));
#6139 = DIRECTION('',(0.000000,0.000000,-1.000000));
#6140 = VECTOR('',#6139,1.50000);
#6141 = LINE('',#6138,#6140);
#6142 = EDGE_CURVE('',#6122,#6116,#6141,.T.);
#6143 = ORIENTED_EDGE('',*,*,#6127,.T.);
#6144 = ORIENTED_EDGE('',*,*,#6132,.T.);
#6145 = ORIENTED_EDGE('',*,*,#6137,.T.);
#6146 = ORIENTED_EDGE('',*,*,#6142,.T.);
#6147 = EDGE_LOOP('',(#6143,#6144,#6145,#6146));
#6148 = FACE_OUTER_BOUND('',#6147,.T.);
#6149 = CARTESIAN_POINT('',(64.48929,2.56324,0.00000));
#6150 = DIRECTION('',(-0.212560,-0.977148,0.000000));
#6151 = DIRECTION('',(0.977148,-0.212560,0.000000));
#6152 = AXIS2_PLACEMENT_3D('',#6149,#6150,#6151);
#6153 = PLANE('',#6152);
#6154 = ADVANCED_FACE('',(#6148),#6153,.T.);
#6155 = CARTESIAN_POINT('',(64.51040,2.55865,0.00000));
#6156 = VERTEX_POINT('',#6155);
#6157 = CARTESIAN_POINT('',(64.53065,2.55110,0.00000));
#6158 = VERTEX_POINT('',#6157);
#6159 = CARTESIAN_POINT('',(64.53065,2.55110,1.50000));
#6160 = VERTEX_POINT('',#6159);
#6161 = CARTESIAN_POINT('',(64.51040,2.55865,1.50000));
#6162 = VERTEX_POINT('',#6161);
#6163 = CARTESIAN_POINT('',(64.51040,2.55865,0.00000));
#6164 = DIRECTION('',(0.936951,-0.349460,0.000000));
#6165 = VECTOR('',#6164,0.02161);
#6166 = LINE('',#6163,#6165);
#6167 = EDGE_CURVE('',#6156,#6158,#6166,.T.);
#6168 = CARTESIAN_POINT('',(64.53065,2.55110,0.00000));
#6169 = DIRECTION('',(0.000000,0.000000,1.000000));
#6170 = VECTOR('',#6169,1.50000);
#6171 = LINE('',#6168,#6170);
#6172 = EDGE_CURVE('',#6158,#6160,#6171,.T.);
#6173 = CARTESIAN_POINT('',(64.53065,2.55110,1.50000));
#6174 = DIRECTION('',(-0.936951,0.349460,0.000000));
#6175 = VECTOR('',#6174,0.02161);
#6176 = LINE('',#6173,#6175);
#6177 = EDGE_CURVE('',#6160,#6162,#6176,.T.);
#6178 = CARTESIAN_POINT('',(64.51040,2.55865,1.50000));
#6179 = DIRECTION('',(0.000000,0.000000,-1.000000));
#6180 = VECTOR('',#6179,1.50000);
#6181 = LINE('',#6178,#6180);
#6182 = EDGE_CURVE('',#6162,#6156,#6181,.T.);
#6183 = ORIENTED_EDGE('',*,*,#6167,.T.);
#6184 = ORIENTED_EDGE('',*,*,#6172,.T.);
#6185 = ORIENTED_EDGE('',*,*,#6177,.T.);
#6186 = ORIENTED_EDGE('',*,*,#6182,.T.);
#6187 = EDGE_LOOP('',(#6183,#6184,#6185,#6186));
#6188 = FACE_OUTER_BOUND('',#6187,.T.);
#6189 = CARTESIAN_POINT('',(64.51040,2.55865,0.00000));
#6190 = DIRECTION('',(-0.349460,-0.936951,0.000000));
#6191 = DIRECTION('',(0.936951,-0.349460,0.000000));
#6192 = AXIS2_PLACEMENT_3D('',#6189,#6190,#6191);
#6193 = PLANE('',#6192);
#6194 = ADVANCED_FACE('',(#6188),#6193,.T.);
#6195 = CARTESIAN_POINT('',(64.53065,2.55110,0.00000));
#6196 = VERTEX_POINT('',#6195);
#6197 = CARTESIAN_POINT('',(64.54961,2.54075,0.00000));
#6198 = VERTEX_POINT('',#6197);
#6199 = CARTESIAN_POINT('',(64.54961,2.54075,1.50000));
#6200 = VERTEX_POINT('',#6199);
#6201 = CARTESIAN_POINT('',(64.53065,2.55110,1.50000));
#6202 = VERTEX_POINT('',#6201);
#6203 = CARTESIAN_POINT('',(64.53065,2.55110,0.00000));
#6204 = DIRECTION('',(0.877680,-0.479246,0.000000));
#6205 = VECTOR('',#6204,0.02161);
#6206 = LINE('',#6203,#6205);
#6207 = EDGE_CURVE('',#6196,#6198,#6206,.T.);
#6208 = CARTESIAN_POINT('',(64.54961,2.54075,0.00000));
#6209 = DIRECTION('',(0.000000,0.000000,1.000000));
#6210 = VECTOR('',#6209,1.50000);
#6211 = LINE('',#6208,#6210);
#6212 = EDGE_CURVE('',#6198,#6200,#6211,.T.);
#6213 = CARTESIAN_POINT('',(64.54961,2.54075,1.50000));
#6214 = DIRECTION('',(-0.877680,0.479246,0.000000));
#6215 = VECTOR('',#6214,0.02161);
#6216 = LINE('',#6213,#6215);
#6217 = EDGE_CURVE('',#6200,#6202,#6216,.T.);
#6218 = CARTESIAN_POINT('',(64.53065,2.55110,1.50000));
#6219 = DIRECTION('',(0.000000,0.000000,-1.000000));
#6220 = VECTOR('',#6219,1.50000);
#6221 = LINE('',#6218,#6220);
#6222 = EDGE_CURVE('',#6202,#6196,#6221,.T.);
#6223 = ORIENTED_EDGE('',*,*,#6207,.T.);
#6224 = ORIENTED_EDGE('',*,*,#6212,.T.);
#6225 = ORIENTED_EDGE('',*,*,#6217,.T.);
#6226 = ORIENTED_EDGE('',*,*,#6222,.T.);
#6227 = EDGE_LOOP('',(#6223,#6224,#6225,#6226));
#6228 = FACE_OUTER_BOUND('',#6227,.T.);
#6229 = CARTESIAN_POINT('',(64.53065,2.55110,0.00000));
#6230 = DIRECTION('',(-0.479246,-0.877680,0.000000));
#6231 = DIRECTION('',(0.877680,-0.479246,0.000000));
#6232 = AXIS2_PLACEMENT_3D('',#6229,#6230,#6231);
#6233 = PLANE('',#6232);
#6234 = ADVANCED_FACE('',(#6228),#6233,.T.);
#6235 = CARTESIAN_POINT('',(64.54961,2.54075,0.00000));
#6236 = VERTEX_POINT('',#6235);
#6237 = CARTESIAN_POINT('',(64.56691,2.52780,0.00000));
#6238 = VERTEX_POINT('',#6237);
#6239 = CARTESIAN_POINT('',(64.56691,2.52780,1.50000));
#6240 = VERTEX_POINT('',#6239);
#6241 = CARTESIAN_POINT('',(64.54961,2.54075,1.50000));
#6242 = VERTEX_POINT('',#6241);
#6243 = CARTESIAN_POINT('',(64.54961,2.54075,0.00000));
#6244 = DIRECTION('',(0.800542,-0.599276,0.000000));
#6245 = VECTOR('',#6244,0.02161);
#6246 = LINE('',#6243,#6245);
#6247 = EDGE_CURVE('',#6236,#6238,#6246,.T.);
#6248 = CARTESIAN_POINT('',(64.56691,2.52780,0.00000));
#6249 = DIRECTION('',(0.000000,0.000000,1.000000));
#6250 = VECTOR('',#6249,1.50000);
#6251 = LINE('',#6248,#6250);
#6252 = EDGE_CURVE('',#6238,#6240,#6251,.T.);
#6253 = CARTESIAN_POINT('',(64.56691,2.52780,1.50000));
#6254 = DIRECTION('',(-0.800542,0.599276,0.000000));
#6255 = VECTOR('',#6254,0.02161);
#6256 = LINE('',#6253,#6255);
#6257 = EDGE_CURVE('',#6240,#6242,#6256,.T.);
#6258 = CARTESIAN_POINT('',(64.54961,2.54075,1.50000));
#6259 = DIRECTION('',(0.000000,0.000000,-1.000000));
#6260 = VECTOR('',#6259,1.50000);
#6261 = LINE('',#6258,#6260);
#6262 = EDGE_CURVE('',#6242,#6236,#6261,.T.);
#6263 = ORIENTED_EDGE('',*,*,#6247,.T.);
#6264 = ORIENTED_EDGE('',*,*,#6252,.T.);
#6265 = ORIENTED_EDGE('',*,*,#6257,.T.);
#6266 = ORIENTED_EDGE('',*,*,#6262,.T.);
#6267 = EDGE_LOOP('',(#6263,#6264,#6265,#6266));
#6268 = FACE_OUTER_BOUND('',#6267,.T.);
#6269 = CARTESIAN_POINT('',(64.54961,2.54075,0.00000));
#6270 = DIRECTION('',(-0.599276,-0.800542,0.000000));
#6271 = DIRECTION('',(0.800542,-0.599276,0.000000));
#6272 = AXIS2_PLACEMENT_3D('',#6269,#6270,#6271);
#6273 = PLANE('',#6272);
#6274 = ADVANCED_FACE('',(#6268),#6273,.T.);
#6275 = CARTESIAN_POINT('',(64.56691,2.52780,0.00000));
#6276 = VERTEX_POINT('',#6275);
#6277 = CARTESIAN_POINT('',(64.58218,2.51252,0.00000));
#6278 = VERTEX_POINT('',#6277);
#6279 = CARTESIAN_POINT('',(64.58218,2.51252,1.50000));
#6280 = VERTEX_POINT('',#6279);
#6281 = CARTESIAN_POINT('',(64.56691,2.52780,1.50000));
#6282 = VERTEX_POINT('',#6281);
#6283 = CARTESIAN_POINT('',(64.56691,2.52780,0.00000));
#6284 = DIRECTION('',(0.707107,-0.707107,0.000000));
#6285 = VECTOR('',#6284,0.02161);
#6286 = LINE('',#6283,#6285);
#6287 = EDGE_CURVE('',#6276,#6278,#6286,.T.);
#6288 = CARTESIAN_POINT('',(64.58218,2.51252,0.00000));
#6289 = DIRECTION('',(0.000000,0.000000,1.000000));
#6290 = VECTOR('',#6289,1.50000);
#6291 = LINE('',#6288,#6290);
#6292 = EDGE_CURVE('',#6278,#6280,#6291,.T.);
#6293 = CARTESIAN_POINT('',(64.58218,2.51252,1.50000));
#6294 = DIRECTION('',(-0.707107,0.707107,0.000000));
#6295 = VECTOR('',#6294,0.02161);
#6296 = LINE('',#6293,#6295);
#6297 = EDGE_CURVE('',#6280,#6282,#6296,.T.);
#6298 = CARTESIAN_POINT('',(64.56691,2.52780,1.50000));
#6299 = DIRECTION('',(0.000000,0.000000,-1.000000));
#6300 = VECTOR('',#6299,1.50000);
#6301 = LINE('',#6298,#6300);
#6302 = EDGE_CURVE('',#6282,#6276,#6301,.T.);
#6303 = ORIENTED_EDGE('',*,*,#6287,.T.);
#6304 = ORIENTED_EDGE('',*,*,#6292,.T.);
#6305 = ORIENTED_EDGE('',*,*,#6297,.T.);
#6306 = ORIENTED_EDGE('',*,*,#6302,.T.);
#6307 = EDGE_LOOP('',(#6303,#6304,#6305,#6306));
#6308 = FACE_OUTER_BOUND('',#6307,.T.);
#6309 = CARTESIAN_POINT('',(64.56691,2.52780,0.00000));
#6310 = DIRECTION('',(-0.707107,-0.707107,0.000000));
#6311 = DIRECTION('',(0.707107,-0.707107,0.000000));
#6312 = AXIS2_PLACEMENT_3D('',#6309,#6310,#6311);
#6313 = PLANE('',#6312);
#6314 = ADVANCED_FACE('',(#6308),#6313,.T.);
#6315 = CARTESIAN_POINT('',(64.58218,2.51252,0.00000));
#6316 = VERTEX_POINT('',#6315);
#6317 = CARTESIAN_POINT('',(64.59513,2.49523,0.00000));
#6318 = VERTEX_POINT('',#6317);
#6319 = CARTESIAN_POINT('',(64.59513,2.49523,1.50000));
#6320 = VERTEX_POINT('',#6319);
#6321 = CARTESIAN_POINT('',(64.58218,2.51252,1.50000));
#6322 = VERTEX_POINT('',#6321);
#6323 = CARTESIAN_POINT('',(64.58218,2.51252,0.00000));
#6324 = DIRECTION('',(0.599276,-0.800542,0.000000));
#6325 = VECTOR('',#6324,0.02161);
#6326 = LINE('',#6323,#6325);
#6327 = EDGE_CURVE('',#6316,#6318,#6326,.T.);
#6328 = CARTESIAN_POINT('',(64.59513,2.49523,0.00000));
#6329 = DIRECTION('',(0.000000,0.000000,1.000000));
#6330 = VECTOR('',#6329,1.50000);
#6331 = LINE('',#6328,#6330);
#6332 = EDGE_CURVE('',#6318,#6320,#6331,.T.);
#6333 = CARTESIAN_POINT('',(64.59513,2.49523,1.50000));
#6334 = DIRECTION('',(-0.599276,0.800542,0.000000));
#6335 = VECTOR('',#6334,0.02161);
#6336 = LINE('',#6333,#6335);
#6337 = EDGE_CURVE('',#6320,#6322,#6336,.T.);
#6338 = CARTESIAN_POINT('',(64.58218,2.51252,1.50000));
#6339 = DIRECTION('',(0.000000,0.000000,-1.000000));
#6340 = VECTOR('',#6339,1.50000);
#6341 = LINE('',#6338,#6340);
#6342 = EDGE_CURVE('',#6322,#6316,#6341,.T.);
#6343 = ORIENTED_EDGE('',*,*,#6327,.T.);
#6344 = ORIENTED_EDGE('',*,*,#6332,.T.);
#6345 = ORIENTED_EDGE('',*,*,#6337,.T.);
#6346 = ORIENTED_EDGE('',*,*,#6342,.T.);
#6347 = EDGE_LOOP('',(#6343,#6344,#6345,#6346));
#6348 = FACE_OUTER_BOUND('',#6347,.T.);
#6349 = CARTESIAN_POINT('',(64.58218,2.51252,0.00000));
#6350 = DIRECTION('',(-0.800542,-0.599276,0.000000));
#6351 = DIRECTION('',(0.599276,-0.800542,0.000000));
#6352 = AXIS2_PLACEMENT_3D('',#6349,#6350,#6351);
#6353 = PLANE('',#6352);
#6354 = ADVANCED_FACE('',(#6348),#6353,.T.);
#6355 = CARTESIAN_POINT('',(64.59513,2.49523,0.00000));
#6356 = VERTEX_POINT('',#6355);
#6357 = CARTESIAN_POINT('',(64.60548,2.47626,0.00000));
#6358 = VERTEX_POINT('',#6357);
#6359 = CARTESIAN_POINT('',(64.60548,2.47626,1.50000));
#6360 = VERTEX_POINT('',#6359);
#6361 = CARTESIAN_POINT('',(64.59513,2.49523,1.50000));
#6362 = VERTEX_POINT('',#6361);
#6363 = CARTESIAN_POINT('',(64.59513,2.49523,0.00000));
#6364 = DIRECTION('',(0.479246,-0.877680,0.000000));
#6365 = VECTOR('',#6364,0.02161);
#6366 = LINE('',#6363,#6365);
#6367 = EDGE_CURVE('',#6356,#6358,#6366,.T.);
#6368 = CARTESIAN_POINT('',(64.60548,2.47626,0.00000));
#6369 = DIRECTION('',(0.000000,0.000000,1.000000));
#6370 = VECTOR('',#6369,1.50000);
#6371 = LINE('',#6368,#6370);
#6372 = EDGE_CURVE('',#6358,#6360,#6371,.T.);
#6373 = CARTESIAN_POINT('',(64.60548,2.47626,1.50000));
#6374 = DIRECTION('',(-0.479246,0.877680,0.000000));
#6375 = VECTOR('',#6374,0.02161);
#6376 = LINE('',#6373,#6375);
#6377 = EDGE_CURVE('',#6360,#6362,#6376,.T.);
#6378 = CARTESIAN_POINT('',(64.59513,2.49523,1.50000));
#6379 = DIRECTION('',(0.000000,0.000000,-1.000000));
#6380 = VECTOR('',#6379,1.50000);
#6381 = LINE('',#6378,#6380);
#6382 = EDGE_CURVE('',#6362,#6356,#6381,.T.);
#6383 = ORIENTED_EDGE('',*,*,#6367,.T.);
#6384 = ORIENTED_EDGE('',*,*,#6372,.T.);
#6385 = ORIENTED_EDGE('',*,*,#6377,.T.);
#6386 = ORIENTED_EDGE('',*,*,#6382,.T.);
#6387 = EDGE_LOOP('',(#6383,#6384,#6385,#6386));
#6388 = FACE_OUTER_BOUND('',#6387,.T.);
#6389 = CARTESIAN_POINT('',(64.59513,2.49523,0.00000));
#6390 = DIRECTION('',(-0.877680,-0.479246,0.000000));
#6391 = DIRECTION('',(0.479246,-0.877680,0.000000));
#6392 = AXIS2_PLACEMENT_3D('',#6389,#6390,#6391);
#6393 = PLANE('',#6392);
#6394 = ADVANCED_FACE('',(#6388),#6393,.T.);
#6395 = CARTESIAN_POINT('',(64.60548,2.47626,0.00000));
#6396 = VERTEX_POINT('',#6395);
#6397 = CARTESIAN_POINT('',(64.61303,2.45602,0.00000));
#6398 = VERTEX_POINT('',#6397);
#6399 = CARTESIAN_POINT('',(64.61303,2.45602,1.50000));
#6400 = VERTEX_POINT('',#6399);
#6401 = CARTESIAN_POINT('',(64.60548,2.47626,1.50000));
#6402 = VERTEX_POINT('',#6401);
#6403 = CARTESIAN_POINT('',(64.60548,2.47626,0.00000));
#6404 = DIRECTION('',(0.349460,-0.936951,0.000000));
#6405 = VECTOR('',#6404,0.02161);
#6406 = LINE('',#6403,#6405);
#6407 = EDGE_CURVE('',#6396,#6398,#6406,.T.);
#6408 = CARTESIAN_POINT('',(64.61303,2.45602,0.00000));
#6409 = DIRECTION('',(0.000000,0.000000,1.000000));
#6410 = VECTOR('',#6409,1.50000);
#6411 = LINE('',#6408,#6410);
#6412 = EDGE_CURVE('',#6398,#6400,#6411,.T.);
#6413 = CARTESIAN_POINT('',(64.61303,2.45602,1.50000));
#6414 = DIRECTION('',(-0.349460,0.936951,0.000000));
#6415 = VECTOR('',#6414,0.02161);
#6416 = LINE('',#6413,#6415);
#6417 = EDGE_CURVE('',#6400,#6402,#6416,.T.);
#6418 = CARTESIAN_POINT('',(64.60548,2.47626,1.50000));
#6419 = DIRECTION('',(0.000000,0.000000,-1.000000));
#6420 = VECTOR('',#6419,1.50000);
#6421 = LINE('',#6418,#6420);
#6422 = EDGE_CURVE('',#6402,#6396,#6421,.T.);
#6423 = ORIENTED_EDGE('',*,*,#6407,.T.);
#6424 = ORIENTED_EDGE('',*,*,#6412,.T.);
#6425 = ORIENTED_EDGE('',*,*,#6417,.T.);
#6426 = ORIENTED_EDGE('',*,*,#6422,.T.);
#6427 = EDGE_LOOP('',(#6423,#6424,#6425,#6426));
#6428 = FACE_OUTER_BOUND('',#6427,.T.);
#6429 = CARTESIAN_POINT('',(64.60548,2.47626,0.00000));
#6430 = DIRECTION('',(-0.936951,-0.349460,0.000000));
#6431 = DIRECTION('',(0.349460,-0.936951,0.000000));
#6432 = AXIS2_PLACEMENT_3D('',#6429,#6430,#6431);
#6433 = PLANE('',#6432);
#6434 = ADVANCED_FACE('',(#6428),#6433,.T.);
#6435 = CARTESIAN_POINT('',(64.61303,2.45602,0.00000));
#6436 = VERTEX_POINT('',#6435);
#6437 = CARTESIAN_POINT('',(64.61763,2.43491,0.00000));
#6438 = VERTEX_POINT('',#6437);
#6439 = CARTESIAN_POINT('',(64.61763,2.43491,1.50000));
#6440 = VERTEX_POINT('',#6439);
#6441 = CARTESIAN_POINT('',(64.61303,2.45602,1.50000));
#6442 = VERTEX_POINT('',#6441);
#6443 = CARTESIAN_POINT('',(64.61303,2.45602,0.00000));
#6444 = DIRECTION('',(0.212560,-0.977148,0.000000));
#6445 = VECTOR('',#6444,0.02161);
#6446 = LINE('',#6443,#6445);
#6447 = EDGE_CURVE('',#6436,#6438,#6446,.T.);
#6448 = CARTESIAN_POINT('',(64.61763,2.43491,0.00000));
#6449 = DIRECTION('',(0.000000,0.000000,1.000000));
#6450 = VECTOR('',#6449,1.50000);
#6451 = LINE('',#6448,#6450);
#6452 = EDGE_CURVE('',#6438,#6440,#6451,.T.);
#6453 = CARTESIAN_POINT('',(64.61763,2.43491,1.50000));
#6454 = DIRECTION('',(-0.212560,0.977148,0.000000));
#6455 = VECTOR('',#6454,0.02161);
#6456 = LINE('',#6453,#6455);
#6457 = EDGE_CURVE('',#6440,#6442,#6456,.T.);
#6458 = CARTESIAN_POINT('',(64.61303,2.45602,1.50000));
#6459 = DIRECTION('',(0.000000,0.000000,-1.000000));
#6460 = VECTOR('',#6459,1.50000);
#6461 = LINE('',#6458,#6460);
#6462 = EDGE_CURVE('',#6442,#6436,#6461,.T.);
#6463 = ORIENTED_EDGE('',*,*,#6447,.T.);
#6464 = ORIENTED_EDGE('',*,*,#6452,.T.);
#6465 = ORIENTED_EDGE('',*,*,#6457,.T.);
#6466 = ORIENTED_EDGE('',*,*,#6462,.T.);
#6467 = EDGE_LOOP('',(#6463,#6464,#6465,#6466));
#6468 = FACE_OUTER_BOUND('',#6467,.T.);
#6469 = CARTESIAN_POINT('',(64.61303,2.45602,0.00000));
#6470 = DIRECTION('',(-0.977148,-0.212560,0.000000));
#6471 = DIRECTION('',(0.212560,-0.977148,0.000000));
#6472 = AXIS2_PLACEMENT_3D('',#6469,#6470,#6471);
#6473 = PLANE('',#6472);
#6474 = ADVANCED_FACE('',(#6468),#6473,.T.);
#6475 = CARTESIAN_POINT('',(64.61763,2.43491,0.00000));
#6476 = VERTEX_POINT('',#6475);
#6477 = CARTESIAN_POINT('',(64.61917,2.41336,0.00000));
#6478 = VERTEX_POINT('',#6477);
#6479 = CARTESIAN_POINT('',(64.61917,2.41336,1.50000));
#6480 = VERTEX_POINT('',#6479);
#6481 = CARTESIAN_POINT('',(64.61763,2.43491,1.50000));
#6482 = VERTEX_POINT('',#6481);
#6483 = CARTESIAN_POINT('',(64.61763,2.43491,0.00000));
#6484 = DIRECTION('',(0.071332,-0.997453,0.000000));
#6485 = VECTOR('',#6484,0.02161);
#6486 = LINE('',#6483,#6485);
#6487 = EDGE_CURVE('',#6476,#6478,#6486,.T.);
#6488 = CARTESIAN_POINT('',(64.61917,2.41336,0.00000));
#6489 = DIRECTION('',(0.000000,0.000000,1.000000));
#6490 = VECTOR('',#6489,1.50000);
#6491 = LINE('',#6488,#6490);
#6492 = EDGE_CURVE('',#6478,#6480,#6491,.T.);
#6493 = CARTESIAN_POINT('',(64.61917,2.41336,1.50000));
#6494 = DIRECTION('',(-0.071332,0.997453,0.000000));
#6495 = VECTOR('',#6494,0.02161);
#6496 = LINE('',#6493,#6495);
#6497 = EDGE_CURVE('',#6480,#6482,#6496,.T.);
#6498 = CARTESIAN_POINT('',(64.61763,2.43491,1.50000));
#6499 = DIRECTION('',(0.000000,0.000000,-1.000000));
#6500 = VECTOR('',#6499,1.50000);
#6501 = LINE('',#6498,#6500);
#6502 = EDGE_CURVE('',#6482,#6476,#6501,.T.);
#6503 = ORIENTED_EDGE('',*,*,#6487,.T.);
#6504 = ORIENTED_EDGE('',*,*,#6492,.T.);
#6505 = ORIENTED_EDGE('',*,*,#6497,.T.);
#6506 = ORIENTED_EDGE('',*,*,#6502,.T.);
#6507 = EDGE_LOOP('',(#6503,#6504,#6505,#6506));
#6508 = FACE_OUTER_BOUND('',#6507,.T.);
#6509 = CARTESIAN_POINT('',(64.61763,2.43491,0.00000));
#6510 = DIRECTION('',(-0.997453,-0.071332,0.000000));
#6511 = DIRECTION('',(0.071332,-0.997453,0.000000));
#6512 = AXIS2_PLACEMENT_3D('',#6509,#6510,#6511);
#6513 = PLANE('',#6512);
#6514 = ADVANCED_FACE('',(#6508),#6513,.T.);
#6515 = CARTESIAN_POINT('',(64.61917,2.41336,0.00000));
#6516 = VERTEX_POINT('',#6515);
#6517 = CARTESIAN_POINT('',(64.61917,0.35596,0.00000));
#6518 = VERTEX_POINT('',#6517);
#6519 = CARTESIAN_POINT('',(64.61917,0.35596,1.50000));
#6520 = VERTEX_POINT('',#6519);
#6521 = CARTESIAN_POINT('',(64.61917,2.41336,1.50000));
#6522 = VERTEX_POINT('',#6521);
#6523 = CARTESIAN_POINT('',(64.61917,2.41336,0.00000));
#6524 = DIRECTION('',(0.000000,-1.000000,0.000000));
#6525 = VECTOR('',#6524,2.05740);
#6526 = LINE('',#6523,#6525);
#6527 = EDGE_CURVE('',#6516,#6518,#6526,.T.);
#6528 = CARTESIAN_POINT('',(64.61917,0.35596,0.00000));
#6529 = DIRECTION('',(0.000000,0.000000,1.000000));
#6530 = VECTOR('',#6529,1.50000);
#6531 = LINE('',#6528,#6530);
#6532 = EDGE_CURVE('',#6518,#6520,#6531,.T.);
#6533 = CARTESIAN_POINT('',(64.61917,0.35596,1.50000));
#6534 = DIRECTION('',(-0.000000,1.000000,0.000000));
#6535 = VECTOR('',#6534,2.05740);
#6536 = LINE('',#6533,#6535);
#6537 = EDGE_CURVE('',#6520,#6522,#6536,.T.);
#6538 = CARTESIAN_POINT('',(64.61917,2.41336,1.50000));
#6539 = DIRECTION('',(0.000000,0.000000,-1.000000));
#6540 = VECTOR('',#6539,1.50000);
#6541 = LINE('',#6538,#6540);
#6542 = EDGE_CURVE('',#6522,#6516,#6541,.T.);
#6543 = ORIENTED_EDGE('',*,*,#6527,.T.);
#6544 = ORIENTED_EDGE('',*,*,#6532,.T.);
#6545 = ORIENTED_EDGE('',*,*,#6537,.T.);
#6546 = ORIENTED_EDGE('',*,*,#6542,.T.);
#6547 = EDGE_LOOP('',(#6543,#6544,#6545,#6546));
#6548 = FACE_OUTER_BOUND('',#6547,.T.);
#6549 = CARTESIAN_POINT('',(64.61917,2.41336,0.00000));
#6550 = DIRECTION('',(-1.000000,-0.000000,0.000000));
#6551 = DIRECTION('',(0.000000,-1.000000,0.000000));
#6552 = AXIS2_PLACEMENT_3D('',#6549,#6550,#6551);
#6553 = PLANE('',#6552);
#6554 = ADVANCED_FACE('',(#6548),#6553,.T.);
#6555 = CARTESIAN_POINT('',(64.61917,0.35596,0.00000));
#6556 = VERTEX_POINT('',#6555);
#6557 = CARTESIAN_POINT('',(64.62307,0.30333,0.00000));
#6558 = VERTEX_POINT('',#6557);
#6559 = CARTESIAN_POINT('',(64.62307,0.30333,1.50000));
#6560 = VERTEX_POINT('',#6559);
#6561 = CARTESIAN_POINT('',(64.61917,0.35596,1.50000));
#6562 = VERTEX_POINT('',#6561);
#6563 = CARTESIAN_POINT('',(64.61917,0.35596,0.00000));
#6564 = DIRECTION('',(0.074002,-0.997258,0.000000));
#6565 = VECTOR('',#6564,0.05278);
#6566 = LINE('',#6563,#6565);
#6567 = EDGE_CURVE('',#6556,#6558,#6566,.T.);
#6568 = CARTESIAN_POINT('',(64.62307,0.30333,0.00000));
#6569 = DIRECTION('',(0.000000,0.000000,1.000000));
#6570 = VECTOR('',#6569,1.50000);
#6571 = LINE('',#6568,#6570);
#6572 = EDGE_CURVE('',#6558,#6560,#6571,.T.);
#6573 = CARTESIAN_POINT('',(64.62307,0.30333,1.50000));
#6574 = DIRECTION('',(-0.074002,0.997258,0.000000));
#6575 = VECTOR('',#6574,0.05278);
#6576 = LINE('',#6573,#6575);
#6577 = EDGE_CURVE('',#6560,#6562,#6576,.T.);
#6578 = CARTESIAN_POINT('',(64.61917,0.35596,1.50000));
#6579 = DIRECTION('',(0.000000,0.000000,-1.000000));
#6580 = VECTOR('',#6579,1.50000);
#6581 = LINE('',#6578,#6580);
#6582 = EDGE_CURVE('',#6562,#6556,#6581,.T.);
#6583 = ORIENTED_EDGE('',*,*,#6567,.T.);
#6584 = ORIENTED_EDGE('',*,*,#6572,.T.);
#6585 = ORIENTED_EDGE('',*,*,#6577,.T.);
#6586 = ORIENTED_EDGE('',*,*,#6582,.T.);
#6587 = EDGE_LOOP('',(#6583,#6584,#6585,#6586));
#6588 = FACE_OUTER_BOUND('',#6587,.T.);
#6589 = CARTESIAN_POINT('',(64.61917,0.35596,0.00000));
#6590 = DIRECTION('',(-0.997258,-0.074002,0.000000));
#6591 = DIRECTION('',(0.074002,-0.997258,0.000000));
#6592 = AXIS2_PLACEMENT_3D('',#6589,#6590,#6591);
#6593 = PLANE('',#6592);
#6594 = ADVANCED_FACE('',(#6588),#6593,.T.);
#6595 = CARTESIAN_POINT('',(64.62307,0.30333,0.00000));
#6596 = VERTEX_POINT('',#6595);
#6597 = CARTESIAN_POINT('',(64.63470,0.25185,0.00000));
#6598 = VERTEX_POINT('',#6597);
#6599 = CARTESIAN_POINT('',(64.63470,0.25185,1.50000));
#6600 = VERTEX_POINT('',#6599);
#6601 = CARTESIAN_POINT('',(64.62307,0.30333,1.50000));
#6602 = VERTEX_POINT('',#6601);
#6603 = CARTESIAN_POINT('',(64.62307,0.30333,0.00000));
#6604 = DIRECTION('',(0.220387,-0.975413,0.000000));
#6605 = VECTOR('',#6604,0.05278);
#6606 = LINE('',#6603,#6605);
#6607 = EDGE_CURVE('',#6596,#6598,#6606,.T.);
#6608 = CARTESIAN_POINT('',(64.63470,0.25185,0.00000));
#6609 = DIRECTION('',(0.000000,0.000000,1.000000));
#6610 = VECTOR('',#6609,1.50000);
#6611 = LINE('',#6608,#6610);
#6612 = EDGE_CURVE('',#6598,#6600,#6611,.T.);
#6613 = CARTESIAN_POINT('',(64.63470,0.25185,1.50000));
#6614 = DIRECTION('',(-0.220387,0.975413,0.000000));
#6615 = VECTOR('',#6614,0.05278);
#6616 = LINE('',#6613,#6615);
#6617 = EDGE_CURVE('',#6600,#6602,#6616,.T.);
#6618 = CARTESIAN_POINT('',(64.62307,0.30333,1.50000));
#6619 = DIRECTION('',(0.000000,0.000000,-1.000000));
#6620 = VECTOR('',#6619,1.50000);
#6621 = LINE('',#6618,#6620);
#6622 = EDGE_CURVE('',#6602,#6596,#6621,.T.);
#6623 = ORIENTED_EDGE('',*,*,#6607,.T.);
#6624 = ORIENTED_EDGE('',*,*,#6612,.T.);
#6625 = ORIENTED_EDGE('',*,*,#6617,.T.);
#6626 = ORIENTED_EDGE('',*,*,#6622,.T.);
#6627 = EDGE_LOOP('',(#6623,#6624,#6625,#6626));
#6628 = FACE_OUTER_BOUND('',#6627,.T.);
#6629 = CARTESIAN_POINT('',(64.62307,0.30333,0.00000));
#6630 = DIRECTION('',(-0.975413,-0.220387,0.000000));
#6631 = DIRECTION('',(0.220387,-0.975413,0.000000));
#6632 = AXIS2_PLACEMENT_3D('',#6629,#6630,#6631);
#6633 = PLANE('',#6632);
#6634 = ADVANCED_FACE('',(#6628),#6633,.T.);
#6635 = CARTESIAN_POINT('',(64.63470,0.25185,0.00000));
#6636 = VERTEX_POINT('',#6635);
#6637 = CARTESIAN_POINT('',(64.65381,0.20265,0.00000));
#6638 = VERTEX_POINT('',#6637);
#6639 = CARTESIAN_POINT('',(64.65381,0.20265,1.50000));
#6640 = VERTEX_POINT('',#6639);
#6641 = CARTESIAN_POINT('',(64.63470,0.25185,1.50000));
#6642 = VERTEX_POINT('',#6641);
#6643 = CARTESIAN_POINT('',(64.63470,0.25185,0.00000));
#6644 = DIRECTION('',(0.361944,-0.932200,0.000000));
#6645 = VECTOR('',#6644,0.05278);
#6646 = LINE('',#6643,#6645);
#6647 = EDGE_CURVE('',#6636,#6638,#6646,.T.);
#6648 = CARTESIAN_POINT('',(64.65381,0.20265,0.00000));
#6649 = DIRECTION('',(0.000000,0.000000,1.000000));
#6650 = VECTOR('',#6649,1.50000);
#6651 = LINE('',#6648,#6650);
#6652 = EDGE_CURVE('',#6638,#6640,#6651,.T.);
#6653 = CARTESIAN_POINT('',(64.65381,0.20265,1.50000));
#6654 = DIRECTION('',(-0.361944,0.932200,0.000000));
#6655 = VECTOR('',#6654,0.05278);
#6656 = LINE('',#6653,#6655);
#6657 = EDGE_CURVE('',#6640,#6642,#6656,.T.);
#6658 = CARTESIAN_POINT('',(64.63470,0.25185,1.50000));
#6659 = DIRECTION('',(0.000000,0.000000,-1.000000));
#6660 = VECTOR('',#6659,1.50000);
#6661 = LINE('',#6658,#6660);
#6662 = EDGE_CURVE('',#6642,#6636,#6661,.T.);
#6663 = ORIENTED_EDGE('',*,*,#6647,.T.);
#6664 = ORIENTED_EDGE('',*,*,#6652,.T.);
#6665 = ORIENTED_EDGE('',*,*,#6657,.T.);
#6666 = ORIENTED_EDGE('',*,*,#6662,.T.);
#6667 = EDGE_LOOP('',(#6663,#6664,#6665,#6666));
#6668 = FACE_OUTER_BOUND('',#6667,.T.);
#6669 = CARTESIAN_POINT('',(64.63470,0.25185,0.00000));
#6670 = DIRECTION('',(-0.932200,-0.361944,0.000000));
#6671 = DIRECTION('',(0.361944,-0.932200,0.000000));
#6672 = AXIS2_PLACEMENT_3D('',#6669,#6670,#6671);
#6673 = PLANE('',#6672);
#6674 = ADVANCED_FACE('',(#6668),#6673,.T.);
#6675 = CARTESIAN_POINT('',(64.65381,0.20265,0.00000));
#6676 = VERTEX_POINT('',#6675);
#6677 = CARTESIAN_POINT('',(64.67996,0.15682,0.00000));
#6678 = VERTEX_POINT('',#6677);
#6679 = CARTESIAN_POINT('',(64.67996,0.15682,1.50000));
#6680 = VERTEX_POINT('',#6679);
#6681 = CARTESIAN_POINT('',(64.65381,0.20265,1.50000));
#6682 = VERTEX_POINT('',#6681);
#6683 = CARTESIAN_POINT('',(64.65381,0.20265,0.00000));
#6684 = DIRECTION('',(0.495572,-0.868567,0.000000));
#6685 = VECTOR('',#6684,0.05278);
#6686 = LINE('',#6683,#6685);
#6687 = EDGE_CURVE('',#6676,#6678,#6686,.T.);
#6688 = CARTESIAN_POINT('',(64.67996,0.15682,0.00000));
#6689 = DIRECTION('',(0.000000,0.000000,1.000000));
#6690 = VECTOR('',#6689,1.50000);
#6691 = LINE('',#6688,#6690);
#6692 = EDGE_CURVE('',#6678,#6680,#6691,.T.);
#6693 = CARTESIAN_POINT('',(64.67996,0.15682,1.50000));
#6694 = DIRECTION('',(-0.495572,0.868567,0.000000));
#6695 = VECTOR('',#6694,0.05278);
#6696 = LINE('',#6693,#6695);
#6697 = EDGE_CURVE('',#6680,#6682,#6696,.T.);
#6698 = CARTESIAN_POINT('',(64.65381,0.20265,1.50000));
#6699 = DIRECTION('',(0.000000,0.000000,-1.000000));
#6700 = VECTOR('',#6699,1.50000);
#6701 = LINE('',#6698,#6700);
#6702 = EDGE_CURVE('',#6682,#6676,#6701,.T.);
#6703 = ORIENTED_EDGE('',*,*,#6687,.T.);
#6704 = ORIENTED_EDGE('',*,*,#6692,.T.);
#6705 = ORIENTED_EDGE('',*,*,#6697,.T.);
#6706 = ORIENTED_EDGE('',*,*,#6702,.T.);
#6707 = EDGE_LOOP('',(#6703,#6704,#6705,#6706));
#6708 = FACE_OUTER_BOUND('',#6707,.T.);
#6709 = CARTESIAN_POINT('',(64.65381,0.20265,0.00000));
#6710 = DIRECTION('',(-0.868567,-0.495572,0.000000));
#6711 = DIRECTION('',(0.495572,-0.868567,0.000000));
#6712 = AXIS2_PLACEMENT_3D('',#6709,#6710,#6711);
#6713 = PLANE('',#6712);
#6714 = ADVANCED_FACE('',(#6708),#6713,.T.);
#6715 = CARTESIAN_POINT('',(64.67996,0.15682,0.00000));
#6716 = VERTEX_POINT('',#6715);
#6717 = CARTESIAN_POINT('',(64.71259,0.11534,0.00000));
#6718 = VERTEX_POINT('',#6717);
#6719 = CARTESIAN_POINT('',(64.71259,0.11534,1.50000));
#6720 = VERTEX_POINT('',#6719);
#6721 = CARTESIAN_POINT('',(64.67996,0.15682,1.50000));
#6722 = VERTEX_POINT('',#6721);
#6723 = CARTESIAN_POINT('',(64.67996,0.15682,0.00000));
#6724 = DIRECTION('',(0.618345,-0.785907,0.000000));
#6725 = VECTOR('',#6724,0.05278);
#6726 = LINE('',#6723,#6725);
#6727 = EDGE_CURVE('',#6716,#6718,#6726,.T.);
#6728 = CARTESIAN_POINT('',(64.71259,0.11534,0.00000));
#6729 = DIRECTION('',(0.000000,0.000000,1.000000));
#6730 = VECTOR('',#6729,1.50000);
#6731 = LINE('',#6728,#6730);
#6732 = EDGE_CURVE('',#6718,#6720,#6731,.T.);
#6733 = CARTESIAN_POINT('',(64.71259,0.11534,1.50000));
#6734 = DIRECTION('',(-0.618345,0.785907,0.000000));
#6735 = VECTOR('',#6734,0.05278);
#6736 = LINE('',#6733,#6735);
#6737 = EDGE_CURVE('',#6720,#6722,#6736,.T.);
#6738 = CARTESIAN_POINT('',(64.67996,0.15682,1.50000));
#6739 = DIRECTION('',(0.000000,0.000000,-1.000000));
#6740 = VECTOR('',#6739,1.50000);
#6741 = LINE('',#6738,#6740);
#6742 = EDGE_CURVE('',#6722,#6716,#6741,.T.);
#6743 = ORIENTED_EDGE('',*,*,#6727,.T.);
#6744 = ORIENTED_EDGE('',*,*,#6732,.T.);
#6745 = ORIENTED_EDGE('',*,*,#6737,.T.);
#6746 = ORIENTED_EDGE('',*,*,#6742,.T.);
#6747 = EDGE_LOOP('',(#6743,#6744,#6745,#6746));
#6748 = FACE_OUTER_BOUND('',#6747,.T.);
#6749 = CARTESIAN_POINT('',(64.67996,0.15682,0.00000));
#6750 = DIRECTION('',(-0.785907,-0.618345,0.000000));
#6751 = DIRECTION('',(0.618345,-0.785907,0.000000));
#6752 = AXIS2_PLACEMENT_3D('',#6749,#6750,#6751);
#6753 = PLANE('',#6752);
#6754 = ADVANCED_FACE('',(#6748),#6753,.T.);
#6755 = CARTESIAN_POINT('',(64.71259,0.11534,0.00000));
#6756 = VERTEX_POINT('',#6755);
#6757 = CARTESIAN_POINT('',(64.75099,0.07913,0.00000));
#6758 = VERTEX_POINT('',#6757);
#6759 = CARTESIAN_POINT('',(64.75099,0.07913,1.50000));
#6760 = VERTEX_POINT('',#6759);
#6761 = CARTESIAN_POINT('',(64.71259,0.11534,1.50000));
#6762 = VERTEX_POINT('',#6761);
#6763 = CARTESIAN_POINT('',(64.71259,0.11534,0.00000));
#6764 = DIRECTION('',(0.727572,-0.686031,0.000000));
#6765 = VECTOR('',#6764,0.05278);
#6766 = LINE('',#6763,#6765);
#6767 = EDGE_CURVE('',#6756,#6758,#6766,.T.);
#6768 = CARTESIAN_POINT('',(64.75099,0.07913,0.00000));
#6769 = DIRECTION('',(0.000000,0.000000,1.000000));
#6770 = VECTOR('',#6769,1.50000);
#6771 = LINE('',#6768,#6770);
#6772 = EDGE_CURVE('',#6758,#6760,#6771,.T.);
#6773 = CARTESIAN_POINT('',(64.75099,0.07913,1.50000));
#6774 = DIRECTION('',(-0.727572,0.686031,0.000000));
#6775 = VECTOR('',#6774,0.05278);
#6776 = LINE('',#6773,#6775);
#6777 = EDGE_CURVE('',#6760,#6762,#6776,.T.);
#6778 = CARTESIAN_POINT('',(64.71259,0.11534,1.50000));
#6779 = DIRECTION('',(0.000000,0.000000,-1.000000));
#6780 = VECTOR('',#6779,1.50000);
#6781 = LINE('',#6778,#6780);
#6782 = EDGE_CURVE('',#6762,#6756,#6781,.T.);
#6783 = ORIENTED_EDGE('',*,*,#6767,.T.);
#6784 = ORIENTED_EDGE('',*,*,#6772,.T.);
#6785 = ORIENTED_EDGE('',*,*,#6777,.T.);
#6786 = ORIENTED_EDGE('',*,*,#6782,.T.);
#6787 = EDGE_LOOP('',(#6783,#6784,#6785,#6786));
#6788 = FACE_OUTER_BOUND('',#6787,.T.);
#6789 = CARTESIAN_POINT('',(64.71259,0.11534,0.00000));
#6790 = DIRECTION('',(-0.686031,-0.727572,0.000000));
#6791 = DIRECTION('',(0.727572,-0.686031,0.000000));
#6792 = AXIS2_PLACEMENT_3D('',#6789,#6790,#6791);
#6793 = PLANE('',#6792);
#6794 = ADVANCED_FACE('',(#6788),#6793,.T.);
#6795 = CARTESIAN_POINT('',(64.75099,0.07913,0.00000));
#6796 = VERTEX_POINT('',#6795);
#6797 = CARTESIAN_POINT('',(64.79431,0.04899,0.00000));
#6798 = VERTEX_POINT('',#6797);
#6799 = CARTESIAN_POINT('',(64.79431,0.04899,1.50000));
#6800 = VERTEX_POINT('',#6799);
#6801 = CARTESIAN_POINT('',(64.75099,0.07913,1.50000));
#6802 = VERTEX_POINT('',#6801);
#6803 = CARTESIAN_POINT('',(64.75099,0.07913,0.00000));
#6804 = DIRECTION('',(0.820861,-0.571128,0.000000));
#6805 = VECTOR('',#6804,0.05278);
#6806 = LINE('',#6803,#6805);
#6807 = EDGE_CURVE('',#6796,#6798,#6806,.T.);
#6808 = CARTESIAN_POINT('',(64.79431,0.04899,0.00000));
#6809 = DIRECTION('',(0.000000,0.000000,1.000000));
#6810 = VECTOR('',#6809,1.50000);
#6811 = LINE('',#6808,#6810);
#6812 = EDGE_CURVE('',#6798,#6800,#6811,.T.);
#6813 = CARTESIAN_POINT('',(64.79431,0.04899,1.50000));
#6814 = DIRECTION('',(-0.820861,0.571128,0.000000));
#6815 = VECTOR('',#6814,0.05278);
#6816 = LINE('',#6813,#6815);
#6817 = EDGE_CURVE('',#6800,#6802,#6816,.T.);
#6818 = CARTESIAN_POINT('',(64.75099,0.07913,1.50000));
#6819 = DIRECTION('',(0.000000,0.000000,-1.000000));
#6820 = VECTOR('',#6819,1.50000);
#6821 = LINE('',#6818,#6820);
#6822 = EDGE_CURVE('',#6802,#6796,#6821,.T.);
#6823 = ORIENTED_EDGE('',*,*,#6807,.T.);
#6824 = ORIENTED_EDGE('',*,*,#6812,.T.);
#6825 = ORIENTED_EDGE('',*,*,#6817,.T.);
#6826 = ORIENTED_EDGE('',*,*,#6822,.T.);
#6827 = EDGE_LOOP('',(#6823,#6824,#6825,#6826));
#6828 = FACE_OUTER_BOUND('',#6827,.T.);
#6829 = CARTESIAN_POINT('',(64.75099,0.07913,0.00000));
#6830 = DIRECTION('',(-0.571128,-0.820861,0.000000));
#6831 = DIRECTION('',(0.820861,-0.571128,0.000000));
#6832 = AXIS2_PLACEMENT_3D('',#6829,#6830,#6831);
#6833 = PLANE('',#6832);
#6834 = ADVANCED_FACE('',(#6828),#6833,.T.);
#6835 = CARTESIAN_POINT('',(64.79431,0.04899,0.00000));
#6836 = VERTEX_POINT('',#6835);
#6837 = CARTESIAN_POINT('',(64.84161,0.02558,0.00000));
#6838 = VERTEX_POINT('',#6837);
#6839 = CARTESIAN_POINT('',(64.84161,0.02558,1.50000));
#6840 = VERTEX_POINT('',#6839);
#6841 = CARTESIAN_POINT('',(64.79431,0.04899,1.50000));
#6842 = VERTEX_POINT('',#6841);
#6843 = CARTESIAN_POINT('',(64.79431,0.04899,0.00000));
#6844 = DIRECTION('',(0.896169,-0.443713,0.000000));
#6845 = VECTOR('',#6844,0.05278);
#6846 = LINE('',#6843,#6845);
#6847 = EDGE_CURVE('',#6836,#6838,#6846,.T.);
#6848 = CARTESIAN_POINT('',(64.84161,0.02558,0.00000));
#6849 = DIRECTION('',(0.000000,0.000000,1.000000));
#6850 = VECTOR('',#6849,1.50000);
#6851 = LINE('',#6848,#6850);
#6852 = EDGE_CURVE('',#6838,#6840,#6851,.T.);
#6853 = CARTESIAN_POINT('',(64.84161,0.02558,1.50000));
#6854 = DIRECTION('',(-0.896169,0.443713,0.000000));
#6855 = VECTOR('',#6854,0.05278);
#6856 = LINE('',#6853,#6855);
#6857 = EDGE_CURVE('',#6840,#6842,#6856,.T.);
#6858 = CARTESIAN_POINT('',(64.79431,0.04899,1.50000));
#6859 = DIRECTION('',(0.000000,0.000000,-1.000000));
#6860 = VECTOR('',#6859,1.50000);
#6861 = LINE('',#6858,#6860);
#6862 = EDGE_CURVE('',#6842,#6836,#6861,.T.);
#6863 = ORIENTED_EDGE('',*,*,#6847,.T.);
#6864 = ORIENTED_EDGE('',*,*,#6852,.T.);
#6865 = ORIENTED_EDGE('',*,*,#6857,.T.);
#6866 = ORIENTED_EDGE('',*,*,#6862,.T.);
#6867 = EDGE_LOOP('',(#6863,#6864,#6865,#6866));
#6868 = FACE_OUTER_BOUND('',#6867,.T.);
#6869 = CARTESIAN_POINT('',(64.79431,0.04899,0.00000));
#6870 = DIRECTION('',(-0.443713,-0.896169,0.000000));
#6871 = DIRECTION('',(0.896169,-0.443713,0.000000));
#6872 = AXIS2_PLACEMENT_3D('',#6869,#6870,#6871);
#6873 = PLANE('',#6872);
#6874 = ADVANCED_FACE('',(#6868),#6873,.T.);
#6875 = CARTESIAN_POINT('',(64.84161,0.02558,0.00000));
#6876 = VERTEX_POINT('',#6875);
#6877 = CARTESIAN_POINT('',(64.89184,0.00940,0.00000));
#6878 = VERTEX_POINT('',#6877);
#6879 = CARTESIAN_POINT('',(64.89184,0.00940,1.50000));
#6880 = VERTEX_POINT('',#6879);
#6881 = CARTESIAN_POINT('',(64.84161,0.02558,1.50000));
#6882 = VERTEX_POINT('',#6881);
#6883 = CARTESIAN_POINT('',(64.84161,0.02558,0.00000));
#6884 = DIRECTION('',(0.951845,-0.306579,0.000000));
#6885 = VECTOR('',#6884,0.05278);
#6886 = LINE('',#6883,#6885);
#6887 = EDGE_CURVE('',#6876,#6878,#6886,.T.);
#6888 = CARTESIAN_POINT('',(64.89184,0.00940,0.00000));
#6889 = DIRECTION('',(0.000000,0.000000,1.000000));
#6890 = VECTOR('',#6889,1.50000);
#6891 = LINE('',#6888,#6890);
#6892 = EDGE_CURVE('',#6878,#6880,#6891,.T.);
#6893 = CARTESIAN_POINT('',(64.89184,0.00940,1.50000));
#6894 = DIRECTION('',(-0.951845,0.306579,0.000000));
#6895 = VECTOR('',#6894,0.05278);
#6896 = LINE('',#6893,#6895);
#6897 = EDGE_CURVE('',#6880,#6882,#6896,.T.);
#6898 = CARTESIAN_POINT('',(64.84161,0.02558,1.50000));
#6899 = DIRECTION('',(0.000000,0.000000,-1.000000));
#6900 = VECTOR('',#6899,1.50000);
#6901 = LINE('',#6898,#6900);
#6902 = EDGE_CURVE('',#6882,#6876,#6901,.T.);
#6903 = ORIENTED_EDGE('',*,*,#6887,.T.);
#6904 = ORIENTED_EDGE('',*,*,#6892,.T.);
#6905 = ORIENTED_EDGE('',*,*,#6897,.T.);
#6906 = ORIENTED_EDGE('',*,*,#6902,.T.);
#6907 = EDGE_LOOP('',(#6903,#6904,#6905,#6906));
#6908 = FACE_OUTER_BOUND('',#6907,.T.);
#6909 = CARTESIAN_POINT('',(64.84161,0.02558,0.00000));
#6910 = DIRECTION('',(-0.306579,-0.951845,0.000000));
#6911 = DIRECTION('',(0.951845,-0.306579,0.000000));
#6912 = AXIS2_PLACEMENT_3D('',#6909,#6910,#6911);
#6913 = PLANE('',#6912);
#6914 = ADVANCED_FACE('',(#6908),#6913,.T.);
#6915 = CARTESIAN_POINT('',(64.89184,0.00940,0.00000));
#6916 = VERTEX_POINT('',#6915);
#6917 = CARTESIAN_POINT('',(64.94391,0.00081,0.00000));
#6918 = VERTEX_POINT('',#6917);
#6919 = CARTESIAN_POINT('',(64.94391,0.00081,1.50000));
#6920 = VERTEX_POINT('',#6919);
#6921 = CARTESIAN_POINT('',(64.89184,0.00940,1.50000));
#6922 = VERTEX_POINT('',#6921);
#6923 = CARTESIAN_POINT('',(64.89184,0.00940,0.00000));
#6924 = DIRECTION('',(0.986671,-0.162728,0.000000));
#6925 = VECTOR('',#6924,0.05278);
#6926 = LINE('',#6923,#6925);
#6927 = EDGE_CURVE('',#6916,#6918,#6926,.T.);
#6928 = CARTESIAN_POINT('',(64.94391,0.00081,0.00000));
#6929 = DIRECTION('',(0.000000,0.000000,1.000000));
#6930 = VECTOR('',#6929,1.50000);
#6931 = LINE('',#6928,#6930);
#6932 = EDGE_CURVE('',#6918,#6920,#6931,.T.);
#6933 = CARTESIAN_POINT('',(64.94391,0.00081,1.50000));
#6934 = DIRECTION('',(-0.986671,0.162728,0.000000));
#6935 = VECTOR('',#6934,0.05278);
#6936 = LINE('',#6933,#6935);
#6937 = EDGE_CURVE('',#6920,#6922,#6936,.T.);
#6938 = CARTESIAN_POINT('',(64.89184,0.00940,1.50000));
#6939 = DIRECTION('',(0.000000,0.000000,-1.000000));
#6940 = VECTOR('',#6939,1.50000);
#6941 = LINE('',#6938,#6940);
#6942 = EDGE_CURVE('',#6922,#6916,#6941,.T.);
#6943 = ORIENTED_EDGE('',*,*,#6927,.T.);
#6944 = ORIENTED_EDGE('',*,*,#6932,.T.);
#6945 = ORIENTED_EDGE('',*,*,#6937,.T.);
#6946 = ORIENTED_EDGE('',*,*,#6942,.T.);
#6947 = EDGE_LOOP('',(#6943,#6944,#6945,#6946));
#6948 = FACE_OUTER_BOUND('',#6947,.T.);
#6949 = CARTESIAN_POINT('',(64.89184,0.00940,0.00000));
#6950 = DIRECTION('',(-0.162728,-0.986671,0.000000));
#6951 = DIRECTION('',(0.986671,-0.162728,0.000000));
#6952 = AXIS2_PLACEMENT_3D('',#6949,#6950,#6951);
#6953 = PLANE('',#6952);
#6954 = ADVANCED_FACE('',(#6948),#6953,.T.);
#6955 = CARTESIAN_POINT('',(64.94391,0.00081,0.00000));
#6956 = VERTEX_POINT('',#6955);
#6957 = CARTESIAN_POINT('',(64.99668,0.00000,0.00000));
#6958 = VERTEX_POINT('',#6957);
#6959 = CARTESIAN_POINT('',(64.99668,0.00000,1.50000));
#6960 = VERTEX_POINT('',#6959);
#6961 = CARTESIAN_POINT('',(64.94391,0.00081,1.50000));
#6962 = VERTEX_POINT('',#6961);
#6963 = CARTESIAN_POINT('',(64.94391,0.00081,0.00000));
#6964 = DIRECTION('',(0.999883,-0.015313,0.000000));
#6965 = VECTOR('',#6964,0.05278);
#6966 = LINE('',#6963,#6965);
#6967 = EDGE_CURVE('',#6956,#6958,#6966,.T.);
#6968 = CARTESIAN_POINT('',(64.99668,0.00000,0.00000));
#6969 = DIRECTION('',(0.000000,0.000000,1.000000));
#6970 = VECTOR('',#6969,1.50000);
#6971 = LINE('',#6968,#6970);
#6972 = EDGE_CURVE('',#6958,#6960,#6971,.T.);
#6973 = CARTESIAN_POINT('',(64.99668,0.00000,1.50000));
#6974 = DIRECTION('',(-0.999883,0.015313,0.000000));
#6975 = VECTOR('',#6974,0.05278);
#6976 = LINE('',#6973,#6975);
#6977 = EDGE_CURVE('',#6960,#6962,#6976,.T.);
#6978 = CARTESIAN_POINT('',(64.94391,0.00081,1.50000));
#6979 = DIRECTION('',(0.000000,0.000000,-1.000000));
#6980 = VECTOR('',#6979,1.50000);
#6981 = LINE('',#6978,#6980);
#6982 = EDGE_CURVE('',#6962,#6956,#6981,.T.);
#6983 = ORIENTED_EDGE('',*,*,#6967,.T.);
#6984 = ORIENTED_EDGE('',*,*,#6972,.T.);
#6985 = ORIENTED_EDGE('',*,*,#6977,.T.);
#6986 = ORIENTED_EDGE('',*,*,#6982,.T.);
#6987 = EDGE_LOOP('',(#6983,#6984,#6985,#6986));
#6988 = FACE_OUTER_BOUND('',#6987,.T.);
#6989 = CARTESIAN_POINT('',(64.94391,0.00081,0.00000));
#6990 = DIRECTION('',(-0.015313,-0.999883,0.000000));
#6991 = DIRECTION('',(0.999883,-0.015313,0.000000));
#6992 = AXIS2_PLACEMENT_3D('',#6989,#6990,#6991);
#6993 = PLANE('',#6992);
#6994 = ADVANCED_FACE('',(#6988),#6993,.T.);
#6995 = CARTESIAN_POINT('',(64.99668,0.00000,0.00000));
#6996 = VERTEX_POINT('',#6995);
#6997 = CARTESIAN_POINT('',(85.44814,0.00000,0.00000));
#6998 = VERTEX_POINT('',#6997);
#6999 = CARTESIAN_POINT('',(85.44814,0.00000,1.50000));
#7000 = VERTEX_POINT('',#6999);
#7001 = CARTESIAN_POINT('',(64.99668,0.00000,1.50000));
#7002 = VERTEX_POINT('',#7001);
#7003 = CARTESIAN_POINT('',(64.99668,0.00000,0.00000));
#7004 = DIRECTION('',(1.000000,0.000000,0.000000));
#7005 = VECTOR('',#7004,20.45146);
#7006 = LINE('',#7003,#7005);
#7007 = EDGE_CURVE('',#6996,#6998,#7006,.T.);
#7008 = CARTESIAN_POINT('',(85.44814,0.00000,0.00000));
#7009 = DIRECTION('',(0.000000,0.000000,1.000000));
#7010 = VECTOR('',#7009,1.50000);
#7011 = LINE('',#7008,#7010);
#7012 = EDGE_CURVE('',#6998,#7000,#7011,.T.);
#7013 = CARTESIAN_POINT('',(85.44814,0.00000,1.50000));
#7014 = DIRECTION('',(-1.000000,-0.000000,0.000000));
#7015 = VECTOR('',#7014,20.45146);
#7016 = LINE('',#7013,#7015);
#7017 = EDGE_CURVE('',#7000,#7002,#7016,.T.);
#7018 = CARTESIAN_POINT('',(64.99668,0.00000,1.50000));
#7019 = DIRECTION('',(0.000000,0.000000,-1.000000));
#7020 = VECTOR('',#7019,1.50000);
#7021 = LINE('',#7018,#7020);
#7022 = EDGE_CURVE('',#7002,#6996,#7021,.T.);
#7023 = ORIENTED_EDGE('',*,*,#7007,.T.);
#7024 = ORIENTED_EDGE('',*,*,#7012,.T.);
#7025 = ORIENTED_EDGE('',*,*,#7017,.T.);
#7026 = ORIENTED_EDGE('',*,*,#7022,.T.);
#7027 = EDGE_LOOP('',(#7023,#7024,#7025,#7026));
#7028 = FACE_OUTER_BOUND('',#7027,.T.);
#7029 = CARTESIAN_POINT('',(64.99668,0.00000,0.00000));
#7030 = DIRECTION('',(0.000000,-1.000000,0.000000));
#7031 = DIRECTION('',(1.000000,0.000000,0.000000));
#7032 = AXIS2_PLACEMENT_3D('',#7029,#7030,#7031);
#7033 = PLANE('',#7032);
#7034 = ADVANCED_FACE('',(#7028),#7033,.T.);
#7035 = CARTESIAN_POINT('',(85.44814,0.00000,0.00000));
#7036 = VERTEX_POINT('',#7035);
#7037 = CARTESIAN_POINT('',(85.50760,0.00411,0.00000));
#7038 = VERTEX_POINT('',#7037);
#7039 = CARTESIAN_POINT('',(85.50760,0.00411,1.50000));
#7040 = VERTEX_POINT('',#7039);
#7041 = CARTESIAN_POINT('',(85.44814,0.00000,1.50000));
#7042 = VERTEX_POINT('',#7041);
#7043 = CARTESIAN_POINT('',(85.44814,0.00000,0.00000));
#7044 = DIRECTION('',(0.997620,0.068957,0.000000));
#7045 = VECTOR('',#7044,0.05960);
#7046 = LINE('',#7043,#7045);
#7047 = EDGE_CURVE('',#7036,#7038,#7046,.T.);
#7048 = CARTESIAN_POINT('',(85.50760,0.00411,0.00000));
#7049 = DIRECTION('',(0.000000,0.000000,1.000000));
#7050 = VECTOR('',#7049,1.50000);
#7051 = LINE('',#7048,#7050);
#7052 = EDGE_CURVE('',#7038,#7040,#7051,.T.);
#7053 = CARTESIAN_POINT('',(85.50760,0.00411,1.50000));
#7054 = DIRECTION('',(-0.997620,-0.068957,0.000000));
#7055 = VECTOR('',#7054,0.05960);
#7056 = LINE('',#7053,#7055);
#7057 = EDGE_CURVE('',#7040,#7042,#7056,.T.);
#7058 = CARTESIAN_POINT('',(85.44814,0.00000,1.50000));
#7059 = DIRECTION('',(0.000000,0.000000,-1.000000));
#7060 = VECTOR('',#7059,1.50000);
#7061 = LINE('',#7058,#7060);
#7062 = EDGE_CURVE('',#7042,#7036,#7061,.T.);
#7063 = ORIENTED_EDGE('',*,*,#7047,.T.);
#7064 = ORIENTED_EDGE('',*,*,#7052,.T.);
#7065 = ORIENTED_EDGE('',*,*,#7057,.T.);
#7066 = ORIENTED_EDGE('',*,*,#7062,.T.);
#7067 = EDGE_LOOP('',(#7063,#7064,#7065,#7066));
#7068 = FACE_OUTER_BOUND('',#7067,.T.);
#7069 = CARTESIAN_POINT('',(85.44814,0.00000,0.00000));
#7070 = DIRECTION('',(0.068957,-0.997620,0.000000));
#7071 = DIRECTION('',(0.997620,0.068957,0.000000));
#7072 = AXIS2_PLACEMENT_3D('',#7069,#7070,#7071);
#7073 = PLANE('',#7072);
#7074 = ADVANCED_FACE('',(#7068),#7073,.T.);
#7075 = CARTESIAN_POINT('',(85.50760,0.00411,0.00000));
#7076 = VERTEX_POINT('',#7075);
#7077 = CARTESIAN_POINT('',(85.56593,0.01636,0.00000));
#7078 = VERTEX_POINT('',#7077);
#7079 = CARTESIAN_POINT('',(85.56593,0.01636,1.50000));
#7080 = VERTEX_POINT('',#7079);
#7081 = CARTESIAN_POINT('',(85.50760,0.00411,1.50000));
#7082 = VERTEX_POINT('',#7081);
#7083 = CARTESIAN_POINT('',(85.50760,0.00411,0.00000));
#7084 = DIRECTION('',(0.978646,0.205554,0.000000));
#7085 = VECTOR('',#7084,0.05960);
#7086 = LINE('',#7083,#7085);
#7087 = EDGE_CURVE('',#7076,#7078,#7086,.T.);
#7088 = CARTESIAN_POINT('',(85.56593,0.01636,0.00000));
#7089 = DIRECTION('',(0.000000,0.000000,1.000000));
#7090 = VECTOR('',#7089,1.50000);
#7091 = LINE('',#7088,#7090);
#7092 = EDGE_CURVE('',#7078,#7080,#7091,.T.);
#7093 = CARTESIAN_POINT('',(85.56593,0.01636,1.50000));
#7094 = DIRECTION('',(-0.978646,-0.205554,0.000000));
#7095 = VECTOR('',#7094,0.05960);
#7096 = LINE('',#7093,#7095);
#7097 = EDGE_CURVE('',#7080,#7082,#7096,.T.);
#7098 = CARTESIAN_POINT('',(85.50760,0.00411,1.50000));
#7099 = DIRECTION('',(0.000000,0.000000,-1.000000));
#7100 = VECTOR('',#7099,1.50000);
#7101 = LINE('',#7098,#7100);
#7102 = EDGE_CURVE('',#7082,#7076,#7101,.T.);
#7103 = ORIENTED_EDGE('',*,*,#7087,.T.);
#7104 = ORIENTED_EDGE('',*,*,#7092,.T.);
#7105 = ORIENTED_EDGE('',*,*,#7097,.T.);
#7106 = ORIENTED_EDGE('',*,*,#7102,.T.);
#7107 = EDGE_LOOP('',(#7103,#7104,#7105,#7106));
#7108 = FACE_OUTER_BOUND('',#7107,.T.);
#7109 = CARTESIAN_POINT('',(85.50760,0.00411,0.00000));
#7110 = DIRECTION('',(0.205554,-0.978646,0.000000));
#7111 = DIRECTION('',(0.978646,0.205554,0.000000));
#7112 = AXIS2_PLACEMENT_3D('',#7109,#7110,#7111);
#7113 = PLANE('',#7112);
#7114 = ADVANCED_FACE('',(#7108),#7113,.T.);
#7115 = CARTESIAN_POINT('',(85.56593,0.01636,0.00000));
#7116 = VERTEX_POINT('',#7115);
#7117 = CARTESIAN_POINT('',(85.62201,0.03652,0.00000));
#7118 = VERTEX_POINT('',#7117);
#7119 = CARTESIAN_POINT('',(85.62201,0.03652,1.50000));
#7120 = VERTEX_POINT('',#7119);
#7121 = CARTESIAN_POINT('',(85.56593,0.01636,1.50000));
#7122 = VERTEX_POINT('',#7121);
#7123 = CARTESIAN_POINT('',(85.56593,0.01636,0.00000));
#7124 = DIRECTION('',(0.941059,0.338243,0.000000));
#7125 = VECTOR('',#7124,0.05960);
#7126 = LINE('',#7123,#7125);
#7127 = EDGE_CURVE('',#7116,#7118,#7126,.T.);
#7128 = CARTESIAN_POINT('',(85.62201,0.03652,0.00000));
#7129 = DIRECTION('',(0.000000,0.000000,1.000000));
#7130 = VECTOR('',#7129,1.50000);
#7131 = LINE('',#7128,#7130);
#7132 = EDGE_CURVE('',#7118,#7120,#7131,.T.);
#7133 = CARTESIAN_POINT('',(85.62201,0.03652,1.50000));
#7134 = DIRECTION('',(-0.941059,-0.338243,0.000000));
#7135 = VECTOR('',#7134,0.05960);
#7136 = LINE('',#7133,#7135);
#7137 = EDGE_CURVE('',#7120,#7122,#7136,.T.);
#7138 = CARTESIAN_POINT('',(85.56593,0.01636,1.50000));
#7139 = DIRECTION('',(0.000000,0.000000,-1.000000));
#7140 = VECTOR('',#7139,1.50000);
#7141 = LINE('',#7138,#7140);
#7142 = EDGE_CURVE('',#7122,#7116,#7141,.T.);
#7143 = ORIENTED_EDGE('',*,*,#7127,.T.);
#7144 = ORIENTED_EDGE('',*,*,#7132,.T.);
#7145 = ORIENTED_EDGE('',*,*,#7137,.T.);
#7146 = ORIENTED_EDGE('',*,*,#7142,.T.);
#7147 = EDGE_LOOP('',(#7143,#7144,#7145,#7146));
#7148 = FACE_OUTER_BOUND('',#7147,.T.);
#7149 = CARTESIAN_POINT('',(85.56593,0.01636,0.00000));
#7150 = DIRECTION('',(0.338243,-0.941059,0.000000));
#7151 = DIRECTION('',(0.941059,0.338243,0.000000));
#7152 = AXIS2_PLACEMENT_3D('',#7149,#7150,#7151);
#7153 = PLANE('',#7152);
#7154 = ADVANCED_FACE('',(#7148),#7153,.T.);
#7155 = CARTESIAN_POINT('',(85.62201,0.03652,0.00000));
#7156 = VERTEX_POINT('',#7155);
#7157 = CARTESIAN_POINT('',(85.67479,0.06420,0.00000));
#7158 = VERTEX_POINT('',#7157);
#7159 = CARTESIAN_POINT('',(85.67479,0.06420,1.50000));
#7160 = VERTEX_POINT('',#7159);
#7161 = CARTESIAN_POINT('',(85.62201,0.03652,1.50000));
#7162 = VERTEX_POINT('',#7161);
#7163 = CARTESIAN_POINT('',(85.62201,0.03652,0.00000));
#7164 = DIRECTION('',(0.885574,0.464498,0.000000));
#7165 = VECTOR('',#7164,0.05960);
#7166 = LINE('',#7163,#7165);
#7167 = EDGE_CURVE('',#7156,#7158,#7166,.T.);
#7168 = CARTESIAN_POINT('',(85.67479,0.06420,0.00000));
#7169 = DIRECTION('',(0.000000,0.000000,1.000000));
#7170 = VECTOR('',#7169,1.50000);
#7171 = LINE('',#7168,#7170);
#7172 = EDGE_CURVE('',#7158,#7160,#7171,.T.);
#7173 = CARTESIAN_POINT('',(85.67479,0.06420,1.50000));
#7174 = DIRECTION('',(-0.885574,-0.464498,0.000000));
#7175 = VECTOR('',#7174,0.05960);
#7176 = LINE('',#7173,#7175);
#7177 = EDGE_CURVE('',#7160,#7162,#7176,.T.);
#7178 = CARTESIAN_POINT('',(85.62201,0.03652,1.50000));
#7179 = DIRECTION('',(0.000000,0.000000,-1.000000));
#7180 = VECTOR('',#7179,1.50000);
#7181 = LINE('',#7178,#7180);
#7182 = EDGE_CURVE('',#7162,#7156,#7181,.T.);
#7183 = ORIENTED_EDGE('',*,*,#7167,.T.);
#7184 = ORIENTED_EDGE('',*,*,#7172,.T.);
#7185 = ORIENTED_EDGE('',*,*,#7177,.T.);
#7186 = ORIENTED_EDGE('',*,*,#7182,.T.);
#7187 = EDGE_LOOP('',(#7183,#7184,#7185,#7186));
#7188 = FACE_OUTER_BOUND('',#7187,.T.);
#7189 = CARTESIAN_POINT('',(85.62201,0.03652,0.00000));
#7190 = DIRECTION('',(0.464498,-0.885574,0.000000));
#7191 = DIRECTION('',(0.885574,0.464498,0.000000));
#7192 = AXIS2_PLACEMENT_3D('',#7189,#7190,#7191);
#7193 = PLANE('',#7192);
#7194 = ADVANCED_FACE('',(#7188),#7193,.T.);
#7195 = CARTESIAN_POINT('',(85.67479,0.06420,0.00000));
#7196 = VERTEX_POINT('',#7195);
#7197 = CARTESIAN_POINT('',(85.72326,0.09889,0.00000));
#7198 = VERTEX_POINT('',#7197);
#7199 = CARTESIAN_POINT('',(85.72326,0.09889,1.50000));
#7200 = VERTEX_POINT('',#7199);
#7201 = CARTESIAN_POINT('',(85.67479,0.06420,1.50000));
#7202 = VERTEX_POINT('',#7201);
#7203 = CARTESIAN_POINT('',(85.67479,0.06420,0.00000));
#7204 = DIRECTION('',(0.813246,0.581920,0.000000));
#7205 = VECTOR('',#7204,0.05960);
#7206 = LINE('',#7203,#7205);
#7207 = EDGE_CURVE('',#7196,#7198,#7206,.T.);
#7208 = CARTESIAN_POINT('',(85.72326,0.09889,0.00000));
#7209 = DIRECTION('',(0.000000,0.000000,1.000000));
#7210 = VECTOR('',#7209,1.50000);
#7211 = LINE('',#7208,#7210);
#7212 = EDGE_CURVE('',#7198,#7200,#7211,.T.);
#7213 = CARTESIAN_POINT('',(85.72326,0.09889,1.50000));
#7214 = DIRECTION('',(-0.813246,-0.581920,0.000000));
#7215 = VECTOR('',#7214,0.05960);
#7216 = LINE('',#7213,#7215);
#7217 = EDGE_CURVE('',#7200,#7202,#7216,.T.);
#7218 = CARTESIAN_POINT('',(85.67479,0.06420,1.50000));
#7219 = DIRECTION('',(0.000000,0.000000,-1.000000));
#7220 = VECTOR('',#7219,1.50000);
#7221 = LINE('',#7218,#7220);
#7222 = EDGE_CURVE('',#7202,#7196,#7221,.T.);
#7223 = ORIENTED_EDGE('',*,*,#7207,.T.);
#7224 = ORIENTED_EDGE('',*,*,#7212,.T.);
#7225 = ORIENTED_EDGE('',*,*,#7217,.T.);
#7226 = ORIENTED_EDGE('',*,*,#7222,.T.);
#7227 = EDGE_LOOP('',(#7223,#7224,#7225,#7226));
#7228 = FACE_OUTER_BOUND('',#7227,.T.);
#7229 = CARTESIAN_POINT('',(85.67479,0.06420,0.00000));
#7230 = DIRECTION('',(0.581920,-0.813246,0.000000));
#7231 = DIRECTION('',(0.813246,0.581920,0.000000));
#7232 = AXIS2_PLACEMENT_3D('',#7229,#7230,#7231);
#7233 = PLANE('',#7232);
#7234 = ADVANCED_FACE('',(#7228),#7233,.T.);
#7235 = CARTESIAN_POINT('',(85.72326,0.09889,0.00000));
#7236 = VERTEX_POINT('',#7235);
#7237 = CARTESIAN_POINT('',(85.76650,0.13991,0.00000));
#7238 = VERTEX_POINT('',#7237);
#7239 = CARTESIAN_POINT('',(85.76650,0.13991,1.50000));
#7240 = VERTEX_POINT('',#7239);
#7241 = CARTESIAN_POINT('',(85.72326,0.09889,1.50000));
#7242 = VERTEX_POINT('',#7241);
#7243 = CARTESIAN_POINT('',(85.72326,0.09889,0.00000));
#7244 = DIRECTION('',(0.725452,0.688273,0.000000));
#7245 = VECTOR('',#7244,0.05960);
#7246 = LINE('',#7243,#7245);
#7247 = EDGE_CURVE('',#7236,#7238,#7246,.T.);
#7248 = CARTESIAN_POINT('',(85.76650,0.13991,0.00000));
#7249 = DIRECTION('',(0.000000,0.000000,1.000000));
#7250 = VECTOR('',#7249,1.50000);
#7251 = LINE('',#7248,#7250);
#7252 = EDGE_CURVE('',#7238,#7240,#7251,.T.);
#7253 = CARTESIAN_POINT('',(85.76650,0.13991,1.50000));
#7254 = DIRECTION('',(-0.725452,-0.688273,0.000000));
#7255 = VECTOR('',#7254,0.05960);
#7256 = LINE('',#7253,#7255);
#7257 = EDGE_CURVE('',#7240,#7242,#7256,.T.);
#7258 = CARTESIAN_POINT('',(85.72326,0.09889,1.50000));
#7259 = DIRECTION('',(0.000000,0.000000,-1.000000));
#7260 = VECTOR('',#7259,1.50000);
#7261 = LINE('',#7258,#7260);
#7262 = EDGE_CURVE('',#7242,#7236,#7261,.T.);
#7263 = ORIENTED_EDGE('',*,*,#7247,.T.);
#7264 = ORIENTED_EDGE('',*,*,#7252,.T.);
#7265 = ORIENTED_EDGE('',*,*,#7257,.T.);
#7266 = ORIENTED_EDGE('',*,*,#7262,.T.);
#7267 = EDGE_LOOP('',(#7263,#7264,#7265,#7266));
#7268 = FACE_OUTER_BOUND('',#7267,.T.);
#7269 = CARTESIAN_POINT('',(85.72326,0.09889,0.00000));
#7270 = DIRECTION('',(0.688273,-0.725452,0.000000));
#7271 = DIRECTION('',(0.725452,0.688273,0.000000));
#7272 = AXIS2_PLACEMENT_3D('',#7269,#7270,#7271);
#7273 = PLANE('',#7272);
#7274 = ADVANCED_FACE('',(#7268),#7273,.T.);
#7275 = CARTESIAN_POINT('',(85.76650,0.13991,0.00000));
#7276 = VERTEX_POINT('',#7275);
#7277 = CARTESIAN_POINT('',(85.80368,0.18648,0.00000));
#7278 = VERTEX_POINT('',#7277);
#7279 = CARTESIAN_POINT('',(85.80368,0.18648,1.50000));
#7280 = VERTEX_POINT('',#7279);
#7281 = CARTESIAN_POINT('',(85.76650,0.13991,1.50000));
#7282 = VERTEX_POINT('',#7281);
#7283 = CARTESIAN_POINT('',(85.76650,0.13991,0.00000));
#7284 = DIRECTION('',(0.623859,0.781537,0.000000));
#7285 = VECTOR('',#7284,0.05960);
#7286 = LINE('',#7283,#7285);
#7287 = EDGE_CURVE('',#7276,#7278,#7286,.T.);
#7288 = CARTESIAN_POINT('',(85.80368,0.18648,0.00000));
#7289 = DIRECTION('',(0.000000,0.000000,1.000000));
#7290 = VECTOR('',#7289,1.50000);
#7291 = LINE('',#7288,#7290);
#7292 = EDGE_CURVE('',#7278,#7280,#7291,.T.);
#7293 = CARTESIAN_POINT('',(85.80368,0.18648,1.50000));
#7294 = DIRECTION('',(-0.623859,-0.781537,0.000000));
#7295 = VECTOR('',#7294,0.05960);
#7296 = LINE('',#7293,#7295);
#7297 = EDGE_CURVE('',#7280,#7282,#7296,.T.);
#7298 = CARTESIAN_POINT('',(85.76650,0.13991,1.50000));
#7299 = DIRECTION('',(0.000000,0.000000,-1.000000));
#7300 = VECTOR('',#7299,1.50000);
#7301 = LINE('',#7298,#7300);
#7302 = EDGE_CURVE('',#7282,#7276,#7301,.T.);
#7303 = ORIENTED_EDGE('',*,*,#7287,.T.);
#7304 = ORIENTED_EDGE('',*,*,#7292,.T.);
#7305 = ORIENTED_EDGE('',*,*,#7297,.T.);
#7306 = ORIENTED_EDGE('',*,*,#7302,.T.);
#7307 = EDGE_LOOP('',(#7303,#7304,#7305,#7306));
#7308 = FACE_OUTER_BOUND('',#7307,.T.);
#7309 = CARTESIAN_POINT('',(85.76650,0.13991,0.00000));
#7310 = DIRECTION('',(0.781537,-0.623859,0.000000));
#7311 = DIRECTION('',(0.623859,0.781537,0.000000));
#7312 = AXIS2_PLACEMENT_3D('',#7309,#7310,#7311);
#7313 = PLANE('',#7312);
#7314 = ADVANCED_FACE('',(#7308),#7313,.T.);
#7315 = CARTESIAN_POINT('',(85.80368,0.18648,0.00000));
#7316 = VERTEX_POINT('',#7315);
#7317 = CARTESIAN_POINT('',(85.83410,0.23774,0.00000));
#7318 = VERTEX_POINT('',#7317);
#7319 = CARTESIAN_POINT('',(85.83410,0.23774,1.50000));
#7320 = VERTEX_POINT('',#7319);
#7321 = CARTESIAN_POINT('',(85.80368,0.18648,1.50000));
#7322 = VERTEX_POINT('',#7321);
#7323 = CARTESIAN_POINT('',(85.80368,0.18648,0.00000));
#7324 = DIRECTION('',(0.510402,0.859936,0.000000));
#7325 = VECTOR('',#7324,0.05960);
#7326 = LINE('',#7323,#7325);
#7327 = EDGE_CURVE('',#7316,#7318,#7326,.T.);
#7328 = CARTESIAN_POINT('',(85.83410,0.23774,0.00000));
#7329 = DIRECTION('',(0.000000,0.000000,1.000000));
#7330 = VECTOR('',#7329,1.50000);
#7331 = LINE('',#7328,#7330);
#7332 = EDGE_CURVE('',#7318,#7320,#7331,.T.);
#7333 = CARTESIAN_POINT('',(85.83410,0.23774,1.50000));
#7334 = DIRECTION('',(-0.510402,-0.859936,0.000000));
#7335 = VECTOR('',#7334,0.05960);
#7336 = LINE('',#7333,#7335);
#7337 = EDGE_CURVE('',#7320,#7322,#7336,.T.);
#7338 = CARTESIAN_POINT('',(85.80368,0.18648,1.50000));
#7339 = DIRECTION('',(0.000000,0.000000,-1.000000));
#7340 = VECTOR('',#7339,1.50000);
#7341 = LINE('',#7338,#7340);
#7342 = EDGE_CURVE('',#7322,#7316,#7341,.T.);
#7343 = ORIENTED_EDGE('',*,*,#7327,.T.);
#7344 = ORIENTED_EDGE('',*,*,#7332,.T.);
#7345 = ORIENTED_EDGE('',*,*,#7337,.T.);
#7346 = ORIENTED_EDGE('',*,*,#7342,.T.);
#7347 = EDGE_LOOP('',(#7343,#7344,#7345,#7346));
#7348 = FACE_OUTER_BOUND('',#7347,.T.);
#7349 = CARTESIAN_POINT('',(85.80368,0.18648,0.00000));
#7350 = DIRECTION('',(0.859936,-0.510402,0.000000));
#7351 = DIRECTION('',(0.510402,0.859936,0.000000));
#7352 = AXIS2_PLACEMENT_3D('',#7349,#7350,#7351);
#7353 = PLANE('',#7352);
#7354 = ADVANCED_FACE('',(#7348),#7353,.T.);
#7355 = CARTESIAN_POINT('',(85.83410,0.23774,0.00000));
#7356 = VERTEX_POINT('',#7355);
#7357 = CARTESIAN_POINT('',(85.85718,0.29269,0.00000));
#7358 = VERTEX_POINT('',#7357);
#7359 = CARTESIAN_POINT('',(85.85718,0.29269,1.50000));
#7360 = VERTEX_POINT('',#7359);
#7361 = CARTESIAN_POINT('',(85.83410,0.23774,1.50000));
#7362 = VERTEX_POINT('',#7361);
#7363 = CARTESIAN_POINT('',(85.83410,0.23774,0.00000));
#7364 = DIRECTION('',(0.387237,0.921980,0.000000));
#7365 = VECTOR('',#7364,0.05960);
#7366 = LINE('',#7363,#7365);
#7367 = EDGE_CURVE('',#7356,#7358,#7366,.T.);
#7368 = CARTESIAN_POINT('',(85.85718,0.29269,0.00000));
#7369 = DIRECTION('',(0.000000,0.000000,1.000000));
#7370 = VECTOR('',#7369,1.50000);
#7371 = LINE('',#7368,#7370);
#7372 = EDGE_CURVE('',#7358,#7360,#7371,.T.);
#7373 = CARTESIAN_POINT('',(85.85718,0.29269,1.50000));
#7374 = DIRECTION('',(-0.387237,-0.921980,0.000000));
#7375 = VECTOR('',#7374,0.05960);
#7376 = LINE('',#7373,#7375);
#7377 = EDGE_CURVE('',#7360,#7362,#7376,.T.);
#7378 = CARTESIAN_POINT('',(85.83410,0.23774,1.50000));
#7379 = DIRECTION('',(0.000000,0.000000,-1.000000));
#7380 = VECTOR('',#7379,1.50000);
#7381 = LINE('',#7378,#7380);
#7382 = EDGE_CURVE('',#7362,#7356,#7381,.T.);
#7383 = ORIENTED_EDGE('',*,*,#7367,.T.);
#7384 = ORIENTED_EDGE('',*,*,#7372,.T.);
#7385 = ORIENTED_EDGE('',*,*,#7377,.T.);
#7386 = ORIENTED_EDGE('',*,*,#7382,.T.);
#7387 = EDGE_LOOP('',(#7383,#7384,#7385,#7386));
#7388 = FACE_OUTER_BOUND('',#7387,.T.);
#7389 = CARTESIAN_POINT('',(85.83410,0.23774,0.00000));
#7390 = DIRECTION('',(0.921980,-0.387237,0.000000));
#7391 = DIRECTION('',(0.387237,0.921980,0.000000));
#7392 = AXIS2_PLACEMENT_3D('',#7389,#7390,#7391);
#7393 = PLANE('',#7392);
#7394 = ADVANCED_FACE('',(#7388),#7393,.T.);
#7395 = CARTESIAN_POINT('',(85.85718,0.29269,0.00000));
#7396 = VERTEX_POINT('',#7395);
#7397 = CARTESIAN_POINT('',(85.87248,0.35029,0.00000));
#7398 = VERTEX_POINT('',#7397);
#7399 = CARTESIAN_POINT('',(85.87248,0.35029,1.50000));
#7400 = VERTEX_POINT('',#7399);
#7401 = CARTESIAN_POINT('',(85.85718,0.29269,1.50000));
#7402 = VERTEX_POINT('',#7401);
#7403 = CARTESIAN_POINT('',(85.85718,0.29269,0.00000));
#7404 = DIRECTION('',(0.256708,0.966489,0.000000));
#7405 = VECTOR('',#7404,0.05960);
#7406 = LINE('',#7403,#7405);
#7407 = EDGE_CURVE('',#7396,#7398,#7406,.T.);
#7408 = CARTESIAN_POINT('',(85.87248,0.35029,0.00000));
#7409 = DIRECTION('',(0.000000,0.000000,1.000000));
#7410 = VECTOR('',#7409,1.50000);
#7411 = LINE('',#7408,#7410);
#7412 = EDGE_CURVE('',#7398,#7400,#7411,.T.);
#7413 = CARTESIAN_POINT('',(85.87248,0.35029,1.50000));
#7414 = DIRECTION('',(-0.256708,-0.966489,0.000000));
#7415 = VECTOR('',#7414,0.05960);
#7416 = LINE('',#7413,#7415);
#7417 = EDGE_CURVE('',#7400,#7402,#7416,.T.);
#7418 = CARTESIAN_POINT('',(85.85718,0.29269,1.50000));
#7419 = DIRECTION('',(0.000000,0.000000,-1.000000));
#7420 = VECTOR('',#7419,1.50000);
#7421 = LINE('',#7418,#7420);
#7422 = EDGE_CURVE('',#7402,#7396,#7421,.T.);
#7423 = ORIENTED_EDGE('',*,*,#7407,.T.);
#7424 = ORIENTED_EDGE('',*,*,#7412,.T.);
#7425 = ORIENTED_EDGE('',*,*,#7417,.T.);
#7426 = ORIENTED_EDGE('',*,*,#7422,.T.);
#7427 = EDGE_LOOP('',(#7423,#7424,#7425,#7426));
#7428 = FACE_OUTER_BOUND('',#7427,.T.);
#7429 = CARTESIAN_POINT('',(85.85718,0.29269,0.00000));
#7430 = DIRECTION('',(0.966489,-0.256708,0.000000));
#7431 = DIRECTION('',(0.256708,0.966489,0.000000));
#7432 = AXIS2_PLACEMENT_3D('',#7429,#7430,#7431);
#7433 = PLANE('',#7432);
#7434 = ADVANCED_FACE('',(#7428),#7433,.T.);
#7435 = CARTESIAN_POINT('',(85.87248,0.35029,0.00000));
#7436 = VERTEX_POINT('',#7435);
#7437 = CARTESIAN_POINT('',(85.87971,0.40945,0.00000));
#7438 = VERTEX_POINT('',#7437);
#7439 = CARTESIAN_POINT('',(85.87971,0.40945,1.50000));
#7440 = VERTEX_POINT('',#7439);
#7441 = CARTESIAN_POINT('',(85.87248,0.35029,1.50000));
#7442 = VERTEX_POINT('',#7441);
#7443 = CARTESIAN_POINT('',(85.87248,0.35029,0.00000));
#7444 = DIRECTION('',(0.121296,0.992616,0.000000));
#7445 = VECTOR('',#7444,0.05960);
#7446 = LINE('',#7443,#7445);
#7447 = EDGE_CURVE('',#7436,#7438,#7446,.T.);
#7448 = CARTESIAN_POINT('',(85.87971,0.40945,0.00000));
#7449 = DIRECTION('',(0.000000,0.000000,1.000000));
#7450 = VECTOR('',#7449,1.50000);
#7451 = LINE('',#7448,#7450);
#7452 = EDGE_CURVE('',#7438,#7440,#7451,.T.);
#7453 = CARTESIAN_POINT('',(85.87971,0.40945,1.50000));
#7454 = DIRECTION('',(-0.121296,-0.992616,0.000000));
#7455 = VECTOR('',#7454,0.05960);
#7456 = LINE('',#7453,#7455);
#7457 = EDGE_CURVE('',#7440,#7442,#7456,.T.);
#7458 = CARTESIAN_POINT('',(85.87248,0.35029,1.50000));
#7459 = DIRECTION('',(0.000000,0.000000,-1.000000));
#7460 = VECTOR('',#7459,1.50000);
#7461 = LINE('',#7458,#7460);
#7462 = EDGE_CURVE('',#7442,#7436,#7461,.T.);
#7463 = ORIENTED_EDGE('',*,*,#7447,.T.);
#7464 = ORIENTED_EDGE('',*,*,#7452,.T.);
#7465 = ORIENTED_EDGE('',*,*,#7457,.T.);
#7466 = ORIENTED_EDGE('',*,*,#7462,.T.);
#7467 = EDGE_LOOP('',(#7463,#7464,#7465,#7466));
#7468 = FACE_OUTER_BOUND('',#7467,.T.);
#7469 = CARTESIAN_POINT('',(85.87248,0.35029,0.00000));
#7470 = DIRECTION('',(0.992616,-0.121296,0.000000));
#7471 = DIRECTION('',(0.121296,0.992616,0.000000));
#7472 = AXIS2_PLACEMENT_3D('',#7469,#7470,#7471);
#7473 = PLANE('',#7472);
#7474 = ADVANCED_FACE('',(#7468),#7473,.T.);
#7475 = CARTESIAN_POINT('',(85.87971,0.40945,0.00000));
#7476 = VERTEX_POINT('',#7475);
#7477 = CARTESIAN_POINT('',(85.87971,2.41336,0.00000));
#7478 = VERTEX_POINT('',#7477);
#7479 = CARTESIAN_POINT('',(85.87971,2.41336,1.50000));
#7480 = VERTEX_POINT('',#7479);
#7481 = CARTESIAN_POINT('',(85.87971,0.40945,1.50000));
#7482 = VERTEX_POINT('',#7481);
#7483 = CARTESIAN_POINT('',(85.87971,0.40945,0.00000));
#7484 = DIRECTION('',(0.000000,1.000000,0.000000));
#7485 = VECTOR('',#7484,2.00391);
#7486 = LINE('',#7483,#7485);
#7487 = EDGE_CURVE('',#7476,#7478,#7486,.T.);
#7488 = CARTESIAN_POINT('',(85.87971,2.41336,0.00000));
#7489 = DIRECTION('',(0.000000,0.000000,1.000000));
#7490 = VECTOR('',#7489,1.50000);
#7491 = LINE('',#7488,#7490);
#7492 = EDGE_CURVE('',#7478,#7480,#7491,.T.);
#7493 = CARTESIAN_POINT('',(85.87971,2.41336,1.50000));
#7494 = DIRECTION('',(-0.000000,-1.000000,0.000000));
#7495 = VECTOR('',#7494,2.00391);
#7496 = LINE('',#7493,#7495);
#7497 = EDGE_CURVE('',#7480,#7482,#7496,.T.);
#7498 = CARTESIAN_POINT('',(85.87971,0.40945,1.50000));
#7499 = DIRECTION('',(0.000000,0.000000,-1.000000));
#7500 = VECTOR('',#7499,1.50000);
#7501 = LINE('',#7498,#7500);
#7502 = EDGE_CURVE('',#7482,#7476,#7501,.T.);
#7503 = ORIENTED_EDGE('',*,*,#7487,.T.);
#7504 = ORIENTED_EDGE('',*,*,#7492,.T.);
#7505 = ORIENTED_EDGE('',*,*,#7497,.T.);
#7506 = ORIENTED_EDGE('',*,*,#7502,.T.);
#7507 = EDGE_LOOP('',(#7503,#7504,#7505,#7506));
#7508 = FACE_OUTER_BOUND('',#7507,.T.);
#7509 = CARTESIAN_POINT('',(85.87971,0.40945,0.00000));
#7510 = DIRECTION('',(1.000000,-0.000000,0.000000));
#7511 = DIRECTION('',(0.000000,1.000000,0.000000));
#7512 = AXIS2_PLACEMENT_3D('',#7509,#7510,#7511);
#7513 = PLANE('',#7512);
#7514 = ADVANCED_FACE('',(#7508),#7513,.T.);
#7515 = CARTESIAN_POINT('',(85.87971,2.41336,0.00000));
#7516 = VERTEX_POINT('',#7515);
#7517 = CARTESIAN_POINT('',(85.88204,2.44593,0.00000));
#7518 = VERTEX_POINT('',#7517);
#7519 = CARTESIAN_POINT('',(85.88204,2.44593,1.50000));
#7520 = VERTEX_POINT('',#7519);
#7521 = CARTESIAN_POINT('',(85.87971,2.41336,1.50000));
#7522 = VERTEX_POINT('',#7521);
#7523 = CARTESIAN_POINT('',(85.87971,2.41336,0.00000));
#7524 = DIRECTION('',(0.071342,0.997452,0.000000));
#7525 = VECTOR('',#7524,0.03265);
#7526 = LINE('',#7523,#7525);
#7527 = EDGE_CURVE('',#7516,#7518,#7526,.T.);
#7528 = CARTESIAN_POINT('',(85.88204,2.44593,0.00000));
#7529 = DIRECTION('',(0.000000,0.000000,1.000000));
#7530 = VECTOR('',#7529,1.50000);
#7531 = LINE('',#7528,#7530);
#7532 = EDGE_CURVE('',#7518,#7520,#7531,.T.);
#7533 = CARTESIAN_POINT('',(85.88204,2.44593,1.50000));
#7534 = DIRECTION('',(-0.071342,-0.997452,0.000000));
#7535 = VECTOR('',#7534,0.03265);
#7536 = LINE('',#7533,#7535);
#7537 = EDGE_CURVE('',#7520,#7522,#7536,.T.);
#7538 = CARTESIAN_POINT('',(85.87971,2.41336,1.50000));
#7539 = DIRECTION('',(0.000000,0.000000,-1.000000));
#7540 = VECTOR('',#7539,1.50000);
#7541 = LINE('',#7538,#7540);
#7542 = EDGE_CURVE('',#7522,#7516,#7541,.T.);
#7543 = ORIENTED_EDGE('',*,*,#7527,.T.);
#7544 = ORIENTED_EDGE('',*,*,#7532,.T.);
#7545 = ORIENTED_EDGE('',*,*,#7537,.T.);
#7546 = ORIENTED_EDGE('',*,*,#7542,.T.);
#7547 = EDGE_LOOP('',(#7543,#7544,#7545,#7546));
#7548 = FACE_OUTER_BOUND('',#7547,.T.);
#7549 = CARTESIAN_POINT('',(85.87971,2.41336,0.00000));
#7550 = DIRECTION('',(0.997452,-0.071342,0.000000));
#7551 = DIRECTION('',(0.071342,0.997452,0.000000));
#7552 = AXIS2_PLACEMENT_3D('',#7549,#7550,#7551);
#7553 = PLANE('',#7552);
#7554 = ADVANCED_FACE('',(#7548),#7553,.T.);
#7555 = CARTESIAN_POINT('',(85.88204,2.44593,0.00000));
#7556 = VERTEX_POINT('',#7555);
#7557 = CARTESIAN_POINT('',(85.88898,2.47783,0.00000));
#7558 = VERTEX_POINT('',#7557);
#7559 = CARTESIAN_POINT('',(85.88898,2.47783,1.50000));
#7560 = VERTEX_POINT('',#7559);
#7561 = CARTESIAN_POINT('',(85.88204,2.44593,1.50000));
#7562 = VERTEX_POINT('',#7561);
#7563 = CARTESIAN_POINT('',(85.88204,2.44593,0.00000));
#7564 = DIRECTION('',(0.212567,0.977146,0.000000));
#7565 = VECTOR('',#7564,0.03265);
#7566 = LINE('',#7563,#7565);
#7567 = EDGE_CURVE('',#7556,#7558,#7566,.T.);
#7568 = CARTESIAN_POINT('',(85.88898,2.47783,0.00000));
#7569 = DIRECTION('',(0.000000,0.000000,1.000000));
#7570 = VECTOR('',#7569,1.50000);
#7571 = LINE('',#7568,#7570);
#7572 = EDGE_CURVE('',#7558,#7560,#7571,.T.);
#7573 = CARTESIAN_POINT('',(85.88898,2.47783,1.50000));
#7574 = DIRECTION('',(-0.212567,-0.977146,0.000000));
#7575 = VECTOR('',#7574,0.03265);
#7576 = LINE('',#7573,#7575);
#7577 = EDGE_CURVE('',#7560,#7562,#7576,.T.);
#7578 = CARTESIAN_POINT('',(85.88204,2.44593,1.50000));
#7579 = DIRECTION('',(0.000000,0.000000,-1.000000));
#7580 = VECTOR('',#7579,1.50000);
#7581 = LINE('',#7578,#7580);
#7582 = EDGE_CURVE('',#7562,#7556,#7581,.T.);
#7583 = ORIENTED_EDGE('',*,*,#7567,.T.);
#7584 = ORIENTED_EDGE('',*,*,#7572,.T.);
#7585 = ORIENTED_EDGE('',*,*,#7577,.T.);
#7586 = ORIENTED_EDGE('',*,*,#7582,.T.);
#7587 = EDGE_LOOP('',(#7583,#7584,#7585,#7586));
#7588 = FACE_OUTER_BOUND('',#7587,.T.);
#7589 = CARTESIAN_POINT('',(85.88204,2.44593,0.00000));
#7590 = DIRECTION('',(0.977146,-0.212567,0.000000));
#7591 = DIRECTION('',(0.212567,0.977146,0.000000));
#7592 = AXIS2_PLACEMENT_3D('',#7589,#7590,#7591);
#7593 = PLANE('',#7592);
#7594 = ADVANCED_FACE('',(#7588),#7593,.T.);
#7595 = CARTESIAN_POINT('',(85.88898,2.47783,0.00000));
#7596 = VERTEX_POINT('',#7595);
#7597 = CARTESIAN_POINT('',(85.90039,2.50842,0.00000));
#7598 = VERTEX_POINT('',#7597);
#7599 = CARTESIAN_POINT('',(85.90039,2.50842,1.50000));
#7600 = VERTEX_POINT('',#7599);
#7601 = CARTESIAN_POINT('',(85.88898,2.47783,1.50000));
#7602 = VERTEX_POINT('',#7601);
#7603 = CARTESIAN_POINT('',(85.88898,2.47783,0.00000));
#7604 = DIRECTION('',(0.349466,0.936949,0.000000));
#7605 = VECTOR('',#7604,0.03265);
#7606 = LINE('',#7603,#7605);
#7607 = EDGE_CURVE('',#7596,#7598,#7606,.T.);
#7608 = CARTESIAN_POINT('',(85.90039,2.50842,0.00000));
#7609 = DIRECTION('',(0.000000,0.000000,1.000000));
#7610 = VECTOR('',#7609,1.50000);
#7611 = LINE('',#7608,#7610);
#7612 = EDGE_CURVE('',#7598,#7600,#7611,.T.);
#7613 = CARTESIAN_POINT('',(85.90039,2.50842,1.50000));
#7614 = DIRECTION('',(-0.349466,-0.936949,0.000000));
#7615 = VECTOR('',#7614,0.03265);
#7616 = LINE('',#7613,#7615);
#7617 = EDGE_CURVE('',#7600,#7602,#7616,.T.);
#7618 = CARTESIAN_POINT('',(85.88898,2.47783,1.50000));
#7619 = DIRECTION('',(0.000000,0.000000,-1.000000));
#7620 = VECTOR('',#7619,1.50000);
#7621 = LINE('',#7618,#7620);
#7622 = EDGE_CURVE('',#7602,#7596,#7621,.T.);
#7623 = ORIENTED_EDGE('',*,*,#7607,.T.);
#7624 = ORIENTED_EDGE('',*,*,#7612,.T.);
#7625 = ORIENTED_EDGE('',*,*,#7617,.T.);
#7626 = ORIENTED_EDGE('',*,*,#7622,.T.);
#7627 = EDGE_LOOP('',(#7623,#7624,#7625,#7626));
#7628 = FACE_OUTER_BOUND('',#7627,.T.);
#7629 = CARTESIAN_POINT('',(85.88898,2.47783,0.00000));
#7630 = DIRECTION('',(0.936949,-0.349466,0.000000));
#7631 = DIRECTION('',(0.349466,0.936949,0.000000));
#7632 = AXIS2_PLACEMENT_3D('',#7629,#7630,#7631);
#7633 = PLANE('',#7632);
#7634 = ADVANCED_FACE('',(#7628),#7633,.T.);
#7635 = CARTESIAN_POINT('',(85.90039,2.50842,0.00000));
#7636 = VERTEX_POINT('',#7635);
#7637 = CARTESIAN_POINT('',(85.91603,2.53708,0.00000));
#7638 = VERTEX_POINT('',#7637);
#7639 = CARTESIAN_POINT('',(85.91603,2.53708,1.50000));
#7640 = VERTEX_POINT('',#7639);
#7641 = CARTESIAN_POINT('',(85.90039,2.50842,1.50000));
#7642 = VERTEX_POINT('',#7641);
#7643 = CARTESIAN_POINT('',(85.90039,2.50842,0.00000));
#7644 = DIRECTION('',(0.479250,0.877678,0.000000));
#7645 = VECTOR('',#7644,0.03265);
#7646 = LINE('',#7643,#7645);
#7647 = EDGE_CURVE('',#7636,#7638,#7646,.T.);
#7648 = CARTESIAN_POINT('',(85.91603,2.53708,0.00000));
#7649 = DIRECTION('',(0.000000,0.000000,1.000000));
#7650 = VECTOR('',#7649,1.50000);
#7651 = LINE('',#7648,#7650);
#7652 = EDGE_CURVE('',#7638,#7640,#7651,.T.);
#7653 = CARTESIAN_POINT('',(85.91603,2.53708,1.50000));
#7654 = DIRECTION('',(-0.479250,-0.877678,0.000000));
#7655 = VECTOR('',#7654,0.03265);
#7656 = LINE('',#7653,#7655);
#7657 = EDGE_CURVE('',#7640,#7642,#7656,.T.);
#7658 = CARTESIAN_POINT('',(85.90039,2.50842,1.50000));
#7659 = DIRECTION('',(0.000000,0.000000,-1.000000));
#7660 = VECTOR('',#7659,1.50000);
#7661 = LINE('',#7658,#7660);
#7662 = EDGE_CURVE('',#7642,#7636,#7661,.T.);
#7663 = ORIENTED_EDGE('',*,*,#7647,.T.);
#7664 = ORIENTED_EDGE('',*,*,#7652,.T.);
#7665 = ORIENTED_EDGE('',*,*,#7657,.T.);
#7666 = ORIENTED_EDGE('',*,*,#7662,.T.);
#7667 = EDGE_LOOP('',(#7663,#7664,#7665,#7666));
#7668 = FACE_OUTER_BOUND('',#7667,.T.);
#7669 = CARTESIAN_POINT('',(85.90039,2.50842,0.00000));
#7670 = DIRECTION('',(0.877678,-0.479250,0.000000));
#7671 = DIRECTION('',(0.479250,0.877678,0.000000));
#7672 = AXIS2_PLACEMENT_3D('',#7669,#7670,#7671);
#7673 = PLANE('',#7672);
#7674 = ADVANCED_FACE('',(#7668),#7673,.T.);
#7675 = CARTESIAN_POINT('',(85.91603,2.53708,0.00000));
#7676 = VERTEX_POINT('',#7675);
#7677 = CARTESIAN_POINT('',(85.93560,2.56322,0.00000));
#7678 = VERTEX_POINT('',#7677);
#7679 = CARTESIAN_POINT('',(85.93560,2.56322,1.50000));
#7680 = VERTEX_POINT('',#7679);
#7681 = CARTESIAN_POINT('',(85.91603,2.53708,1.50000));
#7682 = VERTEX_POINT('',#7681);
#7683 = CARTESIAN_POINT('',(85.91603,2.53708,0.00000));
#7684 = DIRECTION('',(0.599278,0.800541,0.000000));
#7685 = VECTOR('',#7684,0.03265);
#7686 = LINE('',#7683,#7685);
#7687 = EDGE_CURVE('',#7676,#7678,#7686,.T.);
#7688 = CARTESIAN_POINT('',(85.93560,2.56322,0.00000));
#7689 = DIRECTION('',(0.000000,0.000000,1.000000));
#7690 = VECTOR('',#7689,1.50000);
#7691 = LINE('',#7688,#7690);
#7692 = EDGE_CURVE('',#7678,#7680,#7691,.T.);
#7693 = CARTESIAN_POINT('',(85.93560,2.56322,1.50000));
#7694 = DIRECTION('',(-0.599278,-0.800541,0.000000));
#7695 = VECTOR('',#7694,0.03265);
#7696 = LINE('',#7693,#7695);
#7697 = EDGE_CURVE('',#7680,#7682,#7696,.T.);
#7698 = CARTESIAN_POINT('',(85.91603,2.53708,1.50000));
#7699 = DIRECTION('',(0.000000,0.000000,-1.000000));
#7700 = VECTOR('',#7699,1.50000);
#7701 = LINE('',#7698,#7700);
#7702 = EDGE_CURVE('',#7682,#7676,#7701,.T.);
#7703 = ORIENTED_EDGE('',*,*,#7687,.T.);
#7704 = ORIENTED_EDGE('',*,*,#7692,.T.);
#7705 = ORIENTED_EDGE('',*,*,#7697,.T.);
#7706 = ORIENTED_EDGE('',*,*,#7702,.T.);
#7707 = EDGE_LOOP('',(#7703,#7704,#7705,#7706));
#7708 = FACE_OUTER_BOUND('',#7707,.T.);
#7709 = CARTESIAN_POINT('',(85.91603,2.53708,0.00000));
#7710 = DIRECTION('',(0.800541,-0.599278,0.000000));
#7711 = DIRECTION('',(0.599278,0.800541,0.000000));
#7712 = AXIS2_PLACEMENT_3D('',#7709,#7710,#7711);
#7713 = PLANE('',#7712);
#7714 = ADVANCED_FACE('',(#7708),#7713,.T.);
#7715 = CARTESIAN_POINT('',(85.93560,2.56322,0.00000));
#7716 = VERTEX_POINT('',#7715);
#7717 = CARTESIAN_POINT('',(85.95869,2.58630,0.00000));
#7718 = VERTEX_POINT('',#7717);
#7719 = CARTESIAN_POINT('',(85.95869,2.58630,1.50000));
#7720 = VERTEX_POINT('',#7719);
#7721 = CARTESIAN_POINT('',(85.93560,2.56322,1.50000));
#7722 = VERTEX_POINT('',#7721);
#7723 = CARTESIAN_POINT('',(85.93560,2.56322,0.00000));
#7724 = DIRECTION('',(0.707107,0.707107,0.000000));
#7725 = VECTOR('',#7724,0.03265);
#7726 = LINE('',#7723,#7725);
#7727 = EDGE_CURVE('',#7716,#7718,#7726,.T.);
#7728 = CARTESIAN_POINT('',(85.95869,2.58630,0.00000));
#7729 = DIRECTION('',(0.000000,0.000000,1.000000));
#7730 = VECTOR('',#7729,1.50000);
#7731 = LINE('',#7728,#7730);
#7732 = EDGE_CURVE('',#7718,#7720,#7731,.T.);
#7733 = CARTESIAN_POINT('',(85.95869,2.58630,1.50000));
#7734 = DIRECTION('',(-0.707107,-0.707107,0.000000));
#7735 = VECTOR('',#7734,0.03265);
#7736 = LINE('',#7733,#7735);
#7737 = EDGE_CURVE('',#7720,#7722,#7736,.T.);
#7738 = CARTESIAN_POINT('',(85.93560,2.56322,1.50000));
#7739 = DIRECTION('',(0.000000,0.000000,-1.000000));
#7740 = VECTOR('',#7739,1.50000);
#7741 = LINE('',#7738,#7740);
#7742 = EDGE_CURVE('',#7722,#7716,#7741,.T.);
#7743 = ORIENTED_EDGE('',*,*,#7727,.T.);
#7744 = ORIENTED_EDGE('',*,*,#7732,.T.);
#7745 = ORIENTED_EDGE('',*,*,#7737,.T.);
#7746 = ORIENTED_EDGE('',*,*,#7742,.T.);
#7747 = EDGE_LOOP('',(#7743,#7744,#7745,#7746));
#7748 = FACE_OUTER_BOUND('',#7747,.T.);
#7749 = CARTESIAN_POINT('',(85.93560,2.56322,0.00000));
#7750 = DIRECTION('',(0.707107,-0.707107,0.000000));
#7751 = DIRECTION('',(0.707107,0.707107,0.000000));
#7752 = AXIS2_PLACEMENT_3D('',#7749,#7750,#7751);
#7753 = PLANE('',#7752);
#7754 = ADVANCED_FACE('',(#7748),#7753,.T.);
#7755 = CARTESIAN_POINT('',(85.95869,2.58630,0.00000));
#7756 = VERTEX_POINT('',#7755);
#7757 = CARTESIAN_POINT('',(85.98482,2.60587,0.00000));
#7758 = VERTEX_POINT('',#7757);
#7759 = CARTESIAN_POINT('',(85.98482,2.60587,1.50000));
#7760 = VERTEX_POINT('',#7759);
#7761 = CARTESIAN_POINT('',(85.95869,2.58630,1.50000));
#7762 = VERTEX_POINT('',#7761);
#7763 = CARTESIAN_POINT('',(85.95869,2.58630,0.00000));
#7764 = DIRECTION('',(0.800541,0.599278,0.000000));
#7765 = VECTOR('',#7764,0.03265);
#7766 = LINE('',#7763,#7765);
#7767 = EDGE_CURVE('',#7756,#7758,#7766,.T.);
#7768 = CARTESIAN_POINT('',(85.98482,2.60587,0.00000));
#7769 = DIRECTION('',(0.000000,0.000000,1.000000));
#7770 = VECTOR('',#7769,1.50000);
#7771 = LINE('',#7768,#7770);
#7772 = EDGE_CURVE('',#7758,#7760,#7771,.T.);
#7773 = CARTESIAN_POINT('',(85.98482,2.60587,1.50000));
#7774 = DIRECTION('',(-0.800541,-0.599278,0.000000));
#7775 = VECTOR('',#7774,0.03265);
#7776 = LINE('',#7773,#7775);
#7777 = EDGE_CURVE('',#7760,#7762,#7776,.T.);
#7778 = CARTESIAN_POINT('',(85.95869,2.58630,1.50000));
#7779 = DIRECTION('',(0.000000,0.000000,-1.000000));
#7780 = VECTOR('',#7779,1.50000);
#7781 = LINE('',#7778,#7780);
#7782 = EDGE_CURVE('',#7762,#7756,#7781,.T.);
#7783 = ORIENTED_EDGE('',*,*,#7767,.T.);
#7784 = ORIENTED_EDGE('',*,*,#7772,.T.);
#7785 = ORIENTED_EDGE('',*,*,#7777,.T.);
#7786 = ORIENTED_EDGE('',*,*,#7782,.T.);
#7787 = EDGE_LOOP('',(#7783,#7784,#7785,#7786));
#7788 = FACE_OUTER_BOUND('',#7787,.T.);
#7789 = CARTESIAN_POINT('',(85.95869,2.58630,0.00000));
#7790 = DIRECTION('',(0.599278,-0.800541,0.000000));
#7791 = DIRECTION('',(0.800541,0.599278,0.000000));
#7792 = AXIS2_PLACEMENT_3D('',#7789,#7790,#7791);
#7793 = PLANE('',#7792);
#7794 = ADVANCED_FACE('',(#7788),#7793,.T.);
#7795 = CARTESIAN_POINT('',(85.98482,2.60587,0.00000));
#7796 = VERTEX_POINT('',#7795);
#7797 = CARTESIAN_POINT('',(86.01348,2.62152,0.00000));
#7798 = VERTEX_POINT('',#7797);
#7799 = CARTESIAN_POINT('',(86.01348,2.62152,1.50000));
#7800 = VERTEX_POINT('',#7799);
#7801 = CARTESIAN_POINT('',(85.98482,2.60587,1.50000));
#7802 = VERTEX_POINT('',#7801);
#7803 = CARTESIAN_POINT('',(85.98482,2.60587,0.00000));
#7804 = DIRECTION('',(0.877678,0.479250,0.000000));
#7805 = VECTOR('',#7804,0.03265);
#7806 = LINE('',#7803,#7805);
#7807 = EDGE_CURVE('',#7796,#7798,#7806,.T.);
#7808 = CARTESIAN_POINT('',(86.01348,2.62152,0.00000));
#7809 = DIRECTION('',(0.000000,0.000000,1.000000));
#7810 = VECTOR('',#7809,1.50000);
#7811 = LINE('',#7808,#7810);
#7812 = EDGE_CURVE('',#7798,#7800,#7811,.T.);
#7813 = CARTESIAN_POINT('',(86.01348,2.62152,1.50000));
#7814 = DIRECTION('',(-0.877678,-0.479250,0.000000));
#7815 = VECTOR('',#7814,0.03265);
#7816 = LINE('',#7813,#7815);
#7817 = EDGE_CURVE('',#7800,#7802,#7816,.T.);
#7818 = CARTESIAN_POINT('',(85.98482,2.60587,1.50000));
#7819 = DIRECTION('',(0.000000,0.000000,-1.000000));
#7820 = VECTOR('',#7819,1.50000);
#7821 = LINE('',#7818,#7820);
#7822 = EDGE_CURVE('',#7802,#7796,#7821,.T.);
#7823 = ORIENTED_EDGE('',*,*,#7807,.T.);
#7824 = ORIENTED_EDGE('',*,*,#7812,.T.);
#7825 = ORIENTED_EDGE('',*,*,#7817,.T.);
#7826 = ORIENTED_EDGE('',*,*,#7822,.T.);
#7827 = EDGE_LOOP('',(#7823,#7824,#7825,#7826));
#7828 = FACE_OUTER_BOUND('',#7827,.T.);
#7829 = CARTESIAN_POINT('',(85.98482,2.60587,0.00000));
#7830 = DIRECTION('',(0.479250,-0.877678,0.000000));
#7831 = DIRECTION('',(0.877678,0.479250,0.000000));
#7832 = AXIS2_PLACEMENT_3D('',#7829,#7830,#7831);
#7833 = PLANE('',#7832);
#7834 = ADVANCED_FACE('',(#7828),#7833,.T.);
#7835 = CARTESIAN_POINT('',(86.01348,2.62152,0.00000));
#7836 = VERTEX_POINT('',#7835);
#7837 = CARTESIAN_POINT('',(86.04407,2.63293,0.00000));
#7838 = VERTEX_POINT('',#7837);
#7839 = CARTESIAN_POINT('',(86.04407,2.63293,1.50000));
#7840 = VERTEX_POINT('',#7839);
#7841 = CARTESIAN_POINT('',(86.01348,2.62152,1.50000));
#7842 = VERTEX_POINT('',#7841);
#7843 = CARTESIAN_POINT('',(86.01348,2.62152,0.00000));
#7844 = DIRECTION('',(0.936949,0.349466,0.000000));
#7845 = VECTOR('',#7844,0.03265);
#7846 = LINE('',#7843,#7845);
#7847 = EDGE_CURVE('',#7836,#7838,#7846,.T.);
#7848 = CARTESIAN_POINT('',(86.04407,2.63293,0.00000));
#7849 = DIRECTION('',(0.000000,0.000000,1.000000));
#7850 = VECTOR('',#7849,1.50000);
#7851 = LINE('',#7848,#7850);
#7852 = EDGE_CURVE('',#7838,#7840,#7851,.T.);
#7853 = CARTESIAN_POINT('',(86.04407,2.63293,1.50000));
#7854 = DIRECTION('',(-0.936949,-0.349466,0.000000));
#7855 = VECTOR('',#7854,0.03265);
#7856 = LINE('',#7853,#7855);
#7857 = EDGE_CURVE('',#7840,#7842,#7856,.T.);
#7858 = CARTESIAN_POINT('',(86.01348,2.62152,1.50000));
#7859 = DIRECTION('',(0.000000,0.000000,-1.000000));
#7860 = VECTOR('',#7859,1.50000);
#7861 = LINE('',#7858,#7860);
#7862 = EDGE_CURVE('',#7842,#7836,#7861,.T.);
#7863 = ORIENTED_EDGE('',*,*,#7847,.T.);
#7864 = ORIENTED_EDGE('',*,*,#7852,.T.);
#7865 = ORIENTED_EDGE('',*,*,#7857,.T.);
#7866 = ORIENTED_EDGE('',*,*,#7862,.T.);
#7867 = EDGE_LOOP('',(#7863,#7864,#7865,#7866));
#7868 = FACE_OUTER_BOUND('',#7867,.T.);
#7869 = CARTESIAN_POINT('',(86.01348,2.62152,0.00000));
#7870 = DIRECTION('',(0.349466,-0.936949,0.000000));
#7871 = DIRECTION('',(0.936949,0.349466,0.000000));
#7872 = AXIS2_PLACEMENT_3D('',#7869,#7870,#7871);
#7873 = PLANE('',#7872);
#7874 = ADVANCED_FACE('',(#7868),#7873,.T.);
#7875 = CARTESIAN_POINT('',(86.04407,2.63293,0.00000));
#7876 = VERTEX_POINT('',#7875);
#7877 = CARTESIAN_POINT('',(86.07598,2.63987,0.00000));
#7878 = VERTEX_POINT('',#7877);
#7879 = CARTESIAN_POINT('',(86.07598,2.63987,1.50000));
#7880 = VERTEX_POINT('',#7879);
#7881 = CARTESIAN_POINT('',(86.04407,2.63293,1.50000));
#7882 = VERTEX_POINT('',#7881);
#7883 = CARTESIAN_POINT('',(86.04407,2.63293,0.00000));
#7884 = DIRECTION('',(0.977146,0.212567,0.000000));
#7885 = VECTOR('',#7884,0.03265);
#7886 = LINE('',#7883,#7885);
#7887 = EDGE_CURVE('',#7876,#7878,#7886,.T.);
#7888 = CARTESIAN_POINT('',(86.07598,2.63987,0.00000));
#7889 = DIRECTION('',(0.000000,0.000000,1.000000));
#7890 = VECTOR('',#7889,1.50000);
#7891 = LINE('',#7888,#7890);
#7892 = EDGE_CURVE('',#7878,#7880,#7891,.T.);
#7893 = CARTESIAN_POINT('',(86.07598,2.63987,1.50000));
#7894 = DIRECTION('',(-0.977146,-0.212567,0.000000));
#7895 = VECTOR('',#7894,0.03265);
#7896 = LINE('',#7893,#7895);
#7897 = EDGE_CURVE('',#7880,#7882,#7896,.T.);
#7898 = CARTESIAN_POINT('',(86.04407,2.63293,1.50000));
#7899 = DIRECTION('',(0.000000,0.000000,-1.000000));
#7900 = VECTOR('',#7899,1.50000);
#7901 = LINE('',#7898,#7900);
#7902 = EDGE_CURVE('',#7882,#7876,#7901,.T.);
#7903 = ORIENTED_EDGE('',*,*,#7887,.T.);
#7904 = ORIENTED_EDGE('',*,*,#7892,.T.);
#7905 = ORIENTED_EDGE('',*,*,#7897,.T.);
#7906 = ORIENTED_EDGE('',*,*,#7902,.T.);
#7907 = EDGE_LOOP('',(#7903,#7904,#7905,#7906));
#7908 = FACE_OUTER_BOUND('',#7907,.T.);
#7909 = CARTESIAN_POINT('',(86.04407,2.63293,0.00000));
#7910 = DIRECTION('',(0.212567,-0.977146,0.000000));
#7911 = DIRECTION('',(0.977146,0.212567,0.000000));
#7912 = AXIS2_PLACEMENT_3D('',#7909,#7910,#7911);
#7913 = PLANE('',#7912);
#7914 = ADVANCED_FACE('',(#7908),#7913,.T.);
#7915 = CARTESIAN_POINT('',(86.07598,2.63987,0.00000));
#7916 = VERTEX_POINT('',#7915);
#7917 = CARTESIAN_POINT('',(86.10854,2.64220,0.00000));
#7918 = VERTEX_POINT('',#7917);
#7919 = CARTESIAN_POINT('',(86.10854,2.64220,1.50000));
#7920 = VERTEX_POINT('',#7919);
#7921 = CARTESIAN_POINT('',(86.07598,2.63987,1.50000));
#7922 = VERTEX_POINT('',#7921);
#7923 = CARTESIAN_POINT('',(86.07598,2.63987,0.00000));
#7924 = DIRECTION('',(0.997452,0.071342,0.000000));
#7925 = VECTOR('',#7924,0.03265);
#7926 = LINE('',#7923,#7925);
#7927 = EDGE_CURVE('',#7916,#7918,#7926,.T.);
#7928 = CARTESIAN_POINT('',(86.10854,2.64220,0.00000));
#7929 = DIRECTION('',(0.000000,0.000000,1.000000));
#7930 = VECTOR('',#7929,1.50000);
#7931 = LINE('',#7928,#7930);
#7932 = EDGE_CURVE('',#7918,#7920,#7931,.T.);
#7933 = CARTESIAN_POINT('',(86.10854,2.64220,1.50000));
#7934 = DIRECTION('',(-0.997452,-0.071342,0.000000));
#7935 = VECTOR('',#7934,0.03265);
#7936 = LINE('',#7933,#7935);
#7937 = EDGE_CURVE('',#7920,#7922,#7936,.T.);
#7938 = CARTESIAN_POINT('',(86.07598,2.63987,1.50000));
#7939 = DIRECTION('',(0.000000,0.000000,-1.000000));
#7940 = VECTOR('',#7939,1.50000);
#7941 = LINE('',#7938,#7940);
#7942 = EDGE_CURVE('',#7922,#7916,#7941,.T.);
#7943 = ORIENTED_EDGE('',*,*,#7927,.T.);
#7944 = ORIENTED_EDGE('',*,*,#7932,.T.);
#7945 = ORIENTED_EDGE('',*,*,#7937,.T.);
#7946 = ORIENTED_EDGE('',*,*,#7942,.T.);
#7947 = EDGE_LOOP('',(#7943,#7944,#7945,#7946));
#7948 = FACE_OUTER_BOUND('',#7947,.T.);
#7949 = CARTESIAN_POINT('',(86.07598,2.63987,0.00000));
#7950 = DIRECTION('',(0.071342,-0.997452,0.000000));
#7951 = DIRECTION('',(0.997452,0.071342,0.000000));
#7952 = AXIS2_PLACEMENT_3D('',#7949,#7950,#7951);
#7953 = PLANE('',#7952);
#7954 = ADVANCED_FACE('',(#7948),#7953,.T.);
#7955 = CARTESIAN_POINT('',(86.10854,2.64220,0.00000));
#7956 = VERTEX_POINT('',#7955);
#7957 = CARTESIAN_POINT('',(104.95534,2.64220,0.00000));
#7958 = VERTEX_POINT('',#7957);
#7959 = CARTESIAN_POINT('',(104.95534,2.64220,1.50000));
#7960 = VERTEX_POINT('',#7959);
#7961 = CARTESIAN_POINT('',(86.10854,2.64220,1.50000));
#7962 = VERTEX_POINT('',#7961);
#7963 = CARTESIAN_POINT('',(86.10854,2.64220,0.00000));
#7964 = DIRECTION('',(1.000000,0.000000,0.000000));
#7965 = VECTOR('',#7964,18.84680);
#7966 = LINE('',#7963,#7965);
#7967 = EDGE_CURVE('',#7956,#7958,#7966,.T.);
#7968 = CARTESIAN_POINT('',(104.95534,2.64220,0.00000));
#7969 = DIRECTION('',(0.000000,0.000000,1.000000));
#7970 = VECTOR('',#7969,1.50000);
#7971 = LINE('',#7968,#7970);
#7972 = EDGE_CURVE('',#7958,#7960,#7971,.T.);
#7973 = CARTESIAN_POINT('',(104.95534,2.64220,1.50000));
#7974 = DIRECTION('',(-1.000000,-0.000000,0.000000));
#7975 = VECTOR('',#7974,18.84680);
#7976 = LINE('',#7973,#7975);
#7977 = EDGE_CURVE('',#7960,#7962,#7976,.T.);
#7978 = CARTESIAN_POINT('',(86.10854,2.64220,1.50000));
#7979 = DIRECTION('',(0.000000,0.000000,-1.000000));
#7980 = VECTOR('',#7979,1.50000);
#7981 = LINE('',#7978,#7980);
#7982 = EDGE_CURVE('',#7962,#7956,#7981,.T.);
#7983 = ORIENTED_EDGE('',*,*,#7967,.T.);
#7984 = ORIENTED_EDGE('',*,*,#7972,.T.);
#7985 = ORIENTED_EDGE('',*,*,#7977,.T.);
#7986 = ORIENTED_EDGE('',*,*,#7982,.T.);
#7987 = EDGE_LOOP('',(#7983,#7984,#7985,#7986));
#7988 = FACE_OUTER_BOUND('',#7987,.T.);
#7989 = CARTESIAN_POINT('',(86.10854,2.64220,0.00000));
#7990 = DIRECTION('',(0.000000,-1.000000,0.000000));
#7991 = DIRECTION('',(1.000000,0.000000,0.000000));
#7992 = AXIS2_PLACEMENT_3D('',#7989,#7990,#7991);
#7993 = PLANE('',#7992);
#7994 = ADVANCED_FACE('',(#7988),#7993,.T.);
#7995 = CARTESIAN_POINT('',(104.95534,2.64220,0.00000));
#7996 = VERTEX_POINT('',#7995);
#7997 = CARTESIAN_POINT('',(104.97700,2.64375,0.00000));
#7998 = VERTEX_POINT('',#7997);
#7999 = CARTESIAN_POINT('',(104.97700,2.64375,1.50000));
#8000 = VERTEX_POINT('',#7999);
#8001 = CARTESIAN_POINT('',(104.95534,2.64220,1.50000));
#8002 = VERTEX_POINT('',#8001);
#8003 = CARTESIAN_POINT('',(104.95534,2.64220,0.00000));
#8004 = DIRECTION('',(0.997451,0.071349,0.000000));
#8005 = VECTOR('',#8004,0.02171);
#8006 = LINE('',#8003,#8005);
#8007 = EDGE_CURVE('',#7996,#7998,#8006,.T.);
#8008 = CARTESIAN_POINT('',(104.97700,2.64375,0.00000));
#8009 = DIRECTION('',(0.000000,0.000000,1.000000));
#8010 = VECTOR('',#8009,1.50000);
#8011 = LINE('',#8008,#8010);
#8012 = EDGE_CURVE('',#7998,#8000,#8011,.T.);
#8013 = CARTESIAN_POINT('',(104.97700,2.64375,1.50000));
#8014 = DIRECTION('',(-0.997451,-0.071349,0.000000));
#8015 = VECTOR('',#8014,0.02171);
#8016 = LINE('',#8013,#8015);
#8017 = EDGE_CURVE('',#8000,#8002,#8016,.T.);
#8018 = CARTESIAN_POINT('',(104.95534,2.64220,1.50000));
#8019 = DIRECTION('',(0.000000,0.000000,-1.000000));
#8020 = VECTOR('',#8019,1.50000);
#8021 = LINE('',#8018,#8020);
#8022 = EDGE_CURVE('',#8002,#7996,#8021,.T.);
#8023 = ORIENTED_EDGE('',*,*,#8007,.T.);
#8024 = ORIENTED_EDGE('',*,*,#8012,.T.);
#8025 = ORIENTED_EDGE('',*,*,#8017,.T.);
#8026 = ORIENTED_EDGE('',*,*,#8022,.T.);
#8027 = EDGE_LOOP('',(#8023,#8024,#8025,#8026));
#8028 = FACE_OUTER_BOUND('',#8027,.T.);
#8029 = CARTESIAN_POINT('',(104.95534,2.64220,0.00000));
#8030 = DIRECTION('',(0.071349,-0.997451,0.000000));
#8031 = DIRECTION('',(0.997451,0.071349,0.000000));
#8032 = AXIS2_PLACEMENT_3D('',#8029,#8030,#8031);
#8033 = PLANE('',#8032);
#8034 = ADVANCED_FACE('',(#8028),#8033,.T.);
#8035 = CARTESIAN_POINT('',(104.97700,2.64375,0.00000));
#8036 = VERTEX_POINT('',#8035);
#8037 = CARTESIAN_POINT('',(104.99821,2.64836,0.00000));
#8038 = VERTEX_POINT('',#8037);
#8039 = CARTESIAN_POINT('',(104.99821,2.64836,1.50000));
#8040 = VERTEX_POINT('',#8039);
#8041 = CARTESIAN_POINT('',(104.97700,2.64375,1.50000));
#8042 = VERTEX_POINT('',#8041);
#8043 = CARTESIAN_POINT('',(104.97700,2.64375,0.00000));
#8044 = DIRECTION('',(0.977145,0.212573,0.000000));
#8045 = VECTOR('',#8044,0.02171);
#8046 = LINE('',#8043,#8045);
#8047 = EDGE_CURVE('',#8036,#8038,#8046,.T.);
#8048 = CARTESIAN_POINT('',(104.99821,2.64836,0.00000));
#8049 = DIRECTION('',(0.000000,0.000000,1.000000));
#8050 = VECTOR('',#8049,1.50000);
#8051 = LINE('',#8048,#8050);
#8052 = EDGE_CURVE('',#8038,#8040,#8051,.T.);
#8053 = CARTESIAN_POINT('',(104.99821,2.64836,1.50000));
#8054 = DIRECTION('',(-0.977145,-0.212573,0.000000));
#8055 = VECTOR('',#8054,0.02171);
#8056 = LINE('',#8053,#8055);
#8057 = EDGE_CURVE('',#8040,#8042,#8056,.T.);
#8058 = CARTESIAN_POINT('',(104.97700,2.64375,1.50000));
#8059 = DIRECTION('',(0.000000,0.000000,-1.000000));
#8060 = VECTOR('',#8059,1.50000);
#8061 = LINE('',#8058,#8060);
#8062 = EDGE_CURVE('',#8042,#8036,#8061,.T.);
#8063 = ORIENTED_EDGE('',*,*,#8047,.T.);
#8064 = ORIENTED_EDGE('',*,*,#8052,.T.);
#8065 = ORIENTED_EDGE('',*,*,#8057,.T.);
#8066 = ORIENTED_EDGE('',*,*,#8062,.T.);
#8067 = EDGE_LOOP('',(#8063,#8064,#8065,#8066));
#8068 = FACE_OUTER_BOUND('',#8067,.T.);
#8069 = CARTESIAN_POINT('',(104.97700,2.64375,0.00000));
#8070 = DIRECTION('',(0.212573,-0.977145,0.000000));
#8071 = DIRECTION('',(0.977145,0.212573,0.000000));
#8072 = AXIS2_PLACEMENT_3D('',#8069,#8070,#8071);
#8073 = PLANE('',#8072);
#8074 = ADVANCED_FACE('',(#8068),#8073,.T.);
#8075 = CARTESIAN_POINT('',(104.99821,2.64836,0.00000));
#8076 = VERTEX_POINT('',#8075);
#8077 = CARTESIAN_POINT('',(105.01855,2.65595,0.00000));
#8078 = VERTEX_POINT('',#8077);
#8079 = CARTESIAN_POINT('',(105.01855,2.65595,1.50000));
#8080 = VERTEX_POINT('',#8079);
#8081 = CARTESIAN_POINT('',(104.99821,2.64836,1.50000));
#8082 = VERTEX_POINT('',#8081);
#8083 = CARTESIAN_POINT('',(104.99821,2.64836,0.00000));
#8084 = DIRECTION('',(0.936948,0.349470,0.000000));
#8085 = VECTOR('',#8084,0.02171);
#8086 = LINE('',#8083,#8085);
#8087 = EDGE_CURVE('',#8076,#8078,#8086,.T.);
#8088 = CARTESIAN_POINT('',(105.01855,2.65595,0.00000));
#8089 = DIRECTION('',(0.000000,0.000000,1.000000));
#8090 = VECTOR('',#8089,1.50000);
#8091 = LINE('',#8088,#8090);
#8092 = EDGE_CURVE('',#8078,#8080,#8091,.T.);
#8093 = CARTESIAN_POINT('',(105.01855,2.65595,1.50000));
#8094 = DIRECTION('',(-0.936948,-0.349470,0.000000));
#8095 = VECTOR('',#8094,0.02171);
#8096 = LINE('',#8093,#8095);
#8097 = EDGE_CURVE('',#8080,#8082,#8096,.T.);
#8098 = CARTESIAN_POINT('',(104.99821,2.64836,1.50000));
#8099 = DIRECTION('',(0.000000,0.000000,-1.000000));
#8100 = VECTOR('',#8099,1.50000);
#8101 = LINE('',#8098,#8100);
#8102 = EDGE_CURVE('',#8082,#8076,#8101,.T.);
#8103 = ORIENTED_EDGE('',*,*,#8087,.T.);
#8104 = ORIENTED_EDGE('',*,*,#8092,.T.);
#8105 = ORIENTED_EDGE('',*,*,#8097,.T.);
#8106 = ORIENTED_EDGE('',*,*,#8102,.T.);
#8107 = EDGE_LOOP('',(#8103,#8104,#8105,#8106));
#8108 = FACE_OUTER_BOUND('',#8107,.T.);
#8109 = CARTESIAN_POINT('',(104.99821,2.64836,0.00000));
#8110 = DIRECTION('',(0.349470,-0.936948,0.000000));
#8111 = DIRECTION('',(0.936948,0.349470,0.000000));
#8112 = AXIS2_PLACEMENT_3D('',#8109,#8110,#8111);
#8113 = PLANE('',#8112);
#8114 = ADVANCED_FACE('',(#8108),#8113,.T.);
#8115 = CARTESIAN_POINT('',(105.01855,2.65595,0.00000));
#8116 = VERTEX_POINT('',#8115);
#8117 = CARTESIAN_POINT('',(105.03761,2.66635,0.00000));
#8118 = VERTEX_POINT('',#8117);
#8119 = CARTESIAN_POINT('',(105.03761,2.66635,1.50000));
#8120 = VERTEX_POINT('',#8119);
#8121 = CARTESIAN_POINT('',(105.01855,2.65595,1.50000));
#8122 = VERTEX_POINT('',#8121);
#8123 = CARTESIAN_POINT('',(105.01855,2.65595,0.00000));
#8124 = DIRECTION('',(0.877677,0.479252,0.000000));
#8125 = VECTOR('',#8124,0.02171);
#8126 = LINE('',#8123,#8125);
#8127 = EDGE_CURVE('',#8116,#8118,#8126,.T.);
#8128 = CARTESIAN_POINT('',(105.03761,2.66635,0.00000));
#8129 = DIRECTION('',(0.000000,0.000000,1.000000));
#8130 = VECTOR('',#8129,1.50000);
#8131 = LINE('',#8128,#8130);
#8132 = EDGE_CURVE('',#8118,#8120,#8131,.T.);
#8133 = CARTESIAN_POINT('',(105.03761,2.66635,1.50000));
#8134 = DIRECTION('',(-0.877677,-0.479252,0.000000));
#8135 = VECTOR('',#8134,0.02171);
#8136 = LINE('',#8133,#8135);
#8137 = EDGE_CURVE('',#8120,#8122,#8136,.T.);
#8138 = CARTESIAN_POINT('',(105.01855,2.65595,1.50000));
#8139 = DIRECTION('',(0.000000,0.000000,-1.000000));
#8140 = VECTOR('',#8139,1.50000);
#8141 = LINE('',#8138,#8140);
#8142 = EDGE_CURVE('',#8122,#8116,#8141,.T.);
#8143 = ORIENTED_EDGE('',*,*,#8127,.T.);
#8144 = ORIENTED_EDGE('',*,*,#8132,.T.);
#8145 = ORIENTED_EDGE('',*,*,#8137,.T.);
#8146 = ORIENTED_EDGE('',*,*,#8142,.T.);
#8147 = EDGE_LOOP('',(#8143,#8144,#8145,#8146));
#8148 = FACE_OUTER_BOUND('',#8147,.T.);
#8149 = CARTESIAN_POINT('',(105.01855,2.65595,0.00000));
#8150 = DIRECTION('',(0.479252,-0.877677,0.000000));
#8151 = DIRECTION('',(0.877677,0.479252,0.000000));
#8152 = AXIS2_PLACEMENT_3D('',#8149,#8150,#8151);
#8153 = PLANE('',#8152);
#8154 = ADVANCED_FACE('',(#8148),#8153,.T.);
#8155 = CARTESIAN_POINT('',(105.03761,2.66635,0.00000));
#8156 = VERTEX_POINT('',#8155);
#8157 = CARTESIAN_POINT('',(105.05499,2.67936,0.00000));
#8158 = VERTEX_POINT('',#8157);
#8159 = CARTESIAN_POINT('',(105.05499,2.67936,1.50000));
#8160 = VERTEX_POINT('',#8159);
#8161 = CARTESIAN_POINT('',(105.03761,2.66635,1.50000));
#8162 = VERTEX_POINT('',#8161);
#8163 = CARTESIAN_POINT('',(105.03761,2.66635,0.00000));
#8164 = DIRECTION('',(0.800540,0.599279,0.000000));
#8165 = VECTOR('',#8164,0.02171);
#8166 = LINE('',#8163,#8165);
#8167 = EDGE_CURVE('',#8156,#8158,#8166,.T.);
#8168 = CARTESIAN_POINT('',(105.05499,2.67936,0.00000));
#8169 = DIRECTION('',(0.000000,0.000000,1.000000));
#8170 = VECTOR('',#8169,1.50000);
#8171 = LINE('',#8168,#8170);
#8172 = EDGE_CURVE('',#8158,#8160,#8171,.T.);
#8173 = CARTESIAN_POINT('',(105.05499,2.67936,1.50000));
#8174 = DIRECTION('',(-0.800540,-0.599279,0.000000));
#8175 = VECTOR('',#8174,0.02171);
#8176 = LINE('',#8173,#8175);
#8177 = EDGE_CURVE('',#8160,#8162,#8176,.T.);
#8178 = CARTESIAN_POINT('',(105.03761,2.66635,1.50000));
#8179 = DIRECTION('',(0.000000,0.000000,-1.000000));
#8180 = VECTOR('',#8179,1.50000);
#8181 = LINE('',#8178,#8180);
#8182 = EDGE_CURVE('',#8162,#8156,#8181,.T.);
#8183 = ORIENTED_EDGE('',*,*,#8167,.T.);
#8184 = ORIENTED_EDGE('',*,*,#8172,.T.);
#8185 = ORIENTED_EDGE('',*,*,#8177,.T.);
#8186 = ORIENTED_EDGE('',*,*,#8182,.T.);
#8187 = EDGE_LOOP('',(#8183,#8184,#8185,#8186));
#8188 = FACE_OUTER_BOUND('',#8187,.T.);
#8189 = CARTESIAN_POINT('',(105.03761,2.66635,0.00000));
#8190 = DIRECTION('',(0.599279,-0.800540,0.000000));
#8191 = DIRECTION('',(0.800540,0.599279,0.000000));
#8192 = AXIS2_PLACEMENT_3D('',#8189,#8190,#8191);
#8193 = PLANE('',#8192);
#8194 = ADVANCED_FACE('',(#8188),#8193,.T.);
#8195 = CARTESIAN_POINT('',(105.05499,2.67936,0.00000));
#8196 = VERTEX_POINT('',#8195);
#8197 = CARTESIAN_POINT('',(105.07034,2.69471,0.00000));
#8198 = VERTEX_POINT('',#8197);
#8199 = CARTESIAN_POINT('',(105.07034,2.69471,1.50000));
#8200 = VERTEX_POINT('',#8199);
#8201 = CARTESIAN_POINT('',(105.05499,2.67936,1.50000));
#8202 = VERTEX_POINT('',#8201);
#8203 = CARTESIAN_POINT('',(105.05499,2.67936,0.00000));
#8204 = DIRECTION('',(0.707107,0.707107,0.000000));
#8205 = VECTOR('',#8204,0.02171);
#8206 = LINE('',#8203,#8205);
#8207 = EDGE_CURVE('',#8196,#8198,#8206,.T.);
#8208 = CARTESIAN_POINT('',(105.07034,2.69471,0.00000));
#8209 = DIRECTION('',(0.000000,0.000000,1.000000));
#8210 = VECTOR('',#8209,1.50000);
#8211 = LINE('',#8208,#8210);
#8212 = EDGE_CURVE('',#8198,#8200,#8211,.T.);
#8213 = CARTESIAN_POINT('',(105.07034,2.69471,1.50000));
#8214 = DIRECTION('',(-0.707107,-0.707107,0.000000));
#8215 = VECTOR('',#8214,0.02171);
#8216 = LINE('',#8213,#8215);
#8217 = EDGE_CURVE('',#8200,#8202,#8216,.T.);
#8218 = CARTESIAN_POINT('',(105.05499,2.67936,1.50000));
#8219 = DIRECTION('',(0.000000,0.000000,-1.000000));
#8220 = VECTOR('',#8219,1.50000);
#8221 = LINE('',#8218,#8220);
#8222 = EDGE_CURVE('',#8202,#8196,#8221,.T.);
#8223 = ORIENTED_EDGE('',*,*,#8207,.T.);
#8224 = ORIENTED_EDGE('',*,*,#8212,.T.);
#8225 = ORIENTED_EDGE('',*,*,#8217,.T.);
#8226 = ORIENTED_EDGE('',*,*,#8222,.T.);
#8227 = EDGE_LOOP('',(#8223,#8224,#8225,#8226));
#8228 = FACE_OUTER_BOUND('',#8227,.T.);
#8229 = CARTESIAN_POINT('',(105.05499,2.67936,0.00000));
#8230 = DIRECTION('',(0.707107,-0.707107,0.000000));
#8231 = DIRECTION('',(0.707107,0.707107,0.000000));
#8232 = AXIS2_PLACEMENT_3D('',#8229,#8230,#8231);
#8233 = PLANE('',#8232);
#8234 = ADVANCED_FACE('',(#8228),#8233,.T.);
#8235 = CARTESIAN_POINT('',(105.07034,2.69471,0.00000));
#8236 = VERTEX_POINT('',#8235);
#8237 = CARTESIAN_POINT('',(105.08335,2.71209,0.00000));
#8238 = VERTEX_POINT('',#8237);
#8239 = CARTESIAN_POINT('',(105.08335,2.71209,1.50000));
#8240 = VERTEX_POINT('',#8239);
#8241 = CARTESIAN_POINT('',(105.07034,2.69471,1.50000));
#8242 = VERTEX_POINT('',#8241);
#8243 = CARTESIAN_POINT('',(105.07034,2.69471,0.00000));
#8244 = DIRECTION('',(0.599279,0.800540,0.000000));
#8245 = VECTOR('',#8244,0.02171);
#8246 = LINE('',#8243,#8245);
#8247 = EDGE_CURVE('',#8236,#8238,#8246,.T.);
#8248 = CARTESIAN_POINT('',(105.08335,2.71209,0.00000));
#8249 = DIRECTION('',(0.000000,0.000000,1.000000));
#8250 = VECTOR('',#8249,1.50000);
#8251 = LINE('',#8248,#8250);
#8252 = EDGE_CURVE('',#8238,#8240,#8251,.T.);
#8253 = CARTESIAN_POINT('',(105.08335,2.71209,1.50000));
#8254 = DIRECTION('',(-0.599279,-0.800540,0.000000));
#8255 = VECTOR('',#8254,0.02171);
#8256 = LINE('',#8253,#8255);
#8257 = EDGE_CURVE('',#8240,#8242,#8256,.T.);
#8258 = CARTESIAN_POINT('',(105.07034,2.69471,1.50000));
#8259 = DIRECTION('',(0.000000,0.000000,-1.000000));
#8260 = VECTOR('',#8259,1.50000);
#8261 = LINE('',#8258,#8260);
#8262 = EDGE_CURVE('',#8242,#8236,#8261,.T.);
#8263 = ORIENTED_EDGE('',*,*,#8247,.T.);
#8264 = ORIENTED_EDGE('',*,*,#8252,.T.);
#8265 = ORIENTED_EDGE('',*,*,#8257,.T.);
#8266 = ORIENTED_EDGE('',*,*,#8262,.T.);
#8267 = EDGE_LOOP('',(#8263,#8264,#8265,#8266));
#8268 = FACE_OUTER_BOUND('',#8267,.T.);
#8269 = CARTESIAN_POINT('',(105.07034,2.69471,0.00000));
#8270 = DIRECTION('',(0.800540,-0.599279,0.000000));
#8271 = DIRECTION('',(0.599279,0.800540,0.000000));
#8272 = AXIS2_PLACEMENT_3D('',#8269,#8270,#8271);
#8273 = PLANE('',#8272);
#8274 = ADVANCED_FACE('',(#8268),#8273,.T.);
#8275 = CARTESIAN_POINT('',(105.08335,2.71209,0.00000));
#8276 = VERTEX_POINT('',#8275);
#8277 = CARTESIAN_POINT('',(105.09375,2.73115,0.00000));
#8278 = VERTEX_POINT('',#8277);
#8279 = CARTESIAN_POINT('',(105.09375,2.73115,1.50000));
#8280 = VERTEX_POINT('',#8279);
#8281 = CARTESIAN_POINT('',(105.08335,2.71209,1.50000));
#8282 = VERTEX_POINT('',#8281);
#8283 = CARTESIAN_POINT('',(105.08335,2.71209,0.00000));
#8284 = DIRECTION('',(0.479252,0.877677,0.000000));
#8285 = VECTOR('',#8284,0.02171);
#8286 = LINE('',#8283,#8285);
#8287 = EDGE_CURVE('',#8276,#8278,#8286,.T.);
#8288 = CARTESIAN_POINT('',(105.09375,2.73115,0.00000));
#8289 = DIRECTION('',(0.000000,0.000000,1.000000));
#8290 = VECTOR('',#8289,1.50000);
#8291 = LINE('',#8288,#8290);
#8292 = EDGE_CURVE('',#8278,#8280,#8291,.T.);
#8293 = CARTESIAN_POINT('',(105.09375,2.73115,1.50000));
#8294 = DIRECTION('',(-0.479252,-0.877677,0.000000));
#8295 = VECTOR('',#8294,0.02171);
#8296 = LINE('',#8293,#8295);
#8297 = EDGE_CURVE('',#8280,#8282,#8296,.T.);
#8298 = CARTESIAN_POINT('',(105.08335,2.71209,1.50000));
#8299 = DIRECTION('',(0.000000,0.000000,-1.000000));
#8300 = VECTOR('',#8299,1.50000);
#8301 = LINE('',#8298,#8300);
#8302 = EDGE_CURVE('',#8282,#8276,#8301,.T.);
#8303 = ORIENTED_EDGE('',*,*,#8287,.T.);
#8304 = ORIENTED_EDGE('',*,*,#8292,.T.);
#8305 = ORIENTED_EDGE('',*,*,#8297,.T.);
#8306 = ORIENTED_EDGE('',*,*,#8302,.T.);
#8307 = EDGE_LOOP('',(#8303,#8304,#8305,#8306));
#8308 = FACE_OUTER_BOUND('',#8307,.T.);
#8309 = CARTESIAN_POINT('',(105.08335,2.71209,0.00000));
#8310 = DIRECTION('',(0.877677,-0.479252,0.000000));
#8311 = DIRECTION('',(0.479252,0.877677,0.000000));
#8312 = AXIS2_PLACEMENT_3D('',#8309,#8310,#8311);
#8313 = PLANE('',#8312);
#8314 = ADVANCED_FACE('',(#8308),#8313,.T.);
#8315 = CARTESIAN_POINT('',(105.09375,2.73115,0.00000));
#8316 = VERTEX_POINT('',#8315);
#8317 = CARTESIAN_POINT('',(105.10134,2.75149,0.00000));
#8318 = VERTEX_POINT('',#8317);
#8319 = CARTESIAN_POINT('',(105.10134,2.75149,1.50000));
#8320 = VERTEX_POINT('',#8319);
#8321 = CARTESIAN_POINT('',(105.09375,2.73115,1.50000));
#8322 = VERTEX_POINT('',#8321);
#8323 = CARTESIAN_POINT('',(105.09375,2.73115,0.00000));
#8324 = DIRECTION('',(0.349470,0.936948,0.000000));
#8325 = VECTOR('',#8324,0.02171);
#8326 = LINE('',#8323,#8325);
#8327 = EDGE_CURVE('',#8316,#8318,#8326,.T.);
#8328 = CARTESIAN_POINT('',(105.10134,2.75149,0.00000));
#8329 = DIRECTION('',(0.000000,0.000000,1.000000));
#8330 = VECTOR('',#8329,1.50000);
#8331 = LINE('',#8328,#8330);
#8332 = EDGE_CURVE('',#8318,#8320,#8331,.T.);
#8333 = CARTESIAN_POINT('',(105.10134,2.75149,1.50000));
#8334 = DIRECTION('',(-0.349470,-0.936948,0.000000));
#8335 = VECTOR('',#8334,0.02171);
#8336 = LINE('',#8333,#8335);
#8337 = EDGE_CURVE('',#8320,#8322,#8336,.T.);
#8338 = CARTESIAN_POINT('',(105.09375,2.73115,1.50000));
#8339 = DIRECTION('',(0.000000,0.000000,-1.000000));
#8340 = VECTOR('',#8339,1.50000);
#8341 = LINE('',#8338,#8340);
#8342 = EDGE_CURVE('',#8322,#8316,#8341,.T.);
#8343 = ORIENTED_EDGE('',*,*,#8327,.T.);
#8344 = ORIENTED_EDGE('',*,*,#8332,.T.);
#8345 = ORIENTED_EDGE('',*,*,#8337,.T.);
#8346 = ORIENTED_EDGE('',*,*,#8342,.T.);
#8347 = EDGE_LOOP('',(#8343,#8344,#8345,#8346));
#8348 = FACE_OUTER_BOUND('',#8347,.T.);
#8349 = CARTESIAN_POINT('',(105.09375,2.73115,0.00000));
#8350 = DIRECTION('',(0.936948,-0.349470,0.000000));
#8351 = DIRECTION('',(0.349470,0.936948,0.000000));
#8352 = AXIS2_PLACEMENT_3D('',#8349,#8350,#8351);
#8353 = PLANE('',#8352);
#8354 = ADVANCED_FACE('',(#8348),#8353,.T.);
#8355 = CARTESIAN_POINT('',(105.10134,2.75149,0.00000));
#8356 = VERTEX_POINT('',#8355);
#8357 = CARTESIAN_POINT('',(105.10596,2.77271,0.00000));
#8358 = VERTEX_POINT('',#8357);
#8359 = CARTESIAN_POINT('',(105.10596,2.77271,1.50000));
#8360 = VERTEX_POINT('',#8359);
#8361 = CARTESIAN_POINT('',(105.10134,2.75149,1.50000));
#8362 = VERTEX_POINT('',#8361);
#8363 = CARTESIAN_POINT('',(105.10134,2.75149,0.00000));
#8364 = DIRECTION('',(0.212573,0.977145,0.000000));
#8365 = VECTOR('',#8364,0.02171);
#8366 = LINE('',#8363,#8365);
#8367 = EDGE_CURVE('',#8356,#8358,#8366,.T.);
#8368 = CARTESIAN_POINT('',(105.10596,2.77271,0.00000));
#8369 = DIRECTION('',(0.000000,0.000000,1.000000));
#8370 = VECTOR('',#8369,1.50000);
#8371 = LINE('',#8368,#8370);
#8372 = EDGE_CURVE('',#8358,#8360,#8371,.T.);
#8373 = CARTESIAN_POINT('',(105.10596,2.77271,1.50000));
#8374 = DIRECTION('',(-0.212573,-0.977145,0.000000));
#8375 = VECTOR('',#8374,0.02171);
#8376 = LINE('',#8373,#8375);
#8377 = EDGE_CURVE('',#8360,#8362,#8376,.T.);
#8378 = CARTESIAN_POINT('',(105.10134,2.75149,1.50000));
#8379 = DIRECTION('',(0.000000,0.000000,-1.000000));
#8380 = VECTOR('',#8379,1.50000);
#8381 = LINE('',#8378,#8380);
#8382 = EDGE_CURVE('',#8362,#8356,#8381,.T.);
#8383 = ORIENTED_EDGE('',*,*,#8367,.T.);
#8384 = ORIENTED_EDGE('',*,*,#8372,.T.);
#8385 = ORIENTED_EDGE('',*,*,#8377,.T.);
#8386 = ORIENTED_EDGE('',*,*,#8382,.T.);
#8387 = EDGE_LOOP('',(#8383,#8384,#8385,#8386));
#8388 = FACE_OUTER_BOUND('',#8387,.T.);
#8389 = CARTESIAN_POINT('',(105.10134,2.75149,0.00000));
#8390 = DIRECTION('',(0.977145,-0.212573,0.000000));
#8391 = DIRECTION('',(0.212573,0.977145,0.000000));
#8392 = AXIS2_PLACEMENT_3D('',#8389,#8390,#8391);
#8393 = PLANE('',#8392);
#8394 = ADVANCED_FACE('',(#8388),#8393,.T.);
#8395 = CARTESIAN_POINT('',(105.10596,2.77271,0.00000));
#8396 = VERTEX_POINT('',#8395);
#8397 = CARTESIAN_POINT('',(105.10751,2.79436,0.00000));
#8398 = VERTEX_POINT('',#8397);
#8399 = CARTESIAN_POINT('',(105.10751,2.79436,1.50000));
#8400 = VERTEX_POINT('',#8399);
#8401 = CARTESIAN_POINT('',(105.10596,2.77271,1.50000));
#8402 = VERTEX_POINT('',#8401);
#8403 = CARTESIAN_POINT('',(105.10596,2.77271,0.00000));
#8404 = DIRECTION('',(0.071349,0.997451,0.000000));
#8405 = VECTOR('',#8404,0.02171);
#8406 = LINE('',#8403,#8405);
#8407 = EDGE_CURVE('',#8396,#8398,#8406,.T.);
#8408 = CARTESIAN_POINT('',(105.10751,2.79436,0.00000));
#8409 = DIRECTION('',(0.000000,0.000000,1.000000));
#8410 = VECTOR('',#8409,1.50000);
#8411 = LINE('',#8408,#8410);
#8412 = EDGE_CURVE('',#8398,#8400,#8411,.T.);
#8413 = CARTESIAN_POINT('',(105.10751,2.79436,1.50000));
#8414 = DIRECTION('',(-0.071349,-0.997451,0.000000));
#8415 = VECTOR('',#8414,0.02171);
#8416 = LINE('',#8413,#8415);
#8417 = EDGE_CURVE('',#8400,#8402,#8416,.T.);
#8418 = CARTESIAN_POINT('',(105.10596,2.77271,1.50000));
#8419 = DIRECTION('',(0.000000,0.000000,-1.000000));
#8420 = VECTOR('',#8419,1.50000);
#8421 = LINE('',#8418,#8420);
#8422 = EDGE_CURVE('',#8402,#8396,#8421,.T.);
#8423 = ORIENTED_EDGE('',*,*,#8407,.T.);
#8424 = ORIENTED_EDGE('',*,*,#8412,.T.);
#8425 = ORIENTED_EDGE('',*,*,#8417,.T.);
#8426 = ORIENTED_EDGE('',*,*,#8422,.T.);
#8427 = EDGE_LOOP('',(#8423,#8424,#8425,#8426));
#8428 = FACE_OUTER_BOUND('',#8427,.T.);
#8429 = CARTESIAN_POINT('',(105.10596,2.77271,0.00000));
#8430 = DIRECTION('',(0.997451,-0.071349,0.000000));
#8431 = DIRECTION('',(0.071349,0.997451,0.000000));
#8432 = AXIS2_PLACEMENT_3D('',#8429,#8430,#8431);
#8433 = PLANE('',#8432);
#8434 = ADVANCED_FACE('',(#8428),#8433,.T.);
#8435 = CARTESIAN_POINT('',(105.10751,2.79436,0.00000));
#8436 = VERTEX_POINT('',#8435);
#8437 = CARTESIAN_POINT('',(105.10751,6.68056,0.00000));
#8438 = VERTEX_POINT('',#8437);
#8439 = CARTESIAN_POINT('',(105.10751,6.68056,1.50000));
#8440 = VERTEX_POINT('',#8439);
#8441 = CARTESIAN_POINT('',(105.10751,2.79436,1.50000));
#8442 = VERTEX_POINT('',#8441);
#8443 = CARTESIAN_POINT('',(105.10751,2.79436,0.00000));
#8444 = DIRECTION('',(0.000000,1.000000,0.000000));
#8445 = VECTOR('',#8444,3.88620);
#8446 = LINE('',#8443,#8445);
#8447 = EDGE_CURVE('',#8436,#8438,#8446,.T.);
#8448 = CARTESIAN_POINT('',(105.10751,6.68056,0.00000));
#8449 = DIRECTION('',(0.000000,0.000000,1.000000));
#8450 = VECTOR('',#8449,1.50000);
#8451 = LINE('',#8448,#8450);
#8452 = EDGE_CURVE('',#8438,#8440,#8451,.T.);
#8453 = CARTESIAN_POINT('',(105.10751,6.68056,1.50000));
#8454 = DIRECTION('',(-0.000000,-1.000000,0.000000));
#8455 = VECTOR('',#8454,3.88620);
#8456 = LINE('',#8453,#8455);
#8457 = EDGE_CURVE('',#8440,#8442,#8456,.T.);
#8458 = CARTESIAN_POINT('',(105.10751,2.79436,1.50000));
#8459 = DIRECTION('',(0.000000,0.000000,-1.000000));
#8460 = VECTOR('',#8459,1.50000);
#8461 = LINE('',#8458,#8460);
#8462 = EDGE_CURVE('',#8442,#8436,#8461,.T.);
#8463 = ORIENTED_EDGE('',*,*,#8447,.T.);
#8464 = ORIENTED_EDGE('',*,*,#8452,.T.);
#8465 = ORIENTED_EDGE('',*,*,#8457,.T.);
#8466 = ORIENTED_EDGE('',*,*,#8462,.T.);
#8467 = EDGE_LOOP('',(#8463,#8464,#8465,#8466));
#8468 = FACE_OUTER_BOUND('',#8467,.T.);
#8469 = CARTESIAN_POINT('',(105.10751,2.79436,0.00000));
#8470 = DIRECTION('',(1.000000,-0.000000,0.000000));
#8471 = DIRECTION('',(0.000000,1.000000,0.000000));
#8472 = AXIS2_PLACEMENT_3D('',#8469,#8470,#8471);
#8473 = PLANE('',#8472);
#8474 = ADVANCED_FACE('',(#8468),#8473,.T.);
#8475 = CARTESIAN_POINT('',(105.10751,6.68056,0.00000));
#8476 = VERTEX_POINT('',#8475);
#8477 = CARTESIAN_POINT('',(105.11009,6.71674,0.00000));
#8478 = VERTEX_POINT('',#8477);
#8479 = CARTESIAN_POINT('',(105.11009,6.71674,1.50000));
#8480 = VERTEX_POINT('',#8479);
#8481 = CARTESIAN_POINT('',(105.10751,6.68056,1.50000));
#8482 = VERTEX_POINT('',#8481);
#8483 = CARTESIAN_POINT('',(105.10751,6.68056,0.00000));
#8484 = DIRECTION('',(0.071336,0.997452,0.000000));
#8485 = VECTOR('',#8484,0.03627);
#8486 = LINE('',#8483,#8485);
#8487 = EDGE_CURVE('',#8476,#8478,#8486,.T.);
#8488 = CARTESIAN_POINT('',(105.11009,6.71674,0.00000));
#8489 = DIRECTION('',(0.000000,0.000000,1.000000));
#8490 = VECTOR('',#8489,1.50000);
#8491 = LINE('',#8488,#8490);
#8492 = EDGE_CURVE('',#8478,#8480,#8491,.T.);
#8493 = CARTESIAN_POINT('',(105.11009,6.71674,1.50000));
#8494 = DIRECTION('',(-0.071336,-0.997452,0.000000));
#8495 = VECTOR('',#8494,0.03627);
#8496 = LINE('',#8493,#8495);
#8497 = EDGE_CURVE('',#8480,#8482,#8496,.T.);
#8498 = CARTESIAN_POINT('',(105.10751,6.68056,1.50000));
#8499 = DIRECTION('',(0.000000,0.000000,-1.000000));
#8500 = VECTOR('',#8499,1.50000);
#8501 = LINE('',#8498,#8500);
#8502 = EDGE_CURVE('',#8482,#8476,#8501,.T.);
#8503 = ORIENTED_EDGE('',*,*,#8487,.T.);
#8504 = ORIENTED_EDGE('',*,*,#8492,.T.);
#8505 = ORIENTED_EDGE('',*,*,#8497,.T.);
#8506 = ORIENTED_EDGE('',*,*,#8502,.T.);
#8507 = EDGE_LOOP('',(#8503,#8504,#8505,#8506));
#8508 = FACE_OUTER_BOUND('',#8507,.T.);
#8509 = CARTESIAN_POINT('',(105.10751,6.68056,0.00000));
#8510 = DIRECTION('',(0.997452,-0.071336,0.000000));
#8511 = DIRECTION('',(0.071336,0.997452,0.000000));
#8512 = AXIS2_PLACEMENT_3D('',#8509,#8510,#8511);
#8513 = PLANE('',#8512);
#8514 = ADVANCED_FACE('',(#8508),#8513,.T.);
#8515 = CARTESIAN_POINT('',(105.11009,6.71674,0.00000));
#8516 = VERTEX_POINT('',#8515);
#8517 = CARTESIAN_POINT('',(105.11780,6.75219,0.00000));
#8518 = VERTEX_POINT('',#8517);
#8519 = CARTESIAN_POINT('',(105.11780,6.75219,1.50000));
#8520 = VERTEX_POINT('',#8519);
#8521 = CARTESIAN_POINT('',(105.11009,6.71674,1.50000));
#8522 = VERTEX_POINT('',#8521);
#8523 = CARTESIAN_POINT('',(105.11009,6.71674,0.00000));
#8524 = DIRECTION('',(0.212562,0.977147,0.000000));
#8525 = VECTOR('',#8524,0.03627);
#8526 = LINE('',#8523,#8525);
#8527 = EDGE_CURVE('',#8516,#8518,#8526,.T.);
#8528 = CARTESIAN_POINT('',(105.11780,6.75219,0.00000));
#8529 = DIRECTION('',(0.000000,0.000000,1.000000));
#8530 = VECTOR('',#8529,1.50000);
#8531 = LINE('',#8528,#8530);
#8532 = EDGE_CURVE('',#8518,#8520,#8531,.T.);
#8533 = CARTESIAN_POINT('',(105.11780,6.75219,1.50000));
#8534 = DIRECTION('',(-0.212562,-0.977147,0.000000));
#8535 = VECTOR('',#8534,0.03627);
#8536 = LINE('',#8533,#8535);
#8537 = EDGE_CURVE('',#8520,#8522,#8536,.T.);
#8538 = CARTESIAN_POINT('',(105.11009,6.71674,1.50000));
#8539 = DIRECTION('',(0.000000,0.000000,-1.000000));
#8540 = VECTOR('',#8539,1.50000);
#8541 = LINE('',#8538,#8540);
#8542 = EDGE_CURVE('',#8522,#8516,#8541,.T.);
#8543 = ORIENTED_EDGE('',*,*,#8527,.T.);
#8544 = ORIENTED_EDGE('',*,*,#8532,.T.);
#8545 = ORIENTED_EDGE('',*,*,#8537,.T.);
#8546 = ORIENTED_EDGE('',*,*,#8542,.T.);
#8547 = EDGE_LOOP('',(#8543,#8544,#8545,#8546));
#8548 = FACE_OUTER_BOUND('',#8547,.T.);
#8549 = CARTESIAN_POINT('',(105.11009,6.71674,0.00000));
#8550 = DIRECTION('',(0.977147,-0.212562,0.000000));
#8551 = DIRECTION('',(0.212562,0.977147,0.000000));
#8552 = AXIS2_PLACEMENT_3D('',#8549,#8550,#8551);
#8553 = PLANE('',#8552);
#8554 = ADVANCED_FACE('',(#8548),#8553,.T.);
#8555 = CARTESIAN_POINT('',(105.11780,6.75219,0.00000));
#8556 = VERTEX_POINT('',#8555);
#8557 = CARTESIAN_POINT('',(105.13048,6.78617,0.00000));
#8558 = VERTEX_POINT('',#8557);
#8559 = CARTESIAN_POINT('',(105.13048,6.78617,1.50000));
#8560 = VERTEX_POINT('',#8559);
#8561 = CARTESIAN_POINT('',(105.11780,6.75219,1.50000));
#8562 = VERTEX_POINT('',#8561);
#8563 = CARTESIAN_POINT('',(105.11780,6.75219,0.00000));
#8564 = DIRECTION('',(0.349462,0.936950,0.000000));
#8565 = VECTOR('',#8564,0.03627);
#8566 = LINE('',#8563,#8565);
#8567 = EDGE_CURVE('',#8556,#8558,#8566,.T.);
#8568 = CARTESIAN_POINT('',(105.13048,6.78617,0.00000));
#8569 = DIRECTION('',(0.000000,0.000000,1.000000));
#8570 = VECTOR('',#8569,1.50000);
#8571 = LINE('',#8568,#8570);
#8572 = EDGE_CURVE('',#8558,#8560,#8571,.T.);
#8573 = CARTESIAN_POINT('',(105.13048,6.78617,1.50000));
#8574 = DIRECTION('',(-0.349462,-0.936950,0.000000));
#8575 = VECTOR('',#8574,0.03627);
#8576 = LINE('',#8573,#8575);
#8577 = EDGE_CURVE('',#8560,#8562,#8576,.T.);
#8578 = CARTESIAN_POINT('',(105.11780,6.75219,1.50000));
#8579 = DIRECTION('',(0.000000,0.000000,-1.000000));
#8580 = VECTOR('',#8579,1.50000);
#8581 = LINE('',#8578,#8580);
#8582 = EDGE_CURVE('',#8562,#8556,#8581,.T.);
#8583 = ORIENTED_EDGE('',*,*,#8567,.T.);
#8584 = ORIENTED_EDGE('',*,*,#8572,.T.);
#8585 = ORIENTED_EDGE('',*,*,#8577,.T.);
#8586 = ORIENTED_EDGE('',*,*,#8582,.T.);
#8587 = EDGE_LOOP('',(#8583,#8584,#8585,#8586));
#8588 = FACE_OUTER_BOUND('',#8587,.T.);
#8589 = CARTESIAN_POINT('',(105.11780,6.75219,0.00000));
#8590 = DIRECTION('',(0.936950,-0.349462,0.000000));
#8591 = DIRECTION('',(0.349462,0.936950,0.000000));
#8592 = AXIS2_PLACEMENT_3D('',#8589,#8590,#8591);
#8593 = PLANE('',#8592);
#8594 = ADVANCED_FACE('',(#8588),#8593,.T.);
#8595 = CARTESIAN_POINT('',(105.13048,6.78617,0.00000));
#8596 = VERTEX_POINT('',#8595);
#8597 = CARTESIAN_POINT('',(105.14786,6.81801,0.00000));
#8598 = VERTEX_POINT('',#8597);
#8599 = CARTESIAN_POINT('',(105.14786,6.81801,1.50000));
#8600 = VERTEX_POINT('',#8599);
#8601 = CARTESIAN_POINT('',(105.13048,6.78617,1.50000));
#8602 = VERTEX_POINT('',#8601);
#8603 = CARTESIAN_POINT('',(105.13048,6.78617,0.00000));
#8604 = DIRECTION('',(0.479248,0.877680,0.000000));
#8605 = VECTOR('',#8604,0.03627);
#8606 = LINE('',#8603,#8605);
#8607 = EDGE_CURVE('',#8596,#8598,#8606,.T.);
#8608 = CARTESIAN_POINT('',(105.14786,6.81801,0.00000));
#8609 = DIRECTION('',(0.000000,0.000000,1.000000));
#8610 = VECTOR('',#8609,1.50000);
#8611 = LINE('',#8608,#8610);
#8612 = EDGE_CURVE('',#8598,#8600,#8611,.T.);
#8613 = CARTESIAN_POINT('',(105.14786,6.81801,1.50000));
#8614 = DIRECTION('',(-0.479248,-0.877680,0.000000));
#8615 = VECTOR('',#8614,0.03627);
#8616 = LINE('',#8613,#8615);
#8617 = EDGE_CURVE('',#8600,#8602,#8616,.T.);
#8618 = CARTESIAN_POINT('',(105.13048,6.78617,1.50000));
#8619 = DIRECTION('',(0.000000,0.000000,-1.000000));
#8620 = VECTOR('',#8619,1.50000);
#8621 = LINE('',#8618,#8620);
#8622 = EDGE_CURVE('',#8602,#8596,#8621,.T.);
#8623 = ORIENTED_EDGE('',*,*,#8607,.T.);
#8624 = ORIENTED_EDGE('',*,*,#8612,.T.);
#8625 = ORIENTED_EDGE('',*,*,#8617,.T.);
#8626 = ORIENTED_EDGE('',*,*,#8622,.T.);
#8627 = EDGE_LOOP('',(#8623,#8624,#8625,#8626));
#8628 = FACE_OUTER_BOUND('',#8627,.T.);
#8629 = CARTESIAN_POINT('',(105.13048,6.78617,0.00000));
#8630 = DIRECTION('',(0.877680,-0.479248,0.000000));
#8631 = DIRECTION('',(0.479248,0.877680,0.000000));
#8632 = AXIS2_PLACEMENT_3D('',#8629,#8630,#8631);
#8633 = PLANE('',#8632);
#8634 = ADVANCED_FACE('',(#8628),#8633,.T.);
#8635 = CARTESIAN_POINT('',(105.14786,6.81801,0.00000));
#8636 = VERTEX_POINT('',#8635);
#8637 = CARTESIAN_POINT('',(105.16960,6.84705,0.00000));
#8638 = VERTEX_POINT('',#8637);
#8639 = CARTESIAN_POINT('',(105.16960,6.84705,1.50000));
#8640 = VERTEX_POINT('',#8639);
#8641 = CARTESIAN_POINT('',(105.14786,6.81801,1.50000));
#8642 = VERTEX_POINT('',#8641);
#8643 = CARTESIAN_POINT('',(105.14786,6.81801,0.00000));
#8644 = DIRECTION('',(0.599277,0.800542,0.000000));
#8645 = VECTOR('',#8644,0.03627);
#8646 = LINE('',#8643,#8645);
#8647 = EDGE_CURVE('',#8636,#8638,#8646,.T.);
#8648 = CARTESIAN_POINT('',(105.16960,6.84705,0.00000));
#8649 = DIRECTION('',(0.000000,0.000000,1.000000));
#8650 = VECTOR('',#8649,1.50000);
#8651 = LINE('',#8648,#8650);
#8652 = EDGE_CURVE('',#8638,#8640,#8651,.T.);
#8653 = CARTESIAN_POINT('',(105.16960,6.84705,1.50000));
#8654 = DIRECTION('',(-0.599277,-0.800542,0.000000));
#8655 = VECTOR('',#8654,0.03627);
#8656 = LINE('',#8653,#8655);
#8657 = EDGE_CURVE('',#8640,#8642,#8656,.T.);
#8658 = CARTESIAN_POINT('',(105.14786,6.81801,1.50000));
#8659 = DIRECTION('',(0.000000,0.000000,-1.000000));
#8660 = VECTOR('',#8659,1.50000);
#8661 = LINE('',#8658,#8660);
#8662 = EDGE_CURVE('',#8642,#8636,#8661,.T.);
#8663 = ORIENTED_EDGE('',*,*,#8647,.T.);
#8664 = ORIENTED_EDGE('',*,*,#8652,.T.);
#8665 = ORIENTED_EDGE('',*,*,#8657,.T.);
#8666 = ORIENTED_EDGE('',*,*,#8662,.T.);
#8667 = EDGE_LOOP('',(#8663,#8664,#8665,#8666));
#8668 = FACE_OUTER_BOUND('',#8667,.T.);
#8669 = CARTESIAN_POINT('',(105.14786,6.81801,0.00000));
#8670 = DIRECTION('',(0.800542,-0.599277,0.000000));
#8671 = DIRECTION('',(0.599277,0.800542,0.000000));
#8672 = AXIS2_PLACEMENT_3D('',#8669,#8670,#8671);
#8673 = PLANE('',#8672);
#8674 = ADVANCED_FACE('',(#8668),#8673,.T.);
#8675 = CARTESIAN_POINT('',(105.16960,6.84705,0.00000));
#8676 = VERTEX_POINT('',#8675);
#8677 = CARTESIAN_POINT('',(105.19525,6.87270,0.00000));
#8678 = VERTEX_POINT('',#8677);
#8679 = CARTESIAN_POINT('',(105.19525,6.87270,1.50000));
#8680 = VERTEX_POINT('',#8679);
#8681 = CARTESIAN_POINT('',(105.16960,6.84705,1.50000));
#8682 = VERTEX_POINT('',#8681);
#8683 = CARTESIAN_POINT('',(105.16960,6.84705,0.00000));
#8684 = DIRECTION('',(0.707107,0.707107,0.000000));
#8685 = VECTOR('',#8684,0.03627);
#8686 = LINE('',#8683,#8685);
#8687 = EDGE_CURVE('',#8676,#8678,#8686,.T.);
#8688 = CARTESIAN_POINT('',(105.19525,6.87270,0.00000));
#8689 = DIRECTION('',(0.000000,0.000000,1.000000));
#8690 = VECTOR('',#8689,1.50000);
#8691 = LINE('',#8688,#8690);
#8692 = EDGE_CURVE('',#8678,#8680,#8691,.T.);
#8693 = CARTESIAN_POINT('',(105.19525,6.87270,1.50000));
#8694 = DIRECTION('',(-0.707107,-0.707107,0.000000));
#8695 = VECTOR('',#8694,0.03627);
#8696 = LINE('',#8693,#8695);
#8697 = EDGE_CURVE('',#8680,#8682,#8696,.T.);
#8698 = CARTESIAN_POINT('',(105.16960,6.84705,1.50000));
#8699 = DIRECTION('',(0.000000,0.000000,-1.000000));
#8700 = VECTOR('',#8699,1.50000);
#8701 = LINE('',#8698,#8700);
#8702 = EDGE_CURVE('',#8682,#8676,#8701,.T.);
#8703 = ORIENTED_EDGE('',*,*,#8687,.T.);
#8704 = ORIENTED_EDGE('',*,*,#8692,.T.);
#8705 = ORIENTED_EDGE('',*,*,#8697,.T.);
#8706 = ORIENTED_EDGE('',*,*,#8702,.T.);
#8707 = EDGE_LOOP('',(#8703,#8704,#8705,#8706));
#8708 = FACE_OUTER_BOUND('',#8707,.T.);
#8709 = CARTESIAN_POINT('',(105.16960,6.84705,0.00000));
#8710 = DIRECTION('',(0.707107,-0.707107,0.000000));
#8711 = DIRECTION('',(0.707107,0.707107,0.000000));
#8712 = AXIS2_PLACEMENT_3D('',#8709,#8710,#8711);
#8713 = PLANE('',#8712);
#8714 = ADVANCED_FACE('',(#8708),#8713,.T.);
#8715 = CARTESIAN_POINT('',(105.19525,6.87270,0.00000));
#8716 = VERTEX_POINT('',#8715);
#8717 = CARTESIAN_POINT('',(105.22429,6.89444,0.00000));
#8718 = VERTEX_POINT('',#8717);
#8719 = CARTESIAN_POINT('',(105.22429,6.89444,1.50000));
#8720 = VERTEX_POINT('',#8719);
#8721 = CARTESIAN_POINT('',(105.19525,6.87270,1.50000));
#8722 = VERTEX_POINT('',#8721);
#8723 = CARTESIAN_POINT('',(105.19525,6.87270,0.00000));
#8724 = DIRECTION('',(0.800542,0.599277,0.000000));
#8725 = VECTOR('',#8724,0.03627);
#8726 = LINE('',#8723,#8725);
#8727 = EDGE_CURVE('',#8716,#8718,#8726,.T.);
#8728 = CARTESIAN_POINT('',(105.22429,6.89444,0.00000));
#8729 = DIRECTION('',(0.000000,0.000000,1.000000));
#8730 = VECTOR('',#8729,1.50000);
#8731 = LINE('',#8728,#8730);
#8732 = EDGE_CURVE('',#8718,#8720,#8731,.T.);
#8733 = CARTESIAN_POINT('',(105.22429,6.89444,1.50000));
#8734 = DIRECTION('',(-0.800542,-0.599277,0.000000));
#8735 = VECTOR('',#8734,0.03627);
#8736 = LINE('',#8733,#8735);
#8737 = EDGE_CURVE('',#8720,#8722,#8736,.T.);
#8738 = CARTESIAN_POINT('',(105.19525,6.87270,1.50000));
#8739 = DIRECTION('',(0.000000,0.000000,-1.000000));
#8740 = VECTOR('',#8739,1.50000);
#8741 = LINE('',#8738,#8740);
#8742 = EDGE_CURVE('',#8722,#8716,#8741,.T.);
#8743 = ORIENTED_EDGE('',*,*,#8727,.T.);
#8744 = ORIENTED_EDGE('',*,*,#8732,.T.);
#8745 = ORIENTED_EDGE('',*,*,#8737,.T.);
#8746 = ORIENTED_EDGE('',*,*,#8742,.T.);
#8747 = EDGE_LOOP('',(#8743,#8744,#8745,#8746));
#8748 = FACE_OUTER_BOUND('',#8747,.T.);
#8749 = CARTESIAN_POINT('',(105.19525,6.87270,0.00000));
#8750 = DIRECTION('',(0.599277,-0.800542,0.000000));
#8751 = DIRECTION('',(0.800542,0.599277,0.000000));
#8752 = AXIS2_PLACEMENT_3D('',#8749,#8750,#8751);
#8753 = PLANE('',#8752);
#8754 = ADVANCED_FACE('',(#8748),#8753,.T.);
#8755 = CARTESIAN_POINT('',(105.22429,6.89444,0.00000));
#8756 = VERTEX_POINT('',#8755);
#8757 = CARTESIAN_POINT('',(105.25613,6.91182,0.00000));
#8758 = VERTEX_POINT('',#8757);
#8759 = CARTESIAN_POINT('',(105.25613,6.91182,1.50000));
#8760 = VERTEX_POINT('',#8759);
#8761 = CARTESIAN_POINT('',(105.22429,6.89444,1.50000));
#8762 = VERTEX_POINT('',#8761);
#8763 = CARTESIAN_POINT('',(105.22429,6.89444,0.00000));
#8764 = DIRECTION('',(0.877680,0.479248,0.000000));
#8765 = VECTOR('',#8764,0.03627);
#8766 = LINE('',#8763,#8765);
#8767 = EDGE_CURVE('',#8756,#8758,#8766,.T.);
#8768 = CARTESIAN_POINT('',(105.25613,6.91182,0.00000));
#8769 = DIRECTION('',(0.000000,0.000000,1.000000));
#8770 = VECTOR('',#8769,1.50000);
#8771 = LINE('',#8768,#8770);
#8772 = EDGE_CURVE('',#8758,#8760,#8771,.T.);
#8773 = CARTESIAN_POINT('',(105.25613,6.91182,1.50000));
#8774 = DIRECTION('',(-0.877680,-0.479248,0.000000));
#8775 = VECTOR('',#8774,0.03627);
#8776 = LINE('',#8773,#8775);
#8777 = EDGE_CURVE('',#8760,#8762,#8776,.T.);
#8778 = CARTESIAN_POINT('',(105.22429,6.89444,1.50000));
#8779 = DIRECTION('',(0.000000,0.000000,-1.000000));
#8780 = VECTOR('',#8779,1.50000);
#8781 = LINE('',#8778,#8780);
#8782 = EDGE_CURVE('',#8762,#8756,#8781,.T.);
#8783 = ORIENTED_EDGE('',*,*,#8767,.T.);
#8784 = ORIENTED_EDGE('',*,*,#8772,.T.);
#8785 = ORIENTED_EDGE('',*,*,#8777,.T.);
#8786 = ORIENTED_EDGE('',*,*,#8782,.T.);
#8787 = EDGE_LOOP('',(#8783,#8784,#8785,#8786));
#8788 = FACE_OUTER_BOUND('',#8787,.T.);
#8789 = CARTESIAN_POINT('',(105.22429,6.89444,0.00000));
#8790 = DIRECTION('',(0.479248,-0.877680,0.000000));
#8791 = DIRECTION('',(0.877680,0.479248,0.000000));
#8792 = AXIS2_PLACEMENT_3D('',#8789,#8790,#8791);
#8793 = PLANE('',#8792);
#8794 = ADVANCED_FACE('',(#8788),#8793,.T.);
#8795 = CARTESIAN_POINT('',(105.25613,6.91182,0.00000));
#8796 = VERTEX_POINT('',#8795);
#8797 = CARTESIAN_POINT('',(105.29012,6.92450,0.00000));
#8798 = VERTEX_POINT('',#8797);
#8799 = CARTESIAN_POINT('',(105.29012,6.92450,1.50000));
#8800 = VERTEX_POINT('',#8799);
#8801 = CARTESIAN_POINT('',(105.25613,6.91182,1.50000));
#8802 = VERTEX_POINT('',#8801);
#8803 = CARTESIAN_POINT('',(105.25613,6.91182,0.00000));
#8804 = DIRECTION('',(0.936950,0.349462,0.000000));
#8805 = VECTOR('',#8804,0.03627);
#8806 = LINE('',#8803,#8805);
#8807 = EDGE_CURVE('',#8796,#8798,#8806,.T.);
#8808 = CARTESIAN_POINT('',(105.29012,6.92450,0.00000));
#8809 = DIRECTION('',(0.000000,0.000000,1.000000));
#8810 = VECTOR('',#8809,1.50000);
#8811 = LINE('',#8808,#8810);
#8812 = EDGE_CURVE('',#8798,#8800,#8811,.T.);
#8813 = CARTESIAN_POINT('',(105.29012,6.92450,1.50000));
#8814 = DIRECTION('',(-0.936950,-0.349462,0.000000));
#8815 = VECTOR('',#8814,0.03627);
#8816 = LINE('',#8813,#8815);
#8817 = EDGE_CURVE('',#8800,#8802,#8816,.T.);
#8818 = CARTESIAN_POINT('',(105.25613,6.91182,1.50000));
#8819 = DIRECTION('',(0.000000,0.000000,-1.000000));
#8820 = VECTOR('',#8819,1.50000);
#8821 = LINE('',#8818,#8820);
#8822 = EDGE_CURVE('',#8802,#8796,#8821,.T.);
#8823 = ORIENTED_EDGE('',*,*,#8807,.T.);
#8824 = ORIENTED_EDGE('',*,*,#8812,.T.);
#8825 = ORIENTED_EDGE('',*,*,#8817,.T.);
#8826 = ORIENTED_EDGE('',*,*,#8822,.T.);
#8827 = EDGE_LOOP('',(#8823,#8824,#8825,#8826));
#8828 = FACE_OUTER_BOUND('',#8827,.T.);
#8829 = CARTESIAN_POINT('',(105.25613,6.91182,0.00000));
#8830 = DIRECTION('',(0.349462,-0.936950,0.000000));
#8831 = DIRECTION('',(0.936950,0.349462,0.000000));
#8832 = AXIS2_PLACEMENT_3D('',#8829,#8830,#8831);
#8833 = PLANE('',#8832);
#8834 = ADVANCED_FACE('',(#8828),#8833,.T.);
#8835 = CARTESIAN_POINT('',(105.29012,6.92450,0.00000));
#8836 = VERTEX_POINT('',#8835);
#8837 = CARTESIAN_POINT('',(105.32556,6.93221,0.00000));
#8838 = VERTEX_POINT('',#8837);
#8839 = CARTESIAN_POINT('',(105.32556,6.93221,1.50000));
#8840 = VERTEX_POINT('',#8839);
#8841 = CARTESIAN_POINT('',(105.29012,6.92450,1.50000));
#8842 = VERTEX_POINT('',#8841);
#8843 = CARTESIAN_POINT('',(105.29012,6.92450,0.00000));
#8844 = DIRECTION('',(0.977147,0.212562,0.000000));
#8845 = VECTOR('',#8844,0.03627);
#8846 = LINE('',#8843,#8845);
#8847 = EDGE_CURVE('',#8836,#8838,#8846,.T.);
#8848 = CARTESIAN_POINT('',(105.32556,6.93221,0.00000));
#8849 = DIRECTION('',(0.000000,0.000000,1.000000));
#8850 = VECTOR('',#8849,1.50000);
#8851 = LINE('',#8848,#8850);
#8852 = EDGE_CURVE('',#8838,#8840,#8851,.T.);
#8853 = CARTESIAN_POINT('',(105.32556,6.93221,1.50000));
#8854 = DIRECTION('',(-0.977147,-0.212562,0.000000));
#8855 = VECTOR('',#8854,0.03627);
#8856 = LINE('',#8853,#8855);
#8857 = EDGE_CURVE('',#8840,#8842,#8856,.T.);
#8858 = CARTESIAN_POINT('',(105.29012,6.92450,1.50000));
#8859 = DIRECTION('',(0.000000,0.000000,-1.000000));
#8860 = VECTOR('',#8859,1.50000);
#8861 = LINE('',#8858,#8860);
#8862 = EDGE_CURVE('',#8842,#8836,#8861,.T.);
#8863 = ORIENTED_EDGE('',*,*,#8847,.T.);
#8864 = ORIENTED_EDGE('',*,*,#8852,.T.);
#8865 = ORIENTED_EDGE('',*,*,#8857,.T.);
#8866 = ORIENTED_EDGE('',*,*,#8862,.T.);
#8867 = EDGE_LOOP('',(#8863,#8864,#8865,#8866));
#8868 = FACE_OUTER_BOUND('',#8867,.T.);
#8869 = CARTESIAN_POINT('',(105.29012,6.92450,0.00000));
#8870 = DIRECTION('',(0.212562,-0.977147,0.000000));
#8871 = DIRECTION('',(0.977147,0.212562,0.000000));
#8872 = AXIS2_PLACEMENT_3D('',#8869,#8870,#8871);
#8873 = PLANE('',#8872);
#8874 = ADVANCED_FACE('',(#8868),#8873,.T.);
#8875 = CARTESIAN_POINT('',(105.32556,6.93221,0.00000));
#8876 = VERTEX_POINT('',#8875);
#8877 = CARTESIAN_POINT('',(105.36174,6.93480,0.00000));
#8878 = VERTEX_POINT('',#8877);
#8879 = CARTESIAN_POINT('',(105.36174,6.93480,1.50000));
#8880 = VERTEX_POINT('',#8879);
#8881 = CARTESIAN_POINT('',(105.32556,6.93221,1.50000));
#8882 = VERTEX_POINT('',#8881);
#8883 = CARTESIAN_POINT('',(105.32556,6.93221,0.00000));
#8884 = DIRECTION('',(0.997452,0.071336,0.000000));
#8885 = VECTOR('',#8884,0.03627);
#8886 = LINE('',#8883,#8885);
#8887 = EDGE_CURVE('',#8876,#8878,#8886,.T.);
#8888 = CARTESIAN_POINT('',(105.36174,6.93480,0.00000));
#8889 = DIRECTION('',(0.000000,0.000000,1.000000));
#8890 = VECTOR('',#8889,1.50000);
#8891 = LINE('',#8888,#8890);
#8892 = EDGE_CURVE('',#8878,#8880,#8891,.T.);
#8893 = CARTESIAN_POINT('',(105.36174,6.93480,1.50000));
#8894 = DIRECTION('',(-0.997452,-0.071336,0.000000));
#8895 = VECTOR('',#8894,0.03627);
#8896 = LINE('',#8893,#8895);
#8897 = EDGE_CURVE('',#8880,#8882,#8896,.T.);
#8898 = CARTESIAN_POINT('',(105.32556,6.93221,1.50000));
#8899 = DIRECTION('',(0.000000,0.000000,-1.000000));
#8900 = VECTOR('',#8899,1.50000);
#8901 = LINE('',#8898,#8900);
#8902 = EDGE_CURVE('',#8882,#8876,#8901,.T.);
#8903 = ORIENTED_EDGE('',*,*,#8887,.T.);
#8904 = ORIENTED_EDGE('',*,*,#8892,.T.);
#8905 = ORIENTED_EDGE('',*,*,#8897,.T.);
#8906 = ORIENTED_EDGE('',*,*,#8902,.T.);
#8907 = EDGE_LOOP('',(#8903,#8904,#8905,#8906));
#8908 = FACE_OUTER_BOUND('',#8907,.T.);
#8909 = CARTESIAN_POINT('',(105.32556,6.93221,0.00000));
#8910 = DIRECTION('',(0.071336,-0.997452,0.000000));
#8911 = DIRECTION('',(0.997452,0.071336,0.000000));
#8912 = AXIS2_PLACEMENT_3D('',#8909,#8910,#8911);
#8913 = PLANE('',#8912);
#8914 = ADVANCED_FACE('',(#8908),#8913,.T.);
#8915 = CARTESIAN_POINT('',(105.36174,6.93480,0.00000));
#8916 = VERTEX_POINT('',#8915);
#8917 = CARTESIAN_POINT('',(119.17934,6.93480,0.00000));
#8918 = VERTEX_POINT('',#8917);
#8919 = CARTESIAN_POINT('',(119.17934,6.93480,1.50000));
#8920 = VERTEX_POINT('',#8919);
#8921 = CARTESIAN_POINT('',(105.36174,6.93480,1.50000));
#8922 = VERTEX_POINT('',#8921);
#8923 = CARTESIAN_POINT('',(105.36174,6.93480,0.00000));
#8924 = DIRECTION('',(1.000000,0.000000,0.000000));
#8925 = VECTOR('',#8924,13.81760);
#8926 = LINE('',#8923,#8925);
#8927 = EDGE_CURVE('',#8916,#8918,#8926,.T.);
#8928 = CARTESIAN_POINT('',(119.17934,6.93480,0.00000));
#8929 = DIRECTION('',(0.000000,0.000000,1.000000));
#8930 = VECTOR('',#8929,1.50000);
#8931 = LINE('',#8928,#8930);
#8932 = EDGE_CURVE('',#8918,#8920,#8931,.T.);
#8933 = CARTESIAN_POINT('',(119.17934,6.93480,1.50000));
#8934 = DIRECTION('',(-1.000000,-0.000000,0.000000));
#8935 = VECTOR('',#8934,13.81760);
#8936 = LINE('',#8933,#8935);
#8937 = EDGE_CURVE('',#8920,#8922,#8936,.T.);
#8938 = CARTESIAN_POINT('',(105.36174,6.93480,1.50000));
#8939 = DIRECTION('',(0.000000,0.000000,-1.000000));
#8940 = VECTOR('',#8939,1.50000);
#8941 = LINE('',#8938,#8940);
#8942 = EDGE_CURVE('',#8922,#8916,#8941,.T.);
#8943 = ORIENTED_EDGE('',*,*,#8927,.T.);
#8944 = ORIENTED_EDGE('',*,*,#8932,.T.);
#8945 = ORIENTED_EDGE('',*,*,#8937,.T.);
#8946 = ORIENTED_EDGE('',*,*,#8942,.T.);
#8947 = EDGE_LOOP('',(#8943,#8944,#8945,#8946));
#8948 = FACE_OUTER_BOUND('',#8947,.T.);
#8949 = CARTESIAN_POINT('',(105.36174,6.93480,0.00000));
#8950 = DIRECTION('',(0.000000,-1.000000,0.000000));
#8951 = DIRECTION('',(1.000000,0.000000,0.000000));
#8952 = AXIS2_PLACEMENT_3D('',#8949,#8950,#8951);
#8953 = PLANE('',#8952);
#8954 = ADVANCED_FACE('',(#8948),#8953,.T.);
#8955 = CARTESIAN_POINT('',(119.17934,6.93480,0.00000));
#8956 = VERTEX_POINT('',#8955);
#8957 = CARTESIAN_POINT('',(127.30597,6.92905,0.00000));
#8958 = VERTEX_POINT('',#8957);
#8959 = CARTESIAN_POINT('',(127.30597,6.92905,1.50000));
#8960 = VERTEX_POINT('',#8959);
#8961 = CARTESIAN_POINT('',(119.17934,6.93480,1.50000));
#8962 = VERTEX_POINT('',#8961);
#8963 = CARTESIAN_POINT('',(119.17934,6.93480,0.00000));
#8964 = DIRECTION('',(1.000000,-0.000707,0.000000));
#8965 = VECTOR('',#8964,8.12663);
#8966 = LINE('',#8963,#8965);
#8967 = EDGE_CURVE('',#8956,#8958,#8966,.T.);
#8968 = CARTESIAN_POINT('',(127.30597,6.92905,0.00000));
#8969 = DIRECTION('',(0.000000,0.000000,1.000000));
#8970 = VECTOR('',#8969,1.50000);
#8971 = LINE('',#8968,#8970);
#8972 = EDGE_CURVE('',#8958,#8960,#8971,.T.);
#8973 = CARTESIAN_POINT('',(127.30597,6.92905,1.50000));
#8974 = DIRECTION('',(-1.000000,0.000707,0.000000));
#8975 = VECTOR('',#8974,8.12663);
#8976 = LINE('',#8973,#8975);
#8977 = EDGE_CURVE('',#8960,#8962,#8976,.T.);
#8978 = CARTESIAN_POINT('',(119.17934,6.93480,1.50000));
#8979 = DIRECTION('',(0.000000,0.000000,-1.000000));
#8980 = VECTOR('',#8979,1.50000);
#8981 = LINE('',#8978,#8980);
#8982 = EDGE_CURVE('',#8962,#8956,#8981,.T.);
#8983 = ORIENTED_EDGE('',*,*,#8967,.T.);
#8984 = ORIENTED_EDGE('',*,*,#8972,.T.);
#8985 = ORIENTED_EDGE('',*,*,#8977,.T.);
#8986 = ORIENTED_EDGE('',*,*,#8982,.T.);
#8987 = EDGE_LOOP('',(#8983,#8984,#8985,#8986));
#8988 = FACE_OUTER_BOUND('',#8987,.T.);
#8989 = CARTESIAN_POINT('',(119.17934,6.93480,0.00000));
#8990 = DIRECTION('',(-0.000707,-1.000000,0.000000));
#8991 = DIRECTION('',(1.000000,-0.000707,0.000000));
#8992 = AXIS2_PLACEMENT_3D('',#8989,#8990,#8991);
#8993 = PLANE('',#8992);
#8994 = ADVANCED_FACE('',(#8988),#8993,.T.);
#8995 = CARTESIAN_POINT('',(127.30597,6.92905,0.00000));
#8996 = VERTEX_POINT('',#8995);
#8997 = CARTESIAN_POINT('',(140.80614,6.92905,0.00000));
#8998 = VERTEX_POINT('',#8997);
#8999 = CARTESIAN_POINT('',(140.80614,6.92905,1.50000));
#9000 = VERTEX_POINT('',#8999);
#9001 = CARTESIAN_POINT('',(127.30597,6.92905,1.50000));
#9002 = VERTEX_POINT('',#9001);
#9003 = CARTESIAN_POINT('',(127.30597,6.92905,0.00000));
#9004 = DIRECTION('',(1.000000,0.000000,0.000000));
#9005 = VECTOR('',#9004,13.50017);
#9006 = LINE('',#9003,#9005);
#9007 = EDGE_CURVE('',#8996,#8998,#9006,.T.);
#9008 = CARTESIAN_POINT('',(140.80614,6.92905,0.00000));
#9009 = DIRECTION('',(0.000000,0.000000,1.000000));
#9010 = VECTOR('',#9009,1.50000);
#9011 = LINE('',#9008,#9010);
#9012 = EDGE_CURVE('',#8998,#9000,#9011,.T.);
#9013 = CARTESIAN_POINT('',(140.80614,6.92905,1.50000));
#9014 = DIRECTION('',(-1.000000,-0.000000,0.000000));
#9015 = VECTOR('',#9014,13.50017);
#9016 = LINE('',#9013,#9015);
#9017 = EDGE_CURVE('',#9000,#9002,#9016,.T.);
#9018 = CARTESIAN_POINT('',(127.30597,6.92905,1.50000));
#9019 = DIRECTION('',(0.000000,0.000000,-1.000000));
#9020 = VECTOR('',#9019,1.50000);
#9021 = LINE('',#9018,#9020);
#9022 = EDGE_CURVE('',#9002,#8996,#9021,.T.);
#9023 = ORIENTED_EDGE('',*,*,#9007,.T.);
#9024 = ORIENTED_EDGE('',*,*,#9012,.T.);
#9025 = ORIENTED_EDGE('',*,*,#9017,.T.);
#9026 = ORIENTED_EDGE('',*,*,#9022,.T.);
#9027 = EDGE_LOOP('',(#9023,#9024,#9025,#9026));
#9028 = FACE_OUTER_BOUND('',#9027,.T.);
#9029 = CARTESIAN_POINT('',(127.30597,6.92905,0.00000));
#9030 = DIRECTION('',(0.000000,-1.000000,0.000000));
#9031 = DIRECTION('',(1.000000,0.000000,0.000000));
#9032 = AXIS2_PLACEMENT_3D('',#9029,#9030,#9031);
#9033 = PLANE('',#9032);
#9034 = ADVANCED_FACE('',(#9028),#9033,.T.);
#9035 = CARTESIAN_POINT('',(140.80614,6.92905,0.00000));
#9036 = VERTEX_POINT('',#9035);
#9037 = CARTESIAN_POINT('',(141.29387,6.97709,0.00000));
#9038 = VERTEX_POINT('',#9037);
#9039 = CARTESIAN_POINT('',(141.29387,6.97709,1.50000));
#9040 = VERTEX_POINT('',#9039);
#9041 = CARTESIAN_POINT('',(140.80614,6.92905,1.50000));
#9042 = VERTEX_POINT('',#9041);
#9043 = CARTESIAN_POINT('',(140.80614,6.92905,0.00000));
#9044 = DIRECTION('',(0.995185,0.098017,0.000000));
#9045 = VECTOR('',#9044,0.49009);
#9046 = LINE('',#9043,#9045);
#9047 = EDGE_CURVE('',#9036,#9038,#9046,.T.);
#9048 = CARTESIAN_POINT('',(141.29387,6.97709,0.00000));
#9049 = DIRECTION('',(0.000000,0.000000,1.000000));
#9050 = VECTOR('',#9049,1.50000);
#9051 = LINE('',#9048,#9050);
#9052 = EDGE_CURVE('',#9038,#9040,#9051,.T.);
#9053 = CARTESIAN_POINT('',(141.29387,6.97709,1.50000));
#9054 = DIRECTION('',(-0.995185,-0.098017,0.000000));
#9055 = VECTOR('',#9054,0.49009);
#9056 = LINE('',#9053,#9055);
#9057 = EDGE_CURVE('',#9040,#9042,#9056,.T.);
#9058 = CARTESIAN_POINT('',(140.80614,6.92905,1.50000));
#9059 = DIRECTION('',(0.000000,0.000000,-1.000000));
#9060 = VECTOR('',#9059,1.50000);
#9061 = LINE('',#9058,#9060);
#9062 = EDGE_CURVE('',#9042,#9036,#9061,.T.);
#9063 = ORIENTED_EDGE('',*,*,#9047,.T.);
#9064 = ORIENTED_EDGE('',*,*,#9052,.T.);
#9065 = ORIENTED_EDGE('',*,*,#9057,.T.);
#9066 = ORIENTED_EDGE('',*,*,#9062,.T.);
#9067 = EDGE_LOOP('',(#9063,#9064,#9065,#9066));
#9068 = FACE_OUTER_BOUND('',#9067,.T.);
#9069 = CARTESIAN_POINT('',(140.80614,6.92905,0.00000));
#9070 = DIRECTION('',(0.098017,-0.995185,0.000000));
#9071 = DIRECTION('',(0.995185,0.098017,0.000000));
#9072 = AXIS2_PLACEMENT_3D('',#9069,#9070,#9071);
#9073 = PLANE('',#9072);
#9074 = ADVANCED_FACE('',(#9068),#9073,.T.);
#9075 = CARTESIAN_POINT('',(141.29387,6.97709,0.00000));
#9076 = VERTEX_POINT('',#9075);
#9077 = CARTESIAN_POINT('',(141.76285,7.11936,0.00000));
#9078 = VERTEX_POINT('',#9077);
#9079 = CARTESIAN_POINT('',(141.76285,7.11936,1.50000));
#9080 = VERTEX_POINT('',#9079);
#9081 = CARTESIAN_POINT('',(141.29387,6.97709,1.50000));
#9082 = VERTEX_POINT('',#9081);
#9083 = CARTESIAN_POINT('',(141.29387,6.97709,0.00000));
#9084 = DIRECTION('',(0.956940,0.290285,0.000000));
#9085 = VECTOR('',#9084,0.49009);
#9086 = LINE('',#9083,#9085);
#9087 = EDGE_CURVE('',#9076,#9078,#9086,.T.);
#9088 = CARTESIAN_POINT('',(141.76285,7.11936,0.00000));
#9089 = DIRECTION('',(0.000000,0.000000,1.000000));
#9090 = VECTOR('',#9089,1.50000);
#9091 = LINE('',#9088,#9090);
#9092 = EDGE_CURVE('',#9078,#9080,#9091,.T.);
#9093 = CARTESIAN_POINT('',(141.76285,7.11936,1.50000));
#9094 = DIRECTION('',(-0.956940,-0.290285,0.000000));
#9095 = VECTOR('',#9094,0.49009);
#9096 = LINE('',#9093,#9095);
#9097 = EDGE_CURVE('',#9080,#9082,#9096,.T.);
#9098 = CARTESIAN_POINT('',(141.29387,6.97709,1.50000));
#9099 = DIRECTION('',(0.000000,0.000000,-1.000000));
#9100 = VECTOR('',#9099,1.50000);
#9101 = LINE('',#9098,#9100);
#9102 = EDGE_CURVE('',#9082,#9076,#9101,.T.);
#9103 = ORIENTED_EDGE('',*,*,#9087,.T.);
#9104 = ORIENTED_EDGE('',*,*,#9092,.T.);
#9105 = ORIENTED_EDGE('',*,*,#9097,.T.);
#9106 = ORIENTED_EDGE('',*,*,#9102,.T.);
#9107 = EDGE_LOOP('',(#9103,#9104,#9105,#9106));
#9108 = FACE_OUTER_BOUND('',#9107,.T.);
#9109 = CARTESIAN_POINT('',(141.29387,6.97709,0.00000));
#9110 = DIRECTION('',(0.290285,-0.956940,0.000000));
#9111 = DIRECTION('',(0.956940,0.290285,0.000000));
#9112 = AXIS2_PLACEMENT_3D('',#9109,#9110,#9111);
#9113 = PLANE('',#9112);
#9114 = ADVANCED_FACE('',(#9108),#9113,.T.);
#9115 = CARTESIAN_POINT('',(141.76285,7.11936,0.00000));
#9116 = VERTEX_POINT('',#9115);
#9117 = CARTESIAN_POINT('',(142.19507,7.35038,0.00000));
#9118 = VERTEX_POINT('',#9117);
#9119 = CARTESIAN_POINT('',(142.19507,7.35038,1.50000));
#9120 = VERTEX_POINT('',#9119);
#9121 = CARTESIAN_POINT('',(141.76285,7.11936,1.50000));
#9122 = VERTEX_POINT('',#9121);
#9123 = CARTESIAN_POINT('',(141.76285,7.11936,0.00000));
#9124 = DIRECTION('',(0.881921,0.471397,0.000000));
#9125 = VECTOR('',#9124,0.49009);
#9126 = LINE('',#9123,#9125);
#9127 = EDGE_CURVE('',#9116,#9118,#9126,.T.);
#9128 = CARTESIAN_POINT('',(142.19507,7.35038,0.00000));
#9129 = DIRECTION('',(0.000000,0.000000,1.000000));
#9130 = VECTOR('',#9129,1.50000);
#9131 = LINE('',#9128,#9130);
#9132 = EDGE_CURVE('',#9118,#9120,#9131,.T.);
#9133 = CARTESIAN_POINT('',(142.19507,7.35038,1.50000));
#9134 = DIRECTION('',(-0.881921,-0.471397,0.000000));
#9135 = VECTOR('',#9134,0.49009);
#9136 = LINE('',#9133,#9135);
#9137 = EDGE_CURVE('',#9120,#9122,#9136,.T.);
#9138 = CARTESIAN_POINT('',(141.76285,7.11936,1.50000));
#9139 = DIRECTION('',(0.000000,0.000000,-1.000000));
#9140 = VECTOR('',#9139,1.50000);
#9141 = LINE('',#9138,#9140);
#9142 = EDGE_CURVE('',#9122,#9116,#9141,.T.);
#9143 = ORIENTED_EDGE('',*,*,#9127,.T.);
#9144 = ORIENTED_EDGE('',*,*,#9132,.T.);
#9145 = ORIENTED_EDGE('',*,*,#9137,.T.);
#9146 = ORIENTED_EDGE('',*,*,#9142,.T.);
#9147 = EDGE_LOOP('',(#9143,#9144,#9145,#9146));
#9148 = FACE_OUTER_BOUND('',#9147,.T.);
#9149 = CARTESIAN_POINT('',(141.76285,7.11936,0.00000));
#9150 = DIRECTION('',(0.471397,-0.881921,0.000000));
#9151 = DIRECTION('',(0.881921,0.471397,0.000000));
#9152 = AXIS2_PLACEMENT_3D('',#9149,#9150,#9151);
#9153 = PLANE('',#9152);
#9154 = ADVANCED_FACE('',(#9148),#9153,.T.);
#9155 = CARTESIAN_POINT('',(142.19507,7.35038,0.00000));
#9156 = VERTEX_POINT('',#9155);
#9157 = CARTESIAN_POINT('',(142.57391,7.66129,0.00000));
#9158 = VERTEX_POINT('',#9157);
#9159 = CARTESIAN_POINT('',(142.57391,7.66129,1.50000));
#9160 = VERTEX_POINT('',#9159);
#9161 = CARTESIAN_POINT('',(142.19507,7.35038,1.50000));
#9162 = VERTEX_POINT('',#9161);
#9163 = CARTESIAN_POINT('',(142.19507,7.35038,0.00000));
#9164 = DIRECTION('',(0.773010,0.634393,0.000000));
#9165 = VECTOR('',#9164,0.49009);
#9166 = LINE('',#9163,#9165);
#9167 = EDGE_CURVE('',#9156,#9158,#9166,.T.);
#9168 = CARTESIAN_POINT('',(142.57391,7.66129,0.00000));
#9169 = DIRECTION('',(0.000000,0.000000,1.000000));
#9170 = VECTOR('',#9169,1.50000);
#9171 = LINE('',#9168,#9170);
#9172 = EDGE_CURVE('',#9158,#9160,#9171,.T.);
#9173 = CARTESIAN_POINT('',(142.57391,7.66129,1.50000));
#9174 = DIRECTION('',(-0.773010,-0.634393,0.000000));
#9175 = VECTOR('',#9174,0.49009);
#9176 = LINE('',#9173,#9175);
#9177 = EDGE_CURVE('',#9160,#9162,#9176,.T.);
#9178 = CARTESIAN_POINT('',(142.19507,7.35038,1.50000));
#9179 = DIRECTION('',(0.000000,0.000000,-1.000000));
#9180 = VECTOR('',#9179,1.50000);
#9181 = LINE('',#9178,#9180);
#9182 = EDGE_CURVE('',#9162,#9156,#9181,.T.);
#9183 = ORIENTED_EDGE('',*,*,#9167,.T.);
#9184 = ORIENTED_EDGE('',*,*,#9172,.T.);
#9185 = ORIENTED_EDGE('',*,*,#9177,.T.);
#9186 = ORIENTED_EDGE('',*,*,#9182,.T.);
#9187 = EDGE_LOOP('',(#9183,#9184,#9185,#9186));
#9188 = FACE_OUTER_BOUND('',#9187,.T.);
#9189 = CARTESIAN_POINT('',(142.19507,7.35038,0.00000));
#9190 = DIRECTION('',(0.634393,-0.773010,0.000000));
#9191 = DIRECTION('',(0.773010,0.634393,0.000000));
#9192 = AXIS2_PLACEMENT_3D('',#9189,#9190,#9191);
#9193 = PLANE('',#9192);
#9194 = ADVANCED_FACE('',(#9188),#9193,.T.);
#9195 = CARTESIAN_POINT('',(142.57391,7.66129,0.00000));
#9196 = VERTEX_POINT('',#9195);
#9197 = CARTESIAN_POINT('',(142.88482,8.04013,0.00000));
#9198 = VERTEX_POINT('',#9197);
#9199 = CARTESIAN_POINT('',(142.88482,8.04013,1.50000));
#9200 = VERTEX_POINT('',#9199);
#9201 = CARTESIAN_POINT('',(142.57391,7.66129,1.50000));
#9202 = VERTEX_POINT('',#9201);
#9203 = CARTESIAN_POINT('',(142.57391,7.66129,0.00000));
#9204 = DIRECTION('',(0.634393,0.773010,0.000000));
#9205 = VECTOR('',#9204,0.49009);
#9206 = LINE('',#9203,#9205);
#9207 = EDGE_CURVE('',#9196,#9198,#9206,.T.);
#9208 = CARTESIAN_POINT('',(142.88482,8.04013,0.00000));
#9209 = DIRECTION('',(0.000000,0.000000,1.000000));
#9210 = VECTOR('',#9209,1.50000);
#9211 = LINE('',#9208,#9210);
#9212 = EDGE_CURVE('',#9198,#9200,#9211,.T.);
#9213 = CARTESIAN_POINT('',(142.88482,8.04013,1.50000));
#9214 = DIRECTION('',(-0.634393,-0.773010,0.000000));
#9215 = VECTOR('',#9214,0.49009);
#9216 = LINE('',#9213,#9215);
#9217 = EDGE_CURVE('',#9200,#9202,#9216,.T.);
#9218 = CARTESIAN_POINT('',(142.57391,7.66129,1.50000));
#9219 = DIRECTION('',(0.000000,0.000000,-1.000000));
#9220 = VECTOR('',#9219,1.50000);
#9221 = LINE('',#9218,#9220);
#9222 = EDGE_CURVE('',#9202,#9196,#9221,.T.);
#9223 = ORIENTED_EDGE('',*,*,#9207,.T.);
#9224 = ORIENTED_EDGE('',*,*,#9212,.T.);
#9225 = ORIENTED_EDGE('',*,*,#9217,.T.);
#9226 = ORIENTED_EDGE('',*,*,#9222,.T.);
#9227 = EDGE_LOOP('',(#9223,#9224,#9225,#9226));
#9228 = FACE_OUTER_BOUND('',#9227,.T.);
#9229 = CARTESIAN_POINT('',(142.57391,7.66129,0.00000));
#9230 = DIRECTION('',(0.773010,-0.634393,0.000000));
#9231 = DIRECTION('',(0.634393,0.773010,0.000000));
#9232 = AXIS2_PLACEMENT_3D('',#9229,#9230,#9231);
#9233 = PLANE('',#9232);
#9234 = ADVANCED_FACE('',(#9228),#9233,.T.);
#9235 = CARTESIAN_POINT('',(142.88482,8.04013,0.00000));
#9236 = VERTEX_POINT('',#9235);
#9237 = CARTESIAN_POINT('',(143.11584,8.47235,0.00000));
#9238 = VERTEX_POINT('',#9237);
#9239 = CARTESIAN_POINT('',(143.11584,8.47235,1.50000));
#9240 = VERTEX_POINT('',#9239);
#9241 = CARTESIAN_POINT('',(142.88482,8.04013,1.50000));
#9242 = VERTEX_POINT('',#9241);
#9243 = CARTESIAN_POINT('',(142.88482,8.04013,0.00000));
#9244 = DIRECTION('',(0.471397,0.881921,0.000000));
#9245 = VECTOR('',#9244,0.49009);
#9246 = LINE('',#9243,#9245);
#9247 = EDGE_CURVE('',#9236,#9238,#9246,.T.);
#9248 = CARTESIAN_POINT('',(143.11584,8.47235,0.00000));
#9249 = DIRECTION('',(0.000000,0.000000,1.000000));
#9250 = VECTOR('',#9249,1.50000);
#9251 = LINE('',#9248,#9250);
#9252 = EDGE_CURVE('',#9238,#9240,#9251,.T.);
#9253 = CARTESIAN_POINT('',(143.11584,8.47235,1.50000));
#9254 = DIRECTION('',(-0.471397,-0.881921,0.000000));
#9255 = VECTOR('',#9254,0.49009);
#9256 = LINE('',#9253,#9255);
#9257 = EDGE_CURVE('',#9240,#9242,#9256,.T.);
#9258 = CARTESIAN_POINT('',(142.88482,8.04013,1.50000));
#9259 = DIRECTION('',(0.000000,0.000000,-1.000000));
#9260 = VECTOR('',#9259,1.50000);
#9261 = LINE('',#9258,#9260);
#9262 = EDGE_CURVE('',#9242,#9236,#9261,.T.);
#9263 = ORIENTED_EDGE('',*,*,#9247,.T.);
#9264 = ORIENTED_EDGE('',*,*,#9252,.T.);
#9265 = ORIENTED_EDGE('',*,*,#9257,.T.);
#9266 = ORIENTED_EDGE('',*,*,#9262,.T.);
#9267 = EDGE_LOOP('',(#9263,#9264,#9265,#9266));
#9268 = FACE_OUTER_BOUND('',#9267,.T.);
#9269 = CARTESIAN_POINT('',(142.88482,8.04013,0.00000));
#9270 = DIRECTION('',(0.881921,-0.471397,0.000000));
#9271 = DIRECTION('',(0.471397,0.881921,0.000000));
#9272 = AXIS2_PLACEMENT_3D('',#9269,#9270,#9271);
#9273 = PLANE('',#9272);
#9274 = ADVANCED_FACE('',(#9268),#9273,.T.);
#9275 = CARTESIAN_POINT('',(143.11584,8.47235,0.00000));
#9276 = VERTEX_POINT('',#9275);
#9277 = CARTESIAN_POINT('',(143.25811,8.94133,0.00000));
#9278 = VERTEX_POINT('',#9277);
#9279 = CARTESIAN_POINT('',(143.25811,8.94133,1.50000));
#9280 = VERTEX_POINT('',#9279);
#9281 = CARTESIAN_POINT('',(143.11584,8.47235,1.50000));
#9282 = VERTEX_POINT('',#9281);
#9283 = CARTESIAN_POINT('',(143.11584,8.47235,0.00000));
#9284 = DIRECTION('',(0.290285,0.956940,0.000000));
#9285 = VECTOR('',#9284,0.49009);
#9286 = LINE('',#9283,#9285);
#9287 = EDGE_CURVE('',#9276,#9278,#9286,.T.);
#9288 = CARTESIAN_POINT('',(143.25811,8.94133,0.00000));
#9289 = DIRECTION('',(0.000000,0.000000,1.000000));
#9290 = VECTOR('',#9289,1.50000);
#9291 = LINE('',#9288,#9290);
#9292 = EDGE_CURVE('',#9278,#9280,#9291,.T.);
#9293 = CARTESIAN_POINT('',(143.25811,8.94133,1.50000));
#9294 = DIRECTION('',(-0.290285,-0.956940,0.000000));
#9295 = VECTOR('',#9294,0.49009);
#9296 = LINE('',#9293,#9295);
#9297 = EDGE_CURVE('',#9280,#9282,#9296,.T.);
#9298 = CARTESIAN_POINT('',(143.11584,8.47235,1.50000));
#9299 = DIRECTION('',(0.000000,0.000000,-1.000000));
#9300 = VECTOR('',#9299,1.50000);
#9301 = LINE('',#9298,#9300);
#9302 = EDGE_CURVE('',#9282,#9276,#9301,.T.);
#9303 = ORIENTED_EDGE('',*,*,#9287,.T.);
#9304 = ORIENTED_EDGE('',*,*,#9292,.T.);
#9305 = ORIENTED_EDGE('',*,*,#9297,.T.);
#9306 = ORIENTED_EDGE('',*,*,#9302,.T.);
#9307 = EDGE_LOOP('',(#9303,#9304,#9305,#9306));
#9308 = FACE_OUTER_BOUND('',#9307,.T.);
#9309 = CARTESIAN_POINT('',(143.11584,8.47235,0.00000));
#9310 = DIRECTION('',(0.956940,-0.290285,0.000000));
#9311 = DIRECTION('',(0.290285,0.956940,0.000000));
#9312 = AXIS2_PLACEMENT_3D('',#9309,#9310,#9311);
#9313 = PLANE('',#9312);
#9314 = ADVANCED_FACE('',(#9308),#9313,.T.);
#9315 = CARTESIAN_POINT('',(143.25811,8.94133,0.00000));
#9316 = VERTEX_POINT('',#9315);
#9317 = CARTESIAN_POINT('',(143.30614,9.42905,0.00000));
#9318 = VERTEX_POINT('',#9317);
#9319 = CARTESIAN_POINT('',(143.30614,9.42905,1.50000));
#9320 = VERTEX_POINT('',#9319);
#9321 = CARTESIAN_POINT('',(143.25811,8.94133,1.50000));
#9322 = VERTEX_POINT('',#9321);
#9323 = CARTESIAN_POINT('',(143.25811,8.94133,0.00000));
#9324 = DIRECTION('',(0.098017,0.995185,0.000000));
#9325 = VECTOR('',#9324,0.49009);
#9326 = LINE('',#9323,#9325);
#9327 = EDGE_CURVE('',#9316,#9318,#9326,.T.);
#9328 = CARTESIAN_POINT('',(143.30614,9.42905,0.00000));
#9329 = DIRECTION('',(0.000000,0.000000,1.000000));
#9330 = VECTOR('',#9329,1.50000);
#9331 = LINE('',#9328,#9330);
#9332 = EDGE_CURVE('',#9318,#9320,#9331,.T.);
#9333 = CARTESIAN_POINT('',(143.30614,9.42905,1.50000));
#9334 = DIRECTION('',(-0.098017,-0.995185,0.000000));
#9335 = VECTOR('',#9334,0.49009);
#9336 = LINE('',#9333,#9335);
#9337 = EDGE_CURVE('',#9320,#9322,#9336,.T.);
#9338 = CARTESIAN_POINT('',(143.25811,8.94133,1.50000));
#9339 = DIRECTION('',(0.000000,0.000000,-1.000000));
#9340 = VECTOR('',#9339,1.50000);
#9341 = LINE('',#9338,#9340);
#9342 = EDGE_CURVE('',#9322,#9316,#9341,.T.);
#9343 = ORIENTED_EDGE('',*,*,#9327,.T.);
#9344 = ORIENTED_EDGE('',*,*,#9332,.T.);
#9345 = ORIENTED_EDGE('',*,*,#9337,.T.);
#9346 = ORIENTED_EDGE('',*,*,#9342,.T.);
#9347 = EDGE_LOOP('',(#9343,#9344,#9345,#9346));
#9348 = FACE_OUTER_BOUND('',#9347,.T.);
#9349 = CARTESIAN_POINT('',(143.25811,8.94133,0.00000));
#9350 = DIRECTION('',(0.995185,-0.098017,0.000000));
#9351 = DIRECTION('',(0.098017,0.995185,0.000000));
#9352 = AXIS2_PLACEMENT_3D('',#9349,#9350,#9351);
#9353 = PLANE('',#9352);
#9354 = ADVANCED_FACE('',(#9348),#9353,.T.);
#9355 = CARTESIAN_POINT('',(143.30614,9.42905,0.00000));
#9356 = VERTEX_POINT('',#9355);
#9357 = CARTESIAN_POINT('',(143.30614,62.38604,0.00000));
#9358 = VERTEX_POINT('',#9357);
#9359 = CARTESIAN_POINT('',(143.30614,62.38604,1.50000));
#9360 = VERTEX_POINT('',#9359);
#9361 = CARTESIAN_POINT('',(143.30614,9.42905,1.50000));
#9362 = VERTEX_POINT('',#9361);
#9363 = CARTESIAN_POINT('',(143.30614,9.42905,0.00000));
#9364 = DIRECTION('',(0.000000,1.000000,0.000000));
#9365 = VECTOR('',#9364,52.95698);
#9366 = LINE('',#9363,#9365);
#9367 = EDGE_CURVE('',#9356,#9358,#9366,.T.);
#9368 = CARTESIAN_POINT('',(143.30614,62.38604,0.00000));
#9369 = DIRECTION('',(0.000000,0.000000,1.000000));
#9370 = VECTOR('',#9369,1.50000);
#9371 = LINE('',#9368,#9370);
#9372 = EDGE_CURVE('',#9358,#9360,#9371,.T.);
#9373 = CARTESIAN_POINT('',(143.30614,62.38604,1.50000));
#9374 = DIRECTION('',(-0.000000,-1.000000,0.000000));
#9375 = VECTOR('',#9374,52.95698);
#9376 = LINE('',#9373,#9375);
#9377 = EDGE_CURVE('',#9360,#9362,#9376,.T.);
#9378 = CARTESIAN_POINT('',(143.30614,9.42905,1.50000));
#9379 = DIRECTION('',(0.000000,0.000000,-1.000000));
#9380 = VECTOR('',#9379,1.50000);
#9381 = LINE('',#9378,#9380);
#9382 = EDGE_CURVE('',#9362,#9356,#9381,.T.);
#9383 = ORIENTED_EDGE('',*,*,#9367,.T.);
#9384 = ORIENTED_EDGE('',*,*,#9372,.T.);
#9385 = ORIENTED_EDGE('',*,*,#9377,.T.);
#9386 = ORIENTED_EDGE('',*,*,#9382,.T.);
#9387 = EDGE_LOOP('',(#9383,#9384,#9385,#9386));
#9388 = FACE_OUTER_BOUND('',#9387,.T.);
#9389 = CARTESIAN_POINT('',(143.30614,9.42905,0.00000));
#9390 = DIRECTION('',(1.000000,-0.000000,0.000000));
#9391 = DIRECTION('',(0.000000,1.000000,0.000000));
#9392 = AXIS2_PLACEMENT_3D('',#9389,#9390,#9391);
#9393 = PLANE('',#9392);
#9394 = ADVANCED_FACE('',(#9388),#9393,.T.);
#9395 = CARTESIAN_POINT('',(143.30614,62.38604,0.00000));
#9396 = VERTEX_POINT('',#9395);
#9397 = CARTESIAN_POINT('',(143.27342,62.71830,0.00000));
#9398 = VERTEX_POINT('',#9397);
#9399 = CARTESIAN_POINT('',(143.27342,62.71830,1.50000));
#9400 = VERTEX_POINT('',#9399);
#9401 = CARTESIAN_POINT('',(143.30614,62.38604,1.50000));
#9402 = VERTEX_POINT('',#9401);
#9403 = CARTESIAN_POINT('',(143.30614,62.38604,0.00000));
#9404 = DIRECTION('',(-0.098017,0.995185,0.000000));
#9405 = VECTOR('',#9404,0.33387);
#9406 = LINE('',#9403,#9405);
#9407 = EDGE_CURVE('',#9396,#9398,#9406,.T.);
#9408 = CARTESIAN_POINT('',(143.27342,62.71830,0.00000));
#9409 = DIRECTION('',(0.000000,0.000000,1.000000));
#9410 = VECTOR('',#9409,1.50000);
#9411 = LINE('',#9408,#9410);
#9412 = EDGE_CURVE('',#9398,#9400,#9411,.T.);
#9413 = CARTESIAN_POINT('',(143.27342,62.71830,1.50000));
#9414 = DIRECTION('',(0.098017,-0.995185,0.000000));
#9415 = VECTOR('',#9414,0.33387);
#9416 = LINE('',#9413,#9415);
#9417 = EDGE_CURVE('',#9400,#9402,#9416,.T.);
#9418 = CARTESIAN_POINT('',(143.30614,62.38604,1.50000));
#9419 = DIRECTION('',(0.000000,0.000000,-1.000000));
#9420 = VECTOR('',#9419,1.50000);
#9421 = LINE('',#9418,#9420);
#9422 = EDGE_CURVE('',#9402,#9396,#9421,.T.);
#9423 = ORIENTED_EDGE('',*,*,#9407,.T.);
#9424 = ORIENTED_EDGE('',*,*,#9412,.T.);
#9425 = ORIENTED_EDGE('',*,*,#9417,.T.);
#9426 = ORIENTED_EDGE('',*,*,#9422,.T.);
#9427 = EDGE_LOOP('',(#9423,#9424,#9425,#9426));
#9428 = FACE_OUTER_BOUND('',#9427,.T.);
#9429 = CARTESIAN_POINT('',(143.30614,62.38604,0.00000));
#9430 = DIRECTION('',(0.995185,0.098017,0.000000));
#9431 = DIRECTION('',(-0.098017,0.995185,0.000000));
#9432 = AXIS2_PLACEMENT_3D('',#9429,#9430,#9431);
#9433 = PLANE('',#9432);
#9434 = ADVANCED_FACE('',(#9428),#9433,.T.);
#9435 = CARTESIAN_POINT('',(143.27342,62.71830,0.00000));
#9436 = VERTEX_POINT('',#9435);
#9437 = CARTESIAN_POINT('',(143.17650,63.03779,0.00000));
#9438 = VERTEX_POINT('',#9437);
#9439 = CARTESIAN_POINT('',(143.17650,63.03779,1.50000));
#9440 = VERTEX_POINT('',#9439);
#9441 = CARTESIAN_POINT('',(143.27342,62.71830,1.50000));
#9442 = VERTEX_POINT('',#9441);
#9443 = CARTESIAN_POINT('',(143.27342,62.71830,0.00000));
#9444 = DIRECTION('',(-0.290285,0.956940,0.000000));
#9445 = VECTOR('',#9444,0.33387);
#9446 = LINE('',#9443,#9445);
#9447 = EDGE_CURVE('',#9436,#9438,#9446,.T.);
#9448 = CARTESIAN_POINT('',(143.17650,63.03779,0.00000));
#9449 = DIRECTION('',(0.000000,0.000000,1.000000));
#9450 = VECTOR('',#9449,1.50000);
#9451 = LINE('',#9448,#9450);
#9452 = EDGE_CURVE('',#9438,#9440,#9451,.T.);
#9453 = CARTESIAN_POINT('',(143.17650,63.03779,1.50000));
#9454 = DIRECTION('',(0.290285,-0.956940,0.000000));
#9455 = VECTOR('',#9454,0.33387);
#9456 = LINE('',#9453,#9455);
#9457 = EDGE_CURVE('',#9440,#9442,#9456,.T.);
#9458 = CARTESIAN_POINT('',(143.27342,62.71830,1.50000));
#9459 = DIRECTION('',(0.000000,0.000000,-1.000000));
#9460 = VECTOR('',#9459,1.50000);
#9461 = LINE('',#9458,#9460);
#9462 = EDGE_CURVE('',#9442,#9436,#9461,.T.);
#9463 = ORIENTED_EDGE('',*,*,#9447,.T.);
#9464 = ORIENTED_EDGE('',*,*,#9452,.T.);
#9465 = ORIENTED_EDGE('',*,*,#9457,.T.);
#9466 = ORIENTED_EDGE('',*,*,#9462,.T.);
#9467 = EDGE_LOOP('',(#9463,#9464,#9465,#9466));
#9468 = FACE_OUTER_BOUND('',#9467,.T.);
#9469 = CARTESIAN_POINT('',(143.27342,62.71830,0.00000));
#9470 = DIRECTION('',(0.956940,0.290285,0.000000));
#9471 = DIRECTION('',(-0.290285,0.956940,0.000000));
#9472 = AXIS2_PLACEMENT_3D('',#9469,#9470,#9471);
#9473 = PLANE('',#9472);
#9474 = ADVANCED_FACE('',(#9468),#9473,.T.);
#9475 = CARTESIAN_POINT('',(143.17650,63.03779,0.00000));
#9476 = VERTEX_POINT('',#9475);
#9477 = CARTESIAN_POINT('',(143.01912,63.33224,0.00000));
#9478 = VERTEX_POINT('',#9477);
#9479 = CARTESIAN_POINT('',(143.01912,63.33224,1.50000));
#9480 = VERTEX_POINT('',#9479);
#9481 = CARTESIAN_POINT('',(143.17650,63.03779,1.50000));
#9482 = VERTEX_POINT('',#9481);
#9483 = CARTESIAN_POINT('',(143.17650,63.03779,0.00000));
#9484 = DIRECTION('',(-0.471397,0.881921,0.000000));
#9485 = VECTOR('',#9484,0.33387);
#9486 = LINE('',#9483,#9485);
#9487 = EDGE_CURVE('',#9476,#9478,#9486,.T.);
#9488 = CARTESIAN_POINT('',(143.01912,63.33224,0.00000));
#9489 = DIRECTION('',(0.000000,0.000000,1.000000));
#9490 = VECTOR('',#9489,1.50000);
#9491 = LINE('',#9488,#9490);
#9492 = EDGE_CURVE('',#9478,#9480,#9491,.T.);
#9493 = CARTESIAN_POINT('',(143.01912,63.33224,1.50000));
#9494 = DIRECTION('',(0.471397,-0.881921,0.000000));
#9495 = VECTOR('',#9494,0.33387);
#9496 = LINE('',#9493,#9495);
#9497 = EDGE_CURVE('',#9480,#9482,#9496,.T.);
#9498 = CARTESIAN_POINT('',(143.17650,63.03779,1.50000));
#9499 = DIRECTION('',(0.000000,0.000000,-1.000000));
#9500 = VECTOR('',#9499,1.50000);
#9501 = LINE('',#9498,#9500);
#9502 = EDGE_CURVE('',#9482,#9476,#9501,.T.);
#9503 = ORIENTED_EDGE('',*,*,#9487,.T.);
#9504 = ORIENTED_EDGE('',*,*,#9492,.T.);
#9505 = ORIENTED_EDGE('',*,*,#9497,.T.);
#9506 = ORIENTED_EDGE('',*,*,#9502,.T.);
#9507 = EDGE_LOOP('',(#9503,#9504,#9505,#9506));
#9508 = FACE_OUTER_BOUND('',#9507,.T.);
#9509 = CARTESIAN_POINT('',(143.17650,63.03779,0.00000));
#9510 = DIRECTION('',(0.881921,0.471397,0.000000));
#9511 = DIRECTION('',(-0.471397,0.881921,0.000000));
#9512 = AXIS2_PLACEMENT_3D('',#9509,#9510,#9511);
#9513 = PLANE('',#9512);
#9514 = ADVANCED_FACE('',(#9508),#9513,.T.);
#9515 = CARTESIAN_POINT('',(143.01912,63.33224,0.00000));
#9516 = VERTEX_POINT('',#9515);
#9517 = CARTESIAN_POINT('',(142.80731,63.59032,0.00000));
#9518 = VERTEX_POINT('',#9517);
#9519 = CARTESIAN_POINT('',(142.80731,63.59032,1.50000));
#9520 = VERTEX_POINT('',#9519);
#9521 = CARTESIAN_POINT('',(143.01912,63.33224,1.50000));
#9522 = VERTEX_POINT('',#9521);
#9523 = CARTESIAN_POINT('',(143.01912,63.33224,0.00000));
#9524 = DIRECTION('',(-0.634394,0.773010,0.000000));
#9525 = VECTOR('',#9524,0.33387);
#9526 = LINE('',#9523,#9525);
#9527 = EDGE_CURVE('',#9516,#9518,#9526,.T.);
#9528 = CARTESIAN_POINT('',(142.80731,63.59032,0.00000));
#9529 = DIRECTION('',(0.000000,0.000000,1.000000));
#9530 = VECTOR('',#9529,1.50000);
#9531 = LINE('',#9528,#9530);
#9532 = EDGE_CURVE('',#9518,#9520,#9531,.T.);
#9533 = CARTESIAN_POINT('',(142.80731,63.59032,1.50000));
#9534 = DIRECTION('',(0.634394,-0.773010,0.000000));
#9535 = VECTOR('',#9534,0.33387);
#9536 = LINE('',#9533,#9535);
#9537 = EDGE_CURVE('',#9520,#9522,#9536,.T.);
#9538 = CARTESIAN_POINT('',(143.01912,63.33224,1.50000));
#9539 = DIRECTION('',(0.000000,0.000000,-1.000000));
#9540 = VECTOR('',#9539,1.50000);
#9541 = LINE('',#9538,#9540);
#9542 = EDGE_CURVE('',#9522,#9516,#9541,.T.);
#9543 = ORIENTED_EDGE('',*,*,#9527,.T.);
#9544 = ORIENTED_EDGE('',*,*,#9532,.T.);
#9545 = ORIENTED_EDGE('',*,*,#9537,.T.);
#9546 = ORIENTED_EDGE('',*,*,#9542,.T.);
#9547 = EDGE_LOOP('',(#9543,#9544,#9545,#9546));
#9548 = FACE_OUTER_BOUND('',#9547,.T.);
#9549 = CARTESIAN_POINT('',(143.01912,63.33224,0.00000));
#9550 = DIRECTION('',(0.773010,0.634394,0.000000));
#9551 = DIRECTION('',(-0.634394,0.773010,0.000000));
#9552 = AXIS2_PLACEMENT_3D('',#9549,#9550,#9551);
#9553 = PLANE('',#9552);
#9554 = ADVANCED_FACE('',(#9548),#9553,.T.);
#9555 = CARTESIAN_POINT('',(142.80731,63.59032,0.00000));
#9556 = VERTEX_POINT('',#9555);
#9557 = CARTESIAN_POINT('',(142.54923,63.80213,0.00000));
#9558 = VERTEX_POINT('',#9557);
#9559 = CARTESIAN_POINT('',(142.54923,63.80213,1.50000));
#9560 = VERTEX_POINT('',#9559);
#9561 = CARTESIAN_POINT('',(142.80731,63.59032,1.50000));
#9562 = VERTEX_POINT('',#9561);
#9563 = CARTESIAN_POINT('',(142.80731,63.59032,0.00000));
#9564 = DIRECTION('',(-0.773011,0.634393,0.000000));
#9565 = VECTOR('',#9564,0.33387);
#9566 = LINE('',#9563,#9565);
#9567 = EDGE_CURVE('',#9556,#9558,#9566,.T.);
#9568 = CARTESIAN_POINT('',(142.54923,63.80213,0.00000));
#9569 = DIRECTION('',(0.000000,0.000000,1.000000));
#9570 = VECTOR('',#9569,1.50000);
#9571 = LINE('',#9568,#9570);
#9572 = EDGE_CURVE('',#9558,#9560,#9571,.T.);
#9573 = CARTESIAN_POINT('',(142.54923,63.80213,1.50000));
#9574 = DIRECTION('',(0.773011,-0.634393,0.000000));
#9575 = VECTOR('',#9574,0.33387);
#9576 = LINE('',#9573,#9575);
#9577 = EDGE_CURVE('',#9560,#9562,#9576,.T.);
#9578 = CARTESIAN_POINT('',(142.80731,63.59032,1.50000));
#9579 = DIRECTION('',(0.000000,0.000000,-1.000000));
#9580 = VECTOR('',#9579,1.50000);
#9581 = LINE('',#9578,#9580);
#9582 = EDGE_CURVE('',#9562,#9556,#9581,.T.);
#9583 = ORIENTED_EDGE('',*,*,#9567,.T.);
#9584 = ORIENTED_EDGE('',*,*,#9572,.T.);
#9585 = ORIENTED_EDGE('',*,*,#9577,.T.);
#9586 = ORIENTED_EDGE('',*,*,#9582,.T.);
#9587 = EDGE_LOOP('',(#9583,#9584,#9585,#9586));
#9588 = FACE_OUTER_BOUND('',#9587,.T.);
#9589 = CARTESIAN_POINT('',(142.80731,63.59032,0.00000));
#9590 = DIRECTION('',(0.634393,0.773011,0.000000));
#9591 = DIRECTION('',(-0.773011,0.634393,0.000000));
#9592 = AXIS2_PLACEMENT_3D('',#9589,#9590,#9591);
#9593 = PLANE('',#9592);
#9594 = ADVANCED_FACE('',(#9588),#9593,.T.);
#9595 = CARTESIAN_POINT('',(142.54923,63.80213,0.00000));
#9596 = VERTEX_POINT('',#9595);
#9597 = CARTESIAN_POINT('',(142.25478,63.95951,0.00000));
#9598 = VERTEX_POINT('',#9597);
#9599 = CARTESIAN_POINT('',(142.25478,63.95951,1.50000));
#9600 = VERTEX_POINT('',#9599);
#9601 = CARTESIAN_POINT('',(142.54923,63.80213,1.50000));
#9602 = VERTEX_POINT('',#9601);
#9603 = CARTESIAN_POINT('',(142.54923,63.80213,0.00000));
#9604 = DIRECTION('',(-0.881922,0.471396,0.000000));
#9605 = VECTOR('',#9604,0.33387);
#9606 = LINE('',#9603,#9605);
#9607 = EDGE_CURVE('',#9596,#9598,#9606,.T.);
#9608 = CARTESIAN_POINT('',(142.25478,63.95951,0.00000));
#9609 = DIRECTION('',(0.000000,0.000000,1.000000));
#9610 = VECTOR('',#9609,1.50000);
#9611 = LINE('',#9608,#9610);
#9612 = EDGE_CURVE('',#9598,#9600,#9611,.T.);
#9613 = CARTESIAN_POINT('',(142.25478,63.95951,1.50000));
#9614 = DIRECTION('',(0.881922,-0.471396,0.000000));
#9615 = VECTOR('',#9614,0.33387);
#9616 = LINE('',#9613,#9615);
#9617 = EDGE_CURVE('',#9600,#9602,#9616,.T.);
#9618 = CARTESIAN_POINT('',(142.54923,63.80213,1.50000));
#9619 = DIRECTION('',(0.000000,0.000000,-1.000000));
#9620 = VECTOR('',#9619,1.50000);
#9621 = LINE('',#9618,#9620);
#9622 = EDGE_CURVE('',#9602,#9596,#9621,.T.);
#9623 = ORIENTED_EDGE('',*,*,#9607,.T.);
#9624 = ORIENTED_EDGE('',*,*,#9612,.T.);
#9625 = ORIENTED_EDGE('',*,*,#9617,.T.);
#9626 = ORIENTED_EDGE('',*,*,#9622,.T.);
#9627 = EDGE_LOOP('',(#9623,#9624,#9625,#9626));
#9628 = FACE_OUTER_BOUND('',#9627,.T.);
#9629 = CARTESIAN_POINT('',(142.54923,63.80213,0.00000));
#9630 = DIRECTION('',(0.471396,0.881922,0.000000));
#9631 = DIRECTION('',(-0.881922,0.471396,0.000000));
#9632 = AXIS2_PLACEMENT_3D('',#9629,#9630,#9631);
#9633 = PLANE('',#9632);
#9634 = ADVANCED_FACE('',(#9628),#9633,.T.);
#9635 = CARTESIAN_POINT('',(142.25478,63.95951,0.00000));
#9636 = VERTEX_POINT('',#9635);
#9637 = CARTESIAN_POINT('',(141.93529,64.05643,0.00000));
#9638 = VERTEX_POINT('',#9637);
#9639 = CARTESIAN_POINT('',(141.93529,64.05643,1.50000));
#9640 = VERTEX_POINT('',#9639);
#9641 = CARTESIAN_POINT('',(142.25478,63.95951,1.50000));
#9642 = VERTEX_POINT('',#9641);
#9643 = CARTESIAN_POINT('',(142.25478,63.95951,0.00000));
#9644 = DIRECTION('',(-0.956941,0.290284,0.000000));
#9645 = VECTOR('',#9644,0.33387);
#9646 = LINE('',#9643,#9645);
#9647 = EDGE_CURVE('',#9636,#9638,#9646,.T.);
#9648 = CARTESIAN_POINT('',(141.93529,64.05643,0.00000));
#9649 = DIRECTION('',(0.000000,0.000000,1.000000));
#9650 = VECTOR('',#9649,1.50000);
#9651 = LINE('',#9648,#9650);
#9652 = EDGE_CURVE('',#9638,#9640,#9651,.T.);
#9653 = CARTESIAN_POINT('',(141.93529,64.05643,1.50000));
#9654 = DIRECTION('',(0.956941,-0.290284,0.000000));
#9655 = VECTOR('',#9654,0.33387);
#9656 = LINE('',#9653,#9655);
#9657 = EDGE_CURVE('',#9640,#9642,#9656,.T.);
#9658 = CARTESIAN_POINT('',(142.25478,63.95951,1.50000));
#9659 = DIRECTION('',(0.000000,0.000000,-1.000000));
#9660 = VECTOR('',#9659,1.50000);
#9661 = LINE('',#9658,#9660);
#9662 = EDGE_CURVE('',#9642,#9636,#9661,.T.);
#9663 = ORIENTED_EDGE('',*,*,#9647,.T.);
#9664 = ORIENTED_EDGE('',*,*,#9652,.T.);
#9665 = ORIENTED_EDGE('',*,*,#9657,.T.);
#9666 = ORIENTED_EDGE('',*,*,#9662,.T.);
#9667 = EDGE_LOOP('',(#9663,#9664,#9665,#9666));
#9668 = FACE_OUTER_BOUND('',#9667,.T.);
#9669 = CARTESIAN_POINT('',(142.25478,63.95951,0.00000));
#9670 = DIRECTION('',(0.290284,0.956941,0.000000));
#9671 = DIRECTION('',(-0.956941,0.290284,0.000000));
#9672 = AXIS2_PLACEMENT_3D('',#9669,#9670,#9671);
#9673 = PLANE('',#9672);
#9674 = ADVANCED_FACE('',(#9668),#9673,.T.);
#9675 = CARTESIAN_POINT('',(141.93529,64.05643,0.00000));
#9676 = VERTEX_POINT('',#9675);
#9677 = CARTESIAN_POINT('',(141.60303,64.08915,0.00000));
#9678 = VERTEX_POINT('',#9677);
#9679 = CARTESIAN_POINT('',(141.60303,64.08915,1.50000));
#9680 = VERTEX_POINT('',#9679);
#9681 = CARTESIAN_POINT('',(141.93529,64.05643,1.50000));
#9682 = VERTEX_POINT('',#9681);
#9683 = CARTESIAN_POINT('',(141.93529,64.05643,0.00000));
#9684 = DIRECTION('',(-0.995185,0.098016,0.000000));
#9685 = VECTOR('',#9684,0.33387);
#9686 = LINE('',#9683,#9685);
#9687 = EDGE_CURVE('',#9676,#9678,#9686,.T.);
#9688 = CARTESIAN_POINT('',(141.60303,64.08915,0.00000));
#9689 = DIRECTION('',(0.000000,0.000000,1.000000));
#9690 = VECTOR('',#9689,1.50000);
#9691 = LINE('',#9688,#9690);
#9692 = EDGE_CURVE('',#9678,#9680,#9691,.T.);
#9693 = CARTESIAN_POINT('',(141.60303,64.08915,1.50000));
#9694 = DIRECTION('',(0.995185,-0.098016,0.000000));
#9695 = VECTOR('',#9694,0.33387);
#9696 = LINE('',#9693,#9695);
#9697 = EDGE_CURVE('',#9680,#9682,#9696,.T.);
#9698 = CARTESIAN_POINT('',(141.93529,64.05643,1.50000));
#9699 = DIRECTION('',(0.000000,0.000000,-1.000000));
#9700 = VECTOR('',#9699,1.50000);
#9701 = LINE('',#9698,#9700);
#9702 = EDGE_CURVE('',#9682,#9676,#9701,.T.);
#9703 = ORIENTED_EDGE('',*,*,#9687,.T.);
#9704 = ORIENTED_EDGE('',*,*,#9692,.T.);
#9705 = ORIENTED_EDGE('',*,*,#9697,.T.);
#9706 = ORIENTED_EDGE('',*,*,#9702,.T.);
#9707 = EDGE_LOOP('',(#9703,#9704,#9705,#9706));
#9708 = FACE_OUTER_BOUND('',#9707,.T.);
#9709 = CARTESIAN_POINT('',(141.93529,64.05643,0.00000));
#9710 = DIRECTION('',(0.098016,0.995185,0.000000));
#9711 = DIRECTION('',(-0.995185,0.098016,0.000000));
#9712 = AXIS2_PLACEMENT_3D('',#9709,#9710,#9711);
#9713 = PLANE('',#9712);
#9714 = ADVANCED_FACE('',(#9708),#9713,.T.);
#9715 = CARTESIAN_POINT('',(141.60303,64.08915,0.00000));
#9716 = VERTEX_POINT('',#9715);
#9717 = CARTESIAN_POINT('',(139.04836,64.08915,0.00000));
#9718 = VERTEX_POINT('',#9717);
#9719 = CARTESIAN_POINT('',(139.04836,64.08915,1.50000));
#9720 = VERTEX_POINT('',#9719);
#9721 = CARTESIAN_POINT('',(141.60303,64.08915,1.50000));
#9722 = VERTEX_POINT('',#9721);
#9723 = CARTESIAN_POINT('',(141.60303,64.08915,0.00000));
#9724 = DIRECTION('',(-1.000000,-0.000001,0.000000));
#9725 = VECTOR('',#9724,2.55467);
#9726 = LINE('',#9723,#9725);
#9727 = EDGE_CURVE('',#9716,#9718,#9726,.T.);
#9728 = CARTESIAN_POINT('',(139.04836,64.08915,0.00000));
#9729 = DIRECTION('',(0.000000,0.000000,1.000000));
#9730 = VECTOR('',#9729,1.50000);
#9731 = LINE('',#9728,#9730);
#9732 = EDGE_CURVE('',#9718,#9720,#9731,.T.);
#9733 = CARTESIAN_POINT('',(139.04836,64.08915,1.50000));
#9734 = DIRECTION('',(1.000000,0.000001,0.000000));
#9735 = VECTOR('',#9734,2.55467);
#9736 = LINE('',#9733,#9735);
#9737 = EDGE_CURVE('',#9720,#9722,#9736,.T.);
#9738 = CARTESIAN_POINT('',(141.60303,64.08915,1.50000));
#9739 = DIRECTION('',(0.000000,0.000000,-1.000000));
#9740 = VECTOR('',#9739,1.50000);
#9741 = LINE('',#9738,#9740);
#9742 = EDGE_CURVE('',#9722,#9716,#9741,.T.);
#9743 = ORIENTED_EDGE('',*,*,#9727,.T.);
#9744 = ORIENTED_EDGE('',*,*,#9732,.T.);
#9745 = ORIENTED_EDGE('',*,*,#9737,.T.);
#9746 = ORIENTED_EDGE('',*,*,#9742,.T.);
#9747 = EDGE_LOOP('',(#9743,#9744,#9745,#9746));
#9748 = FACE_OUTER_BOUND('',#9747,.T.);
#9749 = CARTESIAN_POINT('',(141.60303,64.08915,0.00000));
#9750 = DIRECTION('',(-0.000001,1.000000,0.000000));
#9751 = DIRECTION('',(-1.000000,-0.000001,0.000000));
#9752 = AXIS2_PLACEMENT_3D('',#9749,#9750,#9751);
#9753 = PLANE('',#9752);
#9754 = ADVANCED_FACE('',(#9748),#9753,.T.);
#9755 = CARTESIAN_POINT('',(139.04836,64.08915,0.00000));
#9756 = VERTEX_POINT('',#9755);
#9757 = CARTESIAN_POINT('',(136.80694,64.08456,0.00000));
#9758 = VERTEX_POINT('',#9757);
#9759 = CARTESIAN_POINT('',(136.80694,64.08456,1.50000));
#9760 = VERTEX_POINT('',#9759);
#9761 = CARTESIAN_POINT('',(139.04836,64.08915,1.50000));
#9762 = VERTEX_POINT('',#9761);
#9763 = CARTESIAN_POINT('',(139.04836,64.08915,0.00000));
#9764 = DIRECTION('',(-0.999998,-0.002048,0.000000));
#9765 = VECTOR('',#9764,2.24142);
#9766 = LINE('',#9763,#9765);
#9767 = EDGE_CURVE('',#9756,#9758,#9766,.T.);
#9768 = CARTESIAN_POINT('',(136.80694,64.08456,0.00000));
#9769 = DIRECTION('',(0.000000,0.000000,1.000000));
#9770 = VECTOR('',#9769,1.50000);
#9771 = LINE('',#9768,#9770);
#9772 = EDGE_CURVE('',#9758,#9760,#9771,.T.);
#9773 = CARTESIAN_POINT('',(136.80694,64.08456,1.50000));
#9774 = DIRECTION('',(0.999998,0.002048,0.000000));
#9775 = VECTOR('',#9774,2.24142);
#9776 = LINE('',#9773,#9775);
#9777 = EDGE_CURVE('',#9760,#9762,#9776,.T.);
#9778 = CARTESIAN_POINT('',(139.04836,64.08915,1.50000));
#9779 = DIRECTION('',(0.000000,0.000000,-1.000000));
#9780 = VECTOR('',#9779,1.50000);
#9781 = LINE('',#9778,#9780);
#9782 = EDGE_CURVE('',#9762,#9756,#9781,.T.);
#9783 = ORIENTED_EDGE('',*,*,#9767,.T.);
#9784 = ORIENTED_EDGE('',*,*,#9772,.T.);
#9785 = ORIENTED_EDGE('',*,*,#9777,.T.);
#9786 = ORIENTED_EDGE('',*,*,#9782,.T.);
#9787 = EDGE_LOOP('',(#9783,#9784,#9785,#9786));
#9788 = FACE_OUTER_BOUND('',#9787,.T.);
#9789 = CARTESIAN_POINT('',(139.04836,64.08915,0.00000));
#9790 = DIRECTION('',(-0.002048,0.999998,0.000000));
#9791 = DIRECTION('',(-0.999998,-0.002048,0.000000));
#9792 = AXIS2_PLACEMENT_3D('',#9789,#9790,#9791);
#9793 = PLANE('',#9792);
#9794 = ADVANCED_FACE('',(#9788),#9793,.T.);
#9795 = CARTESIAN_POINT('',(136.80694,64.08456,0.00000));
#9796 = VERTEX_POINT('',#9795);
#9797 = CARTESIAN_POINT('',(86.92134,64.08456,0.00000));
#9798 = VERTEX_POINT('',#9797);
#9799 = CARTESIAN_POINT('',(86.92134,64.08456,1.50000));
#9800 = VERTEX_POINT('',#9799);
#9801 = CARTESIAN_POINT('',(136.80694,64.08456,1.50000));
#9802 = VERTEX_POINT('',#9801);
#9803 = CARTESIAN_POINT('',(136.80694,64.08456,0.00000));
#9804 = DIRECTION('',(-1.000000,0.000000,0.000000));
#9805 = VECTOR('',#9804,49.88560);
#9806 = LINE('',#9803,#9805);
#9807 = EDGE_CURVE('',#9796,#9798,#9806,.T.);
#9808 = CARTESIAN_POINT('',(86.92134,64.08456,0.00000));
#9809 = DIRECTION('',(0.000000,0.000000,1.000000));
#9810 = VECTOR('',#9809,1.50000);
#9811 = LINE('',#9808,#9810);
#9812 = EDGE_CURVE('',#9798,#9800,#9811,.T.);
#9813 = CARTESIAN_POINT('',(86.92134,64.08456,1.50000));
#9814 = DIRECTION('',(1.000000,-0.000000,0.000000));
#9815 = VECTOR('',#9814,49.88560);
#9816 = LINE('',#9813,#9815);
#9817 = EDGE_CURVE('',#9800,#9802,#9816,.T.);
#9818 = CARTESIAN_POINT('',(136.80694,64.08456,1.50000));
#9819 = DIRECTION('',(0.000000,0.000000,-1.000000));
#9820 = VECTOR('',#9819,1.50000);
#9821 = LINE('',#9818,#9820);
#9822 = EDGE_CURVE('',#9802,#9796,#9821,.T.);
#9823 = ORIENTED_EDGE('',*,*,#9807,.T.);
#9824 = ORIENTED_EDGE('',*,*,#9812,.T.);
#9825 = ORIENTED_EDGE('',*,*,#9817,.T.);
#9826 = ORIENTED_EDGE('',*,*,#9822,.T.);
#9827 = EDGE_LOOP('',(#9823,#9824,#9825,#9826));
#9828 = FACE_OUTER_BOUND('',#9827,.T.);
#9829 = CARTESIAN_POINT('',(136.80694,64.08456,0.00000));
#9830 = DIRECTION('',(0.000000,1.000000,0.000000));
#9831 = DIRECTION('',(-1.000000,0.000000,0.000000));
#9832 = AXIS2_PLACEMENT_3D('',#9829,#9830,#9831);
#9833 = PLANE('',#9832);
#9834 = ADVANCED_FACE('',(#9828),#9833,.T.);
#9835 = CARTESIAN_POINT('',(86.92134,64.08456,0.00000));
#9836 = VERTEX_POINT('',#9835);
#9837 = CARTESIAN_POINT('',(86.86712,64.08844,0.00000));
#9838 = VERTEX_POINT('',#9837);
#9839 = CARTESIAN_POINT('',(86.86712,64.08844,1.50000));
#9840 = VERTEX_POINT('',#9839);
#9841 = CARTESIAN_POINT('',(86.92134,64.08456,1.50000));
#9842 = VERTEX_POINT('',#9841);
#9843 = CARTESIAN_POINT('',(86.92134,64.08456,0.00000));
#9844 = DIRECTION('',(-0.997452,0.071337,0.000000));
#9845 = VECTOR('',#9844,0.05436);
#9846 = LINE('',#9843,#9845);
#9847 = EDGE_CURVE('',#9836,#9838,#9846,.T.);
#9848 = CARTESIAN_POINT('',(86.86712,64.08844,0.00000));
#9849 = DIRECTION('',(0.000000,0.000000,1.000000));
#9850 = VECTOR('',#9849,1.50000);
#9851 = LINE('',#9848,#9850);
#9852 = EDGE_CURVE('',#9838,#9840,#9851,.T.);
#9853 = CARTESIAN_POINT('',(86.86712,64.08844,1.50000));
#9854 = DIRECTION('',(0.997452,-0.071337,0.000000));
#9855 = VECTOR('',#9854,0.05436);
#9856 = LINE('',#9853,#9855);
#9857 = EDGE_CURVE('',#9840,#9842,#9856,.T.);
#9858 = CARTESIAN_POINT('',(86.92134,64.08456,1.50000));
#9859 = DIRECTION('',(0.000000,0.000000,-1.000000));
#9860 = VECTOR('',#9859,1.50000);
#9861 = LINE('',#9858,#9860);
#9862 = EDGE_CURVE('',#9842,#9836,#9861,.T.);
#9863 = ORIENTED_EDGE('',*,*,#9847,.T.);
#9864 = ORIENTED_EDGE('',*,*,#9852,.T.);
#9865 = ORIENTED_EDGE('',*,*,#9857,.T.);
#9866 = ORIENTED_EDGE('',*,*,#9862,.T.);
#9867 = EDGE_LOOP('',(#9863,#9864,#9865,#9866));
#9868 = FACE_OUTER_BOUND('',#9867,.T.);
#9869 = CARTESIAN_POINT('',(86.92134,64.08456,0.00000));
#9870 = DIRECTION('',(0.071337,0.997452,0.000000));
#9871 = DIRECTION('',(-0.997452,0.071337,0.000000));
#9872 = AXIS2_PLACEMENT_3D('',#9869,#9870,#9871);
#9873 = PLANE('',#9872);
#9874 = ADVANCED_FACE('',(#9868),#9873,.T.);
#9875 = CARTESIAN_POINT('',(86.86712,64.08844,0.00000));
#9876 = VERTEX_POINT('',#9875);
#9877 = CARTESIAN_POINT('',(86.81400,64.09999,0.00000));
#9878 = VERTEX_POINT('',#9877);
#9879 = CARTESIAN_POINT('',(86.81400,64.09999,1.50000));
#9880 = VERTEX_POINT('',#9879);
#9881 = CARTESIAN_POINT('',(86.86712,64.08844,1.50000));
#9882 = VERTEX_POINT('',#9881);
#9883 = CARTESIAN_POINT('',(86.86712,64.08844,0.00000));
#9884 = DIRECTION('',(-0.977147,0.212563,0.000000));
#9885 = VECTOR('',#9884,0.05436);
#9886 = LINE('',#9883,#9885);
#9887 = EDGE_CURVE('',#9876,#9878,#9886,.T.);
#9888 = CARTESIAN_POINT('',(86.81400,64.09999,0.00000));
#9889 = DIRECTION('',(0.000000,0.000000,1.000000));
#9890 = VECTOR('',#9889,1.50000);
#9891 = LINE('',#9888,#9890);
#9892 = EDGE_CURVE('',#9878,#9880,#9891,.T.);
#9893 = CARTESIAN_POINT('',(86.81400,64.09999,1.50000));
#9894 = DIRECTION('',(0.977147,-0.212563,0.000000));
#9895 = VECTOR('',#9894,0.05436);
#9896 = LINE('',#9893,#9895);
#9897 = EDGE_CURVE('',#9880,#9882,#9896,.T.);
#9898 = CARTESIAN_POINT('',(86.86712,64.08844,1.50000));
#9899 = DIRECTION('',(0.000000,0.000000,-1.000000));
#9900 = VECTOR('',#9899,1.50000);
#9901 = LINE('',#9898,#9900);
#9902 = EDGE_CURVE('',#9882,#9876,#9901,.T.);
#9903 = ORIENTED_EDGE('',*,*,#9887,.T.);
#9904 = ORIENTED_EDGE('',*,*,#9892,.T.);
#9905 = ORIENTED_EDGE('',*,*,#9897,.T.);
#9906 = ORIENTED_EDGE('',*,*,#9902,.T.);
#9907 = EDGE_LOOP('',(#9903,#9904,#9905,#9906));
#9908 = FACE_OUTER_BOUND('',#9907,.T.);
#9909 = CARTESIAN_POINT('',(86.86712,64.08844,0.00000));
#9910 = DIRECTION('',(0.212563,0.977147,0.000000));
#9911 = DIRECTION('',(-0.977147,0.212563,0.000000));
#9912 = AXIS2_PLACEMENT_3D('',#9909,#9910,#9911);
#9913 = PLANE('',#9912);
#9914 = ADVANCED_FACE('',(#9908),#9913,.T.);
#9915 = CARTESIAN_POINT('',(86.81400,64.09999,0.00000));
#9916 = VERTEX_POINT('',#9915);
#9917 = CARTESIAN_POINT('',(86.76307,64.11899,0.00000));
#9918 = VERTEX_POINT('',#9917);
#9919 = CARTESIAN_POINT('',(86.76307,64.11899,1.50000));
#9920 = VERTEX_POINT('',#9919);
#9921 = CARTESIAN_POINT('',(86.81400,64.09999,1.50000));
#9922 = VERTEX_POINT('',#9921);
#9923 = CARTESIAN_POINT('',(86.81400,64.09999,0.00000));
#9924 = DIRECTION('',(-0.936950,0.349463,0.000000));
#9925 = VECTOR('',#9924,0.05436);
#9926 = LINE('',#9923,#9925);
#9927 = EDGE_CURVE('',#9916,#9918,#9926,.T.);
#9928 = CARTESIAN_POINT('',(86.76307,64.11899,0.00000));
#9929 = DIRECTION('',(0.000000,0.000000,1.000000));
#9930 = VECTOR('',#9929,1.50000);
#9931 = LINE('',#9928,#9930);
#9932 = EDGE_CURVE('',#9918,#9920,#9931,.T.);
#9933 = CARTESIAN_POINT('',(86.76307,64.11899,1.50000));
#9934 = DIRECTION('',(0.936950,-0.349463,0.000000));
#9935 = VECTOR('',#9934,0.05436);
#9936 = LINE('',#9933,#9935);
#9937 = EDGE_CURVE('',#9920,#9922,#9936,.T.);
#9938 = CARTESIAN_POINT('',(86.81400,64.09999,1.50000));
#9939 = DIRECTION('',(0.000000,0.000000,-1.000000));
#9940 = VECTOR('',#9939,1.50000);
#9941 = LINE('',#9938,#9940);
#9942 = EDGE_CURVE('',#9922,#9916,#9941,.T.);
#9943 = ORIENTED_EDGE('',*,*,#9927,.T.);
#9944 = ORIENTED_EDGE('',*,*,#9932,.T.);
#9945 = ORIENTED_EDGE('',*,*,#9937,.T.);
#9946 = ORIENTED_EDGE('',*,*,#9942,.T.);
#9947 = EDGE_LOOP('',(#9943,#9944,#9945,#9946));
#9948 = FACE_OUTER_BOUND('',#9947,.T.);
#9949 = CARTESIAN_POINT('',(86.81400,64.09999,0.00000));
#9950 = DIRECTION('',(0.349463,0.936950,0.000000));
#9951 = DIRECTION('',(-0.936950,0.349463,0.000000));
#9952 = AXIS2_PLACEMENT_3D('',#9949,#9950,#9951);
#9953 = PLANE('',#9952);
#9954 = ADVANCED_FACE('',(#9948),#9953,.T.);
#9955 = CARTESIAN_POINT('',(86.76307,64.11899,0.00000));
#9956 = VERTEX_POINT('',#9955);
#9957 = CARTESIAN_POINT('',(86.71536,64.14504,0.00000));
#9958 = VERTEX_POINT('',#9957);
#9959 = CARTESIAN_POINT('',(86.71536,64.14504,1.50000));
#9960 = VERTEX_POINT('',#9959);
#9961 = CARTESIAN_POINT('',(86.76307,64.11899,1.50000));
#9962 = VERTEX_POINT('',#9961);
#9963 = CARTESIAN_POINT('',(86.76307,64.11899,0.00000));
#9964 = DIRECTION('',(-0.877679,0.479248,0.000000));
#9965 = VECTOR('',#9964,0.05436);
#9966 = LINE('',#9963,#9965);
#9967 = EDGE_CURVE('',#9956,#9958,#9966,.T.);
#9968 = CARTESIAN_POINT('',(86.71536,64.14504,0.00000));
#9969 = DIRECTION('',(0.000000,0.000000,1.000000));
#9970 = VECTOR('',#9969,1.50000);
#9971 = LINE('',#9968,#9970);
#9972 = EDGE_CURVE('',#9958,#9960,#9971,.T.);
#9973 = CARTESIAN_POINT('',(86.71536,64.14504,1.50000));
#9974 = DIRECTION('',(0.877679,-0.479248,0.000000));
#9975 = VECTOR('',#9974,0.05436);
#9976 = LINE('',#9973,#9975);
#9977 = EDGE_CURVE('',#9960,#9962,#9976,.T.);
#9978 = CARTESIAN_POINT('',(86.76307,64.11899,1.50000));
#9979 = DIRECTION('',(0.000000,0.000000,-1.000000));
#9980 = VECTOR('',#9979,1.50000);
#9981 = LINE('',#9978,#9980);
#9982 = EDGE_CURVE('',#9962,#9956,#9981,.T.);
#9983 = ORIENTED_EDGE('',*,*,#9967,.T.);
#9984 = ORIENTED_EDGE('',*,*,#9972,.T.);
#9985 = ORIENTED_EDGE('',*,*,#9977,.T.);
#9986 = ORIENTED_EDGE('',*,*,#9982,.T.);
#9987 = EDGE_LOOP('',(#9983,#9984,#9985,#9986));
#9988 = FACE_OUTER_BOUND('',#9987,.T.);
#9989 = CARTESIAN_POINT('',(86.76307,64.11899,0.00000));
#9990 = DIRECTION('',(0.479248,0.877679,0.000000));
#9991 = DIRECTION('',(-0.877679,0.479248,0.000000));
#9992 = AXIS2_PLACEMENT_3D('',#9989,#9990,#9991);
#9993 = PLANE('',#9992);
#9994 = ADVANCED_FACE('',(#9988),#9993,.T.);
#9995 = CARTESIAN_POINT('',(86.71536,64.14504,0.00000));
#9996 = VERTEX_POINT('',#9995);
#9997 = CARTESIAN_POINT('',(86.67184,64.17762,0.00000));
#9998 = VERTEX_POINT('',#9997);
#9999 = CARTESIAN_POINT('',(86.67184,64.17762,1.50000));
#10000 = VERTEX_POINT('',#9999);
#10001 = CARTESIAN_POINT('',(86.71536,64.14504,1.50000));
#10002 = VERTEX_POINT('',#10001);
#10003 = CARTESIAN_POINT('',(86.71536,64.14504,0.00000));
#10004 = DIRECTION('',(-0.800542,0.599277,0.000000));
#10005 = VECTOR('',#10004,0.05436);
#10006 = LINE('',#10003,#10005);
#10007 = EDGE_CURVE('',#9996,#9998,#10006,.T.);
#10008 = CARTESIAN_POINT('',(86.67184,64.17762,0.00000));
#10009 = DIRECTION('',(0.000000,0.000000,1.000000));
#10010 = VECTOR('',#10009,1.50000);
#10011 = LINE('',#10008,#10010);
#10012 = EDGE_CURVE('',#9998,#10000,#10011,.T.);
#10013 = CARTESIAN_POINT('',(86.67184,64.17762,1.50000));
#10014 = DIRECTION('',(0.800542,-0.599277,0.000000));
#10015 = VECTOR('',#10014,0.05436);
#10016 = LINE('',#10013,#10015);
#10017 = EDGE_CURVE('',#10000,#10002,#10016,.T.);
#10018 = CARTESIAN_POINT('',(86.71536,64.14504,1.50000));
#10019 = DIRECTION('',(0.000000,0.000000,-1.000000));
#10020 = VECTOR('',#10019,1.50000);
#10021 = LINE('',#10018,#10020);
#10022 = EDGE_CURVE('',#10002,#9996,#10021,.T.);
#10023 = ORIENTED_EDGE('',*,*,#10007,.T.);
#10024 = ORIENTED_EDGE('',*,*,#10012,.T.);
#10025 = ORIENTED_EDGE('',*,*,#10017,.T.);
#10026 = ORIENTED_EDGE('',*,*,#10022,.T.);
#10027 = EDGE_LOOP('',(#10023,#10024,#10025,#10026));
#10028 = FACE_OUTER_BOUND('',#10027,.T.);
#10029 = CARTESIAN_POINT('',(86.71536,64.14504,0.00000));
#10030 = DIRECTION('',(0.599277,0.800542,0.000000));
#10031 = DIRECTION('',(-0.800542,0.599277,0.000000));
#10032 = AXIS2_PLACEMENT_3D('',#10029,#10030,#10031);
#10033 = PLANE('',#10032);
#10034 = ADVANCED_FACE('',(#10028),#10033,.T.);
#10035 = CARTESIAN_POINT('',(86.67184,64.17762,0.00000));
#10036 = VERTEX_POINT('',#10035);
#10037 = CARTESIAN_POINT('',(86.63340,64.21606,0.00000));
#10038 = VERTEX_POINT('',#10037);
#10039 = CARTESIAN_POINT('',(86.63340,64.21606,1.50000));
#10040 = VERTEX_POINT('',#10039);
#10041 = CARTESIAN_POINT('',(86.67184,64.17762,1.50000));
#10042 = VERTEX_POINT('',#10041);
#10043 = CARTESIAN_POINT('',(86.67184,64.17762,0.00000));
#10044 = DIRECTION('',(-0.707107,0.707107,0.000000));
#10045 = VECTOR('',#10044,0.05436);
#10046 = LINE('',#10043,#10045);
#10047 = EDGE_CURVE('',#10036,#10038,#10046,.T.);
#10048 = CARTESIAN_POINT('',(86.63340,64.21606,0.00000));
#10049 = DIRECTION('',(0.000000,0.000000,1.000000));
#10050 = VECTOR('',#10049,1.50000);
#10051 = LINE('',#10048,#10050);
#10052 = EDGE_CURVE('',#10038,#10040,#10051,.T.);
#10053 = CARTESIAN_POINT('',(86.63340,64.21606,1.50000));
#10054 = DIRECTION('',(0.707107,-0.707107,0.000000));
#10055 = VECTOR('',#10054,0.05436);
#10056 = LINE('',#10053,#10055);
#10057 = EDGE_CURVE('',#10040,#10042,#10056,.T.);
#10058 = CARTESIAN_POINT('',(86.67184,64.17762,1.50000));
#10059 = DIRECTION('',(0.000000,0.000000,-1.000000));
#10060 = VECTOR('',#10059,1.50000);
#10061 = LINE('',#10058,#10060);
#10062 = EDGE_CURVE('',#10042,#10036,#10061,.T.);
#10063 = ORIENTED_EDGE('',*,*,#10047,.T.);
#10064 = ORIENTED_EDGE('',*,*,#10052,.T.);
#10065 = ORIENTED_EDGE('',*,*,#10057,.T.);
#10066 = ORIENTED_EDGE('',*,*,#10062,.T.);
#10067 = EDGE_LOOP('',(#10063,#10064,#10065,#10066));
#10068 = FACE_OUTER_BOUND('',#10067,.T.);
#10069 = CARTESIAN_POINT('',(86.67184,64.17762,0.00000));
#10070 = DIRECTION('',(0.707107,0.707107,0.000000));
#10071 = DIRECTION('',(-0.707107,0.707107,0.000000));
#10072 = AXIS2_PLACEMENT_3D('',#10069,#10070,#10071);
#10073 = PLANE('',#10072);
#10074 = ADVANCED_FACE('',(#10068),#10073,.T.);
#10075 = CARTESIAN_POINT('',(86.63340,64.21606,0.00000));
#10076 = VERTEX_POINT('',#10075);
#10077 = CARTESIAN_POINT('',(86.60082,64.25958,0.00000));
#10078 = VERTEX_POINT('',#10077);
#10079 = CARTESIAN_POINT('',(86.60082,64.25958,1.50000));
#10080 = VERTEX_POINT('',#10079);
#10081 = CARTESIAN_POINT('',(86.63340,64.21606,1.50000));
#10082 = VERTEX_POINT('',#10081);
#10083 = CARTESIAN_POINT('',(86.63340,64.21606,0.00000));
#10084 = DIRECTION('',(-0.599277,0.800542,0.000000));
#10085 = VECTOR('',#10084,0.05436);
#10086 = LINE('',#10083,#10085);
#10087 = EDGE_CURVE('',#10076,#10078,#10086,.T.);
#10088 = CARTESIAN_POINT('',(86.60082,64.25958,0.00000));
#10089 = DIRECTION('',(0.000000,0.000000,1.000000));
#10090 = VECTOR('',#10089,1.50000);
#10091 = LINE('',#10088,#10090);
#10092 = EDGE_CURVE('',#10078,#10080,#10091,.T.);
#10093 = CARTESIAN_POINT('',(86.60082,64.25958,1.50000));
#10094 = DIRECTION('',(0.599277,-0.800542,0.000000));
#10095 = VECTOR('',#10094,0.05436);
#10096 = LINE('',#10093,#10095);
#10097 = EDGE_CURVE('',#10080,#10082,#10096,.T.);
#10098 = CARTESIAN_POINT('',(86.63340,64.21606,1.50000));
#10099 = DIRECTION('',(0.000000,0.000000,-1.000000));
#10100 = VECTOR('',#10099,1.50000);
#10101 = LINE('',#10098,#10100);
#10102 = EDGE_CURVE('',#10082,#10076,#10101,.T.);
#10103 = ORIENTED_EDGE('',*,*,#10087,.T.);
#10104 = ORIENTED_EDGE('',*,*,#10092,.T.);
#10105 = ORIENTED_EDGE('',*,*,#10097,.T.);
#10106 = ORIENTED_EDGE('',*,*,#10102,.T.);
#10107 = EDGE_LOOP('',(#10103,#10104,#10105,#10106));
#10108 = FACE_OUTER_BOUND('',#10107,.T.);
#10109 = CARTESIAN_POINT('',(86.63340,64.21606,0.00000));
#10110 = DIRECTION('',(0.800542,0.599277,0.000000));
#10111 = DIRECTION('',(-0.599277,0.800542,0.000000));
#10112 = AXIS2_PLACEMENT_3D('',#10109,#10110,#10111);
#10113 = PLANE('',#10112);
#10114 = ADVANCED_FACE('',(#10108),#10113,.T.);
#10115 = CARTESIAN_POINT('',(86.60082,64.25958,0.00000));
#10116 = VERTEX_POINT('',#10115);
#10117 = CARTESIAN_POINT('',(86.57477,64.30729,0.00000));
#10118 = VERTEX_POINT('',#10117);
#10119 = CARTESIAN_POINT('',(86.57477,64.30729,1.50000));
#10120 = VERTEX_POINT('',#10119);
#10121 = CARTESIAN_POINT('',(86.60082,64.25958,1.50000));
#10122 = VERTEX_POINT('',#10121);
#10123 = CARTESIAN_POINT('',(86.60082,64.25958,0.00000));
#10124 = DIRECTION('',(-0.479248,0.877679,0.000000));
#10125 = VECTOR('',#10124,0.05436);
#10126 = LINE('',#10123,#10125);
#10127 = EDGE_CURVE('',#10116,#10118,#10126,.T.);
#10128 = CARTESIAN_POINT('',(86.57477,64.30729,0.00000));
#10129 = DIRECTION('',(0.000000,0.000000,1.000000));
#10130 = VECTOR('',#10129,1.50000);
#10131 = LINE('',#10128,#10130);
#10132 = EDGE_CURVE('',#10118,#10120,#10131,.T.);
#10133 = CARTESIAN_POINT('',(86.57477,64.30729,1.50000));
#10134 = DIRECTION('',(0.479248,-0.877679,0.000000));
#10135 = VECTOR('',#10134,0.05436);
#10136 = LINE('',#10133,#10135);
#10137 = EDGE_CURVE('',#10120,#10122,#10136,.T.);
#10138 = CARTESIAN_POINT('',(86.60082,64.25958,1.50000));
#10139 = DIRECTION('',(0.000000,0.000000,-1.000000));
#10140 = VECTOR('',#10139,1.50000);
#10141 = LINE('',#10138,#10140);
#10142 = EDGE_CURVE('',#10122,#10116,#10141,.T.);
#10143 = ORIENTED_EDGE('',*,*,#10127,.T.);
#10144 = ORIENTED_EDGE('',*,*,#10132,.T.);
#10145 = ORIENTED_EDGE('',*,*,#10137,.T.);
#10146 = ORIENTED_EDGE('',*,*,#10142,.T.);
#10147 = EDGE_LOOP('',(#10143,#10144,#10145,#10146));
#10148 = FACE_OUTER_BOUND('',#10147,.T.);
#10149 = CARTESIAN_POINT('',(86.60082,64.25958,0.00000));
#10150 = DIRECTION('',(0.877679,0.479248,0.000000));
#10151 = DIRECTION('',(-0.479248,0.877679,0.000000));
#10152 = AXIS2_PLACEMENT_3D('',#10149,#10150,#10151);
#10153 = PLANE('',#10152);
#10154 = ADVANCED_FACE('',(#10148),#10153,.T.);
#10155 = CARTESIAN_POINT('',(86.57477,64.30729,0.00000));
#10156 = VERTEX_POINT('',#10155);
#10157 = CARTESIAN_POINT('',(86.55578,64.35822,0.00000));
#10158 = VERTEX_POINT('',#10157);
#10159 = CARTESIAN_POINT('',(86.55578,64.35822,1.50000));
#10160 = VERTEX_POINT('',#10159);
#10161 = CARTESIAN_POINT('',(86.57477,64.30729,1.50000));
#10162 = VERTEX_POINT('',#10161);
#10163 = CARTESIAN_POINT('',(86.57477,64.30729,0.00000));
#10164 = DIRECTION('',(-0.349463,0.936950,0.000000));
#10165 = VECTOR('',#10164,0.05436);
#10166 = LINE('',#10163,#10165);
#10167 = EDGE_CURVE('',#10156,#10158,#10166,.T.);
#10168 = CARTESIAN_POINT('',(86.55578,64.35822,0.00000));
#10169 = DIRECTION('',(0.000000,0.000000,1.000000));
#10170 = VECTOR('',#10169,1.50000);
#10171 = LINE('',#10168,#10170);
#10172 = EDGE_CURVE('',#10158,#10160,#10171,.T.);
#10173 = CARTESIAN_POINT('',(86.55578,64.35822,1.50000));
#10174 = DIRECTION('',(0.349463,-0.936950,0.000000));
#10175 = VECTOR('',#10174,0.05436);
#10176 = LINE('',#10173,#10175);
#10177 = EDGE_CURVE('',#10160,#10162,#10176,.T.);
#10178 = CARTESIAN_POINT('',(86.57477,64.30729,1.50000));
#10179 = DIRECTION('',(0.000000,0.000000,-1.000000));
#10180 = VECTOR('',#10179,1.50000);
#10181 = LINE('',#10178,#10180);
#10182 = EDGE_CURVE('',#10162,#10156,#10181,.T.);
#10183 = ORIENTED_EDGE('',*,*,#10167,.T.);
#10184 = ORIENTED_EDGE('',*,*,#10172,.T.);
#10185 = ORIENTED_EDGE('',*,*,#10177,.T.);
#10186 = ORIENTED_EDGE('',*,*,#10182,.T.);
#10187 = EDGE_LOOP('',(#10183,#10184,#10185,#10186));
#10188 = FACE_OUTER_BOUND('',#10187,.T.);
#10189 = CARTESIAN_POINT('',(86.57477,64.30729,0.00000));
#10190 = DIRECTION('',(0.936950,0.349463,0.000000));
#10191 = DIRECTION('',(-0.349463,0.936950,0.000000));
#10192 = AXIS2_PLACEMENT_3D('',#10189,#10190,#10191);
#10193 = PLANE('',#10192);
#10194 = ADVANCED_FACE('',(#10188),#10193,.T.);
#10195 = CARTESIAN_POINT('',(86.55578,64.35822,0.00000));
#10196 = VERTEX_POINT('',#10195);
#10197 = CARTESIAN_POINT('',(86.54422,64.41134,0.00000));
#10198 = VERTEX_POINT('',#10197);
#10199 = CARTESIAN_POINT('',(86.54422,64.41134,1.50000));
#10200 = VERTEX_POINT('',#10199);
#10201 = CARTESIAN_POINT('',(86.55578,64.35822,1.50000));
#10202 = VERTEX_POINT('',#10201);
#10203 = CARTESIAN_POINT('',(86.55578,64.35822,0.00000));
#10204 = DIRECTION('',(-0.212563,0.977147,0.000000));
#10205 = VECTOR('',#10204,0.05436);
#10206 = LINE('',#10203,#10205);
#10207 = EDGE_CURVE('',#10196,#10198,#10206,.T.);
#10208 = CARTESIAN_POINT('',(86.54422,64.41134,0.00000));
#10209 = DIRECTION('',(0.000000,0.000000,1.000000));
#10210 = VECTOR('',#10209,1.50000);
#10211 = LINE('',#10208,#10210);
#10212 = EDGE_CURVE('',#10198,#10200,#10211,.T.);
#10213 = CARTESIAN_POINT('',(86.54422,64.41134,1.50000));
#10214 = DIRECTION('',(0.212563,-0.977147,0.000000));
#10215 = VECTOR('',#10214,0.05436);
#10216 = LINE('',#10213,#10215);
#10217 = EDGE_CURVE('',#10200,#10202,#10216,.T.);
#10218 = CARTESIAN_POINT('',(86.55578,64.35822,1.50000));
#10219 = DIRECTION('',(0.000000,0.000000,-1.000000));
#10220 = VECTOR('',#10219,1.50000);
#10221 = LINE('',#10218,#10220);
#10222 = EDGE_CURVE('',#10202,#10196,#10221,.T.);
#10223 = ORIENTED_EDGE('',*,*,#10207,.T.);
#10224 = ORIENTED_EDGE('',*,*,#10212,.T.);
#10225 = ORIENTED_EDGE('',*,*,#10217,.T.);
#10226 = ORIENTED_EDGE('',*,*,#10222,.T.);
#10227 = EDGE_LOOP('',(#10223,#10224,#10225,#10226));
#10228 = FACE_OUTER_BOUND('',#10227,.T.);
#10229 = CARTESIAN_POINT('',(86.55578,64.35822,0.00000));
#10230 = DIRECTION('',(0.977147,0.212563,0.000000));
#10231 = DIRECTION('',(-0.212563,0.977147,0.000000));
#10232 = AXIS2_PLACEMENT_3D('',#10229,#10230,#10231);
#10233 = PLANE('',#10232);
#10234 = ADVANCED_FACE('',(#10228),#10233,.T.);
#10235 = CARTESIAN_POINT('',(86.54422,64.41134,0.00000));
#10236 = VERTEX_POINT('',#10235);
#10237 = CARTESIAN_POINT('',(86.54034,64.46556,0.00000));
#10238 = VERTEX_POINT('',#10237);
#10239 = CARTESIAN_POINT('',(86.54034,64.46556,1.50000));
#10240 = VERTEX_POINT('',#10239);
#10241 = CARTESIAN_POINT('',(86.54422,64.41134,1.50000));
#10242 = VERTEX_POINT('',#10241);
#10243 = CARTESIAN_POINT('',(86.54422,64.41134,0.00000));
#10244 = DIRECTION('',(-0.071337,0.997452,0.000000));
#10245 = VECTOR('',#10244,0.05436);
#10246 = LINE('',#10243,#10245);
#10247 = EDGE_CURVE('',#10236,#10238,#10246,.T.);
#10248 = CARTESIAN_POINT('',(86.54034,64.46556,0.00000));
#10249 = DIRECTION('',(0.000000,0.000000,1.000000));
#10250 = VECTOR('',#10249,1.50000);
#10251 = LINE('',#10248,#10250);
#10252 = EDGE_CURVE('',#10238,#10240,#10251,.T.);
#10253 = CARTESIAN_POINT('',(86.54034,64.46556,1.50000));
#10254 = DIRECTION('',(0.071337,-0.997452,0.000000));
#10255 = VECTOR('',#10254,0.05436);
#10256 = LINE('',#10253,#10255);
#10257 = EDGE_CURVE('',#10240,#10242,#10256,.T.);
#10258 = CARTESIAN_POINT('',(86.54422,64.41134,1.50000));
#10259 = DIRECTION('',(0.000000,0.000000,-1.000000));
#10260 = VECTOR('',#10259,1.50000);
#10261 = LINE('',#10258,#10260);
#10262 = EDGE_CURVE('',#10242,#10236,#10261,.T.);
#10263 = ORIENTED_EDGE('',*,*,#10247,.T.);
#10264 = ORIENTED_EDGE('',*,*,#10252,.T.);
#10265 = ORIENTED_EDGE('',*,*,#10257,.T.);
#10266 = ORIENTED_EDGE('',*,*,#10262,.T.);
#10267 = EDGE_LOOP('',(#10263,#10264,#10265,#10266));
#10268 = FACE_OUTER_BOUND('',#10267,.T.);
#10269 = CARTESIAN_POINT('',(86.54422,64.41134,0.00000));
#10270 = DIRECTION('',(0.997452,0.071337,0.000000));
#10271 = DIRECTION('',(-0.071337,0.997452,0.000000));
#10272 = AXIS2_PLACEMENT_3D('',#10269,#10270,#10271);
#10273 = PLANE('',#10272);
#10274 = ADVANCED_FACE('',(#10268),#10273,.T.);
#10275 = CARTESIAN_POINT('',(86.54034,64.46556,0.00000));
#10276 = VERTEX_POINT('',#10275);
#10277 = CARTESIAN_POINT('',(86.18154,64.97356,0.00000));
#10278 = VERTEX_POINT('',#10277);
#10279 = CARTESIAN_POINT('',(86.18154,64.97356,1.50000));
#10280 = VERTEX_POINT('',#10279);
#10281 = CARTESIAN_POINT('',(86.54034,64.46556,1.50000));
#10282 = VERTEX_POINT('',#10281);
#10283 = CARTESIAN_POINT('',(86.54034,64.46556,0.00000));
#10284 = DIRECTION('',(-0.576910,0.816807,0.000000));
#10285 = VECTOR('',#10284,0.62193);
#10286 = LINE('',#10283,#10285);
#10287 = EDGE_CURVE('',#10276,#10278,#10286,.T.);
#10288 = CARTESIAN_POINT('',(86.18154,64.97356,0.00000));
#10289 = DIRECTION('',(0.000000,0.000000,1.000000));
#10290 = VECTOR('',#10289,1.50000);
#10291 = LINE('',#10288,#10290);
#10292 = EDGE_CURVE('',#10278,#10280,#10291,.T.);
#10293 = CARTESIAN_POINT('',(86.18154,64.97356,1.50000));
#10294 = DIRECTION('',(0.576910,-0.816807,0.000000));
#10295 = VECTOR('',#10294,0.62193);
#10296 = LINE('',#10293,#10295);
#10297 = EDGE_CURVE('',#10280,#10282,#10296,.T.);
#10298 = CARTESIAN_POINT('',(86.54034,64.46556,1.50000));
#10299 = DIRECTION('',(0.000000,0.000000,-1.000000));
#10300 = VECTOR('',#10299,1.50000);
#10301 = LINE('',#10298,#10300);
#10302 = EDGE_CURVE('',#10282,#10276,#10301,.T.);
#10303 = ORIENTED_EDGE('',*,*,#10287,.T.);
#10304 = ORIENTED_EDGE('',*,*,#10292,.T.);
#10305 = ORIENTED_EDGE('',*,*,#10297,.T.);
#10306 = ORIENTED_EDGE('',*,*,#10302,.T.);
#10307 = EDGE_LOOP('',(#10303,#10304,#10305,#10306));
#10308 = FACE_OUTER_BOUND('',#10307,.T.);
#10309 = CARTESIAN_POINT('',(86.54034,64.46556,0.00000));
#10310 = DIRECTION('',(0.816807,0.576910,0.000000));
#10311 = DIRECTION('',(-0.576910,0.816807,0.000000));
#10312 = AXIS2_PLACEMENT_3D('',#10309,#10310,#10311);
#10313 = PLANE('',#10312);
#10314 = ADVANCED_FACE('',(#10308),#10313,.T.);
#10315 = CARTESIAN_POINT('',(86.18154,64.97356,0.00000));
#10316 = VERTEX_POINT('',#10315);
#10317 = CARTESIAN_POINT('',(75.41839,80.24222,0.00000));
#10318 = VERTEX_POINT('',#10317);
#10319 = CARTESIAN_POINT('',(75.41839,80.24222,1.50000));
#10320 = VERTEX_POINT('',#10319);
#10321 = CARTESIAN_POINT('',(86.18154,64.97356,1.50000));
#10322 = VERTEX_POINT('',#10321);
#10323 = CARTESIAN_POINT('',(86.18154,64.97356,0.00000));
#10324 = DIRECTION('',(-0.576157,0.817339,0.000000));
#10325 = VECTOR('',#10324,18.68094);
#10326 = LINE('',#10323,#10325);
#10327 = EDGE_CURVE('',#10316,#10318,#10326,.T.);
#10328 = CARTESIAN_POINT('',(75.41839,80.24222,0.00000));
#10329 = DIRECTION('',(0.000000,0.000000,1.000000));
#10330 = VECTOR('',#10329,1.50000);
#10331 = LINE('',#10328,#10330);
#10332 = EDGE_CURVE('',#10318,#10320,#10331,.T.);
#10333 = CARTESIAN_POINT('',(75.41839,80.24222,1.50000));
#10334 = DIRECTION('',(0.576157,-0.817339,0.000000));
#10335 = VECTOR('',#10334,18.68094);
#10336 = LINE('',#10333,#10335);
#10337 = EDGE_CURVE('',#10320,#10322,#10336,.T.);
#10338 = CARTESIAN_POINT('',(86.18154,64.97356,1.50000));
#10339 = DIRECTION('',(0.000000,0.000000,-1.000000));
#10340 = VECTOR('',#10339,1.50000);
#10341 = LINE('',#10338,#10340);
#10342 = EDGE_CURVE('',#10322,#10316,#10341,.T.);
#10343 = ORIENTED_EDGE('',*,*,#10327,.T.);
#10344 = ORIENTED_EDGE('',*,*,#10332,.T.);
#10345 = ORIENTED_EDGE('',*,*,#10337,.T.);
#10346 = ORIENTED_EDGE('',*,*,#10342,.T.);
#10347 = EDGE_LOOP('',(#10343,#10344,#10345,#10346));
#10348 = FACE_OUTER_BOUND('',#10347,.T.);
#10349 = CARTESIAN_POINT('',(86.18154,64.97356,0.00000));
#10350 = DIRECTION('',(0.817339,0.576157,0.000000));
#10351 = DIRECTION('',(-0.576157,0.817339,0.000000));
#10352 = AXIS2_PLACEMENT_3D('',#10349,#10350,#10351);
#10353 = PLANE('',#10352);
#10354 = ADVANCED_FACE('',(#10348),#10353,.T.);
#10355 = CARTESIAN_POINT('',(75.41839,80.24222,0.00000));
#10356 = VERTEX_POINT('',#10355);
#10357 = CARTESIAN_POINT('',(75.37848,80.29266,0.00000));
#10358 = VERTEX_POINT('',#10357);
#10359 = CARTESIAN_POINT('',(75.37848,80.29266,1.50000));
#10360 = VERTEX_POINT('',#10359);
#10361 = CARTESIAN_POINT('',(75.41839,80.24222,1.50000));
#10362 = VERTEX_POINT('',#10361);
#10363 = CARTESIAN_POINT('',(75.41839,80.24222,0.00000));
#10364 = DIRECTION('',(-0.620546,0.784170,0.000000));
#10365 = VECTOR('',#10364,0.06431);
#10366 = LINE('',#10363,#10365);
#10367 = EDGE_CURVE('',#10356,#10358,#10366,.T.);
#10368 = CARTESIAN_POINT('',(75.37848,80.29266,0.00000));
#10369 = DIRECTION('',(0.000000,0.000000,1.000000));
#10370 = VECTOR('',#10369,1.50000);
#10371 = LINE('',#10368,#10370);
#10372 = EDGE_CURVE('',#10358,#10360,#10371,.T.);
#10373 = CARTESIAN_POINT('',(75.37848,80.29266,1.50000));
#10374 = DIRECTION('',(0.620546,-0.784170,0.000000));
#10375 = VECTOR('',#10374,0.06431);
#10376 = LINE('',#10373,#10375);
#10377 = EDGE_CURVE('',#10360,#10362,#10376,.T.);
#10378 = CARTESIAN_POINT('',(75.41839,80.24222,1.50000));
#10379 = DIRECTION('',(0.000000,0.000000,-1.000000));
#10380 = VECTOR('',#10379,1.50000);
#10381 = LINE('',#10378,#10380);
#10382 = EDGE_CURVE('',#10362,#10356,#10381,.T.);
#10383 = ORIENTED_EDGE('',*,*,#10367,.T.);
#10384 = ORIENTED_EDGE('',*,*,#10372,.T.);
#10385 = ORIENTED_EDGE('',*,*,#10377,.T.);
#10386 = ORIENTED_EDGE('',*,*,#10382,.T.);
#10387 = EDGE_LOOP('',(#10383,#10384,#10385,#10386));
#10388 = FACE_OUTER_BOUND('',#10387,.T.);
#10389 = CARTESIAN_POINT('',(75.41839,80.24222,0.00000));
#10390 = DIRECTION('',(0.784170,0.620546,0.000000));
#10391 = DIRECTION('',(-0.620546,0.784170,0.000000));
#10392 = AXIS2_PLACEMENT_3D('',#10389,#10390,#10391);
#10393 = PLANE('',#10392);
#10394 = ADVANCED_FACE('',(#10388),#10393,.T.);
#10395 = CARTESIAN_POINT('',(75.37848,80.29266,0.00000));
#10396 = VERTEX_POINT('',#10395);
#10397 = CARTESIAN_POINT('',(75.33323,80.33837,0.00000));
#10398 = VERTEX_POINT('',#10397);
#10399 = CARTESIAN_POINT('',(75.33323,80.33837,1.50000));
#10400 = VERTEX_POINT('',#10399);
#10401 = CARTESIAN_POINT('',(75.37848,80.29266,1.50000));
#10402 = VERTEX_POINT('',#10401);
#10403 = CARTESIAN_POINT('',(75.37848,80.29266,0.00000));
#10404 = DIRECTION('',(-0.703477,0.710718,0.000000));
#10405 = VECTOR('',#10404,0.06431);
#10406 = LINE('',#10403,#10405);
#10407 = EDGE_CURVE('',#10396,#10398,#10406,.T.);
#10408 = CARTESIAN_POINT('',(75.33323,80.33837,0.00000));
#10409 = DIRECTION('',(0.000000,0.000000,1.000000));
#10410 = VECTOR('',#10409,1.50000);
#10411 = LINE('',#10408,#10410);
#10412 = EDGE_CURVE('',#10398,#10400,#10411,.T.);
#10413 = CARTESIAN_POINT('',(75.33323,80.33837,1.50000));
#10414 = DIRECTION('',(0.703477,-0.710718,0.000000));
#10415 = VECTOR('',#10414,0.06431);
#10416 = LINE('',#10413,#10415);
#10417 = EDGE_CURVE('',#10400,#10402,#10416,.T.);
#10418 = CARTESIAN_POINT('',(75.37848,80.29266,1.50000));
#10419 = DIRECTION('',(0.000000,0.000000,-1.000000));
#10420 = VECTOR('',#10419,1.50000);
#10421 = LINE('',#10418,#10420);
#10422 = EDGE_CURVE('',#10402,#10396,#10421,.T.);
#10423 = ORIENTED_EDGE('',*,*,#10407,.T.);
#10424 = ORIENTED_EDGE('',*,*,#10412,.T.);
#10425 = ORIENTED_EDGE('',*,*,#10417,.T.);
#10426 = ORIENTED_EDGE('',*,*,#10422,.T.);
#10427 = EDGE_LOOP('',(#10423,#10424,#10425,#10426));
#10428 = FACE_OUTER_BOUND('',#10427,.T.);
#10429 = CARTESIAN_POINT('',(75.37848,80.29266,0.00000));
#10430 = DIRECTION('',(0.710718,0.703477,0.000000));
#10431 = DIRECTION('',(-0.703477,0.710718,0.000000));
#10432 = AXIS2_PLACEMENT_3D('',#10429,#10430,#10431);
#10433 = PLANE('',#10432);
#10434 = ADVANCED_FACE('',(#10428),#10433,.T.);
#10435 = CARTESIAN_POINT('',(75.33323,80.33837,0.00000));
#10436 = VERTEX_POINT('',#10435);
#10437 = CARTESIAN_POINT('',(75.28321,80.37879,0.00000));
#10438 = VERTEX_POINT('',#10437);
#10439 = CARTESIAN_POINT('',(75.28321,80.37879,1.50000));
#10440 = VERTEX_POINT('',#10439);
#10441 = CARTESIAN_POINT('',(75.33323,80.33837,1.50000));
#10442 = VERTEX_POINT('',#10441);
#10443 = CARTESIAN_POINT('',(75.33323,80.33837,0.00000));
#10444 = DIRECTION('',(-0.777775,0.628543,0.000000));
#10445 = VECTOR('',#10444,0.06431);
#10446 = LINE('',#10443,#10445);
#10447 = EDGE_CURVE('',#10436,#10438,#10446,.T.);
#10448 = CARTESIAN_POINT('',(75.28321,80.37879,0.00000));
#10449 = DIRECTION('',(0.000000,0.000000,1.000000));
#10450 = VECTOR('',#10449,1.50000);
#10451 = LINE('',#10448,#10450);
#10452 = EDGE_CURVE('',#10438,#10440,#10451,.T.);
#10453 = CARTESIAN_POINT('',(75.28321,80.37879,1.50000));
#10454 = DIRECTION('',(0.777775,-0.628543,0.000000));
#10455 = VECTOR('',#10454,0.06431);
#10456 = LINE('',#10453,#10455);
#10457 = EDGE_CURVE('',#10440,#10442,#10456,.T.);
#10458 = CARTESIAN_POINT('',(75.33323,80.33837,1.50000));
#10459 = DIRECTION('',(0.000000,0.000000,-1.000000));
#10460 = VECTOR('',#10459,1.50000);
#10461 = LINE('',#10458,#10460);
#10462 = EDGE_CURVE('',#10442,#10436,#10461,.T.);
#10463 = ORIENTED_EDGE('',*,*,#10447,.T.);
#10464 = ORIENTED_EDGE('',*,*,#10452,.T.);
#10465 = ORIENTED_EDGE('',*,*,#10457,.T.);
#10466 = ORIENTED_EDGE('',*,*,#10462,.T.);
#10467 = EDGE_LOOP('',(#10463,#10464,#10465,#10466));
#10468 = FACE_OUTER_BOUND('',#10467,.T.);
#10469 = CARTESIAN_POINT('',(75.33323,80.33837,0.00000));
#10470 = DIRECTION('',(0.628543,0.777775,0.000000));
#10471 = DIRECTION('',(-0.777775,0.628543,0.000000));
#10472 = AXIS2_PLACEMENT_3D('',#10469,#10470,#10471);
#10473 = PLANE('',#10472);
#10474 = ADVANCED_FACE('',(#10468),#10473,.T.);
#10475 = CARTESIAN_POINT('',(75.28321,80.37879,0.00000));
#10476 = VERTEX_POINT('',#10475);
#10477 = CARTESIAN_POINT('',(75.22902,80.41343,0.00000));
#10478 = VERTEX_POINT('',#10477);
#10479 = CARTESIAN_POINT('',(75.22902,80.41343,1.50000));
#10480 = VERTEX_POINT('',#10479);
#10481 = CARTESIAN_POINT('',(75.28321,80.37879,1.50000));
#10482 = VERTEX_POINT('',#10481);
#10483 = CARTESIAN_POINT('',(75.28321,80.37879,0.00000));
#10484 = DIRECTION('',(-0.842527,0.538654,0.000000));
#10485 = VECTOR('',#10484,0.06431);
#10486 = LINE('',#10483,#10485);
#10487 = EDGE_CURVE('',#10476,#10478,#10486,.T.);
#10488 = CARTESIAN_POINT('',(75.22902,80.41343,0.00000));
#10489 = DIRECTION('',(0.000000,0.000000,1.000000));
#10490 = VECTOR('',#10489,1.50000);
#10491 = LINE('',#10488,#10490);
#10492 = EDGE_CURVE('',#10478,#10480,#10491,.T.);
#10493 = CARTESIAN_POINT('',(75.22902,80.41343,1.50000));
#10494 = DIRECTION('',(0.842527,-0.538654,0.000000));
#10495 = VECTOR('',#10494,0.06431);
#10496 = LINE('',#10493,#10495);
#10497 = EDGE_CURVE('',#10480,#10482,#10496,.T.);
#10498 = CARTESIAN_POINT('',(75.28321,80.37879,1.50000));
#10499 = DIRECTION('',(0.000000,0.000000,-1.000000));
#10500 = VECTOR('',#10499,1.50000);
#10501 = LINE('',#10498,#10500);
#10502 = EDGE_CURVE('',#10482,#10476,#10501,.T.);
#10503 = ORIENTED_EDGE('',*,*,#10487,.T.);
#10504 = ORIENTED_EDGE('',*,*,#10492,.T.);
#10505 = ORIENTED_EDGE('',*,*,#10497,.T.);
#10506 = ORIENTED_EDGE('',*,*,#10502,.T.);
#10507 = EDGE_LOOP('',(#10503,#10504,#10505,#10506));
#10508 = FACE_OUTER_BOUND('',#10507,.T.);
#10509 = CARTESIAN_POINT('',(75.28321,80.37879,0.00000));
#10510 = DIRECTION('',(0.538654,0.842527,0.000000));
#10511 = DIRECTION('',(-0.842527,0.538654,0.000000));
#10512 = AXIS2_PLACEMENT_3D('',#10509,#10510,#10511);
#10513 = PLANE('',#10512);
#10514 = ADVANCED_FACE('',(#10508),#10513,.T.);
#10515 = CARTESIAN_POINT('',(75.22902,80.41343,0.00000));
#10516 = VERTEX_POINT('',#10515);
#10517 = CARTESIAN_POINT('',(75.17134,80.44187,0.00000));
#10518 = VERTEX_POINT('',#10517);
#10519 = CARTESIAN_POINT('',(75.17134,80.44187,1.50000));
#10520 = VERTEX_POINT('',#10519);
#10521 = CARTESIAN_POINT('',(75.22902,80.41343,1.50000));
#10522 = VERTEX_POINT('',#10521);
#10523 = CARTESIAN_POINT('',(75.22902,80.41343,0.00000));
#10524 = DIRECTION('',(-0.896939,0.442154,0.000000));
#10525 = VECTOR('',#10524,0.06431);
#10526 = LINE('',#10523,#10525);
#10527 = EDGE_CURVE('',#10516,#10518,#10526,.T.);
#10528 = CARTESIAN_POINT('',(75.17134,80.44187,0.00000));
#10529 = DIRECTION('',(0.000000,0.000000,1.000000));
#10530 = VECTOR('',#10529,1.50000);
#10531 = LINE('',#10528,#10530);
#10532 = EDGE_CURVE('',#10518,#10520,#10531,.T.);
#10533 = CARTESIAN_POINT('',(75.17134,80.44187,1.50000));
#10534 = DIRECTION('',(0.896939,-0.442154,0.000000));
#10535 = VECTOR('',#10534,0.06431);
#10536 = LINE('',#10533,#10535);
#10537 = EDGE_CURVE('',#10520,#10522,#10536,.T.);
#10538 = CARTESIAN_POINT('',(75.22902,80.41343,1.50000));
#10539 = DIRECTION('',(0.000000,0.000000,-1.000000));
#10540 = VECTOR('',#10539,1.50000);
#10541 = LINE('',#10538,#10540);
#10542 = EDGE_CURVE('',#10522,#10516,#10541,.T.);
#10543 = ORIENTED_EDGE('',*,*,#10527,.T.);
#10544 = ORIENTED_EDGE('',*,*,#10532,.T.);
#10545 = ORIENTED_EDGE('',*,*,#10537,.T.);
#10546 = ORIENTED_EDGE('',*,*,#10542,.T.);
#10547 = EDGE_LOOP('',(#10543,#10544,#10545,#10546));
#10548 = FACE_OUTER_BOUND('',#10547,.T.);
#10549 = CARTESIAN_POINT('',(75.22902,80.41343,0.00000));
#10550 = DIRECTION('',(0.442154,0.896939,0.000000));
#10551 = DIRECTION('',(-0.896939,0.442154,0.000000));
#10552 = AXIS2_PLACEMENT_3D('',#10549,#10550,#10551);
#10553 = PLANE('',#10552);
#10554 = ADVANCED_FACE('',(#10548),#10553,.T.);
#10555 = CARTESIAN_POINT('',(75.17134,80.44187,0.00000));
#10556 = VERTEX_POINT('',#10555);
#10557 = CARTESIAN_POINT('',(75.11086,80.46375,0.00000));
#10558 = VERTEX_POINT('',#10557);
#10559 = CARTESIAN_POINT('',(75.11086,80.46375,1.50000));
#10560 = VERTEX_POINT('',#10559);
#10561 = CARTESIAN_POINT('',(75.17134,80.44187,1.50000));
#10562 = VERTEX_POINT('',#10561);
#10563 = CARTESIAN_POINT('',(75.17134,80.44187,0.00000));
#10564 = DIRECTION('',(-0.940343,0.340228,0.000000));
#10565 = VECTOR('',#10564,0.06431);
#10566 = LINE('',#10563,#10565);
#10567 = EDGE_CURVE('',#10556,#10558,#10566,.T.);
#10568 = CARTESIAN_POINT('',(75.11086,80.46375,0.00000));
#10569 = DIRECTION('',(0.000000,0.000000,1.000000));
#10570 = VECTOR('',#10569,1.50000);
#10571 = LINE('',#10568,#10570);
#10572 = EDGE_CURVE('',#10558,#10560,#10571,.T.);
#10573 = CARTESIAN_POINT('',(75.11086,80.46375,1.50000));
#10574 = DIRECTION('',(0.940343,-0.340228,0.000000));
#10575 = VECTOR('',#10574,0.06431);
#10576 = LINE('',#10573,#10575);
#10577 = EDGE_CURVE('',#10560,#10562,#10576,.T.);
#10578 = CARTESIAN_POINT('',(75.17134,80.44187,1.50000));
#10579 = DIRECTION('',(0.000000,0.000000,-1.000000));
#10580 = VECTOR('',#10579,1.50000);
#10581 = LINE('',#10578,#10580);
#10582 = EDGE_CURVE('',#10562,#10556,#10581,.T.);
#10583 = ORIENTED_EDGE('',*,*,#10567,.T.);
#10584 = ORIENTED_EDGE('',*,*,#10572,.T.);
#10585 = ORIENTED_EDGE('',*,*,#10577,.T.);
#10586 = ORIENTED_EDGE('',*,*,#10582,.T.);
#10587 = EDGE_LOOP('',(#10583,#10584,#10585,#10586));
#10588 = FACE_OUTER_BOUND('',#10587,.T.);
#10589 = CARTESIAN_POINT('',(75.17134,80.44187,0.00000));
#10590 = DIRECTION('',(0.340228,0.940343,0.000000));
#10591 = DIRECTION('',(-0.940343,0.340228,0.000000));
#10592 = AXIS2_PLACEMENT_3D('',#10589,#10590,#10591);
#10593 = PLANE('',#10592);
#10594 = ADVANCED_FACE('',(#10588),#10593,.T.);
#10595 = CARTESIAN_POINT('',(75.11086,80.46375,0.00000));
#10596 = VERTEX_POINT('',#10595);
#10597 = CARTESIAN_POINT('',(75.04833,80.47881,0.00000));
#10598 = VERTEX_POINT('',#10597);
#10599 = CARTESIAN_POINT('',(75.04833,80.47881,1.50000));
#10600 = VERTEX_POINT('',#10599);
#10601 = CARTESIAN_POINT('',(75.11086,80.46375,1.50000));
#10602 = VERTEX_POINT('',#10601);
#10603 = CARTESIAN_POINT('',(75.11086,80.46375,0.00000));
#10604 = DIRECTION('',(-0.972206,0.234126,0.000000));
#10605 = VECTOR('',#10604,0.06431);
#10606 = LINE('',#10603,#10605);
#10607 = EDGE_CURVE('',#10596,#10598,#10606,.T.);
#10608 = CARTESIAN_POINT('',(75.04833,80.47881,0.00000));
#10609 = DIRECTION('',(0.000000,0.000000,1.000000));
#10610 = VECTOR('',#10609,1.50000);
#10611 = LINE('',#10608,#10610);
#10612 = EDGE_CURVE('',#10598,#10600,#10611,.T.);
#10613 = CARTESIAN_POINT('',(75.04833,80.47881,1.50000));
#10614 = DIRECTION('',(0.972206,-0.234126,0.000000));
#10615 = VECTOR('',#10614,0.06431);
#10616 = LINE('',#10613,#10615);
#10617 = EDGE_CURVE('',#10600,#10602,#10616,.T.);
#10618 = CARTESIAN_POINT('',(75.11086,80.46375,1.50000));
#10619 = DIRECTION('',(0.000000,0.000000,-1.000000));
#10620 = VECTOR('',#10619,1.50000);
#10621 = LINE('',#10618,#10620);
#10622 = EDGE_CURVE('',#10602,#10596,#10621,.T.);
#10623 = ORIENTED_EDGE('',*,*,#10607,.T.);
#10624 = ORIENTED_EDGE('',*,*,#10612,.T.);
#10625 = ORIENTED_EDGE('',*,*,#10617,.T.);
#10626 = ORIENTED_EDGE('',*,*,#10622,.T.);
#10627 = EDGE_LOOP('',(#10623,#10624,#10625,#10626));
#10628 = FACE_OUTER_BOUND('',#10627,.T.);
#10629 = CARTESIAN_POINT('',(75.11086,80.46375,0.00000));
#10630 = DIRECTION('',(0.234126,0.972206,0.000000));
#10631 = DIRECTION('',(-0.972206,0.234126,0.000000));
#10632 = AXIS2_PLACEMENT_3D('',#10629,#10630,#10631);
#10633 = PLANE('',#10632);
#10634 = ADVANCED_FACE('',(#10628),#10633,.T.);
#10635 = CARTESIAN_POINT('',(75.04833,80.47881,0.00000));
#10636 = VERTEX_POINT('',#10635);
#10637 = CARTESIAN_POINT('',(74.98452,80.48686,0.00000));
#10638 = VERTEX_POINT('',#10637);
#10639 = CARTESIAN_POINT('',(74.98452,80.48686,1.50000));
#10640 = VERTEX_POINT('',#10639);
#10641 = CARTESIAN_POINT('',(75.04833,80.47881,1.50000));
#10642 = VERTEX_POINT('',#10641);
#10643 = CARTESIAN_POINT('',(75.04833,80.47881,0.00000));
#10644 = DIRECTION('',(-0.992138,0.125151,0.000000));
#10645 = VECTOR('',#10644,0.06431);
#10646 = LINE('',#10643,#10645);
#10647 = EDGE_CURVE('',#10636,#10638,#10646,.T.);
#10648 = CARTESIAN_POINT('',(74.98452,80.48686,0.00000));
#10649 = DIRECTION('',(0.000000,0.000000,1.000000));
#10650 = VECTOR('',#10649,1.50000);
#10651 = LINE('',#10648,#10650);
#10652 = EDGE_CURVE('',#10638,#10640,#10651,.T.);
#10653 = CARTESIAN_POINT('',(74.98452,80.48686,1.50000));
#10654 = DIRECTION('',(0.992138,-0.125151,0.000000));
#10655 = VECTOR('',#10654,0.06431);
#10656 = LINE('',#10653,#10655);
#10657 = EDGE_CURVE('',#10640,#10642,#10656,.T.);
#10658 = CARTESIAN_POINT('',(75.04833,80.47881,1.50000));
#10659 = DIRECTION('',(0.000000,0.000000,-1.000000));
#10660 = VECTOR('',#10659,1.50000);
#10661 = LINE('',#10658,#10660);
#10662 = EDGE_CURVE('',#10642,#10636,#10661,.T.);
#10663 = ORIENTED_EDGE('',*,*,#10647,.T.);
#10664 = ORIENTED_EDGE('',*,*,#10652,.T.);
#10665 = ORIENTED_EDGE('',*,*,#10657,.T.);
#10666 = ORIENTED_EDGE('',*,*,#10662,.T.);
#10667 = EDGE_LOOP('',(#10663,#10664,#10665,#10666));
#10668 = FACE_OUTER_BOUND('',#10667,.T.);
#10669 = CARTESIAN_POINT('',(75.04833,80.47881,0.00000));
#10670 = DIRECTION('',(0.125151,0.992138,0.000000));
#10671 = DIRECTION('',(-0.992138,0.125151,0.000000));
#10672 = AXIS2_PLACEMENT_3D('',#10669,#10670,#10671);
#10673 = PLANE('',#10672);
#10674 = ADVANCED_FACE('',(#10668),#10673,.T.);
#10675 = CARTESIAN_POINT('',(74.98452,80.48686,0.00000));
#10676 = VERTEX_POINT('',#10675);
#10677 = CARTESIAN_POINT('',(73.81174,80.56916,0.00000));
#10678 = VERTEX_POINT('',#10677);
#10679 = CARTESIAN_POINT('',(73.81174,80.56916,1.50000));
#10680 = VERTEX_POINT('',#10679);
#10681 = CARTESIAN_POINT('',(74.98452,80.48686,1.50000));
#10682 = VERTEX_POINT('',#10681);
#10683 = CARTESIAN_POINT('',(74.98452,80.48686,0.00000));
#10684 = DIRECTION('',(-0.997547,0.070003,0.000000));
#10685 = VECTOR('',#10684,1.17567);
#10686 = LINE('',#10683,#10685);
#10687 = EDGE_CURVE('',#10676,#10678,#10686,.T.);
#10688 = CARTESIAN_POINT('',(73.81174,80.56916,0.00000));
#10689 = DIRECTION('',(0.000000,0.000000,1.000000));
#10690 = VECTOR('',#10689,1.50000);
#10691 = LINE('',#10688,#10690);
#10692 = EDGE_CURVE('',#10678,#10680,#10691,.T.);
#10693 = CARTESIAN_POINT('',(73.81174,80.56916,1.50000));
#10694 = DIRECTION('',(0.997547,-0.070003,0.000000));
#10695 = VECTOR('',#10694,1.17567);
#10696 = LINE('',#10693,#10695);
#10697 = EDGE_CURVE('',#10680,#10682,#10696,.T.);
#10698 = CARTESIAN_POINT('',(74.98452,80.48686,1.50000));
#10699 = DIRECTION('',(0.000000,0.000000,-1.000000));
#10700 = VECTOR('',#10699,1.50000);
#10701 = LINE('',#10698,#10700);
#10702 = EDGE_CURVE('',#10682,#10676,#10701,.T.);
#10703 = ORIENTED_EDGE('',*,*,#10687,.T.);
#10704 = ORIENTED_EDGE('',*,*,#10692,.T.);
#10705 = ORIENTED_EDGE('',*,*,#10697,.T.);
#10706 = ORIENTED_EDGE('',*,*,#10702,.T.);
#10707 = EDGE_LOOP('',(#10703,#10704,#10705,#10706));
#10708 = FACE_OUTER_BOUND('',#10707,.T.);
#10709 = CARTESIAN_POINT('',(74.98452,80.48686,0.00000));
#10710 = DIRECTION('',(0.070003,0.997547,0.000000));
#10711 = DIRECTION('',(-0.997547,0.070003,0.000000));
#10712 = AXIS2_PLACEMENT_3D('',#10709,#10710,#10711);
#10713 = PLANE('',#10712);
#10714 = ADVANCED_FACE('',(#10708),#10713,.T.);
#10715 = CARTESIAN_POINT('',(73.81174,80.56916,0.00000));
#10716 = VERTEX_POINT('',#10715);
#10717 = CARTESIAN_POINT('',(33.23222,83.39971,0.00000));
#10718 = VERTEX_POINT('',#10717);
#10719 = CARTESIAN_POINT('',(33.23222,83.39971,1.50000));
#10720 = VERTEX_POINT('',#10719);
#10721 = CARTESIAN_POINT('',(73.81174,80.56916,1.50000));
#10722 = VERTEX_POINT('',#10721);
#10723 = CARTESIAN_POINT('',(73.81174,80.56916,0.00000));
#10724 = DIRECTION('',(-0.997576,0.069584,0.000000));
#10725 = VECTOR('',#10724,40.67813);
#10726 = LINE('',#10723,#10725);
#10727 = EDGE_CURVE('',#10716,#10718,#10726,.T.);
#10728 = CARTESIAN_POINT('',(33.23222,83.39971,0.00000));
#10729 = DIRECTION('',(0.000000,0.000000,1.000000));
#10730 = VECTOR('',#10729,1.50000);
#10731 = LINE('',#10728,#10730);
#10732 = EDGE_CURVE('',#10718,#10720,#10731,.T.);
#10733 = CARTESIAN_POINT('',(33.23222,83.39971,1.50000));
#10734 = DIRECTION('',(0.997576,-0.069584,0.000000));
#10735 = VECTOR('',#10734,40.67813);
#10736 = LINE('',#10733,#10735);
#10737 = EDGE_CURVE('',#10720,#10722,#10736,.T.);
#10738 = CARTESIAN_POINT('',(73.81174,80.56916,1.50000));
#10739 = DIRECTION('',(0.000000,0.000000,-1.000000));
#10740 = VECTOR('',#10739,1.50000);
#10741 = LINE('',#10738,#10740);
#10742 = EDGE_CURVE('',#10722,#10716,#10741,.T.);
#10743 = ORIENTED_EDGE('',*,*,#10727,.T.);
#10744 = ORIENTED_EDGE('',*,*,#10732,.T.);
#10745 = ORIENTED_EDGE('',*,*,#10737,.T.);
#10746 = ORIENTED_EDGE('',*,*,#10742,.T.);
#10747 = EDGE_LOOP('',(#10743,#10744,#10745,#10746));
#10748 = FACE_OUTER_BOUND('',#10747,.T.);
#10749 = CARTESIAN_POINT('',(73.81174,80.56916,0.00000));
#10750 = DIRECTION('',(0.069584,0.997576,0.000000));
#10751 = DIRECTION('',(-0.997576,0.069584,0.000000));
#10752 = AXIS2_PLACEMENT_3D('',#10749,#10750,#10751);
#10753 = PLANE('',#10752);
#10754 = ADVANCED_FACE('',(#10748),#10753,.T.);
#10755 = CARTESIAN_POINT('',(33.23222,83.39971,0.00000));
#10756 = VERTEX_POINT('',#10755);
#10757 = CARTESIAN_POINT('',(33.09283,83.41336,0.00000));
#10758 = VERTEX_POINT('',#10757);
#10759 = CARTESIAN_POINT('',(33.09283,83.41336,1.50000));
#10760 = VERTEX_POINT('',#10759);
#10761 = CARTESIAN_POINT('',(33.23222,83.39971,1.50000));
#10762 = VERTEX_POINT('',#10761);
#10763 = CARTESIAN_POINT('',(33.23222,83.39971,0.00000));
#10764 = DIRECTION('',(-0.995236,0.097499,0.000000));
#10765 = VECTOR('',#10764,0.14005);
#10766 = LINE('',#10763,#10765);
#10767 = EDGE_CURVE('',#10756,#10758,#10766,.T.);
#10768 = CARTESIAN_POINT('',(33.09283,83.41336,0.00000));
#10769 = DIRECTION('',(0.000000,0.000000,1.000000));
#10770 = VECTOR('',#10769,1.50000);
#10771 = LINE('',#10768,#10770);
#10772 = EDGE_CURVE('',#10758,#10760,#10771,.T.);
#10773 = CARTESIAN_POINT('',(33.09283,83.41336,1.50000));
#10774 = DIRECTION('',(0.995236,-0.097499,0.000000));
#10775 = VECTOR('',#10774,0.14005);
#10776 = LINE('',#10773,#10775);
#10777 = EDGE_CURVE('',#10760,#10762,#10776,.T.);
#10778 = CARTESIAN_POINT('',(33.23222,83.39971,1.50000));
#10779 = DIRECTION('',(0.000000,0.000000,-1.000000));
#10780 = VECTOR('',#10779,1.50000);
#10781 = LINE('',#10778,#10780);
#10782 = EDGE_CURVE('',#10762,#10756,#10781,.T.);
#10783 = ORIENTED_EDGE('',*,*,#10767,.T.);
#10784 = ORIENTED_EDGE('',*,*,#10772,.T.);
#10785 = ORIENTED_EDGE('',*,*,#10777,.T.);
#10786 = ORIENTED_EDGE('',*,*,#10782,.T.);
#10787 = EDGE_LOOP('',(#10783,#10784,#10785,#10786));
#10788 = FACE_OUTER_BOUND('',#10787,.T.);
#10789 = CARTESIAN_POINT('',(33.23222,83.39971,0.00000));
#10790 = DIRECTION('',(0.097499,0.995236,0.000000));
#10791 = DIRECTION('',(-0.995236,0.097499,0.000000));
#10792 = AXIS2_PLACEMENT_3D('',#10789,#10790,#10791);
#10793 = PLANE('',#10792);
#10794 = ADVANCED_FACE('',(#10788),#10793,.T.);
#10795 = CARTESIAN_POINT('',(33.09283,83.41336,0.00000));
#10796 = VERTEX_POINT('',#10795);
#10797 = CARTESIAN_POINT('',(32.95443,83.43480,0.00000));
#10798 = VERTEX_POINT('',#10797);
#10799 = CARTESIAN_POINT('',(32.95443,83.43480,1.50000));
#10800 = VERTEX_POINT('',#10799);
#10801 = CARTESIAN_POINT('',(33.09283,83.41336,1.50000));
#10802 = VERTEX_POINT('',#10801);
#10803 = CARTESIAN_POINT('',(33.09283,83.41336,0.00000));
#10804 = DIRECTION('',(-0.988214,0.153079,0.000000));
#10805 = VECTOR('',#10804,0.14005);
#10806 = LINE('',#10803,#10805);
#10807 = EDGE_CURVE('',#10796,#10798,#10806,.T.);
#10808 = CARTESIAN_POINT('',(32.95443,83.43480,0.00000));
#10809 = DIRECTION('',(0.000000,0.000000,1.000000));
#10810 = VECTOR('',#10809,1.50000);
#10811 = LINE('',#10808,#10810);
#10812 = EDGE_CURVE('',#10798,#10800,#10811,.T.);
#10813 = CARTESIAN_POINT('',(32.95443,83.43480,1.50000));
#10814 = DIRECTION('',(0.988214,-0.153079,0.000000));
#10815 = VECTOR('',#10814,0.14005);
#10816 = LINE('',#10813,#10815);
#10817 = EDGE_CURVE('',#10800,#10802,#10816,.T.);
#10818 = CARTESIAN_POINT('',(33.09283,83.41336,1.50000));
#10819 = DIRECTION('',(0.000000,0.000000,-1.000000));
#10820 = VECTOR('',#10819,1.50000);
#10821 = LINE('',#10818,#10820);
#10822 = EDGE_CURVE('',#10802,#10796,#10821,.T.);
#10823 = ORIENTED_EDGE('',*,*,#10807,.T.);
#10824 = ORIENTED_EDGE('',*,*,#10812,.T.);
#10825 = ORIENTED_EDGE('',*,*,#10817,.T.);
#10826 = ORIENTED_EDGE('',*,*,#10822,.T.);
#10827 = EDGE_LOOP('',(#10823,#10824,#10825,#10826));
#10828 = FACE_OUTER_BOUND('',#10827,.T.);
#10829 = CARTESIAN_POINT('',(33.09283,83.41336,0.00000));
#10830 = DIRECTION('',(0.153079,0.988214,0.000000));
#10831 = DIRECTION('',(-0.988214,0.153079,0.000000));
#10832 = AXIS2_PLACEMENT_3D('',#10829,#10830,#10831);
#10833 = PLANE('',#10832);
#10834 = ADVANCED_FACE('',(#10828),#10833,.T.);
#10835 = CARTESIAN_POINT('',(32.95443,83.43480,0.00000));
#10836 = VERTEX_POINT('',#10835);
#10837 = CARTESIAN_POINT('',(32.81745,83.46396,0.00000));
#10838 = VERTEX_POINT('',#10837);
#10839 = CARTESIAN_POINT('',(32.81745,83.46396,1.50000));
#10840 = VERTEX_POINT('',#10839);
#10841 = CARTESIAN_POINT('',(32.95443,83.43480,1.50000));
#10842 = VERTEX_POINT('',#10841);
#10843 = CARTESIAN_POINT('',(32.95443,83.43480,0.00000));
#10844 = DIRECTION('',(-0.978091,0.208177,0.000000));
#10845 = VECTOR('',#10844,0.14005);
#10846 = LINE('',#10843,#10845);
#10847 = EDGE_CURVE('',#10836,#10838,#10846,.T.);
#10848 = CARTESIAN_POINT('',(32.81745,83.46396,0.00000));
#10849 = DIRECTION('',(0.000000,0.000000,1.000000));
#10850 = VECTOR('',#10849,1.50000);
#10851 = LINE('',#10848,#10850);
#10852 = EDGE_CURVE('',#10838,#10840,#10851,.T.);
#10853 = CARTESIAN_POINT('',(32.81745,83.46396,1.50000));
#10854 = DIRECTION('',(0.978091,-0.208177,0.000000));
#10855 = VECTOR('',#10854,0.14005);
#10856 = LINE('',#10853,#10855);
#10857 = EDGE_CURVE('',#10840,#10842,#10856,.T.);
#10858 = CARTESIAN_POINT('',(32.95443,83.43480,1.50000));
#10859 = DIRECTION('',(0.000000,0.000000,-1.000000));
#10860 = VECTOR('',#10859,1.50000);
#10861 = LINE('',#10858,#10860);
#10862 = EDGE_CURVE('',#10842,#10836,#10861,.T.);
#10863 = ORIENTED_EDGE('',*,*,#10847,.T.);
#10864 = ORIENTED_EDGE('',*,*,#10852,.T.);
#10865 = ORIENTED_EDGE('',*,*,#10857,.T.);
#10866 = ORIENTED_EDGE('',*,*,#10862,.T.);
#10867 = EDGE_LOOP('',(#10863,#10864,#10865,#10866));
#10868 = FACE_OUTER_BOUND('',#10867,.T.);
#10869 = CARTESIAN_POINT('',(32.95443,83.43480,0.00000));
#10870 = DIRECTION('',(0.208177,0.978091,0.000000));
#10871 = DIRECTION('',(-0.978091,0.208177,0.000000));
#10872 = AXIS2_PLACEMENT_3D('',#10869,#10870,#10871);
#10873 = PLANE('',#10872);
#10874 = ADVANCED_FACE('',(#10868),#10873,.T.);
#10875 = CARTESIAN_POINT('',(32.81745,83.46396,0.00000));
#10876 = VERTEX_POINT('',#10875);
#10877 = CARTESIAN_POINT('',(32.68231,83.50074,0.00000));
#10878 = VERTEX_POINT('',#10877);
#10879 = CARTESIAN_POINT('',(32.68231,83.50074,1.50000));
#10880 = VERTEX_POINT('',#10879);
#10881 = CARTESIAN_POINT('',(32.81745,83.46396,1.50000));
#10882 = VERTEX_POINT('',#10881);
#10883 = CARTESIAN_POINT('',(32.81745,83.46396,0.00000));
#10884 = DIRECTION('',(-0.964899,0.262623,0.000000));
#10885 = VECTOR('',#10884,0.14005);
#10886 = LINE('',#10883,#10885);
#10887 = EDGE_CURVE('',#10876,#10878,#10886,.T.);
#10888 = CARTESIAN_POINT('',(32.68231,83.50074,0.00000));
#10889 = DIRECTION('',(0.000000,0.000000,1.000000));
#10890 = VECTOR('',#10889,1.50000);
#10891 = LINE('',#10888,#10890);
#10892 = EDGE_CURVE('',#10878,#10880,#10891,.T.);
#10893 = CARTESIAN_POINT('',(32.68231,83.50074,1.50000));
#10894 = DIRECTION('',(0.964899,-0.262623,0.000000));
#10895 = VECTOR('',#10894,0.14005);
#10896 = LINE('',#10893,#10895);
#10897 = EDGE_CURVE('',#10880,#10882,#10896,.T.);
#10898 = CARTESIAN_POINT('',(32.81745,83.46396,1.50000));
#10899 = DIRECTION('',(0.000000,0.000000,-1.000000));
#10900 = VECTOR('',#10899,1.50000);
#10901 = LINE('',#10898,#10900);
#10902 = EDGE_CURVE('',#10882,#10876,#10901,.T.);
#10903 = ORIENTED_EDGE('',*,*,#10887,.T.);
#10904 = ORIENTED_EDGE('',*,*,#10892,.T.);
#10905 = ORIENTED_EDGE('',*,*,#10897,.T.);
#10906 = ORIENTED_EDGE('',*,*,#10902,.T.);
#10907 = EDGE_LOOP('',(#10903,#10904,#10905,#10906));
#10908 = FACE_OUTER_BOUND('',#10907,.T.);
#10909 = CARTESIAN_POINT('',(32.81745,83.46396,0.00000));
#10910 = DIRECTION('',(0.262623,0.964899,0.000000));
#10911 = DIRECTION('',(-0.964899,0.262623,0.000000));
#10912 = AXIS2_PLACEMENT_3D('',#10909,#10910,#10911);
#10913 = PLANE('',#10912);
#10914 = ADVANCED_FACE('',(#10908),#10913,.T.);
#10915 = CARTESIAN_POINT('',(32.68231,83.50074,0.00000));
#10916 = VERTEX_POINT('',#10915);
#10917 = CARTESIAN_POINT('',(32.54945,83.54503,0.00000));
#10918 = VERTEX_POINT('',#10917);
#10919 = CARTESIAN_POINT('',(32.54945,83.54503,1.50000));
#10920 = VERTEX_POINT('',#10919);
#10921 = CARTESIAN_POINT('',(32.68231,83.50074,1.50000));
#10922 = VERTEX_POINT('',#10921);
#10923 = CARTESIAN_POINT('',(32.68231,83.50074,0.00000));
#10924 = DIRECTION('',(-0.948678,0.316244,0.000000));
#10925 = VECTOR('',#10924,0.14005);
#10926 = LINE('',#10923,#10925);
#10927 = EDGE_CURVE('',#10916,#10918,#10926,.T.);
#10928 = CARTESIAN_POINT('',(32.54945,83.54503,0.00000));
#10929 = DIRECTION('',(0.000000,0.000000,1.000000));
#10930 = VECTOR('',#10929,1.50000);
#10931 = LINE('',#10928,#10930);
#10932 = EDGE_CURVE('',#10918,#10920,#10931,.T.);
#10933 = CARTESIAN_POINT('',(32.54945,83.54503,1.50000));
#10934 = DIRECTION('',(0.948678,-0.316244,0.000000));
#10935 = VECTOR('',#10934,0.14005);
#10936 = LINE('',#10933,#10935);
#10937 = EDGE_CURVE('',#10920,#10922,#10936,.T.);
#10938 = CARTESIAN_POINT('',(32.68231,83.50074,1.50000));
#10939 = DIRECTION('',(0.000000,0.000000,-1.000000));
#10940 = VECTOR('',#10939,1.50000);
#10941 = LINE('',#10938,#10940);
#10942 = EDGE_CURVE('',#10922,#10916,#10941,.T.);
#10943 = ORIENTED_EDGE('',*,*,#10927,.T.);
#10944 = ORIENTED_EDGE('',*,*,#10932,.T.);
#10945 = ORIENTED_EDGE('',*,*,#10937,.T.);
#10946 = ORIENTED_EDGE('',*,*,#10942,.T.);
#10947 = EDGE_LOOP('',(#10943,#10944,#10945,#10946));
#10948 = FACE_OUTER_BOUND('',#10947,.T.);
#10949 = CARTESIAN_POINT('',(32.68231,83.50074,0.00000));
#10950 = DIRECTION('',(0.316244,0.948678,0.000000));
#10951 = DIRECTION('',(-0.948678,0.316244,0.000000));
#10952 = AXIS2_PLACEMENT_3D('',#10949,#10950,#10951);
#10953 = PLANE('',#10952);
#10954 = ADVANCED_FACE('',(#10948),#10953,.T.);
#10955 = CARTESIAN_POINT('',(32.54945,83.54503,0.00000));
#10956 = VERTEX_POINT('',#10955);
#10957 = CARTESIAN_POINT('',(32.41927,83.59669,0.00000));
#10958 = VERTEX_POINT('',#10957);
#10959 = CARTESIAN_POINT('',(32.41927,83.59669,1.50000));
#10960 = VERTEX_POINT('',#10959);
#10961 = CARTESIAN_POINT('',(32.54945,83.54503,1.50000));
#10962 = VERTEX_POINT('',#10961);
#10963 = CARTESIAN_POINT('',(32.54945,83.54503,0.00000));
#10964 = DIRECTION('',(-0.929480,0.368873,0.000000));
#10965 = VECTOR('',#10964,0.14005);
#10966 = LINE('',#10963,#10965);
#10967 = EDGE_CURVE('',#10956,#10958,#10966,.T.);
#10968 = CARTESIAN_POINT('',(32.41927,83.59669,0.00000));
#10969 = DIRECTION('',(0.000000,0.000000,1.000000));
#10970 = VECTOR('',#10969,1.50000);
#10971 = LINE('',#10968,#10970);
#10972 = EDGE_CURVE('',#10958,#10960,#10971,.T.);
#10973 = CARTESIAN_POINT('',(32.41927,83.59669,1.50000));
#10974 = DIRECTION('',(0.929480,-0.368873,0.000000));
#10975 = VECTOR('',#10974,0.14005);
#10976 = LINE('',#10973,#10975);
#10977 = EDGE_CURVE('',#10960,#10962,#10976,.T.);
#10978 = CARTESIAN_POINT('',(32.54945,83.54503,1.50000));
#10979 = DIRECTION('',(0.000000,0.000000,-1.000000));
#10980 = VECTOR('',#10979,1.50000);
#10981 = LINE('',#10978,#10980);
#10982 = EDGE_CURVE('',#10962,#10956,#10981,.T.);
#10983 = ORIENTED_EDGE('',*,*,#10967,.T.);
#10984 = ORIENTED_EDGE('',*,*,#10972,.T.);
#10985 = ORIENTED_EDGE('',*,*,#10977,.T.);
#10986 = ORIENTED_EDGE('',*,*,#10982,.T.);
#10987 = EDGE_LOOP('',(#10983,#10984,#10985,#10986));
#10988 = FACE_OUTER_BOUND('',#10987,.T.);
#10989 = CARTESIAN_POINT('',(32.54945,83.54503,0.00000));
#10990 = DIRECTION('',(0.368873,0.929480,0.000000));
#10991 = DIRECTION('',(-0.929480,0.368873,0.000000));
#10992 = AXIS2_PLACEMENT_3D('',#10989,#10990,#10991);
#10993 = PLANE('',#10992);
#10994 = ADVANCED_FACE('',(#10988),#10993,.T.);
#10995 = CARTESIAN_POINT('',(32.41927,83.59669,0.00000));
#10996 = VERTEX_POINT('',#10995);
#10997 = CARTESIAN_POINT('',(32.29219,83.65556,0.00000));
#10998 = VERTEX_POINT('',#10997);
#10999 = CARTESIAN_POINT('',(32.29219,83.65556,1.50000));
#11000 = VERTEX_POINT('',#10999);
#11001 = CARTESIAN_POINT('',(32.41927,83.59669,1.50000));
#11002 = VERTEX_POINT('',#11001);
#11003 = CARTESIAN_POINT('',(32.41927,83.59669,0.00000));
#11004 = DIRECTION('',(-0.907365,0.420344,0.000000));
#11005 = VECTOR('',#11004,0.14005);
#11006 = LINE('',#11003,#11005);
#11007 = EDGE_CURVE('',#10996,#10998,#11006,.T.);
#11008 = CARTESIAN_POINT('',(32.29219,83.65556,0.00000));
#11009 = DIRECTION('',(0.000000,0.000000,1.000000));
#11010 = VECTOR('',#11009,1.50000);
#11011 = LINE('',#11008,#11010);
#11012 = EDGE_CURVE('',#10998,#11000,#11011,.T.);
#11013 = CARTESIAN_POINT('',(32.29219,83.65556,1.50000));
#11014 = DIRECTION('',(0.907365,-0.420344,0.000000));
#11015 = VECTOR('',#11014,0.14005);
#11016 = LINE('',#11013,#11015);
#11017 = EDGE_CURVE('',#11000,#11002,#11016,.T.);
#11018 = CARTESIAN_POINT('',(32.41927,83.59669,1.50000));
#11019 = DIRECTION('',(0.000000,0.000000,-1.000000));
#11020 = VECTOR('',#11019,1.50000);
#11021 = LINE('',#11018,#11020);
#11022 = EDGE_CURVE('',#11002,#10996,#11021,.T.);
#11023 = ORIENTED_EDGE('',*,*,#11007,.T.);
#11024 = ORIENTED_EDGE('',*,*,#11012,.T.);
#11025 = ORIENTED_EDGE('',*,*,#11017,.T.);
#11026 = ORIENTED_EDGE('',*,*,#11022,.T.);
#11027 = EDGE_LOOP('',(#11023,#11024,#11025,#11026));
#11028 = FACE_OUTER_BOUND('',#11027,.T.);
#11029 = CARTESIAN_POINT('',(32.41927,83.59669,0.00000));
#11030 = DIRECTION('',(0.420344,0.907365,0.000000));
#11031 = DIRECTION('',(-0.907365,0.420344,0.000000));
#11032 = AXIS2_PLACEMENT_3D('',#11029,#11030,#11031);
#11033 = PLANE('',#11032);
#11034 = ADVANCED_FACE('',(#11028),#11033,.T.);
#11035 = CARTESIAN_POINT('',(32.29219,83.65556,0.00000));
#11036 = VERTEX_POINT('',#11035);
#11037 = CARTESIAN_POINT('',(32.16861,83.72145,0.00000));
#11038 = VERTEX_POINT('',#11037);
#11039 = CARTESIAN_POINT('',(32.16861,83.72145,1.50000));
#11040 = VERTEX_POINT('',#11039);
#11041 = CARTESIAN_POINT('',(32.29219,83.65556,1.50000));
#11042 = VERTEX_POINT('',#11041);
#11043 = CARTESIAN_POINT('',(32.29219,83.65556,0.00000));
#11044 = DIRECTION('',(-0.882402,0.470496,0.000000));
#11045 = VECTOR('',#11044,0.14005);
#11046 = LINE('',#11043,#11045);
#11047 = EDGE_CURVE('',#11036,#11038,#11046,.T.);
#11048 = CARTESIAN_POINT('',(32.16861,83.72145,0.00000));
#11049 = DIRECTION('',(0.000000,0.000000,1.000000));
#11050 = VECTOR('',#11049,1.50000);
#11051 = LINE('',#11048,#11050);
#11052 = EDGE_CURVE('',#11038,#11040,#11051,.T.);
#11053 = CARTESIAN_POINT('',(32.16861,83.72145,1.50000));
#11054 = DIRECTION('',(0.882402,-0.470496,0.000000));
#11055 = VECTOR('',#11054,0.14005);
#11056 = LINE('',#11053,#11055);
#11057 = EDGE_CURVE('',#11040,#11042,#11056,.T.);
#11058 = CARTESIAN_POINT('',(32.29219,83.65556,1.50000));
#11059 = DIRECTION('',(0.000000,0.000000,-1.000000));
#11060 = VECTOR('',#11059,1.50000);
#11061 = LINE('',#11058,#11060);
#11062 = EDGE_CURVE('',#11042,#11036,#11061,.T.);
#11063 = ORIENTED_EDGE('',*,*,#11047,.T.);
#11064 = ORIENTED_EDGE('',*,*,#11052,.T.);
#11065 = ORIENTED_EDGE('',*,*,#11057,.T.);
#11066 = ORIENTED_EDGE('',*,*,#11062,.T.);
#11067 = EDGE_LOOP('',(#11063,#11064,#11065,#11066));
#11068 = FACE_OUTER_BOUND('',#11067,.T.);
#11069 = CARTESIAN_POINT('',(32.29219,83.65556,0.00000));
#11070 = DIRECTION('',(0.470496,0.882402,0.000000));
#11071 = DIRECTION('',(-0.882402,0.470496,0.000000));
#11072 = AXIS2_PLACEMENT_3D('',#11069,#11070,#11071);
#11073 = PLANE('',#11072);
#11074 = ADVANCED_FACE('',(#11068),#11073,.T.);
#11075 = CARTESIAN_POINT('',(32.16861,83.72145,0.00000));
#11076 = VERTEX_POINT('',#11075);
#11077 = CARTESIAN_POINT('',(17.66385,91.98529,0.00000));
#11078 = VERTEX_POINT('',#11077);
#11079 = CARTESIAN_POINT('',(17.66385,91.98529,1.50000));
#11080 = VERTEX_POINT('',#11079);
#11081 = CARTESIAN_POINT('',(32.16861,83.72145,1.50000));
#11082 = VERTEX_POINT('',#11081);
#11083 = CARTESIAN_POINT('',(32.16861,83.72145,0.00000));
#11084 = DIRECTION('',(-0.868877,0.495028,0.000000));
#11085 = VECTOR('',#11084,16.69368);
#11086 = LINE('',#11083,#11085);
#11087 = EDGE_CURVE('',#11076,#11078,#11086,.T.);
#11088 = CARTESIAN_POINT('',(17.66385,91.98529,0.00000));
#11089 = DIRECTION('',(0.000000,0.000000,1.000000));
#11090 = VECTOR('',#11089,1.50000);
#11091 = LINE('',#11088,#11090);
#11092 = EDGE_CURVE('',#11078,#11080,#11091,.T.);
#11093 = CARTESIAN_POINT('',(17.66385,91.98529,1.50000));
#11094 = DIRECTION('',(0.868877,-0.495028,0.000000));
#11095 = VECTOR('',#11094,16.69368);
#11096 = LINE('',#11093,#11095);
#11097 = EDGE_CURVE('',#11080,#11082,#11096,.T.);
#11098 = CARTESIAN_POINT('',(32.16861,83.72145,1.50000));
#11099 = DIRECTION('',(0.000000,0.000000,-1.000000));
#11100 = VECTOR('',#11099,1.50000);
#11101 = LINE('',#11098,#11100);
#11102 = EDGE_CURVE('',#11082,#11076,#11101,.T.);
#11103 = ORIENTED_EDGE('',*,*,#11087,.T.);
#11104 = ORIENTED_EDGE('',*,*,#11092,.T.);
#11105 = ORIENTED_EDGE('',*,*,#11097,.T.);
#11106 = ORIENTED_EDGE('',*,*,#11102,.T.);
#11107 = EDGE_LOOP('',(#11103,#11104,#11105,#11106));
#11108 = FACE_OUTER_BOUND('',#11107,.T.);
#11109 = CARTESIAN_POINT('',(32.16861,83.72145,0.00000));
#11110 = DIRECTION('',(0.495028,0.868877,0.000000));
#11111 = DIRECTION('',(-0.868877,0.495028,0.000000));
#11112 = AXIS2_PLACEMENT_3D('',#11109,#11110,#11111);
#11113 = PLANE('',#11112);
#11114 = ADVANCED_FACE('',(#11108),#11113,.T.);
#11115 = CARTESIAN_POINT('',(17.66385,91.98529,0.00000));
#11116 = VERTEX_POINT('',#11115);
#11117 = CARTESIAN_POINT('',(17.22354,92.18257,0.00000));
#11118 = VERTEX_POINT('',#11117);
#11119 = CARTESIAN_POINT('',(17.22354,92.18257,1.50000));
#11120 = VERTEX_POINT('',#11119);
#11121 = CARTESIAN_POINT('',(17.66385,91.98529,1.50000));
#11122 = VERTEX_POINT('',#11121);
#11123 = CARTESIAN_POINT('',(17.66385,91.98529,0.00000));
#11124 = DIRECTION('',(-0.912590,0.408875,0.000000));
#11125 = VECTOR('',#11124,0.48248);
#11126 = LINE('',#11123,#11125);
#11127 = EDGE_CURVE('',#11116,#11118,#11126,.T.);
#11128 = CARTESIAN_POINT('',(17.22354,92.18257,0.00000));
#11129 = DIRECTION('',(0.000000,0.000000,1.000000));
#11130 = VECTOR('',#11129,1.50000);
#11131 = LINE('',#11128,#11130);
#11132 = EDGE_CURVE('',#11118,#11120,#11131,.T.);
#11133 = CARTESIAN_POINT('',(17.22354,92.18257,1.50000));
#11134 = DIRECTION('',(0.912590,-0.408875,0.000000));
#11135 = VECTOR('',#11134,0.48248);
#11136 = LINE('',#11133,#11135);
#11137 = EDGE_CURVE('',#11120,#11122,#11136,.T.);
#11138 = CARTESIAN_POINT('',(17.66385,91.98529,1.50000));
#11139 = DIRECTION('',(0.000000,0.000000,-1.000000));
#11140 = VECTOR('',#11139,1.50000);
#11141 = LINE('',#11138,#11140);
#11142 = EDGE_CURVE('',#11122,#11116,#11141,.T.);
#11143 = ORIENTED_EDGE('',*,*,#11127,.T.);
#11144 = ORIENTED_EDGE('',*,*,#11132,.T.);
#11145 = ORIENTED_EDGE('',*,*,#11137,.T.);
#11146 = ORIENTED_EDGE('',*,*,#11142,.T.);
#11147 = EDGE_LOOP('',(#11143,#11144,#11145,#11146));
#11148 = FACE_OUTER_BOUND('',#11147,.T.);
#11149 = CARTESIAN_POINT('',(17.66385,91.98529,0.00000));
#11150 = DIRECTION('',(0.408875,0.912590,0.000000));
#11151 = DIRECTION('',(-0.912590,0.408875,0.000000));
#11152 = AXIS2_PLACEMENT_3D('',#11149,#11150,#11151);
#11153 = PLANE('',#11152);
#11154 = ADVANCED_FACE('',(#11148),#11153,.T.);
#11155 = CARTESIAN_POINT('',(17.22354,92.18257,0.00000));
#11156 = VERTEX_POINT('',#11155);
#11157 = CARTESIAN_POINT('',(16.75354,92.29159,0.00000));
#11158 = VERTEX_POINT('',#11157);
#11159 = CARTESIAN_POINT('',(16.75354,92.29159,1.50000));
#11160 = VERTEX_POINT('',#11159);
#11161 = CARTESIAN_POINT('',(17.22354,92.18257,1.50000));
#11162 = VERTEX_POINT('',#11161);
#11163 = CARTESIAN_POINT('',(17.22354,92.18257,0.00000));
#11164 = DIRECTION('',(-0.974137,0.225960,0.000000));
#11165 = VECTOR('',#11164,0.48248);
#11166 = LINE('',#11163,#11165);
#11167 = EDGE_CURVE('',#11156,#11158,#11166,.T.);
#11168 = CARTESIAN_POINT('',(16.75354,92.29159,0.00000));
#11169 = DIRECTION('',(0.000000,0.000000,1.000000));
#11170 = VECTOR('',#11169,1.50000);
#11171 = LINE('',#11168,#11170);
#11172 = EDGE_CURVE('',#11158,#11160,#11171,.T.);
#11173 = CARTESIAN_POINT('',(16.75354,92.29159,1.50000));
#11174 = DIRECTION('',(0.974137,-0.225960,0.000000));
#11175 = VECTOR('',#11174,0.48248);
#11176 = LINE('',#11173,#11175);
#11177 = EDGE_CURVE('',#11160,#11162,#11176,.T.);
#11178 = CARTESIAN_POINT('',(17.22354,92.18257,1.50000));
#11179 = DIRECTION('',(0.000000,0.000000,-1.000000));
#11180 = VECTOR('',#11179,1.50000);
#11181 = LINE('',#11178,#11180);
#11182 = EDGE_CURVE('',#11162,#11156,#11181,.T.);
#11183 = ORIENTED_EDGE('',*,*,#11167,.T.);
#11184 = ORIENTED_EDGE('',*,*,#11172,.T.);
#11185 = ORIENTED_EDGE('',*,*,#11177,.T.);
#11186 = ORIENTED_EDGE('',*,*,#11182,.T.);
#11187 = EDGE_LOOP('',(#11183,#11184,#11185,#11186));
#11188 = FACE_OUTER_BOUND('',#11187,.T.);
#11189 = CARTESIAN_POINT('',(17.22354,92.18257,0.00000));
#11190 = DIRECTION('',(0.225960,0.974137,0.000000));
#11191 = DIRECTION('',(-0.974137,0.225960,0.000000));
#11192 = AXIS2_PLACEMENT_3D('',#11189,#11190,#11191);
#11193 = PLANE('',#11192);
#11194 = ADVANCED_FACE('',(#11188),#11193,.T.);
#11195 = CARTESIAN_POINT('',(16.75354,92.29159,0.00000));
#11196 = VERTEX_POINT('',#11195);
#11197 = CARTESIAN_POINT('',(16.27135,92.30830,0.00000));
#11198 = VERTEX_POINT('',#11197);
#11199 = CARTESIAN_POINT('',(16.27135,92.30830,1.50000));
#11200 = VERTEX_POINT('',#11199);
#11201 = CARTESIAN_POINT('',(16.75354,92.29159,1.50000));
#11202 = VERTEX_POINT('',#11201);
#11203 = CARTESIAN_POINT('',(16.75354,92.29159,0.00000));
#11204 = DIRECTION('',(-0.999400,0.034629,0.000000));
#11205 = VECTOR('',#11204,0.48248);
#11206 = LINE('',#11203,#11205);
#11207 = EDGE_CURVE('',#11196,#11198,#11206,.T.);
#11208 = CARTESIAN_POINT('',(16.27135,92.30830,0.00000));
#11209 = DIRECTION('',(0.000000,0.000000,1.000000));
#11210 = VECTOR('',#11209,1.50000);
#11211 = LINE('',#11208,#11210);
#11212 = EDGE_CURVE('',#11198,#11200,#11211,.T.);
#11213 = CARTESIAN_POINT('',(16.27135,92.30830,1.50000));
#11214 = DIRECTION('',(0.999400,-0.034629,0.000000));
#11215 = VECTOR('',#11214,0.48248);
#11216 = LINE('',#11213,#11215);
#11217 = EDGE_CURVE('',#11200,#11202,#11216,.T.);
#11218 = CARTESIAN_POINT('',(16.75354,92.29159,1.50000));
#11219 = DIRECTION('',(0.000000,0.000000,-1.000000));
#11220 = VECTOR('',#11219,1.50000);
#11221 = LINE('',#11218,#11220);
#11222 = EDGE_CURVE('',#11202,#11196,#11221,.T.);
#11223 = ORIENTED_EDGE('',*,*,#11207,.T.);
#11224 = ORIENTED_EDGE('',*,*,#11212,.T.);
#11225 = ORIENTED_EDGE('',*,*,#11217,.T.);
#11226 = ORIENTED_EDGE('',*,*,#11222,.T.);
#11227 = EDGE_LOOP('',(#11223,#11224,#11225,#11226));
#11228 = FACE_OUTER_BOUND('',#11227,.T.);
#11229 = CARTESIAN_POINT('',(16.75354,92.29159,0.00000));
#11230 = DIRECTION('',(0.034629,0.999400,0.000000));
#11231 = DIRECTION('',(-0.999400,0.034629,0.000000));
#11232 = AXIS2_PLACEMENT_3D('',#11229,#11230,#11231);
#11233 = PLANE('',#11232);
#11234 = ADVANCED_FACE('',(#11228),#11233,.T.);
#11235 = CARTESIAN_POINT('',(16.27135,92.30830,0.00000));
#11236 = VERTEX_POINT('',#11235);
#11237 = CARTESIAN_POINT('',(15.79493,92.23207,0.00000));
#11238 = VERTEX_POINT('',#11237);
#11239 = CARTESIAN_POINT('',(15.79493,92.23207,1.50000));
#11240 = VERTEX_POINT('',#11239);
#11241 = CARTESIAN_POINT('',(16.27135,92.30830,1.50000));
#11242 = VERTEX_POINT('',#11241);
#11243 = CARTESIAN_POINT('',(16.27135,92.30830,0.00000));
#11244 = DIRECTION('',(-0.987440,-0.157991,0.000000));
#11245 = VECTOR('',#11244,0.48248);
#11246 = LINE('',#11243,#11245);
#11247 = EDGE_CURVE('',#11236,#11238,#11246,.T.);
#11248 = CARTESIAN_POINT('',(15.79493,92.23207,0.00000));
#11249 = DIRECTION('',(0.000000,0.000000,1.000000));
#11250 = VECTOR('',#11249,1.50000);
#11251 = LINE('',#11248,#11250);
#11252 = EDGE_CURVE('',#11238,#11240,#11251,.T.);
#11253 = CARTESIAN_POINT('',(15.79493,92.23207,1.50000));
#11254 = DIRECTION('',(0.987440,0.157991,0.000000));
#11255 = VECTOR('',#11254,0.48248);
#11256 = LINE('',#11253,#11255);
#11257 = EDGE_CURVE('',#11240,#11242,#11256,.T.);
#11258 = CARTESIAN_POINT('',(16.27135,92.30830,1.50000));
#11259 = DIRECTION('',(0.000000,0.000000,-1.000000));
#11260 = VECTOR('',#11259,1.50000);
#11261 = LINE('',#11258,#11260);
#11262 = EDGE_CURVE('',#11242,#11236,#11261,.T.);
#11263 = ORIENTED_EDGE('',*,*,#11247,.T.);
#11264 = ORIENTED_EDGE('',*,*,#11252,.T.);
#11265 = ORIENTED_EDGE('',*,*,#11257,.T.);
#11266 = ORIENTED_EDGE('',*,*,#11262,.T.);
#11267 = EDGE_LOOP('',(#11263,#11264,#11265,#11266));
#11268 = FACE_OUTER_BOUND('',#11267,.T.);
#11269 = CARTESIAN_POINT('',(16.27135,92.30830,0.00000));
#11270 = DIRECTION('',(-0.157991,0.987440,0.000000));
#11271 = DIRECTION('',(-0.987440,-0.157991,0.000000));
#11272 = AXIS2_PLACEMENT_3D('',#11269,#11270,#11271);
#11273 = PLANE('',#11272);
#11274 = ADVANCED_FACE('',(#11268),#11273,.T.);
#11275 = CARTESIAN_POINT('',(15.79493,92.23207,0.00000));
#11276 = VERTEX_POINT('',#11275);
#11277 = CARTESIAN_POINT('',(15.34203,92.06575,0.00000));
#11278 = VERTEX_POINT('',#11277);
#11279 = CARTESIAN_POINT('',(15.34203,92.06575,1.50000));
#11280 = VERTEX_POINT('',#11279);
#11281 = CARTESIAN_POINT('',(15.79493,92.23207,1.50000));
#11282 = VERTEX_POINT('',#11281);
#11283 = CARTESIAN_POINT('',(15.79493,92.23207,0.00000));
#11284 = DIRECTION('',(-0.938703,-0.344728,0.000000));
#11285 = VECTOR('',#11284,0.48248);
#11286 = LINE('',#11283,#11285);
#11287 = EDGE_CURVE('',#11276,#11278,#11286,.T.);
#11288 = CARTESIAN_POINT('',(15.34203,92.06575,0.00000));
#11289 = DIRECTION('',(0.000000,0.000000,1.000000));
#11290 = VECTOR('',#11289,1.50000);
#11291 = LINE('',#11288,#11290);
#11292 = EDGE_CURVE('',#11278,#11280,#11291,.T.);
#11293 = CARTESIAN_POINT('',(15.34203,92.06575,1.50000));
#11294 = DIRECTION('',(0.938703,0.344728,0.000000));
#11295 = VECTOR('',#11294,0.48248);
#11296 = LINE('',#11293,#11295);
#11297 = EDGE_CURVE('',#11280,#11282,#11296,.T.);
#11298 = CARTESIAN_POINT('',(15.79493,92.23207,1.50000));
#11299 = DIRECTION('',(0.000000,0.000000,-1.000000));
#11300 = VECTOR('',#11299,1.50000);
#11301 = LINE('',#11298,#11300);
#11302 = EDGE_CURVE('',#11282,#11276,#11301,.T.);
#11303 = ORIENTED_EDGE('',*,*,#11287,.T.);
#11304 = ORIENTED_EDGE('',*,*,#11292,.T.);
#11305 = ORIENTED_EDGE('',*,*,#11297,.T.);
#11306 = ORIENTED_EDGE('',*,*,#11302,.T.);
#11307 = EDGE_LOOP('',(#11303,#11304,#11305,#11306));
#11308 = FACE_OUTER_BOUND('',#11307,.T.);
#11309 = CARTESIAN_POINT('',(15.79493,92.23207,0.00000));
#11310 = DIRECTION('',(-0.344728,0.938703,0.000000));
#11311 = DIRECTION('',(-0.938703,-0.344728,0.000000));
#11312 = AXIS2_PLACEMENT_3D('',#11309,#11310,#11311);
#11313 = PLANE('',#11312);
#11314 = ADVANCED_FACE('',(#11308),#11313,.T.);
#11315 = CARTESIAN_POINT('',(15.34203,92.06575,0.00000));
#11316 = VERTEX_POINT('',#11315);
#11317 = CARTESIAN_POINT('',(14.92951,91.81552,0.00000));
#11318 = VERTEX_POINT('',#11317);
#11319 = CARTESIAN_POINT('',(14.92951,91.81552,1.50000));
#11320 = VERTEX_POINT('',#11319);
#11321 = CARTESIAN_POINT('',(15.34203,92.06575,1.50000));
#11322 = VERTEX_POINT('',#11321);
#11323 = CARTESIAN_POINT('',(15.34203,92.06575,0.00000));
#11324 = DIRECTION('',(-0.855002,-0.518624,0.000000));
#11325 = VECTOR('',#11324,0.48248);
#11326 = LINE('',#11323,#11325);
#11327 = EDGE_CURVE('',#11316,#11318,#11326,.T.);
#11328 = CARTESIAN_POINT('',(14.92951,91.81552,0.00000));
#11329 = DIRECTION('',(0.000000,0.000000,1.000000));
#11330 = VECTOR('',#11329,1.50000);
#11331 = LINE('',#11328,#11330);
#11332 = EDGE_CURVE('',#11318,#11320,#11331,.T.);
#11333 = CARTESIAN_POINT('',(14.92951,91.81552,1.50000));
#11334 = DIRECTION('',(0.855002,0.518624,0.000000));
#11335 = VECTOR('',#11334,0.48248);
#11336 = LINE('',#11333,#11335);
#11337 = EDGE_CURVE('',#11320,#11322,#11336,.T.);
#11338 = CARTESIAN_POINT('',(15.34203,92.06575,1.50000));
#11339 = DIRECTION('',(0.000000,0.000000,-1.000000));
#11340 = VECTOR('',#11339,1.50000);
#11341 = LINE('',#11338,#11340);
#11342 = EDGE_CURVE('',#11322,#11316,#11341,.T.);
#11343 = ORIENTED_EDGE('',*,*,#11327,.T.);
#11344 = ORIENTED_EDGE('',*,*,#11332,.T.);
#11345 = ORIENTED_EDGE('',*,*,#11337,.T.);
#11346 = ORIENTED_EDGE('',*,*,#11342,.T.);
#11347 = EDGE_LOOP('',(#11343,#11344,#11345,#11346));
#11348 = FACE_OUTER_BOUND('',#11347,.T.);
#11349 = CARTESIAN_POINT('',(15.34203,92.06575,0.00000));
#11350 = DIRECTION('',(-0.518624,0.855002,0.000000));
#11351 = DIRECTION('',(-0.855002,-0.518624,0.000000));
#11352 = AXIS2_PLACEMENT_3D('',#11349,#11350,#11351);
#11353 = PLANE('',#11352);
#11354 = ADVANCED_FACE('',(#11348),#11353,.T.);
#11355 = CARTESIAN_POINT('',(14.92951,91.81552,0.00000));
#11356 = VERTEX_POINT('',#11355);
#11357 = CARTESIAN_POINT('',(14.57274,91.49071,0.00000));
#11358 = VERTEX_POINT('',#11357);
#11359 = CARTESIAN_POINT('',(14.57274,91.49071,1.50000));
#11360 = VERTEX_POINT('',#11359);
#11361 = CARTESIAN_POINT('',(14.92951,91.81552,1.50000));
#11362 = VERTEX_POINT('',#11361);
#11363 = CARTESIAN_POINT('',(14.92951,91.81552,0.00000));
#11364 = DIRECTION('',(-0.739457,-0.673204,0.000000));
#11365 = VECTOR('',#11364,0.48248);
#11366 = LINE('',#11363,#11365);
#11367 = EDGE_CURVE('',#11356,#11358,#11366,.T.);
#11368 = CARTESIAN_POINT('',(14.57274,91.49071,0.00000));
#11369 = DIRECTION('',(0.000000,0.000000,1.000000));
#11370 = VECTOR('',#11369,1.50000);
#11371 = LINE('',#11368,#11370);
#11372 = EDGE_CURVE('',#11358,#11360,#11371,.T.);
#11373 = CARTESIAN_POINT('',(14.57274,91.49071,1.50000));
#11374 = DIRECTION('',(0.739457,0.673204,0.000000));
#11375 = VECTOR('',#11374,0.48248);
#11376 = LINE('',#11373,#11375);
#11377 = EDGE_CURVE('',#11360,#11362,#11376,.T.);
#11378 = CARTESIAN_POINT('',(14.92951,91.81552,1.50000));
#11379 = DIRECTION('',(0.000000,0.000000,-1.000000));
#11380 = VECTOR('',#11379,1.50000);
#11381 = LINE('',#11378,#11380);
#11382 = EDGE_CURVE('',#11362,#11356,#11381,.T.);
#11383 = ORIENTED_EDGE('',*,*,#11367,.T.);
#11384 = ORIENTED_EDGE('',*,*,#11372,.T.);
#11385 = ORIENTED_EDGE('',*,*,#11377,.T.);
#11386 = ORIENTED_EDGE('',*,*,#11382,.T.);
#11387 = EDGE_LOOP('',(#11383,#11384,#11385,#11386));
#11388 = FACE_OUTER_BOUND('',#11387,.T.);
#11389 = CARTESIAN_POINT('',(14.92951,91.81552,0.00000));
#11390 = DIRECTION('',(-0.673204,0.739457,0.000000));
#11391 = DIRECTION('',(-0.739457,-0.673204,0.000000));
#11392 = AXIS2_PLACEMENT_3D('',#11389,#11390,#11391);
#11393 = PLANE('',#11392);
#11394 = ADVANCED_FACE('',(#11388),#11393,.T.);
#11395 = CARTESIAN_POINT('',(14.57274,91.49071,0.00000));
#11396 = VERTEX_POINT('',#11395);
#11397 = CARTESIAN_POINT('',(14.28500,91.10342,0.00000));
#11398 = VERTEX_POINT('',#11397);
#11399 = CARTESIAN_POINT('',(14.28500,91.10342,1.50000));
#11400 = VERTEX_POINT('',#11399);
#11401 = CARTESIAN_POINT('',(14.57274,91.49071,1.50000));
#11402 = VERTEX_POINT('',#11401);
#11403 = CARTESIAN_POINT('',(14.57274,91.49071,0.00000));
#11404 = DIRECTION('',(-0.596370,-0.802710,0.000000));
#11405 = VECTOR('',#11404,0.48248);
#11406 = LINE('',#11403,#11405);
#11407 = EDGE_CURVE('',#11396,#11398,#11406,.T.);
#11408 = CARTESIAN_POINT('',(14.28500,91.10342,0.00000));
#11409 = DIRECTION('',(0.000000,0.000000,1.000000));
#11410 = VECTOR('',#11409,1.50000);
#11411 = LINE('',#11408,#11410);
#11412 = EDGE_CURVE('',#11398,#11400,#11411,.T.);
#11413 = CARTESIAN_POINT('',(14.28500,91.10342,1.50000));
#11414 = DIRECTION('',(0.596370,0.802710,0.000000));
#11415 = VECTOR('',#11414,0.48248);
#11416 = LINE('',#11413,#11415);
#11417 = EDGE_CURVE('',#11400,#11402,#11416,.T.);
#11418 = CARTESIAN_POINT('',(14.57274,91.49071,1.50000));
#11419 = DIRECTION('',(0.000000,0.000000,-1.000000));
#11420 = VECTOR('',#11419,1.50000);
#11421 = LINE('',#11418,#11420);
#11422 = EDGE_CURVE('',#11402,#11396,#11421,.T.);
#11423 = ORIENTED_EDGE('',*,*,#11407,.T.);
#11424 = ORIENTED_EDGE('',*,*,#11412,.T.);
#11425 = ORIENTED_EDGE('',*,*,#11417,.T.);
#11426 = ORIENTED_EDGE('',*,*,#11422,.T.);
#11427 = EDGE_LOOP('',(#11423,#11424,#11425,#11426));
#11428 = FACE_OUTER_BOUND('',#11427,.T.);
#11429 = CARTESIAN_POINT('',(14.57274,91.49071,0.00000));
#11430 = DIRECTION('',(-0.802710,0.596370,0.000000));
#11431 = DIRECTION('',(-0.596370,-0.802710,0.000000));
#11432 = AXIS2_PLACEMENT_3D('',#11429,#11430,#11431);
#11433 = PLANE('',#11432);
#11434 = ADVANCED_FACE('',(#11428),#11433,.T.);
#11435 = CARTESIAN_POINT('',(14.28500,91.10342,0.00000));
#11436 = VERTEX_POINT('',#11435);
#11437 = CARTESIAN_POINT('',(3.26020,72.80786,0.00000));
#11438 = VERTEX_POINT('',#11437);
#11439 = CARTESIAN_POINT('',(3.26020,72.80786,1.50000));
#11440 = VERTEX_POINT('',#11439);
#11441 = CARTESIAN_POINT('',(14.28500,91.10342,1.50000));
#11442 = VERTEX_POINT('',#11441);
#11443 = CARTESIAN_POINT('',(14.28500,91.10342,0.00000));
#11444 = DIRECTION('',(-0.516128,-0.856511,0.000000));
#11445 = VECTOR('',#11444,21.36057);
#11446 = LINE('',#11443,#11445);
#11447 = EDGE_CURVE('',#11436,#11438,#11446,.T.);
#11448 = CARTESIAN_POINT('',(3.26020,72.80786,0.00000));
#11449 = DIRECTION('',(0.000000,0.000000,1.000000));
#11450 = VECTOR('',#11449,1.50000);
#11451 = LINE('',#11448,#11450);
#11452 = EDGE_CURVE('',#11438,#11440,#11451,.T.);
#11453 = CARTESIAN_POINT('',(3.26020,72.80786,1.50000));
#11454 = DIRECTION('',(0.516128,0.856511,0.000000));
#11455 = VECTOR('',#11454,21.36057);
#11456 = LINE('',#11453,#11455);
#11457 = EDGE_CURVE('',#11440,#11442,#11456,.T.);
#11458 = CARTESIAN_POINT('',(14.28500,91.10342,1.50000));
#11459 = DIRECTION('',(0.000000,0.000000,-1.000000));
#11460 = VECTOR('',#11459,1.50000);
#11461 = LINE('',#11458,#11460);
#11462 = EDGE_CURVE('',#11442,#11436,#11461,.T.);
#11463 = ORIENTED_EDGE('',*,*,#11447,.T.);
#11464 = ORIENTED_EDGE('',*,*,#11452,.T.);
#11465 = ORIENTED_EDGE('',*,*,#11457,.T.);
#11466 = ORIENTED_EDGE('',*,*,#11462,.T.);
#11467 = EDGE_LOOP('',(#11463,#11464,#11465,#11466));
#11468 = FACE_OUTER_BOUND('',#11467,.T.);
#11469 = CARTESIAN_POINT('',(14.28500,91.10342,0.00000));
#11470 = DIRECTION('',(-0.856511,0.516128,0.000000));
#11471 = DIRECTION('',(-0.516128,-0.856511,0.000000));
#11472 = AXIS2_PLACEMENT_3D('',#11469,#11470,#11471);
#11473 = PLANE('',#11472);
#11474 = ADVANCED_FACE('',(#11468),#11473,.T.);
#11475 = CARTESIAN_POINT('',(3.26020,72.80786,0.00000));
#11476 = VERTEX_POINT('',#11475);
#11477 = CARTESIAN_POINT('',(3.17772,72.65985,0.00000));
#11478 = VERTEX_POINT('',#11477);
#11479 = CARTESIAN_POINT('',(3.17772,72.65985,1.50000));
#11480 = VERTEX_POINT('',#11479);
#11481 = CARTESIAN_POINT('',(3.26020,72.80786,1.50000));
#11482 = VERTEX_POINT('',#11481);
#11483 = CARTESIAN_POINT('',(3.26020,72.80786,0.00000));
#11484 = DIRECTION('',(-0.486806,-0.873510,0.000000));
#11485 = VECTOR('',#11484,0.16944);
#11486 = LINE('',#11483,#11485);
#11487 = EDGE_CURVE('',#11476,#11478,#11486,.T.);
#11488 = CARTESIAN_POINT('',(3.17772,72.65985,0.00000));
#11489 = DIRECTION('',(0.000000,0.000000,1.000000));
#11490 = VECTOR('',#11489,1.50000);
#11491 = LINE('',#11488,#11490);
#11492 = EDGE_CURVE('',#11478,#11480,#11491,.T.);
#11493 = CARTESIAN_POINT('',(3.17772,72.65985,1.50000));
#11494 = DIRECTION('',(0.486806,0.873510,0.000000));
#11495 = VECTOR('',#11494,0.16944);
#11496 = LINE('',#11493,#11495);
#11497 = EDGE_CURVE('',#11480,#11482,#11496,.T.);
#11498 = CARTESIAN_POINT('',(3.26020,72.80786,1.50000));
#11499 = DIRECTION('',(0.000000,0.000000,-1.000000));
#11500 = VECTOR('',#11499,1.50000);
#11501 = LINE('',#11498,#11500);
#11502 = EDGE_CURVE('',#11482,#11476,#11501,.T.);
#11503 = ORIENTED_EDGE('',*,*,#11487,.T.);
#11504 = ORIENTED_EDGE('',*,*,#11492,.T.);
#11505 = ORIENTED_EDGE('',*,*,#11497,.T.);
#11506 = ORIENTED_EDGE('',*,*,#11502,.T.);
#11507 = EDGE_LOOP('',(#11503,#11504,#11505,#11506));
#11508 = FACE_OUTER_BOUND('',#11507,.T.);
#11509 = CARTESIAN_POINT('',(3.26020,72.80786,0.00000));
#11510 = DIRECTION('',(-0.873510,0.486806,0.000000));
#11511 = DIRECTION('',(-0.486806,-0.873510,0.000000));
#11512 = AXIS2_PLACEMENT_3D('',#11509,#11510,#11511);
#11513 = PLANE('',#11512);
#11514 = ADVANCED_FACE('',(#11508),#11513,.T.);
#11515 = CARTESIAN_POINT('',(3.17772,72.65985,0.00000));
#11516 = VERTEX_POINT('',#11515);
#11517 = CARTESIAN_POINT('',(3.10544,72.50659,0.00000));
#11518 = VERTEX_POINT('',#11517);
#11519 = CARTESIAN_POINT('',(3.10544,72.50659,1.50000));
#11520 = VERTEX_POINT('',#11519);
#11521 = CARTESIAN_POINT('',(3.17772,72.65985,1.50000));
#11522 = VERTEX_POINT('',#11521);
#11523 = CARTESIAN_POINT('',(3.17772,72.65985,0.00000));
#11524 = DIRECTION('',(-0.426517,-0.904479,0.000000));
#11525 = VECTOR('',#11524,0.16944);
#11526 = LINE('',#11523,#11525);
#11527 = EDGE_CURVE('',#11516,#11518,#11526,.T.);
#11528 = CARTESIAN_POINT('',(3.10544,72.50659,0.00000));
#11529 = DIRECTION('',(0.000000,0.000000,1.000000));
#11530 = VECTOR('',#11529,1.50000);
#11531 = LINE('',#11528,#11530);
#11532 = EDGE_CURVE('',#11518,#11520,#11531,.T.);
#11533 = CARTESIAN_POINT('',(3.10544,72.50659,1.50000));
#11534 = DIRECTION('',(0.426517,0.904479,0.000000));
#11535 = VECTOR('',#11534,0.16944);
#11536 = LINE('',#11533,#11535);
#11537 = EDGE_CURVE('',#11520,#11522,#11536,.T.);
#11538 = CARTESIAN_POINT('',(3.17772,72.65985,1.50000));
#11539 = DIRECTION('',(0.000000,0.000000,-1.000000));
#11540 = VECTOR('',#11539,1.50000);
#11541 = LINE('',#11538,#11540);
#11542 = EDGE_CURVE('',#11522,#11516,#11541,.T.);
#11543 = ORIENTED_EDGE('',*,*,#11527,.T.);
#11544 = ORIENTED_EDGE('',*,*,#11532,.T.);
#11545 = ORIENTED_EDGE('',*,*,#11537,.T.);
#11546 = ORIENTED_EDGE('',*,*,#11542,.T.);
#11547 = EDGE_LOOP('',(#11543,#11544,#11545,#11546));
#11548 = FACE_OUTER_BOUND('',#11547,.T.);
#11549 = CARTESIAN_POINT('',(3.17772,72.65985,0.00000));
#11550 = DIRECTION('',(-0.904479,0.426517,0.000000));
#11551 = DIRECTION('',(-0.426517,-0.904479,0.000000));
#11552 = AXIS2_PLACEMENT_3D('',#11549,#11550,#11551);
#11553 = PLANE('',#11552);
#11554 = ADVANCED_FACE('',(#11548),#11553,.T.);
#11555 = CARTESIAN_POINT('',(3.10544,72.50659,0.00000));
#11556 = VERTEX_POINT('',#11555);
#11557 = CARTESIAN_POINT('',(3.04372,72.34878,0.00000));
#11558 = VERTEX_POINT('',#11557);
#11559 = CARTESIAN_POINT('',(3.04372,72.34878,1.50000));
#11560 = VERTEX_POINT('',#11559);
#11561 = CARTESIAN_POINT('',(3.10544,72.50659,1.50000));
#11562 = VERTEX_POINT('',#11561);
#11563 = CARTESIAN_POINT('',(3.10544,72.50659,0.00000));
#11564 = DIRECTION('',(-0.364269,-0.931294,0.000000));
#11565 = VECTOR('',#11564,0.16944);
#11566 = LINE('',#11563,#11565);
#11567 = EDGE_CURVE('',#11556,#11558,#11566,.T.);
#11568 = CARTESIAN_POINT('',(3.04372,72.34878,0.00000));
#11569 = DIRECTION('',(0.000000,0.000000,1.000000));
#11570 = VECTOR('',#11569,1.50000);
#11571 = LINE('',#11568,#11570);
#11572 = EDGE_CURVE('',#11558,#11560,#11571,.T.);
#11573 = CARTESIAN_POINT('',(3.04372,72.34878,1.50000));
#11574 = DIRECTION('',(0.364269,0.931294,0.000000));
#11575 = VECTOR('',#11574,0.16944);
#11576 = LINE('',#11573,#11575);
#11577 = EDGE_CURVE('',#11560,#11562,#11576,.T.);
#11578 = CARTESIAN_POINT('',(3.10544,72.50659,1.50000));
#11579 = DIRECTION('',(0.000000,0.000000,-1.000000));
#11580 = VECTOR('',#11579,1.50000);
#11581 = LINE('',#11578,#11580);
#11582 = EDGE_CURVE('',#11562,#11556,#11581,.T.);
#11583 = ORIENTED_EDGE('',*,*,#11567,.T.);
#11584 = ORIENTED_EDGE('',*,*,#11572,.T.);
#11585 = ORIENTED_EDGE('',*,*,#11577,.T.);
#11586 = ORIENTED_EDGE('',*,*,#11582,.T.);
#11587 = EDGE_LOOP('',(#11583,#11584,#11585,#11586));
#11588 = FACE_OUTER_BOUND('',#11587,.T.);
#11589 = CARTESIAN_POINT('',(3.10544,72.50659,0.00000));
#11590 = DIRECTION('',(-0.931294,0.364269,0.000000));
#11591 = DIRECTION('',(-0.364269,-0.931294,0.000000));
#11592 = AXIS2_PLACEMENT_3D('',#11589,#11590,#11591);
#11593 = PLANE('',#11592);
#11594 = ADVANCED_FACE('',(#11588),#11593,.T.);
#11595 = CARTESIAN_POINT('',(3.04372,72.34878,0.00000));
#11596 = VERTEX_POINT('',#11595);
#11597 = CARTESIAN_POINT('',(2.99283,72.18716,0.00000));
#11598 = VERTEX_POINT('',#11597);
#11599 = CARTESIAN_POINT('',(2.99283,72.18716,1.50000));
#11600 = VERTEX_POINT('',#11599);
#11601 = CARTESIAN_POINT('',(3.04372,72.34878,1.50000));
#11602 = VERTEX_POINT('',#11601);
#11603 = CARTESIAN_POINT('',(3.04372,72.34878,0.00000));
#11604 = DIRECTION('',(-0.300348,-0.953830,0.000000));
#11605 = VECTOR('',#11604,0.16944);
#11606 = LINE('',#11603,#11605);
#11607 = EDGE_CURVE('',#11596,#11598,#11606,.T.);
#11608 = CARTESIAN_POINT('',(2.99283,72.18716,0.00000));
#11609 = DIRECTION('',(0.000000,0.000000,1.000000));
#11610 = VECTOR('',#11609,1.50000);
#11611 = LINE('',#11608,#11610);
#11612 = EDGE_CURVE('',#11598,#11600,#11611,.T.);
#11613 = CARTESIAN_POINT('',(2.99283,72.18716,1.50000));
#11614 = DIRECTION('',(0.300348,0.953830,0.000000));
#11615 = VECTOR('',#11614,0.16944);
#11616 = LINE('',#11613,#11615);
#11617 = EDGE_CURVE('',#11600,#11602,#11616,.T.);
#11618 = CARTESIAN_POINT('',(3.04372,72.34878,1.50000));
#11619 = DIRECTION('',(0.000000,0.000000,-1.000000));
#11620 = VECTOR('',#11619,1.50000);
#11621 = LINE('',#11618,#11620);
#11622 = EDGE_CURVE('',#11602,#11596,#11621,.T.);
#11623 = ORIENTED_EDGE('',*,*,#11607,.T.);
#11624 = ORIENTED_EDGE('',*,*,#11612,.T.);
#11625 = ORIENTED_EDGE('',*,*,#11617,.T.);
#11626 = ORIENTED_EDGE('',*,*,#11622,.T.);
#11627 = EDGE_LOOP('',(#11623,#11624,#11625,#11626));
#11628 = FACE_OUTER_BOUND('',#11627,.T.);
#11629 = CARTESIAN_POINT('',(3.04372,72.34878,0.00000));
#11630 = DIRECTION('',(-0.953830,0.300348,0.000000));
#11631 = DIRECTION('',(-0.300348,-0.953830,0.000000));
#11632 = AXIS2_PLACEMENT_3D('',#11629,#11630,#11631);
#11633 = PLANE('',#11632);
#11634 = ADVANCED_FACE('',(#11628),#11633,.T.);
#11635 = CARTESIAN_POINT('',(2.99283,72.18716,0.00000));
#11636 = VERTEX_POINT('',#11635);
#11637 = CARTESIAN_POINT('',(2.95300,72.02247,0.00000));
#11638 = VERTEX_POINT('',#11637);
#11639 = CARTESIAN_POINT('',(2.95300,72.02247,1.50000));
#11640 = VERTEX_POINT('',#11639);
#11641 = CARTESIAN_POINT('',(2.99283,72.18716,1.50000));
#11642 = VERTEX_POINT('',#11641);
#11643 = CARTESIAN_POINT('',(2.99283,72.18716,0.00000));
#11644 = DIRECTION('',(-0.235047,-0.971984,0.000000));
#11645 = VECTOR('',#11644,0.16944);
#11646 = LINE('',#11643,#11645);
#11647 = EDGE_CURVE('',#11636,#11638,#11646,.T.);
#11648 = CARTESIAN_POINT('',(2.95300,72.02247,0.00000));
#11649 = DIRECTION('',(0.000000,0.000000,1.000000));
#11650 = VECTOR('',#11649,1.50000);
#11651 = LINE('',#11648,#11650);
#11652 = EDGE_CURVE('',#11638,#11640,#11651,.T.);
#11653 = CARTESIAN_POINT('',(2.95300,72.02247,1.50000));
#11654 = DIRECTION('',(0.235047,0.971984,0.000000));
#11655 = VECTOR('',#11654,0.16944);
#11656 = LINE('',#11653,#11655);
#11657 = EDGE_CURVE('',#11640,#11642,#11656,.T.);
#11658 = CARTESIAN_POINT('',(2.99283,72.18716,1.50000));
#11659 = DIRECTION('',(0.000000,0.000000,-1.000000));
#11660 = VECTOR('',#11659,1.50000);
#11661 = LINE('',#11658,#11660);
#11662 = EDGE_CURVE('',#11642,#11636,#11661,.T.);
#11663 = ORIENTED_EDGE('',*,*,#11647,.T.);
#11664 = ORIENTED_EDGE('',*,*,#11652,.T.);
#11665 = ORIENTED_EDGE('',*,*,#11657,.T.);
#11666 = ORIENTED_EDGE('',*,*,#11662,.T.);
#11667 = EDGE_LOOP('',(#11663,#11664,#11665,#11666));
#11668 = FACE_OUTER_BOUND('',#11667,.T.);
#11669 = CARTESIAN_POINT('',(2.99283,72.18716,0.00000));
#11670 = DIRECTION('',(-0.971984,0.235047,0.000000));
#11671 = DIRECTION('',(-0.235047,-0.971984,0.000000));
#11672 = AXIS2_PLACEMENT_3D('',#11669,#11670,#11671);
#11673 = PLANE('',#11672);
#11674 = ADVANCED_FACE('',(#11668),#11673,.T.);
#11675 = CARTESIAN_POINT('',(2.95300,72.02247,0.00000));
#11676 = VERTEX_POINT('',#11675);
#11677 = CARTESIAN_POINT('',(2.92442,71.85545,0.00000));
#11678 = VERTEX_POINT('',#11677);
#11679 = CARTESIAN_POINT('',(2.92442,71.85545,1.50000));
#11680 = VERTEX_POINT('',#11679);
#11681 = CARTESIAN_POINT('',(2.95300,72.02247,1.50000));
#11682 = VERTEX_POINT('',#11681);
#11683 = CARTESIAN_POINT('',(2.95300,72.02247,0.00000));
#11684 = DIRECTION('',(-0.168666,-0.985673,0.000000));
#11685 = VECTOR('',#11684,0.16944);
#11686 = LINE('',#11683,#11685);
#11687 = EDGE_CURVE('',#11676,#11678,#11686,.T.);
#11688 = CARTESIAN_POINT('',(2.92442,71.85545,0.00000));
#11689 = DIRECTION('',(0.000000,0.000000,1.000000));
#11690 = VECTOR('',#11689,1.50000);
#11691 = LINE('',#11688,#11690);
#11692 = EDGE_CURVE('',#11678,#11680,#11691,.T.);
#11693 = CARTESIAN_POINT('',(2.92442,71.85545,1.50000));
#11694 = DIRECTION('',(0.168666,0.985673,0.000000));
#11695 = VECTOR('',#11694,0.16944);
#11696 = LINE('',#11693,#11695);
#11697 = EDGE_CURVE('',#11680,#11682,#11696,.T.);
#11698 = CARTESIAN_POINT('',(2.95300,72.02247,1.50000));
#11699 = DIRECTION('',(0.000000,0.000000,-1.000000));
#11700 = VECTOR('',#11699,1.50000);
#11701 = LINE('',#11698,#11700);
#11702 = EDGE_CURVE('',#11682,#11676,#11701,.T.);
#11703 = ORIENTED_EDGE('',*,*,#11687,.T.);
#11704 = ORIENTED_EDGE('',*,*,#11692,.T.);
#11705 = ORIENTED_EDGE('',*,*,#11697,.T.);
#11706 = ORIENTED_EDGE('',*,*,#11702,.T.);
#11707 = EDGE_LOOP('',(#11703,#11704,#11705,#11706));
#11708 = FACE_OUTER_BOUND('',#11707,.T.);
#11709 = CARTESIAN_POINT('',(2.95300,72.02247,0.00000));
#11710 = DIRECTION('',(-0.985673,0.168666,0.000000));
#11711 = DIRECTION('',(-0.168666,-0.985673,0.000000));
#11712 = AXIS2_PLACEMENT_3D('',#11709,#11710,#11711);
#11713 = PLANE('',#11712);
#11714 = ADVANCED_FACE('',(#11708),#11713,.T.);
#11715 = CARTESIAN_POINT('',(2.92442,71.85545,0.00000));
#11716 = VERTEX_POINT('',#11715);
#11717 = CARTESIAN_POINT('',(2.90722,71.68688,0.00000));
#11718 = VERTEX_POINT('',#11717);
#11719 = CARTESIAN_POINT('',(2.90722,71.68688,1.50000));
#11720 = VERTEX_POINT('',#11719);
#11721 = CARTESIAN_POINT('',(2.92442,71.85545,1.50000));
#11722 = VERTEX_POINT('',#11721);
#11723 = CARTESIAN_POINT('',(2.92442,71.85545,0.00000));
#11724 = DIRECTION('',(-0.101511,-0.994834,0.000000));
#11725 = VECTOR('',#11724,0.16944);
#11726 = LINE('',#11723,#11725);
#11727 = EDGE_CURVE('',#11716,#11718,#11726,.T.);
#11728 = CARTESIAN_POINT('',(2.90722,71.68688,0.00000));
#11729 = DIRECTION('',(0.000000,0.000000,1.000000));
#11730 = VECTOR('',#11729,1.50000);
#11731 = LINE('',#11728,#11730);
#11732 = EDGE_CURVE('',#11718,#11720,#11731,.T.);
#11733 = CARTESIAN_POINT('',(2.90722,71.68688,1.50000));
#11734 = DIRECTION('',(0.101511,0.994834,0.000000));
#11735 = VECTOR('',#11734,0.16944);
#11736 = LINE('',#11733,#11735);
#11737 = EDGE_CURVE('',#11720,#11722,#11736,.T.);
#11738 = CARTESIAN_POINT('',(2.92442,71.85545,1.50000));
#11739 = DIRECTION('',(0.000000,0.000000,-1.000000));
#11740 = VECTOR('',#11739,1.50000);
#11741 = LINE('',#11738,#11740);
#11742 = EDGE_CURVE('',#11722,#11716,#11741,.T.);
#11743 = ORIENTED_EDGE('',*,*,#11727,.T.);
#11744 = ORIENTED_EDGE('',*,*,#11732,.T.);
#11745 = ORIENTED_EDGE('',*,*,#11737,.T.);
#11746 = ORIENTED_EDGE('',*,*,#11742,.T.);
#11747 = EDGE_LOOP('',(#11743,#11744,#11745,#11746));
#11748 = FACE_OUTER_BOUND('',#11747,.T.);
#11749 = CARTESIAN_POINT('',(2.92442,71.85545,0.00000));
#11750 = DIRECTION('',(-0.994834,0.101511,0.000000));
#11751 = DIRECTION('',(-0.101511,-0.994834,0.000000));
#11752 = AXIS2_PLACEMENT_3D('',#11749,#11750,#11751);
#11753 = PLANE('',#11752);
#11754 = ADVANCED_FACE('',(#11748),#11753,.T.);
#11755 = CARTESIAN_POINT('',(2.90722,71.68688,0.00000));
#11756 = VERTEX_POINT('',#11755);
#11757 = CARTESIAN_POINT('',(2.90148,71.51754,0.00000));
#11758 = VERTEX_POINT('',#11757);
#11759 = CARTESIAN_POINT('',(2.90148,71.51754,1.50000));
#11760 = VERTEX_POINT('',#11759);
#11761 = CARTESIAN_POINT('',(2.90722,71.68688,1.50000));
#11762 = VERTEX_POINT('',#11761);
#11763 = CARTESIAN_POINT('',(2.90722,71.68688,0.00000));
#11764 = DIRECTION('',(-0.033889,-0.999426,0.000000));
#11765 = VECTOR('',#11764,0.16944);
#11766 = LINE('',#11763,#11765);
#11767 = EDGE_CURVE('',#11756,#11758,#11766,.T.);
#11768 = CARTESIAN_POINT('',(2.90148,71.51754,0.00000));
#11769 = DIRECTION('',(0.000000,0.000000,1.000000));
#11770 = VECTOR('',#11769,1.50000);
#11771 = LINE('',#11768,#11770);
#11772 = EDGE_CURVE('',#11758,#11760,#11771,.T.);
#11773 = CARTESIAN_POINT('',(2.90148,71.51754,1.50000));
#11774 = DIRECTION('',(0.033889,0.999426,0.000000));
#11775 = VECTOR('',#11774,0.16944);
#11776 = LINE('',#11773,#11775);
#11777 = EDGE_CURVE('',#11760,#11762,#11776,.T.);
#11778 = CARTESIAN_POINT('',(2.90722,71.68688,1.50000));
#11779 = DIRECTION('',(0.000000,0.000000,-1.000000));
#11780 = VECTOR('',#11779,1.50000);
#11781 = LINE('',#11778,#11780);
#11782 = EDGE_CURVE('',#11762,#11756,#11781,.T.);
#11783 = ORIENTED_EDGE('',*,*,#11767,.T.);
#11784 = ORIENTED_EDGE('',*,*,#11772,.T.);
#11785 = ORIENTED_EDGE('',*,*,#11777,.T.);
#11786 = ORIENTED_EDGE('',*,*,#11782,.T.);
#11787 = EDGE_LOOP('',(#11783,#11784,#11785,#11786));
#11788 = FACE_OUTER_BOUND('',#11787,.T.);
#11789 = CARTESIAN_POINT('',(2.90722,71.68688,0.00000));
#11790 = DIRECTION('',(-0.999426,0.033889,0.000000));
#11791 = DIRECTION('',(-0.033889,-0.999426,0.000000));
#11792 = AXIS2_PLACEMENT_3D('',#11789,#11790,#11791);
#11793 = PLANE('',#11792);
#11794 = ADVANCED_FACE('',(#11788),#11793,.T.);
#11795 = CARTESIAN_POINT('',(2.90148,71.51754,0.00000));
#11796 = VERTEX_POINT('',#11795);
#11797 = CARTESIAN_POINT('',(2.90148,59.97592,0.00000));
#11798 = VERTEX_POINT('',#11797);
#11799 = CARTESIAN_POINT('',(2.90148,59.97592,1.50000));
#11800 = VERTEX_POINT('',#11799);
#11801 = CARTESIAN_POINT('',(2.90148,71.51754,1.50000));
#11802 = VERTEX_POINT('',#11801);
#11803 = CARTESIAN_POINT('',(2.90148,71.51754,0.00000));
#11804 = DIRECTION('',(0.000000,-1.000000,0.000000));
#11805 = VECTOR('',#11804,11.54161);
#11806 = LINE('',#11803,#11805);
#11807 = EDGE_CURVE('',#11796,#11798,#11806,.T.);
#11808 = CARTESIAN_POINT('',(2.90148,59.97592,0.00000));
#11809 = DIRECTION('',(0.000000,0.000000,1.000000));
#11810 = VECTOR('',#11809,1.50000);
#11811 = LINE('',#11808,#11810);
#11812 = EDGE_CURVE('',#11798,#11800,#11811,.T.);
#11813 = CARTESIAN_POINT('',(2.90148,59.97592,1.50000));
#11814 = DIRECTION('',(-0.000000,1.000000,0.000000));
#11815 = VECTOR('',#11814,11.54161);
#11816 = LINE('',#11813,#11815);
#11817 = EDGE_CURVE('',#11800,#11802,#11816,.T.);
#11818 = CARTESIAN_POINT('',(2.90148,71.51754,1.50000));
#11819 = DIRECTION('',(0.000000,0.000000,-1.000000));
#11820 = VECTOR('',#11819,1.50000);
#11821 = LINE('',#11818,#11820);
#11822 = EDGE_CURVE('',#11802,#11796,#11821,.T.);
#11823 = ORIENTED_EDGE('',*,*,#11807,.T.);
#11824 = ORIENTED_EDGE('',*,*,#11812,.T.);
#11825 = ORIENTED_EDGE('',*,*,#11817,.T.);
#11826 = ORIENTED_EDGE('',*,*,#11822,.T.);
#11827 = EDGE_LOOP('',(#11823,#11824,#11825,#11826));
#11828 = FACE_OUTER_BOUND('',#11827,.T.);
#11829 = CARTESIAN_POINT('',(2.90148,71.51754,0.00000));
#11830 = DIRECTION('',(-1.000000,-0.000000,0.000000));
#11831 = DIRECTION('',(0.000000,-1.000000,0.000000));
#11832 = AXIS2_PLACEMENT_3D('',#11829,#11830,#11831);
#11833 = PLANE('',#11832);
#11834 = ADVANCED_FACE('',(#11828),#11833,.T.);
#11835 = CARTESIAN_POINT('',(2.90148,59.97592,0.00000));
#11836 = VERTEX_POINT('',#11835);
#11837 = CARTESIAN_POINT('',(2.90148,54.97212,0.00000));
#11838 = VERTEX_POINT('',#11837);
#11839 = CARTESIAN_POINT('',(2.90148,54.97212,1.50000));
#11840 = VERTEX_POINT('',#11839);
#11841 = CARTESIAN_POINT('',(2.90148,59.97592,1.50000));
#11842 = VERTEX_POINT('',#11841);
#11843 = CARTESIAN_POINT('',(2.90148,59.97592,0.00000));
#11844 = DIRECTION('',(0.000000,-1.000000,0.000000));
#11845 = VECTOR('',#11844,5.00380);
#11846 = LINE('',#11843,#11845);
#11847 = EDGE_CURVE('',#11836,#11838,#11846,.T.);
#11848 = CARTESIAN_POINT('',(2.90148,54.97212,0.00000));
#11849 = DIRECTION('',(0.000000,0.000000,1.000000));
#11850 = VECTOR('',#11849,1.50000);
#11851 = LINE('',#11848,#11850);
#11852 = EDGE_CURVE('',#11838,#11840,#11851,.T.);
#11853 = CARTESIAN_POINT('',(2.90148,54.97212,1.50000));
#11854 = DIRECTION('',(-0.000000,1.000000,0.000000));
#11855 = VECTOR('',#11854,5.00380);
#11856 = LINE('',#11853,#11855);
#11857 = EDGE_CURVE('',#11840,#11842,#11856,.T.);
#11858 = CARTESIAN_POINT('',(2.90148,59.97592,1.50000));
#11859 = DIRECTION('',(0.000000,0.000000,-1.000000));
#11860 = VECTOR('',#11859,1.50000);
#11861 = LINE('',#11858,#11860);
#11862 = EDGE_CURVE('',#11842,#11836,#11861,.T.);
#11863 = ORIENTED_EDGE('',*,*,#11847,.T.);
#11864 = ORIENTED_EDGE('',*,*,#11852,.T.);
#11865 = ORIENTED_EDGE('',*,*,#11857,.T.);
#11866 = ORIENTED_EDGE('',*,*,#11862,.T.);
#11867 = EDGE_LOOP('',(#11863,#11864,#11865,#11866));
#11868 = FACE_OUTER_BOUND('',#11867,.T.);
#11869 = CARTESIAN_POINT('',(2.90148,59.97592,0.00000));
#11870 = DIRECTION('',(-1.000000,-0.000000,0.000000));
#11871 = DIRECTION('',(0.000000,-1.000000,0.000000));
#11872 = AXIS2_PLACEMENT_3D('',#11869,#11870,#11871);
#11873 = PLANE('',#11872);
#11874 = ADVANCED_FACE('',(#11868),#11873,.T.);
#11875 = CARTESIAN_POINT('',(2.90148,54.97212,0.00000));
#11876 = VERTEX_POINT('',#11875);
#11877 = CARTESIAN_POINT('',(2.79859,54.25652,0.00000));
#11878 = VERTEX_POINT('',#11877);
#11879 = CARTESIAN_POINT('',(2.79859,54.25652,1.50000));
#11880 = VERTEX_POINT('',#11879);
#11881 = CARTESIAN_POINT('',(2.90148,54.97212,1.50000));
#11882 = VERTEX_POINT('',#11881);
#11883 = CARTESIAN_POINT('',(2.90148,54.97212,0.00000));
#11884 = DIRECTION('',(-0.142315,-0.989821,0.000000));
#11885 = VECTOR('',#11884,0.72296);
#11886 = LINE('',#11883,#11885);
#11887 = EDGE_CURVE('',#11876,#11878,#11886,.T.);
#11888 = CARTESIAN_POINT('',(2.79859,54.25652,0.00000));
#11889 = DIRECTION('',(0.000000,0.000000,1.000000));
#11890 = VECTOR('',#11889,1.50000);
#11891 = LINE('',#11888,#11890);
#11892 = EDGE_CURVE('',#11878,#11880,#11891,.T.);
#11893 = CARTESIAN_POINT('',(2.79859,54.25652,1.50000));
#11894 = DIRECTION('',(0.142315,0.989821,0.000000));
#11895 = VECTOR('',#11894,0.72296);
#11896 = LINE('',#11893,#11895);
#11897 = EDGE_CURVE('',#11880,#11882,#11896,.T.);
#11898 = CARTESIAN_POINT('',(2.90148,54.97212,1.50000));
#11899 = DIRECTION('',(0.000000,0.000000,-1.000000));
#11900 = VECTOR('',#11899,1.50000);
#11901 = LINE('',#11898,#11900);
#11902 = EDGE_CURVE('',#11882,#11876,#11901,.T.);
#11903 = ORIENTED_EDGE('',*,*,#11887,.T.);
#11904 = ORIENTED_EDGE('',*,*,#11892,.T.);
#11905 = ORIENTED_EDGE('',*,*,#11897,.T.);
#11906 = ORIENTED_EDGE('',*,*,#11902,.T.);
#11907 = EDGE_LOOP('',(#11903,#11904,#11905,#11906));
#11908 = FACE_OUTER_BOUND('',#11907,.T.);
#11909 = CARTESIAN_POINT('',(2.90148,54.97212,0.00000));
#11910 = DIRECTION('',(-0.989821,0.142315,0.000000));
#11911 = DIRECTION('',(-0.142315,-0.989821,0.000000));
#11912 = AXIS2_PLACEMENT_3D('',#11909,#11910,#11911);
#11913 = PLANE('',#11912);
#11914 = ADVANCED_FACE('',(#11908),#11913,.T.);
#11915 = CARTESIAN_POINT('',(2.79859,54.25652,0.00000));
#11916 = VERTEX_POINT('',#11915);
#11917 = CARTESIAN_POINT('',(2.49826,53.59890,0.00000));
#11918 = VERTEX_POINT('',#11917);
#11919 = CARTESIAN_POINT('',(2.49826,53.59890,1.50000));
#11920 = VERTEX_POINT('',#11919);
#11921 = CARTESIAN_POINT('',(2.79859,54.25652,1.50000));
#11922 = VERTEX_POINT('',#11921);
#11923 = CARTESIAN_POINT('',(2.79859,54.25652,0.00000));
#11924 = DIRECTION('',(-0.415415,-0.909632,0.000000));
#11925 = VECTOR('',#11924,0.72296);
#11926 = LINE('',#11923,#11925);
#11927 = EDGE_CURVE('',#11916,#11918,#11926,.T.);
#11928 = CARTESIAN_POINT('',(2.49826,53.59890,0.00000));
#11929 = DIRECTION('',(0.000000,0.000000,1.000000));
#11930 = VECTOR('',#11929,1.50000);
#11931 = LINE('',#11928,#11930);
#11932 = EDGE_CURVE('',#11918,#11920,#11931,.T.);
#11933 = CARTESIAN_POINT('',(2.49826,53.59890,1.50000));
#11934 = DIRECTION('',(0.415415,0.909632,0.000000));
#11935 = VECTOR('',#11934,0.72296);
#11936 = LINE('',#11933,#11935);
#11937 = EDGE_CURVE('',#11920,#11922,#11936,.T.);
#11938 = CARTESIAN_POINT('',(2.79859,54.25652,1.50000));
#11939 = DIRECTION('',(0.000000,0.000000,-1.000000));
#11940 = VECTOR('',#11939,1.50000);
#11941 = LINE('',#11938,#11940);
#11942 = EDGE_CURVE('',#11922,#11916,#11941,.T.);
#11943 = ORIENTED_EDGE('',*,*,#11927,.T.);
#11944 = ORIENTED_EDGE('',*,*,#11932,.T.);
#11945 = ORIENTED_EDGE('',*,*,#11937,.T.);
#11946 = ORIENTED_EDGE('',*,*,#11942,.T.);
#11947 = EDGE_LOOP('',(#11943,#11944,#11945,#11946));
#11948 = FACE_OUTER_BOUND('',#11947,.T.);
#11949 = CARTESIAN_POINT('',(2.79859,54.25652,0.00000));
#11950 = DIRECTION('',(-0.909632,0.415415,0.000000));
#11951 = DIRECTION('',(-0.415415,-0.909632,0.000000));
#11952 = AXIS2_PLACEMENT_3D('',#11949,#11950,#11951);
#11953 = PLANE('',#11952);
#11954 = ADVANCED_FACE('',(#11948),#11953,.T.);
#11955 = CARTESIAN_POINT('',(2.49826,53.59890,0.00000));
#11956 = VERTEX_POINT('',#11955);
#11957 = CARTESIAN_POINT('',(2.02483,53.05252,0.00000));
#11958 = VERTEX_POINT('',#11957);
#11959 = CARTESIAN_POINT('',(2.02483,53.05252,1.50000));
#11960 = VERTEX_POINT('',#11959);
#11961 = CARTESIAN_POINT('',(2.49826,53.59890,1.50000));
#11962 = VERTEX_POINT('',#11961);
#11963 = CARTESIAN_POINT('',(2.49826,53.59890,0.00000));
#11964 = DIRECTION('',(-0.654861,-0.755750,0.000000));
#11965 = VECTOR('',#11964,0.72296);
#11966 = LINE('',#11963,#11965);
#11967 = EDGE_CURVE('',#11956,#11958,#11966,.T.);
#11968 = CARTESIAN_POINT('',(2.02483,53.05252,0.00000));
#11969 = DIRECTION('',(0.000000,0.000000,1.000000));
#11970 = VECTOR('',#11969,1.50000);
#11971 = LINE('',#11968,#11970);
#11972 = EDGE_CURVE('',#11958,#11960,#11971,.T.);
#11973 = CARTESIAN_POINT('',(2.02483,53.05252,1.50000));
#11974 = DIRECTION('',(0.654861,0.755750,0.000000));
#11975 = VECTOR('',#11974,0.72296);
#11976 = LINE('',#11973,#11975);
#11977 = EDGE_CURVE('',#11960,#11962,#11976,.T.);
#11978 = CARTESIAN_POINT('',(2.49826,53.59890,1.50000));
#11979 = DIRECTION('',(0.000000,0.000000,-1.000000));
#11980 = VECTOR('',#11979,1.50000);
#11981 = LINE('',#11978,#11980);
#11982 = EDGE_CURVE('',#11962,#11956,#11981,.T.);
#11983 = ORIENTED_EDGE('',*,*,#11967,.T.);
#11984 = ORIENTED_EDGE('',*,*,#11972,.T.);
#11985 = ORIENTED_EDGE('',*,*,#11977,.T.);
#11986 = ORIENTED_EDGE('',*,*,#11982,.T.);
#11987 = EDGE_LOOP('',(#11983,#11984,#11985,#11986));
#11988 = FACE_OUTER_BOUND('',#11987,.T.);
#11989 = CARTESIAN_POINT('',(2.49826,53.59890,0.00000));
#11990 = DIRECTION('',(-0.755750,0.654861,0.000000));
#11991 = DIRECTION('',(-0.654861,-0.755750,0.000000));
#11992 = AXIS2_PLACEMENT_3D('',#11989,#11990,#11991);
#11993 = PLANE('',#11992);
#11994 = ADVANCED_FACE('',(#11988),#11993,.T.);
#11995 = CARTESIAN_POINT('',(2.02483,53.05252,0.00000));
#11996 = VERTEX_POINT('',#11995);
#11997 = CARTESIAN_POINT('',(1.41663,52.66166,0.00000));
#11998 = VERTEX_POINT('',#11997);
#11999 = CARTESIAN_POINT('',(1.41663,52.66166,1.50000));
#12000 = VERTEX_POINT('',#11999);
#12001 = CARTESIAN_POINT('',(2.02483,53.05252,1.50000));
#12002 = VERTEX_POINT('',#12001);
#12003 = CARTESIAN_POINT('',(2.02483,53.05252,0.00000));
#12004 = DIRECTION('',(-0.841254,-0.540641,0.000000));
#12005 = VECTOR('',#12004,0.72296);
#12006 = LINE('',#12003,#12005);
#12007 = EDGE_CURVE('',#11996,#11998,#12006,.T.);
#12008 = CARTESIAN_POINT('',(1.41663,52.66166,0.00000));
#12009 = DIRECTION('',(0.000000,0.000000,1.000000));
#12010 = VECTOR('',#12009,1.50000);
#12011 = LINE('',#12008,#12010);
#12012 = EDGE_CURVE('',#11998,#12000,#12011,.T.);
#12013 = CARTESIAN_POINT('',(1.41663,52.66166,1.50000));
#12014 = DIRECTION('',(0.841254,0.540641,0.000000));
#12015 = VECTOR('',#12014,0.72296);
#12016 = LINE('',#12013,#12015);
#12017 = EDGE_CURVE('',#12000,#12002,#12016,.T.);
#12018 = CARTESIAN_POINT('',(2.02483,53.05252,1.50000));
#12019 = DIRECTION('',(0.000000,0.000000,-1.000000));
#12020 = VECTOR('',#12019,1.50000);
#12021 = LINE('',#12018,#12020);
#12022 = EDGE_CURVE('',#12002,#11996,#12021,.T.);
#12023 = ORIENTED_EDGE('',*,*,#12007,.T.);
#12024 = ORIENTED_EDGE('',*,*,#12012,.T.);
#12025 = ORIENTED_EDGE('',*,*,#12017,.T.);
#12026 = ORIENTED_EDGE('',*,*,#12022,.T.);
#12027 = EDGE_LOOP('',(#12023,#12024,#12025,#12026));
#12028 = FACE_OUTER_BOUND('',#12027,.T.);
#12029 = CARTESIAN_POINT('',(2.02483,53.05252,0.00000));
#12030 = DIRECTION('',(-0.540641,0.841254,0.000000));
#12031 = DIRECTION('',(-0.841254,-0.540641,0.000000));
#12032 = AXIS2_PLACEMENT_3D('',#12029,#12030,#12031);
#12033 = PLANE('',#12032);
#12034 = ADVANCED_FACE('',(#12028),#12033,.T.);
#12035 = CARTESIAN_POINT('',(1.41663,52.66166,0.00000));
#12036 = VERTEX_POINT('',#12035);
#12037 = CARTESIAN_POINT('',(0.72296,52.45798,0.00000));
#12038 = VERTEX_POINT('',#12037);
#12039 = CARTESIAN_POINT('',(0.72296,52.45798,1.50000));
#12040 = VERTEX_POINT('',#12039);
#12041 = CARTESIAN_POINT('',(1.41663,52.66166,1.50000));
#12042 = VERTEX_POINT('',#12041);
#12043 = CARTESIAN_POINT('',(1.41663,52.66166,0.00000));
#12044 = DIRECTION('',(-0.959493,-0.281733,0.000000));
#12045 = VECTOR('',#12044,0.72296);
#12046 = LINE('',#12043,#12045);
#12047 = EDGE_CURVE('',#12036,#12038,#12046,.T.);
#12048 = CARTESIAN_POINT('',(0.72296,52.45798,0.00000));
#12049 = DIRECTION('',(0.000000,0.000000,1.000000));
#12050 = VECTOR('',#12049,1.50000);
#12051 = LINE('',#12048,#12050);
#12052 = EDGE_CURVE('',#12038,#12040,#12051,.T.);
#12053 = CARTESIAN_POINT('',(0.72296,52.45798,1.50000));
#12054 = DIRECTION('',(0.959493,0.281733,0.000000));
#12055 = VECTOR('',#12054,0.72296);
#12056 = LINE('',#12053,#12055);
#12057 = EDGE_CURVE('',#12040,#12042,#12056,.T.);
#12058 = CARTESIAN_POINT('',(1.41663,52.66166,1.50000));
#12059 = DIRECTION('',(0.000000,0.000000,-1.000000));
#12060 = VECTOR('',#12059,1.50000);
#12061 = LINE('',#12058,#12060);
#12062 = EDGE_CURVE('',#12042,#12036,#12061,.T.);
#12063 = ORIENTED_EDGE('',*,*,#12047,.T.);
#12064 = ORIENTED_EDGE('',*,*,#12052,.T.);
#12065 = ORIENTED_EDGE('',*,*,#12057,.T.);
#12066 = ORIENTED_EDGE('',*,*,#12062,.T.);
#12067 = EDGE_LOOP('',(#12063,#12064,#12065,#12066));
#12068 = FACE_OUTER_BOUND('',#12067,.T.);
#12069 = CARTESIAN_POINT('',(1.41663,52.66166,0.00000));
#12070 = DIRECTION('',(-0.281733,0.959493,0.000000));
#12071 = DIRECTION('',(-0.959493,-0.281733,0.000000));
#12072 = AXIS2_PLACEMENT_3D('',#12069,#12070,#12071);
#12073 = PLANE('',#12072);
#12074 = ADVANCED_FACE('',(#12068),#12073,.T.);
#12075 = CARTESIAN_POINT('',(0.72296,52.45798,0.00000));
#12076 = VERTEX_POINT('',#12075);
#12077 = CARTESIAN_POINT('',(0.36148,52.45798,0.00000));
#12078 = VERTEX_POINT('',#12077);
#12079 = CARTESIAN_POINT('',(0.36148,52.45798,1.50000));
#12080 = VERTEX_POINT('',#12079);
#12081 = CARTESIAN_POINT('',(0.72296,52.45798,1.50000));
#12082 = VERTEX_POINT('',#12081);
#12083 = CARTESIAN_POINT('',(0.72296,52.45798,0.00000));
#12084 = DIRECTION('',(-1.000000,0.000000,0.000000));
#12085 = VECTOR('',#12084,0.36148);
#12086 = LINE('',#12083,#12085);
#12087 = EDGE_CURVE('',#12076,#12078,#12086,.T.);
#12088 = CARTESIAN_POINT('',(0.36148,52.45798,0.00000));
#12089 = DIRECTION('',(0.000000,0.000000,1.000000));
#12090 = VECTOR('',#12089,1.50000);
#12091 = LINE('',#12088,#12090);
#12092 = EDGE_CURVE('',#12078,#12080,#12091,.T.);
#12093 = CARTESIAN_POINT('',(0.36148,52.45798,1.50000));
#12094 = DIRECTION('',(1.000000,-0.000000,0.000000));
#12095 = VECTOR('',#12094,0.36148);
#12096 = LINE('',#12093,#12095);
#12097 = EDGE_CURVE('',#12080,#12082,#12096,.T.);
#12098 = CARTESIAN_POINT('',(0.72296,52.45798,1.50000));
#12099 = DIRECTION('',(0.000000,0.000000,-1.000000));
#12100 = VECTOR('',#12099,1.50000);
#12101 = LINE('',#12098,#12100);
#12102 = EDGE_CURVE('',#12082,#12076,#12101,.T.);
#12103 = ORIENTED_EDGE('',*,*,#12087,.T.);
#12104 = ORIENTED_EDGE('',*,*,#12092,.T.);
#12105 = ORIENTED_EDGE('',*,*,#12097,.T.);
#12106 = ORIENTED_EDGE('',*,*,#12102,.T.);
#12107 = EDGE_LOOP('',(#12103,#12104,#12105,#12106));
#12108 = FACE_OUTER_BOUND('',#12107,.T.);
#12109 = CARTESIAN_POINT('',(0.72296,52.45798,0.00000));
#12110 = DIRECTION('',(0.000000,1.000000,0.000000));
#12111 = DIRECTION('',(-1.000000,0.000000,0.000000));
#12112 = AXIS2_PLACEMENT_3D('',#12109,#12110,#12111);
#12113 = PLANE('',#12112);
#12114 = ADVANCED_FACE('',(#12108),#12113,.T.);
#12115 = CARTESIAN_POINT('',(0.36148,52.45798,0.00000));
#12116 = VERTEX_POINT('',#12115);
#12117 = CARTESIAN_POINT('',(0.00000,52.45798,0.00000));
#12118 = VERTEX_POINT('',#12117);
#12119 = CARTESIAN_POINT('',(0.00000,52.45798,1.50000));
#12120 = VERTEX_POINT('',#12119);
#12121 = CARTESIAN_POINT('',(0.36148,52.45798,1.50000));
#12122 = VERTEX_POINT('',#12121);
#12123 = CARTESIAN_POINT('',(0.36148,52.45798,0.00000));
#12124 = DIRECTION('',(-1.000000,0.000000,0.000000));
#12125 = VECTOR('',#12124,0.36148);
#12126 = LINE('',#12123,#12125);
#12127 = EDGE_CURVE('',#12116,#12118,#12126,.T.);
#12128 = CARTESIAN_POINT('',(0.00000,52.45798,0.00000));
#12129 = DIRECTION('',(0.000000,0.000000,1.000000));
#12130 = VECTOR('',#12129,1.50000);
#12131 = LINE('',#12128,#12130);
#12132 = EDGE_CURVE('',#12118,#12120,#12131,.T.);
#12133 = CARTESIAN_POINT('',(0.00000,52.45798,1.50000));
#12134 = DIRECTION('',(1.000000,-0.000000,0.000000));
#12135 = VECTOR('',#12134,0.36148);
#12136 = LINE('',#12133,#12135);
#12137 = EDGE_CURVE('',#12120,#12122,#12136,.T.);
#12138 = CARTESIAN_POINT('',(0.36148,52.45798,1.50000));
#12139 = DIRECTION('',(0.000000,0.000000,-1.000000));
#12140 = VECTOR('',#12139,1.50000);
#12141 = LINE('',#12138,#12140);
#12142 = EDGE_CURVE('',#12122,#12116,#12141,.T.);
#12143 = ORIENTED_EDGE('',*,*,#12127,.T.);
#12144 = ORIENTED_EDGE('',*,*,#12132,.T.);
#12145 = ORIENTED_EDGE('',*,*,#12137,.T.);
#12146 = ORIENTED_EDGE('',*,*,#12142,.T.);
#12147 = EDGE_LOOP('',(#12143,#12144,#12145,#12146));
#12148 = FACE_OUTER_BOUND('',#12147,.T.);
#12149 = CARTESIAN_POINT('',(0.36148,52.45798,0.00000));
#12150 = DIRECTION('',(0.000000,1.000000,0.000000));
#12151 = DIRECTION('',(-1.000000,0.000000,0.000000));
#12152 = AXIS2_PLACEMENT_3D('',#12149,#12150,#12151);
#12153 = PLANE('',#12152);
#12154 = ADVANCED_FACE('',(#12148),#12153,.T.);
#12155 = CARTESIAN_POINT('',(0.00000,52.45798,0.00000));
#12156 = VERTEX_POINT('',#12155);
#12157 = CARTESIAN_POINT('',(0.02901,21.13913,0.00000));
#12158 = VERTEX_POINT('',#12157);
#12159 = CARTESIAN_POINT('',(0.02901,21.13913,1.50000));
#12160 = VERTEX_POINT('',#12159);
#12161 = CARTESIAN_POINT('',(0.00000,52.45798,1.50000));
#12162 = VERTEX_POINT('',#12161);
#12163 = CARTESIAN_POINT('',(0.00000,52.45798,0.00000));
#12164 = DIRECTION('',(0.000926,-1.000000,0.000000));
#12165 = VECTOR('',#12164,31.31886);
#12166 = LINE('',#12163,#12165);
#12167 = EDGE_CURVE('',#12156,#12158,#12166,.T.);
#12168 = CARTESIAN_POINT('',(0.02901,21.13913,0.00000));
#12169 = DIRECTION('',(0.000000,0.000000,1.000000));
#12170 = VECTOR('',#12169,1.50000);
#12171 = LINE('',#12168,#12170);
#12172 = EDGE_CURVE('',#12158,#12160,#12171,.T.);
#12173 = CARTESIAN_POINT('',(0.02901,21.13913,1.50000));
#12174 = DIRECTION('',(-0.000926,1.000000,0.000000));
#12175 = VECTOR('',#12174,31.31886);
#12176 = LINE('',#12173,#12175);
#12177 = EDGE_CURVE('',#12160,#12162,#12176,.T.);
#12178 = CARTESIAN_POINT('',(0.00000,52.45798,1.50000));
#12179 = DIRECTION('',(0.000000,0.000000,-1.000000));
#12180 = VECTOR('',#12179,1.50000);
#12181 = LINE('',#12178,#12180);
#12182 = EDGE_CURVE('',#12162,#12156,#12181,.T.);
#12183 = ORIENTED_EDGE('',*,*,#12167,.T.);
#12184 = ORIENTED_EDGE('',*,*,#12172,.T.);
#12185 = ORIENTED_EDGE('',*,*,#12177,.T.);
#12186 = ORIENTED_EDGE('',*,*,#12182,.T.);
#12187 = EDGE_LOOP('',(#12183,#12184,#12185,#12186));
#12188 = FACE_OUTER_BOUND('',#12187,.T.);
#12189 = CARTESIAN_POINT('',(0.00000,52.45798,0.00000));
#12190 = DIRECTION('',(-1.000000,-0.000926,0.000000));
#12191 = DIRECTION('',(0.000926,-1.000000,0.000000));
#12192 = AXIS2_PLACEMENT_3D('',#12189,#12190,#12191);
#12193 = PLANE('',#12192);
#12194 = ADVANCED_FACE('',(#12188),#12193,.T.);
#12195 = CARTESIAN_POINT('',(29.33964,57.32336,0.00000));
#12196 = VERTEX_POINT('',#12195);
#12197 = CARTESIAN_POINT('',(43.13964,57.32336,0.00000));
#12198 = VERTEX_POINT('',#12197);
#12199 = CARTESIAN_POINT('',(43.13964,57.32336,1.50000));
#12200 = VERTEX_POINT('',#12199);
#12201 = CARTESIAN_POINT('',(29.33964,57.32336,1.50000));
#12202 = VERTEX_POINT('',#12201);
#12203 = CARTESIAN_POINT('',(29.33964,57.32336,0.00000));
#12204 = DIRECTION('',(1.000000,0.000000,0.000000));
#12205 = VECTOR('',#12204,13.80000);
#12206 = LINE('',#12203,#12205);
#12207 = EDGE_CURVE('',#12196,#12198,#12206,.T.);
#12208 = CARTESIAN_POINT('',(43.13964,57.32336,0.00000));
#12209 = DIRECTION('',(0.000000,0.000000,1.000000));
#12210 = VECTOR('',#12209,1.50000);
#12211 = LINE('',#12208,#12210);
#12212 = EDGE_CURVE('',#12198,#12200,#12211,.T.);
#12213 = CARTESIAN_POINT('',(43.13964,57.32336,1.50000));
#12214 = DIRECTION('',(-1.000000,-0.000000,0.000000));
#12215 = VECTOR('',#12214,13.80000);
#12216 = LINE('',#12213,#12215);
#12217 = EDGE_CURVE('',#12200,#12202,#12216,.T.);
#12218 = CARTESIAN_POINT('',(29.33964,57.32336,1.50000));
#12219 = DIRECTION('',(0.000000,0.000000,-1.000000));
#12220 = VECTOR('',#12219,1.50000);
#12221 = LINE('',#12218,#12220);
#12222 = EDGE_CURVE('',#12202,#12196,#12221,.T.);
#12223 = ORIENTED_EDGE('',*,*,#12222,.F.);
#12224 = ORIENTED_EDGE('',*,*,#12217,.F.);
#12225 = ORIENTED_EDGE('',*,*,#12212,.F.);
#12226 = ORIENTED_EDGE('',*,*,#12207,.F.);
#12227 = EDGE_LOOP('',(#12223,#12224,#12225,#12226));
#12228 = FACE_OUTER_BOUND('',#12227,.T.);
#12229 = CARTESIAN_POINT('',(29.33964,57.32336,0.00000));
#12230 = DIRECTION('',(-0.000000,1.000000,0.000000));
#12231 = DIRECTION('',(1.000000,0.000000,0.000000));
#12232 = AXIS2_PLACEMENT_3D('',#12229,#12230,#12231);
#12233 = PLANE('',#12232);
#12234 = ADVANCED_FACE('',(#12228),#12233,.T.);
#12235 = CARTESIAN_POINT('',(43.13964,57.32336,0.00000));
#12236 = VERTEX_POINT('',#12235);
#12237 = CARTESIAN_POINT('',(43.13964,43.52336,0.00000));
#12238 = VERTEX_POINT('',#12237);
#12239 = CARTESIAN_POINT('',(43.13964,43.52336,1.50000));
#12240 = VERTEX_POINT('',#12239);
#12241 = CARTESIAN_POINT('',(43.13964,57.32336,1.50000));
#12242 = VERTEX_POINT('',#12241);
#12243 = CARTESIAN_POINT('',(43.13964,57.32336,0.00000));
#12244 = DIRECTION('',(0.000000,-1.000000,0.000000));
#12245 = VECTOR('',#12244,13.80000);
#12246 = LINE('',#12243,#12245);
#12247 = EDGE_CURVE('',#12236,#12238,#12246,.T.);
#12248 = CARTESIAN_POINT('',(43.13964,43.52336,0.00000));
#12249 = DIRECTION('',(0.000000,0.000000,1.000000));
#12250 = VECTOR('',#12249,1.50000);
#12251 = LINE('',#12248,#12250);
#12252 = EDGE_CURVE('',#12238,#12240,#12251,.T.);
#12253 = CARTESIAN_POINT('',(43.13964,43.52336,1.50000));
#12254 = DIRECTION('',(-0.000000,1.000000,0.000000));
#12255 = VECTOR('',#12254,13.80000);
#12256 = LINE('',#12253,#12255);
#12257 = EDGE_CURVE('',#12240,#12242,#12256,.T.);
#12258 = CARTESIAN_POINT('',(43.13964,57.32336,1.50000));
#12259 = DIRECTION('',(0.000000,0.000000,-1.000000));
#12260 = VECTOR('',#12259,1.50000);
#12261 = LINE('',#12258,#12260);
#12262 = EDGE_CURVE('',#12242,#12236,#12261,.T.);
#12263 = ORIENTED_EDGE('',*,*,#12262,.F.);
#12264 = ORIENTED_EDGE('',*,*,#12257,.F.);
#12265 = ORIENTED_EDGE('',*,*,#12252,.F.);
#12266 = ORIENTED_EDGE('',*,*,#12247,.F.);
#12267 = EDGE_LOOP('',(#12263,#12264,#12265,#12266));
#12268 = FACE_OUTER_BOUND('',#12267,.T.);
#12269 = CARTESIAN_POINT('',(43.13964,57.32336,0.00000));
#12270 = DIRECTION('',(1.000000,0.000000,0.000000));
#12271 = DIRECTION('',(0.000000,-1.000000,0.000000));
#12272 = AXIS2_PLACEMENT_3D('',#12269,#12270,#12271);
#12273 = PLANE('',#12272);
#12274 = ADVANCED_FACE('',(#12268),#12273,.T.);
#12275 = CARTESIAN_POINT('',(43.13964,43.52336,0.00000));
#12276 = VERTEX_POINT('',#12275);
#12277 = CARTESIAN_POINT('',(29.33964,43.52336,0.00000));
#12278 = VERTEX_POINT('',#12277);
#12279 = CARTESIAN_POINT('',(29.33964,43.52336,1.50000));
#12280 = VERTEX_POINT('',#12279);
#12281 = CARTESIAN_POINT('',(43.13964,43.52336,1.50000));
#12282 = VERTEX_POINT('',#12281);
#12283 = CARTESIAN_POINT('',(43.13964,43.52336,0.00000));
#12284 = DIRECTION('',(-1.000000,0.000000,0.000000));
#12285 = VECTOR('',#12284,13.80000);
#12286 = LINE('',#12283,#12285);
#12287 = EDGE_CURVE('',#12276,#12278,#12286,.T.);
#12288 = CARTESIAN_POINT('',(29.33964,43.52336,0.00000));
#12289 = DIRECTION('',(0.000000,0.000000,1.000000));
#12290 = VECTOR('',#12289,1.50000);
#12291 = LINE('',#12288,#12290);
#12292 = EDGE_CURVE('',#12278,#12280,#12291,.T.);
#12293 = CARTESIAN_POINT('',(29.33964,43.52336,1.50000));
#12294 = DIRECTION('',(1.000000,-0.000000,0.000000));
#12295 = VECTOR('',#12294,13.80000);
#12296 = LINE('',#12293,#12295);
#12297 = EDGE_CURVE('',#12280,#12282,#12296,.T.);
#12298 = CARTESIAN_POINT('',(43.13964,43.52336,1.50000));
#12299 = DIRECTION('',(0.000000,0.000000,-1.000000));
#12300 = VECTOR('',#12299,1.50000);
#12301 = LINE('',#12298,#12300);
#12302 = EDGE_CURVE('',#12282,#12276,#12301,.T.);
#12303 = ORIENTED_EDGE('',*,*,#12302,.F.);
#12304 = ORIENTED_EDGE('',*,*,#12297,.F.);
#12305 = ORIENTED_EDGE('',*,*,#12292,.F.);
#12306 = ORIENTED_EDGE('',*,*,#12287,.F.);
#12307 = EDGE_LOOP('',(#12303,#12304,#12305,#12306));
#12308 = FACE_OUTER_BOUND('',#12307,.T.);
#12309 = CARTESIAN_POINT('',(43.13964,43.52336,0.00000));
#12310 = DIRECTION('',(-0.000000,-1.000000,0.000000));
#12311 = DIRECTION('',(-1.000000,0.000000,0.000000));
#12312 = AXIS2_PLACEMENT_3D('',#12309,#12310,#12311);
#12313 = PLANE('',#12312);
#12314 = ADVANCED_FACE('',(#12308),#12313,.T.);
#12315 = CARTESIAN_POINT('',(29.33964,43.52336,0.00000));
#12316 = VERTEX_POINT('',#12315);
#12317 = CARTESIAN_POINT('',(29.33964,57.32336,0.00000));
#12318 = VERTEX_POINT('',#12317);
#12319 = CARTESIAN_POINT('',(29.33964,57.32336,1.50000));
#12320 = VERTEX_POINT('',#12319);
#12321 = CARTESIAN_POINT('',(29.33964,43.52336,1.50000));
#12322 = VERTEX_POINT('',#12321);
#12323 = CARTESIAN_POINT('',(29.33964,43.52336,0.00000));
#12324 = DIRECTION('',(0.000000,1.000000,0.000000));
#12325 = VECTOR('',#12324,13.80000);
#12326 = LINE('',#12323,#12325);
#12327 = EDGE_CURVE('',#12316,#12318,#12326,.T.);
#12328 = CARTESIAN_POINT('',(29.33964,57.32336,0.00000));
#12329 = DIRECTION('',(0.000000,0.000000,1.000000));
#12330 = VECTOR('',#12329,1.50000);
#12331 = LINE('',#12328,#12330);
#12332 = EDGE_CURVE('',#12318,#12320,#12331,.T.);
#12333 = CARTESIAN_POINT('',(29.33964,57.32336,1.50000));
#12334 = DIRECTION('',(-0.000000,-1.000000,0.000000));
#12335 = VECTOR('',#12334,13.80000);
#12336 = LINE('',#12333,#12335);
#12337 = EDGE_CURVE('',#12320,#12322,#12336,.T.);
#12338 = CARTESIAN_POINT('',(29.33964,43.52336,1.50000));
#12339 = DIRECTION('',(0.000000,0.000000,-1.000000));
#12340 = VECTOR('',#12339,1.50000);
#12341 = LINE('',#12338,#12340);
#12342 = EDGE_CURVE('',#12322,#12316,#12341,.T.);
#12343 = ORIENTED_EDGE('',*,*,#12342,.F.);
#12344 = ORIENTED_EDGE('',*,*,#12337,.F.);
#12345 = ORIENTED_EDGE('',*,*,#12332,.F.);
#12346 = ORIENTED_EDGE('',*,*,#12327,.F.);
#12347 = EDGE_LOOP('',(#12343,#12344,#12345,#12346));
#12348 = FACE_OUTER_BOUND('',#12347,.T.);
#12349 = CARTESIAN_POINT('',(29.33964,43.52336,0.00000));
#12350 = DIRECTION('',(-1.000000,0.000000,0.000000));
#12351 = DIRECTION('',(0.000000,1.000000,0.000000));
#12352 = AXIS2_PLACEMENT_3D('',#12349,#12350,#12351);
#12353 = PLANE('',#12352);
#12354 = ADVANCED_FACE('',(#12348),#12353,.T.);
#12355 = CARTESIAN_POINT('',(68.11924,52.67436,0.00000));
#12356 = VERTEX_POINT('',#12355);
#12357 = CARTESIAN_POINT('',(81.91924,52.67436,0.00000));
#12358 = VERTEX_POINT('',#12357);
#12359 = CARTESIAN_POINT('',(81.91924,52.67436,1.50000));
#12360 = VERTEX_POINT('',#12359);
#12361 = CARTESIAN_POINT('',(68.11924,52.67436,1.50000));
#12362 = VERTEX_POINT('',#12361);
#12363 = CARTESIAN_POINT('',(68.11924,52.67436,0.00000));
#12364 = DIRECTION('',(1.000000,0.000000,0.000000));
#12365 = VECTOR('',#12364,13.80000);
#12366 = LINE('',#12363,#12365);
#12367 = EDGE_CURVE('',#12356,#12358,#12366,.T.);
#12368 = CARTESIAN_POINT('',(81.91924,52.67436,0.00000));
#12369 = DIRECTION('',(0.000000,0.000000,1.000000));
#12370 = VECTOR('',#12369,1.50000);
#12371 = LINE('',#12368,#12370);
#12372 = EDGE_CURVE('',#12358,#12360,#12371,.T.);
#12373 = CARTESIAN_POINT('',(81.91924,52.67436,1.50000));
#12374 = DIRECTION('',(-1.000000,-0.000000,0.000000));
#12375 = VECTOR('',#12374,13.80000);
#12376 = LINE('',#12373,#12375);
#12377 = EDGE_CURVE('',#12360,#12362,#12376,.T.);
#12378 = CARTESIAN_POINT('',(68.11924,52.67436,1.50000));
#12379 = DIRECTION('',(0.000000,0.000000,-1.000000));
#12380 = VECTOR('',#12379,1.50000);
#12381 = LINE('',#12378,#12380);
#12382 = EDGE_CURVE('',#12362,#12356,#12381,.T.);
#12383 = ORIENTED_EDGE('',*,*,#12382,.F.);
#12384 = ORIENTED_EDGE('',*,*,#12377,.F.);
#12385 = ORIENTED_EDGE('',*,*,#12372,.F.);
#12386 = ORIENTED_EDGE('',*,*,#12367,.F.);
#12387 = EDGE_LOOP('',(#12383,#12384,#12385,#12386));
#12388 = FACE_OUTER_BOUND('',#12387,.T.);
#12389 = CARTESIAN_POINT('',(68.11924,52.67436,0.00000));
#12390 = DIRECTION('',(-0.000000,1.000000,0.000000));
#12391 = DIRECTION('',(1.000000,0.000000,0.000000));
#12392 = AXIS2_PLACEMENT_3D('',#12389,#12390,#12391);
#12393 = PLANE('',#12392);
#12394 = ADVANCED_FACE('',(#12388),#12393,.T.);
#12395 = CARTESIAN_POINT('',(81.91924,52.67436,0.00000));
#12396 = VERTEX_POINT('',#12395);
#12397 = CARTESIAN_POINT('',(81.91924,38.87436,0.00000));
#12398 = VERTEX_POINT('',#12397);
#12399 = CARTESIAN_POINT('',(81.91924,38.87436,1.50000));
#12400 = VERTEX_POINT('',#12399);
#12401 = CARTESIAN_POINT('',(81.91924,52.67436,1.50000));
#12402 = VERTEX_POINT('',#12401);
#12403 = CARTESIAN_POINT('',(81.91924,52.67436,0.00000));
#12404 = DIRECTION('',(0.000000,-1.000000,0.000000));
#12405 = VECTOR('',#12404,13.80000);
#12406 = LINE('',#12403,#12405);
#12407 = EDGE_CURVE('',#12396,#12398,#12406,.T.);
#12408 = CARTESIAN_POINT('',(81.91924,38.87436,0.00000));
#12409 = DIRECTION('',(0.000000,0.000000,1.000000));
#12410 = VECTOR('',#12409,1.50000);
#12411 = LINE('',#12408,#12410);
#12412 = EDGE_CURVE('',#12398,#12400,#12411,.T.);
#12413 = CARTESIAN_POINT('',(81.91924,38.87436,1.50000));
#12414 = DIRECTION('',(-0.000000,1.000000,0.000000));
#12415 = VECTOR('',#12414,13.80000);
#12416 = LINE('',#12413,#12415);
#12417 = EDGE_CURVE('',#12400,#12402,#12416,.T.);
#12418 = CARTESIAN_POINT('',(81.91924,52.67436,1.50000));
#12419 = DIRECTION('',(0.000000,0.000000,-1.000000));
#12420 = VECTOR('',#12419,1.50000);
#12421 = LINE('',#12418,#12420);
#12422 = EDGE_CURVE('',#12402,#12396,#12421,.T.);
#12423 = ORIENTED_EDGE('',*,*,#12422,.F.);
#12424 = ORIENTED_EDGE('',*,*,#12417,.F.);
#12425 = ORIENTED_EDGE('',*,*,#12412,.F.);
#12426 = ORIENTED_EDGE('',*,*,#12407,.F.);
#12427 = EDGE_LOOP('',(#12423,#12424,#12425,#12426));
#12428 = FACE_OUTER_BOUND('',#12427,.T.);
#12429 = CARTESIAN_POINT('',(81.91924,52.67436,0.00000));
#12430 = DIRECTION('',(1.000000,0.000000,0.000000));
#12431 = DIRECTION('',(0.000000,-1.000000,0.000000));
#12432 = AXIS2_PLACEMENT_3D('',#12429,#12430,#12431);
#12433 = PLANE('',#12432);
#12434 = ADVANCED_FACE('',(#12428),#12433,.T.);
#12435 = CARTESIAN_POINT('',(81.91924,38.87436,0.00000));
#12436 = VERTEX_POINT('',#12435);
#12437 = CARTESIAN_POINT('',(68.11924,38.87436,0.00000));
#12438 = VERTEX_POINT('',#12437);
#12439 = CARTESIAN_POINT('',(68.11924,38.87436,1.50000));
#12440 = VERTEX_POINT('',#12439);
#12441 = CARTESIAN_POINT('',(81.91924,38.87436,1.50000));
#12442 = VERTEX_POINT('',#12441);
#12443 = CARTESIAN_POINT('',(81.91924,38.87436,0.00000));
#12444 = DIRECTION('',(-1.000000,0.000000,0.000000));
#12445 = VECTOR('',#12444,13.80000);
#12446 = LINE('',#12443,#12445);
#12447 = EDGE_CURVE('',#12436,#12438,#12446,.T.);
#12448 = CARTESIAN_POINT('',(68.11924,38.87436,0.00000));
#12449 = DIRECTION('',(0.000000,0.000000,1.000000));
#12450 = VECTOR('',#12449,1.50000);
#12451 = LINE('',#12448,#12450);
#12452 = EDGE_CURVE('',#12438,#12440,#12451,.T.);
#12453 = CARTESIAN_POINT('',(68.11924,38.87436,1.50000));
#12454 = DIRECTION('',(1.000000,-0.000000,0.000000));
#12455 = VECTOR('',#12454,13.80000);
#12456 = LINE('',#12453,#12455);
#12457 = EDGE_CURVE('',#12440,#12442,#12456,.T.);
#12458 = CARTESIAN_POINT('',(81.91924,38.87436,1.50000));
#12459 = DIRECTION('',(0.000000,0.000000,-1.000000));
#12460 = VECTOR('',#12459,1.50000);
#12461 = LINE('',#12458,#12460);
#12462 = EDGE_CURVE('',#12442,#12436,#12461,.T.);
#12463 = ORIENTED_EDGE('',*,*,#12462,.F.);
#12464 = ORIENTED_EDGE('',*,*,#12457,.F.);
#12465 = ORIENTED_EDGE('',*,*,#12452,.F.);
#12466 = ORIENTED_EDGE('',*,*,#12447,.F.);
#12467 = EDGE_LOOP('',(#12463,#12464,#12465,#12466));
#12468 = FACE_OUTER_BOUND('',#12467,.T.);
#12469 = CARTESIAN_POINT('',(81.91924,38.87436,0.00000));
#12470 = DIRECTION('',(-0.000000,-1.000000,0.000000));
#12471 = DIRECTION('',(-1.000000,0.000000,0.000000));
#12472 = AXIS2_PLACEMENT_3D('',#12469,#12470,#12471);
#12473 = PLANE('',#12472);
#12474 = ADVANCED_FACE('',(#12468),#12473,.T.);
#12475 = CARTESIAN_POINT('',(68.11924,38.87436,0.00000));
#12476 = VERTEX_POINT('',#12475);
#12477 = CARTESIAN_POINT('',(68.11924,52.67436,0.00000));
#12478 = VERTEX_POINT('',#12477);
#12479 = CARTESIAN_POINT('',(68.11924,52.67436,1.50000));
#12480 = VERTEX_POINT('',#12479);
#12481 = CARTESIAN_POINT('',(68.11924,38.87436,1.50000));
#12482 = VERTEX_POINT('',#12481);
#12483 = CARTESIAN_POINT('',(68.11924,38.87436,0.00000));
#12484 = DIRECTION('',(0.000000,1.000000,0.000000));
#12485 = VECTOR('',#12484,13.80000);
#12486 = LINE('',#12483,#12485);
#12487 = EDGE_CURVE('',#12476,#12478,#12486,.T.);
#12488 = CARTESIAN_POINT('',(68.11924,52.67436,0.00000));
#12489 = DIRECTION('',(0.000000,0.000000,1.000000));
#12490 = VECTOR('',#12489,1.50000);
#12491 = LINE('',#12488,#12490);
#12492 = EDGE_CURVE('',#12478,#12480,#12491,.T.);
#12493 = CARTESIAN_POINT('',(68.11924,52.67436,1.50000));
#12494 = DIRECTION('',(-0.000000,-1.000000,0.000000));
#12495 = VECTOR('',#12494,13.80000);
#12496 = LINE('',#12493,#12495);
#12497 = EDGE_CURVE('',#12480,#12482,#12496,.T.);
#12498 = CARTESIAN_POINT('',(68.11924,38.87436,1.50000));
#12499 = DIRECTION('',(0.000000,0.000000,-1.000000));
#12500 = VECTOR('',#12499,1.50000);
#12501 = LINE('',#12498,#12500);
#12502 = EDGE_CURVE('',#12482,#12476,#12501,.T.);
#12503 = ORIENTED_EDGE('',*,*,#12502,.F.);
#12504 = ORIENTED_EDGE('',*,*,#12497,.F.);
#12505 = ORIENTED_EDGE('',*,*,#12492,.F.);
#12506 = ORIENTED_EDGE('',*,*,#12487,.F.);
#12507 = EDGE_LOOP('',(#12503,#12504,#12505,#12506));
#12508 = FACE_OUTER_BOUND('',#12507,.T.);
#12509 = CARTESIAN_POINT('',(68.11924,38.87436,0.00000));
#12510 = DIRECTION('',(-1.000000,0.000000,0.000000));
#12511 = DIRECTION('',(0.000000,1.000000,0.000000));
#12512 = AXIS2_PLACEMENT_3D('',#12509,#12510,#12511);
#12513 = PLANE('',#12512);
#12514 = ADVANCED_FACE('',(#12508),#12513,.T.);
#12515 = CARTESIAN_POINT('',(48.54204,55.58916,0.00000));
#12516 = VERTEX_POINT('',#12515);
#12517 = CARTESIAN_POINT('',(62.34204,55.58916,0.00000));
#12518 = VERTEX_POINT('',#12517);
#12519 = CARTESIAN_POINT('',(62.34204,55.58916,1.50000));
#12520 = VERTEX_POINT('',#12519);
#12521 = CARTESIAN_POINT('',(48.54204,55.58916,1.50000));
#12522 = VERTEX_POINT('',#12521);
#12523 = CARTESIAN_POINT('',(48.54204,55.58916,0.00000));
#12524 = DIRECTION('',(1.000000,0.000000,0.000000));
#12525 = VECTOR('',#12524,13.80000);
#12526 = LINE('',#12523,#12525);
#12527 = EDGE_CURVE('',#12516,#12518,#12526,.T.);
#12528 = CARTESIAN_POINT('',(62.34204,55.58916,0.00000));
#12529 = DIRECTION('',(0.000000,0.000000,1.000000));
#12530 = VECTOR('',#12529,1.50000);
#12531 = LINE('',#12528,#12530);
#12532 = EDGE_CURVE('',#12518,#12520,#12531,.T.);
#12533 = CARTESIAN_POINT('',(62.34204,55.58916,1.50000));
#12534 = DIRECTION('',(-1.000000,-0.000000,0.000000));
#12535 = VECTOR('',#12534,13.80000);
#12536 = LINE('',#12533,#12535);
#12537 = EDGE_CURVE('',#12520,#12522,#12536,.T.);
#12538 = CARTESIAN_POINT('',(48.54204,55.58916,1.50000));
#12539 = DIRECTION('',(0.000000,0.000000,-1.000000));
#12540 = VECTOR('',#12539,1.50000);
#12541 = LINE('',#12538,#12540);
#12542 = EDGE_CURVE('',#12522,#12516,#12541,.T.);
#12543 = ORIENTED_EDGE('',*,*,#12542,.F.);
#12544 = ORIENTED_EDGE('',*,*,#12537,.F.);
#12545 = ORIENTED_EDGE('',*,*,#12532,.F.);
#12546 = ORIENTED_EDGE('',*,*,#12527,.F.);
#12547 = EDGE_LOOP('',(#12543,#12544,#12545,#12546));
#12548 = FACE_OUTER_BOUND('',#12547,.T.);
#12549 = CARTESIAN_POINT('',(48.54204,55.58916,0.00000));
#12550 = DIRECTION('',(-0.000000,1.000000,0.000000));
#12551 = DIRECTION('',(1.000000,0.000000,0.000000));
#12552 = AXIS2_PLACEMENT_3D('',#12549,#12550,#12551);
#12553 = PLANE('',#12552);
#12554 = ADVANCED_FACE('',(#12548),#12553,.T.);
#12555 = CARTESIAN_POINT('',(62.34204,55.58916,0.00000));
#12556 = VERTEX_POINT('',#12555);
#12557 = CARTESIAN_POINT('',(62.34204,41.78916,0.00000));
#12558 = VERTEX_POINT('',#12557);
#12559 = CARTESIAN_POINT('',(62.34204,41.78916,1.50000));
#12560 = VERTEX_POINT('',#12559);
#12561 = CARTESIAN_POINT('',(62.34204,55.58916,1.50000));
#12562 = VERTEX_POINT('',#12561);
#12563 = CARTESIAN_POINT('',(62.34204,55.58916,0.00000));
#12564 = DIRECTION('',(0.000000,-1.000000,0.000000));
#12565 = VECTOR('',#12564,13.80000);
#12566 = LINE('',#12563,#12565);
#12567 = EDGE_CURVE('',#12556,#12558,#12566,.T.);
#12568 = CARTESIAN_POINT('',(62.34204,41.78916,0.00000));
#12569 = DIRECTION('',(0.000000,0.000000,1.000000));
#12570 = VECTOR('',#12569,1.50000);
#12571 = LINE('',#12568,#12570);
#12572 = EDGE_CURVE('',#12558,#12560,#12571,.T.);
#12573 = CARTESIAN_POINT('',(62.34204,41.78916,1.50000));
#12574 = DIRECTION('',(-0.000000,1.000000,0.000000));
#12575 = VECTOR('',#12574,13.80000);
#12576 = LINE('',#12573,#12575);
#12577 = EDGE_CURVE('',#12560,#12562,#12576,.T.);
#12578 = CARTESIAN_POINT('',(62.34204,55.58916,1.50000));
#12579 = DIRECTION('',(0.000000,0.000000,-1.000000));
#12580 = VECTOR('',#12579,1.50000);
#12581 = LINE('',#12578,#12580);
#12582 = EDGE_CURVE('',#12562,#12556,#12581,.T.);
#12583 = ORIENTED_EDGE('',*,*,#12582,.F.);
#12584 = ORIENTED_EDGE('',*,*,#12577,.F.);
#12585 = ORIENTED_EDGE('',*,*,#12572,.F.);
#12586 = ORIENTED_EDGE('',*,*,#12567,.F.);
#12587 = EDGE_LOOP('',(#12583,#12584,#12585,#12586));
#12588 = FACE_OUTER_BOUND('',#12587,.T.);
#12589 = CARTESIAN_POINT('',(62.34204,55.58916,0.00000));
#12590 = DIRECTION('',(1.000000,0.000000,0.000000));
#12591 = DIRECTION('',(0.000000,-1.000000,0.000000));
#12592 = AXIS2_PLACEMENT_3D('',#12589,#12590,#12591);
#12593 = PLANE('',#12592);
#12594 = ADVANCED_FACE('',(#12588),#12593,.T.);
#12595 = CARTESIAN_POINT('',(62.34204,41.78916,0.00000));
#12596 = VERTEX_POINT('',#12595);
#12597 = CARTESIAN_POINT('',(48.54204,41.78916,0.00000));
#12598 = VERTEX_POINT('',#12597);
#12599 = CARTESIAN_POINT('',(48.54204,41.78916,1.50000));
#12600 = VERTEX_POINT('',#12599);
#12601 = CARTESIAN_POINT('',(62.34204,41.78916,1.50000));
#12602 = VERTEX_POINT('',#12601);
#12603 = CARTESIAN_POINT('',(62.34204,41.78916,0.00000));
#12604 = DIRECTION('',(-1.000000,0.000000,0.000000));
#12605 = VECTOR('',#12604,13.80000);
#12606 = LINE('',#12603,#12605);
#12607 = EDGE_CURVE('',#12596,#12598,#12606,.T.);
#12608 = CARTESIAN_POINT('',(48.54204,41.78916,0.00000));
#12609 = DIRECTION('',(0.000000,0.000000,1.000000));
#12610 = VECTOR('',#12609,1.50000);
#12611 = LINE('',#12608,#12610);
#12612 = EDGE_CURVE('',#12598,#12600,#12611,.T.);
#12613 = CARTESIAN_POINT('',(48.54204,41.78916,1.50000));
#12614 = DIRECTION('',(1.000000,-0.000000,0.000000));
#12615 = VECTOR('',#12614,13.80000);
#12616 = LINE('',#12613,#12615);
#12617 = EDGE_CURVE('',#12600,#12602,#12616,.T.);
#12618 = CARTESIAN_POINT('',(62.34204,41.78916,1.50000));
#12619 = DIRECTION('',(0.000000,0.000000,-1.000000));
#12620 = VECTOR('',#12619,1.50000);
#12621 = LINE('',#12618,#12620);
#12622 = EDGE_CURVE('',#12602,#12596,#12621,.T.);
#12623 = ORIENTED_EDGE('',*,*,#12622,.F.);
#12624 = ORIENTED_EDGE('',*,*,#12617,.F.);
#12625 = ORIENTED_EDGE('',*,*,#12612,.F.);
#12626 = ORIENTED_EDGE('',*,*,#12607,.F.);
#12627 = EDGE_LOOP('',(#12623,#12624,#12625,#12626));
#12628 = FACE_OUTER_BOUND('',#12627,.T.);
#12629 = CARTESIAN_POINT('',(62.34204,41.78916,0.00000));
#12630 = DIRECTION('',(-0.000000,-1.000000,0.000000));
#12631 = DIRECTION('',(-1.000000,0.000000,0.000000));
#12632 = AXIS2_PLACEMENT_3D('',#12629,#12630,#12631);
#12633 = PLANE('',#12632);
#12634 = ADVANCED_FACE('',(#12628),#12633,.T.);
#12635 = CARTESIAN_POINT('',(48.54204,41.78916,0.00000));
#12636 = VERTEX_POINT('',#12635);
#12637 = CARTESIAN_POINT('',(48.54204,55.58916,0.00000));
#12638 = VERTEX_POINT('',#12637);
#12639 = CARTESIAN_POINT('',(48.54204,55.58916,1.50000));
#12640 = VERTEX_POINT('',#12639);
#12641 = CARTESIAN_POINT('',(48.54204,41.78916,1.50000));
#12642 = VERTEX_POINT('',#12641);
#12643 = CARTESIAN_POINT('',(48.54204,41.78916,0.00000));
#12644 = DIRECTION('',(0.000000,1.000000,0.000000));
#12645 = VECTOR('',#12644,13.80000);
#12646 = LINE('',#12643,#12645);
#12647 = EDGE_CURVE('',#12636,#12638,#12646,.T.);
#12648 = CARTESIAN_POINT('',(48.54204,55.58916,0.00000));
#12649 = DIRECTION('',(0.000000,0.000000,1.000000));
#12650 = VECTOR('',#12649,1.50000);
#12651 = LINE('',#12648,#12650);
#12652 = EDGE_CURVE('',#12638,#12640,#12651,.T.);
#12653 = CARTESIAN_POINT('',(48.54204,55.58916,1.50000));
#12654 = DIRECTION('',(-0.000000,-1.000000,0.000000));
#12655 = VECTOR('',#12654,13.80000);
#12656 = LINE('',#12653,#12655);
#12657 = EDGE_CURVE('',#12640,#12642,#12656,.T.);
#12658 = CARTESIAN_POINT('',(48.54204,41.78916,1.50000));
#12659 = DIRECTION('',(0.000000,0.000000,-1.000000));
#12660 = VECTOR('',#12659,1.50000);
#12661 = LINE('',#12658,#12660);
#12662 = EDGE_CURVE('',#12642,#12636,#12661,.T.);
#12663 = ORIENTED_EDGE('',*,*,#12662,.F.);
#12664 = ORIENTED_EDGE('',*,*,#12657,.F.);
#12665 = ORIENTED_EDGE('',*,*,#12652,.F.);
#12666 = ORIENTED_EDGE('',*,*,#12647,.F.);
#12667 = EDGE_LOOP('',(#12663,#12664,#12665,#12666));
#12668 = FACE_OUTER_BOUND('',#12667,.T.);
#12669 = CARTESIAN_POINT('',(48.54204,41.78916,0.00000));
#12670 = DIRECTION('',(-1.000000,0.000000,0.000000));
#12671 = DIRECTION('',(0.000000,1.000000,0.000000));
#12672 = AXIS2_PLACEMENT_3D('',#12669,#12670,#12671);
#12673 = PLANE('',#12672);
#12674 = ADVANCED_FACE('',(#12668),#12673,.T.);
#12675 = CARTESIAN_POINT('',(68.11924,35.07936,0.00000));
#12676 = VERTEX_POINT('',#12675);
#12677 = CARTESIAN_POINT('',(81.91924,35.07936,0.00000));
#12678 = VERTEX_POINT('',#12677);
#12679 = CARTESIAN_POINT('',(81.91924,35.07936,1.50000));
#12680 = VERTEX_POINT('',#12679);
#12681 = CARTESIAN_POINT('',(68.11924,35.07936,1.50000));
#12682 = VERTEX_POINT('',#12681);
#12683 = CARTESIAN_POINT('',(68.11924,35.07936,0.00000));
#12684 = DIRECTION('',(1.000000,0.000000,0.000000));
#12685 = VECTOR('',#12684,13.80000);
#12686 = LINE('',#12683,#12685);
#12687 = EDGE_CURVE('',#12676,#12678,#12686,.T.);
#12688 = CARTESIAN_POINT('',(81.91924,35.07936,0.00000));
#12689 = DIRECTION('',(0.000000,0.000000,1.000000));
#12690 = VECTOR('',#12689,1.50000);
#12691 = LINE('',#12688,#12690);
#12692 = EDGE_CURVE('',#12678,#12680,#12691,.T.);
#12693 = CARTESIAN_POINT('',(81.91924,35.07936,1.50000));
#12694 = DIRECTION('',(-1.000000,-0.000000,0.000000));
#12695 = VECTOR('',#12694,13.80000);
#12696 = LINE('',#12693,#12695);
#12697 = EDGE_CURVE('',#12680,#12682,#12696,.T.);
#12698 = CARTESIAN_POINT('',(68.11924,35.07936,1.50000));
#12699 = DIRECTION('',(0.000000,0.000000,-1.000000));
#12700 = VECTOR('',#12699,1.50000);
#12701 = LINE('',#12698,#12700);
#12702 = EDGE_CURVE('',#12682,#12676,#12701,.T.);
#12703 = ORIENTED_EDGE('',*,*,#12702,.F.);
#12704 = ORIENTED_EDGE('',*,*,#12697,.F.);
#12705 = ORIENTED_EDGE('',*,*,#12692,.F.);
#12706 = ORIENTED_EDGE('',*,*,#12687,.F.);
#12707 = EDGE_LOOP('',(#12703,#12704,#12705,#12706));
#12708 = FACE_OUTER_BOUND('',#12707,.T.);
#12709 = CARTESIAN_POINT('',(68.11924,35.07936,0.00000));
#12710 = DIRECTION('',(-0.000000,1.000000,0.000000));
#12711 = DIRECTION('',(1.000000,0.000000,0.000000));
#12712 = AXIS2_PLACEMENT_3D('',#12709,#12710,#12711);
#12713 = PLANE('',#12712);
#12714 = ADVANCED_FACE('',(#12708),#12713,.T.);
#12715 = CARTESIAN_POINT('',(81.91924,35.07936,0.00000));
#12716 = VERTEX_POINT('',#12715);
#12717 = CARTESIAN_POINT('',(81.91924,21.27936,0.00000));
#12718 = VERTEX_POINT('',#12717);
#12719 = CARTESIAN_POINT('',(81.91924,21.27936,1.50000));
#12720 = VERTEX_POINT('',#12719);
#12721 = CARTESIAN_POINT('',(81.91924,35.07936,1.50000));
#12722 = VERTEX_POINT('',#12721);
#12723 = CARTESIAN_POINT('',(81.91924,35.07936,0.00000));
#12724 = DIRECTION('',(0.000000,-1.000000,0.000000));
#12725 = VECTOR('',#12724,13.80000);
#12726 = LINE('',#12723,#12725);
#12727 = EDGE_CURVE('',#12716,#12718,#12726,.T.);
#12728 = CARTESIAN_POINT('',(81.91924,21.27936,0.00000));
#12729 = DIRECTION('',(0.000000,0.000000,1.000000));
#12730 = VECTOR('',#12729,1.50000);
#12731 = LINE('',#12728,#12730);
#12732 = EDGE_CURVE('',#12718,#12720,#12731,.T.);
#12733 = CARTESIAN_POINT('',(81.91924,21.27936,1.50000));
#12734 = DIRECTION('',(-0.000000,1.000000,0.000000));
#12735 = VECTOR('',#12734,13.80000);
#12736 = LINE('',#12733,#12735);
#12737 = EDGE_CURVE('',#12720,#12722,#12736,.T.);
#12738 = CARTESIAN_POINT('',(81.91924,35.07936,1.50000));
#12739 = DIRECTION('',(0.000000,0.000000,-1.000000));
#12740 = VECTOR('',#12739,1.50000);
#12741 = LINE('',#12738,#12740);
#12742 = EDGE_CURVE('',#12722,#12716,#12741,.T.);
#12743 = ORIENTED_EDGE('',*,*,#12742,.F.);
#12744 = ORIENTED_EDGE('',*,*,#12737,.F.);
#12745 = ORIENTED_EDGE('',*,*,#12732,.F.);
#12746 = ORIENTED_EDGE('',*,*,#12727,.F.);
#12747 = EDGE_LOOP('',(#12743,#12744,#12745,#12746));
#12748 = FACE_OUTER_BOUND('',#12747,.T.);
#12749 = CARTESIAN_POINT('',(81.91924,35.07936,0.00000));
#12750 = DIRECTION('',(1.000000,0.000000,0.000000));
#12751 = DIRECTION('',(0.000000,-1.000000,0.000000));
#12752 = AXIS2_PLACEMENT_3D('',#12749,#12750,#12751);
#12753 = PLANE('',#12752);
#12754 = ADVANCED_FACE('',(#12748),#12753,.T.);
#12755 = CARTESIAN_POINT('',(81.91924,21.27936,0.00000));
#12756 = VERTEX_POINT('',#12755);
#12757 = CARTESIAN_POINT('',(68.11924,21.27936,0.00000));
#12758 = VERTEX_POINT('',#12757);
#12759 = CARTESIAN_POINT('',(68.11924,21.27936,1.50000));
#12760 = VERTEX_POINT('',#12759);
#12761 = CARTESIAN_POINT('',(81.91924,21.27936,1.50000));
#12762 = VERTEX_POINT('',#12761);
#12763 = CARTESIAN_POINT('',(81.91924,21.27936,0.00000));
#12764 = DIRECTION('',(-1.000000,0.000000,0.000000));
#12765 = VECTOR('',#12764,13.80000);
#12766 = LINE('',#12763,#12765);
#12767 = EDGE_CURVE('',#12756,#12758,#12766,.T.);
#12768 = CARTESIAN_POINT('',(68.11924,21.27936,0.00000));
#12769 = DIRECTION('',(0.000000,0.000000,1.000000));
#12770 = VECTOR('',#12769,1.50000);
#12771 = LINE('',#12768,#12770);
#12772 = EDGE_CURVE('',#12758,#12760,#12771,.T.);
#12773 = CARTESIAN_POINT('',(68.11924,21.27936,1.50000));
#12774 = DIRECTION('',(1.000000,-0.000000,0.000000));
#12775 = VECTOR('',#12774,13.80000);
#12776 = LINE('',#12773,#12775);
#12777 = EDGE_CURVE('',#12760,#12762,#12776,.T.);
#12778 = CARTESIAN_POINT('',(81.91924,21.27936,1.50000));
#12779 = DIRECTION('',(0.000000,0.000000,-1.000000));
#12780 = VECTOR('',#12779,1.50000);
#12781 = LINE('',#12778,#12780);
#12782 = EDGE_CURVE('',#12762,#12756,#12781,.T.);
#12783 = ORIENTED_EDGE('',*,*,#12782,.F.);
#12784 = ORIENTED_EDGE('',*,*,#12777,.F.);
#12785 = ORIENTED_EDGE('',*,*,#12772,.F.);
#12786 = ORIENTED_EDGE('',*,*,#12767,.F.);
#12787 = EDGE_LOOP('',(#12783,#12784,#12785,#12786));
#12788 = FACE_OUTER_BOUND('',#12787,.T.);
#12789 = CARTESIAN_POINT('',(81.91924,21.27936,0.00000));
#12790 = DIRECTION('',(-0.000000,-1.000000,0.000000));
#12791 = DIRECTION('',(-1.000000,0.000000,0.000000));
#12792 = AXIS2_PLACEMENT_3D('',#12789,#12790,#12791);
#12793 = PLANE('',#12792);
#12794 = ADVANCED_FACE('',(#12788),#12793,.T.);
#12795 = CARTESIAN_POINT('',(68.11924,21.27936,0.00000));
#12796 = VERTEX_POINT('',#12795);
#12797 = CARTESIAN_POINT('',(68.11924,35.07936,0.00000));
#12798 = VERTEX_POINT('',#12797);
#12799 = CARTESIAN_POINT('',(68.11924,35.07936,1.50000));
#12800 = VERTEX_POINT('',#12799);
#12801 = CARTESIAN_POINT('',(68.11924,21.27936,1.50000));
#12802 = VERTEX_POINT('',#12801);
#12803 = CARTESIAN_POINT('',(68.11924,21.27936,0.00000));
#12804 = DIRECTION('',(0.000000,1.000000,0.000000));
#12805 = VECTOR('',#12804,13.80000);
#12806 = LINE('',#12803,#12805);
#12807 = EDGE_CURVE('',#12796,#12798,#12806,.T.);
#12808 = CARTESIAN_POINT('',(68.11924,35.07936,0.00000));
#12809 = DIRECTION('',(0.000000,0.000000,1.000000));
#12810 = VECTOR('',#12809,1.50000);
#12811 = LINE('',#12808,#12810);
#12812 = EDGE_CURVE('',#12798,#12800,#12811,.T.);
#12813 = CARTESIAN_POINT('',(68.11924,35.07936,1.50000));
#12814 = DIRECTION('',(-0.000000,-1.000000,0.000000));
#12815 = VECTOR('',#12814,13.80000);
#12816 = LINE('',#12813,#12815);
#12817 = EDGE_CURVE('',#12800,#12802,#12816,.T.);
#12818 = CARTESIAN_POINT('',(68.11924,21.27936,1.50000));
#12819 = DIRECTION('',(0.000000,0.000000,-1.000000));
#12820 = VECTOR('',#12819,1.50000);
#12821 = LINE('',#12818,#12820);
#12822 = EDGE_CURVE('',#12802,#12796,#12821,.T.);
#12823 = ORIENTED_EDGE('',*,*,#12822,.F.);
#12824 = ORIENTED_EDGE('',*,*,#12817,.F.);
#12825 = ORIENTED_EDGE('',*,*,#12812,.F.);
#12826 = ORIENTED_EDGE('',*,*,#12807,.F.);
#12827 = EDGE_LOOP('',(#12823,#12824,#12825,#12826));
#12828 = FACE_OUTER_BOUND('',#12827,.T.);
#12829 = CARTESIAN_POINT('',(68.11924,21.27936,0.00000));
#12830 = DIRECTION('',(-1.000000,0.000000,0.000000));
#12831 = DIRECTION('',(0.000000,1.000000,0.000000));
#12832 = AXIS2_PLACEMENT_3D('',#12829,#12830,#12831);
#12833 = PLANE('',#12832);
#12834 = ADVANCED_FACE('',(#12828),#12833,.T.);
#12835 = CARTESIAN_POINT('',(48.54204,37.99416,0.00000));
#12836 = VERTEX_POINT('',#12835);
#12837 = CARTESIAN_POINT('',(62.34204,37.99416,0.00000));
#12838 = VERTEX_POINT('',#12837);
#12839 = CARTESIAN_POINT('',(62.34204,37.99416,1.50000));
#12840 = VERTEX_POINT('',#12839);
#12841 = CARTESIAN_POINT('',(48.54204,37.99416,1.50000));
#12842 = VERTEX_POINT('',#12841);
#12843 = CARTESIAN_POINT('',(48.54204,37.99416,0.00000));
#12844 = DIRECTION('',(1.000000,0.000000,0.000000));
#12845 = VECTOR('',#12844,13.80000);
#12846 = LINE('',#12843,#12845);
#12847 = EDGE_CURVE('',#12836,#12838,#12846,.T.);
#12848 = CARTESIAN_POINT('',(62.34204,37.99416,0.00000));
#12849 = DIRECTION('',(0.000000,0.000000,1.000000));
#12850 = VECTOR('',#12849,1.50000);
#12851 = LINE('',#12848,#12850);
#12852 = EDGE_CURVE('',#12838,#12840,#12851,.T.);
#12853 = CARTESIAN_POINT('',(62.34204,37.99416,1.50000));
#12854 = DIRECTION('',(-1.000000,-0.000000,0.000000));
#12855 = VECTOR('',#12854,13.80000);
#12856 = LINE('',#12853,#12855);
#12857 = EDGE_CURVE('',#12840,#12842,#12856,.T.);
#12858 = CARTESIAN_POINT('',(48.54204,37.99416,1.50000));
#12859 = DIRECTION('',(0.000000,0.000000,-1.000000));
#12860 = VECTOR('',#12859,1.50000);
#12861 = LINE('',#12858,#12860);
#12862 = EDGE_CURVE('',#12842,#12836,#12861,.T.);
#12863 = ORIENTED_EDGE('',*,*,#12862,.F.);
#12864 = ORIENTED_EDGE('',*,*,#12857,.F.);
#12865 = ORIENTED_EDGE('',*,*,#12852,.F.);
#12866 = ORIENTED_EDGE('',*,*,#12847,.F.);
#12867 = EDGE_LOOP('',(#12863,#12864,#12865,#12866));
#12868 = FACE_OUTER_BOUND('',#12867,.T.);
#12869 = CARTESIAN_POINT('',(48.54204,37.99416,0.00000));
#12870 = DIRECTION('',(-0.000000,1.000000,0.000000));
#12871 = DIRECTION('',(1.000000,0.000000,0.000000));
#12872 = AXIS2_PLACEMENT_3D('',#12869,#12870,#12871);
#12873 = PLANE('',#12872);
#12874 = ADVANCED_FACE('',(#12868),#12873,.T.);
#12875 = CARTESIAN_POINT('',(62.34204,37.99416,0.00000));
#12876 = VERTEX_POINT('',#12875);
#12877 = CARTESIAN_POINT('',(62.34204,24.19416,0.00000));
#12878 = VERTEX_POINT('',#12877);
#12879 = CARTESIAN_POINT('',(62.34204,24.19416,1.50000));
#12880 = VERTEX_POINT('',#12879);
#12881 = CARTESIAN_POINT('',(62.34204,37.99416,1.50000));
#12882 = VERTEX_POINT('',#12881);
#12883 = CARTESIAN_POINT('',(62.34204,37.99416,0.00000));
#12884 = DIRECTION('',(0.000000,-1.000000,0.000000));
#12885 = VECTOR('',#12884,13.80000);
#12886 = LINE('',#12883,#12885);
#12887 = EDGE_CURVE('',#12876,#12878,#12886,.T.);
#12888 = CARTESIAN_POINT('',(62.34204,24.19416,0.00000));
#12889 = DIRECTION('',(0.000000,0.000000,1.000000));
#12890 = VECTOR('',#12889,1.50000);
#12891 = LINE('',#12888,#12890);
#12892 = EDGE_CURVE('',#12878,#12880,#12891,.T.);
#12893 = CARTESIAN_POINT('',(62.34204,24.19416,1.50000));
#12894 = DIRECTION('',(-0.000000,1.000000,0.000000));
#12895 = VECTOR('',#12894,13.80000);
#12896 = LINE('',#12893,#12895);
#12897 = EDGE_CURVE('',#12880,#12882,#12896,.T.);
#12898 = CARTESIAN_POINT('',(62.34204,37.99416,1.50000));
#12899 = DIRECTION('',(0.000000,0.000000,-1.000000));
#12900 = VECTOR('',#12899,1.50000);
#12901 = LINE('',#12898,#12900);
#12902 = EDGE_CURVE('',#12882,#12876,#12901,.T.);
#12903 = ORIENTED_EDGE('',*,*,#12902,.F.);
#12904 = ORIENTED_EDGE('',*,*,#12897,.F.);
#12905 = ORIENTED_EDGE('',*,*,#12892,.F.);
#12906 = ORIENTED_EDGE('',*,*,#12887,.F.);
#12907 = EDGE_LOOP('',(#12903,#12904,#12905,#12906));
#12908 = FACE_OUTER_BOUND('',#12907,.T.);
#12909 = CARTESIAN_POINT('',(62.34204,37.99416,0.00000));
#12910 = DIRECTION('',(1.000000,0.000000,0.000000));
#12911 = DIRECTION('',(0.000000,-1.000000,0.000000));
#12912 = AXIS2_PLACEMENT_3D('',#12909,#12910,#12911);
#12913 = PLANE('',#12912);
#12914 = ADVANCED_FACE('',(#12908),#12913,.T.);
#12915 = CARTESIAN_POINT('',(62.34204,24.19416,0.00000));
#12916 = VERTEX_POINT('',#12915);
#12917 = CARTESIAN_POINT('',(48.54204,24.19416,0.00000));
#12918 = VERTEX_POINT('',#12917);
#12919 = CARTESIAN_POINT('',(48.54204,24.19416,1.50000));
#12920 = VERTEX_POINT('',#12919);
#12921 = CARTESIAN_POINT('',(62.34204,24.19416,1.50000));
#12922 = VERTEX_POINT('',#12921);
#12923 = CARTESIAN_POINT('',(62.34204,24.19416,0.00000));
#12924 = DIRECTION('',(-1.000000,0.000000,0.000000));
#12925 = VECTOR('',#12924,13.80000);
#12926 = LINE('',#12923,#12925);
#12927 = EDGE_CURVE('',#12916,#12918,#12926,.T.);
#12928 = CARTESIAN_POINT('',(48.54204,24.19416,0.00000));
#12929 = DIRECTION('',(0.000000,0.000000,1.000000));
#12930 = VECTOR('',#12929,1.50000);
#12931 = LINE('',#12928,#12930);
#12932 = EDGE_CURVE('',#12918,#12920,#12931,.T.);
#12933 = CARTESIAN_POINT('',(48.54204,24.19416,1.50000));
#12934 = DIRECTION('',(1.000000,-0.000000,0.000000));
#12935 = VECTOR('',#12934,13.80000);
#12936 = LINE('',#12933,#12935);
#12937 = EDGE_CURVE('',#12920,#12922,#12936,.T.);
#12938 = CARTESIAN_POINT('',(62.34204,24.19416,1.50000));
#12939 = DIRECTION('',(0.000000,0.000000,-1.000000));
#12940 = VECTOR('',#12939,1.50000);
#12941 = LINE('',#12938,#12940);
#12942 = EDGE_CURVE('',#12922,#12916,#12941,.T.);
#12943 = ORIENTED_EDGE('',*,*,#12942,.F.);
#12944 = ORIENTED_EDGE('',*,*,#12937,.F.);
#12945 = ORIENTED_EDGE('',*,*,#12932,.F.);
#12946 = ORIENTED_EDGE('',*,*,#12927,.F.);
#12947 = EDGE_LOOP('',(#12943,#12944,#12945,#12946));
#12948 = FACE_OUTER_BOUND('',#12947,.T.);
#12949 = CARTESIAN_POINT('',(62.34204,24.19416,0.00000));
#12950 = DIRECTION('',(-0.000000,-1.000000,0.000000));
#12951 = DIRECTION('',(-1.000000,0.000000,0.000000));
#12952 = AXIS2_PLACEMENT_3D('',#12949,#12950,#12951);
#12953 = PLANE('',#12952);
#12954 = ADVANCED_FACE('',(#12948),#12953,.T.);
#12955 = CARTESIAN_POINT('',(48.54204,24.19416,0.00000));
#12956 = VERTEX_POINT('',#12955);
#12957 = CARTESIAN_POINT('',(48.54204,37.99416,0.00000));
#12958 = VERTEX_POINT('',#12957);
#12959 = CARTESIAN_POINT('',(48.54204,37.99416,1.50000));
#12960 = VERTEX_POINT('',#12959);
#12961 = CARTESIAN_POINT('',(48.54204,24.19416,1.50000));
#12962 = VERTEX_POINT('',#12961);
#12963 = CARTESIAN_POINT('',(48.54204,24.19416,0.00000));
#12964 = DIRECTION('',(0.000000,1.000000,0.000000));
#12965 = VECTOR('',#12964,13.80000);
#12966 = LINE('',#12963,#12965);
#12967 = EDGE_CURVE('',#12956,#12958,#12966,.T.);
#12968 = CARTESIAN_POINT('',(48.54204,37.99416,0.00000));
#12969 = DIRECTION('',(0.000000,0.000000,1.000000));
#12970 = VECTOR('',#12969,1.50000);
#12971 = LINE('',#12968,#12970);
#12972 = EDGE_CURVE('',#12958,#12960,#12971,.T.);
#12973 = CARTESIAN_POINT('',(48.54204,37.99416,1.50000));
#12974 = DIRECTION('',(-0.000000,-1.000000,0.000000));
#12975 = VECTOR('',#12974,13.80000);
#12976 = LINE('',#12973,#12975);
#12977 = EDGE_CURVE('',#12960,#12962,#12976,.T.);
#12978 = CARTESIAN_POINT('',(48.54204,24.19416,1.50000));
#12979 = DIRECTION('',(0.000000,0.000000,-1.000000));
#12980 = VECTOR('',#12979,1.50000);
#12981 = LINE('',#12978,#12980);
#12982 = EDGE_CURVE('',#12962,#12956,#12981,.T.);
#12983 = ORIENTED_EDGE('',*,*,#12982,.F.);
#12984 = ORIENTED_EDGE('',*,*,#12977,.F.);
#12985 = ORIENTED_EDGE('',*,*,#12972,.F.);
#12986 = ORIENTED_EDGE('',*,*,#12967,.F.);
#12987 = EDGE_LOOP('',(#12983,#12984,#12985,#12986));
#12988 = FACE_OUTER_BOUND('',#12987,.T.);
#12989 = CARTESIAN_POINT('',(48.54204,24.19416,0.00000));
#12990 = DIRECTION('',(-1.000000,0.000000,0.000000));
#12991 = DIRECTION('',(0.000000,1.000000,0.000000));
#12992 = AXIS2_PLACEMENT_3D('',#12989,#12990,#12991);
#12993 = PLANE('',#12992);
#12994 = ADVANCED_FACE('',(#12988),#12993,.T.);
#12995 = CARTESIAN_POINT('',(87.36324,20.71996,0.00000));
#12996 = VERTEX_POINT('',#12995);
#12997 = CARTESIAN_POINT('',(101.16324,20.71996,0.00000));
#12998 = VERTEX_POINT('',#12997);
#12999 = CARTESIAN_POINT('',(101.16324,20.71996,1.50000));
#13000 = VERTEX_POINT('',#12999);
#13001 = CARTESIAN_POINT('',(87.36324,20.71996,1.50000));
#13002 = VERTEX_POINT('',#13001);
#13003 = CARTESIAN_POINT('',(87.36324,20.71996,0.00000));
#13004 = DIRECTION('',(1.000000,0.000000,0.000000));
#13005 = VECTOR('',#13004,13.80000);
#13006 = LINE('',#13003,#13005);
#13007 = EDGE_CURVE('',#12996,#12998,#13006,.T.);
#13008 = CARTESIAN_POINT('',(101.16324,20.71996,0.00000));
#13009 = DIRECTION('',(0.000000,0.000000,1.000000));
#13010 = VECTOR('',#13009,1.50000);
#13011 = LINE('',#13008,#13010);
#13012 = EDGE_CURVE('',#12998,#13000,#13011,.T.);
#13013 = CARTESIAN_POINT('',(101.16324,20.71996,1.50000));
#13014 = DIRECTION('',(-1.000000,-0.000000,0.000000));
#13015 = VECTOR('',#13014,13.80000);
#13016 = LINE('',#13013,#13015);
#13017 = EDGE_CURVE('',#13000,#13002,#13016,.T.);
#13018 = CARTESIAN_POINT('',(87.36324,20.71996,1.50000));
#13019 = DIRECTION('',(0.000000,0.000000,-1.000000));
#13020 = VECTOR('',#13019,1.50000);
#13021 = LINE('',#13018,#13020);
#13022 = EDGE_CURVE('',#13002,#12996,#13021,.T.);
#13023 = ORIENTED_EDGE('',*,*,#13022,.F.);
#13024 = ORIENTED_EDGE('',*,*,#13017,.F.);
#13025 = ORIENTED_EDGE('',*,*,#13012,.F.);
#13026 = ORIENTED_EDGE('',*,*,#13007,.F.);
#13027 = EDGE_LOOP('',(#13023,#13024,#13025,#13026));
#13028 = FACE_OUTER_BOUND('',#13027,.T.);
#13029 = CARTESIAN_POINT('',(87.36324,20.71996,0.00000));
#13030 = DIRECTION('',(-0.000000,1.000000,0.000000));
#13031 = DIRECTION('',(1.000000,0.000000,0.000000));
#13032 = AXIS2_PLACEMENT_3D('',#13029,#13030,#13031);
#13033 = PLANE('',#13032);
#13034 = ADVANCED_FACE('',(#13028),#13033,.T.);
#13035 = CARTESIAN_POINT('',(101.16324,20.71996,0.00000));
#13036 = VERTEX_POINT('',#13035);
#13037 = CARTESIAN_POINT('',(101.16324,6.91996,0.00000));
#13038 = VERTEX_POINT('',#13037);
#13039 = CARTESIAN_POINT('',(101.16324,6.91996,1.50000));
#13040 = VERTEX_POINT('',#13039);
#13041 = CARTESIAN_POINT('',(101.16324,20.71996,1.50000));
#13042 = VERTEX_POINT('',#13041);
#13043 = CARTESIAN_POINT('',(101.16324,20.71996,0.00000));
#13044 = DIRECTION('',(0.000000,-1.000000,0.000000));
#13045 = VECTOR('',#13044,13.80000);
#13046 = LINE('',#13043,#13045);
#13047 = EDGE_CURVE('',#13036,#13038,#13046,.T.);
#13048 = CARTESIAN_POINT('',(101.16324,6.91996,0.00000));
#13049 = DIRECTION('',(0.000000,0.000000,1.000000));
#13050 = VECTOR('',#13049,1.50000);
#13051 = LINE('',#13048,#13050);
#13052 = EDGE_CURVE('',#13038,#13040,#13051,.T.);
#13053 = CARTESIAN_POINT('',(101.16324,6.91996,1.50000));
#13054 = DIRECTION('',(-0.000000,1.000000,0.000000));
#13055 = VECTOR('',#13054,13.80000);
#13056 = LINE('',#13053,#13055);
#13057 = EDGE_CURVE('',#13040,#13042,#13056,.T.);
#13058 = CARTESIAN_POINT('',(101.16324,20.71996,1.50000));
#13059 = DIRECTION('',(0.000000,0.000000,-1.000000));
#13060 = VECTOR('',#13059,1.50000);
#13061 = LINE('',#13058,#13060);
#13062 = EDGE_CURVE('',#13042,#13036,#13061,.T.);
#13063 = ORIENTED_EDGE('',*,*,#13062,.F.);
#13064 = ORIENTED_EDGE('',*,*,#13057,.F.);
#13065 = ORIENTED_EDGE('',*,*,#13052,.F.);
#13066 = ORIENTED_EDGE('',*,*,#13047,.F.);
#13067 = EDGE_LOOP('',(#13063,#13064,#13065,#13066));
#13068 = FACE_OUTER_BOUND('',#13067,.T.);
#13069 = CARTESIAN_POINT('',(101.16324,20.71996,0.00000));
#13070 = DIRECTION('',(1.000000,0.000000,0.000000));
#13071 = DIRECTION('',(0.000000,-1.000000,0.000000));
#13072 = AXIS2_PLACEMENT_3D('',#13069,#13070,#13071);
#13073 = PLANE('',#13072);
#13074 = ADVANCED_FACE('',(#13068),#13073,.T.);
#13075 = CARTESIAN_POINT('',(101.16324,6.91996,0.00000));
#13076 = VERTEX_POINT('',#13075);
#13077 = CARTESIAN_POINT('',(87.36324,6.91996,0.00000));
#13078 = VERTEX_POINT('',#13077);
#13079 = CARTESIAN_POINT('',(87.36324,6.91996,1.50000));
#13080 = VERTEX_POINT('',#13079);
#13081 = CARTESIAN_POINT('',(101.16324,6.91996,1.50000));
#13082 = VERTEX_POINT('',#13081);
#13083 = CARTESIAN_POINT('',(101.16324,6.91996,0.00000));
#13084 = DIRECTION('',(-1.000000,0.000000,0.000000));
#13085 = VECTOR('',#13084,13.80000);
#13086 = LINE('',#13083,#13085);
#13087 = EDGE_CURVE('',#13076,#13078,#13086,.T.);
#13088 = CARTESIAN_POINT('',(87.36324,6.91996,0.00000));
#13089 = DIRECTION('',(0.000000,0.000000,1.000000));
#13090 = VECTOR('',#13089,1.50000);
#13091 = LINE('',#13088,#13090);
#13092 = EDGE_CURVE('',#13078,#13080,#13091,.T.);
#13093 = CARTESIAN_POINT('',(87.36324,6.91996,1.50000));
#13094 = DIRECTION('',(1.000000,-0.000000,0.000000));
#13095 = VECTOR('',#13094,13.80000);
#13096 = LINE('',#13093,#13095);
#13097 = EDGE_CURVE('',#13080,#13082,#13096,.T.);
#13098 = CARTESIAN_POINT('',(101.16324,6.91996,1.50000));
#13099 = DIRECTION('',(0.000000,0.000000,-1.000000));
#13100 = VECTOR('',#13099,1.50000);
#13101 = LINE('',#13098,#13100);
#13102 = EDGE_CURVE('',#13082,#13076,#13101,.T.);
#13103 = ORIENTED_EDGE('',*,*,#13102,.F.);
#13104 = ORIENTED_EDGE('',*,*,#13097,.F.);
#13105 = ORIENTED_EDGE('',*,*,#13092,.F.);
#13106 = ORIENTED_EDGE('',*,*,#13087,.F.);
#13107 = EDGE_LOOP('',(#13103,#13104,#13105,#13106));
#13108 = FACE_OUTER_BOUND('',#13107,.T.);
#13109 = CARTESIAN_POINT('',(101.16324,6.91996,0.00000));
#13110 = DIRECTION('',(-0.000000,-1.000000,0.000000));
#13111 = DIRECTION('',(-1.000000,0.000000,0.000000));
#13112 = AXIS2_PLACEMENT_3D('',#13109,#13110,#13111);
#13113 = PLANE('',#13112);
#13114 = ADVANCED_FACE('',(#13108),#13113,.T.);
#13115 = CARTESIAN_POINT('',(87.36324,6.91996,0.00000));
#13116 = VERTEX_POINT('',#13115);
#13117 = CARTESIAN_POINT('',(87.36324,20.71996,0.00000));
#13118 = VERTEX_POINT('',#13117);
#13119 = CARTESIAN_POINT('',(87.36324,20.71996,1.50000));
#13120 = VERTEX_POINT('',#13119);
#13121 = CARTESIAN_POINT('',(87.36324,6.91996,1.50000));
#13122 = VERTEX_POINT('',#13121);
#13123 = CARTESIAN_POINT('',(87.36324,6.91996,0.00000));
#13124 = DIRECTION('',(0.000000,1.000000,0.000000));
#13125 = VECTOR('',#13124,13.80000);
#13126 = LINE('',#13123,#13125);
#13127 = EDGE_CURVE('',#13116,#13118,#13126,.T.);
#13128 = CARTESIAN_POINT('',(87.36324,20.71996,0.00000));
#13129 = DIRECTION('',(0.000000,0.000000,1.000000));
#13130 = VECTOR('',#13129,1.50000);
#13131 = LINE('',#13128,#13130);
#13132 = EDGE_CURVE('',#13118,#13120,#13131,.T.);
#13133 = CARTESIAN_POINT('',(87.36324,20.71996,1.50000));
#13134 = DIRECTION('',(-0.000000,-1.000000,0.000000));
#13135 = VECTOR('',#13134,13.80000);
#13136 = LINE('',#13133,#13135);
#13137 = EDGE_CURVE('',#13120,#13122,#13136,.T.);
#13138 = CARTESIAN_POINT('',(87.36324,6.91996,1.50000));
#13139 = DIRECTION('',(0.000000,0.000000,-1.000000));
#13140 = VECTOR('',#13139,1.50000);
#13141 = LINE('',#13138,#13140);
#13142 = EDGE_CURVE('',#13122,#13116,#13141,.T.);
#13143 = ORIENTED_EDGE('',*,*,#13142,.F.);
#13144 = ORIENTED_EDGE('',*,*,#13137,.F.);
#13145 = ORIENTED_EDGE('',*,*,#13132,.F.);
#13146 = ORIENTED_EDGE('',*,*,#13127,.F.);
#13147 = EDGE_LOOP('',(#13143,#13144,#13145,#13146));
#13148 = FACE_OUTER_BOUND('',#13147,.T.);
#13149 = CARTESIAN_POINT('',(87.36324,6.91996,0.00000));
#13150 = DIRECTION('',(-1.000000,0.000000,0.000000));
#13151 = DIRECTION('',(0.000000,1.000000,0.000000));
#13152 = AXIS2_PLACEMENT_3D('',#13149,#13150,#13151);
#13153 = PLANE('',#13152);
#13154 = ADVANCED_FACE('',(#13148),#13153,.T.);
#13155 = CARTESIAN_POINT('',(35.56400,76.43412,0.00000));
#13156 = VERTEX_POINT('',#13155);
#13157 = CARTESIAN_POINT('',(49.22970,78.35470,0.00000));
#13158 = VERTEX_POINT('',#13157);
#13159 = CARTESIAN_POINT('',(49.22970,78.35470,1.50000));
#13160 = VERTEX_POINT('',#13159);
#13161 = CARTESIAN_POINT('',(35.56400,76.43412,1.50000));
#13162 = VERTEX_POINT('',#13161);
#13163 = CARTESIAN_POINT('',(35.56400,76.43412,0.00000));
#13164 = DIRECTION('',(0.990268,0.139173,0.000000));
#13165 = VECTOR('',#13164,13.80000);
#13166 = LINE('',#13163,#13165);
#13167 = EDGE_CURVE('',#13156,#13158,#13166,.T.);
#13168 = CARTESIAN_POINT('',(49.22970,78.35470,0.00000));
#13169 = DIRECTION('',(0.000000,0.000000,1.000000));
#13170 = VECTOR('',#13169,1.50000);
#13171 = LINE('',#13168,#13170);
#13172 = EDGE_CURVE('',#13158,#13160,#13171,.T.);
#13173 = CARTESIAN_POINT('',(49.22970,78.35470,1.50000));
#13174 = DIRECTION('',(-0.990268,-0.139173,0.000000));
#13175 = VECTOR('',#13174,13.80000);
#13176 = LINE('',#13173,#13175);
#13177 = EDGE_CURVE('',#13160,#13162,#13176,.T.);
#13178 = CARTESIAN_POINT('',(35.56400,76.43412,1.50000));
#13179 = DIRECTION('',(0.000000,0.000000,-1.000000));
#13180 = VECTOR('',#13179,1.50000);
#13181 = LINE('',#13178,#13180);
#13182 = EDGE_CURVE('',#13162,#13156,#13181,.T.);
#13183 = ORIENTED_EDGE('',*,*,#13182,.F.);
#13184 = ORIENTED_EDGE('',*,*,#13177,.F.);
#13185 = ORIENTED_EDGE('',*,*,#13172,.F.);
#13186 = ORIENTED_EDGE('',*,*,#13167,.F.);
#13187 = EDGE_LOOP('',(#13183,#13184,#13185,#13186));
#13188 = FACE_OUTER_BOUND('',#13187,.T.);
#13189 = CARTESIAN_POINT('',(35.56400,76.43412,0.00000));
#13190 = DIRECTION('',(-0.139173,0.990268,0.000000));
#13191 = DIRECTION('',(0.990268,0.139173,0.000000));
#13192 = AXIS2_PLACEMENT_3D('',#13189,#13190,#13191);
#13193 = PLANE('',#13192);
#13194 = ADVANCED_FACE('',(#13188),#13193,.T.);
#13195 = CARTESIAN_POINT('',(49.22970,78.35470,0.00000));
#13196 = VERTEX_POINT('',#13195);
#13197 = CARTESIAN_POINT('',(51.15029,64.68900,0.00000));
#13198 = VERTEX_POINT('',#13197);
#13199 = CARTESIAN_POINT('',(51.15029,64.68900,1.50000));
#13200 = VERTEX_POINT('',#13199);
#13201 = CARTESIAN_POINT('',(49.22970,78.35470,1.50000));
#13202 = VERTEX_POINT('',#13201);
#13203 = CARTESIAN_POINT('',(49.22970,78.35470,0.00000));
#13204 = DIRECTION('',(0.139173,-0.990268,0.000000));
#13205 = VECTOR('',#13204,13.80000);
#13206 = LINE('',#13203,#13205);
#13207 = EDGE_CURVE('',#13196,#13198,#13206,.T.);
#13208 = CARTESIAN_POINT('',(51.15029,64.68900,0.00000));
#13209 = DIRECTION('',(0.000000,0.000000,1.000000));
#13210 = VECTOR('',#13209,1.50000);
#13211 = LINE('',#13208,#13210);
#13212 = EDGE_CURVE('',#13198,#13200,#13211,.T.);
#13213 = CARTESIAN_POINT('',(51.15029,64.68900,1.50000));
#13214 = DIRECTION('',(-0.139173,0.990268,0.000000));
#13215 = VECTOR('',#13214,13.80000);
#13216 = LINE('',#13213,#13215);
#13217 = EDGE_CURVE('',#13200,#13202,#13216,.T.);
#13218 = CARTESIAN_POINT('',(49.22970,78.35470,1.50000));
#13219 = DIRECTION('',(0.000000,0.000000,-1.000000));
#13220 = VECTOR('',#13219,1.50000);
#13221 = LINE('',#13218,#13220);
#13222 = EDGE_CURVE('',#13202,#13196,#13221,.T.);
#13223 = ORIENTED_EDGE('',*,*,#13222,.F.);
#13224 = ORIENTED_EDGE('',*,*,#13217,.F.);
#13225 = ORIENTED_EDGE('',*,*,#13212,.F.);
#13226 = ORIENTED_EDGE('',*,*,#13207,.F.);
#13227 = EDGE_LOOP('',(#13223,#13224,#13225,#13226));
#13228 = FACE_OUTER_BOUND('',#13227,.T.);
#13229 = CARTESIAN_POINT('',(49.22970,78.35470,0.00000));
#13230 = DIRECTION('',(0.990268,0.139173,0.000000));
#13231 = DIRECTION('',(0.139173,-0.990268,0.000000));
#13232 = AXIS2_PLACEMENT_3D('',#13229,#13230,#13231);
#13233 = PLANE('',#13232);
#13234 = ADVANCED_FACE('',(#13228),#13233,.T.);
#13235 = CARTESIAN_POINT('',(51.15029,64.68900,0.00000));
#13236 = VERTEX_POINT('',#13235);
#13237 = CARTESIAN_POINT('',(37.48459,62.76842,0.00000));
#13238 = VERTEX_POINT('',#13237);
#13239 = CARTESIAN_POINT('',(37.48459,62.76842,1.50000));
#13240 = VERTEX_POINT('',#13239);
#13241 = CARTESIAN_POINT('',(51.15029,64.68900,1.50000));
#13242 = VERTEX_POINT('',#13241);
#13243 = CARTESIAN_POINT('',(51.15029,64.68900,0.00000));
#13244 = DIRECTION('',(-0.990268,-0.139173,0.000000));
#13245 = VECTOR('',#13244,13.80000);
#13246 = LINE('',#13243,#13245);
#13247 = EDGE_CURVE('',#13236,#13238,#13246,.T.);
#13248 = CARTESIAN_POINT('',(37.48459,62.76842,0.00000));
#13249 = DIRECTION('',(0.000000,0.000000,1.000000));
#13250 = VECTOR('',#13249,1.50000);
#13251 = LINE('',#13248,#13250);
#13252 = EDGE_CURVE('',#13238,#13240,#13251,.T.);
#13253 = CARTESIAN_POINT('',(37.48459,62.76842,1.50000));
#13254 = DIRECTION('',(0.990268,0.139173,0.000000));
#13255 = VECTOR('',#13254,13.80000);
#13256 = LINE('',#13253,#13255);
#13257 = EDGE_CURVE('',#13240,#13242,#13256,.T.);
#13258 = CARTESIAN_POINT('',(51.15029,64.68900,1.50000));
#13259 = DIRECTION('',(0.000000,0.000000,-1.000000));
#13260 = VECTOR('',#13259,1.50000);
#13261 = LINE('',#13258,#13260);
#13262 = EDGE_CURVE('',#13242,#13236,#13261,.T.);
#13263 = ORIENTED_EDGE('',*,*,#13262,.F.);
#13264 = ORIENTED_EDGE('',*,*,#13257,.F.);
#13265 = ORIENTED_EDGE('',*,*,#13252,.F.);
#13266 = ORIENTED_EDGE('',*,*,#13247,.F.);
#13267 = EDGE_LOOP('',(#13263,#13264,#13265,#13266));
#13268 = FACE_OUTER_BOUND('',#13267,.T.);
#13269 = CARTESIAN_POINT('',(51.15029,64.68900,0.00000));
#13270 = DIRECTION('',(0.139173,-0.990268,0.000000));
#13271 = DIRECTION('',(-0.990268,-0.139173,0.000000));
#13272 = AXIS2_PLACEMENT_3D('',#13269,#13270,#13271);
#13273 = PLANE('',#13272);
#13274 = ADVANCED_FACE('',(#13268),#13273,.T.);
#13275 = CARTESIAN_POINT('',(37.48459,62.76842,0.00000));
#13276 = VERTEX_POINT('',#13275);
#13277 = CARTESIAN_POINT('',(35.56400,76.43412,0.00000));
#13278 = VERTEX_POINT('',#13277);
#13279 = CARTESIAN_POINT('',(35.56400,76.43412,1.50000));
#13280 = VERTEX_POINT('',#13279);
#13281 = CARTESIAN_POINT('',(37.48459,62.76842,1.50000));
#13282 = VERTEX_POINT('',#13281);
#13283 = CARTESIAN_POINT('',(37.48459,62.76842,0.00000));
#13284 = DIRECTION('',(-0.139173,0.990268,0.000000));
#13285 = VECTOR('',#13284,13.80000);
#13286 = LINE('',#13283,#13285);
#13287 = EDGE_CURVE('',#13276,#13278,#13286,.T.);
#13288 = CARTESIAN_POINT('',(35.56400,76.43412,0.00000));
#13289 = DIRECTION('',(0.000000,0.000000,1.000000));
#13290 = VECTOR('',#13289,1.50000);
#13291 = LINE('',#13288,#13290);
#13292 = EDGE_CURVE('',#13278,#13280,#13291,.T.);
#13293 = CARTESIAN_POINT('',(35.56400,76.43412,1.50000));
#13294 = DIRECTION('',(0.139173,-0.990268,0.000000));
#13295 = VECTOR('',#13294,13.80000);
#13296 = LINE('',#13293,#13295);
#13297 = EDGE_CURVE('',#13280,#13282,#13296,.T.);
#13298 = CARTESIAN_POINT('',(37.48459,62.76842,1.50000));
#13299 = DIRECTION('',(0.000000,0.000000,-1.000000));
#13300 = VECTOR('',#13299,1.50000);
#13301 = LINE('',#13298,#13300);
#13302 = EDGE_CURVE('',#13282,#13276,#13301,.T.);
#13303 = ORIENTED_EDGE('',*,*,#13302,.F.);
#13304 = ORIENTED_EDGE('',*,*,#13297,.F.);
#13305 = ORIENTED_EDGE('',*,*,#13292,.F.);
#13306 = ORIENTED_EDGE('',*,*,#13287,.F.);
#13307 = EDGE_LOOP('',(#13303,#13304,#13305,#13306));
#13308 = FACE_OUTER_BOUND('',#13307,.T.);
#13309 = CARTESIAN_POINT('',(37.48459,62.76842,0.00000));
#13310 = DIRECTION('',(-0.990268,-0.139173,0.000000));
#13311 = DIRECTION('',(-0.139173,0.990268,0.000000));
#13312 = AXIS2_PLACEMENT_3D('',#13309,#13310,#13311);
#13313 = PLANE('',#13312);
#13314 = ADVANCED_FACE('',(#13308),#13313,.T.);
#13315 = CARTESIAN_POINT('',(87.36324,38.31496,0.00000));
#13316 = VERTEX_POINT('',#13315);
#13317 = CARTESIAN_POINT('',(101.16324,38.31496,0.00000));
#13318 = VERTEX_POINT('',#13317);
#13319 = CARTESIAN_POINT('',(101.16324,38.31496,1.50000));
#13320 = VERTEX_POINT('',#13319);
#13321 = CARTESIAN_POINT('',(87.36324,38.31496,1.50000));
#13322 = VERTEX_POINT('',#13321);
#13323 = CARTESIAN_POINT('',(87.36324,38.31496,0.00000));
#13324 = DIRECTION('',(1.000000,0.000000,0.000000));
#13325 = VECTOR('',#13324,13.80000);
#13326 = LINE('',#13323,#13325);
#13327 = EDGE_CURVE('',#13316,#13318,#13326,.T.);
#13328 = CARTESIAN_POINT('',(101.16324,38.31496,0.00000));
#13329 = DIRECTION('',(0.000000,0.000000,1.000000));
#13330 = VECTOR('',#13329,1.50000);
#13331 = LINE('',#13328,#13330);
#13332 = EDGE_CURVE('',#13318,#13320,#13331,.T.);
#13333 = CARTESIAN_POINT('',(101.16324,38.31496,1.50000));
#13334 = DIRECTION('',(-1.000000,-0.000000,0.000000));
#13335 = VECTOR('',#13334,13.80000);
#13336 = LINE('',#13333,#13335);
#13337 = EDGE_CURVE('',#13320,#13322,#13336,.T.);
#13338 = CARTESIAN_POINT('',(87.36324,38.31496,1.50000));
#13339 = DIRECTION('',(0.000000,0.000000,-1.000000));
#13340 = VECTOR('',#13339,1.50000);
#13341 = LINE('',#13338,#13340);
#13342 = EDGE_CURVE('',#13322,#13316,#13341,.T.);
#13343 = ORIENTED_EDGE('',*,*,#13342,.F.);
#13344 = ORIENTED_EDGE('',*,*,#13337,.F.);
#13345 = ORIENTED_EDGE('',*,*,#13332,.F.);
#13346 = ORIENTED_EDGE('',*,*,#13327,.F.);
#13347 = EDGE_LOOP('',(#13343,#13344,#13345,#13346));
#13348 = FACE_OUTER_BOUND('',#13347,.T.);
#13349 = CARTESIAN_POINT('',(87.36324,38.31496,0.00000));
#13350 = DIRECTION('',(-0.000000,1.000000,0.000000));
#13351 = DIRECTION('',(1.000000,0.000000,0.000000));
#13352 = AXIS2_PLACEMENT_3D('',#13349,#13350,#13351);
#13353 = PLANE('',#13352);
#13354 = ADVANCED_FACE('',(#13348),#13353,.T.);
#13355 = CARTESIAN_POINT('',(101.16324,38.31496,0.00000));
#13356 = VERTEX_POINT('',#13355);
#13357 = CARTESIAN_POINT('',(101.16324,24.51496,0.00000));
#13358 = VERTEX_POINT('',#13357);
#13359 = CARTESIAN_POINT('',(101.16324,24.51496,1.50000));
#13360 = VERTEX_POINT('',#13359);
#13361 = CARTESIAN_POINT('',(101.16324,38.31496,1.50000));
#13362 = VERTEX_POINT('',#13361);
#13363 = CARTESIAN_POINT('',(101.16324,38.31496,0.00000));
#13364 = DIRECTION('',(0.000000,-1.000000,0.000000));
#13365 = VECTOR('',#13364,13.80000);
#13366 = LINE('',#13363,#13365);
#13367 = EDGE_CURVE('',#13356,#13358,#13366,.T.);
#13368 = CARTESIAN_POINT('',(101.16324,24.51496,0.00000));
#13369 = DIRECTION('',(0.000000,0.000000,1.000000));
#13370 = VECTOR('',#13369,1.50000);
#13371 = LINE('',#13368,#13370);
#13372 = EDGE_CURVE('',#13358,#13360,#13371,.T.);
#13373 = CARTESIAN_POINT('',(101.16324,24.51496,1.50000));
#13374 = DIRECTION('',(-0.000000,1.000000,0.000000));
#13375 = VECTOR('',#13374,13.80000);
#13376 = LINE('',#13373,#13375);
#13377 = EDGE_CURVE('',#13360,#13362,#13376,.T.);
#13378 = CARTESIAN_POINT('',(101.16324,38.31496,1.50000));
#13379 = DIRECTION('',(0.000000,0.000000,-1.000000));
#13380 = VECTOR('',#13379,1.50000);
#13381 = LINE('',#13378,#13380);
#13382 = EDGE_CURVE('',#13362,#13356,#13381,.T.);
#13383 = ORIENTED_EDGE('',*,*,#13382,.F.);
#13384 = ORIENTED_EDGE('',*,*,#13377,.F.);
#13385 = ORIENTED_EDGE('',*,*,#13372,.F.);
#13386 = ORIENTED_EDGE('',*,*,#13367,.F.);
#13387 = EDGE_LOOP('',(#13383,#13384,#13385,#13386));
#13388 = FACE_OUTER_BOUND('',#13387,.T.);
#13389 = CARTESIAN_POINT('',(101.16324,38.31496,0.00000));
#13390 = DIRECTION('',(1.000000,0.000000,0.000000));
#13391 = DIRECTION('',(0.000000,-1.000000,0.000000));
#13392 = AXIS2_PLACEMENT_3D('',#13389,#13390,#13391);
#13393 = PLANE('',#13392);
#13394 = ADVANCED_FACE('',(#13388),#13393,.T.);
#13395 = CARTESIAN_POINT('',(101.16324,24.51496,0.00000));
#13396 = VERTEX_POINT('',#13395);
#13397 = CARTESIAN_POINT('',(87.36324,24.51496,0.00000));
#13398 = VERTEX_POINT('',#13397);
#13399 = CARTESIAN_POINT('',(87.36324,24.51496,1.50000));
#13400 = VERTEX_POINT('',#13399);
#13401 = CARTESIAN_POINT('',(101.16324,24.51496,1.50000));
#13402 = VERTEX_POINT('',#13401);
#13403 = CARTESIAN_POINT('',(101.16324,24.51496,0.00000));
#13404 = DIRECTION('',(-1.000000,0.000000,0.000000));
#13405 = VECTOR('',#13404,13.80000);
#13406 = LINE('',#13403,#13405);
#13407 = EDGE_CURVE('',#13396,#13398,#13406,.T.);
#13408 = CARTESIAN_POINT('',(87.36324,24.51496,0.00000));
#13409 = DIRECTION('',(0.000000,0.000000,1.000000));
#13410 = VECTOR('',#13409,1.50000);
#13411 = LINE('',#13408,#13410);
#13412 = EDGE_CURVE('',#13398,#13400,#13411,.T.);
#13413 = CARTESIAN_POINT('',(87.36324,24.51496,1.50000));
#13414 = DIRECTION('',(1.000000,-0.000000,0.000000));
#13415 = VECTOR('',#13414,13.80000);
#13416 = LINE('',#13413,#13415);
#13417 = EDGE_CURVE('',#13400,#13402,#13416,.T.);
#13418 = CARTESIAN_POINT('',(101.16324,24.51496,1.50000));
#13419 = DIRECTION('',(0.000000,0.000000,-1.000000));
#13420 = VECTOR('',#13419,1.50000);
#13421 = LINE('',#13418,#13420);
#13422 = EDGE_CURVE('',#13402,#13396,#13421,.T.);
#13423 = ORIENTED_EDGE('',*,*,#13422,.F.);
#13424 = ORIENTED_EDGE('',*,*,#13417,.F.);
#13425 = ORIENTED_EDGE('',*,*,#13412,.F.);
#13426 = ORIENTED_EDGE('',*,*,#13407,.F.);
#13427 = EDGE_LOOP('',(#13423,#13424,#13425,#13426));
#13428 = FACE_OUTER_BOUND('',#13427,.T.);
#13429 = CARTESIAN_POINT('',(101.16324,24.51496,0.00000));
#13430 = DIRECTION('',(-0.000000,-1.000000,0.000000));
#13431 = DIRECTION('',(-1.000000,0.000000,0.000000));
#13432 = AXIS2_PLACEMENT_3D('',#13429,#13430,#13431);
#13433 = PLANE('',#13432);
#13434 = ADVANCED_FACE('',(#13428),#13433,.T.);
#13435 = CARTESIAN_POINT('',(87.36324,24.51496,0.00000));
#13436 = VERTEX_POINT('',#13435);
#13437 = CARTESIAN_POINT('',(87.36324,38.31496,0.00000));
#13438 = VERTEX_POINT('',#13437);
#13439 = CARTESIAN_POINT('',(87.36324,38.31496,1.50000));
#13440 = VERTEX_POINT('',#13439);
#13441 = CARTESIAN_POINT('',(87.36324,24.51496,1.50000));
#13442 = VERTEX_POINT('',#13441);
#13443 = CARTESIAN_POINT('',(87.36324,24.51496,0.00000));
#13444 = DIRECTION('',(0.000000,1.000000,0.000000));
#13445 = VECTOR('',#13444,13.80000);
#13446 = LINE('',#13443,#13445);
#13447 = EDGE_CURVE('',#13436,#13438,#13446,.T.);
#13448 = CARTESIAN_POINT('',(87.36324,38.31496,0.00000));
#13449 = DIRECTION('',(0.000000,0.000000,1.000000));
#13450 = VECTOR('',#13449,1.50000);
#13451 = LINE('',#13448,#13450);
#13452 = EDGE_CURVE('',#13438,#13440,#13451,.T.);
#13453 = CARTESIAN_POINT('',(87.36324,38.31496,1.50000));
#13454 = DIRECTION('',(-0.000000,-1.000000,0.000000));
#13455 = VECTOR('',#13454,13.80000);
#13456 = LINE('',#13453,#13455);
#13457 = EDGE_CURVE('',#13440,#13442,#13456,.T.);
#13458 = CARTESIAN_POINT('',(87.36324,24.51496,1.50000));
#13459 = DIRECTION('',(0.000000,0.000000,-1.000000));
#13460 = VECTOR('',#13459,1.50000);
#13461 = LINE('',#13458,#13460);
#13462 = EDGE_CURVE('',#13442,#13436,#13461,.T.);
#13463 = ORIENTED_EDGE('',*,*,#13462,.F.);
#13464 = ORIENTED_EDGE('',*,*,#13457,.F.);
#13465 = ORIENTED_EDGE('',*,*,#13452,.F.);
#13466 = ORIENTED_EDGE('',*,*,#13447,.F.);
#13467 = EDGE_LOOP('',(#13463,#13464,#13465,#13466));
#13468 = FACE_OUTER_BOUND('',#13467,.T.);
#13469 = CARTESIAN_POINT('',(87.36324,24.51496,0.00000));
#13470 = DIRECTION('',(-1.000000,0.000000,0.000000));
#13471 = DIRECTION('',(0.000000,1.000000,0.000000));
#13472 = AXIS2_PLACEMENT_3D('',#13469,#13470,#13471);
#13473 = PLANE('',#13472);
#13474 = ADVANCED_FACE('',(#13468),#13473,.T.);
#13475 = CARTESIAN_POINT('',(125.92964,41.74136,0.00000));
#13476 = VERTEX_POINT('',#13475);
#13477 = CARTESIAN_POINT('',(139.72964,41.74136,0.00000));
#13478 = VERTEX_POINT('',#13477);
#13479 = CARTESIAN_POINT('',(139.72964,41.74136,1.50000));
#13480 = VERTEX_POINT('',#13479);
#13481 = CARTESIAN_POINT('',(125.92964,41.74136,1.50000));
#13482 = VERTEX_POINT('',#13481);
#13483 = CARTESIAN_POINT('',(125.92964,41.74136,0.00000));
#13484 = DIRECTION('',(1.000000,0.000000,0.000000));
#13485 = VECTOR('',#13484,13.80000);
#13486 = LINE('',#13483,#13485);
#13487 = EDGE_CURVE('',#13476,#13478,#13486,.T.);
#13488 = CARTESIAN_POINT('',(139.72964,41.74136,0.00000));
#13489 = DIRECTION('',(0.000000,0.000000,1.000000));
#13490 = VECTOR('',#13489,1.50000);
#13491 = LINE('',#13488,#13490);
#13492 = EDGE_CURVE('',#13478,#13480,#13491,.T.);
#13493 = CARTESIAN_POINT('',(139.72964,41.74136,1.50000));
#13494 = DIRECTION('',(-1.000000,-0.000000,0.000000));
#13495 = VECTOR('',#13494,13.80000);
#13496 = LINE('',#13493,#13495);
#13497 = EDGE_CURVE('',#13480,#13482,#13496,.T.);
#13498 = CARTESIAN_POINT('',(125.92964,41.74136,1.50000));
#13499 = DIRECTION('',(0.000000,0.000000,-1.000000));
#13500 = VECTOR('',#13499,1.50000);
#13501 = LINE('',#13498,#13500);
#13502 = EDGE_CURVE('',#13482,#13476,#13501,.T.);
#13503 = ORIENTED_EDGE('',*,*,#13502,.F.);
#13504 = ORIENTED_EDGE('',*,*,#13497,.F.);
#13505 = ORIENTED_EDGE('',*,*,#13492,.F.);
#13506 = ORIENTED_EDGE('',*,*,#13487,.F.);
#13507 = EDGE_LOOP('',(#13503,#13504,#13505,#13506));
#13508 = FACE_OUTER_BOUND('',#13507,.T.);
#13509 = CARTESIAN_POINT('',(125.92964,41.74136,0.00000));
#13510 = DIRECTION('',(-0.000000,1.000000,0.000000));
#13511 = DIRECTION('',(1.000000,0.000000,0.000000));
#13512 = AXIS2_PLACEMENT_3D('',#13509,#13510,#13511);
#13513 = PLANE('',#13512);
#13514 = ADVANCED_FACE('',(#13508),#13513,.T.);
#13515 = CARTESIAN_POINT('',(139.72964,41.74136,0.00000));
#13516 = VERTEX_POINT('',#13515);
#13517 = CARTESIAN_POINT('',(139.72964,27.94136,0.00000));
#13518 = VERTEX_POINT('',#13517);
#13519 = CARTESIAN_POINT('',(139.72964,27.94136,1.50000));
#13520 = VERTEX_POINT('',#13519);
#13521 = CARTESIAN_POINT('',(139.72964,41.74136,1.50000));
#13522 = VERTEX_POINT('',#13521);
#13523 = CARTESIAN_POINT('',(139.72964,41.74136,0.00000));
#13524 = DIRECTION('',(0.000000,-1.000000,0.000000));
#13525 = VECTOR('',#13524,13.80000);
#13526 = LINE('',#13523,#13525);
#13527 = EDGE_CURVE('',#13516,#13518,#13526,.T.);
#13528 = CARTESIAN_POINT('',(139.72964,27.94136,0.00000));
#13529 = DIRECTION('',(0.000000,0.000000,1.000000));
#13530 = VECTOR('',#13529,1.50000);
#13531 = LINE('',#13528,#13530);
#13532 = EDGE_CURVE('',#13518,#13520,#13531,.T.);
#13533 = CARTESIAN_POINT('',(139.72964,27.94136,1.50000));
#13534 = DIRECTION('',(-0.000000,1.000000,0.000000));
#13535 = VECTOR('',#13534,13.80000);
#13536 = LINE('',#13533,#13535);
#13537 = EDGE_CURVE('',#13520,#13522,#13536,.T.);
#13538 = CARTESIAN_POINT('',(139.72964,41.74136,1.50000));
#13539 = DIRECTION('',(0.000000,0.000000,-1.000000));
#13540 = VECTOR('',#13539,1.50000);
#13541 = LINE('',#13538,#13540);
#13542 = EDGE_CURVE('',#13522,#13516,#13541,.T.);
#13543 = ORIENTED_EDGE('',*,*,#13542,.F.);
#13544 = ORIENTED_EDGE('',*,*,#13537,.F.);
#13545 = ORIENTED_EDGE('',*,*,#13532,.F.);
#13546 = ORIENTED_EDGE('',*,*,#13527,.F.);
#13547 = EDGE_LOOP('',(#13543,#13544,#13545,#13546));
#13548 = FACE_OUTER_BOUND('',#13547,.T.);
#13549 = CARTESIAN_POINT('',(139.72964,41.74136,0.00000));
#13550 = DIRECTION('',(1.000000,0.000000,0.000000));
#13551 = DIRECTION('',(0.000000,-1.000000,0.000000));
#13552 = AXIS2_PLACEMENT_3D('',#13549,#13550,#13551);
#13553 = PLANE('',#13552);
#13554 = ADVANCED_FACE('',(#13548),#13553,.T.);
#13555 = CARTESIAN_POINT('',(139.72964,27.94136,0.00000));
#13556 = VERTEX_POINT('',#13555);
#13557 = CARTESIAN_POINT('',(125.92964,27.94136,0.00000));
#13558 = VERTEX_POINT('',#13557);
#13559 = CARTESIAN_POINT('',(125.92964,27.94136,1.50000));
#13560 = VERTEX_POINT('',#13559);
#13561 = CARTESIAN_POINT('',(139.72964,27.94136,1.50000));
#13562 = VERTEX_POINT('',#13561);
#13563 = CARTESIAN_POINT('',(139.72964,27.94136,0.00000));
#13564 = DIRECTION('',(-1.000000,0.000000,0.000000));
#13565 = VECTOR('',#13564,13.80000);
#13566 = LINE('',#13563,#13565);
#13567 = EDGE_CURVE('',#13556,#13558,#13566,.T.);
#13568 = CARTESIAN_POINT('',(125.92964,27.94136,0.00000));
#13569 = DIRECTION('',(0.000000,0.000000,1.000000));
#13570 = VECTOR('',#13569,1.50000);
#13571 = LINE('',#13568,#13570);
#13572 = EDGE_CURVE('',#13558,#13560,#13571,.T.);
#13573 = CARTESIAN_POINT('',(125.92964,27.94136,1.50000));
#13574 = DIRECTION('',(1.000000,-0.000000,0.000000));
#13575 = VECTOR('',#13574,13.80000);
#13576 = LINE('',#13573,#13575);
#13577 = EDGE_CURVE('',#13560,#13562,#13576,.T.);
#13578 = CARTESIAN_POINT('',(139.72964,27.94136,1.50000));
#13579 = DIRECTION('',(0.000000,0.000000,-1.000000));
#13580 = VECTOR('',#13579,1.50000);
#13581 = LINE('',#13578,#13580);
#13582 = EDGE_CURVE('',#13562,#13556,#13581,.T.);
#13583 = ORIENTED_EDGE('',*,*,#13582,.F.);
#13584 = ORIENTED_EDGE('',*,*,#13577,.F.);
#13585 = ORIENTED_EDGE('',*,*,#13572,.F.);
#13586 = ORIENTED_EDGE('',*,*,#13567,.F.);
#13587 = EDGE_LOOP('',(#13583,#13584,#13585,#13586));
#13588 = FACE_OUTER_BOUND('',#13587,.T.);
#13589 = CARTESIAN_POINT('',(139.72964,27.94136,0.00000));
#13590 = DIRECTION('',(-0.000000,-1.000000,0.000000));
#13591 = DIRECTION('',(-1.000000,0.000000,0.000000));
#13592 = AXIS2_PLACEMENT_3D('',#13589,#13590,#13591);
#13593 = PLANE('',#13592);
#13594 = ADVANCED_FACE('',(#13588),#13593,.T.);
#13595 = CARTESIAN_POINT('',(125.92964,27.94136,0.00000));
#13596 = VERTEX_POINT('',#13595);
#13597 = CARTESIAN_POINT('',(125.92964,41.74136,0.00000));
#13598 = VERTEX_POINT('',#13597);
#13599 = CARTESIAN_POINT('',(125.92964,41.74136,1.50000));
#13600 = VERTEX_POINT('',#13599);
#13601 = CARTESIAN_POINT('',(125.92964,27.94136,1.50000));
#13602 = VERTEX_POINT('',#13601);
#13603 = CARTESIAN_POINT('',(125.92964,27.94136,0.00000));
#13604 = DIRECTION('',(0.000000,1.000000,0.000000));
#13605 = VECTOR('',#13604,13.80000);
#13606 = LINE('',#13603,#13605);
#13607 = EDGE_CURVE('',#13596,#13598,#13606,.T.);
#13608 = CARTESIAN_POINT('',(125.92964,41.74136,0.00000));
#13609 = DIRECTION('',(0.000000,0.000000,1.000000));
#13610 = VECTOR('',#13609,1.50000);
#13611 = LINE('',#13608,#13610);
#13612 = EDGE_CURVE('',#13598,#13600,#13611,.T.);
#13613 = CARTESIAN_POINT('',(125.92964,41.74136,1.50000));
#13614 = DIRECTION('',(-0.000000,-1.000000,0.000000));
#13615 = VECTOR('',#13614,13.80000);
#13616 = LINE('',#13613,#13615);
#13617 = EDGE_CURVE('',#13600,#13602,#13616,.T.);
#13618 = CARTESIAN_POINT('',(125.92964,27.94136,1.50000));
#13619 = DIRECTION('',(0.000000,0.000000,-1.000000));
#13620 = VECTOR('',#13619,1.50000);
#13621 = LINE('',#13618,#13620);
#13622 = EDGE_CURVE('',#13602,#13596,#13621,.T.);
#13623 = ORIENTED_EDGE('',*,*,#13622,.F.);
#13624 = ORIENTED_EDGE('',*,*,#13617,.F.);
#13625 = ORIENTED_EDGE('',*,*,#13612,.F.);
#13626 = ORIENTED_EDGE('',*,*,#13607,.F.);
#13627 = EDGE_LOOP('',(#13623,#13624,#13625,#13626));
#13628 = FACE_OUTER_BOUND('',#13627,.T.);
#13629 = CARTESIAN_POINT('',(125.92964,27.94136,0.00000));
#13630 = DIRECTION('',(-1.000000,0.000000,0.000000));
#13631 = DIRECTION('',(0.000000,1.000000,0.000000));
#13632 = AXIS2_PLACEMENT_3D('',#13629,#13630,#13631);
#13633 = PLANE('',#13632);
#13634 = ADVANCED_FACE('',(#13628),#13633,.T.);
#13635 = CARTESIAN_POINT('',(87.36324,55.90996,0.00000));
#13636 = VERTEX_POINT('',#13635);
#13637 = CARTESIAN_POINT('',(101.16324,55.90996,0.00000));
#13638 = VERTEX_POINT('',#13637);
#13639 = CARTESIAN_POINT('',(101.16324,55.90996,1.50000));
#13640 = VERTEX_POINT('',#13639);
#13641 = CARTESIAN_POINT('',(87.36324,55.90996,1.50000));
#13642 = VERTEX_POINT('',#13641);
#13643 = CARTESIAN_POINT('',(87.36324,55.90996,0.00000));
#13644 = DIRECTION('',(1.000000,0.000000,0.000000));
#13645 = VECTOR('',#13644,13.80000);
#13646 = LINE('',#13643,#13645);
#13647 = EDGE_CURVE('',#13636,#13638,#13646,.T.);
#13648 = CARTESIAN_POINT('',(101.16324,55.90996,0.00000));
#13649 = DIRECTION('',(0.000000,0.000000,1.000000));
#13650 = VECTOR('',#13649,1.50000);
#13651 = LINE('',#13648,#13650);
#13652 = EDGE_CURVE('',#13638,#13640,#13651,.T.);
#13653 = CARTESIAN_POINT('',(101.16324,55.90996,1.50000));
#13654 = DIRECTION('',(-1.000000,-0.000000,0.000000));
#13655 = VECTOR('',#13654,13.80000);
#13656 = LINE('',#13653,#13655);
#13657 = EDGE_CURVE('',#13640,#13642,#13656,.T.);
#13658 = CARTESIAN_POINT('',(87.36324,55.90996,1.50000));
#13659 = DIRECTION('',(0.000000,0.000000,-1.000000));
#13660 = VECTOR('',#13659,1.50000);
#13661 = LINE('',#13658,#13660);
#13662 = EDGE_CURVE('',#13642,#13636,#13661,.T.);
#13663 = ORIENTED_EDGE('',*,*,#13662,.F.);
#13664 = ORIENTED_EDGE('',*,*,#13657,.F.);
#13665 = ORIENTED_EDGE('',*,*,#13652,.F.);
#13666 = ORIENTED_EDGE('',*,*,#13647,.F.);
#13667 = EDGE_LOOP('',(#13663,#13664,#13665,#13666));
#13668 = FACE_OUTER_BOUND('',#13667,.T.);
#13669 = CARTESIAN_POINT('',(87.36324,55.90996,0.00000));
#13670 = DIRECTION('',(-0.000000,1.000000,0.000000));
#13671 = DIRECTION('',(1.000000,0.000000,0.000000));
#13672 = AXIS2_PLACEMENT_3D('',#13669,#13670,#13671);
#13673 = PLANE('',#13672);
#13674 = ADVANCED_FACE('',(#13668),#13673,.T.);
#13675 = CARTESIAN_POINT('',(101.16324,55.90996,0.00000));
#13676 = VERTEX_POINT('',#13675);
#13677 = CARTESIAN_POINT('',(101.16324,42.10996,0.00000));
#13678 = VERTEX_POINT('',#13677);
#13679 = CARTESIAN_POINT('',(101.16324,42.10996,1.50000));
#13680 = VERTEX_POINT('',#13679);
#13681 = CARTESIAN_POINT('',(101.16324,55.90996,1.50000));
#13682 = VERTEX_POINT('',#13681);
#13683 = CARTESIAN_POINT('',(101.16324,55.90996,0.00000));
#13684 = DIRECTION('',(0.000000,-1.000000,0.000000));
#13685 = VECTOR('',#13684,13.80000);
#13686 = LINE('',#13683,#13685);
#13687 = EDGE_CURVE('',#13676,#13678,#13686,.T.);
#13688 = CARTESIAN_POINT('',(101.16324,42.10996,0.00000));
#13689 = DIRECTION('',(0.000000,0.000000,1.000000));
#13690 = VECTOR('',#13689,1.50000);
#13691 = LINE('',#13688,#13690);
#13692 = EDGE_CURVE('',#13678,#13680,#13691,.T.);
#13693 = CARTESIAN_POINT('',(101.16324,42.10996,1.50000));
#13694 = DIRECTION('',(-0.000000,1.000000,0.000000));
#13695 = VECTOR('',#13694,13.80000);
#13696 = LINE('',#13693,#13695);
#13697 = EDGE_CURVE('',#13680,#13682,#13696,.T.);
#13698 = CARTESIAN_POINT('',(101.16324,55.90996,1.50000));
#13699 = DIRECTION('',(0.000000,0.000000,-1.000000));
#13700 = VECTOR('',#13699,1.50000);
#13701 = LINE('',#13698,#13700);
#13702 = EDGE_CURVE('',#13682,#13676,#13701,.T.);
#13703 = ORIENTED_EDGE('',*,*,#13702,.F.);
#13704 = ORIENTED_EDGE('',*,*,#13697,.F.);
#13705 = ORIENTED_EDGE('',*,*,#13692,.F.);
#13706 = ORIENTED_EDGE('',*,*,#13687,.F.);
#13707 = EDGE_LOOP('',(#13703,#13704,#13705,#13706));
#13708 = FACE_OUTER_BOUND('',#13707,.T.);
#13709 = CARTESIAN_POINT('',(101.16324,55.90996,0.00000));
#13710 = DIRECTION('',(1.000000,0.000000,0.000000));
#13711 = DIRECTION('',(0.000000,-1.000000,0.000000));
#13712 = AXIS2_PLACEMENT_3D('',#13709,#13710,#13711);
#13713 = PLANE('',#13712);
#13714 = ADVANCED_FACE('',(#13708),#13713,.T.);
#13715 = CARTESIAN_POINT('',(101.16324,42.10996,0.00000));
#13716 = VERTEX_POINT('',#13715);
#13717 = CARTESIAN_POINT('',(87.36324,42.10996,0.00000));
#13718 = VERTEX_POINT('',#13717);
#13719 = CARTESIAN_POINT('',(87.36324,42.10996,1.50000));
#13720 = VERTEX_POINT('',#13719);
#13721 = CARTESIAN_POINT('',(101.16324,42.10996,1.50000));
#13722 = VERTEX_POINT('',#13721);
#13723 = CARTESIAN_POINT('',(101.16324,42.10996,0.00000));
#13724 = DIRECTION('',(-1.000000,0.000000,0.000000));
#13725 = VECTOR('',#13724,13.80000);
#13726 = LINE('',#13723,#13725);
#13727 = EDGE_CURVE('',#13716,#13718,#13726,.T.);
#13728 = CARTESIAN_POINT('',(87.36324,42.10996,0.00000));
#13729 = DIRECTION('',(0.000000,0.000000,1.000000));
#13730 = VECTOR('',#13729,1.50000);
#13731 = LINE('',#13728,#13730);
#13732 = EDGE_CURVE('',#13718,#13720,#13731,.T.);
#13733 = CARTESIAN_POINT('',(87.36324,42.10996,1.50000));
#13734 = DIRECTION('',(1.000000,-0.000000,0.000000));
#13735 = VECTOR('',#13734,13.80000);
#13736 = LINE('',#13733,#13735);
#13737 = EDGE_CURVE('',#13720,#13722,#13736,.T.);
#13738 = CARTESIAN_POINT('',(101.16324,42.10996,1.50000));
#13739 = DIRECTION('',(0.000000,0.000000,-1.000000));
#13740 = VECTOR('',#13739,1.50000);
#13741 = LINE('',#13738,#13740);
#13742 = EDGE_CURVE('',#13722,#13716,#13741,.T.);
#13743 = ORIENTED_EDGE('',*,*,#13742,.F.);
#13744 = ORIENTED_EDGE('',*,*,#13737,.F.);
#13745 = ORIENTED_EDGE('',*,*,#13732,.F.);
#13746 = ORIENTED_EDGE('',*,*,#13727,.F.);
#13747 = EDGE_LOOP('',(#13743,#13744,#13745,#13746));
#13748 = FACE_OUTER_BOUND('',#13747,.T.);
#13749 = CARTESIAN_POINT('',(101.16324,42.10996,0.00000));
#13750 = DIRECTION('',(-0.000000,-1.000000,0.000000));
#13751 = DIRECTION('',(-1.000000,0.000000,0.000000));
#13752 = AXIS2_PLACEMENT_3D('',#13749,#13750,#13751);
#13753 = PLANE('',#13752);
#13754 = ADVANCED_FACE('',(#13748),#13753,.T.);
#13755 = CARTESIAN_POINT('',(87.36324,42.10996,0.00000));
#13756 = VERTEX_POINT('',#13755);
#13757 = CARTESIAN_POINT('',(87.36324,55.90996,0.00000));
#13758 = VERTEX_POINT('',#13757);
#13759 = CARTESIAN_POINT('',(87.36324,55.90996,1.50000));
#13760 = VERTEX_POINT('',#13759);
#13761 = CARTESIAN_POINT('',(87.36324,42.10996,1.50000));
#13762 = VERTEX_POINT('',#13761);
#13763 = CARTESIAN_POINT('',(87.36324,42.10996,0.00000));
#13764 = DIRECTION('',(0.000000,1.000000,0.000000));
#13765 = VECTOR('',#13764,13.80000);
#13766 = LINE('',#13763,#13765);
#13767 = EDGE_CURVE('',#13756,#13758,#13766,.T.);
#13768 = CARTESIAN_POINT('',(87.36324,55.90996,0.00000));
#13769 = DIRECTION('',(0.000000,0.000000,1.000000));
#13770 = VECTOR('',#13769,1.50000);
#13771 = LINE('',#13768,#13770);
#13772 = EDGE_CURVE('',#13758,#13760,#13771,.T.);
#13773 = CARTESIAN_POINT('',(87.36324,55.90996,1.50000));
#13774 = DIRECTION('',(-0.000000,-1.000000,0.000000));
#13775 = VECTOR('',#13774,13.80000);
#13776 = LINE('',#13773,#13775);
#13777 = EDGE_CURVE('',#13760,#13762,#13776,.T.);
#13778 = CARTESIAN_POINT('',(87.36324,42.10996,1.50000));
#13779 = DIRECTION('',(0.000000,0.000000,-1.000000));
#13780 = VECTOR('',#13779,1.50000);
#13781 = LINE('',#13778,#13780);
#13782 = EDGE_CURVE('',#13762,#13756,#13781,.T.);
#13783 = ORIENTED_EDGE('',*,*,#13782,.F.);
#13784 = ORIENTED_EDGE('',*,*,#13777,.F.);
#13785 = ORIENTED_EDGE('',*,*,#13772,.F.);
#13786 = ORIENTED_EDGE('',*,*,#13767,.F.);
#13787 = EDGE_LOOP('',(#13783,#13784,#13785,#13786));
#13788 = FACE_OUTER_BOUND('',#13787,.T.);
#13789 = CARTESIAN_POINT('',(87.36324,42.10996,0.00000));
#13790 = DIRECTION('',(-1.000000,0.000000,0.000000));
#13791 = DIRECTION('',(0.000000,1.000000,0.000000));
#13792 = AXIS2_PLACEMENT_3D('',#13789,#13790,#13791);
#13793 = PLANE('',#13792);
#13794 = ADVANCED_FACE('',(#13788),#13793,.T.);
#13795 = CARTESIAN_POINT('',(29.33964,39.72836,0.00000));
#13796 = VERTEX_POINT('',#13795);
#13797 = CARTESIAN_POINT('',(43.13964,39.72836,0.00000));
#13798 = VERTEX_POINT('',#13797);
#13799 = CARTESIAN_POINT('',(43.13964,39.72836,1.50000));
#13800 = VERTEX_POINT('',#13799);
#13801 = CARTESIAN_POINT('',(29.33964,39.72836,1.50000));
#13802 = VERTEX_POINT('',#13801);
#13803 = CARTESIAN_POINT('',(29.33964,39.72836,0.00000));
#13804 = DIRECTION('',(1.000000,0.000000,0.000000));
#13805 = VECTOR('',#13804,13.80000);
#13806 = LINE('',#13803,#13805);
#13807 = EDGE_CURVE('',#13796,#13798,#13806,.T.);
#13808 = CARTESIAN_POINT('',(43.13964,39.72836,0.00000));
#13809 = DIRECTION('',(0.000000,0.000000,1.000000));
#13810 = VECTOR('',#13809,1.50000);
#13811 = LINE('',#13808,#13810);
#13812 = EDGE_CURVE('',#13798,#13800,#13811,.T.);
#13813 = CARTESIAN_POINT('',(43.13964,39.72836,1.50000));
#13814 = DIRECTION('',(-1.000000,-0.000000,0.000000));
#13815 = VECTOR('',#13814,13.80000);
#13816 = LINE('',#13813,#13815);
#13817 = EDGE_CURVE('',#13800,#13802,#13816,.T.);
#13818 = CARTESIAN_POINT('',(29.33964,39.72836,1.50000));
#13819 = DIRECTION('',(0.000000,0.000000,-1.000000));
#13820 = VECTOR('',#13819,1.50000);
#13821 = LINE('',#13818,#13820);
#13822 = EDGE_CURVE('',#13802,#13796,#13821,.T.);
#13823 = ORIENTED_EDGE('',*,*,#13822,.F.);
#13824 = ORIENTED_EDGE('',*,*,#13817,.F.);
#13825 = ORIENTED_EDGE('',*,*,#13812,.F.);
#13826 = ORIENTED_EDGE('',*,*,#13807,.F.);
#13827 = EDGE_LOOP('',(#13823,#13824,#13825,#13826));
#13828 = FACE_OUTER_BOUND('',#13827,.T.);
#13829 = CARTESIAN_POINT('',(29.33964,39.72836,0.00000));
#13830 = DIRECTION('',(-0.000000,1.000000,0.000000));
#13831 = DIRECTION('',(1.000000,0.000000,0.000000));
#13832 = AXIS2_PLACEMENT_3D('',#13829,#13830,#13831);
#13833 = PLANE('',#13832);
#13834 = ADVANCED_FACE('',(#13828),#13833,.T.);
#13835 = CARTESIAN_POINT('',(43.13964,39.72836,0.00000));
#13836 = VERTEX_POINT('',#13835);
#13837 = CARTESIAN_POINT('',(43.13964,25.92836,0.00000));
#13838 = VERTEX_POINT('',#13837);
#13839 = CARTESIAN_POINT('',(43.13964,25.92836,1.50000));
#13840 = VERTEX_POINT('',#13839);
#13841 = CARTESIAN_POINT('',(43.13964,39.72836,1.50000));
#13842 = VERTEX_POINT('',#13841);
#13843 = CARTESIAN_POINT('',(43.13964,39.72836,0.00000));
#13844 = DIRECTION('',(0.000000,-1.000000,0.000000));
#13845 = VECTOR('',#13844,13.80000);
#13846 = LINE('',#13843,#13845);
#13847 = EDGE_CURVE('',#13836,#13838,#13846,.T.);
#13848 = CARTESIAN_POINT('',(43.13964,25.92836,0.00000));
#13849 = DIRECTION('',(0.000000,0.000000,1.000000));
#13850 = VECTOR('',#13849,1.50000);
#13851 = LINE('',#13848,#13850);
#13852 = EDGE_CURVE('',#13838,#13840,#13851,.T.);
#13853 = CARTESIAN_POINT('',(43.13964,25.92836,1.50000));
#13854 = DIRECTION('',(-0.000000,1.000000,0.000000));
#13855 = VECTOR('',#13854,13.80000);
#13856 = LINE('',#13853,#13855);
#13857 = EDGE_CURVE('',#13840,#13842,#13856,.T.);
#13858 = CARTESIAN_POINT('',(43.13964,39.72836,1.50000));
#13859 = DIRECTION('',(0.000000,0.000000,-1.000000));
#13860 = VECTOR('',#13859,1.50000);
#13861 = LINE('',#13858,#13860);
#13862 = EDGE_CURVE('',#13842,#13836,#13861,.T.);
#13863 = ORIENTED_EDGE('',*,*,#13862,.F.);
#13864 = ORIENTED_EDGE('',*,*,#13857,.F.);
#13865 = ORIENTED_EDGE('',*,*,#13852,.F.);
#13866 = ORIENTED_EDGE('',*,*,#13847,.F.);
#13867 = EDGE_LOOP('',(#13863,#13864,#13865,#13866));
#13868 = FACE_OUTER_BOUND('',#13867,.T.);
#13869 = CARTESIAN_POINT('',(43.13964,39.72836,0.00000));
#13870 = DIRECTION('',(1.000000,0.000000,0.000000));
#13871 = DIRECTION('',(0.000000,-1.000000,0.000000));
#13872 = AXIS2_PLACEMENT_3D('',#13869,#13870,#13871);
#13873 = PLANE('',#13872);
#13874 = ADVANCED_FACE('',(#13868),#13873,.T.);
#13875 = CARTESIAN_POINT('',(43.13964,25.92836,0.00000));
#13876 = VERTEX_POINT('',#13875);
#13877 = CARTESIAN_POINT('',(29.33964,25.92836,0.00000));
#13878 = VERTEX_POINT('',#13877);
#13879 = CARTESIAN_POINT('',(29.33964,25.92836,1.50000));
#13880 = VERTEX_POINT('',#13879);
#13881 = CARTESIAN_POINT('',(43.13964,25.92836,1.50000));
#13882 = VERTEX_POINT('',#13881);
#13883 = CARTESIAN_POINT('',(43.13964,25.92836,0.00000));
#13884 = DIRECTION('',(-1.000000,0.000000,0.000000));
#13885 = VECTOR('',#13884,13.80000);
#13886 = LINE('',#13883,#13885);
#13887 = EDGE_CURVE('',#13876,#13878,#13886,.T.);
#13888 = CARTESIAN_POINT('',(29.33964,25.92836,0.00000));
#13889 = DIRECTION('',(0.000000,0.000000,1.000000));
#13890 = VECTOR('',#13889,1.50000);
#13891 = LINE('',#13888,#13890);
#13892 = EDGE_CURVE('',#13878,#13880,#13891,.T.);
#13893 = CARTESIAN_POINT('',(29.33964,25.92836,1.50000));
#13894 = DIRECTION('',(1.000000,-0.000000,0.000000));
#13895 = VECTOR('',#13894,13.80000);
#13896 = LINE('',#13893,#13895);
#13897 = EDGE_CURVE('',#13880,#13882,#13896,.T.);
#13898 = CARTESIAN_POINT('',(43.13964,25.92836,1.50000));
#13899 = DIRECTION('',(0.000000,0.000000,-1.000000));
#13900 = VECTOR('',#13899,1.50000);
#13901 = LINE('',#13898,#13900);
#13902 = EDGE_CURVE('',#13882,#13876,#13901,.T.);
#13903 = ORIENTED_EDGE('',*,*,#13902,.F.);
#13904 = ORIENTED_EDGE('',*,*,#13897,.F.);
#13905 = ORIENTED_EDGE('',*,*,#13892,.F.);
#13906 = ORIENTED_EDGE('',*,*,#13887,.F.);
#13907 = EDGE_LOOP('',(#13903,#13904,#13905,#13906));
#13908 = FACE_OUTER_BOUND('',#13907,.T.);
#13909 = CARTESIAN_POINT('',(43.13964,25.92836,0.00000));
#13910 = DIRECTION('',(-0.000000,-1.000000,0.000000));
#13911 = DIRECTION('',(-1.000000,0.000000,0.000000));
#13912 = AXIS2_PLACEMENT_3D('',#13909,#13910,#13911);
#13913 = PLANE('',#13912);
#13914 = ADVANCED_FACE('',(#13908),#13913,.T.);
#13915 = CARTESIAN_POINT('',(29.33964,25.92836,0.00000));
#13916 = VERTEX_POINT('',#13915);
#13917 = CARTESIAN_POINT('',(29.33964,39.72836,0.00000));
#13918 = VERTEX_POINT('',#13917);
#13919 = CARTESIAN_POINT('',(29.33964,39.72836,1.50000));
#13920 = VERTEX_POINT('',#13919);
#13921 = CARTESIAN_POINT('',(29.33964,25.92836,1.50000));
#13922 = VERTEX_POINT('',#13921);
#13923 = CARTESIAN_POINT('',(29.33964,25.92836,0.00000));
#13924 = DIRECTION('',(0.000000,1.000000,0.000000));
#13925 = VECTOR('',#13924,13.80000);
#13926 = LINE('',#13923,#13925);
#13927 = EDGE_CURVE('',#13916,#13918,#13926,.T.);
#13928 = CARTESIAN_POINT('',(29.33964,39.72836,0.00000));
#13929 = DIRECTION('',(0.000000,0.000000,1.000000));
#13930 = VECTOR('',#13929,1.50000);
#13931 = LINE('',#13928,#13930);
#13932 = EDGE_CURVE('',#13918,#13920,#13931,.T.);
#13933 = CARTESIAN_POINT('',(29.33964,39.72836,1.50000));
#13934 = DIRECTION('',(-0.000000,-1.000000,0.000000));
#13935 = VECTOR('',#13934,13.80000);
#13936 = LINE('',#13933,#13935);
#13937 = EDGE_CURVE('',#13920,#13922,#13936,.T.);
#13938 = CARTESIAN_POINT('',(29.33964,25.92836,1.50000));
#13939 = DIRECTION('',(0.000000,0.000000,-1.000000));
#13940 = VECTOR('',#13939,1.50000);
#13941 = LINE('',#13938,#13940);
#13942 = EDGE_CURVE('',#13922,#13916,#13941,.T.);
#13943 = ORIENTED_EDGE('',*,*,#13942,.F.);
#13944 = ORIENTED_EDGE('',*,*,#13937,.F.);
#13945 = ORIENTED_EDGE('',*,*,#13932,.F.);
#13946 = ORIENTED_EDGE('',*,*,#13927,.F.);
#13947 = EDGE_LOOP('',(#13943,#13944,#13945,#13946));
#13948 = FACE_OUTER_BOUND('',#13947,.T.);
#13949 = CARTESIAN_POINT('',(29.33964,25.92836,0.00000));
#13950 = DIRECTION('',(-1.000000,0.000000,0.000000));
#13951 = DIRECTION('',(0.000000,1.000000,0.000000));
#13952 = AXIS2_PLACEMENT_3D('',#13949,#13950,#13951);
#13953 = PLANE('',#13952);
#13954 = ADVANCED_FACE('',(#13948),#13953,.T.);
#13955 = CARTESIAN_POINT('',(106.68014,41.67876,0.00000));
#13956 = VERTEX_POINT('',#13955);
#13957 = CARTESIAN_POINT('',(120.48014,41.67876,0.00000));
#13958 = VERTEX_POINT('',#13957);
#13959 = CARTESIAN_POINT('',(120.48014,41.67876,1.50000));
#13960 = VERTEX_POINT('',#13959);
#13961 = CARTESIAN_POINT('',(106.68014,41.67876,1.50000));
#13962 = VERTEX_POINT('',#13961);
#13963 = CARTESIAN_POINT('',(106.68014,41.67876,0.00000));
#13964 = DIRECTION('',(1.000000,0.000000,0.000000));
#13965 = VECTOR('',#13964,13.80000);
#13966 = LINE('',#13963,#13965);
#13967 = EDGE_CURVE('',#13956,#13958,#13966,.T.);
#13968 = CARTESIAN_POINT('',(120.48014,41.67876,0.00000));
#13969 = DIRECTION('',(0.000000,0.000000,1.000000));
#13970 = VECTOR('',#13969,1.50000);
#13971 = LINE('',#13968,#13970);
#13972 = EDGE_CURVE('',#13958,#13960,#13971,.T.);
#13973 = CARTESIAN_POINT('',(120.48014,41.67876,1.50000));
#13974 = DIRECTION('',(-1.000000,-0.000000,0.000000));
#13975 = VECTOR('',#13974,13.80000);
#13976 = LINE('',#13973,#13975);
#13977 = EDGE_CURVE('',#13960,#13962,#13976,.T.);
#13978 = CARTESIAN_POINT('',(106.68014,41.67876,1.50000));
#13979 = DIRECTION('',(0.000000,0.000000,-1.000000));
#13980 = VECTOR('',#13979,1.50000);
#13981 = LINE('',#13978,#13980);
#13982 = EDGE_CURVE('',#13962,#13956,#13981,.T.);
#13983 = ORIENTED_EDGE('',*,*,#13982,.F.);
#13984 = ORIENTED_EDGE('',*,*,#13977,.F.);
#13985 = ORIENTED_EDGE('',*,*,#13972,.F.);
#13986 = ORIENTED_EDGE('',*,*,#13967,.F.);
#13987 = EDGE_LOOP('',(#13983,#13984,#13985,#13986));
#13988 = FACE_OUTER_BOUND('',#13987,.T.);
#13989 = CARTESIAN_POINT('',(106.68014,41.67876,0.00000));
#13990 = DIRECTION('',(-0.000000,1.000000,0.000000));
#13991 = DIRECTION('',(1.000000,0.000000,0.000000));
#13992 = AXIS2_PLACEMENT_3D('',#13989,#13990,#13991);
#13993 = PLANE('',#13992);
#13994 = ADVANCED_FACE('',(#13988),#13993,.T.);
#13995 = CARTESIAN_POINT('',(120.48014,41.67876,0.00000));
#13996 = VERTEX_POINT('',#13995);
#13997 = CARTESIAN_POINT('',(120.48014,27.87876,0.00000));
#13998 = VERTEX_POINT('',#13997);
#13999 = CARTESIAN_POINT('',(120.48014,27.87876,1.50000));
#14000 = VERTEX_POINT('',#13999);
#14001 = CARTESIAN_POINT('',(120.48014,41.67876,1.50000));
#14002 = VERTEX_POINT('',#14001);
#14003 = CARTESIAN_POINT('',(120.48014,41.67876,0.00000));
#14004 = DIRECTION('',(0.000000,-1.000000,0.000000));
#14005 = VECTOR('',#14004,13.80000);
#14006 = LINE('',#14003,#14005);
#14007 = EDGE_CURVE('',#13996,#13998,#14006,.T.);
#14008 = CARTESIAN_POINT('',(120.48014,27.87876,0.00000));
#14009 = DIRECTION('',(0.000000,0.000000,1.000000));
#14010 = VECTOR('',#14009,1.50000);
#14011 = LINE('',#14008,#14010);
#14012 = EDGE_CURVE('',#13998,#14000,#14011,.T.);
#14013 = CARTESIAN_POINT('',(120.48014,27.87876,1.50000));
#14014 = DIRECTION('',(-0.000000,1.000000,0.000000));
#14015 = VECTOR('',#14014,13.80000);
#14016 = LINE('',#14013,#14015);
#14017 = EDGE_CURVE('',#14000,#14002,#14016,.T.);
#14018 = CARTESIAN_POINT('',(120.48014,41.67876,1.50000));
#14019 = DIRECTION('',(0.000000,0.000000,-1.000000));
#14020 = VECTOR('',#14019,1.50000);
#14021 = LINE('',#14018,#14020);
#14022 = EDGE_CURVE('',#14002,#13996,#14021,.T.);
#14023 = ORIENTED_EDGE('',*,*,#14022,.F.);
#14024 = ORIENTED_EDGE('',*,*,#14017,.F.);
#14025 = ORIENTED_EDGE('',*,*,#14012,.F.);
#14026 = ORIENTED_EDGE('',*,*,#14007,.F.);
#14027 = EDGE_LOOP('',(#14023,#14024,#14025,#14026));
#14028 = FACE_OUTER_BOUND('',#14027,.T.);
#14029 = CARTESIAN_POINT('',(120.48014,41.67876,0.00000));
#14030 = DIRECTION('',(1.000000,0.000000,0.000000));
#14031 = DIRECTION('',(0.000000,-1.000000,0.000000));
#14032 = AXIS2_PLACEMENT_3D('',#14029,#14030,#14031);
#14033 = PLANE('',#14032);
#14034 = ADVANCED_FACE('',(#14028),#14033,.T.);
#14035 = CARTESIAN_POINT('',(120.48014,27.87876,0.00000));
#14036 = VERTEX_POINT('',#14035);
#14037 = CARTESIAN_POINT('',(106.68014,27.87876,0.00000));
#14038 = VERTEX_POINT('',#14037);
#14039 = CARTESIAN_POINT('',(106.68014,27.87876,1.50000));
#14040 = VERTEX_POINT('',#14039);
#14041 = CARTESIAN_POINT('',(120.48014,27.87876,1.50000));
#14042 = VERTEX_POINT('',#14041);
#14043 = CARTESIAN_POINT('',(120.48014,27.87876,0.00000));
#14044 = DIRECTION('',(-1.000000,0.000000,0.000000));
#14045 = VECTOR('',#14044,13.80000);
#14046 = LINE('',#14043,#14045);
#14047 = EDGE_CURVE('',#14036,#14038,#14046,.T.);
#14048 = CARTESIAN_POINT('',(106.68014,27.87876,0.00000));
#14049 = DIRECTION('',(0.000000,0.000000,1.000000));
#14050 = VECTOR('',#14049,1.50000);
#14051 = LINE('',#14048,#14050);
#14052 = EDGE_CURVE('',#14038,#14040,#14051,.T.);
#14053 = CARTESIAN_POINT('',(106.68014,27.87876,1.50000));
#14054 = DIRECTION('',(1.000000,-0.000000,0.000000));
#14055 = VECTOR('',#14054,13.80000);
#14056 = LINE('',#14053,#14055);
#14057 = EDGE_CURVE('',#14040,#14042,#14056,.T.);
#14058 = CARTESIAN_POINT('',(120.48014,27.87876,1.50000));
#14059 = DIRECTION('',(0.000000,0.000000,-1.000000));
#14060 = VECTOR('',#14059,1.50000);
#14061 = LINE('',#14058,#14060);
#14062 = EDGE_CURVE('',#14042,#14036,#14061,.T.);
#14063 = ORIENTED_EDGE('',*,*,#14062,.F.);
#14064 = ORIENTED_EDGE('',*,*,#14057,.F.);
#14065 = ORIENTED_EDGE('',*,*,#14052,.F.);
#14066 = ORIENTED_EDGE('',*,*,#14047,.F.);
#14067 = EDGE_LOOP('',(#14063,#14064,#14065,#14066));
#14068 = FACE_OUTER_BOUND('',#14067,.T.);
#14069 = CARTESIAN_POINT('',(120.48014,27.87876,0.00000));
#14070 = DIRECTION('',(-0.000000,-1.000000,0.000000));
#14071 = DIRECTION('',(-1.000000,0.000000,0.000000));
#14072 = AXIS2_PLACEMENT_3D('',#14069,#14070,#14071);
#14073 = PLANE('',#14072);
#14074 = ADVANCED_FACE('',(#14068),#14073,.T.);
#14075 = CARTESIAN_POINT('',(106.68014,27.87876,0.00000));
#14076 = VERTEX_POINT('',#14075);
#14077 = CARTESIAN_POINT('',(106.68014,41.67876,0.00000));
#14078 = VERTEX_POINT('',#14077);
#14079 = CARTESIAN_POINT('',(106.68014,41.67876,1.50000));
#14080 = VERTEX_POINT('',#14079);
#14081 = CARTESIAN_POINT('',(106.68014,27.87876,1.50000));
#14082 = VERTEX_POINT('',#14081);
#14083 = CARTESIAN_POINT('',(106.68014,27.87876,0.00000));
#14084 = DIRECTION('',(0.000000,1.000000,0.000000));
#14085 = VECTOR('',#14084,13.80000);
#14086 = LINE('',#14083,#14085);
#14087 = EDGE_CURVE('',#14076,#14078,#14086,.T.);
#14088 = CARTESIAN_POINT('',(106.68014,41.67876,0.00000));
#14089 = DIRECTION('',(0.000000,0.000000,1.000000));
#14090 = VECTOR('',#14089,1.50000);
#14091 = LINE('',#14088,#14090);
#14092 = EDGE_CURVE('',#14078,#14080,#14091,.T.);
#14093 = CARTESIAN_POINT('',(106.68014,41.67876,1.50000));
#14094 = DIRECTION('',(-0.000000,-1.000000,0.000000));
#14095 = VECTOR('',#14094,13.80000);
#14096 = LINE('',#14093,#14095);
#14097 = EDGE_CURVE('',#14080,#14082,#14096,.T.);
#14098 = CARTESIAN_POINT('',(106.68014,27.87876,1.50000));
#14099 = DIRECTION('',(0.000000,0.000000,-1.000000));
#14100 = VECTOR('',#14099,1.50000);
#14101 = LINE('',#14098,#14100);
#14102 = EDGE_CURVE('',#14082,#14076,#14101,.T.);
#14103 = ORIENTED_EDGE('',*,*,#14102,.F.);
#14104 = ORIENTED_EDGE('',*,*,#14097,.F.);
#14105 = ORIENTED_EDGE('',*,*,#14092,.F.);
#14106 = ORIENTED_EDGE('',*,*,#14087,.F.);
#14107 = EDGE_LOOP('',(#14103,#14104,#14105,#14106));
#14108 = FACE_OUTER_BOUND('',#14107,.T.);
#14109 = CARTESIAN_POINT('',(106.68014,27.87876,0.00000));
#14110 = DIRECTION('',(-1.000000,0.000000,0.000000));
#14111 = DIRECTION('',(0.000000,1.000000,0.000000));
#14112 = AXIS2_PLACEMENT_3D('',#14109,#14110,#14111);
#14113 = PLANE('',#14112);
#14114 = ADVANCED_FACE('',(#14108),#14113,.T.);
#14115 = CARTESIAN_POINT('',(48.54204,20.39916,0.00000));
#14116 = VERTEX_POINT('',#14115);
#14117 = CARTESIAN_POINT('',(62.34204,20.39916,0.00000));
#14118 = VERTEX_POINT('',#14117);
#14119 = CARTESIAN_POINT('',(62.34204,20.39916,1.50000));
#14120 = VERTEX_POINT('',#14119);
#14121 = CARTESIAN_POINT('',(48.54204,20.39916,1.50000));
#14122 = VERTEX_POINT('',#14121);
#14123 = CARTESIAN_POINT('',(48.54204,20.39916,0.00000));
#14124 = DIRECTION('',(1.000000,0.000000,0.000000));
#14125 = VECTOR('',#14124,13.80000);
#14126 = LINE('',#14123,#14125);
#14127 = EDGE_CURVE('',#14116,#14118,#14126,.T.);
#14128 = CARTESIAN_POINT('',(62.34204,20.39916,0.00000));
#14129 = DIRECTION('',(0.000000,0.000000,1.000000));
#14130 = VECTOR('',#14129,1.50000);
#14131 = LINE('',#14128,#14130);
#14132 = EDGE_CURVE('',#14118,#14120,#14131,.T.);
#14133 = CARTESIAN_POINT('',(62.34204,20.39916,1.50000));
#14134 = DIRECTION('',(-1.000000,-0.000000,0.000000));
#14135 = VECTOR('',#14134,13.80000);
#14136 = LINE('',#14133,#14135);
#14137 = EDGE_CURVE('',#14120,#14122,#14136,.T.);
#14138 = CARTESIAN_POINT('',(48.54204,20.39916,1.50000));
#14139 = DIRECTION('',(0.000000,0.000000,-1.000000));
#14140 = VECTOR('',#14139,1.50000);
#14141 = LINE('',#14138,#14140);
#14142 = EDGE_CURVE('',#14122,#14116,#14141,.T.);
#14143 = ORIENTED_EDGE('',*,*,#14142,.F.);
#14144 = ORIENTED_EDGE('',*,*,#14137,.F.);
#14145 = ORIENTED_EDGE('',*,*,#14132,.F.);
#14146 = ORIENTED_EDGE('',*,*,#14127,.F.);
#14147 = EDGE_LOOP('',(#14143,#14144,#14145,#14146));
#14148 = FACE_OUTER_BOUND('',#14147,.T.);
#14149 = CARTESIAN_POINT('',(48.54204,20.39916,0.00000));
#14150 = DIRECTION('',(-0.000000,1.000000,0.000000));
#14151 = DIRECTION('',(1.000000,0.000000,0.000000));
#14152 = AXIS2_PLACEMENT_3D('',#14149,#14150,#14151);
#14153 = PLANE('',#14152);
#14154 = ADVANCED_FACE('',(#14148),#14153,.T.);
#14155 = CARTESIAN_POINT('',(62.34204,20.39916,0.00000));
#14156 = VERTEX_POINT('',#14155);
#14157 = CARTESIAN_POINT('',(62.34204,6.59916,0.00000));
#14158 = VERTEX_POINT('',#14157);
#14159 = CARTESIAN_POINT('',(62.34204,6.59916,1.50000));
#14160 = VERTEX_POINT('',#14159);
#14161 = CARTESIAN_POINT('',(62.34204,20.39916,1.50000));
#14162 = VERTEX_POINT('',#14161);
#14163 = CARTESIAN_POINT('',(62.34204,20.39916,0.00000));
#14164 = DIRECTION('',(0.000000,-1.000000,0.000000));
#14165 = VECTOR('',#14164,13.80000);
#14166 = LINE('',#14163,#14165);
#14167 = EDGE_CURVE('',#14156,#14158,#14166,.T.);
#14168 = CARTESIAN_POINT('',(62.34204,6.59916,0.00000));
#14169 = DIRECTION('',(0.000000,0.000000,1.000000));
#14170 = VECTOR('',#14169,1.50000);
#14171 = LINE('',#14168,#14170);
#14172 = EDGE_CURVE('',#14158,#14160,#14171,.T.);
#14173 = CARTESIAN_POINT('',(62.34204,6.59916,1.50000));
#14174 = DIRECTION('',(-0.000000,1.000000,0.000000));
#14175 = VECTOR('',#14174,13.80000);
#14176 = LINE('',#14173,#14175);
#14177 = EDGE_CURVE('',#14160,#14162,#14176,.T.);
#14178 = CARTESIAN_POINT('',(62.34204,20.39916,1.50000));
#14179 = DIRECTION('',(0.000000,0.000000,-1.000000));
#14180 = VECTOR('',#14179,1.50000);
#14181 = LINE('',#14178,#14180);
#14182 = EDGE_CURVE('',#14162,#14156,#14181,.T.);
#14183 = ORIENTED_EDGE('',*,*,#14182,.F.);
#14184 = ORIENTED_EDGE('',*,*,#14177,.F.);
#14185 = ORIENTED_EDGE('',*,*,#14172,.F.);
#14186 = ORIENTED_EDGE('',*,*,#14167,.F.);
#14187 = EDGE_LOOP('',(#14183,#14184,#14185,#14186));
#14188 = FACE_OUTER_BOUND('',#14187,.T.);
#14189 = CARTESIAN_POINT('',(62.34204,20.39916,0.00000));
#14190 = DIRECTION('',(1.000000,0.000000,0.000000));
#14191 = DIRECTION('',(0.000000,-1.000000,0.000000));
#14192 = AXIS2_PLACEMENT_3D('',#14189,#14190,#14191);
#14193 = PLANE('',#14192);
#14194 = ADVANCED_FACE('',(#14188),#14193,.T.);
#14195 = CARTESIAN_POINT('',(62.34204,6.59916,0.00000));
#14196 = VERTEX_POINT('',#14195);
#14197 = CARTESIAN_POINT('',(48.54204,6.59916,0.00000));
#14198 = VERTEX_POINT('',#14197);
#14199 = CARTESIAN_POINT('',(48.54204,6.59916,1.50000));
#14200 = VERTEX_POINT('',#14199);
#14201 = CARTESIAN_POINT('',(62.34204,6.59916,1.50000));
#14202 = VERTEX_POINT('',#14201);
#14203 = CARTESIAN_POINT('',(62.34204,6.59916,0.00000));
#14204 = DIRECTION('',(-1.000000,0.000000,0.000000));
#14205 = VECTOR('',#14204,13.80000);
#14206 = LINE('',#14203,#14205);
#14207 = EDGE_CURVE('',#14196,#14198,#14206,.T.);
#14208 = CARTESIAN_POINT('',(48.54204,6.59916,0.00000));
#14209 = DIRECTION('',(0.000000,0.000000,1.000000));
#14210 = VECTOR('',#14209,1.50000);
#14211 = LINE('',#14208,#14210);
#14212 = EDGE_CURVE('',#14198,#14200,#14211,.T.);
#14213 = CARTESIAN_POINT('',(48.54204,6.59916,1.50000));
#14214 = DIRECTION('',(1.000000,-0.000000,0.000000));
#14215 = VECTOR('',#14214,13.80000);
#14216 = LINE('',#14213,#14215);
#14217 = EDGE_CURVE('',#14200,#14202,#14216,.T.);
#14218 = CARTESIAN_POINT('',(62.34204,6.59916,1.50000));
#14219 = DIRECTION('',(0.000000,0.000000,-1.000000));
#14220 = VECTOR('',#14219,1.50000);
#14221 = LINE('',#14218,#14220);
#14222 = EDGE_CURVE('',#14202,#14196,#14221,.T.);
#14223 = ORIENTED_EDGE('',*,*,#14222,.F.);
#14224 = ORIENTED_EDGE('',*,*,#14217,.F.);
#14225 = ORIENTED_EDGE('',*,*,#14212,.F.);
#14226 = ORIENTED_EDGE('',*,*,#14207,.F.);
#14227 = EDGE_LOOP('',(#14223,#14224,#14225,#14226));
#14228 = FACE_OUTER_BOUND('',#14227,.T.);
#14229 = CARTESIAN_POINT('',(62.34204,6.59916,0.00000));
#14230 = DIRECTION('',(-0.000000,-1.000000,0.000000));
#14231 = DIRECTION('',(-1.000000,0.000000,0.000000));
#14232 = AXIS2_PLACEMENT_3D('',#14229,#14230,#14231);
#14233 = PLANE('',#14232);
#14234 = ADVANCED_FACE('',(#14228),#14233,.T.);
#14235 = CARTESIAN_POINT('',(48.54204,6.59916,0.00000));
#14236 = VERTEX_POINT('',#14235);
#14237 = CARTESIAN_POINT('',(48.54204,20.39916,0.00000));
#14238 = VERTEX_POINT('',#14237);
#14239 = CARTESIAN_POINT('',(48.54204,20.39916,1.50000));
#14240 = VERTEX_POINT('',#14239);
#14241 = CARTESIAN_POINT('',(48.54204,6.59916,1.50000));
#14242 = VERTEX_POINT('',#14241);
#14243 = CARTESIAN_POINT('',(48.54204,6.59916,0.00000));
#14244 = DIRECTION('',(0.000000,1.000000,0.000000));
#14245 = VECTOR('',#14244,13.80000);
#14246 = LINE('',#14243,#14245);
#14247 = EDGE_CURVE('',#14236,#14238,#14246,.T.);
#14248 = CARTESIAN_POINT('',(48.54204,20.39916,0.00000));
#14249 = DIRECTION('',(0.000000,0.000000,1.000000));
#14250 = VECTOR('',#14249,1.50000);
#14251 = LINE('',#14248,#14250);
#14252 = EDGE_CURVE('',#14238,#14240,#14251,.T.);
#14253 = CARTESIAN_POINT('',(48.54204,20.39916,1.50000));
#14254 = DIRECTION('',(-0.000000,-1.000000,0.000000));
#14255 = VECTOR('',#14254,13.80000);
#14256 = LINE('',#14253,#14255);
#14257 = EDGE_CURVE('',#14240,#14242,#14256,.T.);
#14258 = CARTESIAN_POINT('',(48.54204,6.59916,1.50000));
#14259 = DIRECTION('',(0.000000,0.000000,-1.000000));
#14260 = VECTOR('',#14259,1.50000);
#14261 = LINE('',#14258,#14260);
#14262 = EDGE_CURVE('',#14242,#14236,#14261,.T.);
#14263 = ORIENTED_EDGE('',*,*,#14262,.F.);
#14264 = ORIENTED_EDGE('',*,*,#14257,.F.);
#14265 = ORIENTED_EDGE('',*,*,#14252,.F.);
#14266 = ORIENTED_EDGE('',*,*,#14247,.F.);
#14267 = EDGE_LOOP('',(#14263,#14264,#14265,#14266));
#14268 = FACE_OUTER_BOUND('',#14267,.T.);
#14269 = CARTESIAN_POINT('',(48.54204,6.59916,0.00000));
#14270 = DIRECTION('',(-1.000000,0.000000,0.000000));
#14271 = DIRECTION('',(0.000000,1.000000,0.000000));
#14272 = AXIS2_PLACEMENT_3D('',#14269,#14270,#14271);
#14273 = PLANE('',#14272);
#14274 = ADVANCED_FACE('',(#14268),#14273,.T.);
#14275 = CARTESIAN_POINT('',(29.33964,22.13336,0.00000));
#14276 = VERTEX_POINT('',#14275);
#14277 = CARTESIAN_POINT('',(43.13964,22.13336,0.00000));
#14278 = VERTEX_POINT('',#14277);
#14279 = CARTESIAN_POINT('',(43.13964,22.13336,1.50000));
#14280 = VERTEX_POINT('',#14279);
#14281 = CARTESIAN_POINT('',(29.33964,22.13336,1.50000));
#14282 = VERTEX_POINT('',#14281);
#14283 = CARTESIAN_POINT('',(29.33964,22.13336,0.00000));
#14284 = DIRECTION('',(1.000000,0.000000,0.000000));
#14285 = VECTOR('',#14284,13.80000);
#14286 = LINE('',#14283,#14285);
#14287 = EDGE_CURVE('',#14276,#14278,#14286,.T.);
#14288 = CARTESIAN_POINT('',(43.13964,22.13336,0.00000));
#14289 = DIRECTION('',(0.000000,0.000000,1.000000));
#14290 = VECTOR('',#14289,1.50000);
#14291 = LINE('',#14288,#14290);
#14292 = EDGE_CURVE('',#14278,#14280,#14291,.T.);
#14293 = CARTESIAN_POINT('',(43.13964,22.13336,1.50000));
#14294 = DIRECTION('',(-1.000000,-0.000000,0.000000));
#14295 = VECTOR('',#14294,13.80000);
#14296 = LINE('',#14293,#14295);
#14297 = EDGE_CURVE('',#14280,#14282,#14296,.T.);
#14298 = CARTESIAN_POINT('',(29.33964,22.13336,1.50000));
#14299 = DIRECTION('',(0.000000,0.000000,-1.000000));
#14300 = VECTOR('',#14299,1.50000);
#14301 = LINE('',#14298,#14300);
#14302 = EDGE_CURVE('',#14282,#14276,#14301,.T.);
#14303 = ORIENTED_EDGE('',*,*,#14302,.F.);
#14304 = ORIENTED_EDGE('',*,*,#14297,.F.);
#14305 = ORIENTED_EDGE('',*,*,#14292,.F.);
#14306 = ORIENTED_EDGE('',*,*,#14287,.F.);
#14307 = EDGE_LOOP('',(#14303,#14304,#14305,#14306));
#14308 = FACE_OUTER_BOUND('',#14307,.T.);
#14309 = CARTESIAN_POINT('',(29.33964,22.13336,0.00000));
#14310 = DIRECTION('',(-0.000000,1.000000,0.000000));
#14311 = DIRECTION('',(1.000000,0.000000,0.000000));
#14312 = AXIS2_PLACEMENT_3D('',#14309,#14310,#14311);
#14313 = PLANE('',#14312);
#14314 = ADVANCED_FACE('',(#14308),#14313,.T.);
#14315 = CARTESIAN_POINT('',(43.13964,22.13336,0.00000));
#14316 = VERTEX_POINT('',#14315);
#14317 = CARTESIAN_POINT('',(43.13964,8.33336,0.00000));
#14318 = VERTEX_POINT('',#14317);
#14319 = CARTESIAN_POINT('',(43.13964,8.33336,1.50000));
#14320 = VERTEX_POINT('',#14319);
#14321 = CARTESIAN_POINT('',(43.13964,22.13336,1.50000));
#14322 = VERTEX_POINT('',#14321);
#14323 = CARTESIAN_POINT('',(43.13964,22.13336,0.00000));
#14324 = DIRECTION('',(0.000000,-1.000000,0.000000));
#14325 = VECTOR('',#14324,13.80000);
#14326 = LINE('',#14323,#14325);
#14327 = EDGE_CURVE('',#14316,#14318,#14326,.T.);
#14328 = CARTESIAN_POINT('',(43.13964,8.33336,0.00000));
#14329 = DIRECTION('',(0.000000,0.000000,1.000000));
#14330 = VECTOR('',#14329,1.50000);
#14331 = LINE('',#14328,#14330);
#14332 = EDGE_CURVE('',#14318,#14320,#14331,.T.);
#14333 = CARTESIAN_POINT('',(43.13964,8.33336,1.50000));
#14334 = DIRECTION('',(-0.000000,1.000000,0.000000));
#14335 = VECTOR('',#14334,13.80000);
#14336 = LINE('',#14333,#14335);
#14337 = EDGE_CURVE('',#14320,#14322,#14336,.T.);
#14338 = CARTESIAN_POINT('',(43.13964,22.13336,1.50000));
#14339 = DIRECTION('',(0.000000,0.000000,-1.000000));
#14340 = VECTOR('',#14339,1.50000);
#14341 = LINE('',#14338,#14340);
#14342 = EDGE_CURVE('',#14322,#14316,#14341,.T.);
#14343 = ORIENTED_EDGE('',*,*,#14342,.F.);
#14344 = ORIENTED_EDGE('',*,*,#14337,.F.);
#14345 = ORIENTED_EDGE('',*,*,#14332,.F.);
#14346 = ORIENTED_EDGE('',*,*,#14327,.F.);
#14347 = EDGE_LOOP('',(#14343,#14344,#14345,#14346));
#14348 = FACE_OUTER_BOUND('',#14347,.T.);
#14349 = CARTESIAN_POINT('',(43.13964,22.13336,0.00000));
#14350 = DIRECTION('',(1.000000,0.000000,0.000000));
#14351 = DIRECTION('',(0.000000,-1.000000,0.000000));
#14352 = AXIS2_PLACEMENT_3D('',#14349,#14350,#14351);
#14353 = PLANE('',#14352);
#14354 = ADVANCED_FACE('',(#14348),#14353,.T.);
#14355 = CARTESIAN_POINT('',(43.13964,8.33336,0.00000));
#14356 = VERTEX_POINT('',#14355);
#14357 = CARTESIAN_POINT('',(29.33964,8.33336,0.00000));
#14358 = VERTEX_POINT('',#14357);
#14359 = CARTESIAN_POINT('',(29.33964,8.33336,1.50000));
#14360 = VERTEX_POINT('',#14359);
#14361 = CARTESIAN_POINT('',(43.13964,8.33336,1.50000));
#14362 = VERTEX_POINT('',#14361);
#14363 = CARTESIAN_POINT('',(43.13964,8.33336,0.00000));
#14364 = DIRECTION('',(-1.000000,0.000000,0.000000));
#14365 = VECTOR('',#14364,13.80000);
#14366 = LINE('',#14363,#14365);
#14367 = EDGE_CURVE('',#14356,#14358,#14366,.T.);
#14368 = CARTESIAN_POINT('',(29.33964,8.33336,0.00000));
#14369 = DIRECTION('',(0.000000,0.000000,1.000000));
#14370 = VECTOR('',#14369,1.50000);
#14371 = LINE('',#14368,#14370);
#14372 = EDGE_CURVE('',#14358,#14360,#14371,.T.);
#14373 = CARTESIAN_POINT('',(29.33964,8.33336,1.50000));
#14374 = DIRECTION('',(1.000000,-0.000000,0.000000));
#14375 = VECTOR('',#14374,13.80000);
#14376 = LINE('',#14373,#14375);
#14377 = EDGE_CURVE('',#14360,#14362,#14376,.T.);
#14378 = CARTESIAN_POINT('',(43.13964,8.33336,1.50000));
#14379 = DIRECTION('',(0.000000,0.000000,-1.000000));
#14380 = VECTOR('',#14379,1.50000);
#14381 = LINE('',#14378,#14380);
#14382 = EDGE_CURVE('',#14362,#14356,#14381,.T.);
#14383 = ORIENTED_EDGE('',*,*,#14382,.F.);
#14384 = ORIENTED_EDGE('',*,*,#14377,.F.);
#14385 = ORIENTED_EDGE('',*,*,#14372,.F.);
#14386 = ORIENTED_EDGE('',*,*,#14367,.F.);
#14387 = EDGE_LOOP('',(#14383,#14384,#14385,#14386));
#14388 = FACE_OUTER_BOUND('',#14387,.T.);
#14389 = CARTESIAN_POINT('',(43.13964,8.33336,0.00000));
#14390 = DIRECTION('',(-0.000000,-1.000000,0.000000));
#14391 = DIRECTION('',(-1.000000,0.000000,0.000000));
#14392 = AXIS2_PLACEMENT_3D('',#14389,#14390,#14391);
#14393 = PLANE('',#14392);
#14394 = ADVANCED_FACE('',(#14388),#14393,.T.);
#14395 = CARTESIAN_POINT('',(29.33964,8.33336,0.00000));
#14396 = VERTEX_POINT('',#14395);
#14397 = CARTESIAN_POINT('',(29.33964,22.13336,0.00000));
#14398 = VERTEX_POINT('',#14397);
#14399 = CARTESIAN_POINT('',(29.33964,22.13336,1.50000));
#14400 = VERTEX_POINT('',#14399);
#14401 = CARTESIAN_POINT('',(29.33964,8.33336,1.50000));
#14402 = VERTEX_POINT('',#14401);
#14403 = CARTESIAN_POINT('',(29.33964,8.33336,0.00000));
#14404 = DIRECTION('',(0.000000,1.000000,0.000000));
#14405 = VECTOR('',#14404,13.80000);
#14406 = LINE('',#14403,#14405);
#14407 = EDGE_CURVE('',#14396,#14398,#14406,.T.);
#14408 = CARTESIAN_POINT('',(29.33964,22.13336,0.00000));
#14409 = DIRECTION('',(0.000000,0.000000,1.000000));
#14410 = VECTOR('',#14409,1.50000);
#14411 = LINE('',#14408,#14410);
#14412 = EDGE_CURVE('',#14398,#14400,#14411,.T.);
#14413 = CARTESIAN_POINT('',(29.33964,22.13336,1.50000));
#14414 = DIRECTION('',(-0.000000,-1.000000,0.000000));
#14415 = VECTOR('',#14414,13.80000);
#14416 = LINE('',#14413,#14415);
#14417 = EDGE_CURVE('',#14400,#14402,#14416,.T.);
#14418 = CARTESIAN_POINT('',(29.33964,8.33336,1.50000));
#14419 = DIRECTION('',(0.000000,0.000000,-1.000000));
#14420 = VECTOR('',#14419,1.50000);
#14421 = LINE('',#14418,#14420);
#14422 = EDGE_CURVE('',#14402,#14396,#14421,.T.);
#14423 = ORIENTED_EDGE('',*,*,#14422,.F.);
#14424 = ORIENTED_EDGE('',*,*,#14417,.F.);
#14425 = ORIENTED_EDGE('',*,*,#14412,.F.);
#14426 = ORIENTED_EDGE('',*,*,#14407,.F.);
#14427 = EDGE_LOOP('',(#14423,#14424,#14425,#14426));
#14428 = FACE_OUTER_BOUND('',#14427,.T.);
#14429 = CARTESIAN_POINT('',(29.33964,8.33336,0.00000));
#14430 = DIRECTION('',(-1.000000,0.000000,0.000000));
#14431 = DIRECTION('',(0.000000,1.000000,0.000000));
#14432 = AXIS2_PLACEMENT_3D('',#14429,#14430,#14431);
#14433 = PLANE('',#14432);
#14434 = ADVANCED_FACE('',(#14428),#14433,.T.);
#14435 = CARTESIAN_POINT('',(106.68014,24.08376,0.00000));
#14436 = VERTEX_POINT('',#14435);
#14437 = CARTESIAN_POINT('',(120.48014,24.08376,0.00000));
#14438 = VERTEX_POINT('',#14437);
#14439 = CARTESIAN_POINT('',(120.48014,24.08376,1.50000));
#14440 = VERTEX_POINT('',#14439);
#14441 = CARTESIAN_POINT('',(106.68014,24.08376,1.50000));
#14442 = VERTEX_POINT('',#14441);
#14443 = CARTESIAN_POINT('',(106.68014,24.08376,0.00000));
#14444 = DIRECTION('',(1.000000,0.000000,0.000000));
#14445 = VECTOR('',#14444,13.80000);
#14446 = LINE('',#14443,#14445);
#14447 = EDGE_CURVE('',#14436,#14438,#14446,.T.);
#14448 = CARTESIAN_POINT('',(120.48014,24.08376,0.00000));
#14449 = DIRECTION('',(0.000000,0.000000,1.000000));
#14450 = VECTOR('',#14449,1.50000);
#14451 = LINE('',#14448,#14450);
#14452 = EDGE_CURVE('',#14438,#14440,#14451,.T.);
#14453 = CARTESIAN_POINT('',(120.48014,24.08376,1.50000));
#14454 = DIRECTION('',(-1.000000,-0.000000,0.000000));
#14455 = VECTOR('',#14454,13.80000);
#14456 = LINE('',#14453,#14455);
#14457 = EDGE_CURVE('',#14440,#14442,#14456,.T.);
#14458 = CARTESIAN_POINT('',(106.68014,24.08376,1.50000));
#14459 = DIRECTION('',(0.000000,0.000000,-1.000000));
#14460 = VECTOR('',#14459,1.50000);
#14461 = LINE('',#14458,#14460);
#14462 = EDGE_CURVE('',#14442,#14436,#14461,.T.);
#14463 = ORIENTED_EDGE('',*,*,#14462,.F.);
#14464 = ORIENTED_EDGE('',*,*,#14457,.F.);
#14465 = ORIENTED_EDGE('',*,*,#14452,.F.);
#14466 = ORIENTED_EDGE('',*,*,#14447,.F.);
#14467 = EDGE_LOOP('',(#14463,#14464,#14465,#14466));
#14468 = FACE_OUTER_BOUND('',#14467,.T.);
#14469 = CARTESIAN_POINT('',(106.68014,24.08376,0.00000));
#14470 = DIRECTION('',(-0.000000,1.000000,0.000000));
#14471 = DIRECTION('',(1.000000,0.000000,0.000000));
#14472 = AXIS2_PLACEMENT_3D('',#14469,#14470,#14471);
#14473 = PLANE('',#14472);
#14474 = ADVANCED_FACE('',(#14468),#14473,.T.);
#14475 = CARTESIAN_POINT('',(120.48014,24.08376,0.00000));
#14476 = VERTEX_POINT('',#14475);
#14477 = CARTESIAN_POINT('',(120.48014,10.28376,0.00000));
#14478 = VERTEX_POINT('',#14477);
#14479 = CARTESIAN_POINT('',(120.48014,10.28376,1.50000));
#14480 = VERTEX_POINT('',#14479);
#14481 = CARTESIAN_POINT('',(120.48014,24.08376,1.50000));
#14482 = VERTEX_POINT('',#14481);
#14483 = CARTESIAN_POINT('',(120.48014,24.08376,0.00000));
#14484 = DIRECTION('',(0.000000,-1.000000,0.000000));
#14485 = VECTOR('',#14484,13.80000);
#14486 = LINE('',#14483,#14485);
#14487 = EDGE_CURVE('',#14476,#14478,#14486,.T.);
#14488 = CARTESIAN_POINT('',(120.48014,10.28376,0.00000));
#14489 = DIRECTION('',(0.000000,0.000000,1.000000));
#14490 = VECTOR('',#14489,1.50000);
#14491 = LINE('',#14488,#14490);
#14492 = EDGE_CURVE('',#14478,#14480,#14491,.T.);
#14493 = CARTESIAN_POINT('',(120.48014,10.28376,1.50000));
#14494 = DIRECTION('',(-0.000000,1.000000,0.000000));
#14495 = VECTOR('',#14494,13.80000);
#14496 = LINE('',#14493,#14495);
#14497 = EDGE_CURVE('',#14480,#14482,#14496,.T.);
#14498 = CARTESIAN_POINT('',(120.48014,24.08376,1.50000));
#14499 = DIRECTION('',(0.000000,0.000000,-1.000000));
#14500 = VECTOR('',#14499,1.50000);
#14501 = LINE('',#14498,#14500);
#14502 = EDGE_CURVE('',#14482,#14476,#14501,.T.);
#14503 = ORIENTED_EDGE('',*,*,#14502,.F.);
#14504 = ORIENTED_EDGE('',*,*,#14497,.F.);
#14505 = ORIENTED_EDGE('',*,*,#14492,.F.);
#14506 = ORIENTED_EDGE('',*,*,#14487,.F.);
#14507 = EDGE_LOOP('',(#14503,#14504,#14505,#14506));
#14508 = FACE_OUTER_BOUND('',#14507,.T.);
#14509 = CARTESIAN_POINT('',(120.48014,24.08376,0.00000));
#14510 = DIRECTION('',(1.000000,0.000000,0.000000));
#14511 = DIRECTION('',(0.000000,-1.000000,0.000000));
#14512 = AXIS2_PLACEMENT_3D('',#14509,#14510,#14511);
#14513 = PLANE('',#14512);
#14514 = ADVANCED_FACE('',(#14508),#14513,.T.);
#14515 = CARTESIAN_POINT('',(120.48014,10.28376,0.00000));
#14516 = VERTEX_POINT('',#14515);
#14517 = CARTESIAN_POINT('',(106.68014,10.28376,0.00000));
#14518 = VERTEX_POINT('',#14517);
#14519 = CARTESIAN_POINT('',(106.68014,10.28376,1.50000));
#14520 = VERTEX_POINT('',#14519);
#14521 = CARTESIAN_POINT('',(120.48014,10.28376,1.50000));
#14522 = VERTEX_POINT('',#14521);
#14523 = CARTESIAN_POINT('',(120.48014,10.28376,0.00000));
#14524 = DIRECTION('',(-1.000000,0.000000,0.000000));
#14525 = VECTOR('',#14524,13.80000);
#14526 = LINE('',#14523,#14525);
#14527 = EDGE_CURVE('',#14516,#14518,#14526,.T.);
#14528 = CARTESIAN_POINT('',(106.68014,10.28376,0.00000));
#14529 = DIRECTION('',(0.000000,0.000000,1.000000));
#14530 = VECTOR('',#14529,1.50000);
#14531 = LINE('',#14528,#14530);
#14532 = EDGE_CURVE('',#14518,#14520,#14531,.T.);
#14533 = CARTESIAN_POINT('',(106.68014,10.28376,1.50000));
#14534 = DIRECTION('',(1.000000,-0.000000,0.000000));
#14535 = VECTOR('',#14534,13.80000);
#14536 = LINE('',#14533,#14535);
#14537 = EDGE_CURVE('',#14520,#14522,#14536,.T.);
#14538 = CARTESIAN_POINT('',(120.48014,10.28376,1.50000));
#14539 = DIRECTION('',(0.000000,0.000000,-1.000000));
#14540 = VECTOR('',#14539,1.50000);
#14541 = LINE('',#14538,#14540);
#14542 = EDGE_CURVE('',#14522,#14516,#14541,.T.);
#14543 = ORIENTED_EDGE('',*,*,#14542,.F.);
#14544 = ORIENTED_EDGE('',*,*,#14537,.F.);
#14545 = ORIENTED_EDGE('',*,*,#14532,.F.);
#14546 = ORIENTED_EDGE('',*,*,#14527,.F.);
#14547 = EDGE_LOOP('',(#14543,#14544,#14545,#14546));
#14548 = FACE_OUTER_BOUND('',#14547,.T.);
#14549 = CARTESIAN_POINT('',(120.48014,10.28376,0.00000));
#14550 = DIRECTION('',(-0.000000,-1.000000,0.000000));
#14551 = DIRECTION('',(-1.000000,0.000000,0.000000));
#14552 = AXIS2_PLACEMENT_3D('',#14549,#14550,#14551);
#14553 = PLANE('',#14552);
#14554 = ADVANCED_FACE('',(#14548),#14553,.T.);
#14555 = CARTESIAN_POINT('',(106.68014,10.28376,0.00000));
#14556 = VERTEX_POINT('',#14555);
#14557 = CARTESIAN_POINT('',(106.68014,24.08376,0.00000));
#14558 = VERTEX_POINT('',#14557);
#14559 = CARTESIAN_POINT('',(106.68014,24.08376,1.50000));
#14560 = VERTEX_POINT('',#14559);
#14561 = CARTESIAN_POINT('',(106.68014,10.28376,1.50000));
#14562 = VERTEX_POINT('',#14561);
#14563 = CARTESIAN_POINT('',(106.68014,10.28376,0.00000));
#14564 = DIRECTION('',(0.000000,1.000000,0.000000));
#14565 = VECTOR('',#14564,13.80000);
#14566 = LINE('',#14563,#14565);
#14567 = EDGE_CURVE('',#14556,#14558,#14566,.T.);
#14568 = CARTESIAN_POINT('',(106.68014,24.08376,0.00000));
#14569 = DIRECTION('',(0.000000,0.000000,1.000000));
#14570 = VECTOR('',#14569,1.50000);
#14571 = LINE('',#14568,#14570);
#14572 = EDGE_CURVE('',#14558,#14560,#14571,.T.);
#14573 = CARTESIAN_POINT('',(106.68014,24.08376,1.50000));
#14574 = DIRECTION('',(-0.000000,-1.000000,0.000000));
#14575 = VECTOR('',#14574,13.80000);
#14576 = LINE('',#14573,#14575);
#14577 = EDGE_CURVE('',#14560,#14562,#14576,.T.);
#14578 = CARTESIAN_POINT('',(106.68014,10.28376,1.50000));
#14579 = DIRECTION('',(0.000000,0.000000,-1.000000));
#14580 = VECTOR('',#14579,1.50000);
#14581 = LINE('',#14578,#14580);
#14582 = EDGE_CURVE('',#14562,#14556,#14581,.T.);
#14583 = ORIENTED_EDGE('',*,*,#14582,.F.);
#14584 = ORIENTED_EDGE('',*,*,#14577,.F.);
#14585 = ORIENTED_EDGE('',*,*,#14572,.F.);
#14586 = ORIENTED_EDGE('',*,*,#14567,.F.);
#14587 = EDGE_LOOP('',(#14583,#14584,#14585,#14586));
#14588 = FACE_OUTER_BOUND('',#14587,.T.);
#14589 = CARTESIAN_POINT('',(106.68014,10.28376,0.00000));
#14590 = DIRECTION('',(-1.000000,0.000000,0.000000));
#14591 = DIRECTION('',(0.000000,1.000000,0.000000));
#14592 = AXIS2_PLACEMENT_3D('',#14589,#14590,#14591);
#14593 = PLANE('',#14592);
#14594 = ADVANCED_FACE('',(#14588),#14593,.T.);
#14595 = CARTESIAN_POINT('',(57.03508,75.05899,0.00000));
#14596 = VERTEX_POINT('',#14595);
#14597 = CARTESIAN_POINT('',(70.81617,75.78122,0.00000));
#14598 = VERTEX_POINT('',#14597);
#14599 = CARTESIAN_POINT('',(70.81617,75.78122,1.50000));
#14600 = VERTEX_POINT('',#14599);
#14601 = CARTESIAN_POINT('',(57.03508,75.05899,1.50000));
#14602 = VERTEX_POINT('',#14601);
#14603 = CARTESIAN_POINT('',(57.03508,75.05899,0.00000));
#14604 = DIRECTION('',(0.998630,0.052336,0.000000));
#14605 = VECTOR('',#14604,13.80000);
#14606 = LINE('',#14603,#14605);
#14607 = EDGE_CURVE('',#14596,#14598,#14606,.T.);
#14608 = CARTESIAN_POINT('',(70.81617,75.78122,0.00000));
#14609 = DIRECTION('',(0.000000,0.000000,1.000000));
#14610 = VECTOR('',#14609,1.50000);
#14611 = LINE('',#14608,#14610);
#14612 = EDGE_CURVE('',#14598,#14600,#14611,.T.);
#14613 = CARTESIAN_POINT('',(70.81617,75.78122,1.50000));
#14614 = DIRECTION('',(-0.998630,-0.052336,0.000000));
#14615 = VECTOR('',#14614,13.80000);
#14616 = LINE('',#14613,#14615);
#14617 = EDGE_CURVE('',#14600,#14602,#14616,.T.);
#14618 = CARTESIAN_POINT('',(57.03508,75.05899,1.50000));
#14619 = DIRECTION('',(0.000000,0.000000,-1.000000));
#14620 = VECTOR('',#14619,1.50000);
#14621 = LINE('',#14618,#14620);
#14622 = EDGE_CURVE('',#14602,#14596,#14621,.T.);
#14623 = ORIENTED_EDGE('',*,*,#14622,.F.);
#14624 = ORIENTED_EDGE('',*,*,#14617,.F.);
#14625 = ORIENTED_EDGE('',*,*,#14612,.F.);
#14626 = ORIENTED_EDGE('',*,*,#14607,.F.);
#14627 = EDGE_LOOP('',(#14623,#14624,#14625,#14626));
#14628 = FACE_OUTER_BOUND('',#14627,.T.);
#14629 = CARTESIAN_POINT('',(57.03508,75.05899,0.00000));
#14630 = DIRECTION('',(-0.052336,0.998630,0.000000));
#14631 = DIRECTION('',(0.998630,0.052336,0.000000));
#14632 = AXIS2_PLACEMENT_3D('',#14629,#14630,#14631);
#14633 = PLANE('',#14632);
#14634 = ADVANCED_FACE('',(#14628),#14633,.T.);
#14635 = CARTESIAN_POINT('',(70.81617,75.78122,0.00000));
#14636 = VERTEX_POINT('',#14635);
#14637 = CARTESIAN_POINT('',(71.53840,62.00013,0.00000));
#14638 = VERTEX_POINT('',#14637);
#14639 = CARTESIAN_POINT('',(71.53840,62.00013,1.50000));
#14640 = VERTEX_POINT('',#14639);
#14641 = CARTESIAN_POINT('',(70.81617,75.78122,1.50000));
#14642 = VERTEX_POINT('',#14641);
#14643 = CARTESIAN_POINT('',(70.81617,75.78122,0.00000));
#14644 = DIRECTION('',(0.052336,-0.998630,0.000000));
#14645 = VECTOR('',#14644,13.80000);
#14646 = LINE('',#14643,#14645);
#14647 = EDGE_CURVE('',#14636,#14638,#14646,.T.);
#14648 = CARTESIAN_POINT('',(71.53840,62.00013,0.00000));
#14649 = DIRECTION('',(0.000000,0.000000,1.000000));
#14650 = VECTOR('',#14649,1.50000);
#14651 = LINE('',#14648,#14650);
#14652 = EDGE_CURVE('',#14638,#14640,#14651,.T.);
#14653 = CARTESIAN_POINT('',(71.53840,62.00013,1.50000));
#14654 = DIRECTION('',(-0.052336,0.998630,0.000000));
#14655 = VECTOR('',#14654,13.80000);
#14656 = LINE('',#14653,#14655);
#14657 = EDGE_CURVE('',#14640,#14642,#14656,.T.);
#14658 = CARTESIAN_POINT('',(70.81617,75.78122,1.50000));
#14659 = DIRECTION('',(0.000000,0.000000,-1.000000));
#14660 = VECTOR('',#14659,1.50000);
#14661 = LINE('',#14658,#14660);
#14662 = EDGE_CURVE('',#14642,#14636,#14661,.T.);
#14663 = ORIENTED_EDGE('',*,*,#14662,.F.);
#14664 = ORIENTED_EDGE('',*,*,#14657,.F.);
#14665 = ORIENTED_EDGE('',*,*,#14652,.F.);
#14666 = ORIENTED_EDGE('',*,*,#14647,.F.);
#14667 = EDGE_LOOP('',(#14663,#14664,#14665,#14666));
#14668 = FACE_OUTER_BOUND('',#14667,.T.);
#14669 = CARTESIAN_POINT('',(70.81617,75.78122,0.00000));
#14670 = DIRECTION('',(0.998630,0.052336,0.000000));
#14671 = DIRECTION('',(0.052336,-0.998630,0.000000));
#14672 = AXIS2_PLACEMENT_3D('',#14669,#14670,#14671);
#14673 = PLANE('',#14672);
#14674 = ADVANCED_FACE('',(#14668),#14673,.T.);
#14675 = CARTESIAN_POINT('',(71.53840,62.00013,0.00000));
#14676 = VERTEX_POINT('',#14675);
#14677 = CARTESIAN_POINT('',(57.75732,61.27790,0.00000));
#14678 = VERTEX_POINT('',#14677);
#14679 = CARTESIAN_POINT('',(57.75732,61.27790,1.50000));
#14680 = VERTEX_POINT('',#14679);
#14681 = CARTESIAN_POINT('',(71.53840,62.00013,1.50000));
#14682 = VERTEX_POINT('',#14681);
#14683 = CARTESIAN_POINT('',(71.53840,62.00013,0.00000));
#14684 = DIRECTION('',(-0.998630,-0.052336,0.000000));
#14685 = VECTOR('',#14684,13.80000);
#14686 = LINE('',#14683,#14685);
#14687 = EDGE_CURVE('',#14676,#14678,#14686,.T.);
#14688 = CARTESIAN_POINT('',(57.75732,61.27790,0.00000));
#14689 = DIRECTION('',(0.000000,0.000000,1.000000));
#14690 = VECTOR('',#14689,1.50000);
#14691 = LINE('',#14688,#14690);
#14692 = EDGE_CURVE('',#14678,#14680,#14691,.T.);
#14693 = CARTESIAN_POINT('',(57.75732,61.27790,1.50000));
#14694 = DIRECTION('',(0.998630,0.052336,0.000000));
#14695 = VECTOR('',#14694,13.80000);
#14696 = LINE('',#14693,#14695);
#14697 = EDGE_CURVE('',#14680,#14682,#14696,.T.);
#14698 = CARTESIAN_POINT('',(71.53840,62.00013,1.50000));
#14699 = DIRECTION('',(0.000000,0.000000,-1.000000));
#14700 = VECTOR('',#14699,1.50000);
#14701 = LINE('',#14698,#14700);
#14702 = EDGE_CURVE('',#14682,#14676,#14701,.T.);
#14703 = ORIENTED_EDGE('',*,*,#14702,.F.);
#14704 = ORIENTED_EDGE('',*,*,#14697,.F.);
#14705 = ORIENTED_EDGE('',*,*,#14692,.F.);
#14706 = ORIENTED_EDGE('',*,*,#14687,.F.);
#14707 = EDGE_LOOP('',(#14703,#14704,#14705,#14706));
#14708 = FACE_OUTER_BOUND('',#14707,.T.);
#14709 = CARTESIAN_POINT('',(71.53840,62.00013,0.00000));
#14710 = DIRECTION('',(0.052336,-0.998630,0.000000));
#14711 = DIRECTION('',(-0.998630,-0.052336,0.000000));
#14712 = AXIS2_PLACEMENT_3D('',#14709,#14710,#14711);
#14713 = PLANE('',#14712);
#14714 = ADVANCED_FACE('',(#14708),#14713,.T.);
#14715 = CARTESIAN_POINT('',(57.75732,61.27790,0.00000));
#14716 = VERTEX_POINT('',#14715);
#14717 = CARTESIAN_POINT('',(57.03508,75.05899,0.00000));
#14718 = VERTEX_POINT('',#14717);
#14719 = CARTESIAN_POINT('',(57.03508,75.05899,1.50000));
#14720 = VERTEX_POINT('',#14719);
#14721 = CARTESIAN_POINT('',(57.75732,61.27790,1.50000));
#14722 = VERTEX_POINT('',#14721);
#14723 = CARTESIAN_POINT('',(57.75732,61.27790,0.00000));
#14724 = DIRECTION('',(-0.052336,0.998630,0.000000));
#14725 = VECTOR('',#14724,13.80000);
#14726 = LINE('',#14723,#14725);
#14727 = EDGE_CURVE('',#14716,#14718,#14726,.T.);
#14728 = CARTESIAN_POINT('',(57.03508,75.05899,0.00000));
#14729 = DIRECTION('',(0.000000,0.000000,1.000000));
#14730 = VECTOR('',#14729,1.50000);
#14731 = LINE('',#14728,#14730);
#14732 = EDGE_CURVE('',#14718,#14720,#14731,.T.);
#14733 = CARTESIAN_POINT('',(57.03508,75.05899,1.50000));
#14734 = DIRECTION('',(0.052336,-0.998630,0.000000));
#14735 = VECTOR('',#14734,13.80000);
#14736 = LINE('',#14733,#14735);
#14737 = EDGE_CURVE('',#14720,#14722,#14736,.T.);
#14738 = CARTESIAN_POINT('',(57.75732,61.27790,1.50000));
#14739 = DIRECTION('',(0.000000,0.000000,-1.000000));
#14740 = VECTOR('',#14739,1.50000);
#14741 = LINE('',#14738,#14740);
#14742 = EDGE_CURVE('',#14722,#14716,#14741,.T.);
#14743 = ORIENTED_EDGE('',*,*,#14742,.F.);
#14744 = ORIENTED_EDGE('',*,*,#14737,.F.);
#14745 = ORIENTED_EDGE('',*,*,#14732,.F.);
#14746 = ORIENTED_EDGE('',*,*,#14727,.F.);
#14747 = EDGE_LOOP('',(#14743,#14744,#14745,#14746));
#14748 = FACE_OUTER_BOUND('',#14747,.T.);
#14749 = CARTESIAN_POINT('',(57.75732,61.27790,0.00000));
#14750 = DIRECTION('',(-0.998630,-0.052336,0.000000));
#14751 = DIRECTION('',(-0.052336,0.998630,0.000000));
#14752 = AXIS2_PLACEMENT_3D('',#14749,#14750,#14751);
#14753 = PLANE('',#14752);
#14754 = ADVANCED_FACE('',(#14748),#14753,.T.);
#14755 = CARTESIAN_POINT('',(10.41117,80.75794,0.00000));
#14756 = VERTEX_POINT('',#14755);
#14757 = CARTESIAN_POINT('',(22.36232,87.65794,0.00000));
#14758 = VERTEX_POINT('',#14757);
#14759 = CARTESIAN_POINT('',(22.36232,87.65794,1.50000));
#14760 = VERTEX_POINT('',#14759);
#14761 = CARTESIAN_POINT('',(10.41117,80.75794,1.50000));
#14762 = VERTEX_POINT('',#14761);
#14763 = CARTESIAN_POINT('',(10.41117,80.75794,0.00000));
#14764 = DIRECTION('',(0.866025,0.500000,0.000000));
#14765 = VECTOR('',#14764,13.80000);
#14766 = LINE('',#14763,#14765);
#14767 = EDGE_CURVE('',#14756,#14758,#14766,.T.);
#14768 = CARTESIAN_POINT('',(22.36232,87.65794,0.00000));
#14769 = DIRECTION('',(0.000000,0.000000,1.000000));
#14770 = VECTOR('',#14769,1.50000);
#14771 = LINE('',#14768,#14770);
#14772 = EDGE_CURVE('',#14758,#14760,#14771,.T.);
#14773 = CARTESIAN_POINT('',(22.36232,87.65794,1.50000));
#14774 = DIRECTION('',(-0.866025,-0.500000,0.000000));
#14775 = VECTOR('',#14774,13.80000);
#14776 = LINE('',#14773,#14775);
#14777 = EDGE_CURVE('',#14760,#14762,#14776,.T.);
#14778 = CARTESIAN_POINT('',(10.41117,80.75794,1.50000));
#14779 = DIRECTION('',(0.000000,0.000000,-1.000000));
#14780 = VECTOR('',#14779,1.50000);
#14781 = LINE('',#14778,#14780);
#14782 = EDGE_CURVE('',#14762,#14756,#14781,.T.);
#14783 = ORIENTED_EDGE('',*,*,#14782,.F.);
#14784 = ORIENTED_EDGE('',*,*,#14777,.F.);
#14785 = ORIENTED_EDGE('',*,*,#14772,.F.);
#14786 = ORIENTED_EDGE('',*,*,#14767,.F.);
#14787 = EDGE_LOOP('',(#14783,#14784,#14785,#14786));
#14788 = FACE_OUTER_BOUND('',#14787,.T.);
#14789 = CARTESIAN_POINT('',(10.41117,80.75794,0.00000));
#14790 = DIRECTION('',(-0.500000,0.866025,0.000000));
#14791 = DIRECTION('',(0.866025,0.500000,0.000000));
#14792 = AXIS2_PLACEMENT_3D('',#14789,#14790,#14791);
#14793 = PLANE('',#14792);
#14794 = ADVANCED_FACE('',(#14788),#14793,.T.);
#14795 = CARTESIAN_POINT('',(22.36232,87.65794,0.00000));
#14796 = VERTEX_POINT('',#14795);
#14797 = CARTESIAN_POINT('',(29.26232,75.70678,0.00000));
#14798 = VERTEX_POINT('',#14797);
#14799 = CARTESIAN_POINT('',(29.26232,75.70678,1.50000));
#14800 = VERTEX_POINT('',#14799);
#14801 = CARTESIAN_POINT('',(22.36232,87.65794,1.50000));
#14802 = VERTEX_POINT('',#14801);
#14803 = CARTESIAN_POINT('',(22.36232,87.65794,0.00000));
#14804 = DIRECTION('',(0.500000,-0.866025,0.000000));
#14805 = VECTOR('',#14804,13.80000);
#14806 = LINE('',#14803,#14805);
#14807 = EDGE_CURVE('',#14796,#14798,#14806,.T.);
#14808 = CARTESIAN_POINT('',(29.26232,75.70678,0.00000));
#14809 = DIRECTION('',(0.000000,0.000000,1.000000));
#14810 = VECTOR('',#14809,1.50000);
#14811 = LINE('',#14808,#14810);
#14812 = EDGE_CURVE('',#14798,#14800,#14811,.T.);
#14813 = CARTESIAN_POINT('',(29.26232,75.70678,1.50000));
#14814 = DIRECTION('',(-0.500000,0.866025,0.000000));
#14815 = VECTOR('',#14814,13.80000);
#14816 = LINE('',#14813,#14815);
#14817 = EDGE_CURVE('',#14800,#14802,#14816,.T.);
#14818 = CARTESIAN_POINT('',(22.36232,87.65794,1.50000));
#14819 = DIRECTION('',(0.000000,0.000000,-1.000000));
#14820 = VECTOR('',#14819,1.50000);
#14821 = LINE('',#14818,#14820);
#14822 = EDGE_CURVE('',#14802,#14796,#14821,.T.);
#14823 = ORIENTED_EDGE('',*,*,#14822,.F.);
#14824 = ORIENTED_EDGE('',*,*,#14817,.F.);
#14825 = ORIENTED_EDGE('',*,*,#14812,.F.);
#14826 = ORIENTED_EDGE('',*,*,#14807,.F.);
#14827 = EDGE_LOOP('',(#14823,#14824,#14825,#14826));
#14828 = FACE_OUTER_BOUND('',#14827,.T.);
#14829 = CARTESIAN_POINT('',(22.36232,87.65794,0.00000));
#14830 = DIRECTION('',(0.866025,0.500000,0.000000));
#14831 = DIRECTION('',(0.500000,-0.866025,0.000000));
#14832 = AXIS2_PLACEMENT_3D('',#14829,#14830,#14831);
#14833 = PLANE('',#14832);
#14834 = ADVANCED_FACE('',(#14828),#14833,.T.);
#14835 = CARTESIAN_POINT('',(29.26232,75.70678,0.00000));
#14836 = VERTEX_POINT('',#14835);
#14837 = CARTESIAN_POINT('',(17.31117,68.80678,0.00000));
#14838 = VERTEX_POINT('',#14837);
#14839 = CARTESIAN_POINT('',(17.31117,68.80678,1.50000));
#14840 = VERTEX_POINT('',#14839);
#14841 = CARTESIAN_POINT('',(29.26232,75.70678,1.50000));
#14842 = VERTEX_POINT('',#14841);
#14843 = CARTESIAN_POINT('',(29.26232,75.70678,0.00000));
#14844 = DIRECTION('',(-0.866025,-0.500000,0.000000));
#14845 = VECTOR('',#14844,13.80000);
#14846 = LINE('',#14843,#14845);
#14847 = EDGE_CURVE('',#14836,#14838,#14846,.T.);
#14848 = CARTESIAN_POINT('',(17.31117,68.80678,0.00000));
#14849 = DIRECTION('',(0.000000,0.000000,1.000000));
#14850 = VECTOR('',#14849,1.50000);
#14851 = LINE('',#14848,#14850);
#14852 = EDGE_CURVE('',#14838,#14840,#14851,.T.);
#14853 = CARTESIAN_POINT('',(17.31117,68.80678,1.50000));
#14854 = DIRECTION('',(0.866025,0.500000,0.000000));
#14855 = VECTOR('',#14854,13.80000);
#14856 = LINE('',#14853,#14855);
#14857 = EDGE_CURVE('',#14840,#14842,#14856,.T.);
#14858 = CARTESIAN_POINT('',(29.26232,75.70678,1.50000));
#14859 = DIRECTION('',(0.000000,0.000000,-1.000000));
#14860 = VECTOR('',#14859,1.50000);
#14861 = LINE('',#14858,#14860);
#14862 = EDGE_CURVE('',#14842,#14836,#14861,.T.);
#14863 = ORIENTED_EDGE('',*,*,#14862,.F.);
#14864 = ORIENTED_EDGE('',*,*,#14857,.F.);
#14865 = ORIENTED_EDGE('',*,*,#14852,.F.);
#14866 = ORIENTED_EDGE('',*,*,#14847,.F.);
#14867 = EDGE_LOOP('',(#14863,#14864,#14865,#14866));
#14868 = FACE_OUTER_BOUND('',#14867,.T.);
#14869 = CARTESIAN_POINT('',(29.26232,75.70678,0.00000));
#14870 = DIRECTION('',(0.500000,-0.866025,0.000000));
#14871 = DIRECTION('',(-0.866025,-0.500000,0.000000));
#14872 = AXIS2_PLACEMENT_3D('',#14869,#14870,#14871);
#14873 = PLANE('',#14872);
#14874 = ADVANCED_FACE('',(#14868),#14873,.T.);
#14875 = CARTESIAN_POINT('',(17.31117,68.80678,0.00000));
#14876 = VERTEX_POINT('',#14875);
#14877 = CARTESIAN_POINT('',(10.41117,80.75794,0.00000));
#14878 = VERTEX_POINT('',#14877);
#14879 = CARTESIAN_POINT('',(10.41117,80.75794,1.50000));
#14880 = VERTEX_POINT('',#14879);
#14881 = CARTESIAN_POINT('',(17.31117,68.80678,1.50000));
#14882 = VERTEX_POINT('',#14881);
#14883 = CARTESIAN_POINT('',(17.31117,68.80678,0.00000));
#14884 = DIRECTION('',(-0.500000,0.866025,0.000000));
#14885 = VECTOR('',#14884,13.80000);
#14886 = LINE('',#14883,#14885);
#14887 = EDGE_CURVE('',#14876,#14878,#14886,.T.);
#14888 = CARTESIAN_POINT('',(10.41117,80.75794,0.00000));
#14889 = DIRECTION('',(0.000000,0.000000,1.000000));
#14890 = VECTOR('',#14889,1.50000);
#14891 = LINE('',#14888,#14890);
#14892 = EDGE_CURVE('',#14878,#14880,#14891,.T.);
#14893 = CARTESIAN_POINT('',(10.41117,80.75794,1.50000));
#14894 = DIRECTION('',(0.500000,-0.866025,0.000000));
#14895 = VECTOR('',#14894,13.80000);
#14896 = LINE('',#14893,#14895);
#14897 = EDGE_CURVE('',#14880,#14882,#14896,.T.);
#14898 = CARTESIAN_POINT('',(17.31117,68.80678,1.50000));
#14899 = DIRECTION('',(0.000000,0.000000,-1.000000));
#14900 = VECTOR('',#14899,1.50000);
#14901 = LINE('',#14898,#14900);
#14902 = EDGE_CURVE('',#14882,#14876,#14901,.T.);
#14903 = ORIENTED_EDGE('',*,*,#14902,.F.);
#14904 = ORIENTED_EDGE('',*,*,#14897,.F.);
#14905 = ORIENTED_EDGE('',*,*,#14892,.F.);
#14906 = ORIENTED_EDGE('',*,*,#14887,.F.);
#14907 = EDGE_LOOP('',(#14903,#14904,#14905,#14906));
#14908 = FACE_OUTER_BOUND('',#14907,.T.);
#14909 = CARTESIAN_POINT('',(17.31117,68.80678,0.00000));
#14910 = DIRECTION('',(-0.866025,-0.500000,0.000000));
#14911 = DIRECTION('',(-0.500000,0.866025,0.000000));
#14912 = AXIS2_PLACEMENT_3D('',#14909,#14910,#14911);
#14913 = PLANE('',#14912);
#14914 = ADVANCED_FACE('',(#14908),#14913,.T.);
#14915 = CARTESIAN_POINT('',(125.92964,24.14636,0.00000));
#14916 = VERTEX_POINT('',#14915);
#14917 = CARTESIAN_POINT('',(139.72964,24.14636,0.00000));
#14918 = VERTEX_POINT('',#14917);
#14919 = CARTESIAN_POINT('',(139.72964,24.14636,1.50000));
#14920 = VERTEX_POINT('',#14919);
#14921 = CARTESIAN_POINT('',(125.92964,24.14636,1.50000));
#14922 = VERTEX_POINT('',#14921);
#14923 = CARTESIAN_POINT('',(125.92964,24.14636,0.00000));
#14924 = DIRECTION('',(1.000000,0.000000,0.000000));
#14925 = VECTOR('',#14924,13.80000);
#14926 = LINE('',#14923,#14925);
#14927 = EDGE_CURVE('',#14916,#14918,#14926,.T.);
#14928 = CARTESIAN_POINT('',(139.72964,24.14636,0.00000));
#14929 = DIRECTION('',(0.000000,0.000000,1.000000));
#14930 = VECTOR('',#14929,1.50000);
#14931 = LINE('',#14928,#14930);
#14932 = EDGE_CURVE('',#14918,#14920,#14931,.T.);
#14933 = CARTESIAN_POINT('',(139.72964,24.14636,1.50000));
#14934 = DIRECTION('',(-1.000000,-0.000000,0.000000));
#14935 = VECTOR('',#14934,13.80000);
#14936 = LINE('',#14933,#14935);
#14937 = EDGE_CURVE('',#14920,#14922,#14936,.T.);
#14938 = CARTESIAN_POINT('',(125.92964,24.14636,1.50000));
#14939 = DIRECTION('',(0.000000,0.000000,-1.000000));
#14940 = VECTOR('',#14939,1.50000);
#14941 = LINE('',#14938,#14940);
#14942 = EDGE_CURVE('',#14922,#14916,#14941,.T.);
#14943 = ORIENTED_EDGE('',*,*,#14942,.F.);
#14944 = ORIENTED_EDGE('',*,*,#14937,.F.);
#14945 = ORIENTED_EDGE('',*,*,#14932,.F.);
#14946 = ORIENTED_EDGE('',*,*,#14927,.F.);
#14947 = EDGE_LOOP('',(#14943,#14944,#14945,#14946));
#14948 = FACE_OUTER_BOUND('',#14947,.T.);
#14949 = CARTESIAN_POINT('',(125.92964,24.14636,0.00000));
#14950 = DIRECTION('',(-0.000000,1.000000,0.000000));
#14951 = DIRECTION('',(1.000000,0.000000,0.000000));
#14952 = AXIS2_PLACEMENT_3D('',#14949,#14950,#14951);
#14953 = PLANE('',#14952);
#14954 = ADVANCED_FACE('',(#14948),#14953,.T.);
#14955 = CARTESIAN_POINT('',(139.72964,24.14636,0.00000));
#14956 = VERTEX_POINT('',#14955);
#14957 = CARTESIAN_POINT('',(139.72964,10.34636,0.00000));
#14958 = VERTEX_POINT('',#14957);
#14959 = CARTESIAN_POINT('',(139.72964,10.34636,1.50000));
#14960 = VERTEX_POINT('',#14959);
#14961 = CARTESIAN_POINT('',(139.72964,24.14636,1.50000));
#14962 = VERTEX_POINT('',#14961);
#14963 = CARTESIAN_POINT('',(139.72964,24.14636,0.00000));
#14964 = DIRECTION('',(0.000000,-1.000000,0.000000));
#14965 = VECTOR('',#14964,13.80000);
#14966 = LINE('',#14963,#14965);
#14967 = EDGE_CURVE('',#14956,#14958,#14966,.T.);
#14968 = CARTESIAN_POINT('',(139.72964,10.34636,0.00000));
#14969 = DIRECTION('',(0.000000,0.000000,1.000000));
#14970 = VECTOR('',#14969,1.50000);
#14971 = LINE('',#14968,#14970);
#14972 = EDGE_CURVE('',#14958,#14960,#14971,.T.);
#14973 = CARTESIAN_POINT('',(139.72964,10.34636,1.50000));
#14974 = DIRECTION('',(-0.000000,1.000000,0.000000));
#14975 = VECTOR('',#14974,13.80000);
#14976 = LINE('',#14973,#14975);
#14977 = EDGE_CURVE('',#14960,#14962,#14976,.T.);
#14978 = CARTESIAN_POINT('',(139.72964,24.14636,1.50000));
#14979 = DIRECTION('',(0.000000,0.000000,-1.000000));
#14980 = VECTOR('',#14979,1.50000);
#14981 = LINE('',#14978,#14980);
#14982 = EDGE_CURVE('',#14962,#14956,#14981,.T.);
#14983 = ORIENTED_EDGE('',*,*,#14982,.F.);
#14984 = ORIENTED_EDGE('',*,*,#14977,.F.);
#14985 = ORIENTED_EDGE('',*,*,#14972,.F.);
#14986 = ORIENTED_EDGE('',*,*,#14967,.F.);
#14987 = EDGE_LOOP('',(#14983,#14984,#14985,#14986));
#14988 = FACE_OUTER_BOUND('',#14987,.T.);
#14989 = CARTESIAN_POINT('',(139.72964,24.14636,0.00000));
#14990 = DIRECTION('',(1.000000,0.000000,0.000000));
#14991 = DIRECTION('',(0.000000,-1.000000,0.000000));
#14992 = AXIS2_PLACEMENT_3D('',#14989,#14990,#14991);
#14993 = PLANE('',#14992);
#14994 = ADVANCED_FACE('',(#14988),#14993,.T.);
#14995 = CARTESIAN_POINT('',(139.72964,10.34636,0.00000));
#14996 = VERTEX_POINT('',#14995);
#14997 = CARTESIAN_POINT('',(125.92964,10.34636,0.00000));
#14998 = VERTEX_POINT('',#14997);
#14999 = CARTESIAN_POINT('',(125.92964,10.34636,1.50000));
#15000 = VERTEX_POINT('',#14999);
#15001 = CARTESIAN_POINT('',(139.72964,10.34636,1.50000));
#15002 = VERTEX_POINT('',#15001);
#15003 = CARTESIAN_POINT('',(139.72964,10.34636,0.00000));
#15004 = DIRECTION('',(-1.000000,0.000000,0.000000));
#15005 = VECTOR('',#15004,13.80000);
#15006 = LINE('',#15003,#15005);
#15007 = EDGE_CURVE('',#14996,#14998,#15006,.T.);
#15008 = CARTESIAN_POINT('',(125.92964,10.34636,0.00000));
#15009 = DIRECTION('',(0.000000,0.000000,1.000000));
#15010 = VECTOR('',#15009,1.50000);
#15011 = LINE('',#15008,#15010);
#15012 = EDGE_CURVE('',#14998,#15000,#15011,.T.);
#15013 = CARTESIAN_POINT('',(125.92964,10.34636,1.50000));
#15014 = DIRECTION('',(1.000000,-0.000000,0.000000));
#15015 = VECTOR('',#15014,13.80000);
#15016 = LINE('',#15013,#15015);
#15017 = EDGE_CURVE('',#15000,#15002,#15016,.T.);
#15018 = CARTESIAN_POINT('',(139.72964,10.34636,1.50000));
#15019 = DIRECTION('',(0.000000,0.000000,-1.000000));
#15020 = VECTOR('',#15019,1.50000);
#15021 = LINE('',#15018,#15020);
#15022 = EDGE_CURVE('',#15002,#14996,#15021,.T.);
#15023 = ORIENTED_EDGE('',*,*,#15022,.F.);
#15024 = ORIENTED_EDGE('',*,*,#15017,.F.);
#15025 = ORIENTED_EDGE('',*,*,#15012,.F.);
#15026 = ORIENTED_EDGE('',*,*,#15007,.F.);
#15027 = EDGE_LOOP('',(#15023,#15024,#15025,#15026));
#15028 = FACE_OUTER_BOUND('',#15027,.T.);
#15029 = CARTESIAN_POINT('',(139.72964,10.34636,0.00000));
#15030 = DIRECTION('',(-0.000000,-1.000000,0.000000));
#15031 = DIRECTION('',(-1.000000,0.000000,0.000000));
#15032 = AXIS2_PLACEMENT_3D('',#15029,#15030,#15031);
#15033 = PLANE('',#15032);
#15034 = ADVANCED_FACE('',(#15028),#15033,.T.);
#15035 = CARTESIAN_POINT('',(125.92964,10.34636,0.00000));
#15036 = VERTEX_POINT('',#15035);
#15037 = CARTESIAN_POINT('',(125.92964,24.14636,0.00000));
#15038 = VERTEX_POINT('',#15037);
#15039 = CARTESIAN_POINT('',(125.92964,24.14636,1.50000));
#15040 = VERTEX_POINT('',#15039);
#15041 = CARTESIAN_POINT('',(125.92964,10.34636,1.50000));
#15042 = VERTEX_POINT('',#15041);
#15043 = CARTESIAN_POINT('',(125.92964,10.34636,0.00000));
#15044 = DIRECTION('',(0.000000,1.000000,0.000000));
#15045 = VECTOR('',#15044,13.80000);
#15046 = LINE('',#15043,#15045);
#15047 = EDGE_CURVE('',#15036,#15038,#15046,.T.);
#15048 = CARTESIAN_POINT('',(125.92964,24.14636,0.00000));
#15049 = DIRECTION('',(0.000000,0.000000,1.000000));
#15050 = VECTOR('',#15049,1.50000);
#15051 = LINE('',#15048,#15050);
#15052 = EDGE_CURVE('',#15038,#15040,#15051,.T.);
#15053 = CARTESIAN_POINT('',(125.92964,24.14636,1.50000));
#15054 = DIRECTION('',(-0.000000,-1.000000,0.000000));
#15055 = VECTOR('',#15054,13.80000);
#15056 = LINE('',#15053,#15055);
#15057 = EDGE_CURVE('',#15040,#15042,#15056,.T.);
#15058 = CARTESIAN_POINT('',(125.92964,10.34636,1.50000));
#15059 = DIRECTION('',(0.000000,0.000000,-1.000000));
#15060 = VECTOR('',#15059,1.50000);
#15061 = LINE('',#15058,#15060);
#15062 = EDGE_CURVE('',#15042,#15036,#15061,.T.);
#15063 = ORIENTED_EDGE('',*,*,#15062,.F.);
#15064 = ORIENTED_EDGE('',*,*,#15057,.F.);
#15065 = ORIENTED_EDGE('',*,*,#15052,.F.);
#15066 = ORIENTED_EDGE('',*,*,#15047,.F.);
#15067 = EDGE_LOOP('',(#15063,#15064,#15065,#15066));
#15068 = FACE_OUTER_BOUND('',#15067,.T.);
#15069 = CARTESIAN_POINT('',(125.92964,10.34636,0.00000));
#15070 = DIRECTION('',(-1.000000,0.000000,0.000000));
#15071 = DIRECTION('',(0.000000,1.000000,0.000000));
#15072 = AXIS2_PLACEMENT_3D('',#15069,#15070,#15071);
#15073 = PLANE('',#15072);
#15074 = ADVANCED_FACE('',(#15068),#15073,.T.);
#15075 = CARTESIAN_POINT('',(106.68014,59.27376,0.00000));
#15076 = VERTEX_POINT('',#15075);
#15077 = CARTESIAN_POINT('',(120.48014,59.27376,0.00000));
#15078 = VERTEX_POINT('',#15077);
#15079 = CARTESIAN_POINT('',(120.48014,59.27376,1.50000));
#15080 = VERTEX_POINT('',#15079);
#15081 = CARTESIAN_POINT('',(106.68014,59.27376,1.50000));
#15082 = VERTEX_POINT('',#15081);
#15083 = CARTESIAN_POINT('',(106.68014,59.27376,0.00000));
#15084 = DIRECTION('',(1.000000,0.000000,0.000000));
#15085 = VECTOR('',#15084,13.80000);
#15086 = LINE('',#15083,#15085);
#15087 = EDGE_CURVE('',#15076,#15078,#15086,.T.);
#15088 = CARTESIAN_POINT('',(120.48014,59.27376,0.00000));
#15089 = DIRECTION('',(0.000000,0.000000,1.000000));
#15090 = VECTOR('',#15089,1.50000);
#15091 = LINE('',#15088,#15090);
#15092 = EDGE_CURVE('',#15078,#15080,#15091,.T.);
#15093 = CARTESIAN_POINT('',(120.48014,59.27376,1.50000));
#15094 = DIRECTION('',(-1.000000,-0.000000,0.000000));
#15095 = VECTOR('',#15094,13.80000);
#15096 = LINE('',#15093,#15095);
#15097 = EDGE_CURVE('',#15080,#15082,#15096,.T.);
#15098 = CARTESIAN_POINT('',(106.68014,59.27376,1.50000));
#15099 = DIRECTION('',(0.000000,0.000000,-1.000000));
#15100 = VECTOR('',#15099,1.50000);
#15101 = LINE('',#15098,#15100);
#15102 = EDGE_CURVE('',#15082,#15076,#15101,.T.);
#15103 = ORIENTED_EDGE('',*,*,#15102,.F.);
#15104 = ORIENTED_EDGE('',*,*,#15097,.F.);
#15105 = ORIENTED_EDGE('',*,*,#15092,.F.);
#15106 = ORIENTED_EDGE('',*,*,#15087,.F.);
#15107 = EDGE_LOOP('',(#15103,#15104,#15105,#15106));
#15108 = FACE_OUTER_BOUND('',#15107,.T.);
#15109 = CARTESIAN_POINT('',(106.68014,59.27376,0.00000));
#15110 = DIRECTION('',(-0.000000,1.000000,0.000000));
#15111 = DIRECTION('',(1.000000,0.000000,0.000000));
#15112 = AXIS2_PLACEMENT_3D('',#15109,#15110,#15111);
#15113 = PLANE('',#15112);
#15114 = ADVANCED_FACE('',(#15108),#15113,.T.);
#15115 = CARTESIAN_POINT('',(120.48014,59.27376,0.00000));
#15116 = VERTEX_POINT('',#15115);
#15117 = CARTESIAN_POINT('',(120.48014,45.47376,0.00000));
#15118 = VERTEX_POINT('',#15117);
#15119 = CARTESIAN_POINT('',(120.48014,45.47376,1.50000));
#15120 = VERTEX_POINT('',#15119);
#15121 = CARTESIAN_POINT('',(120.48014,59.27376,1.50000));
#15122 = VERTEX_POINT('',#15121);
#15123 = CARTESIAN_POINT('',(120.48014,59.27376,0.00000));
#15124 = DIRECTION('',(0.000000,-1.000000,0.000000));
#15125 = VECTOR('',#15124,13.80000);
#15126 = LINE('',#15123,#15125);
#15127 = EDGE_CURVE('',#15116,#15118,#15126,.T.);
#15128 = CARTESIAN_POINT('',(120.48014,45.47376,0.00000));
#15129 = DIRECTION('',(0.000000,0.000000,1.000000));
#15130 = VECTOR('',#15129,1.50000);
#15131 = LINE('',#15128,#15130);
#15132 = EDGE_CURVE('',#15118,#15120,#15131,.T.);
#15133 = CARTESIAN_POINT('',(120.48014,45.47376,1.50000));
#15134 = DIRECTION('',(-0.000000,1.000000,0.000000));
#15135 = VECTOR('',#15134,13.80000);
#15136 = LINE('',#15133,#15135);
#15137 = EDGE_CURVE('',#15120,#15122,#15136,.T.);
#15138 = CARTESIAN_POINT('',(120.48014,59.27376,1.50000));
#15139 = DIRECTION('',(0.000000,0.000000,-1.000000));
#15140 = VECTOR('',#15139,1.50000);
#15141 = LINE('',#15138,#15140);
#15142 = EDGE_CURVE('',#15122,#15116,#15141,.T.);
#15143 = ORIENTED_EDGE('',*,*,#15142,.F.);
#15144 = ORIENTED_EDGE('',*,*,#15137,.F.);
#15145 = ORIENTED_EDGE('',*,*,#15132,.F.);
#15146 = ORIENTED_EDGE('',*,*,#15127,.F.);
#15147 = EDGE_LOOP('',(#15143,#15144,#15145,#15146));
#15148 = FACE_OUTER_BOUND('',#15147,.T.);
#15149 = CARTESIAN_POINT('',(120.48014,59.27376,0.00000));
#15150 = DIRECTION('',(1.000000,0.000000,0.000000));
#15151 = DIRECTION('',(0.000000,-1.000000,0.000000));
#15152 = AXIS2_PLACEMENT_3D('',#15149,#15150,#15151);
#15153 = PLANE('',#15152);
#15154 = ADVANCED_FACE('',(#15148),#15153,.T.);
#15155 = CARTESIAN_POINT('',(120.48014,45.47376,0.00000));
#15156 = VERTEX_POINT('',#15155);
#15157 = CARTESIAN_POINT('',(106.68014,45.47376,0.00000));
#15158 = VERTEX_POINT('',#15157);
#15159 = CARTESIAN_POINT('',(106.68014,45.47376,1.50000));
#15160 = VERTEX_POINT('',#15159);
#15161 = CARTESIAN_POINT('',(120.48014,45.47376,1.50000));
#15162 = VERTEX_POINT('',#15161);
#15163 = CARTESIAN_POINT('',(120.48014,45.47376,0.00000));
#15164 = DIRECTION('',(-1.000000,0.000000,0.000000));
#15165 = VECTOR('',#15164,13.80000);
#15166 = LINE('',#15163,#15165);
#15167 = EDGE_CURVE('',#15156,#15158,#15166,.T.);
#15168 = CARTESIAN_POINT('',(106.68014,45.47376,0.00000));
#15169 = DIRECTION('',(0.000000,0.000000,1.000000));
#15170 = VECTOR('',#15169,1.50000);
#15171 = LINE('',#15168,#15170);
#15172 = EDGE_CURVE('',#15158,#15160,#15171,.T.);
#15173 = CARTESIAN_POINT('',(106.68014,45.47376,1.50000));
#15174 = DIRECTION('',(1.000000,-0.000000,0.000000));
#15175 = VECTOR('',#15174,13.80000);
#15176 = LINE('',#15173,#15175);
#15177 = EDGE_CURVE('',#15160,#15162,#15176,.T.);
#15178 = CARTESIAN_POINT('',(120.48014,45.47376,1.50000));
#15179 = DIRECTION('',(0.000000,0.000000,-1.000000));
#15180 = VECTOR('',#15179,1.50000);
#15181 = LINE('',#15178,#15180);
#15182 = EDGE_CURVE('',#15162,#15156,#15181,.T.);
#15183 = ORIENTED_EDGE('',*,*,#15182,.F.);
#15184 = ORIENTED_EDGE('',*,*,#15177,.F.);
#15185 = ORIENTED_EDGE('',*,*,#15172,.F.);
#15186 = ORIENTED_EDGE('',*,*,#15167,.F.);
#15187 = EDGE_LOOP('',(#15183,#15184,#15185,#15186));
#15188 = FACE_OUTER_BOUND('',#15187,.T.);
#15189 = CARTESIAN_POINT('',(120.48014,45.47376,0.00000));
#15190 = DIRECTION('',(-0.000000,-1.000000,0.000000));
#15191 = DIRECTION('',(-1.000000,0.000000,0.000000));
#15192 = AXIS2_PLACEMENT_3D('',#15189,#15190,#15191);
#15193 = PLANE('',#15192);
#15194 = ADVANCED_FACE('',(#15188),#15193,.T.);
#15195 = CARTESIAN_POINT('',(106.68014,45.47376,0.00000));
#15196 = VERTEX_POINT('',#15195);
#15197 = CARTESIAN_POINT('',(106.68014,59.27376,0.00000));
#15198 = VERTEX_POINT('',#15197);
#15199 = CARTESIAN_POINT('',(106.68014,59.27376,1.50000));
#15200 = VERTEX_POINT('',#15199);
#15201 = CARTESIAN_POINT('',(106.68014,45.47376,1.50000));
#15202 = VERTEX_POINT('',#15201);
#15203 = CARTESIAN_POINT('',(106.68014,45.47376,0.00000));
#15204 = DIRECTION('',(0.000000,1.000000,0.000000));
#15205 = VECTOR('',#15204,13.80000);
#15206 = LINE('',#15203,#15205);
#15207 = EDGE_CURVE('',#15196,#15198,#15206,.T.);
#15208 = CARTESIAN_POINT('',(106.68014,59.27376,0.00000));
#15209 = DIRECTION('',(0.000000,0.000000,1.000000));
#15210 = VECTOR('',#15209,1.50000);
#15211 = LINE('',#15208,#15210);
#15212 = EDGE_CURVE('',#15198,#15200,#15211,.T.);
#15213 = CARTESIAN_POINT('',(106.68014,59.27376,1.50000));
#15214 = DIRECTION('',(-0.000000,-1.000000,0.000000));
#15215 = VECTOR('',#15214,13.80000);
#15216 = LINE('',#15213,#15215);
#15217 = EDGE_CURVE('',#15200,#15202,#15216,.T.);
#15218 = CARTESIAN_POINT('',(106.68014,45.47376,1.50000));
#15219 = DIRECTION('',(0.000000,0.000000,-1.000000));
#15220 = VECTOR('',#15219,1.50000);
#15221 = LINE('',#15218,#15220);
#15222 = EDGE_CURVE('',#15202,#15196,#15221,.T.);
#15223 = ORIENTED_EDGE('',*,*,#15222,.F.);
#15224 = ORIENTED_EDGE('',*,*,#15217,.F.);
#15225 = ORIENTED_EDGE('',*,*,#15212,.F.);
#15226 = ORIENTED_EDGE('',*,*,#15207,.F.);
#15227 = EDGE_LOOP('',(#15223,#15224,#15225,#15226));
#15228 = FACE_OUTER_BOUND('',#15227,.T.);
#15229 = CARTESIAN_POINT('',(106.68014,45.47376,0.00000));
#15230 = DIRECTION('',(-1.000000,0.000000,0.000000));
#15231 = DIRECTION('',(0.000000,1.000000,0.000000));
#15232 = AXIS2_PLACEMENT_3D('',#15229,#15230,#15231);
#15233 = PLANE('',#15232);
#15234 = ADVANCED_FACE('',(#15228),#15233,.T.);
#15235 = CARTESIAN_POINT('',(125.92964,59.33636,0.00000));
#15236 = VERTEX_POINT('',#15235);
#15237 = CARTESIAN_POINT('',(139.72964,59.33636,0.00000));
#15238 = VERTEX_POINT('',#15237);
#15239 = CARTESIAN_POINT('',(139.72964,59.33636,1.50000));
#15240 = VERTEX_POINT('',#15239);
#15241 = CARTESIAN_POINT('',(125.92964,59.33636,1.50000));
#15242 = VERTEX_POINT('',#15241);
#15243 = CARTESIAN_POINT('',(125.92964,59.33636,0.00000));
#15244 = DIRECTION('',(1.000000,0.000000,0.000000));
#15245 = VECTOR('',#15244,13.80000);
#15246 = LINE('',#15243,#15245);
#15247 = EDGE_CURVE('',#15236,#15238,#15246,.T.);
#15248 = CARTESIAN_POINT('',(139.72964,59.33636,0.00000));
#15249 = DIRECTION('',(0.000000,0.000000,1.000000));
#15250 = VECTOR('',#15249,1.50000);
#15251 = LINE('',#15248,#15250);
#15252 = EDGE_CURVE('',#15238,#15240,#15251,.T.);
#15253 = CARTESIAN_POINT('',(139.72964,59.33636,1.50000));
#15254 = DIRECTION('',(-1.000000,-0.000000,0.000000));
#15255 = VECTOR('',#15254,13.80000);
#15256 = LINE('',#15253,#15255);
#15257 = EDGE_CURVE('',#15240,#15242,#15256,.T.);
#15258 = CARTESIAN_POINT('',(125.92964,59.33636,1.50000));
#15259 = DIRECTION('',(0.000000,0.000000,-1.000000));
#15260 = VECTOR('',#15259,1.50000);
#15261 = LINE('',#15258,#15260);
#15262 = EDGE_CURVE('',#15242,#15236,#15261,.T.);
#15263 = ORIENTED_EDGE('',*,*,#15262,.F.);
#15264 = ORIENTED_EDGE('',*,*,#15257,.F.);
#15265 = ORIENTED_EDGE('',*,*,#15252,.F.);
#15266 = ORIENTED_EDGE('',*,*,#15247,.F.);
#15267 = EDGE_LOOP('',(#15263,#15264,#15265,#15266));
#15268 = FACE_OUTER_BOUND('',#15267,.T.);
#15269 = CARTESIAN_POINT('',(125.92964,59.33636,0.00000));
#15270 = DIRECTION('',(-0.000000,1.000000,0.000000));
#15271 = DIRECTION('',(1.000000,0.000000,0.000000));
#15272 = AXIS2_PLACEMENT_3D('',#15269,#15270,#15271);
#15273 = PLANE('',#15272);
#15274 = ADVANCED_FACE('',(#15268),#15273,.T.);
#15275 = CARTESIAN_POINT('',(139.72964,59.33636,0.00000));
#15276 = VERTEX_POINT('',#15275);
#15277 = CARTESIAN_POINT('',(139.72964,45.53636,0.00000));
#15278 = VERTEX_POINT('',#15277);
#15279 = CARTESIAN_POINT('',(139.72964,45.53636,1.50000));
#15280 = VERTEX_POINT('',#15279);
#15281 = CARTESIAN_POINT('',(139.72964,59.33636,1.50000));
#15282 = VERTEX_POINT('',#15281);
#15283 = CARTESIAN_POINT('',(139.72964,59.33636,0.00000));
#15284 = DIRECTION('',(0.000000,-1.000000,0.000000));
#15285 = VECTOR('',#15284,13.80000);
#15286 = LINE('',#15283,#15285);
#15287 = EDGE_CURVE('',#15276,#15278,#15286,.T.);
#15288 = CARTESIAN_POINT('',(139.72964,45.53636,0.00000));
#15289 = DIRECTION('',(0.000000,0.000000,1.000000));
#15290 = VECTOR('',#15289,1.50000);
#15291 = LINE('',#15288,#15290);
#15292 = EDGE_CURVE('',#15278,#15280,#15291,.T.);
#15293 = CARTESIAN_POINT('',(139.72964,45.53636,1.50000));
#15294 = DIRECTION('',(-0.000000,1.000000,0.000000));
#15295 = VECTOR('',#15294,13.80000);
#15296 = LINE('',#15293,#15295);
#15297 = EDGE_CURVE('',#15280,#15282,#15296,.T.);
#15298 = CARTESIAN_POINT('',(139.72964,59.33636,1.50000));
#15299 = DIRECTION('',(0.000000,0.000000,-1.000000));
#15300 = VECTOR('',#15299,1.50000);
#15301 = LINE('',#15298,#15300);
#15302 = EDGE_CURVE('',#15282,#15276,#15301,.T.);
#15303 = ORIENTED_EDGE('',*,*,#15302,.F.);
#15304 = ORIENTED_EDGE('',*,*,#15297,.F.);
#15305 = ORIENTED_EDGE('',*,*,#15292,.F.);
#15306 = ORIENTED_EDGE('',*,*,#15287,.F.);
#15307 = EDGE_LOOP('',(#15303,#15304,#15305,#15306));
#15308 = FACE_OUTER_BOUND('',#15307,.T.);
#15309 = CARTESIAN_POINT('',(139.72964,59.33636,0.00000));
#15310 = DIRECTION('',(1.000000,0.000000,0.000000));
#15311 = DIRECTION('',(0.000000,-1.000000,0.000000));
#15312 = AXIS2_PLACEMENT_3D('',#15309,#15310,#15311);
#15313 = PLANE('',#15312);
#15314 = ADVANCED_FACE('',(#15308),#15313,.T.);
#15315 = CARTESIAN_POINT('',(139.72964,45.53636,0.00000));
#15316 = VERTEX_POINT('',#15315);
#15317 = CARTESIAN_POINT('',(125.92964,45.53636,0.00000));
#15318 = VERTEX_POINT('',#15317);
#15319 = CARTESIAN_POINT('',(125.92964,45.53636,1.50000));
#15320 = VERTEX_POINT('',#15319);
#15321 = CARTESIAN_POINT('',(139.72964,45.53636,1.50000));
#15322 = VERTEX_POINT('',#15321);
#15323 = CARTESIAN_POINT('',(139.72964,45.53636,0.00000));
#15324 = DIRECTION('',(-1.000000,0.000000,0.000000));
#15325 = VECTOR('',#15324,13.80000);
#15326 = LINE('',#15323,#15325);
#15327 = EDGE_CURVE('',#15316,#15318,#15326,.T.);
#15328 = CARTESIAN_POINT('',(125.92964,45.53636,0.00000));
#15329 = DIRECTION('',(0.000000,0.000000,1.000000));
#15330 = VECTOR('',#15329,1.50000);
#15331 = LINE('',#15328,#15330);
#15332 = EDGE_CURVE('',#15318,#15320,#15331,.T.);
#15333 = CARTESIAN_POINT('',(125.92964,45.53636,1.50000));
#15334 = DIRECTION('',(1.000000,-0.000000,0.000000));
#15335 = VECTOR('',#15334,13.80000);
#15336 = LINE('',#15333,#15335);
#15337 = EDGE_CURVE('',#15320,#15322,#15336,.T.);
#15338 = CARTESIAN_POINT('',(139.72964,45.53636,1.50000));
#15339 = DIRECTION('',(0.000000,0.000000,-1.000000));
#15340 = VECTOR('',#15339,1.50000);
#15341 = LINE('',#15338,#15340);
#15342 = EDGE_CURVE('',#15322,#15316,#15341,.T.);
#15343 = ORIENTED_EDGE('',*,*,#15342,.F.);
#15344 = ORIENTED_EDGE('',*,*,#15337,.F.);
#15345 = ORIENTED_EDGE('',*,*,#15332,.F.);
#15346 = ORIENTED_EDGE('',*,*,#15327,.F.);
#15347 = EDGE_LOOP('',(#15343,#15344,#15345,#15346));
#15348 = FACE_OUTER_BOUND('',#15347,.T.);
#15349 = CARTESIAN_POINT('',(139.72964,45.53636,0.00000));
#15350 = DIRECTION('',(-0.000000,-1.000000,0.000000));
#15351 = DIRECTION('',(-1.000000,0.000000,0.000000));
#15352 = AXIS2_PLACEMENT_3D('',#15349,#15350,#15351);
#15353 = PLANE('',#15352);
#15354 = ADVANCED_FACE('',(#15348),#15353,.T.);
#15355 = CARTESIAN_POINT('',(125.92964,45.53636,0.00000));
#15356 = VERTEX_POINT('',#15355);
#15357 = CARTESIAN_POINT('',(125.92964,59.33636,0.00000));
#15358 = VERTEX_POINT('',#15357);
#15359 = CARTESIAN_POINT('',(125.92964,59.33636,1.50000));
#15360 = VERTEX_POINT('',#15359);
#15361 = CARTESIAN_POINT('',(125.92964,45.53636,1.50000));
#15362 = VERTEX_POINT('',#15361);
#15363 = CARTESIAN_POINT('',(125.92964,45.53636,0.00000));
#15364 = DIRECTION('',(0.000000,1.000000,0.000000));
#15365 = VECTOR('',#15364,13.80000);
#15366 = LINE('',#15363,#15365);
#15367 = EDGE_CURVE('',#15356,#15358,#15366,.T.);
#15368 = CARTESIAN_POINT('',(125.92964,59.33636,0.00000));
#15369 = DIRECTION('',(0.000000,0.000000,1.000000));
#15370 = VECTOR('',#15369,1.50000);
#15371 = LINE('',#15368,#15370);
#15372 = EDGE_CURVE('',#15358,#15360,#15371,.T.);
#15373 = CARTESIAN_POINT('',(125.92964,59.33636,1.50000));
#15374 = DIRECTION('',(-0.000000,-1.000000,0.000000));
#15375 = VECTOR('',#15374,13.80000);
#15376 = LINE('',#15373,#15375);
#15377 = EDGE_CURVE('',#15360,#15362,#15376,.T.);
#15378 = CARTESIAN_POINT('',(125.92964,45.53636,1.50000));
#15379 = DIRECTION('',(0.000000,0.000000,-1.000000));
#15380 = VECTOR('',#15379,1.50000);
#15381 = LINE('',#15378,#15380);
#15382 = EDGE_CURVE('',#15362,#15356,#15381,.T.);
#15383 = ORIENTED_EDGE('',*,*,#15382,.F.);
#15384 = ORIENTED_EDGE('',*,*,#15377,.F.);
#15385 = ORIENTED_EDGE('',*,*,#15372,.F.);
#15386 = ORIENTED_EDGE('',*,*,#15367,.F.);
#15387 = EDGE_LOOP('',(#15383,#15384,#15385,#15386));
#15388 = FACE_OUTER_BOUND('',#15387,.T.);
#15389 = CARTESIAN_POINT('',(125.92964,45.53636,0.00000));
#15390 = DIRECTION('',(-1.000000,0.000000,0.000000));
#15391 = DIRECTION('',(0.000000,1.000000,0.000000));
#15392 = AXIS2_PLACEMENT_3D('',#15389,#15390,#15391);
#15393 = PLANE('',#15392);
#15394 = ADVANCED_FACE('',(#15388),#15393,.T.);
#15395 = CARTESIAN_POINT('',(68.11924,17.48436,0.00000));
#15396 = VERTEX_POINT('',#15395);
#15397 = CARTESIAN_POINT('',(81.91924,17.48436,0.00000));
#15398 = VERTEX_POINT('',#15397);
#15399 = CARTESIAN_POINT('',(81.91924,17.48436,1.50000));
#15400 = VERTEX_POINT('',#15399);
#15401 = CARTESIAN_POINT('',(68.11924,17.48436,1.50000));
#15402 = VERTEX_POINT('',#15401);
#15403 = CARTESIAN_POINT('',(68.11924,17.48436,0.00000));
#15404 = DIRECTION('',(1.000000,0.000000,0.000000));
#15405 = VECTOR('',#15404,13.80000);
#15406 = LINE('',#15403,#15405);
#15407 = EDGE_CURVE('',#15396,#15398,#15406,.T.);
#15408 = CARTESIAN_POINT('',(81.91924,17.48436,0.00000));
#15409 = DIRECTION('',(0.000000,0.000000,1.000000));
#15410 = VECTOR('',#15409,1.50000);
#15411 = LINE('',#15408,#15410);
#15412 = EDGE_CURVE('',#15398,#15400,#15411,.T.);
#15413 = CARTESIAN_POINT('',(81.91924,17.48436,1.50000));
#15414 = DIRECTION('',(-1.000000,-0.000000,0.000000));
#15415 = VECTOR('',#15414,13.80000);
#15416 = LINE('',#15413,#15415);
#15417 = EDGE_CURVE('',#15400,#15402,#15416,.T.);
#15418 = CARTESIAN_POINT('',(68.11924,17.48436,1.50000));
#15419 = DIRECTION('',(0.000000,0.000000,-1.000000));
#15420 = VECTOR('',#15419,1.50000);
#15421 = LINE('',#15418,#15420);
#15422 = EDGE_CURVE('',#15402,#15396,#15421,.T.);
#15423 = ORIENTED_EDGE('',*,*,#15422,.F.);
#15424 = ORIENTED_EDGE('',*,*,#15417,.F.);
#15425 = ORIENTED_EDGE('',*,*,#15412,.F.);
#15426 = ORIENTED_EDGE('',*,*,#15407,.F.);
#15427 = EDGE_LOOP('',(#15423,#15424,#15425,#15426));
#15428 = FACE_OUTER_BOUND('',#15427,.T.);
#15429 = CARTESIAN_POINT('',(68.11924,17.48436,0.00000));
#15430 = DIRECTION('',(-0.000000,1.000000,0.000000));
#15431 = DIRECTION('',(1.000000,0.000000,0.000000));
#15432 = AXIS2_PLACEMENT_3D('',#15429,#15430,#15431);
#15433 = PLANE('',#15432);
#15434 = ADVANCED_FACE('',(#15428),#15433,.T.);
#15435 = CARTESIAN_POINT('',(81.91924,17.48436,0.00000));
#15436 = VERTEX_POINT('',#15435);
#15437 = CARTESIAN_POINT('',(81.91924,3.68436,0.00000));
#15438 = VERTEX_POINT('',#15437);
#15439 = CARTESIAN_POINT('',(81.91924,3.68436,1.50000));
#15440 = VERTEX_POINT('',#15439);
#15441 = CARTESIAN_POINT('',(81.91924,17.48436,1.50000));
#15442 = VERTEX_POINT('',#15441);
#15443 = CARTESIAN_POINT('',(81.91924,17.48436,0.00000));
#15444 = DIRECTION('',(0.000000,-1.000000,0.000000));
#15445 = VECTOR('',#15444,13.80000);
#15446 = LINE('',#15443,#15445);
#15447 = EDGE_CURVE('',#15436,#15438,#15446,.T.);
#15448 = CARTESIAN_POINT('',(81.91924,3.68436,0.00000));
#15449 = DIRECTION('',(0.000000,0.000000,1.000000));
#15450 = VECTOR('',#15449,1.50000);
#15451 = LINE('',#15448,#15450);
#15452 = EDGE_CURVE('',#15438,#15440,#15451,.T.);
#15453 = CARTESIAN_POINT('',(81.91924,3.68436,1.50000));
#15454 = DIRECTION('',(-0.000000,1.000000,0.000000));
#15455 = VECTOR('',#15454,13.80000);
#15456 = LINE('',#15453,#15455);
#15457 = EDGE_CURVE('',#15440,#15442,#15456,.T.);
#15458 = CARTESIAN_POINT('',(81.91924,17.48436,1.50000));
#15459 = DIRECTION('',(0.000000,0.000000,-1.000000));
#15460 = VECTOR('',#15459,1.50000);
#15461 = LINE('',#15458,#15460);
#15462 = EDGE_CURVE('',#15442,#15436,#15461,.T.);
#15463 = ORIENTED_EDGE('',*,*,#15462,.F.);
#15464 = ORIENTED_EDGE('',*,*,#15457,.F.);
#15465 = ORIENTED_EDGE('',*,*,#15452,.F.);
#15466 = ORIENTED_EDGE('',*,*,#15447,.F.);
#15467 = EDGE_LOOP('',(#15463,#15464,#15465,#15466));
#15468 = FACE_OUTER_BOUND('',#15467,.T.);
#15469 = CARTESIAN_POINT('',(81.91924,17.48436,0.00000));
#15470 = DIRECTION('',(1.000000,0.000000,0.000000));
#15471 = DIRECTION('',(0.000000,-1.000000,0.000000));
#15472 = AXIS2_PLACEMENT_3D('',#15469,#15470,#15471);
#15473 = PLANE('',#15472);
#15474 = ADVANCED_FACE('',(#15468),#15473,.T.);
#15475 = CARTESIAN_POINT('',(81.91924,3.68436,0.00000));
#15476 = VERTEX_POINT('',#15475);
#15477 = CARTESIAN_POINT('',(68.11924,3.68436,0.00000));
#15478 = VERTEX_POINT('',#15477);
#15479 = CARTESIAN_POINT('',(68.11924,3.68436,1.50000));
#15480 = VERTEX_POINT('',#15479);
#15481 = CARTESIAN_POINT('',(81.91924,3.68436,1.50000));
#15482 = VERTEX_POINT('',#15481);
#15483 = CARTESIAN_POINT('',(81.91924,3.68436,0.00000));
#15484 = DIRECTION('',(-1.000000,0.000000,0.000000));
#15485 = VECTOR('',#15484,13.80000);
#15486 = LINE('',#15483,#15485);
#15487 = EDGE_CURVE('',#15476,#15478,#15486,.T.);
#15488 = CARTESIAN_POINT('',(68.11924,3.68436,0.00000));
#15489 = DIRECTION('',(0.000000,0.000000,1.000000));
#15490 = VECTOR('',#15489,1.50000);
#15491 = LINE('',#15488,#15490);
#15492 = EDGE_CURVE('',#15478,#15480,#15491,.T.);
#15493 = CARTESIAN_POINT('',(68.11924,3.68436,1.50000));
#15494 = DIRECTION('',(1.000000,-0.000000,0.000000));
#15495 = VECTOR('',#15494,13.80000);
#15496 = LINE('',#15493,#15495);
#15497 = EDGE_CURVE('',#15480,#15482,#15496,.T.);
#15498 = CARTESIAN_POINT('',(81.91924,3.68436,1.50000));
#15499 = DIRECTION('',(0.000000,0.000000,-1.000000));
#15500 = VECTOR('',#15499,1.50000);
#15501 = LINE('',#15498,#15500);
#15502 = EDGE_CURVE('',#15482,#15476,#15501,.T.);
#15503 = ORIENTED_EDGE('',*,*,#15502,.F.);
#15504 = ORIENTED_EDGE('',*,*,#15497,.F.);
#15505 = ORIENTED_EDGE('',*,*,#15492,.F.);
#15506 = ORIENTED_EDGE('',*,*,#15487,.F.);
#15507 = EDGE_LOOP('',(#15503,#15504,#15505,#15506));
#15508 = FACE_OUTER_BOUND('',#15507,.T.);
#15509 = CARTESIAN_POINT('',(81.91924,3.68436,0.00000));
#15510 = DIRECTION('',(-0.000000,-1.000000,0.000000));
#15511 = DIRECTION('',(-1.000000,0.000000,0.000000));
#15512 = AXIS2_PLACEMENT_3D('',#15509,#15510,#15511);
#15513 = PLANE('',#15512);
#15514 = ADVANCED_FACE('',(#15508),#15513,.T.);
#15515 = CARTESIAN_POINT('',(68.11924,3.68436,0.00000));
#15516 = VERTEX_POINT('',#15515);
#15517 = CARTESIAN_POINT('',(68.11924,17.48436,0.00000));
#15518 = VERTEX_POINT('',#15517);
#15519 = CARTESIAN_POINT('',(68.11924,17.48436,1.50000));
#15520 = VERTEX_POINT('',#15519);
#15521 = CARTESIAN_POINT('',(68.11924,3.68436,1.50000));
#15522 = VERTEX_POINT('',#15521);
#15523 = CARTESIAN_POINT('',(68.11924,3.68436,0.00000));
#15524 = DIRECTION('',(0.000000,1.000000,0.000000));
#15525 = VECTOR('',#15524,13.80000);
#15526 = LINE('',#15523,#15525);
#15527 = EDGE_CURVE('',#15516,#15518,#15526,.T.);
#15528 = CARTESIAN_POINT('',(68.11924,17.48436,0.00000));
#15529 = DIRECTION('',(0.000000,0.000000,1.000000));
#15530 = VECTOR('',#15529,1.50000);
#15531 = LINE('',#15528,#15530);
#15532 = EDGE_CURVE('',#15518,#15520,#15531,.T.);
#15533 = CARTESIAN_POINT('',(68.11924,17.48436,1.50000));
#15534 = DIRECTION('',(-0.000000,-1.000000,0.000000));
#15535 = VECTOR('',#15534,13.80000);
#15536 = LINE('',#15533,#15535);
#15537 = EDGE_CURVE('',#15520,#15522,#15536,.T.);
#15538 = CARTESIAN_POINT('',(68.11924,3.68436,1.50000));
#15539 = DIRECTION('',(0.000000,0.000000,-1.000000));
#15540 = VECTOR('',#15539,1.50000);
#15541 = LINE('',#15538,#15540);
#15542 = EDGE_CURVE('',#15522,#15516,#15541,.T.);
#15543 = ORIENTED_EDGE('',*,*,#15542,.F.);
#15544 = ORIENTED_EDGE('',*,*,#15537,.F.);
#15545 = ORIENTED_EDGE('',*,*,#15532,.F.);
#15546 = ORIENTED_EDGE('',*,*,#15527,.F.);
#15547 = EDGE_LOOP('',(#15543,#15544,#15545,#15546));
#15548 = FACE_OUTER_BOUND('',#15547,.T.);
#15549 = CARTESIAN_POINT('',(68.11924,3.68436,0.00000));
#15550 = DIRECTION('',(-1.000000,0.000000,0.000000));
#15551 = DIRECTION('',(0.000000,1.000000,0.000000));
#15552 = AXIS2_PLACEMENT_3D('',#15549,#15550,#15551);
#15553 = PLANE('',#15552);
#15554 = ADVANCED_FACE('',(#15548),#15553,.T.);
#15555 = CARTESIAN_POINT('',(124.56074,25.90836,0.00000));
#15556 = VERTEX_POINT('',#15555);
#15557 = CARTESIAN_POINT('',(121.36074,25.90836,0.00000));
#15558 = VERTEX_POINT('',#15557);
#15559 = CARTESIAN_POINT('',(124.56074,25.90836,1.50000));
#15560 = VERTEX_POINT('',#15559);
#15561 = CARTESIAN_POINT('',(121.36074,25.90836,1.50000));
#15562 = VERTEX_POINT('',#15561);
#15563 = CARTESIAN_POINT('',(122.96074,25.90836,0.00000));
#15564 = DIRECTION('',(0.000000,0.000000,-1.000000));
#15565 = DIRECTION('',(1.000000,0.000000,0.000000));
#15566 = AXIS2_PLACEMENT_3D('',#15563,#15564,#15565);
#15567 = CIRCLE('',#15566,1.60000);
#15568 = CARTESIAN_POINT('',(122.96074,25.90836,1.50000));
#15569 = DIRECTION('',(0.000000,0.000000,1.000000));
#15570 = DIRECTION('',(1.000000,0.000000,0.000000));
#15571 = AXIS2_PLACEMENT_3D('',#15568,#15569,#15570);
#15572 = CIRCLE('',#15571,1.60000);
#15573 = EDGE_CURVE('',#15556,#15558,#15567,.T.);
#15574 = EDGE_CURVE('',#15562,#15560,#15572,.T.);
#15575 = CARTESIAN_POINT('',(124.56074,25.90836,0.00000));
#15576 = DIRECTION('',(0.000000,0.000000,1.000000));
#15577 = VECTOR('',#15576,1.50000);
#15578 = LINE('',#15575,#15577);
#15579 = EDGE_CURVE('',#15556,#15560,#15578,.T.);
#15580 = CARTESIAN_POINT('',(121.36074,25.90836,1.50000));
#15581 = DIRECTION('',(0.000000,0.000000,-1.000000));
#15582 = VECTOR('',#15581,1.50000);
#15583 = LINE('',#15580,#15582);
#15584 = EDGE_CURVE('',#15562,#15558,#15583,.T.);
#15585 = ORIENTED_EDGE('',*,*,#15573,.T.);
#15586 = ORIENTED_EDGE('',*,*,#15579,.T.);
#15587 = ORIENTED_EDGE('',*,*,#15574,.T.);
#15588 = ORIENTED_EDGE('',*,*,#15584,.T.);
#15589 = EDGE_LOOP('',(#15585,#15586,#15587,#15588));
#15590 = CARTESIAN_POINT('',(122.96074,25.90836,0.00000));
#15591 = DIRECTION('',(0.000000,0.000000,1.000000));
#15592 = DIRECTION('',(1.000000,0.000000,0.000000));
#15593 = AXIS2_PLACEMENT_3D('',#15590,#15591,#15592);
#15594 = CYLINDRICAL_SURFACE('',#15593,1.60000);
#15595 = FACE_OUTER_BOUND('',#15589,.T.);
#15596 = ADVANCED_FACE('',(#15595),#15594,.F.);
#15597 = CARTESIAN_POINT('',(121.36074,25.90836,0.00000));
#15598 = VERTEX_POINT('',#15597);
#15599 = CARTESIAN_POINT('',(124.56074,25.90836,0.00000));
#15600 = VERTEX_POINT('',#15599);
#15601 = CARTESIAN_POINT('',(121.36074,25.90836,1.50000));
#15602 = VERTEX_POINT('',#15601);
#15603 = CARTESIAN_POINT('',(124.56074,25.90836,1.50000));
#15604 = VERTEX_POINT('',#15603);
#15605 = CARTESIAN_POINT('',(122.96074,25.90836,0.00000));
#15606 = DIRECTION('',(0.000000,0.000000,-1.000000));
#15607 = DIRECTION('',(1.000000,0.000000,0.000000));
#15608 = AXIS2_PLACEMENT_3D('',#15605,#15606,#15607);
#15609 = CIRCLE('',#15608,1.60000);
#15610 = CARTESIAN_POINT('',(122.96074,25.90836,1.50000));
#15611 = DIRECTION('',(0.000000,0.000000,1.000000));
#15612 = DIRECTION('',(1.000000,0.000000,0.000000));
#15613 = AXIS2_PLACEMENT_3D('',#15610,#15611,#15612);
#15614 = CIRCLE('',#15613,1.60000);
#15615 = EDGE_CURVE('',#15598,#15600,#15609,.T.);
#15616 = EDGE_CURVE('',#15604,#15602,#15614,.T.);
#15617 = CARTESIAN_POINT('',(121.36074,25.90836,0.00000));
#15618 = DIRECTION('',(0.000000,0.000000,1.000000));
#15619 = VECTOR('',#15618,1.50000);
#15620 = LINE('',#15617,#15619);
#15621 = EDGE_CURVE('',#15598,#15602,#15620,.T.);
#15622 = CARTESIAN_POINT('',(124.56074,25.90836,1.50000));
#15623 = DIRECTION('',(0.000000,0.000000,-1.000000));
#15624 = VECTOR('',#15623,1.50000);
#15625 = LINE('',#15622,#15624);
#15626 = EDGE_CURVE('',#15604,#15600,#15625,.T.);
#15627 = ORIENTED_EDGE('',*,*,#15615,.T.);
#15628 = ORIENTED_EDGE('',*,*,#15621,.T.);
#15629 = ORIENTED_EDGE('',*,*,#15616,.T.);
#15630 = ORIENTED_EDGE('',*,*,#15626,.T.);
#15631 = EDGE_LOOP('',(#15627,#15628,#15629,#15630));
#15632 = CARTESIAN_POINT('',(122.96074,25.90836,0.00000));
#15633 = DIRECTION('',(0.000000,0.000000,1.000000));
#15634 = DIRECTION('',(1.000000,0.000000,0.000000));
#15635 = AXIS2_PLACEMENT_3D('',#15632,#15633,#15634);
#15636 = CYLINDRICAL_SURFACE('',#15635,1.60000);
#15637 = FACE_OUTER_BOUND('',#15631,.T.);
#15638 = ADVANCED_FACE('',(#15637),#15636,.F.);
#15639 = CARTESIAN_POINT('',(31.31184,66.77696,0.00000));
#15640 = VERTEX_POINT('',#15639);
#15641 = CARTESIAN_POINT('',(28.11184,66.77696,0.00000));
#15642 = VERTEX_POINT('',#15641);
#15643 = CARTESIAN_POINT('',(31.31184,66.77696,1.50000));
#15644 = VERTEX_POINT('',#15643);
#15645 = CARTESIAN_POINT('',(28.11184,66.77696,1.50000));
#15646 = VERTEX_POINT('',#15645);
#15647 = CARTESIAN_POINT('',(29.71184,66.77696,0.00000));
#15648 = DIRECTION('',(0.000000,0.000000,-1.000000));
#15649 = DIRECTION('',(1.000000,0.000000,0.000000));
#15650 = AXIS2_PLACEMENT_3D('',#15647,#15648,#15649);
#15651 = CIRCLE('',#15650,1.60000);
#15652 = CARTESIAN_POINT('',(29.71184,66.77696,1.50000));
#15653 = DIRECTION('',(0.000000,0.000000,1.000000));
#15654 = DIRECTION('',(1.000000,0.000000,0.000000));
#15655 = AXIS2_PLACEMENT_3D('',#15652,#15653,#15654);
#15656 = CIRCLE('',#15655,1.60000);
#15657 = EDGE_CURVE('',#15640,#15642,#15651,.T.);
#15658 = EDGE_CURVE('',#15646,#15644,#15656,.T.);
#15659 = CARTESIAN_POINT('',(31.31184,66.77696,0.00000));
#15660 = DIRECTION('',(0.000000,0.000000,1.000000));
#15661 = VECTOR('',#15660,1.50000);
#15662 = LINE('',#15659,#15661);
#15663 = EDGE_CURVE('',#15640,#15644,#15662,.T.);
#15664 = CARTESIAN_POINT('',(28.11184,66.77696,1.50000));
#15665 = DIRECTION('',(0.000000,0.000000,-1.000000));
#15666 = VECTOR('',#15665,1.50000);
#15667 = LINE('',#15664,#15666);
#15668 = EDGE_CURVE('',#15646,#15642,#15667,.T.);
#15669 = ORIENTED_EDGE('',*,*,#15657,.T.);
#15670 = ORIENTED_EDGE('',*,*,#15663,.T.);
#15671 = ORIENTED_EDGE('',*,*,#15658,.T.);
#15672 = ORIENTED_EDGE('',*,*,#15668,.T.);
#15673 = EDGE_LOOP('',(#15669,#15670,#15671,#15672));
#15674 = CARTESIAN_POINT('',(29.71184,66.77696,0.00000));
#15675 = DIRECTION('',(0.000000,0.000000,1.000000));
#15676 = DIRECTION('',(1.000000,0.000000,0.000000));
#15677 = AXIS2_PLACEMENT_3D('',#15674,#15675,#15676);
#15678 = CYLINDRICAL_SURFACE('',#15677,1.60000);
#15679 = FACE_OUTER_BOUND('',#15673,.T.);
#15680 = ADVANCED_FACE('',(#15679),#15678,.F.);
#15681 = CARTESIAN_POINT('',(28.11184,66.77696,0.00000));
#15682 = VERTEX_POINT('',#15681);
#15683 = CARTESIAN_POINT('',(31.31184,66.77696,0.00000));
#15684 = VERTEX_POINT('',#15683);
#15685 = CARTESIAN_POINT('',(28.11184,66.77696,1.50000));
#15686 = VERTEX_POINT('',#15685);
#15687 = CARTESIAN_POINT('',(31.31184,66.77696,1.50000));
#15688 = VERTEX_POINT('',#15687);
#15689 = CARTESIAN_POINT('',(29.71184,66.77696,0.00000));
#15690 = DIRECTION('',(0.000000,0.000000,-1.000000));
#15691 = DIRECTION('',(1.000000,0.000000,0.000000));
#15692 = AXIS2_PLACEMENT_3D('',#15689,#15690,#15691);
#15693 = CIRCLE('',#15692,1.60000);
#15694 = CARTESIAN_POINT('',(29.71184,66.77696,1.50000));
#15695 = DIRECTION('',(0.000000,0.000000,1.000000));
#15696 = DIRECTION('',(1.000000,0.000000,0.000000));
#15697 = AXIS2_PLACEMENT_3D('',#15694,#15695,#15696);
#15698 = CIRCLE('',#15697,1.60000);
#15699 = EDGE_CURVE('',#15682,#15684,#15693,.T.);
#15700 = EDGE_CURVE('',#15688,#15686,#15698,.T.);
#15701 = CARTESIAN_POINT('',(28.11184,66.77696,0.00000));
#15702 = DIRECTION('',(0.000000,0.000000,1.000000));
#15703 = VECTOR('',#15702,1.50000);
#15704 = LINE('',#15701,#15703);
#15705 = EDGE_CURVE('',#15682,#15686,#15704,.T.);
#15706 = CARTESIAN_POINT('',(31.31184,66.77696,1.50000));
#15707 = DIRECTION('',(0.000000,0.000000,-1.000000));
#15708 = VECTOR('',#15707,1.50000);
#15709 = LINE('',#15706,#15708);
#15710 = EDGE_CURVE('',#15688,#15684,#15709,.T.);
#15711 = ORIENTED_EDGE('',*,*,#15699,.T.);
#15712 = ORIENTED_EDGE('',*,*,#15705,.T.);
#15713 = ORIENTED_EDGE('',*,*,#15700,.T.);
#15714 = ORIENTED_EDGE('',*,*,#15710,.T.);
#15715 = EDGE_LOOP('',(#15711,#15712,#15713,#15714));
#15716 = CARTESIAN_POINT('',(29.71184,66.77696,0.00000));
#15717 = DIRECTION('',(0.000000,0.000000,1.000000));
#15718 = DIRECTION('',(1.000000,0.000000,0.000000));
#15719 = AXIS2_PLACEMENT_3D('',#15716,#15717,#15718);
#15720 = CYLINDRICAL_SURFACE('',#15719,1.60000);
#15721 = FACE_OUTER_BOUND('',#15715,.T.);
#15722 = ADVANCED_FACE('',(#15721),#15720,.F.);
#15723 = CARTESIAN_POINT('',(124.84014,43.73916,0.00000));
#15724 = VERTEX_POINT('',#15723);
#15725 = CARTESIAN_POINT('',(121.64014,43.73916,0.00000));
#15726 = VERTEX_POINT('',#15725);
#15727 = CARTESIAN_POINT('',(124.84014,43.73916,1.50000));
#15728 = VERTEX_POINT('',#15727);
#15729 = CARTESIAN_POINT('',(121.64014,43.73916,1.50000));
#15730 = VERTEX_POINT('',#15729);
#15731 = CARTESIAN_POINT('',(123.24014,43.73916,0.00000));
#15732 = DIRECTION('',(0.000000,0.000000,-1.000000));
#15733 = DIRECTION('',(1.000000,0.000000,0.000000));
#15734 = AXIS2_PLACEMENT_3D('',#15731,#15732,#15733);
#15735 = CIRCLE('',#15734,1.60000);
#15736 = CARTESIAN_POINT('',(123.24014,43.73916,1.50000));
#15737 = DIRECTION('',(0.000000,0.000000,1.000000));
#15738 = DIRECTION('',(1.000000,0.000000,0.000000));
#15739 = AXIS2_PLACEMENT_3D('',#15736,#15737,#15738);
#15740 = CIRCLE('',#15739,1.60000);
#15741 = EDGE_CURVE('',#15724,#15726,#15735,.T.);
#15742 = EDGE_CURVE('',#15730,#15728,#15740,.T.);
#15743 = CARTESIAN_POINT('',(124.84014,43.73916,0.00000));
#15744 = DIRECTION('',(0.000000,0.000000,1.000000));
#15745 = VECTOR('',#15744,1.50000);
#15746 = LINE('',#15743,#15745);
#15747 = EDGE_CURVE('',#15724,#15728,#15746,.T.);
#15748 = CARTESIAN_POINT('',(121.64014,43.73916,1.50000));
#15749 = DIRECTION('',(0.000000,0.000000,-1.000000));
#15750 = VECTOR('',#15749,1.50000);
#15751 = LINE('',#15748,#15750);
#15752 = EDGE_CURVE('',#15730,#15726,#15751,.T.);
#15753 = ORIENTED_EDGE('',*,*,#15741,.T.);
#15754 = ORIENTED_EDGE('',*,*,#15747,.T.);
#15755 = ORIENTED_EDGE('',*,*,#15742,.T.);
#15756 = ORIENTED_EDGE('',*,*,#15752,.T.);
#15757 = EDGE_LOOP('',(#15753,#15754,#15755,#15756));
#15758 = CARTESIAN_POINT('',(123.24014,43.73916,0.00000));
#15759 = DIRECTION('',(0.000000,0.000000,1.000000));
#15760 = DIRECTION('',(1.000000,0.000000,0.000000));
#15761 = AXIS2_PLACEMENT_3D('',#15758,#15759,#15760);
#15762 = CYLINDRICAL_SURFACE('',#15761,1.60000);
#15763 = FACE_OUTER_BOUND('',#15757,.T.);
#15764 = ADVANCED_FACE('',(#15763),#15762,.F.);
#15765 = CARTESIAN_POINT('',(121.64014,43.73916,0.00000));
#15766 = VERTEX_POINT('',#15765);
#15767 = CARTESIAN_POINT('',(124.84014,43.73916,0.00000));
#15768 = VERTEX_POINT('',#15767);
#15769 = CARTESIAN_POINT('',(121.64014,43.73916,1.50000));
#15770 = VERTEX_POINT('',#15769);
#15771 = CARTESIAN_POINT('',(124.84014,43.73916,1.50000));
#15772 = VERTEX_POINT('',#15771);
#15773 = CARTESIAN_POINT('',(123.24014,43.73916,0.00000));
#15774 = DIRECTION('',(0.000000,0.000000,-1.000000));
#15775 = DIRECTION('',(1.000000,0.000000,0.000000));
#15776 = AXIS2_PLACEMENT_3D('',#15773,#15774,#15775);
#15777 = CIRCLE('',#15776,1.60000);
#15778 = CARTESIAN_POINT('',(123.24014,43.73916,1.50000));
#15779 = DIRECTION('',(0.000000,0.000000,1.000000));
#15780 = DIRECTION('',(1.000000,0.000000,0.000000));
#15781 = AXIS2_PLACEMENT_3D('',#15778,#15779,#15780);
#15782 = CIRCLE('',#15781,1.60000);
#15783 = EDGE_CURVE('',#15766,#15768,#15777,.T.);
#15784 = EDGE_CURVE('',#15772,#15770,#15782,.T.);
#15785 = CARTESIAN_POINT('',(121.64014,43.73916,0.00000));
#15786 = DIRECTION('',(0.000000,0.000000,1.000000));
#15787 = VECTOR('',#15786,1.50000);
#15788 = LINE('',#15785,#15787);
#15789 = EDGE_CURVE('',#15766,#15770,#15788,.T.);
#15790 = CARTESIAN_POINT('',(124.84014,43.73916,1.50000));
#15791 = DIRECTION('',(0.000000,0.000000,-1.000000));
#15792 = VECTOR('',#15791,1.50000);
#15793 = LINE('',#15790,#15792);
#15794 = EDGE_CURVE('',#15772,#15768,#15793,.T.);
#15795 = ORIENTED_EDGE('',*,*,#15783,.T.);
#15796 = ORIENTED_EDGE('',*,*,#15789,.T.);
#15797 = ORIENTED_EDGE('',*,*,#15784,.T.);
#15798 = ORIENTED_EDGE('',*,*,#15794,.T.);
#15799 = EDGE_LOOP('',(#15795,#15796,#15797,#15798));
#15800 = CARTESIAN_POINT('',(123.24014,43.73916,0.00000));
#15801 = DIRECTION('',(0.000000,0.000000,1.000000));
#15802 = DIRECTION('',(1.000000,0.000000,0.000000));
#15803 = AXIS2_PLACEMENT_3D('',#15800,#15801,#15802);
#15804 = CYLINDRICAL_SURFACE('',#15803,1.60000);
#15805 = FACE_OUTER_BOUND('',#15799,.T.);
#15806 = ADVANCED_FACE('',(#15805),#15804,.F.);
#15807 = CARTESIAN_POINT('',(81.19744,67.65896,0.00000));
#15808 = VERTEX_POINT('',#15807);
#15809 = CARTESIAN_POINT('',(77.99744,67.65896,0.00000));
#15810 = VERTEX_POINT('',#15809);
#15811 = CARTESIAN_POINT('',(81.19744,67.65896,1.50000));
#15812 = VERTEX_POINT('',#15811);
#15813 = CARTESIAN_POINT('',(77.99744,67.65896,1.50000));
#15814 = VERTEX_POINT('',#15813);
#15815 = CARTESIAN_POINT('',(79.59744,67.65896,0.00000));
#15816 = DIRECTION('',(0.000000,0.000000,-1.000000));
#15817 = DIRECTION('',(1.000000,0.000000,0.000000));
#15818 = AXIS2_PLACEMENT_3D('',#15815,#15816,#15817);
#15819 = CIRCLE('',#15818,1.60000);
#15820 = CARTESIAN_POINT('',(79.59744,67.65896,1.50000));
#15821 = DIRECTION('',(0.000000,0.000000,1.000000));
#15822 = DIRECTION('',(1.000000,0.000000,0.000000));
#15823 = AXIS2_PLACEMENT_3D('',#15820,#15821,#15822);
#15824 = CIRCLE('',#15823,1.60000);
#15825 = EDGE_CURVE('',#15808,#15810,#15819,.T.);
#15826 = EDGE_CURVE('',#15814,#15812,#15824,.T.);
#15827 = CARTESIAN_POINT('',(81.19744,67.65896,0.00000));
#15828 = DIRECTION('',(0.000000,0.000000,1.000000));
#15829 = VECTOR('',#15828,1.50000);
#15830 = LINE('',#15827,#15829);
#15831 = EDGE_CURVE('',#15808,#15812,#15830,.T.);
#15832 = CARTESIAN_POINT('',(77.99744,67.65896,1.50000));
#15833 = DIRECTION('',(0.000000,0.000000,-1.000000));
#15834 = VECTOR('',#15833,1.50000);
#15835 = LINE('',#15832,#15834);
#15836 = EDGE_CURVE('',#15814,#15810,#15835,.T.);
#15837 = ORIENTED_EDGE('',*,*,#15825,.T.);
#15838 = ORIENTED_EDGE('',*,*,#15831,.T.);
#15839 = ORIENTED_EDGE('',*,*,#15826,.T.);
#15840 = ORIENTED_EDGE('',*,*,#15836,.T.);
#15841 = EDGE_LOOP('',(#15837,#15838,#15839,#15840));
#15842 = CARTESIAN_POINT('',(79.59744,67.65896,0.00000));
#15843 = DIRECTION('',(0.000000,0.000000,1.000000));
#15844 = DIRECTION('',(1.000000,0.000000,0.000000));
#15845 = AXIS2_PLACEMENT_3D('',#15842,#15843,#15844);
#15846 = CYLINDRICAL_SURFACE('',#15845,1.60000);
#15847 = FACE_OUTER_BOUND('',#15841,.T.);
#15848 = ADVANCED_FACE('',(#15847),#15846,.F.);
#15849 = CARTESIAN_POINT('',(77.99744,67.65896,0.00000));
#15850 = VERTEX_POINT('',#15849);
#15851 = CARTESIAN_POINT('',(81.19744,67.65896,0.00000));
#15852 = VERTEX_POINT('',#15851);
#15853 = CARTESIAN_POINT('',(77.99744,67.65896,1.50000));
#15854 = VERTEX_POINT('',#15853);
#15855 = CARTESIAN_POINT('',(81.19744,67.65896,1.50000));
#15856 = VERTEX_POINT('',#15855);
#15857 = CARTESIAN_POINT('',(79.59744,67.65896,0.00000));
#15858 = DIRECTION('',(0.000000,0.000000,-1.000000));
#15859 = DIRECTION('',(1.000000,0.000000,0.000000));
#15860 = AXIS2_PLACEMENT_3D('',#15857,#15858,#15859);
#15861 = CIRCLE('',#15860,1.60000);
#15862 = CARTESIAN_POINT('',(79.59744,67.65896,1.50000));
#15863 = DIRECTION('',(0.000000,0.000000,1.000000));
#15864 = DIRECTION('',(1.000000,0.000000,0.000000));
#15865 = AXIS2_PLACEMENT_3D('',#15862,#15863,#15864);
#15866 = CIRCLE('',#15865,1.60000);
#15867 = EDGE_CURVE('',#15850,#15852,#15861,.T.);
#15868 = EDGE_CURVE('',#15856,#15854,#15866,.T.);
#15869 = CARTESIAN_POINT('',(77.99744,67.65896,0.00000));
#15870 = DIRECTION('',(0.000000,0.000000,1.000000));
#15871 = VECTOR('',#15870,1.50000);
#15872 = LINE('',#15869,#15871);
#15873 = EDGE_CURVE('',#15850,#15854,#15872,.T.);
#15874 = CARTESIAN_POINT('',(81.19744,67.65896,1.50000));
#15875 = DIRECTION('',(0.000000,0.000000,-1.000000));
#15876 = VECTOR('',#15875,1.50000);
#15877 = LINE('',#15874,#15876);
#15878 = EDGE_CURVE('',#15856,#15852,#15877,.T.);
#15879 = ORIENTED_EDGE('',*,*,#15867,.T.);
#15880 = ORIENTED_EDGE('',*,*,#15873,.T.);
#15881 = ORIENTED_EDGE('',*,*,#15868,.T.);
#15882 = ORIENTED_EDGE('',*,*,#15878,.T.);
#15883 = EDGE_LOOP('',(#15879,#15880,#15881,#15882));
#15884 = CARTESIAN_POINT('',(79.59744,67.65896,0.00000));
#15885 = DIRECTION('',(0.000000,0.000000,1.000000));
#15886 = DIRECTION('',(1.000000,0.000000,0.000000));
#15887 = AXIS2_PLACEMENT_3D('',#15884,#15885,#15886);
#15888 = CYLINDRICAL_SURFACE('',#15887,1.60000);
#15889 = FACE_OUTER_BOUND('',#15883,.T.);
#15890 = ADVANCED_FACE('',(#15889),#15888,.F.);
#15891 = CARTESIAN_POINT('',(67.23294,22.12376,0.00000));
#15892 = VERTEX_POINT('',#15891);
#15893 = CARTESIAN_POINT('',(64.03294,22.12376,0.00000));
#15894 = VERTEX_POINT('',#15893);
#15895 = CARTESIAN_POINT('',(67.23294,22.12376,1.50000));
#15896 = VERTEX_POINT('',#15895);
#15897 = CARTESIAN_POINT('',(64.03294,22.12376,1.50000));
#15898 = VERTEX_POINT('',#15897);
#15899 = CARTESIAN_POINT('',(65.63294,22.12376,0.00000));
#15900 = DIRECTION('',(0.000000,0.000000,-1.000000));
#15901 = DIRECTION('',(1.000000,0.000000,0.000000));
#15902 = AXIS2_PLACEMENT_3D('',#15899,#15900,#15901);
#15903 = CIRCLE('',#15902,1.60000);
#15904 = CARTESIAN_POINT('',(65.63294,22.12376,1.50000));
#15905 = DIRECTION('',(0.000000,0.000000,1.000000));
#15906 = DIRECTION('',(1.000000,0.000000,0.000000));
#15907 = AXIS2_PLACEMENT_3D('',#15904,#15905,#15906);
#15908 = CIRCLE('',#15907,1.60000);
#15909 = EDGE_CURVE('',#15892,#15894,#15903,.T.);
#15910 = EDGE_CURVE('',#15898,#15896,#15908,.T.);
#15911 = CARTESIAN_POINT('',(67.23294,22.12376,0.00000));
#15912 = DIRECTION('',(0.000000,0.000000,1.000000));
#15913 = VECTOR('',#15912,1.50000);
#15914 = LINE('',#15911,#15913);
#15915 = EDGE_CURVE('',#15892,#15896,#15914,.T.);
#15916 = CARTESIAN_POINT('',(64.03294,22.12376,1.50000));
#15917 = DIRECTION('',(0.000000,0.000000,-1.000000));
#15918 = VECTOR('',#15917,1.50000);
#15919 = LINE('',#15916,#15918);
#15920 = EDGE_CURVE('',#15898,#15894,#15919,.T.);
#15921 = ORIENTED_EDGE('',*,*,#15909,.T.);
#15922 = ORIENTED_EDGE('',*,*,#15915,.T.);
#15923 = ORIENTED_EDGE('',*,*,#15910,.T.);
#15924 = ORIENTED_EDGE('',*,*,#15920,.T.);
#15925 = EDGE_LOOP('',(#15921,#15922,#15923,#15924));
#15926 = CARTESIAN_POINT('',(65.63294,22.12376,0.00000));
#15927 = DIRECTION('',(0.000000,0.000000,1.000000));
#15928 = DIRECTION('',(1.000000,0.000000,0.000000));
#15929 = AXIS2_PLACEMENT_3D('',#15926,#15927,#15928);
#15930 = CYLINDRICAL_SURFACE('',#15929,1.60000);
#15931 = FACE_OUTER_BOUND('',#15925,.T.);
#15932 = ADVANCED_FACE('',(#15931),#15930,.F.);
#15933 = CARTESIAN_POINT('',(64.03294,22.12376,0.00000));
#15934 = VERTEX_POINT('',#15933);
#15935 = CARTESIAN_POINT('',(67.23294,22.12376,0.00000));
#15936 = VERTEX_POINT('',#15935);
#15937 = CARTESIAN_POINT('',(64.03294,22.12376,1.50000));
#15938 = VERTEX_POINT('',#15937);
#15939 = CARTESIAN_POINT('',(67.23294,22.12376,1.50000));
#15940 = VERTEX_POINT('',#15939);
#15941 = CARTESIAN_POINT('',(65.63294,22.12376,0.00000));
#15942 = DIRECTION('',(0.000000,0.000000,-1.000000));
#15943 = DIRECTION('',(1.000000,0.000000,0.000000));
#15944 = AXIS2_PLACEMENT_3D('',#15941,#15942,#15943);
#15945 = CIRCLE('',#15944,1.60000);
#15946 = CARTESIAN_POINT('',(65.63294,22.12376,1.50000));
#15947 = DIRECTION('',(0.000000,0.000000,1.000000));
#15948 = DIRECTION('',(1.000000,0.000000,0.000000));
#15949 = AXIS2_PLACEMENT_3D('',#15946,#15947,#15948);
#15950 = CIRCLE('',#15949,1.60000);
#15951 = EDGE_CURVE('',#15934,#15936,#15945,.T.);
#15952 = EDGE_CURVE('',#15940,#15938,#15950,.T.);
#15953 = CARTESIAN_POINT('',(64.03294,22.12376,0.00000));
#15954 = DIRECTION('',(0.000000,0.000000,1.000000));
#15955 = VECTOR('',#15954,1.50000);
#15956 = LINE('',#15953,#15955);
#15957 = EDGE_CURVE('',#15934,#15938,#15956,.T.);
#15958 = CARTESIAN_POINT('',(67.23294,22.12376,1.50000));
#15959 = DIRECTION('',(0.000000,0.000000,-1.000000));
#15960 = VECTOR('',#15959,1.50000);
#15961 = LINE('',#15958,#15960);
#15962 = EDGE_CURVE('',#15940,#15936,#15961,.T.);
#15963 = ORIENTED_EDGE('',*,*,#15951,.T.);
#15964 = ORIENTED_EDGE('',*,*,#15957,.T.);
#15965 = ORIENTED_EDGE('',*,*,#15952,.T.);
#15966 = ORIENTED_EDGE('',*,*,#15962,.T.);
#15967 = EDGE_LOOP('',(#15963,#15964,#15965,#15966));
#15968 = CARTESIAN_POINT('',(65.63294,22.12376,0.00000));
#15969 = DIRECTION('',(0.000000,0.000000,1.000000));
#15970 = DIRECTION('',(1.000000,0.000000,0.000000));
#15971 = AXIS2_PLACEMENT_3D('',#15968,#15969,#15970);
#15972 = CYLINDRICAL_SURFACE('',#15971,1.60000);
#15973 = FACE_OUTER_BOUND('',#15967,.T.);
#15974 = ADVANCED_FACE('',(#15973),#15972,.F.);
#15975 = CLOSED_SHELL('',(#2297,#4594,#4634,#4674,#4714,#4754,#4794,#4834,#4874,#4914,#4954,#4994,#5034,#5074,#5114,#5154,#5194,#5234,#5274,#5314,#5354,#5394,#5434,#5474,#5514,#5554,#5594,#5634,#5674,#5714,#5754,#5794,#5834,#5874,#5914,#5954,#5994,#6034,#6074,#6114,#6154,#6194,#6234,#6274,#6314,#6354,#6394,#6434,#6474,#6514,#6554,#6594,#6634,#6674,#6714,#6754,#6794,#6834,#6874,#6914,#6954,#6994,#7034,#7074,#7114,#7154,#7194,#7234,#7274,#7314,#7354,#7394,#7434,#7474,#7514,#7554,#7594,#7634,#7674,#7714,#7754,#7794,#7834,#7874,#7914,#7954,#7994,#8034,#8074,#8114,#8154,#8194,#8234,#8274,#8314,#8354,#8394,#8434,#8474,#8514,#8554,#8594,#8634,#8674,#8714,#8754,#8794,#8834,#8874,#8914,#8954,#8994,#9034,#9074,#9114,#9154,#9194,#9234,#9274,#9314,#9354,#9394,#9434,#9474,#9514,#9554,#9594,#9634,#9674,#9714,#9754,#9794,#9834,#9874,#9914,#9954,#9994,#10034,#10074,#10114,#10154,#10194,#10234,#10274,#10314,#10354,#10394,#10434,#10474,#10514,#10554,#10594,#10634,#10674,#10714,#10754,#10794,#10834,#10874,#10914,#10954,#10994,#11034,#11074,#11114,#11154,#11194,#11234,#11274,#11314,#11354,#11394,#11434,#11474,#11514,#11554,#11594,#11634,#11674,#11714,#11754,#11794,#11834,#11874,#11914,#11954,#11994,#12034,#12074,#12114,#12154,#12194,#12234,#12274,#12314,#12354,#12394,#12434,#12474,#12514,#12554,#12594,#12634,#12674,#12714,#12754,#12794,#12834,#12874,#12914,#12954,#12994,#13034,#13074,#13114,#13154,#13194,#13234,#13274,#13314,#13354,#13394,#13434,#13474,#13514,#13554,#13594,#13634,#13674,#13714,#13754,#13794,#13834,#13874,#13914,#13954,#13994,#14034,#14074,#14114,#14154,#14194,#14234,#14274,#14314,#14354,#14394,#14434,#14474,#14514,#14554,#14594,#14634,#14674,#14714,#14754,#14794,#14834,#14874,#14914,#14954,#14994,#15034,#15074,#15114,#15154,#15194,#15234,#15274,#15314,#15354,#15394,#15434,#15474,#15514,#15554,#15596,#15638,#15680,#15722,#15764,#15806,#15848,#15890,#15932,#15974));
#15976 = MANIFOLD_SOLID_BREP('',#15975);
#90001 = (NAMED_UNIT(*) SI_UNIT(.MILLI.,.METRE.) LENGTH_UNIT());
#90002 = (NAMED_UNIT(*) SI_UNIT($,.RADIAN.) NAMED_UNIT(*) PLANE_ANGLE_UNIT());
#90003 = (NAMED_UNIT(*) SI_UNIT($,.STERADIAN.) NAMED_UNIT(*) SOLID_ANGLE_UNIT());
#90004 = UNCERTAINTY_MEASURE_WITH_UNIT(LENGTH_MEASURE(1.E-05),#90001,'distance_accuracy_value','NONE');
#90005 = ( GEOMETRIC_REPRESENTATION_CONTEXT(3) GLOBAL_UNCERTAINTY_ASSIGNED_CONTEXT((#90004)) GLOBAL_UNIT_ASSIGNED_CONTEXT((#90001,#90002,#90003)) REPRESENTATION_CONTEXT('Context #1','3D Context with UNIT and UNCERTAINTY') );
#90006 = CARTESIAN_POINT('',(0.0,0.0,0.0));#90007 = DIRECTION('',(0.0,0.0,1.0));#90008 = DIRECTION('',(1.0,0.0,0.0));
#90009 = AXIS2_PLACEMENT_3D('',#90006,#90007,#90008);
#90010 = ADVANCED_BREP_SHAPE_REPRESENTATION('right_switch_plate',(#15976,#90009),#90005);
#90020 = APPLICATION_CONTEXT('core data for automotive mechanical design processes');
#90021 = APPLICATION_PROTOCOL_DEFINITION('international standard','automotive_design',2000,#90020);
#90030 = PRODUCT_CONTEXT('',#90020,'mechanical');
#90031 = PRODUCT('right_switch_plate','right_switch_plate','',(#90030));
#90032 = PRODUCT_DEFINITION_FORMATION('','',#90031);
#90033 = PRODUCT_DEFINITION_CONTEXT('part definition',#90020,'design');
#90034 = PRODUCT_DEFINITION('design','',#90032,#90033);
#90035 = PRODUCT_DEFINITION_SHAPE('','',#90034);
#90036 = SHAPE_DEFINITION_REPRESENTATION(#90035,#90010);
#90037 = PRODUCT_RELATED_PRODUCT_CATEGORY('part',$,(#90031));
ENDSEC;
END-ISO-10303-21;
